time,open,high,low,close,volume
2013-01-02,9.36248551309932,9.440182042496275,9.245939607539759,9.346945762634277,236021400
2013-01-03,9.331411138183581,9.36248991274219,9.230404935623994,9.292562484741211,157149700
2013-01-04,9.300332816166495,9.40910816192627,9.269254040095637,9.40910816192627,132601900
2013-01-07,9.440181035036739,9.47902966607732,9.323635882891004,9.393563270568848,201403500
2013-01-08,9.393563066635833,9.401332940870468,9.238169286823098,9.308095932006836,168461100
2013-01-09,9.22263332452593,9.323639508114324,8.803069576299837,8.880766868591309,335692000
2013-01-10,9.020619310693132,9.176013866909797,8.966231660602995,9.152704238891602,199964900
2013-01-11,9.090544289952469,9.106084037822892,8.942920390063255,9.03615665435791,146136700
2013-01-14,9.020622452630368,9.03616221005509,8.841919688104577,8.911847114562988,110032900
2013-01-15,8.841916951142087,9.028389536658768,8.779759422636527,8.97400188446045,126058300
2013-01-16,8.997310423651095,9.160474114897667,8.911844010512858,9.152704238891602,164579300
2013-01-17,9.082776788863816,9.090546664828882,8.678752871370344,8.764219284057617,323622200
2013-01-18,8.748678507692029,8.803066146520209,8.562205968015979,8.655442237854004,179971800
2013-01-22,8.639902960639152,8.826375510493165,8.616594077151412,8.81860637664795,137242700
2013-01-23,8.841918514188759,8.888536298320782,8.725372571906066,8.872997283935547,121638200
2013-01-24,8.896308023768151,9.067241663366627,8.872999126860874,8.958465576171875,127870800
2013-01-25,9.082779504135933,9.106089138999486,8.942925399836499,9.02839183807373,100171600
2013-01-28,9.043928674052102,9.067237560412034,8.880764987580312,8.919612884521484,91304200
2013-01-29,8.872998613909544,8.997313711530289,8.857458856218736,8.927386283874512,96824100
2013-01-30,8.927381529469027,8.96623016203022,8.818606247468933,8.841915130615234,89130200
2013-01-31,8.79529857635498,8.82637734110981,8.717602034956007,8.79529857635498,97024700
2013-02-01,8.865223250943776,9.113853292380105,8.834144495764235,9.09831428527832,161141300
2013-02-04,8.997310160356104,9.082776570993275,8.904073873940243,8.919612884521484,139733000
2013-02-05,9.005080763840486,9.308098533935034,8.98177187559695,9.230401992797852,187785900
2013-02-06,9.113855363883102,9.300328678320144,9.113855363883102,9.26924991607666,173626800
2013-02-07,9.300326936773152,9.308096070147096,9.11385365725445,9.199320793151855,173209900
2013-02-08,9.214861605366378,9.245940367876129,9.10608630707033,9.137165069580078,145321100
2013-02-11,9.11385664673352,9.245941590104405,9.06723886729453,9.214862823486328,103510800
2013-02-12,9.222630890659756,9.587806882497103,9.152703494246637,9.517879486083984,232173900
2013-02-13,9.595579549703505,9.649967211192859,9.36248840750064,9.455724716186523,192742500
2013-02-14,9.393562853933078,9.533417623085741,9.378023105815682,9.424641609191895,144104800
2013-02-15,9.486800552915318,9.486800552915318,9.300327993191322,9.346945762634277,158242700
2013-02-19,9.401337208571363,9.564500936686281,9.370258438500727,9.471263885498047,170783400
2013-02-20,9.463493977654966,9.54896040314158,9.129396670884656,9.168245315551758,193466400
2013-02-21,9.113857564229072,9.113857564229072,8.818609622122748,8.872997283935547,235532400
2013-02-22,9.028388383994308,9.043928134624814,8.748679541430029,8.888533592224121,179268200
2013-02-25,9.012847093838666,9.020616226212018,8.531125319847286,8.569973945617676,206893900
2013-02-26,8.639905636993081,8.717602927321632,8.569978223892639,8.647675514221191,173039600
2013-02-27,8.671002265688664,8.83431265751513,8.632119439440473,8.787652969360352,147145400
2013-02-28,8.810985351234319,8.84209206617785,8.709888342257196,8.7332181930542,143546700
2013-03-01,8.655452329929894,8.982073228541786,8.569909043776352,8.81876277923584,189050700
2013-03-04,8.764326323044328,8.90430618022423,8.725442740966662,8.873199462890625,116436000
2013-03-05,8.989849694499071,9.106499692411793,8.966519101602447,8.982072830200195,135869700
2013-03-06,9.153157846820045,9.347574955801177,9.14538098446662,9.269807815551758,182557500
2013-03-07,9.332023807319832,9.549770821830693,9.316470078319174,9.534217834472656,212403800
2013-03-08,9.658643645235417,9.674196630895153,9.34757651561533,9.386459350585938,209777100
2013-03-11,9.394234786940226,9.503108636586965,9.347575095407642,9.448671340942383,106427800
2013-03-12,9.417564371242195,9.472001665375409,9.262030834381024,9.339797973632812,128134700
2013-03-13,9.363128411044427,9.417564966978786,9.316467976213227,9.378682136535645,86216800
2013-03-14,9.425345072208096,9.47978164686959,9.40979208300883,9.41756820678711,115440000
2013-03-15,9.736407666732882,9.845280756259466,9.604203993757203,9.775290489196777,319019100
2013-03-18,9.557550896047537,9.860842038631173,9.534221036354294,9.767521858215332,189783300
2013-03-19,9.946380138530635,10.063030117497526,9.790846586027289,9.884166717529297,242939600
2013-03-20,9.946383127579892,10.0241502980231,9.884169687882407,9.938606262207031,219121700
2013-03-21,9.88416432036566,9.985261290384845,9.75973750853968,9.775290489196777,154529400
2013-03-22,9.814181577601818,9.853065171519136,9.705307662961904,9.767521858215332,101974400
2013-03-25,9.860837012731135,9.891943723681857,9.58087587253215,9.643089294433594,154320200
2013-03-26,9.681972144946874,9.720855716139921,9.44867145943103,9.549768447875977,135654700
2013-03-27,9.44089759111991,9.549770726466825,9.425343862274572,9.510887145996094,107177200
2013-03-28,9.518663638193752,9.549770353025394,9.417566629580266,9.472003936767578,92013900
2013-04-01,9.448671340942383,9.54976832811955,9.409788511879372,9.448671340942383,86281600
2013-04-02,9.518661619883686,9.526438482353257,9.440895220115236,9.448671340942383,102626000
2013-04-03,9.425344887937445,9.440898618475334,9.114277693606581,9.1842679977417,199765800
2013-04-04,9.184264097312369,9.324243904492432,9.114273822901147,9.285360336303711,117831400
2013-04-05,9.075391284492145,9.339798688206752,9.05206143758864,9.30869197845459,141061900
2013-04-08,9.332019486198396,9.495329856872559,9.262029221389144,9.495329856872559,101419200
2013-04-09,9.52643871307373,9.604205856368043,9.495332004084494,9.52643871307373,132365800
2013-04-10,9.573098322708592,9.643087855673325,9.534214754411042,9.5808744430542,105853900
2013-04-11,9.573099852454618,9.58865283727352,9.456449128921614,9.541993141174316,100241900
2013-04-12,9.448673947162284,9.526441110023612,9.386460513530276,9.464227676391602,88191700
2013-04-15,9.479779623271051,9.580876627235114,9.30869307038653,9.316469192504883,176504300
2013-04-16,9.495331893191173,9.611981865127879,9.394234904746225,9.549768447875977,147641900
2013-04-17,9.26203483488711,9.347578873341183,8.90430717477363,9.098724365234375,335408600
2013-04-18,9.028732930021016,9.059839646942779,8.733218748442962,8.896529197692871,220290500
2013-04-19,8.989847205157593,9.090943446478423,8.88875022219437,9.06761360168457,119792000
2013-04-22,9.083170169309623,9.137606738083202,8.997626142216712,9.114276885986328,88532300
2013-04-23,9.26980936238904,9.456449640161091,9.254255635086766,9.386459350585938,176816000
2013-04-24,9.440896378394097,9.619759787283996,9.425342651546707,9.573100090026855,120624900
2013-04-25,9.635311510190858,9.751961470715507,9.61198092477204,9.6741943359375,118694600
2013-04-26,9.596430296112265,9.689750435745138,9.55754671918793,9.65864372253418,83093200
2013-04-29,9.681973335057803,9.70530318398437,9.61975991015861,9.62753677368164,65432400
2013-04-30,9.635313514131386,9.643089635912567,9.487556075651238,9.573100090026855,89362100
2013-05-01,9.487556688184611,9.541993994022532,9.394236546002901,9.440896987915039,88417800
2013-05-02,9.464229114542123,9.495335836084994,9.37090894991351,9.479782104492188,76530500
2013-05-03,9.611982585570184,9.650866159677651,9.495332604890269,9.518662452697754,94322600
2013-05-06,9.6353142883212,10.024148591038307,9.61198369617552,10.016371726989746,265062800
2013-05-07,10.047476064810953,10.195232738568878,9.923049236037457,10.031922340393066,218248100
2013-05-08,9.993043261075206,10.249673877094608,9.98526639594912,10.12524700164795,149755400
2013-05-09,10.148575332289411,10.156352196248347,10.008594747598812,10.039701461791992,112952300
2013-05-10,10.063032822281942,10.140799990257443,10.02414997993687,10.12524700164795,87625100
2013-05-13,10.094137191772461,10.187458068280062,10.070807343466813,10.094137191772461,94295600
2013-05-14,10.140799924352034,10.389653673628041,10.125246935843622,10.374100685119629,154128100
2013-05-15,10.335213321973832,10.537407290143049,10.335213321973832,10.451863288879395,139728300
2013-05-16,10.428531044395212,10.537404865661443,10.358540783698508,10.389647483825684,117977000
2013-05-17,10.498528373336999,10.514082104693417,10.412985075804896,10.444091796875,107335600
2013-05-20,10.412979856102336,10.576290245268652,10.412979856102336,10.50629997253418,88941700
2013-05-21,10.521853565679693,10.545184152374727,10.389649874310775,10.451863288879395,111810300
2013-05-22,10.49074791535583,10.677388177866009,10.241894232008923,10.350768089294434,174531500
2013-05-23,10.055255615929642,10.436313066358927,9.969711592040449,10.273002624511719,190522000
2013-05-24,10.241896741826864,10.311887042830206,10.203013158864712,10.296333312988281,83452600
2013-05-28,10.490751047316483,10.50630477799039,10.350771179464804,10.381877899169922,133553000
2013-05-29,10.350769168253604,10.545186314044944,10.319662454592693,10.482972145080566,126397300
2013-05-30,10.49852128762445,10.832918869666893,10.444084747903023,10.755151748657227,153383400
2013-05-31,10.817369602163348,10.879583027926559,10.61517559761164,10.622952461242676,160176100
2013-06-03,10.646278095195122,10.67738479576031,10.272997688412872,10.537405014038086,197168200
2013-06-04,10.506298165534266,10.630724966042969,10.350764664898389,10.389647483825684,130055400
2013-06-05,10.342958402789163,10.467478475850573,10.093918256666345,10.187308311462402,185778900
2013-06-06,10.17952200384367,10.304042032654323,10.000524647977839,10.27291202545166,142361900
2013-06-07,10.374085502030773,10.420780887388908,10.23400008815434,10.41299819946289,121057300
2013-06-10,10.498607824519217,10.545303220038123,10.319610416459366,10.350740432739258,104648500
2013-06-11,10.202871569664671,10.335174314949406,10.171741555609326,10.210654258728027,106369100
2013-06-12,10.304045160687142,10.311827850399904,10.093917733829574,10.163960456848145,117289400
2013-06-13,10.11726317274377,10.319608614326167,10.093915850160572,10.280695915222168,103636400
2013-06-14,10.296263471657936,10.304046162127088,10.140613373265937,10.171743392944336,101380700
2013-06-17,10.249565904378569,10.319608614326167,10.21843589353497,10.280695915222168,115441500
2013-06-18,10.288477023972018,10.381867042165366,10.272911649840848,10.32738971710205,67257600
2013-06-19,10.342956398384462,10.428563746474431,10.24956636168685,10.265130996704102,103850000
2013-06-20,10.179523637654635,10.226219027052185,9.96161355226148,10.031656265258789,185741100
2013-06-21,10.109480628481073,10.117263316852329,9.642530459175926,9.876005172729492,196004700
2013-06-24,9.650309604624933,9.689222292989914,9.440182274970523,9.572484970092773,159762500
2013-06-25,9.81374391836863,9.93826469008527,9.673659256259029,9.86043930053711,132844500
2013-06-26,9.992743844195136,10.000526533012268,9.868223791913262,9.9304838180542,105282000
2013-06-27,9.992744928263875,10.140612320840566,9.946049532493365,10.12504768371582,124616300
2013-06-28,10.09391361715148,10.117260934569709,9.992740918742044,10.008305549621582,90297100
2013-07-01,10.078353602472724,10.19509173602617,10.055006272641327,10.062788963317871,83146300
2013-07-02,10.078350948618565,10.195089051432271,9.9616135880029,10.039438247680664,83708600
2013-07-03,9.977177867680298,9.992743244380248,9.907135156926547,9.984960556030273,37971700
2013-07-05,10.109482371056956,10.179525094075526,10.047222337751148,10.163960456848145,80758500
2013-07-08,10.202874636516587,10.405220159797809,10.179527304506694,10.335177421569824,107441200
2013-07-09,10.405216469372965,10.529736518859863,10.31182643225779,10.529736518859863,106067300
2013-07-10,10.514169701477927,10.529734333334213,10.35851967192564,10.405214309692383,104353400
2013-07-11,10.53751987923371,10.568649893589868,10.374087118314359,10.514172554016113,93756500
2013-07-12,10.537519354019762,10.739864808348477,10.483042017161283,10.724299430847168,123958400
2013-07-15,10.841037679182726,10.848819625838459,10.708734937460472,10.802124977111816,90765200
2013-07-16,10.84103941159406,10.911082138074997,10.716519338827139,10.833256721496582,146041900
2013-07-17,10.942209405426382,11.237944132801859,10.92664402914452,11.136772155761719,249674500
2013-07-18,11.206815295463,11.557028876482152,11.206815295463,11.48698616027832,221796400
2013-07-19,11.486984004328344,11.486984004328344,11.362463973202496,11.479201316833496,136196600
2013-07-22,11.471418200199194,11.665980927104327,11.40137549976168,11.611503601074219,112416800
2013-07-23,11.658198526975745,11.697111221754552,11.564808504825365,11.627068519592285,113736000
2013-07-24,11.673767142555121,11.673767142555121,11.424727014350678,11.448074340820312,117771100
2013-07-25,11.378029209509101,11.557027320395393,11.315769190643774,11.541461944580078,89243300
2013-07-26,11.440290980563194,11.486986372963015,11.378030952162154,11.463638305664062,73777800
2013-07-29,11.401376248539492,11.440288944915665,11.245726205232751,11.300204277038574,88616700
2013-07-30,11.34689891893162,11.385811615307793,11.253508892947577,11.300204277038574,71675200
2013-07-31,11.346897623783523,11.557025714911822,11.339114936957024,11.362462997436523,128182500
2013-08-01,11.557025859369984,11.650415875861722,11.533677798598644,11.63485050201416,108554200
2013-08-02,11.580377759512498,11.603725087322916,11.502552343880215,11.549247741699219,83367400
2013-08-05,11.494770576486232,11.549247922964952,11.440292487809332,11.518117904663086,61711900
2013-08-06,11.471420355561373,11.486985732893352,11.385813006829617,11.393595695495605,84249800
2013-08-07,11.230161608652065,11.339116268223394,11.090076198119839,11.30798625946045,128693600
2013-08-08,11.424728795088951,11.440293434428678,11.237947927624518,11.370250701904297,88544100
2013-08-09,11.331334668749287,11.370246624242904,11.206813887696589,11.245726585388184,72897900
2013-08-12,11.17568214933083,11.261290219450094,11.144552144432332,11.214594841003418,60867500
2013-08-13,11.261290381920444,11.378027716424555,11.152334992104835,11.292420387268066,75777900
2013-08-14,11.323550305501891,11.479200331042556,11.315767618675391,11.362462997436523,78553700
2013-08-15,11.253511471915239,11.261294161413623,11.136774098231964,11.144556045532227,99238900
2013-08-16,11.121206963535702,11.261292383598912,11.058946941773831,11.222379684448242,104959000
2013-08-19,11.183465352541392,11.191248039674875,10.996685314525168,11.012249946594238,98384600
2013-08-20,11.03559705176392,11.191247069957086,10.879946291372924,11.121204376220703,114332500
2013-08-21,11.097862831736306,11.269077569709404,11.051167430890231,11.160122871398926,91680600
2013-08-22,11.261294288253488,11.36246702627766,11.206816203349316,11.339118957519531,76348300
2013-08-23,11.354684336691617,11.43250900595766,11.292424304399532,11.339118957519531,67699200
2013-08-26,11.307987387968272,11.440290123963743,11.276857376098633,11.276857376098633,68938900
2013-08-27,11.097860119391733,11.214597479678693,10.9733400704995,10.981122016906738,122534200
2013-08-28,10.94999035070367,11.090075755646755,10.88773033566184,10.988903045654297,96473600
2013-08-29,11.004471353495687,11.128991416767233,10.988905974487682,11.02781867980957,76691500
2013-08-30,11.074510380787336,11.090075755646755,10.94999035070367,10.988903045654297,73233400
2013-09-03,11.128987229866892,11.19124723807947,11.035597217548027,11.09007453918457,74628700
2013-09-04,11.066714424490522,11.214685648363172,11.066714424490522,11.152381896972656,71132500
2013-09-05,11.222472290809263,11.331504212410952,11.183532265757288,11.191320419311523,71229200
2013-09-06,11.269202843901356,11.29256656676773,11.11344345359326,11.183534622192383,75513100
2013-09-09,11.222471490253294,11.28477522880433,11.191319620977776,11.276987075805664,53447300
2013-09-10,11.308141794046932,11.440536706088308,11.308141794046932,11.378232955932617,93180300
2013-09-11,11.339292618412752,11.432748234986581,11.308140746221477,11.409383773803711,81098900
2013-09-12,11.409382705906403,11.432747164902404,11.261411512527479,11.276987075805664,63355900
2013-09-13,11.261414871724625,11.33150678418223,11.253626716402808,11.284778594970703,56793400
2013-09-16,11.378232205212456,11.432748540041235,11.31592845916748,11.31592845916748,65276500
2013-09-17,11.315925656741054,11.386017539362973,11.214681908811512,11.331501960754395,73686100
2013-09-18,11.31592905429988,11.541780331270791,11.284777179639041,11.4561128616333,127092600
2013-09-19,11.526204919591846,11.549568640220407,11.354869235304056,11.378232955932617,79710700
2013-09-20,11.409386675231971,11.417174830940137,11.24583911895752,11.24583911895752,145174800
2013-09-23,11.144592170722973,11.152379580990122,10.973256518620184,11.01219654083252,127283100
2013-09-24,11.04334895974657,11.09786454792589,10.91095332326606,10.973257064819336,96912800
2013-09-25,10.996620234859925,11.090075842538043,10.92652834342155,11.01219654083252,86546100
2013-09-26,11.051136822814591,11.074501283892957,10.887589308862108,10.965469360351562,89352900
2013-09-27,10.895372052507028,10.926523909090653,10.809704632581772,10.82528018951416,79156000
2013-09-30,10.661740640888489,10.848652661326332,10.591649468783617,10.747408866882324,104439900
2013-10-01,10.786340925823763,10.840856489165397,10.755189069240139,10.82528018951416,57631000
2013-10-02,10.755194562642554,10.981045823911002,10.739618255035447,10.949893951416016,89186300
2013-10-03,10.957681408676892,10.98104587018601,10.770770172919322,10.903165817260742,95269000
2013-10-04,10.918742527297383,10.965469966599102,10.872014345276407,10.942106246948242,63495400
2013-10-07,10.833075895773176,10.86422777408628,10.74740841609198,10.755196571350098,64822700
2013-10-08,10.770769359332233,10.825284946630461,10.653950031487692,10.661737442016602,92746200
2013-10-09,10.685103109694625,10.848650632797272,10.661738647309063,10.778558731079102,96012800
2013-10-10,10.926531261683591,11.097866959546783,10.910955694270216,11.082290649414062,102305800
2013-10-11,11.090074125681094,11.121225990084506,10.988830380690247,11.05113410949707,83422000
2013-10-14,10.949891884393073,11.206894969641757,10.9421037320597,11.175743103027344,78367500
2013-10-15,11.206898446972707,11.238050323253077,11.066714632351388,11.090078353881836,102099300
2013-10-16,11.15238242780622,11.378233723026787,11.15238242780622,11.33929443359375,153481000
2013-10-17,11.253622089996547,11.417169570922852,11.222470224235302,11.417169570922852,94090800
2013-10-18,11.432750305186815,11.463902183018957,11.315930206276763,11.393810272216797,96986400
2013-10-21,11.315925302720743,11.36265347057981,11.269197877580707,11.308137893676758,91280600
2013-10-22,11.331501606246775,11.393805334912843,11.253621574054675,11.308137893676758,102836000
2013-10-23,11.253624568868897,11.276988287656467,11.035561460506713,11.066713333129883,108529700
2013-10-24,10.9966243856966,11.058928147666144,10.957684348785778,11.035564422607422,92566100
2013-10-25,11.01998649927151,11.113442871278865,11.012199087203664,11.1056547164917,58592400
2013-10-28,11.129018837092877,11.152382559572612,11.066715082000687,11.082290649414062,62328000
2013-10-29,11.105652444998347,11.12901616186183,10.949893094709841,11.019984245300293,79563100
2013-10-30,11.051139991740094,11.12902006556174,11.019988110755323,11.035564422607422,76624200
2013-10-31,11.012197390286232,11.027772954741138,10.87201359659605,10.879801750183105,105713400
2013-11-01,10.903165872119489,10.981045925436607,10.872013999336488,10.918742179870605,75610400
2013-11-04,10.973260486120626,10.996624210807775,10.903168569339764,10.934320449829102,53063200
2013-11-05,10.895379330716688,10.91874379580121,10.825287420901805,10.848651885986328,71809700
2013-11-06,10.8953768089987,10.918741268675554,10.833073068632094,10.872013092041016,66712900
2013-11-07,10.90316826498103,10.926531989015988,10.747408866882324,10.747408866882324,80775000
2013-11-08,10.794134955117537,11.152381896972656,10.778559388629558,11.152381896972656,158227300
2013-11-11,11.113442402973835,11.230261748981444,11.090077939596883,11.214685440063477,66357400
2013-11-12,11.160170051576296,11.261413833265712,11.10565445478942,11.152381896972656,69498300
2013-11-13,11.105651990855856,11.401595115661621,11.058923816320572,11.401595115661621,128018500
2013-11-14,11.432746598645505,11.541777764349998,11.378230273074147,11.526202201843262,128999400
2013-11-15,11.518414708547905,11.643022186610816,11.502839145149618,11.619658470153809,105475300
2013-11-18,11.666385903067823,11.814357840306897,11.57293029452064,11.619658470153809,145554400
2013-11-19,11.666388986686027,11.915604751402823,11.65860157428812,11.837724685668945,161505600
2013-11-20,11.876663064037087,11.89223937210172,11.744267416364709,11.790995597839355,107174900
2013-11-21,11.853299673928252,12.149242850903935,11.837723365430932,12.141454696655273,142053600
2013-11-22,12.227122567935176,12.297214473043072,12.149243251041407,12.180395126342773,110331100
2013-11-25,12.203759880196754,12.44518674853949,12.195971725032317,12.31279182434082,153765500
2013-11-26,12.336153881881966,12.437397657194898,12.31279016226183,12.367305755615234,114833700
2013-11-27,12.359513374309197,12.414028949017219,12.273845936522447,12.328361511230469,75503600
2013-11-29,12.336148200466656,12.398451919239202,12.297208190554086,12.320571899414062,44288400
2013-12-02,12.33615458861519,12.437398369728339,12.227122652942732,12.250486373901367,92987400
2013-12-03,12.180397200868063,12.297216567464654,11.985697761394132,12.102517127990723,106450300
2013-12-04,11.993410299362763,12.258371300211238,11.970030797337067,12.180441856384277,96678100
2013-12-05,12.164858096055058,12.188237603028378,11.97003333046239,12.024584770202637,95230500
2013-12-06,12.164859864407719,12.250583249376128,12.047965285338663,12.125895500183105,92203100
2013-12-09,12.172648556996657,12.211613650086125,12.125891039847165,12.14147663116455,50167200
2013-12-10,12.09472356288485,12.219411312077872,12.086930392760884,12.125895500183105,67486300
2013-12-11,12.118101562553926,12.118101562553926,11.829760975007838,11.88431167602539,117565000
2013-12-12,11.892104845655773,11.96224188593409,11.783002700423106,11.88431167602539,76113900
2013-12-13,11.907690015373573,11.946655118932808,11.790795447893402,11.829760551452637,61575600
2013-12-16,11.860930748940012,11.954446537870734,11.845344412519513,11.876516342163086,71467000
2013-12-17,11.876518081165692,11.92327635407628,11.798588617244757,11.829760551452637,74247300
2013-12-18,11.907688049438372,12.242786844247112,11.736242811199055,12.227200508117676,152929300
2013-12-19,12.20382592435358,12.305134914279604,12.157068386355517,12.27396297454834,97776100
2013-12-20,12.273959950937126,12.3674757470939,12.157065391540527,12.157065391540527,131956000
2013-12-23,12.25058001231183,12.305130702370029,12.227200508117676,12.227200508117676,52565800
2013-12-24,12.250580271090024,12.273959032580613,12.211615173140759,12.234993934631348,21770400
2013-12-26,12.266167654666335,12.273960824033129,12.188238190590994,12.196030616760254,48803600
2013-12-27,12.211617469787598,12.234996235675045,12.141480428927686,12.211617469787598,40049300
2013-12-30,12.188235979266734,12.227200332636292,12.09472019342447,12.110305786132812,56218800
2013-12-31,12.157062705923419,12.172648296907793,12.086925688500438,12.133683204650879,57188900
2014-01-02,12.227199694744042,12.593470394249305,12.219407270395102,12.546712875366211,148709900
2014-01-03,12.679195313221426,12.858433729688365,12.64802263919505,12.788296699523926,129921800
2014-01-06,12.959741413717065,13.037671609178421,12.90519072281257,12.983120918273926,114431300
2014-01-07,13.06884675240078,13.084433091718397,12.819471268899427,12.85843563079834,110605100
2014-01-08,12.990913390706917,13.006499726243401,12.874018846972813,12.9207763671875,101036400
2014-01-09,12.990916657774868,13.193534611520986,12.944159125801193,13.115604400634766,100947200
2014-01-10,13.053257505706691,13.084430177398778,12.944156127573986,13.068843841552734,87454100
2014-01-13,13.084428760804176,13.092220441488829,12.780501190290453,12.80388069152832,90025400
2014-01-14,12.889605438507633,13.068843841552734,12.881812270584613,13.068843841552734,97786600
2014-01-15,13.427321698477348,13.575388927813037,13.333806648872113,13.364977836608887,329333100
2014-01-16,13.318224651480001,13.357189020446032,13.24029442715254,13.310431480407715,163613100
2014-01-17,13.40394666447246,13.4195315186143,13.240293061623559,13.255879402160645,96232200
2014-01-21,13.310430107645196,13.37277398339829,13.146777991191541,13.255879402160645,118269200
2014-01-22,13.310427143273346,13.364977836608887,13.248083281404885,13.364977836608887,68114400
2014-01-23,13.302635829323595,13.318222168562404,13.045467177463733,13.138983726501465,123765900
2014-01-24,12.9909166337697,13.02988099594324,12.81947135925293,12.81947135925293,112899300
2014-01-27,12.757124302015129,12.88960518127301,12.51554056040708,12.710365295410156,134872600
2014-01-28,12.819470209683997,13.061052503565678,12.757126343959852,13.037672996520996,92891300
2014-01-29,12.897397121014782,13.13118769953878,12.850639599867902,12.998706817626953,130026900
2014-01-30,13.100016405204524,13.24029046978864,13.068845216627473,13.193532943725586,91028200
2014-01-31,13.029880341581254,13.232498284777472,12.944158451825402,13.05325984954834,139432100
2014-02-03,13.068843664140193,13.15456553734014,12.702572208704389,12.741538047790527,159981200
2014-02-04,12.850639424442155,12.90519011276797,12.671401023830256,12.741538047790527,125337000
2014-02-05,12.71036719270244,12.819470071338527,12.58567946259976,12.78050422668457,110576200
2014-02-06,12.81946678951858,13.037669518140257,12.811673622582862,13.006498336791992,110029100
2014-02-07,13.107806205749512,13.154563719797697,12.959739010469923,13.107806205749512,122571100
2014-02-10,13.022084494938593,13.03767083037879,12.936362622807023,13.029877662658691,95792500
2014-02-11,13.037667483456193,13.185734659337966,12.967530478375057,13.154561996459961,92617500
2014-02-12,13.14677639502162,13.177947585916003,12.975329642719785,13.05325984954834,96948900
2014-02-13,12.975329642719785,13.10781054840981,12.959743304075062,13.05325984954834,95756900
2014-02-14,13.045462945275656,13.061049279457972,12.975325927849875,13.014291763305664,100684300
2014-02-18,13.014296236851079,13.045467429535885,12.83505630493164,12.83505630493164,121778600
2014-02-19,12.764919742441455,12.81947193287862,12.609060800378025,12.62464714050293,137734500
2014-02-20,12.64022896341492,12.749331831733848,12.609057777034405,12.7025728225708,107425900
2014-02-21,12.694781303405762,12.850640210094761,12.663608630231042,12.694781303405762,106236900
2014-02-24,12.70257785106468,12.95974655768589,12.70257785106468,12.881817817687988,102909600
2014-02-25,12.85843425705503,12.905191783617367,12.718160190973054,12.733746528625488,81457000
2014-02-26,12.749328786411615,12.780499965346541,12.570088933556443,12.72594928741455,89831600
2014-02-27,12.67919222964813,12.850637435913086,12.632433229980332,12.850637435913086,71314500
2014-02-28,12.850645132572478,12.975332900243645,12.741543707459067,12.881817817687988,126252100
2014-03-03,12.7025728225708,12.788296186308205,12.616850945228245,12.7025728225708,87526800
2014-03-04,12.842848230333672,13.04546616553589,12.80388387165421,13.037672996520996,100849900
2014-03-05,13.092259319853442,13.49773612132792,13.084461488844523,13.450950622558594,207180000
2014-03-06,13.583509219216909,13.747259189794883,13.497734575228055,13.528925895690918,138078900
2014-03-07,13.677079024480566,13.716066680167371,13.45094645710265,13.513327598571777,109547100
2014-03-10,13.466545410391614,13.62249755859375,13.450949749386172,13.62249755859375,81732700
2014-03-11,13.653688570949216,13.661486401275088,13.450949444328725,13.466545104980469,90183400
2014-03-12,13.396360792849254,13.513325226663374,13.310586180653281,13.474337577819824,83309200
2014-03-13,13.521125765908458,13.622494565603967,13.310588850444208,13.380767822265625,100875700
2014-03-14,13.318389531925021,13.427556183792609,13.068864906351058,13.100054740905762,131297200
2014-03-17,13.240412264638335,13.388568063769352,13.232614434443647,13.341782569885254,79942200
2014-03-18,13.3651751615801,13.427556318599873,13.310591835098311,13.40416431427002,67402400
2014-03-19,13.380770099869123,13.638092544586451,13.349580266686063,13.599104881286621,105006500
2014-03-20,13.599100905719029,14.035768853614293,13.59130307788188,13.973387718200684,167048700
2014-03-21,14.059165182953176,14.059165182953176,13.69267463684082,13.69267463684082,155721000
2014-03-24,13.739464554402447,13.762856560372562,13.489938421542332,13.544523239135742,118500000
2014-03-25,13.638088748973127,13.708267713208544,13.411957687657361,13.419754028320312,98348600
2014-03-26,13.552317299274243,13.56791295881581,13.39636516571045,13.39636516571045,97573700
2014-03-27,13.474343305814172,13.638093285307983,13.123448367921576,13.263806343078613,175139500
2014-03-28,13.326186400001003,13.37297189209637,13.13904294433556,13.240411758422852,79909500
2014-03-31,13.372965748190628,13.46653817667561,13.349573756531854,13.411954879760742,62115800
2014-04-01,13.474343159031989,13.567914149927969,13.458747498121298,13.52112865447998,57423800
2014-04-02,13.52892383159343,13.552315831087657,13.35737456978886,13.435351371765137,65349000
2014-04-03,13.41975893959563,13.443152431996701,13.279402447041651,13.372973442077637,56534500
2014-04-04,13.41975676648695,13.427554596024576,13.022077871055334,13.03767204284668,110409600
2014-04-07,13.014276870452202,13.022074698089806,12.624394412273269,12.77254867553711,129464900
2014-04-08,12.764756428514106,12.866125245742257,12.671183954140101,12.819339752197266,75769700
2014-04-09,12.905111013092613,12.967492157748723,12.749158895094244,12.959695816040039,83096400
2014-04-10,12.95969823435597,12.95969823435597,12.55421997478598,12.569815635681152,98390900
2014-04-11,12.367073256041033,12.57760942996598,12.179929825076215,12.296895027160645,133757100
2014-04-14,12.515230683625077,12.64779082519442,12.304694469371555,12.476243019104004,99249400
2014-04-15,12.54641891992485,12.795943480983789,12.445049381084194,12.78034782409668,134956600
2014-04-16,12.632197693922574,12.647791868647095,12.304695484518511,12.57761287689209,172948900
2014-04-17,12.585408575956228,12.671183215189911,12.421658614456216,12.593206405639648,104765500
2014-04-21,12.593203670658195,12.608799326637982,12.49963270934669,12.546418190002441,51280500
2014-04-22,12.546418956209644,12.741360206011182,12.507431301162818,12.702372550964355,77888900
2014-04-23,12.710170443100006,12.78814724999245,12.655587124460462,12.764755249023438,52425600
2014-04-24,12.811539635803538,12.86612294974615,12.639990377945317,12.741360664367676,73910900
2014-04-25,12.554222058248198,12.655590896321533,12.421661893208098,12.437256813049316,84617700
2014-04-28,11.953799668644477,12.016180821041628,11.587309840579719,11.657488822937012,344935200
2014-04-29,11.727666445560354,11.930405539166033,11.626296898757515,11.88361930847168,155495000
2014-04-30,11.899212875620519,11.907010703306307,11.79784334663062,11.805641174316406,82359700
2014-05-01,11.805644327135449,11.868025477997719,11.719869686968343,11.766655921936035,68368300
2014-05-02,11.836834185569238,11.922608076898749,11.774453038485605,11.891417503356934,73562900
2014-05-05,11.758857727050781,11.79784613103959,11.712072237177773,11.758857727050781,51669100
2014-05-06,11.719872585995528,11.719872585995528,11.478145752521183,11.485942840576172,96268300
2014-05-07,11.587308060668626,11.634094289600716,11.501534175208656,11.540522575378418,91733000
2014-05-08,11.579510340100605,11.727665360245153,11.540521942070406,11.641891479492188,65232700
2014-05-09,11.65748985354255,11.688680432498595,11.439155800850228,11.493739128112793,86751600
2014-05-12,11.53272832558059,11.774455886735192,11.53272832558059,11.751062393188477,70669900
2014-05-13,11.72766648905811,11.774452719925993,11.649689685492278,11.719868659973145,58469100
2014-05-14,11.688678870792332,11.712072359615345,11.548321656064067,11.571714401245117,52431900
2014-05-15,11.55611819225915,11.563916021495848,11.220819715142369,11.345582008361816,104193000
2014-05-16,11.3143892288208,11.337781968327526,11.205221871719784,11.3143892288208,80476100
2014-05-19,11.25200835622359,11.462544503967118,11.213019960377219,11.439151763916016,51034700
2014-05-20,11.423560217117753,11.454750796285584,11.291000069743951,11.329988479614258,60108200
2014-05-21,11.376772448327383,11.470344167145278,11.306593473303483,11.392367362976074,64808600
2014-05-22,11.368974046921977,11.478141418535513,11.345581304305462,11.470343589782715,51929400
2014-05-23,11.470341096587159,11.548317879882333,11.42355487788171,11.47813892364502,51648900
2014-05-27,11.696477238670528,11.938204762138863,11.680881578737475,11.868025779724121,125398900
2014-05-28,11.907010703306307,11.914807787350316,11.719866557056303,11.805641174316406,72481700
2014-05-29,11.79004757937228,11.86022655352528,11.774452664917119,11.813440322875977,39423000
2014-05-30,11.790045518944833,11.875819392563157,11.751057124157674,11.805641174316406,45787100
2014-06-02,11.821240785020514,11.914812523519638,11.735466877306834,11.89921760559082,46374000
2014-06-03,11.852430708159565,11.914811863704454,11.782251722261055,11.860228538513184,49025400
2014-06-04,11.844632877805944,11.899216946639248,11.8134423000335,11.860228538513184,39757300
2014-06-05,11.9148112102592,12.070764090568485,11.868025717987411,12.031776428222656,60300500
2014-06-06,12.047368737876763,12.203321584444256,12.031773825040927,12.156536102294922,73930500
2014-06-09,12.1643351421391,12.382669149080332,12.1643351421391,12.351478576660156,78647900
2014-06-10,12.304692940480965,12.429455236187234,12.26570453716227,12.413860321044922,49852900
2014-06-11,12.234512153757754,12.335881689937082,12.125345532981424,12.156536102294922,73729300
2014-06-12,12.14094366705997,12.21112265254573,11.992788609422718,12.023979187011719,66173200
2014-06-13,12.05516837457653,12.125347351970287,11.953798823190208,12.039572715759277,61588100
2014-06-16,11.93040583916832,11.938203668420448,11.836834119068566,11.914810180664062,55425400
2014-06-17,11.907011547786933,12.17992884336959,11.8992137195481,12.156536102294922,58011600
2014-06-18,12.187729401603105,12.23451489423217,12.039573606446405,12.203324317932129,70220300
2014-06-19,12.21112390976438,12.218921740874977,12.086361586563237,12.125349998474121,40953900
2014-06-20,12.19557160780139,12.19557160780139,12.04732048165589,12.055123329162598,54765300
2014-06-23,12.070728483802672,12.211176012033519,12.000504347627018,12.203373908996582,58492200
2014-06-24,12.14095533405555,12.25019224219688,12.047322635476371,12.086336135864258,73262500
2014-06-25,12.055125465246263,12.086336116682915,11.922480010610336,12.070731163024902,71766400
2014-06-26,12.0473192721849,12.11754340445426,11.91467459848996,12.023911476135254,68519600
2014-06-27,12.000503165251839,12.031713806685872,11.945884728772377,11.9614896774292,58149200
2014-06-30,11.945887835538988,12.055124736907148,11.930282138703204,11.992703437805176,47274500
2014-07-01,12.00050503660212,12.211176713103741,12.00050503660212,12.172163963317871,74193500
2014-07-02,12.312612176896966,12.507679657159,12.29700722494833,12.367231369018555,87685800
2014-07-03,12.538889843871232,12.663732438758323,12.484271394638268,12.50767993927002,70582300
2014-07-07,12.476466761308846,12.484269608403007,12.35162418428409,12.437453269958496,62437100
2014-07-08,12.343819974317025,12.35162282054968,12.109740540300388,12.156556129455566,73343400
2014-07-09,12.18776891440812,12.242387359404741,12.12534762180612,12.172163963317871,46415800
2014-07-10,11.961489382758034,12.11754258608383,11.899068101427714,12.047318458557129,61458500
2014-07-11,12.008305432376954,12.03951607230543,11.938081306507794,12.000502586364746,56849400
2014-07-14,12.187767609602693,12.226781099332339,12.109741374263827,12.148754119873047,59181700
2014-07-15,12.289201276367269,12.367228248785997,12.218977150014485,12.336017608642578,99946700
2014-07-16,12.218979895837958,12.218979895837958,12.039518860715274,12.101940155029297,123711700
2014-07-17,12.055125543256393,12.078533345955199,11.805440330147437,11.860058784484863,114839900
2014-07-18,11.91467792475056,12.09413898476596,11.899072226947155,12.086336135864258,74859200
2014-07-21,12.03171328500109,12.13314805129367,11.984896952819762,12.109740257263184,61802200
2014-07-22,12.164358691374437,12.187766485404923,12.070726771132136,12.109740257263184,58331100
2014-07-23,12.109740257263184,12.195569331455204,12.101937411212903,12.109740257263184,47253300
2014-07-24,12.140953338682438,12.203374631395828,12.133150491063137,12.187768936157227,46549800
2014-07-25,12.164355278015137,12.195565909338095,12.133144646692179,12.164355278015137,35627200
2014-07-28,12.164361333235583,12.179966284604879,12.062926544913353,12.094137191772461,39313000
2014-07-29,12.109744760029825,12.117546864860806,11.9692964553833,11.9692964553833,51480500
2014-07-30,12.039516412447247,12.226780257308706,11.945884490016516,12.156556129455566,83243100
2014-07-31,12.047321129746289,12.133150968696354,11.899070739746094,11.899070739746094,70677300
2014-08-01,11.844450411116842,12.0083064709429,11.579159576720327,11.688396453857422,115978900
2014-08-04,11.758625967748653,11.797639474920075,11.688401803664245,11.743021011352539,51954700
2014-08-05,11.711807135833805,11.860057529398546,11.62597729482004,11.704004287719727,65071500
2014-08-06,11.81324317908725,11.98490139103934,11.81324317908725,11.860058784484863,95977900
2014-08-07,12.047318292970985,12.047318292970985,11.774225376934497,11.797633171081543,80058300
2014-08-08,11.766426829569005,11.860058784484863,11.696202677351954,11.860058784484863,54495000
2014-08-11,11.906873450876661,11.914676298713482,11.821043612912678,11.875662803649902,41545100
2014-08-12,11.844451089437461,11.938083022683076,11.821042548035713,11.86785888671875,33674400
2014-08-13,11.899070739746094,11.930281387331426,11.860057244234296,11.899070739746094,34394600
2014-08-14,11.906874924296542,11.953690528869629,11.906874924296542,11.953690528869629,29934600
2014-08-15,11.969294745330178,12.023913191946875,11.813241509196384,11.875662803649902,61535500
2014-08-18,11.922477898030516,12.055123329162598,11.914675794644301,12.055123329162598,54968600
2014-08-19,12.109742517589071,12.211176558694314,12.04732048165589,12.055123329162598,44825500
2014-08-20,12.023910438950809,12.195569331455204,11.992699798870042,12.109740257263184,57825000
2014-08-21,12.242387095345856,12.655928335944457,12.18776865152731,12.609112739562988,177294400
2014-08-22,12.609113346905538,12.71054888023237,12.523283509204534,12.585704803466797,107641800
2014-08-25,12.694941753338197,12.796375786987985,12.640323313046705,12.71054744720459,89396500
2014-08-26,12.749561194103112,12.843192388167056,12.733955499012122,12.741758346557617,73323400
2014-08-27,12.772971954764246,12.788576164323908,12.593509406536215,12.640326499938965,63061800
2014-08-28,12.562296239046228,12.562296239046228,12.476466411656741,12.492072105407715,62170400
2014-08-29,12.523279661428857,12.593503781927685,12.499872613422976,12.55449104309082,50106600
2014-09-02,12.593506000659156,12.70274436748112,12.5310847145784,12.694941520690918,59400400
2014-09-03,12.734074162836245,12.741901062199721,12.554059955961517,12.601019859313965,67418900
2014-09-04,12.601024530535371,12.734078883381127,12.5540646097748,12.608851432800293,56378600
2014-09-05,12.561885577734628,12.577539376729797,12.444485070927737,12.538406372070312,80974900
2014-09-08,12.671462562255472,12.812343788505675,12.640154959609356,12.796689987182617,99411200
2014-09-09,12.718420527373643,12.726247426837594,12.601020021071266,12.632326126098633,82428900
2014-09-10,12.647978939845174,12.835820033863273,12.624498243282293,12.804513931274414,75656100
2014-09-11,12.773208807942732,13.015836748069995,12.757555007204559,12.968876838684082,106598100
2014-09-12,13.00801033354271,13.172370750084111,13.000183433779526,13.141064643859863,116306800
2014-09-15,13.148891482825416,13.250639697999603,13.008011750230516,13.10193157196045,87306900
2014-09-16,13.047139337947705,13.180193607456859,13.047139337947705,13.078445434570312,65017200
2014-09-17,13.078450584636146,13.250639408763558,13.054971376130494,13.125411987304688,82902700
2014-09-18,13.21150679323181,13.42282865693257,13.20368138449815,13.336735725402832,111923200
2014-09-19,13.422828989688266,13.438482793201311,13.211507120748779,13.266295433044434,88455000
2014-09-22,13.375869794208267,13.438483518812403,13.297602265245859,13.328909873962402,109276700
2014-09-23,13.34455680847168,13.46195880102412,13.328904503249255,13.34455680847168,91921900
2014-09-24,13.399346323033216,13.454133128376522,13.281944319779289,13.446306228637695,86396100
2014-09-25,13.43065729778824,13.446311102940417,13.188029289245605,13.188029289245605,104522500
2014-09-26,13.234988540641723,13.344562185491723,13.219334736283452,13.328909873962402,66785900
2014-09-29,13.234985889426003,13.344559512326354,13.211505187592222,13.313253402709961,68038300
2014-09-30,13.368037505547836,13.391518202623994,13.28194310909694,13.34455680847168,82217400
2014-10-01,13.360212124917156,13.375865924746991,13.148890305699952,13.164544105529785,91235900
2014-10-02,13.195850723033299,13.297597428697262,13.015835024045664,13.211503028869629,118018800
2014-10-03,13.391522701790553,13.540229354749002,13.352388193515553,13.532403945922852,110840600
2014-10-06,13.595017666334,13.62632378012515,13.477615634337852,13.532403945922852,66212100
2014-10-07,13.44630553035543,13.461959329020164,13.211503028869629,13.211503028869629,91396300
2014-10-08,13.21150562375776,13.399348258972168,13.086278195500622,13.399348258972168,101266800
2014-10-09,13.336734475754492,13.391521288729589,12.953223799271441,12.98453140258789,121363100
2014-10-10,12.929742236595992,13.12541024322912,12.804514831777063,12.89843463897705,129552700
2014-10-13,12.898438688497977,13.047146838218683,12.835824966430664,12.835824966430664,92674100
2014-10-14,12.921918772647684,13.015838604817453,12.804518236021066,12.9297456741333,97451900
2014-10-15,12.702767644471798,12.710594544500164,12.076630570487964,12.334912300109863,216591800
2014-10-16,12.217511109847257,12.718421518356273,12.14707124842589,12.585367202758789,148199400
2014-10-17,12.71842327386704,12.843650706675739,12.647982656308553,12.687115669250488,94339200
2014-10-20,12.679292632965836,12.781039381346893,12.64798502249226,12.726252555847168,76510700
2014-10-21,12.859305768060851,13.000187016971752,12.765384437843952,12.99236011505127,78287300
2014-10-22,12.984533116151368,13.070627543804761,12.812345753673476,12.835824966430664,85199800
2014-10-23,12.976706311210302,13.094106854359753,12.929746392516302,12.99236011505127,68436600
2014-10-24,13.01583734799106,13.086277961730957,12.961050535710847,13.086277961730957,41951400
2014-10-27,13.054972017221212,13.062798918050325,12.91409078795457,12.98453140258789,51500000
2014-10-28,13.008014547111797,13.14889430999756,13.000187644813316,13.148894309997559,71850800
2014-10-29,13.125411513720138,13.321079539293205,13.078450112746037,13.297598838806152,99875700
2014-10-30,13.274121558708453,13.399350500745673,13.180201718216722,13.328909873962402,72579100
2014-10-31,13.4384804724874,13.477613481683196,13.383693662481843,13.43065357208252,82788900
2014-11-03,13.446311610029756,13.579365973182972,13.383697879888777,13.516752243041992,64050700
2014-11-04,13.47761259019478,13.540226296463581,13.321079070937031,13.469785690307617,53515400
2014-11-05,13.55588035672419,13.595014856912009,13.469785949139528,13.571534156799316,58608200
2014-11-06,13.571536824899166,13.618496741528107,13.524576908270227,13.587190628051758,57339200
2014-11-07,13.54805612017028,13.602842938375515,13.477615498812453,13.587190628051758,53907800
2014-11-10,13.587191484771012,13.61849760022132,13.54023007235216,13.59501838684082,54261100
2014-11-11,13.59501696016067,13.665456085739113,13.540228651421572,13.555882453918457,62236000
2014-11-12,13.493269437647852,13.540229354749002,13.360215095170554,13.532403945922852,48669100
2014-11-13,13.53240079424725,13.540226201250876,13.3993464827581,13.477612495422363,50586300
2014-11-14,13.438477797370561,13.501091495316869,13.38369099827108,13.414997100830078,41144600
2014-11-17,13.352389996515232,13.415003725381238,13.281949364937345,13.375870704650879,43393300
2014-11-18,13.360210301730596,13.477610798776386,13.352383402883769,13.414997100830078,39490700
2014-11-19,13.422827087607422,13.422827087607422,13.313253464200974,13.352386474609375,49441600
2014-11-20,13.274119946355794,13.313254452497967,13.172373216043686,13.305427551269531,49652100
2014-11-21,13.422827468752445,13.454135072231079,13.352386853754217,13.399348258972168,63000000
2014-11-24,13.430652429160041,13.524573733197485,13.368038724077905,13.446306228637695,52785700
2014-11-25,13.485440414922326,13.508921116194141,13.368039894220482,13.38369369506836,44786300
2014-11-26,13.399349309014754,13.422828520634983,13.336735589979448,13.391522407531738,27310300
2014-11-28,13.360214937261473,13.42282865693257,13.328908823840342,13.336735725402832,27834900
2014-12-01,13.242811355124278,13.258465154650647,13.094103245280758,13.141064643859863,61173100
2014-12-02,13.203679525389788,13.422826766967773,13.195852624929342,13.422826766967773,62945200
2014-12-03,13.422828933715433,13.579820183168476,13.39142978550855,13.571971893310547,70104200
2014-12-04,13.5327217987129,13.611218165311588,13.446375645734978,13.509172439575195,49412800
2014-12-05,13.666168236426577,13.901655891820123,13.619071004786669,13.878108024597168,131824000
2014-12-08,13.862406730651855,14.027249266757176,13.744662917544519,13.862406730651855,101035100
2014-12-09,13.485625383403216,13.807459158213247,13.477775596554952,13.783909797668457,95939400
2014-12-10,13.721110722885447,13.878103439408294,13.634766076272035,13.642614364624023,103611100
2014-12-11,13.689715647794227,13.85455668361379,13.689715647794227,13.713263511657715,80173200
2014-12-12,13.71326551678335,13.71326551678335,13.446378707885742,13.446378707885742,88886700
2014-12-15,13.579818690880268,13.587668477069375,13.155940717023894,13.226587295532227,101305300
2014-12-16,13.14024276431579,13.493475700397052,13.022498951353306,13.124543190002441,96112000
2014-12-17,13.242284869510101,13.556268783722754,13.203035944487644,13.548418998718262,92164100
2014-12-18,13.713259149617532,13.760357856750488,13.611214945216078,13.760357856750488,79334000
2014-12-19,13.728963176404186,13.893805710506662,13.728963176404186,13.831008911132812,105588200
2014-12-22,13.85455321564025,13.91734999888035,13.776056862291773,13.901650428771973,70969300
2014-12-23,13.995845425834066,14.121438984001141,13.956598000354347,14.074341773986816,94405200
2014-12-24,14.105745221084392,14.207790964844635,14.066497779449792,14.113595008850098,35091300
2014-12-26,14.144994159912919,14.168542026016107,14.09004714274691,14.113595008850098,34362500
2014-12-29,14.105740756612944,14.278433038413448,14.058643542118922,14.215636253356934,58370900
2014-12-30,14.160691509230608,14.270585526286101,14.137142149635705,14.23133659362793,41433500
2014-12-31,14.27843496037159,14.294133035853676,14.042945861816406,14.042945861816406,57819600
2015-01-02,14.121440217555467,14.15283935843671,13.878102864499603,14.050793647766113,48951100
2015-01-05,13.96444958321521,13.98014765711269,13.571969289101597,13.642614364624023,105605500
2015-01-06,13.674016502680418,13.689716077211063,13.171642095250453,13.2344388961792,144912400
2015-01-07,13.454226740158282,13.485625888727904,13.242288476088572,13.297235488891602,104603800
2015-01-08,13.469926158831965,13.61121933137536,13.422828933715433,13.571971893310547,73388500
2015-01-09,13.642613407538297,13.642613407538297,13.305081635922384,13.328629493713379,84144600
2015-01-12,13.36003311472257,13.367882902350232,13.077446748902393,13.093146324157715,92762500
2015-01-13,13.203037982322469,13.257984988641354,12.81055765468057,12.912603378295898,100845400
2015-01-14,12.559369671255878,12.732060465245974,12.378829091558023,12.590768814086914,164779800
2015-01-15,12.237536163488905,12.370979528535806,11.892153072098061,11.931401252746582,193241300
2015-01-16,11.89999946725505,12.08838978237336,11.750857321602197,12.072690963745117,149802000
2015-01-20,12.237533438068319,12.268931825875045,11.931398595505275,11.978496551513672,123402800
2015-01-21,11.994199826584222,12.22183840989267,11.892154841156726,12.096244812011719,101054200
2015-01-22,12.206135784373284,12.70851076809178,12.11194061528794,12.630014419555664,183042100
2015-01-23,12.590772017481147,12.708515838667314,12.347433090209961,12.347433090209961,103376900
2015-01-26,12.339580629019206,12.504422382123161,12.323881057963234,12.441625595092773,69969300
2015-01-27,12.206138410650635,12.39452878935547,12.151190655414108,12.268935203552246,86184200
2015-01-28,12.339581133736345,12.347430170988623,11.915702429645242,11.931401252746582,105359800
2015-01-29,12.017747109140306,12.159039508021115,11.931400964083226,12.111942291259766,76095800
2015-01-30,11.954950533054618,12.143341661027696,11.8921537399292,11.8921537399292,99844600
2015-02-02,11.986349180820033,12.159039980450421,11.868604637148268,12.135491371154785,101586700
2015-02-03,12.261085581629205,12.504423718832097,12.253235795262086,12.47302532196045,105159400
2015-02-04,12.39452838897705,12.55937015216813,12.363129993540502,12.39452838897705,83848100
2015-02-05,12.543671906588708,12.630018064617534,12.48087510907513,12.535822868347168,92264700
2015-02-06,12.794855424058973,13.14808824442841,12.732058644570332,12.943998336791992,160832300
2015-02-09,12.834107398986816,12.951851201378798,12.755611031660937,12.834107398986816,95532900
2015-02-10,12.998948313415339,13.046047031730392,12.834107290893648,12.889054298400879,100322800
2015-02-11,12.818405829249143,12.91260175480522,12.724209903693064,12.841955184936523,99924400
2015-02-12,12.881202887450822,13.132390031343645,12.849805243060958,13.08529281616211,116394100
2015-02-13,13.132391961603224,13.179490680901022,12.983250508741284,13.03819751739502,93632700
2015-02-17,12.967551290297333,13.093144884138985,12.849807483220001,13.053895950317383,93350600
2015-02-18,12.991098141055437,12.998947927208057,12.747760759098702,12.7948579788208,84057400
2015-02-19,12.724210739135742,12.857654102405599,12.62216651884399,12.724210739135742,83604300
2015-02-20,12.66926419837155,12.896903501687879,12.567219974356586,12.857654571533203,89763600
2015-02-23,12.810559312933215,12.810559312933215,12.63786848540666,12.716364860534668,87623700
2015-02-24,12.77130991958011,12.991097939671906,12.755610347518239,12.857654571533203,74109600
2015-02-25,12.849803916155691,12.951848121377239,12.810554993229465,12.943998336791992,57201000
2015-02-26,12.889053185014086,12.904752756429604,12.480873311371822,12.590768814086914,161100700
2015-02-27,12.38667841790057,12.465174779617533,12.261084838030857,12.41022777557373,130448200
2015-03-02,12.394531009503927,12.582922170550816,12.339583993021934,12.567222595214844,71402400
2015-03-03,12.582919028379155,12.677113462485195,12.527971277021608,12.590768814086914,65689800
2015-03-04,12.567145979053016,12.582893891759712,12.409663097297988,12.47265625,78441600
2015-03-05,12.535651095383855,12.622267255248062,12.40179044008255,12.598644256591797,69510000
2015-03-06,12.598644559452424,13.086842696956412,12.598644559452424,12.771875381469727,163207200
2015-03-09,12.842742500728514,12.858491166416204,12.693134682321725,12.732504844665527,72912700
2015-03-10,12.630140259941438,12.701006244707067,12.4332857131958,12.4332857131958,85633600
2015-03-11,12.535648620151157,12.724628066459951,12.496277714435767,12.685257911682129,85910100
2015-03-12,12.638014463391979,12.76400078624897,12.519902473447981,12.669511795043945,126376300
2015-03-13,12.661637462130953,12.716756290646456,12.551399054162228,12.669511795043945,88581900
2015-03-16,12.685260678796503,12.771875338576534,12.480532525167906,12.701007843017578,63406500
2015-03-17,12.653763129217962,12.693134793782919,12.567147719988212,12.669511795043945,67315000
2015-03-18,12.606518277001388,12.677385769338171,12.527776451974367,12.582895278930664,86387600
2015-03-19,12.567146248474382,12.57502058046535,12.291550636291504,12.291550636291504,109169200
2015-03-20,12.362417857302674,12.543523734524165,12.315173368244972,12.47265625,99867700
2015-03-23,12.456907262089464,12.504152500854937,12.378166198730469,12.378166198730469,73773500
2015-03-24,12.386040367370242,12.441159940369396,12.291550636291504,12.291550636291504,77011000
2015-03-25,12.307301016012095,12.323048931251792,12.126195109660307,12.134069442749023,88541500
2015-03-26,12.118320731129247,12.236432715947073,12.01595666051621,12.141942977905273,76741500
2015-03-27,12.18918634848226,12.197060680328043,12.023829885346467,12.055326461791992,73140800
2015-03-30,12.141943180040114,12.291551746695838,12.12619451463546,12.220685005187988,70835300
2015-03-31,12.204934908166246,12.22068357172361,12.110445179634892,12.118319511413574,61381700
2015-04-01,12.141943775837738,12.173440357254867,12.008083117080512,12.134069442749023,73153900
2015-04-02,12.149815727639572,12.29942427231417,12.149815727639572,12.236431121826172,50443500
2015-04-06,12.118318885358947,12.283676089480563,12.078947979437121,12.212808609008789,51189500
2015-04-07,12.228556891603894,12.323046618118811,12.165563740593948,12.17343807220459,50057800
2015-04-08,12.212809569194702,12.393914699361211,12.204935237203733,12.291550636291504,71732500
2015-04-09,12.307301406092028,12.409665486676557,12.228559574584619,12.370294570922852,44935600
2015-04-10,12.354543203878935,12.433285018175525,12.283676472137119,12.378166198730469,43817700
2015-04-13,12.425413442647423,12.488406607682212,12.393916860130028,12.441162109375,49191200
2015-04-14,12.504154425725835,12.559273253655801,12.370293771377879,12.4569091796875,84385400
2015-04-15,12.362419551991682,12.48053229270252,12.275804142887239,12.31517505645752,124479100
2015-04-16,12.315173736086056,12.551397690305546,12.267928494679575,12.4332857131958,105591000
2015-04-17,12.370294960553819,12.40179154396129,12.204937709930158,12.252182960510254,88994300
2015-04-20,12.299426455770908,12.354545284498483,12.25218195998662,12.260055541992188,53649400
2015-04-21,12.283681689968475,12.315178278878633,12.149820999365822,12.204939842224121,64033100
2015-04-22,12.244307559655432,12.464783624290042,12.197062313193443,12.393916130065918,73092800
2015-04-23,12.378165726188486,12.441158874845929,12.346669151859764,12.35454273223877,50292200
2015-04-24,12.37029388489328,12.40179046556196,12.291552057752721,12.31517505645752,40766100
2015-04-27,12.30730179373888,12.409665877547603,12.252182960510254,12.252182960510254,73523400
2015-04-28,12.267927864569973,12.370291923244991,12.204934713221899,12.323046684265137,58080100
2015-04-29,12.283678146078447,12.630141275072114,12.260055148007723,12.582895278930664,134499400
2015-04-30,12.598644525298889,12.638014688690262,12.4411616189202,12.543525695800781,78313900
2015-05-01,12.598641768920755,12.71675373512936,12.535648620151157,12.685257911682129,78171400
2015-05-04,12.708882914155428,12.952982747201872,12.69313574901981,12.945108413696289,76592300
2015-05-05,12.92935491895512,13.07896419594706,12.858487445741831,12.874236106872559,106148700
2015-05-06,12.882115637616305,12.984478972537504,12.661638798410253,12.826996803283691,96426500
2015-05-07,12.779746213516065,12.858488020816313,12.669508584420749,12.787620544433594,73794800
2015-05-08,12.850616175327076,12.960853825743374,12.771874352797429,12.952980995178223,86333700
2015-05-11,12.952978360648249,13.063215988643114,12.937229698970398,12.984474182128906,56246000
2015-05-12,12.960852556976565,12.976601220315892,12.874237912360666,12.937231063842773,59627100
2015-05-13,12.945108474087954,13.00810164055095,12.882115307624957,12.968729972839355,47330600
2015-05-14,13.015971025494833,13.063215506911106,12.952977882981473,13.008096694946289,55395700
2015-05-15,13.008096722733772,13.008096722733772,12.83486445404574,12.874236106872559,54937800
2015-05-18,12.842740485055415,13.023847108288253,12.842740485055415,13.000224113464355,51059900
2015-05-19,13.063219161562358,13.212828480090385,13.05534482881084,13.204954147338867,89115500
2015-05-20,13.212831834547007,13.267950675925727,13.094718315163139,13.181334495544434,67684000
2015-05-21,13.157706574725713,13.189203901958857,13.039594601351872,13.173455238342285,52056600
2015-05-22,13.165581220016078,13.228574374107055,13.149834057899781,13.189204216003418,47032900
2015-05-26,13.173457644703651,13.173457644703651,12.937233654805548,12.992352485656738,100048200
2015-05-27,13.03959947378442,13.189208830295076,13.023852306158918,13.181334495544434,70026700
2015-05-28,13.165579411729366,13.17345374264361,13.055341782680065,13.126209259033203,60970000
2015-05-29,13.11833881385246,13.126213147099131,12.968729485916727,12.992352485656738,74266200
2015-06-01,13.055344112069951,13.10258860410992,12.968727958433904,13.031721115112305,62941600
2015-06-02,13.008100505383508,13.197079988280976,12.992351839673196,13.165582656860352,65513200
2015-06-03,13.165581808337373,13.442004041936631,13.165581808337373,13.37092399597168,89614900
2015-06-04,13.323536705158915,13.410411138121066,13.205068967372586,13.252456665039062,61025500
2015-06-05,13.457798155986374,13.702628556043136,13.402512511501493,13.576264381408691,119087400
2015-06-08,13.639444559802,13.686830742062982,13.465692714212436,13.489386558532715,69749600
2015-06-09,13.465695499834435,13.702629472912568,13.426207257511356,13.671037673950195,82104900
2015-06-10,13.73422346454127,13.915873344739001,13.710531115318302,13.892179489135742,102643100
2015-06-11,13.915872814611754,13.963259017632796,13.773712699168396,13.813200950622559,77191500
2015-06-12,13.781610650735276,13.884281008344237,13.710530593013598,13.813200950622559,53149400
2015-06-15,13.68683314805054,13.821095276708041,13.623651058469354,13.797401428222656,68053400
2015-06-16,13.789506113723048,13.86848411738616,13.718427567444385,13.860586166381836,47291200
2015-06-17,13.89217613067765,13.90007408063606,13.663140101023556,13.718425750732422,88712100
2015-06-18,13.702632686696573,13.742120938281136,13.599960822368327,13.726325035095215,97599900
2015-06-19,13.647348449017871,13.73422290325219,13.52098423705865,13.56047248840332,83395400
2015-06-22,13.710526996535926,13.844789125193426,13.702629047040796,13.797401428222656,58477700
2015-06-23,13.86848445581024,13.994848662202758,13.86848445581024,13.955360412597656,63865700
2015-06-24,13.844792756890076,13.971156969199674,13.781610650735276,13.813200950622559,59079500
2015-06-25,13.87638023076083,13.915869980552879,13.702629850815603,13.718425750732422,59772200
2015-06-26,13.80530131397762,13.836893116389035,13.702630968900623,13.750017166137695,63080800
2015-06-29,13.528875971482474,13.623649850641836,13.315637379538396,13.339329719543457,98604200
2015-06-30,13.489394227695248,13.528882484299839,13.307745837105438,13.442008018493652,89039800
2015-07-01,13.623653225728738,13.671039423857895,13.49728902646427,13.599959373474121,62317400
2015-07-02,13.552572879251597,13.592061125766485,13.339332732759095,13.449902534484863,64736500
2015-07-06,13.252457186991398,13.434105516060919,13.1971715375364,13.37882137298584,58726900
2015-07-07,13.34722887779732,13.370922726329104,12.904954249862904,13.181376457214355,115450500
2015-07-08,12.968135872867872,13.03131796029898,12.810179901100213,12.833873748779297,83033000
2015-07-09,13.055013662263246,13.205070199738223,12.991831565857991,13.015523910522461,81534400
2015-07-10,13.268255110070978,13.299846918163587,13.157686794507487,13.189278602600098,72965300
2015-07-13,13.40251825550863,13.465700369904235,13.34723409371003,13.442008018493652,67934300
2015-07-14,13.370923729057218,13.544674112180873,13.315639584716962,13.528878211975098,69999800
2015-07-15,13.844788702538175,14.0975170531476,13.8131969055221,13.963254928588867,173099900
2015-07-16,14.144907560100611,14.271271773978675,14.10541930815631,14.176499366760254,117054300
2015-07-17,14.18439687249796,14.342352904844766,14.129112713090688,14.294966697692871,96894900
2015-07-20,14.334450934442714,14.39763302839454,14.279166790532358,14.310758590698242,71980100
2015-07-21,14.302857205028719,14.350243387515171,14.23177717810925,14.279163360595703,63732800
2015-07-22,14.23967620723768,14.595074862435014,14.23967620723768,14.571382522583008,110327000
2015-07-23,14.523998156270956,14.555589958481418,14.279167714660037,14.358145713806152,103650100
2015-07-24,14.3581467797424,14.39763502905701,14.089622466538625,14.137008666992188,86364300
2015-07-27,13.947462461400605,14.042236369385074,13.821098255008087,13.955360412597656,93231900
2015-07-28,14.05013346194586,14.129109956329625,13.90007541113258,14.121212005615234,82166800
2015-07-29,14.176497561402238,14.373941808739986,14.152803709424887,14.342350006103516,96388600
2015-07-30,14.373945451032625,14.445025518595987,14.25547766750673,14.318659782409668,65667900
2015-07-31,14.239679759951024,14.263372105714124,14.105417610566525,14.121212005615234,67176900
2015-08-03,14.144905336932327,14.192291533093805,13.931665194635654,14.034337043762207,62376800
2015-08-04,14.050132730881241,14.160701022369414,13.98694912845372,14.058029174804688,69741500
2015-08-05,14.160699866499497,14.255472249644976,14.058028027315379,14.113313674926758,65228600
2015-08-06,14.144905504283374,14.20018965152251,14.0343372098051,14.065927505493164,47594700
2015-08-07,14.152804445158374,14.271270698443477,13.900076036448782,14.018542289733887,71020700
2015-08-10,14.113318352323162,14.255476974155194,14.105420400046876,14.247580528259277,65791200
2015-08-11,14.09751990386564,14.192292301318599,13.994848049181488,14.05013370513916,65868600
2015-08-12,13.915873958468378,13.939566308736245,13.442007370166392,13.836895942687988,141600100
2015-08-13,13.86848201399081,13.971153855094935,13.77370962907305,13.91586971282959,67456200
2015-08-14,13.876378803770463,13.979050636291504,13.852686462711585,13.979050636291504,52710300
2015-08-17,13.907972849744924,14.06592733907652,13.868483097627012,14.034337043762207,42310000
2015-08-18,13.994850377764251,14.137010503977601,13.939566218988025,13.971158027648926,50360700
2015-08-19,13.860584093235747,13.971153884378086,13.773709657942364,13.789504051208496,78540500
2015-08-20,13.576266638385706,13.584164588910822,13.205070495605469,13.205070495605469,149185400
2015-08-21,12.794384396865286,13.157680991419358,12.71540641784668,12.71540641784668,148874300
2015-08-24,11.862451808499689,12.620637063405884,11.530745382883179,12.075691223144531,214649500
2015-08-25,12.794387985553506,12.794387985553506,12.0440992339983,12.051997184753418,194377000
2015-08-26,12.486376249523056,12.683819770812988,12.115180802607295,12.683819770812988,174208500
2015-08-27,12.936548597892058,12.991834261801518,12.707514015788403,12.983936309814453,124185400
2015-08-28,12.952340910790403,12.983932709979744,12.794386433983384,12.920750617980957,75899300
2015-08-31,12.897057913454203,12.936546159566335,12.778591668737779,12.904955863952637,66695200
2015-09-01,12.596942071388893,12.675919313656888,12.209951550662753,12.30472469329834,119064000
2015-09-02,12.534497458253696,12.566190216145534,12.33641753252597,12.558267593383789,74820400
2015-09-03,12.653347775433847,12.827658347935907,12.574115490946985,12.62957763671875,77175800
2015-09-04,12.510726268652435,12.566188398035,12.280953618277007,12.399801254272461,104539500
2015-09-08,12.645419796824603,12.80388355255127,12.597880292299209,12.80388355255127,73960200
2015-09-09,12.97027347758106,13.041580856531093,12.542420136501953,12.597882270812988,70466100
2015-09-10,12.574114675461962,12.764271994774905,12.526575912344988,12.708809852600098,71110200
2015-09-11,12.669192957310926,12.724655099485734,12.59788405702045,12.708809852600098,54287700
2015-09-14,12.653345359870624,12.732576873616878,12.597882469071834,12.645421981811523,50640900
2015-09-15,12.70880908385779,12.986119777957603,12.685038948122116,12.922734260559082,62327100
2015-09-16,12.954427269539444,12.986119271387475,12.748423968222665,12.938580513000488,83776400
2015-09-17,12.906889202917851,13.0574288644167,12.502805201281303,12.566190719604492,119088200
2015-09-18,12.423573300203882,12.447342679942421,12.280955510542729,12.328495025634766,136531200
2015-09-21,12.415648462106201,12.47903397103369,12.336416198139405,12.439417839050293,79096200
2015-09-22,12.273033581663888,12.344342484916785,12.241340819730938,12.336419105529785,92235200
2015-09-23,12.360189617514553,12.55826957449001,12.344342858261284,12.455267906188965,78117500
2015-09-24,12.312645661617667,12.37603116457565,12.201720653633796,12.320569038391113,99520100
2015-09-25,12.582036720049134,12.692961748248882,12.526574583756727,12.589960098266602,88655000
2015-09-28,12.510726050659192,12.534495426321145,12.1858751460248,12.257184028625488,91324300
2015-09-29,12.280956081155383,12.304725461998325,12.082876144362555,12.162108421325684,79829400
2015-09-30,12.320571897854029,12.360188035300917,12.138337967844329,12.344341278076172,71347100
2015-10-01,12.29679966368557,12.391877918122544,12.170027902154805,12.320569038391113,71516800
2015-10-02,11.948179854611789,12.18587589263916,11.59163617537817,12.18587589263916,181838400
2015-10-05,12.241341938549475,12.510730817408323,12.233418558438304,12.431498527526855,75315300
2015-10-06,12.423575903030804,12.534500202126717,12.336420233038165,12.431498527526855,67473700
2015-10-07,12.502804757125496,12.621653166470683,12.336417588534198,12.479035377502441,66655600
2015-10-08,12.455265997879385,12.502804757125496,12.288878829288088,12.479035377502441,79056900
2015-10-09,12.47903569202661,12.53449783108327,12.280955760407139,12.344341278076172,76667100
2015-10-12,12.360188997027226,12.37603499986995,12.225494572596434,12.29680347442627,50725800
2015-10-13,12.241340575439157,12.352265617798349,12.201724434909801,12.29680347442627,73689800
2015-10-14,12.49488264581097,12.61373030440628,12.320572091671528,12.391880989074707,122272400
2015-10-15,12.52657516032325,12.898965641920155,12.455266264313737,12.827656745910645,127028800
2015-10-16,12.906889278494956,12.906889278494956,12.700885964930835,12.772194862365723,66989500
2015-10-19,12.677114935367587,12.843501343503952,12.66126817900321,12.788039207458496,62953500
2015-10-20,12.803887309745344,12.906889725711364,12.756348546884885,12.835580825805664,50797800
2015-10-21,12.883117831532394,12.906887965335617,12.597882270812988,12.597882270812988,64440400
2015-10-22,12.677112547969937,12.835577059311394,12.677112547969937,12.80388355255127,74116600
2015-10-23,12.906885828882327,13.112887576158561,12.875192322390864,13.089118957519531,82285800
2015-10-26,13.089123979333184,13.112892607091359,12.94650616786355,13.08120059967041,67702800
2015-10-27,12.994043350219727,13.049505489866384,12.914811074483088,12.994043350219727,56159300
2015-10-28,13.033658018751984,13.715051846815705,13.033658018751984,13.691283226013184,147720100
2015-10-29,13.596205965161982,13.818056025760509,13.445664798640484,13.540743827819824,95542300
2015-10-30,13.612050630126319,13.612050630126319,13.279276345981067,13.295123100280762,87645800
2015-11-02,13.390201521183867,13.580358052121689,13.366432899335248,13.516972541809082,56948200
2015-11-03,13.477360394233477,13.675440350331153,13.46151363505043,13.612054824829102,66127100
2015-11-04,13.707133664215743,13.715057044562629,13.437744777342715,13.477361679077148,78728400
2015-11-05,13.493205009949317,13.762593828346724,13.493205009949317,13.71505355834961,85505500
2015-11-06,14.134985602735032,14.333065556236106,14.071600078063891,14.22214126586914,158037500
2015-11-09,14.285521360249746,14.325136731399104,13.913130222035813,14.008209228515625,129920700
2015-11-10,13.968593955203243,14.214214120557198,13.913131824713547,14.142905235290527,59905800
2015-11-11,14.253833409952382,14.253833409952382,14.00821468838848,14.063676834106445,59235000
2015-11-12,13.928980639094213,13.96859602066465,13.746747465902311,13.762594223022461,77850900
2015-11-13,13.572436472399218,13.715054267302918,13.540744468659492,13.627900123596191,103574900
2015-11-16,13.572434282762769,13.833899694160765,13.47735677565244,13.810131072998047,70384300
2015-11-17,13.865595372522595,13.94482764832586,13.738824335729356,13.802209854125977,70488600
2015-11-18,13.810135845302684,14.15875701804799,13.810135845302684,14.134986877441406,85708300
2015-11-19,14.087451774304427,14.142913938925876,13.96068068053236,14.016142845153809,51829700
2015-11-20,14.111214707090763,14.127061465215768,13.936904901405796,13.984443664550781,56288300
2015-11-23,13.960671771097406,14.047825897926446,13.833899246998506,13.841822624206543,50362900
2015-11-24,13.67543623652682,13.921054885057226,13.667512859318785,13.841822624206543,58724200
2015-11-25,13.873515371727516,13.921054121137358,13.794283115224715,13.818053245544434,34939000
2015-11-27,13.833902806630874,13.865596323618147,13.730901898882369,13.849749565124512,22937500
2015-11-30,13.849746449089062,13.92897871250082,13.802207695533898,13.810131072998047,61893700
2015-12-01,13.88144269099286,14.111214637756348,13.849749174898571,14.111214637756348,74351800
2015-12-02,14.206559826282943,14.214505511772575,13.944358267063302,13.999978065490723,76919000
2015-12-03,14.04765085411906,14.119160509014373,13.705993950838032,13.745720863342285,95810100
2015-12-04,13.856957800235287,14.166831935498204,13.80928369059142,14.14299488067627,103021700
2015-12-07,14.135046514671394,14.142990681769055,13.856953686249486,13.936408996582031,81633300
2015-12-08,13.817226687361423,13.872844955640838,13.610643465549199,13.658317565917969,84873500
2015-12-09,13.59475770513393,13.809285159411703,13.404065792728908,13.586812019348145,82418100
2015-12-10,13.626538015091862,13.83312128515578,13.475573026298134,13.666266441345215,68395000
2015-12-11,13.483518549801913,13.555028200715618,13.221317001613148,13.292826652526855,91503900
2015-12-14,13.316662762105848,13.419953630819704,13.110079509193762,13.348443984985352,121121200
2015-12-15,13.523247473650631,13.896685596799413,13.49941041730663,13.84106731414795,99737200
2015-12-16,14.023816130661839,14.127108545134396,13.690104857454418,14.103271484375,171576700
2015-12-17,14.142996050323097,14.16683310711639,13.745720863342285,13.745720863342285,97265700
2015-12-18,13.658317692771098,13.721881645035666,13.31666088104248,13.31666088104248,136737800
2015-12-21,13.49146333141277,13.53119175452887,13.324608500778307,13.48351764678955,65150300
2015-12-22,13.547081982337414,13.594756091393053,13.388172831938553,13.570919036865234,56173500
2015-12-23,13.634486541290526,13.777505874633789,13.586813935337712,13.777505874633789,65770700
2015-12-24,13.761611638260954,13.809284234297365,13.682156301210597,13.721884727478027,29369400
2015-12-28,13.682156856235789,13.690102541811596,13.491464948870101,13.610647201538086,41777500
2015-12-29,13.705991781513221,13.785447109430454,13.634482137936146,13.729828834533691,45670400
2015-12-30,13.666269552431316,13.6980507851844,13.539141590449292,13.547085762023926,35066400
2015-12-31,13.515300366575152,13.5629729587641,13.372281074523926,13.372281074523926,47153000
2016-01-04,13.070350938998724,13.102132157835227,12.911440298363651,13.054459571838379,114888000
2016-01-05,13.125969208575743,13.181587478152762,12.895548931203306,13.054459571838379,66670000
2016-01-06,12.86377011507117,12.94322545022943,12.728696499947464,12.776369094848633,102760800
2016-01-07,12.498275063332967,12.633348666393431,12.267855521243145,12.315528869628906,116255900
2016-01-08,12.665132701966241,12.665132701966241,12.04538361880216,12.077165603637695,124782400
2016-01-11,12.124835519807315,12.212235763873013,11.870578955516246,12.164563179016113,104611700
2016-01-12,12.347309350537685,12.379091326356308,11.965925640714193,12.164563179016113,100023500
2016-01-13,12.291697635365427,12.33142531575425,11.799076368674456,11.8388032913208,119413000
2016-01-14,11.92620402742428,12.077168299657675,11.64016534230896,11.91031265258789,125920000
2016-01-15,11.44947006321544,11.648107644486332,11.226996184359868,11.489197731018066,172296100
2016-01-19,11.67194338212738,11.751398713920883,11.131649702255038,11.314395904541016,185727400
2016-01-20,10.956849058910413,11.123704659106702,10.543683279883846,10.87739372253418,250537600
2016-01-21,10.86150335547143,10.99657697571955,10.527792147533992,10.615192413330078,188976000
2016-01-22,10.845611100231316,10.90123013551308,10.702592564023552,10.774102210998535,169999800
2016-01-25,10.758212967991573,10.7661586542798,10.281482399091033,10.29737377166748,186419100
2016-01-26,10.384774420624995,10.607249098232309,10.360938118646489,10.575467109680176,124246900
2016-01-27,10.488064478447676,10.9091759521812,10.48011879308196,10.615192413330078,124095800
2016-01-28,10.797939429770594,10.893285381300965,10.535737873626509,10.750266075134277,110996200
2016-01-29,10.853557866913148,11.24288736398578,10.797939583829136,11.234942436218262,159984100
2016-02-01,11.163432411740862,11.19521439498332,10.96479482703993,11.091922760009766,105739400
2016-02-02,10.917123748231653,10.925069435133565,10.432448213351178,10.511902809143066,147101200
2016-02-03,10.551627724561781,10.559573409384317,9.947770075151094,10.35299015045166,257664600
2016-02-04,10.241759694657752,10.797945081922972,10.241759694657752,10.52779769897461,179394400
2016-02-05,10.583409359027288,10.639028393218801,10.241753258027181,10.28942584991455,125842800
2016-02-08,10.066949991087414,10.090786282306704,9.637892960430028,9.749130249023438,221363600
2016-02-09,9.526659207960682,9.876261811739273,9.502822907893789,9.693514823913574,247349000
2016-02-10,9.868313604546502,9.963659538196453,9.463092818227617,9.51871109008789,227530000
2016-02-11,9.105548013630306,9.177057674005106,8.732109097085427,8.867182731628418,375088700
2016-02-12,9.121437971900932,9.558440831166243,9.057874002306955,9.494876861572266,245388400
2016-02-16,9.83653271017183,9.84447839495342,9.622003767522168,9.733241081237793,194306700
2016-02-17,9.987498150664818,10.082844106448318,9.90804356638305,9.97955322265625,221859400
2016-02-18,10.098735884335188,10.122572184804689,9.614060400162902,9.725296974182129,161539400
2016-02-19,9.709404274222836,9.725294885208456,9.518711638200228,9.637894630432129,121045600
2016-02-22,9.637895676976008,9.963661193847656,9.637895676976008,9.963661193847656,88865500
2016-02-23,9.908044607276395,9.91598953611962,9.614061023290473,9.661733627319336,104498700
2016-02-24,9.502821027214608,9.653785241417749,9.256510116129082,9.637894630432129,159552800
2016-02-25,9.645841769634833,9.796806006607227,9.606114099565588,9.788860321044922,103054600
2016-02-26,9.92393324491526,10.289426419845906,9.852423595381097,10.090788841247559,160314400
2016-02-29,10.090790592204733,10.217918543328201,9.939826339681204,9.947772026062012,123661100
2016-03-01,10.043115752628182,10.496009167073892,10.027224383405853,10.480117797851562,153558200
2016-03-02,10.527971734608263,10.775219893896153,10.47214182406362,10.695462226867676,139622500
2016-03-03,10.671535591695525,10.807123173851357,10.567850925304272,10.767244338989258,105082700
2016-03-04,10.974614997789127,11.078299676708172,10.759269719889817,10.799148559570312,171410900
2016-03-07,10.727365243932047,10.862952822799166,10.66355941395052,10.791171073913574,97650300
2016-03-08,10.687486620152416,10.743317292953,10.408336298651534,10.416312217712402,125894800
2016-03-09,10.504048617241931,10.583806313719966,10.368460989604731,10.480121612548828,92253800
2016-03-10,10.551896646844988,10.687484197644423,10.368455113778301,10.583800315856934,123016200
2016-03-11,10.719388860091028,11.038418756786728,10.663558951435101,10.998539924621582,120400600
2016-03-14,10.942714007838887,10.958665090148582,10.759271617210103,10.878908157348633,87746800
2016-03-15,10.775219397633258,10.847001142527814,10.679510657982332,10.823073387145996,80404000
2016-03-16,10.775222970106432,11.014495278876048,10.440241889954107,10.615708351135254,149645400
2016-03-17,10.543925789937482,10.751294398700889,10.408338183846615,10.687488555908203,122212300
2016-03-18,10.91080710235863,11.070321670393751,10.807122442979438,10.998539924621582,146616200
2016-03-21,11.00651680710972,11.189958386259212,10.942710974307678,11.038419723510742,104695700
2016-03-22,10.902833337096919,11.038420936861524,10.870930417189108,10.974615097045898,83252100
2016-03-23,10.982591620074805,11.030445622250692,10.847004012867044,10.862955093383789,95789700
2016-03-24,10.695464231934599,10.918784676604293,10.583804389912565,10.910809516906738,94836500
2016-03-28,10.950687937790015,10.958663858361213,10.799149250065508,10.862955093383789,54498500
2016-03-29,10.799145583987832,10.799145583987832,10.57582520818631,10.703436851501465,101606800
2016-03-30,10.759268147594396,10.894855726318754,10.73534115153289,10.75129222869873,85897000
2016-03-31,10.759270594499698,10.934737046981997,10.727367672287068,10.783198356628418,79592100
2016-04-01,10.743316066734089,10.886878790316272,10.623679576352613,10.81509780883789,73130900
2016-04-04,10.799147868999682,10.886880702186058,10.695463196710937,10.77522087097168,59709600
2016-04-05,10.607729274194472,10.639632188497481,10.496068693821202,10.51999568939209,78445900
2016-04-06,10.527969655711361,10.60772730699056,10.456187921685151,10.583800315856934,62558500
2016-04-07,10.488093710519637,10.535948466555043,10.16906453903541,10.248822212219238,105704500
2016-04-08,10.39238469323343,10.480118283616491,10.256797108664626,10.272748947143555,76548100
2016-04-11,10.304651272306836,10.440238849097096,10.272748357804744,10.34453010559082,79411500
2016-04-12,10.368455113778301,10.631654298124184,10.312625214258063,10.583800315856934,100791600
2016-04-13,10.807122442979438,11.046394675344848,10.791170605863197,10.998539924621582,138647200
2016-04-14,10.934735848145088,11.38935262998928,10.92675992830996,11.277692794799805,179383300
2016-04-15,11.381380018486068,11.397331101101372,11.126155851009441,11.166034698486328,87958700
2016-04-18,11.046396185965536,11.357449446014922,11.022468427018998,11.301619529724121,81998200
2016-04-19,11.373402754619724,11.596723209258808,11.357450913261244,11.524941444396973,107153600
2016-04-20,11.61267462392284,11.915751992341107,11.588746862764319,11.907776832580566,115628700
2016-04-21,11.907780727664592,12.07527130743293,11.764217156255764,11.8838529586792,121589000
2016-04-22,11.859922569586145,12.075267865314071,11.859922569586145,12.051340103149414,83456600
2016-04-25,11.979557370631769,12.07526612360862,11.812066862765894,11.931702613830566,70489500
2016-04-26,11.97956187083648,12.075270659766995,11.804095377484284,12.035391807556152,84812400
2016-04-27,11.979557037353516,12.20287745475326,11.947653359956588,11.979557037353516,115789000
2016-04-28,11.899801517334488,12.027413207500166,11.77218982716881,11.796116828918457,78639300
2016-04-29,11.748258663185592,11.843968163723654,11.508987193716791,11.612671852111816,122128100
2016-05-02,11.628626220734516,11.788140832417128,11.485062689907332,11.780165672302246,68882800
2016-05-03,11.572796820595757,11.572796820595757,11.285669745945798,11.453160285949707,110549000
2016-05-04,11.237814296809953,11.381377815690612,11.166032537369624,11.2697172164917,99269700
2016-05-05,11.285668557089105,11.421256159029452,11.166032795671446,11.205911636352539,73145900
2016-05-06,11.030442804290475,11.27769095445328,11.00651580931519,11.253763198852539,76595100
2016-05-09,11.229838976101114,11.317571819752063,11.0942513700606,11.15805721282959,55399600
2016-05-10,11.229840346757008,11.429233819903441,11.205913342954643,11.405306816101074,59870500
2016-05-11,11.365427015404325,11.564820471814928,11.317572251190484,11.32554817199707,68088900
2016-05-12,11.405304469659537,11.540892064354399,11.20591103753481,11.277692794799805,72567100
2016-05-13,11.285667492786175,11.461133918860128,11.062347070908311,11.07032299041748,86193900
2016-05-16,11.022468242217073,11.181983590017328,11.006517163812378,11.110201835632324,57848600
2016-05-17,11.078299611154314,11.269717127737286,11.022468931681749,11.1740083694458,76273800
2016-05-18,11.181981735536079,11.764210072320196,11.174005817343726,11.716355323791504,150748500
2016-05-19,11.64457674912428,11.859921260456238,11.50898915432707,11.588746070861816,106156900
2016-05-20,11.676476360639443,11.7243303448811,11.508985894542912,11.580767631530762,81214000
2016-05-23,11.596722521204049,11.644577281814515,11.485061920196705,11.540892601013184,66303200
2016-05-24,11.644577717397034,11.76421348245993,11.588747034492126,11.708383560180664,96183700
2016-05-25,11.828019489984687,12.083242864673966,11.828019489984687,11.899801254272461,123498700
2016-05-26,11.947652252473063,11.955628171082969,11.71635593716402,11.724331855773926,65356600
2016-05-27,11.772187332673264,11.86789608001709,11.7163566595869,11.86789608001709,62411300
2016-05-31,11.987534364166972,12.003486205750518,11.748262064793492,11.796116828918457,85635900
2016-06-01,11.68407695374465,11.924160109929286,11.564034612446594,11.892148971557617,62612100
2016-06-02,11.964172102393357,11.988180261113918,11.820122386864393,11.956169128417969,64327300
2016-06-03,11.572037803702681,11.604048942671476,11.355962043259002,11.540026664733887,148600900
2016-06-06,11.556030259006413,11.764103015212637,11.500010964337678,11.6200532913208,80949300
2016-06-07,11.636061527253196,11.684078623274697,11.476005812524608,11.4840087890625,67447100
2016-06-08,11.484005723447618,11.572036152247467,11.443991614645634,11.548027992248535,58292900
2016-06-09,11.459997227428246,11.459997227428246,11.267930413865976,11.355960845947266,74814900
2016-06-10,11.187902170765966,11.203908120133452,11.003838332273926,11.06786060333252,90725700
2016-06-13,10.91580878368852,11.131883775194874,10.867791694906144,10.883797645568848,71925000
2016-06-14,10.851786843951503,10.987833612774473,10.539677665202225,10.611702919006348,85377800
2016-06-15,10.707733252084191,10.93181116132684,10.627705045751904,10.675722122192383,100659100
2016-06-16,10.587692247744135,10.6677204639416,10.419634367499592,10.651715278625488,90152000
2016-06-17,10.707737295659195,10.827778887283529,10.627709059105754,10.723742485046387,89022300
2016-06-20,10.995838731518216,11.083869953639256,10.811774836548597,10.835783004760742,89874000
2016-06-21,10.899805068969727,10.92381323668299,10.763757513251416,10.899805068969727,73810800
2016-06-22,10.883796761607803,11.02784648984402,10.875793786926439,10.891798973083496,77980500
2016-06-23,11.0758652049104,11.243923881926166,11.059859253191858,11.235920906066895,82494600
2016-06-24,10.443644371819573,10.755752791067467,10.379622092835094,10.403630256652832,231499200
2016-06-27,10.21956510406733,10.21956510406733,9.64336390280791,9.747400283813477,250847700
2016-06-28,10.059507333918255,10.179549648382695,9.883446493832654,10.163543701171875,150136300
2016-06-29,10.459648771078296,10.579691107524724,10.33960719783758,10.555682182312012,118484000
2016-06-30,10.699729778557531,10.707732751457698,10.459645933991025,10.619702339172363,125773900
2016-07-01,10.555684244353609,10.619707294221962,10.419637457600201,10.483659744262695,88888100
2016-07-05,10.347610113273015,10.35561232509209,10.107526204969526,10.195556640625,98246500
2016-07-06,10.019498248640435,10.339609696786244,9.963478172810499,10.291592597961426,94983300
2016-07-07,10.299590345253879,10.491657116617677,10.27558218963478,10.411629676818848,101100300
2016-07-08,10.627704214754662,10.659715342143468,10.491656732550869,10.539673805236816,92698900
2016-07-11,10.635713807690335,10.723744272003465,10.563688535431433,10.571691513061523,67267300
2016-07-12,10.731746591566907,10.883800104390938,10.723743614427557,10.835783004760742,89070600
2016-07-13,10.803770611233588,10.867792894539988,10.659720092191279,10.755753517150879,74595600
2016-07-14,10.987835153412304,11.027849273714626,10.915810652715166,10.923812866210938,97852100
2016-07-15,11.027848572092037,11.035851548284501,10.819776533528652,10.931815147399902,78652500
2016-07-18,11.075861932470659,11.387970266709818,11.059855985481184,11.291936874389648,187187100
2016-07-19,11.251925895177946,11.500012019945183,11.227916969654109,11.411981582641602,96940100
2016-07-20,11.484009696590444,11.548031987541263,11.411984428469294,11.524023056030273,79277900
2016-07-21,11.54803033475474,11.580041475648626,11.411982795154277,11.4199857711792,65376300
2016-07-22,11.411980323399266,11.524018910658192,11.347958055478271,11.508013725280762,46604800
2016-07-25,11.45199892062959,11.516021213646177,11.427989988343919,11.500015258789062,46420800
2016-07-26,11.459998804068862,11.644063431460154,11.451996591473764,11.628057479858398,60205600
2016-07-27,11.660066071665163,11.764102444723125,11.564032672659108,11.708083152770996,100986000
2016-07-28,11.66006812343717,11.756101539341813,11.572037682992685,11.748099327087402,72049500
2016-07-29,11.652067473956981,11.764106092602798,11.588044424894708,11.596047401428223,63276500
2016-08-01,11.620052914925179,11.684075181960115,11.411980165458825,11.467999458312988,61460900
2016-08-02,11.427985863062467,11.564033377413683,11.275933162837633,11.307944297790527,83776300
2016-08-03,11.29193998097291,11.588043212890625,11.2839377684822,11.588043212890625,65305400
2016-08-04,11.588043212890625,11.636060303863715,11.492009794150212,11.588043212890625,46176600
2016-08-05,11.804117943467581,12.05220482588656,11.804117943467581,12.044201850891113,120947800
2016-08-08,12.068211705065785,12.140236963713926,11.940167140005004,12.10822582244873,71960300
2016-08-09,12.092219138276004,12.156241416931152,12.060207998948432,12.156241416931152,49973300
2016-08-10,12.13223000045905,12.148235947434356,11.828123876778251,11.852132797241211,79080700
2016-08-11,11.868139424834904,11.980178777675574,11.804117155556137,11.908153533935547,68945400
2016-08-12,11.820126523828252,11.932165145874023,11.764106449599494,11.932165145874023,63031300
2016-08-15,11.9801780396656,12.02819435706392,11.96417209172909,12.02019214630127,48592100
2016-08-16,11.980177385261744,12.156238223712597,11.948166254342901,12.140233039855957,80307500
2016-08-17,12.13223240622695,12.196254680412393,12.068210132041509,12.124229431152344,93407300
2016-08-18,12.092216651933589,12.196253024158194,12.052203308405792,12.132230758666992,62804300
2016-08-19,12.108222070493929,12.204255464531807,12.044199807802011,12.18024730682373,59834800
2016-08-22,12.164245278643273,12.204259396518925,12.100222995324557,12.148240089416504,60877100
2016-08-23,12.212262194215613,12.332303782881976,12.212262194215613,12.284287452697754,67817900
2016-08-24,12.300291649162038,12.404328040440745,12.292288673708503,12.324299812316895,65484900
2016-08-25,12.340304756628317,12.43633816462007,12.32429880702685,12.428335189819336,67714400
2016-08-26,12.492358302561955,12.724439244962722,12.468350139749663,12.636408805847168,126886300
2016-08-29,12.652413005975717,12.812468674589052,12.628404083279493,12.676421165466309,120144900
2016-08-30,12.67642206814331,12.988530453362875,12.644410932141158,12.956520080566406,121280600
2016-08-31,13.032898778425048,13.057019440634628,12.767578394938544,12.976618766784668,127664300
2016-09-01,12.98466120813279,12.98466120813279,12.663059991248636,12.847980499267578,128812600
2016-09-02,12.815816987741869,12.91229732728766,12.719336648196077,12.864057540893555,100997300
2016-09-06,12.90426309954517,12.912303323263618,12.622862170220928,12.687182426452637,96542200
2016-09-07,12.63893944455945,12.743460026384804,12.582658659417957,12.622859001159668,63310300
2016-09-08,12.679139482732067,12.81581941456905,12.606779022681017,12.75149917602539,69292700
2016-09-09,12.791704324797738,12.984665112956518,12.655023574829102,12.655023574829102,135182500
2016-09-12,12.582656171762697,12.815817187658212,12.445975496917988,12.78365707397461,109724000
2016-09-13,12.598737613145845,12.751497973592707,12.502257264428197,12.638937950134277,89317600
2016-09-14,12.598737072561933,12.735417752403349,12.510296948388273,12.566576957702637,75528100
2016-09-15,12.57461591728953,12.663056032595577,12.526375366458703,12.598735809326172,67322600
2016-09-16,12.590697370959202,12.606777812430257,12.445976464750311,12.45401668548584,90926200
2016-09-19,12.502258939206097,12.68717944066376,12.502258939206097,12.534419059753418,66186400
2016-09-20,12.655016641604824,12.671097081853839,12.470096179286706,12.54245662689209,68210400
2016-09-21,12.63089933155694,12.727379692512681,12.373618369008298,12.582658767700195,95464600
2016-09-22,12.614816307739877,12.630896747988894,12.462055959162198,12.54245662689209,75611300
2016-09-23,12.486177424349503,12.598738219987283,12.462057527697725,12.478137969970703,51604400
2016-09-26,12.381657458582051,12.413817577951445,12.076136707951687,12.132416725158691,94972100
2016-09-27,12.068094944819542,12.333416087413857,11.907294368513536,12.29321575164795,81992600
2016-09-28,12.34949725480026,12.373617919230728,12.180656437575594,12.365577697753906,66076400
2016-09-29,12.365575000361293,12.462055336764044,12.108294103287292,12.18869400024414,78997700
2016-09-30,12.269097786283476,12.646979008337356,12.196737323877233,12.582658767700195,119428700
2016-10-03,12.53441684284334,12.646976861472067,12.462056392720518,12.566576957702637,69873100
2016-10-04,12.622857838327475,12.904258671081003,12.598737942207498,12.703258514404297,98501500
2016-10-05,12.831900270776012,13.048980891161515,12.831900270776012,12.95250129699707,86056900
2016-10-06,13.000739759864276,13.048979551995838,12.896219954660001,13.040939331054688,75886700
2016-10-07,13.016819662270612,13.065059452402899,12.84797809653469,12.968578338623047,99605400
2016-10-10,13.040939659689956,13.18566057324699,13.008780308630271,13.105259895324707,64158500
2016-10-11,13.073101556460376,13.129381575308887,12.880140834615986,12.95250129699707,77374000
2016-10-12,12.93642148584172,13.057021751200386,12.872101242082726,12.888181686401367,67165800
2016-10-13,12.936419996748025,12.936419996748025,12.542458357383127,12.727378845214844,78637000
2016-10-14,12.9846577736364,13.048978000000261,12.815816987741869,12.864057540893555,108865700
2016-10-17,13.000738885643726,13.02485954684521,12.783657535376083,12.904257774353027,101795500
2016-10-18,13.016818178353926,13.081138402369566,12.952497954338288,13.073098182678223,71433100
2016-10-19,13.105259806861406,13.290181824889011,13.08918089819779,13.24194049835205,97969000
2016-10-20,13.22586212226872,13.370581507161063,13.19370123661569,13.314301490783691,88081200
2016-10-21,13.233897978323164,13.402739524841309,13.185658193681595,13.402739524841309,77954900
2016-10-24,13.46706622036757,13.507265804633974,13.354506157608972,13.483146667480469,68244800
2016-10-25,13.434902397519938,13.523343303846145,13.410783265624069,13.44294261932373,49350300
2016-10-26,13.378621300149856,13.563543319702148,13.362542391353669,13.563543319702148,58730400
2016-10-27,13.627863054767285,13.748463300642637,13.55550260053901,13.595702171325684,97937300
2016-10-28,13.627863225760176,13.65198235512868,13.266060950079153,13.410781860351562,115123600
2016-10-31,13.410779809959807,13.450979375104716,13.266058921813965,13.266058921813965,70387600
2016-11-01,13.31429966900323,13.467060787922131,13.129379202347057,13.354500770568848,88587100
2016-11-02,13.23390524666797,13.314305954238446,13.089185813260245,13.249985694885254,119202000
2016-11-03,13.249985694885254,13.402746885917566,13.225866556075273,13.249985694885254,69690400
2016-11-04,13.29018024851697,13.434899610416315,13.145459353102437,13.306259155273438,82437400
2016-11-07,13.55550522999852,13.70022616652764,13.547465007578499,13.676105499267578,91581900
2016-11-08,13.52334319317871,13.756505023034098,13.434902287576252,13.66806411743164,95842800
2016-11-09,14.198705820296787,14.512266785843734,13.989664665427016,14.447946548461914,319516900
2016-11-10,14.68110799873208,15.26803034179126,14.673067777571838,15.083109855651855,304986400
2016-11-11,14.986631041417436,15.30019358085696,14.978590819019947,15.292153358459473,212952500
2016-11-14,15.605707703612914,16.240871200275695,15.597667484647124,16.144390106201172,320959900
2016-11-15,15.911234910817582,16.22479588184831,15.758473769295875,16.208715438842773,190293100
2016-11-16,15.90319476129717,16.0479141484557,15.822794079421017,15.879074096679688,126734500
2016-11-17,15.88710923335573,16.25695010469231,15.83886945307595,16.144390106201172,167979200
2016-11-18,16.128314103849334,16.19263433974993,15.975554502032537,16.080074310302734,120620200
2016-11-21,16.160473663162872,16.36147457555665,16.08811321201989,16.345394134521484,117479100
2016-11-22,16.345398286087356,16.457958334892105,16.176558212880238,16.321277618408203,104771800
2016-11-23,16.41775726791344,16.61071799131457,16.240876988174616,16.530317306518555,110801300
2016-11-25,16.578556105990373,16.787595707618333,16.48207499226454,16.771516799926758,62610400
2016-11-28,16.618759719055156,16.763480658098775,16.281078039125266,16.321277618408203,108651200
2016-11-29,16.385595160634285,16.51423716683945,16.281075351642123,16.313236236572266,114216800
2016-11-30,16.761112495404703,17.100046937951138,16.720762240812967,17.04355812072754,191699600
2016-12-01,17.285658930757098,17.705292475328754,17.22110004230033,17.350217819213867,199233900
2016-12-02,17.34214283877458,17.350212889939602,16.962859669247795,17.132326126098633,128468700
2016-12-05,17.326004159238074,17.648800075527124,17.31793410741035,17.624589920043945,130377300
2016-12-06,17.826338927817545,17.882827758789062,17.527753127989982,17.882827758789062,120789200
2016-12-07,17.90703553143222,18.21368980407715,17.713358905676742,18.21368980407715,168005200
2016-12-08,18.39122793686102,18.754371034361238,18.310528957681527,18.52034568786621,182693900
2016-12-09,18.520346020078744,18.697882546094228,18.38315821477427,18.633323669433594,130590400
2016-12-12,18.560696032917413,18.762442728927383,18.18948285107753,18.2459716796875,136986000
2016-12-13,18.399298060427377,18.463856941582364,17.98773615506756,18.2459716796875,118204100
2016-12-14,18.003872124480235,18.802788740757403,17.92317314987342,18.294387817382812,225340900
2016-12-15,18.479993095499864,18.87541635043009,18.39929412650894,18.689809799194336,162025800
2016-12-16,18.689807261585617,18.818924978758208,18.278243960896255,18.286314010620117,147497700
2016-12-19,18.23789895262224,18.33473649055128,18.02001218347452,18.14105987548828,97508900
2016-12-20,18.262108909213744,18.423506869893224,18.245970344509814,18.32666778564453,83879500
2016-12-21,18.33473868822455,18.33473868822455,18.132991997617836,18.262109756469727,61079100
2016-12-22,18.23789668347251,18.34280425971058,18.13298756802972,18.189477920532227,67123500
2016-12-23,18.165268954175254,18.278246588139076,18.10071008630952,18.237897872924805,38187800
2016-12-27,18.326669126727378,18.350879284362424,18.18948285107753,18.2459716796875,39988600
2016-12-28,18.254044566427346,18.29439329621199,17.96352878652072,18.020017623901367,52652900
2016-12-29,18.02001344246012,18.068432214807466,17.568101309073178,17.753707885742188,79188400
2016-12-30,17.769850827237658,17.96352748676004,17.71336199394429,17.834409713745117,72605900
2017-01-03,18.23789865522037,18.30245752585529,17.915104302045783,18.18140983581543,99298100
2017-01-04,18.334737573991873,18.528414200499657,18.237900030340484,18.52034568786621,76875100
2017-01-05,18.415433530886354,18.504202547335794,18.03615039195603,18.30245590209961,86826400
2017-01-06,18.383154868035035,18.439643682428407,18.205616835136148,18.30245590209961,66281500
2017-01-09,18.16526924774554,18.3266656504158,18.07650022579375,18.197547912597656,75901500
2017-01-10,18.2298319156109,18.673674039453445,18.189483191336187,18.512277603149414,100977700
2017-01-11,18.51227039745358,18.617177963256836,18.33473238565713,18.617177963256836,92385600
2017-01-12,18.56876081003863,18.6575298236092,18.245966495970244,18.496131896972656,120474200
2017-01-13,18.73016014574708,18.891558097788952,18.3992957293457,18.568763732910156,161930900
2017-01-17,18.302456454671155,18.391225473800635,17.76177536754622,17.79405403137207,152495900
2017-01-18,17.995804186437063,18.278249861127488,17.83440775747475,18.262109756469727,124366000
2017-01-19,18.34280624280028,18.407365113435198,18.084570760260608,18.18140983581543,75990800
2017-01-20,18.286316035072463,18.504202784124875,18.173338404840003,18.27017593383789,102564900
2017-01-23,18.25404012301323,18.36701777027341,18.09264216475154,18.20561981201172,61385600
2017-01-24,18.245970082178935,18.641393387032952,18.14106094748409,18.52034568786621,98508700
2017-01-25,18.818933181059503,18.899632174266475,18.64139662736838,18.859283447265625,99753300
2017-01-26,18.89155942076317,19.004537071581325,18.786651822032745,18.915769577026367,84146400
2017-01-27,18.907696549674448,18.92383665131015,18.786648865816293,18.851207733154297,54590200
2017-01-30,18.722092366212443,18.722092366212443,18.326667522153425,18.52034568786621,91561200
2017-01-31,18.37508505265784,18.584901751092964,18.15719830360543,18.27017593383789,91044300
2017-02-01,18.53648078420013,18.738227424799973,18.415433107681164,18.471921920776367,103630900
2017-02-02,18.35087215448317,18.391222401530932,18.16526563567708,18.334732055664062,88679100
2017-02-03,18.681742414997743,18.843140376017455,18.520345993183064,18.794721603393555,116035100
2017-02-06,18.681744171964706,18.86735076714965,18.61718528932624,18.657535552978516,92228400
2017-02-07,18.78664960654044,18.794719657676477,18.447715154851146,18.47999382019043,87982900
2017-02-08,18.34280658646494,18.34280658646494,18.11685130461175,18.294387817382812,102264500
2017-02-09,18.367019811502836,18.681744171964706,18.27018071794255,18.657535552978516,102634200
2017-02-10,18.71402271026399,18.7543714311048,18.528414592463164,18.625253677368164,90548300
2017-02-13,18.6978830260021,18.996468800224303,18.6978830260021,18.88348960876465,105342500
2017-02-14,18.883495870207902,19.504876242057314,18.82700702534988,19.416107177734375,139711400
2017-02-15,19.642060564050556,19.989065164867082,19.456453953122516,19.835737228393555,151233300
2017-02-16,19.80345855393904,19.86801744205337,19.60978035039074,19.835737228393555,98144500
2017-02-17,19.593634957081715,19.835730318372228,19.52907609145726,19.787311553955078,85789200
2017-02-21,19.843799655412635,20.013266094381198,19.83572960509917,19.997127532958984,78571500
2017-02-22,19.859943485213197,20.134319090572554,19.803454661616563,20.00520133972168,81531900
2017-02-23,20.005205271696994,20.08590272743593,19.77924839369418,19.835737228393555,85846000
2017-02-24,19.464521913841946,19.650128504814806,19.383822927573924,19.55328941345215,97074400
2017-02-27,19.529077319199697,19.90029043507633,19.521007268088702,19.827661514282227,69129100
2017-02-28,19.755037259765697,19.932575347733618,19.706618480867732,19.91643524169922,90242000
2017-03-01,20.535657040613895,20.72992400263491,20.414238838441257,20.640884399414062,143947500
2017-03-02,20.786586210842355,20.883718925530406,20.398052264296826,20.422334671020508,99824600
2017-03-03,20.478995928146055,20.76230251324937,20.478995928146055,20.59231948852539,92456100
2017-03-06,20.503281818235713,20.519471120377737,20.300920173150917,20.438526153564453,75660400
2017-03-07,20.414241654028213,20.527565222092793,20.317108931569187,20.406147003173828,64053700
2017-03-08,20.72182710476207,20.859433047585,20.414236623677215,20.44661521911621,105314600
2017-03-09,20.51947021484375,20.665170839898458,20.422335950175025,20.51947021484375,78984600
2017-03-10,20.738014806053503,20.738014806053503,20.309007712890505,20.487085342407227,86998800
2017-03-13,20.478992462158203,20.56803205655165,20.341386518048516,20.478992462158203,56886200
2017-03-14,20.38995658511758,20.511373244298724,20.27663303183814,20.49518394470215,63182700
2017-03-15,20.551845660335296,20.68135697379486,20.203783426451484,20.38186264038086,114662700
2017-03-16,20.430431092588694,20.63279273361342,20.389959381942468,20.414241790771484,70306200
2017-03-17,20.414234772344162,20.454708012972457,20.09855121492478,20.122835159301758,105222400
2017-03-20,19.896197089411416,20.041897722407658,19.766685758725163,19.782875061035156,87287500
2017-03-21,19.831441589313545,19.880007952751356,18.576799983874903,18.633460998535156,259545800
2017-03-22,18.333966243776167,18.762973522442405,18.17207784073195,18.568706512451172,167984400
2017-03-23,18.649641094648086,19.01389095646625,18.544412224599036,18.67392349243164,111666800
2017-03-24,18.77916072255858,18.900577397216722,18.423003805517485,18.714405059814453,113499100
2017-03-27,18.034463454145936,18.657735908779607,17.937329222416817,18.64154815673828,119513500
2017-03-28,18.62535727375665,19.159591643004752,18.617262626477604,19.005796432495117,95761700
2017-03-29,19.03008503083156,19.143407032674904,18.868195133429804,18.90057373046875,67204500
2017-03-30,18.924859176112093,19.410527402481517,18.884387467204945,19.321489334106445,79189200
2017-03-31,19.289111810749475,19.402433837145242,19.094844818115234,19.094844818115234,77158300
2017-04-03,19.14341118029959,19.22435614653806,18.682026879806166,19.094844818115234,88076600
2017-04-04,18.779159839747788,19.03008782809803,18.779159839747788,18.973426818847656,75244400
2017-04-05,19.240543384539514,19.329581448343156,18.738685882815115,18.75487518310547,97453300
2017-04-06,18.754877953314004,18.989616666609848,18.584893362950847,18.827728271484375,82975200
2017-04-07,18.641554928827862,18.892482931432017,18.56060996363068,18.746782302856445,79519400
2017-04-10,18.722499074188335,18.84391729862815,18.544421378985124,18.633460998535156,63254700
2017-04-11,18.47966281687094,18.576797072420018,18.277301199715588,18.552513122558594,94206700
2017-04-12,18.520133796766313,18.56870169458533,18.30158443216695,18.333961486816406,76556300
2017-04-13,18.261112185460398,18.58489046919439,18.08303451538086,18.08303451538086,88061800
2017-04-17,18.099218665050753,18.479657847189618,18.01827373117758,18.463468551635742,85053200
2017-04-18,18.706312004993062,18.73868906717912,18.1154147951541,18.382532119750977,146488400
2017-04-19,18.552505590676454,18.738677832342628,18.35823870234271,18.40680503845215,101771800
2017-04-20,18.58488391683569,18.754868420801042,18.471561943456184,18.67392349243164,103802600
2017-04-21,18.641556336724026,18.68202805043083,18.285399389295883,18.382532119750977,127235400
2017-04-24,18.811538388095283,19.30530129736393,18.811538388095283,19.127222061157227,138638900
2017-04-25,19.418624742013705,19.71002602696616,19.353869072457265,19.41053009033203,131531100
2017-04-26,19.42671278155149,19.580508023363105,19.31339078437263,19.33767318725586,95172200
2017-04-27,19.345773284821163,19.370057238440268,18.989616351225266,19.14341163635254,80024200
2017-04-28,19.07864931664812,19.200065954604145,18.876287738755973,18.89247703552246,69384900
2017-05-01,19.038180276888472,19.240541883035934,18.900574322952338,19.11103057861328,72382900
2017-05-02,19.111029834871903,19.159596186166215,18.88438428900433,19.046274185180664,60262600
2017-05-03,18.91677070523124,19.248643740068882,18.892486747597836,19.240549087524414,64272800
2017-05-04,19.410529044658876,19.467190059481233,19.208167395209397,19.305301666259766,68133400
2017-05-05,19.410529823380394,19.41862447495074,19.102940783191787,19.216262817382812,56678800
2017-05-08,19.224357463894908,19.475285486921976,19.224357463894908,19.39434051513672,56016500
2017-05-09,19.451003348740397,19.677647420239463,19.321492009627516,19.41053009033203,61622000
2017-05-10,19.3538649752064,19.564321242685065,19.321487919230936,19.548131942749023,48495300
2017-05-11,19.507661408027083,19.61288877613586,19.29720512791282,19.48337745666504,68350800
2017-05-12,19.361960193083178,19.426715850830078,19.22435422738393,19.426715850830078,62589000
2017-05-15,19.475290298461914,19.54004598310919,19.410534613814637,19.475290298461914,50688800
2017-05-16,19.48338054793937,19.56432552142571,19.378153163134996,19.418624877929688,55774800
2017-05-17,18.916763142997084,18.981518793568767,18.180165494886545,18.26920509338379,190353300
2017-05-18,18.3015777195657,18.617261220121033,18.212538150118405,18.40680503845215,108444100
2017-05-19,18.544417632853733,18.860101247273995,18.512040578401255,18.657739639282227,89566700
2017-05-22,18.771065336282902,18.81153704495102,18.471569442889994,18.649648666381836,74839400
2017-05-23,18.641556950696987,19.02199632132049,18.48776165453133,18.93295669555664,79020000
2017-05-24,18.973427996482854,18.997710405442046,18.795348763332495,18.908672332763672,58823200
2017-05-25,18.949140975659247,19.086746931770474,18.795345720265157,18.819629669189453,60443500
2017-05-26,18.80343451242604,18.957229719911197,18.754868173602965,18.8115291595459,50399500
2017-05-30,18.722494075268653,18.78724972386155,18.520132480428803,18.544416427612305,61307900
2017-05-31,18.49974779690904,18.5159887156022,17.939395054370202,18.199268341064453,138636300
2017-06-01,18.256123759141943,18.386060461778936,18.109944581433407,18.377939224243164,69725100
2017-06-02,18.0855751837402,18.3454484850674,17.996243155546328,18.231754302978516,79722300
2017-06-05,18.223632042554655,18.434779475235477,18.18302587340432,18.199268341064453,51590300
2017-06-06,18.028732703765666,18.19927402051703,17.923158179995095,18.0530948638916,71735600
2017-06-07,18.109936658182825,18.369811498727046,18.085574505201834,18.35356903076172,66429700
2017-06-08,18.369817201576797,18.848957763565544,18.353574728569047,18.654052734375,93685900
2017-06-09,18.85707491689027,19.222522735595703,18.84895368214491,19.222522735595703,108254300
2017-06-12,19.344342528210795,19.523006635029844,19.27125294796073,19.311859130859375,85829900
2017-06-13,19.44991487716613,19.579851549959088,19.214403689624323,19.303735733032227,68047300
2017-06-14,19.125069503169808,19.336216960040208,18.840834031389605,19.295612335205078,102352400
2017-06-15,19.12507639953664,19.44991971122246,19.060108046993015,19.11695671081543,69707500
2017-06-16,19.13319328354958,19.181920698595363,18.97889444947333,19.027620315551758,57745800
2017-06-19,19.17380187502331,19.49052236783095,19.16568063816061,19.41743278503418,58587800
2017-06-20,19.41743347391947,19.48240182215846,19.068228021272027,19.07634925842285,59693500
2017-06-21,19.084472375645277,19.141319492333633,18.7352668885965,18.783992767333984,72432800
2017-06-22,18.775867146846824,18.840835480961843,18.59720306630508,18.621566772460938,64763300
2017-06-23,18.767751159062577,18.767751159062577,18.467271561659786,18.53223991394043,85399600
2017-06-26,18.605323280425882,18.7921070371329,18.459144149449195,18.589080810546875,61307800
2017-06-27,18.759628076002244,19.16568062505438,18.67841725639831,18.897686004638672,88257800
2017-06-28,19.10883089999973,19.458034743245396,19.10883089999973,19.39306640625,119049300
2017-06-29,19.961548105967022,20.034637706496063,19.523012051760695,19.75040054321289,150501200
2017-06-30,19.994028021414717,19.994028021414717,19.628580110887775,19.701669692993164,84005200
2017-07-03,19.86408722390815,20.229535087376345,19.84784630139527,20.04275131225586,58129700
2017-07-05,20.14020426118958,20.2620212556908,19.99402665592949,20.23765754699707,76172500
2017-07-06,20.221414260590702,20.391957116647337,20.050872953501436,20.067113876342773,84465400
2017-07-07,20.237657524419916,20.302625865229956,20.01838879332325,20.164567947387695,54478800
2017-07-10,20.07523137413214,20.294500055818514,20.01026304796215,20.213289260864258,54632800
2017-07-11,20.20517353962998,20.22953724945423,19.86408934692796,19.977785110473633,69410600
2017-07-12,19.831612139681724,19.97779134632046,19.734158818933242,19.774765014648438,68708700
2017-07-13,19.839725797264666,20.002145871154227,19.790999929994538,19.99402618408203,55533400
2017-07-14,19.652946366427955,19.750398122544077,19.344345524468853,19.66106605529785,92625400
2017-07-17,19.669187383545236,19.669187383545236,19.433677681042305,19.50676727294922,81522000
2017-07-18,19.41742871501884,19.53924414449099,19.173797856074533,19.4093074798584,107981400
2017-07-19,19.53112627625694,19.652943275696074,19.336221245708817,19.539247512817383,74140100
2017-07-20,19.506761777501527,19.587972584404685,19.352461399282255,19.44179344177246,62793500
2017-07-21,19.360583240483482,19.458034972641794,19.21440409327866,19.32809829711914,65922500
2017-07-24,19.279374856303342,19.514886078419057,19.27125361944064,19.41743278503418,51382700
2017-07-25,19.693543472823787,20.034627586682927,19.685422238092958,19.880327224731445,86154700
2017-07-26,20.03463525099028,20.03463525099028,19.604218939402156,19.66106605529785,65704700
2017-07-27,19.70167234279546,19.85597276454496,19.51488851850108,19.579856872558594,62902100
2017-07-28,19.53112587254816,19.661062556894446,19.458036293982442,19.51488494873047,50143400
2017-07-31,19.58797264099121,19.734150235078413,19.56360893415969,19.58797264099121,62272000
2017-08-01,19.72603179529515,19.888451870869755,19.709789323047467,19.855968475341797,52782500
2017-08-02,19.847848170357477,19.969663619995117,19.701669011205315,19.969663619995117,55317100
2017-08-03,19.937176049806816,19.977782226986353,19.750392281682768,19.790998458862305,53210600
2017-08-04,20.042749656209107,20.36759131413648,20.01838595100185,20.27825927734375,105206600
2017-08-07,20.310747784038075,20.343231181051053,20.221415731559294,20.2701416015625,41860900
2017-08-08,20.262022657353896,20.586864384238016,20.15644812801185,20.221416473388672,73399300
2017-08-09,19.977786035285646,20.11584396607905,19.864090266476765,20.091480255126953,56910400
2017-08-10,19.96154018527069,19.96154018527069,19.56360893415969,19.58797264099121,78023700
2017-08-11,19.54736471092623,19.685422605996234,19.328096015997318,19.37682342529297,68157400
2017-08-14,19.677309298950473,19.888456844066503,19.62858341899071,19.83160972595215,54989500
2017-08-15,20.099591798540953,20.180802580247615,19.855961002387794,19.872201919555664,45143200
2017-08-16,19.92905630317312,19.994024637496967,19.55548721908554,19.644819259643555,59188900
2017-08-17,19.54736942554706,19.628580244993174,19.18192306149087,19.198163986206055,78969300
2017-08-18,19.133187881913944,19.409303626684963,19.043857410817616,19.181915283203125,60461200
2017-08-21,19.14943447115245,19.198160333963532,18.792107862947606,18.98701286315918,70124800
2017-08-22,19.165678983738754,19.40118863655723,19.141315275253774,19.352462768554688,59228600
2017-08-23,19.17379691173254,19.4661536182732,19.15755444221163,19.295612335205078,39825500
2017-08-24,19.433670007382403,19.441791242050584,19.230643787579357,19.360580444335938,39178700
2017-08-25,19.40118746314328,19.547366607277187,19.287493261691274,19.303735733032227,43511900
2017-08-28,19.36058730426664,19.40931318057335,19.141318537434937,19.263134002685547,37155000
2017-08-29,18.857080516255863,19.246892154946885,18.77587124262252,19.149438858032227,60897200
2017-08-30,19.36982493495202,19.622866335966552,19.231060848130976,19.484102249145508,58412900
2017-08-31,19.614702647626164,19.622865423752692,19.41063791513401,19.500425338745117,62362400
2017-09-01,19.50859137175846,19.737144470786287,19.426965153756335,19.663681030273438,56233900
2017-09-05,19.451451660814666,19.451451660814666,18.96169595565335,19.026996612548828,108605400
2017-09-06,19.173929905463986,19.247393363702205,18.945376751290535,19.10862922668457,64188900
2017-09-07,19.084137783334693,19.108626117726864,18.569895216225003,18.74947166442871,103501200
2017-09-08,18.716815147620476,18.961692172904336,18.651514503752104,18.68416404724121,68365000
2017-09-11,18.953536535816266,19.10862620724509,18.839260755232264,19.067813873291016,73741000
2017-09-12,19.14943398625076,19.614702889866813,19.141272766913794,19.549402236938477,99658500
2017-09-13,19.524913059974644,19.875904638049107,19.48410073750146,19.85957908630371,86339800
2017-09-14,19.900393313083356,20.030996182653848,19.753468003986157,19.786117553710938,70051000
2017-09-15,19.76162655440998,19.92487895165362,19.712651457992983,19.900390625,85937600
2017-09-18,19.933048893333506,20.21873991277351,19.9248861148477,20.161602020263672,68076400
2017-09-19,20.161596872506813,20.39831116059294,20.096296218184047,20.292198181152344,56218100
2017-09-20,20.308526976509114,20.602380768852214,20.137113302236152,20.455453872680664,82289900
2017-09-21,20.447289858103304,20.635030634577653,20.341176860001,20.537078857421875,57864000
2017-09-22,20.4146411006283,20.46361621267283,20.284039763915736,20.42280387878418,61446000
2017-09-25,20.357496224317092,20.471771965501734,20.06364253911064,20.210569381713867,62361700
2017-09-26,20.267717923807094,20.37383094550846,20.153442122453157,20.251392364501953,53012700
2017-09-27,20.659516056819037,20.928881480225236,20.5534030656732,20.74114227294922,92877400
2017-09-28,20.88806802915833,20.928880356586983,20.684003278234073,20.773792266845703,64991400
2017-09-29,20.741137887401397,20.798275759544005,20.659511688530422,20.68400001525879,66232600
2017-10-02,20.78195851211405,20.93704819624813,20.724820617141194,20.912561416625977,54001400
2017-10-03,21.01867617690636,21.165603094430015,20.91256315696761,21.10846519470215,55946900
2017-10-04,21.108459235820565,21.18192267384379,20.9778579141994,20.986019134521484,53402800
2017-10-05,21.034993810344943,21.410472185306773,20.945204826379978,21.328845977783203,62636900
2017-10-06,21.426797070324042,21.467609394368512,21.255383441068826,21.394145965576172,53900600
2017-10-09,21.43496597002592,21.443128748544822,21.02683638542579,21.100299835205078,55172500
2017-10-10,21.083964097371464,21.18191583540958,20.986012359333348,21.165590286254883,46133800
2017-10-11,21.165593409791807,21.165593409791807,20.93704035856726,21.083967208862305,51652300
2017-10-12,21.116621110674078,21.165596214966563,20.684003278234073,20.773792266845703,71770000
2017-10-13,20.71665008312469,21.22273128337537,20.50442414035439,21.083967208862305,104196900
2017-10-16,21.116619478507264,21.492097843878614,21.116619478507264,21.41863441467285,71927200
2017-10-17,21.524756178960292,21.57373129591805,21.312528596288814,21.3859920501709,48644400
2017-10-18,21.500262429651254,21.67167607429791,21.49209965273134,21.614538192749023,55382500
2017-10-19,21.385987336616253,21.704327862014534,21.345173450737914,21.696165084838867,54542700
2017-10-20,22.07164427739767,22.185920040073356,21.957366957831486,22.177757263183594,83764700
2017-10-23,22.218567002429335,22.389982183364655,22.112454029004855,22.169591903686523,69607700
2017-10-24,22.3246783911741,22.724645014552042,22.316515616383924,22.594043731689453,90346500
2017-10-25,22.765461614139223,22.789949943116373,22.316519814457617,22.553234100341797,81265300
2017-10-26,22.60221402129859,22.83892834135639,22.594051243794443,22.64302635192871,55342500
2017-10-27,22.594051127011188,22.82260266838351,22.54507601913006,22.692001342773438,58856700
2017-10-30,22.56956179455313,22.659350785765426,22.414472143429318,22.528749465942383,51357600
2017-10-31,22.561396967911257,22.62669762189068,22.31651990471102,22.357332229614258,50311200
2017-11-01,22.561398455032712,22.634861890213166,22.33284692948509,22.47161102294922,46527700
2017-11-02,22.455287920317108,22.806279580739165,22.267548701869718,22.749141693115234,59692000
2017-11-03,22.634862901259787,22.70832633972168,22.5450754651657,22.70832633972168,37816100
2017-11-06,22.643028932991164,22.7083296035773,22.54507870555736,22.65119171142578,37261000
2017-11-07,22.643021443545006,22.66750977074905,22.05531560266041,22.185916900634766,68342100
2017-11-08,22.006337197552057,22.006337197552057,21.622696109884,21.86757469177246,83128200
2017-11-09,21.62270164489746,21.761465743088262,21.320686673881955,21.62270164489746,95448600
2017-11-10,21.7043292137761,21.826767765255575,21.598214660774076,21.639028549194336,61105300
2017-11-13,21.434960541067735,21.61453695232873,21.33700878054056,21.549236297607422,55902200
2017-11-14,21.43495996713866,21.508423396344423,21.28803310872713,21.41863441467285,61596800
2017-11-15,21.214566696960052,21.981850429186316,21.067639859205002,21.86757469177246,98274900
2017-11-16,21.96553050860083,22.079806275302623,21.82676641036698,21.84309196472168,54565200
2017-11-17,21.639027990767204,21.818604424510152,21.58189010534402,21.728816986083984,48420700
2017-11-20,21.826766967773438,21.908393184740937,21.663516090729033,21.826766967773438,46328800
2017-11-21,21.875737573980945,21.92471422821822,21.78595015499316,21.818599700927734,57749100
2017-11-22,21.851254061897944,21.957367048120204,21.704327191059043,21.761465072631836,38103200
2017-11-24,21.810439613116134,21.8267651665405,21.688001076214306,21.704326629638672,14273600
2017-11-27,21.64718874954385,21.97369203357888,21.639025972831668,21.704326629638672,44828600
2017-11-28,21.728812744940704,22.61037230042248,21.687998865539974,22.5613956451416,99765000
2017-11-29,22.87157188792856,23.255212962412763,22.724645055222663,23.083799362182617,119728400
2017-11-30,23.460885328025796,23.54285781808654,23.018226376777655,23.092002868652344,122131900
2017-12-01,23.157578659633504,23.37071054465488,22.5427756863689,23.034618377685547,137774800
2017-12-04,23.64942154461986,24.02649995415154,23.624828862618948,23.821565628051758,145661700
2017-12-05,23.854355555032516,24.018302075627787,23.649421231644823,23.71500015258789,91349800
2017-12-06,23.551059984081363,23.747796813034675,23.419902098112487,23.477283477783203,74593800
2017-12-07,23.68221297373116,23.747791903157093,23.255950714225094,23.592042922973633,80706100
2017-12-08,23.7887786307619,23.846159995962697,23.57564672892684,23.813369750976562,60991300
2017-12-11,23.79698207233056,23.911744831090456,23.690415313317523,23.72320556640625,54001900
2017-12-12,24.034698486328125,24.1822514572482,23.698606303021243,24.034698486328125,76017200
2017-12-13,24.026499876422942,24.133066601223977,23.633026346830253,23.641223907470703,79980600
2017-12-14,23.821561479610388,23.919930626958564,23.534653160329803,23.551048278808594,60615800
2017-12-15,23.698607140681283,23.919936604884587,23.559251725833825,23.805173873901367,129859400
2017-12-18,24.010104550243543,24.18224862043956,23.993709430170195,24.16585350036621,70548600
2017-12-19,24.26422999452043,24.29701868105736,24.075690747238855,24.14126968383789,67984100
2017-12-20,24.39538049081894,24.460959407587616,24.141262383780898,24.16585350036621,81271200
2017-12-21,24.25602941023945,24.5757264908919,24.247831848745157,24.444568634033203,72953200
2017-12-22,24.575725574239282,24.61671338018193,24.280621189076836,24.493751525878906,54203000
2017-12-26,24.378992968018608,24.54294109279413,24.247835093608266,24.41178321838379,42371200
2017-12-27,24.313414827120067,24.37079620361328,24.264231013486633,24.37079620361328,35111800
2017-12-28,24.370793602166106,24.44457009650365,24.313412231798036,24.42817497253418,37914900
2017-12-29,24.46916366121832,24.49375478453059,24.198650360107422,24.198650360107422,40672000
2018-01-02,24.38718869948867,24.510149002075195,24.272425958877925,24.510149002075195,57121600
2018-01-03,24.510149028856457,24.5429392767954,24.338004917752244,24.42817497253418,57865700
2018-01-04,24.567531965511353,24.952809585731657,24.49375546647024,24.747875213623047,76512500
2018-01-05,24.895424904486937,24.936411148053796,24.633107629674154,24.862634658813477,56445200
2018-01-08,24.780662686118106,24.813452934541168,24.633109695264523,24.690492630004883,42914800
2018-01-09,24.7560665925768,25.034777394110332,24.698683669358307,24.813447952270508,69479100
2018-01-10,24.895421171864285,25.19052552105498,24.846235810728558,25.042972564697266,63532800
2018-01-11,25.133148193359375,25.15774087787068,24.961004092355193,25.133148193359375,59318300
2018-01-12,25.3134881804165,25.57580544059986,25.223318136893198,25.567607879638672,66371600
2018-01-16,26.018467449451027,26.059455261600583,25.4364545886538,25.608598709106445,104467900
2018-01-17,25.41186091892851,25.64958552962989,24.87083432767204,25.55941390991211,124382900
2018-01-18,25.682373788581344,25.993873326082802,25.584004608382156,25.805334091186523,76463800
2018-01-19,25.88730483995242,26.018462687777298,25.788935672321323,26.00206756591797,66491000
2018-01-22,25.961083627042317,26.18241310119629,25.88730713565766,26.18241310119629,53848800
2018-01-23,26.116831823007907,26.33816127725964,26.05945046009632,26.166015625,56531400
2018-01-24,26.239795552987207,26.403743675609956,26.084046556373288,26.305376052856445,81585000
2018-01-25,26.428337926586096,26.436533925544577,26.174218180168317,26.305376052856445,62265800
2018-01-26,26.321767563426988,26.395544052124023,26.190609708748916,26.395544052124023,52699900
2018-01-29,26.43653520240113,26.6004833329424,26.37915382576926,26.46112632751465,59126500
2018-01-30,26.1906112348516,26.39554559016804,26.10863718002001,26.133228302001953,60555800
2018-01-31,26.272582236371136,26.469320582220917,26.19060974971285,26.231595993041992,65734100
2018-02-01,26.231595552884617,26.641464233398438,26.19880530795154,26.641464233398438,62367400
2018-02-02,26.592280465536337,26.780819694667432,26.116834393607945,26.190610885620117,96971900
2018-02-05,25.51022472577515,26.215197720178846,23.895341290848286,24.80525016784668,155908300
2018-02-06,24.108475073211956,25.649582149832913,24.018303465375922,25.5758056640625,165878400
2018-02-07,25.510227509240035,26.018463800414114,25.29709560652915,25.616792678833008,101180500
2018-02-08,25.66597965370028,25.723361026225625,24.37079451839555,24.378992080688477,128981300
2018-02-09,24.731476803169567,25.0921616879528,23.878949177959196,24.862634658813477,143071100
2018-02-12,25.100354772015045,25.772539053168295,25.03477585589094,25.510223388671875,95055100
2018-02-13,25.444651167380467,25.739755585822568,25.215124118792076,25.55941390991211,76727300
2018-02-14,25.551214034513464,26.256187113629494,25.461042422959395,26.231595993041992,97251500
2018-02-15,26.551290987910917,26.61687147373759,26.12502877471143,26.403738021850586,68117400
2018-02-16,26.23159341411654,26.444723734704404,26.16601449312224,26.207000732421875,62137800
2018-02-20,26.19880643800804,26.362754542695264,26.026662335258962,26.17421531677246,58573900
2018-02-21,26.06764949181082,26.534899573936617,26.04305836971476,26.125032424926758,72210300
2018-02-22,26.223394765288273,26.346355041609165,25.895500173924308,25.977474212646484,64749700
2018-02-23,26.067650109327126,26.280783596042262,26.03486142458063,26.256189346313477,53626300
2018-02-26,26.3709476315196,26.592277079372828,26.27258003037916,26.575881958007812,61796300
2018-02-27,26.493912309852877,26.928372127786265,26.493912309852877,26.502111434936523,69235500
2018-02-28,26.633266383171165,26.862791827637942,26.305370210747494,26.313566207885742,72044000
2018-03-01,26.387622529014298,26.618009250778538,25.80342583380716,25.902162551879883,90547100
2018-03-02,25.6059536300957,26.07495701573948,25.202773684108305,26.02558708190918,82739100
2018-03-05,25.795199556709097,26.61801136029419,25.64709289847051,26.436994552612305,70543100
2018-03-06,26.57687135974916,26.593328003887756,26.288887934283565,26.4205379486084,50832600
2018-03-07,26.083182240536747,26.51927228517246,25.98444395399382,26.478132247924805,52763900
2018-03-08,26.486364681489484,26.55219126623321,26.1736962509176,26.49459457397461,53139800
2018-03-09,26.716757167035627,26.930687310524824,26.6591604692199,26.922460556030273,73905800
2018-03-12,26.897765486186536,27.193978774620536,26.856625449189288,27.021188735961914,60322800
2018-03-13,27.128156408525864,27.144613051727752,26.576869847005657,26.626239776611328,63347500
2018-03-14,26.7825762317479,26.7825762317479,26.272432789474028,26.445222854614258,58011400
2018-03-15,26.568642368662513,26.609782406150984,26.272429076691637,26.41230583190918,41964200
2018-03-16,26.420535249984745,26.799028610160903,26.395851855690005,26.46990203857422,83447600
2018-03-19,26.436989445502913,26.511042760316553,26.066722871434717,26.313566207885742,57363200
2018-03-20,26.379392771623785,26.494586119382042,26.231284572604846,26.313566207885742,44784500
2018-03-21,26.330029476824517,26.700296144099184,26.066729433159,26.223064422607422,64546300
2018-03-22,25.86925259267344,25.910392633099303,25.029982585093528,25.136947631835938,110271900
2018-03-23,25.25214147913154,25.26859655295592,23.90272655384435,24.00146484375,115740200
2018-03-26,24.59389368957341,25.1451787676884,24.39641864852519,25.04644203186035,83297000
2018-03-27,25.219230037361914,25.235686681781893,24.034378318787425,24.289451599121094,85821800
2018-03-28,24.511610266143098,24.651487027978764,23.869815292970966,24.182483673095703,79396100
2018-03-29,24.330586824323845,24.799590111705893,24.11665519738978,24.67616844177246,65678300
2018-04-02,24.51983364440304,24.733765272688483,23.655880380019862,24.116655349731445,86644200
2018-04-03,24.30590395668682,24.396412346249665,23.9438656902603,24.347043991088867,69698700
2018-04-04,23.86158591447252,24.659714257665193,23.820445876859473,24.585660934448242,66640800
2018-04-05,24.832503336704626,25.136943350544847,24.783134982723556,24.947696685791016,55765500
2018-04-06,24.6926251977173,24.923013466884555,24.16602523321122,24.379955291748047,79687600
2018-04-09,24.53629102803603,25.20276932556484,24.486922672135456,24.57743263244629,65917500
2018-04-10,25.079349517822266,25.16163116337543,24.873646188635288,25.079349517822266,60540500
2018-04-11,24.807818941680285,24.881872259039262,24.593887310353438,24.602115631103516,62211500
2018-04-12,24.865422515754688,25.34265426591172,24.82428246998286,25.2192325592041,57989100
2018-04-13,25.6141780838514,25.647091370117266,24.32236141636166,24.51983642578125,99254500
2018-04-16,24.750224126202873,24.988840737715865,24.248307508463014,24.626802444458008,110588900
2018-04-17,24.824280726959664,24.988844037276532,24.58566408393941,24.717315673828125,83475900
2018-04-18,24.709086594928362,24.86542000861215,24.272994934513612,24.297679901123047,79743200
2018-04-19,24.31413104325512,24.881872628302343,24.305904291774667,24.832504272460938,80902600
2018-04-20,24.898330688476562,25.120490656506686,24.79136408043606,24.898330688476562,65554600
2018-04-23,24.90655665237207,25.013521680896336,24.783134982723556,24.947696685791016,50686300
2018-04-24,25.062894809089602,25.392021416702956,24.684401407483012,24.840736389160156,81486800
2018-04-25,24.75845293354323,24.9641562636196,24.51983631734655,24.799592971801758,65893500
2018-04-26,24.71731336946482,24.914788381799493,24.67617176102516,24.74199676513672,45936700
2018-04-27,24.676171268209814,24.857189633553457,24.65971462516261,24.80782127380371,47411200
2018-04-30,24.906561042675733,25.038211056092447,24.618576049804688,24.618576049804688,55153900
2018-05-01,24.618574084395007,24.65148580042572,24.371730721293257,24.643259048461914,52871700
2018-05-02,24.643261142241833,24.74199786811483,24.322362859674694,24.33881950378418,68234600
2018-05-03,24.2812233690137,24.2894516912549,23.39258496906008,24.026151657104492,110672700
2018-05-04,23.853357272641663,24.20716724117162,23.713478949487765,24.108428955078125,58281900
2018-05-07,24.223625678620532,24.511610667557232,24.133115707111074,24.388187408447266,46765200
2018-05-08,24.495152441344576,24.791364163653885,24.412870797050722,24.626802444458008,65119800
2018-05-09,24.76668156505689,25.33442320260333,24.750224921790757,25.276824951171875,72266500
2018-05-10,25.18631933162069,25.564812752161934,25.029984342122674,25.416706085205078,54773200
2018-05-11,25.433166482153208,25.53190479782087,25.35088481399554,25.441394805908203,42024800
2018-05-14,25.540130111012864,25.696463535752997,25.53190178822779,25.605955123901367,41791600
2018-05-15,25.441385264670238,25.803423527154038,25.383788589377936,25.688228607177734,64433500
2018-05-16,25.655321701682524,25.712918387768404,25.52367168508851,25.556583404541016,43590100
2018-05-17,25.540127938363,25.573039657311465,25.23568629878188,25.350879669189453,45981500
2018-05-18,25.317965660513966,25.334422303195865,24.873645724453716,24.898330688476562,58641700
2018-05-21,25.112264235337197,25.243914247970288,25.079350947482954,25.136947631835938,34983300
2018-05-22,25.178091009079527,25.62240944055803,25.12872264322459,25.416706085205078,61103000
2018-05-23,25.268600472169524,25.30974208659131,24.75022868559196,25.04644203186035,73893100
2018-05-24,25.01353374249216,25.021762067022006,24.544530230038,24.85719871520996,62146200
2018-05-25,24.69263358541998,24.840740268094766,24.585666950424976,24.816055297851562,44166700
2018-05-29,24.486925950574964,24.51983766911783,23.61474422239776,23.82867431640625,135895000
2018-05-30,24.10020306226715,24.35527475379602,23.993236451070224,24.2647647857666,79435300
2018-05-31,24.124312441354274,24.17388250385049,23.818626975052553,23.992124557495117,97509300
2018-06-01,24.36390476278935,24.50435460004398,24.215192985013385,24.289548873901367,64796600
2018-06-04,24.413474830113326,24.446522592198665,24.231716866056054,24.289548873901367,43777000
2018-06-05,24.215195885661615,24.23998171019462,24.008652075299224,24.058223724365234,47690800
2018-06-06,24.19867265446196,24.826564427281024,24.190410713266424,24.81830406188965,74995800
2018-06-07,24.95049511473099,25.04137332772989,24.694379632795336,24.859615325927734,68402700
2018-06-08,24.793519973754883,24.82656616504597,24.628284289886636,24.793519973754883,49572900
2018-06-11,24.892653702745513,25.123983285332205,24.834821701049805,24.834821701049805,46732800
2018-06-12,24.925706312456853,25.00832414916036,24.578712658945456,24.702638626098633,49644600
2018-06-13,24.768726819435123,25.08267421072777,24.537398821434017,24.65306282043457,68900200
2018-06-14,24.818306821315073,24.82656718762488,24.2730296724122,24.37217140197754,77863200
2018-06-15,24.165624790528764,24.29781269750664,23.851678905407343,24.190410614013672,105079500
2018-06-18,23.909509064744153,24.372166703310683,23.802105413770832,24.289548873901367,52644100
2018-06-19,23.992125484730494,24.26476320270225,23.917769600210566,24.17388343811035,65466200
2018-06-20,24.306069930048075,24.372163870733164,24.10778810799281,24.157358169555664,52256500
2018-06-21,24.132573912826857,24.330857323519645,23.9590778982256,24.19866943359375,68322600
2018-06-22,24.33912467129521,24.388696326093687,23.950822830200195,23.950822830200195,76079200
2018-06-25,23.843415984400856,23.88472411270733,23.34771056570275,23.529468536376953,73616400
2018-06-26,23.562512833433054,23.68643877592607,23.141163368313716,23.579036712646484,56369300
2018-06-27,23.554253965616414,23.835153645662388,23.331186294555664,23.331186294555664,61764400
2018-06-28,23.46337564401033,23.82689317756068,23.3807578078665,23.686443328857422,71292100
2018-06-29,24.033436194601403,24.099530146195676,23.281616904290047,23.289878845214844,102307600
2018-07-02,23.19900114996869,23.36423683166504,22.992457335750377,23.36423683166504,52534300
2018-07-03,23.405546688601447,23.48816453553653,22.918103125069262,22.95115089416504,40599000
2018-07-05,23.09159452068496,23.19899658961199,22.97592893591285,23.066808700561523,44506800
2018-07-06,22.975934291252315,23.256834014908975,22.827222487457103,23.15769386291504,39424900
2018-07-09,23.322925682466863,24.0334368637404,23.31466374131204,24.000389099121094,61758900
2018-07-10,24.140836099162666,24.231715865340185,23.75253436552011,23.818628311157227,58858400
2018-07-11,23.686442115014728,23.88472396611621,23.64513398696178,23.694704055786133,50218900
2018-07-12,23.87646029819001,23.934292303602366,23.67817846143167,23.769058227539062,51700700
2018-07-13,23.645132929737798,23.70296493674776,23.31466161687399,23.587299346923828,75178000
2018-07-16,23.77732324423595,24.661330471757484,23.736013538022135,24.603498458862305,129172000
2018-07-17,24.69437824827308,24.95049371584929,24.438264356501136,24.793519973754883,87778900
2018-07-18,24.71916409103101,25.024849633661614,24.653070132597946,24.89266014099121,59109200
2018-07-19,24.727428614537803,24.80178452251385,24.487837005325126,24.512622833251953,59260600
2018-07-20,24.47131214085808,24.917445966330213,24.339122648187676,24.89266014099121,80432700
2018-07-23,24.900918892368,25.48750407713462,24.892656951646885,25.40488624572754,74080200
2018-07-24,25.487503571666284,25.702309298743042,25.322267912129078,25.470979690551758,64761500
2018-07-25,25.363578006060344,25.702309695111747,25.33879218400632,25.669261932373047,57644100
2018-07-26,25.768397146431354,25.78491944783,25.520543715807705,25.561853408813477,46215000
2018-07-27,25.60316919372023,25.727095158243902,25.446195464894714,25.661001205444336,57198900
2018-07-30,25.727090538045154,25.983205937977612,25.718828598453413,25.86754035949707,58721000
2018-07-31,25.908858208077643,25.958428285418407,25.462722784597712,25.512292861938477,64066000
2018-08-01,25.793186362642214,26.065824085864936,25.751878237470635,25.81797218322754,69070700
2018-08-02,25.59490658764773,25.867544332837888,25.504028389787077,25.84276008605957,46427200
2018-08-03,25.76014761372563,26.032785415649414,25.743623728565538,26.032785415649414,50153800
2018-08-06,25.98320841368359,26.098872427380865,25.875804764561266,26.041040420532227,41261500
2018-08-07,26.065831610165173,26.272375447253026,26.016261530489327,26.032785415649414,43946200
2018-08-08,26.032781298403293,26.363251070317126,26.007995474583193,26.272371292114258,43689600
2018-08-09,26.214543597389014,26.264115253195275,26.065831781579096,26.107141494750977,38219100
2018-08-10,25.801450194357113,25.884068026560996,25.52881245114715,25.768404006958008,55679800
2018-08-13,25.677521465039472,25.71056922467898,25.1570318571485,25.18181610107422,63960600
2018-08-14,25.28922119285038,25.528811160746642,25.132247477177934,25.43793296813965,42521200
2018-08-15,25.18181797587828,25.297483567424035,24.91744218229489,25.082677841186523,59747900
2018-08-16,25.24791614604621,25.479245792014947,25.21486995422456,25.380104064941406,44015400
2018-08-17,25.330533468059933,25.495769151180884,25.239653684762985,25.39662742614746,39843500
2018-08-20,25.355318433058365,25.55360030059399,25.322270667233656,25.504030227661133,40011000
2018-08-21,25.537074708899596,25.81797439639672,25.470980757476987,25.627954483032227,53510600
2018-08-22,25.545328170714473,25.685777967844484,25.512280418070436,25.594898223876953,33062900
2018-08-23,25.561862070380446,25.594908260179015,25.396626393975023,25.479244232177734,38259100
2018-08-24,25.561861387418297,25.67752541232926,25.487505492602917,25.520551681518555,43585000
2018-08-27,25.63621235414369,26.01625212054073,25.60316459577672,25.86754035949707,47729300
2018-08-28,25.90885142889131,25.950159553232737,25.76840160000495,25.834495544433594,38539000
2018-08-29,25.809710570114046,25.867542576408734,25.669260736625233,25.727092742919922,46401800
2018-08-30,25.627955697398342,25.735357782622735,25.570123684138732,25.619693756103516,47358900
2018-08-31,25.51229060398114,25.570124194198563,25.297486429247552,25.553600311279297,49266000
2018-09-04,25.537072843436235,25.743616623519543,25.46271695654192,25.727092742919922,44745600
2018-09-05,25.669263502742172,25.809713351365843,25.58664566664516,25.760143280029297,48516700
2018-09-06,25.776746808635707,25.826558088683885,25.511092982065584,25.610713958740234,42666000
2018-09-07,25.735239804276123,25.83486078409502,25.428076567971125,25.619016647338867,49103800
2018-09-10,25.635613673786583,25.735234633589783,25.52769241880277,25.585803985595703,34156200
2018-09-11,25.502791102057554,25.652221775358676,25.486188925463203,25.610713958740234,53071000
2018-09-12,25.63561810033726,25.702031557199984,25.220533599089805,25.262042999267578,59482300
2018-09-13,25.3450548370757,25.46127796606334,24.971478231870602,25.02128791809082,59219500
2018-09-14,25.012988749068764,25.228832857297114,24.996386574144697,25.212230682373047,33743900
2018-09-17,25.187325714668418,25.311850738728964,25.029593173033543,25.137516021728516,35026600
2018-09-18,25.179029637889354,25.2371412236149,25.012995178597553,25.079408645629883,49921700
2018-09-19,25.012985739953894,25.901267703523533,25.012985739953894,25.735233306884766,92666300
2018-09-20,25.98428663620162,26.042399790840264,25.851459735299265,25.892969131469727,83357400
2018-09-21,26.01749906589166,26.042404708296743,25.710335809916398,25.760147094726562,85992100
2018-09-24,25.718636205717974,25.901274405965964,25.4529823690901,25.51939582824707,45587700
2018-09-25,25.61070956305894,25.76844208929575,25.40316734874472,25.461278915405273,40949900
2018-09-26,25.494486957942502,25.51939259575478,24.954877472715708,25.012989044189453,57882400
2018-09-27,25.10431092109767,25.162422499025908,24.84695896880617,24.855260848999023,45879700
2018-09-28,24.614508203712923,24.78054262136753,24.423569731805216,24.456775665283203,74707600
2018-10-01,24.63941331231076,24.855257417258354,24.523190172501106,24.6145076751709,53900900
2018-10-02,24.556398391723633,24.67262154235488,24.299046451002297,24.556398391723633,42940300
2018-10-03,24.747336801947313,25.054500020650934,24.672621467219994,24.90506935119629,61080300
2018-10-04,25.046198868608297,25.560904346860692,25.021293228501634,25.262042999267578,72325700
2018-10-05,25.403167663783766,25.444675473792795,24.946573836577144,25.096004486083984,51931000
2018-10-08,24.946575159195532,25.253738353180502,24.83035201827116,25.129213333129883,47471600
2018-10-09,24.92997337027281,25.062800271505797,24.79714646903982,24.888463973999023,58868600
2018-10-10,24.888462268919525,25.01298728236669,24.249231860890227,24.274137496948242,88454400
2018-10-11,23.98358293590514,24.282444295467396,23.460577140092962,23.543594360351562,111417300
2018-10-12,24.066592186117006,24.10810157421068,23.020579357475178,23.626602172851562,102279200
2018-10-15,23.651510197149094,23.759433033683642,22.945866362420382,23.178314208984375,114636100
2018-10-16,23.44396745873672,23.726224986280616,23.16170993119282,23.684717178344727,87887800
2018-10-17,23.55189192199745,24.23263015313149,23.377555633080338,23.991880416870117,79068700
2018-10-18,23.800939559807617,23.991878003790276,23.36094952576724,23.452268600463867,77369200
2018-10-19,23.36095484194981,23.67641994446144,23.219826050493907,23.510385513305664,64305400
2018-10-22,23.510381593262867,23.535287228810056,22.671910864231236,22.730022430419922,89942900
2018-10-23,21.908160226178676,22.580598281499174,21.67571391083785,22.431167602539062,102392500
2018-10-24,22.29833779977325,22.331543733345754,21.650805469182995,21.742124557495117,86386600
2018-10-25,21.899855747873293,22.356449610910257,21.7338229113866,22.07419204711914,73780400
2018-10-26,21.85834765666233,22.06588988719783,21.484771008329798,21.908157348632812,91103500
2018-10-29,22.157207054295586,22.563989600866485,21.825139830913365,22.09079360961914,89367000
2018-10-30,22.21532029872803,22.29833750670052,21.850045533701998,22.231924057006836,79004800
2018-10-31,22.49757414841588,23.145104780367614,22.464366637330517,22.829641342163086,92296300
2018-11-01,23.053792051320197,23.244730529217584,22.920965146398398,23.086997985839844,49827300
2018-11-02,23.25302900636291,23.56019058526816,22.84624647163186,23.15340805053711,69010200
2018-11-05,23.203222897062524,23.443971070336993,23.15341161976026,23.294540405273438,41103100
2018-11-06,23.261330724972,23.452269173621062,23.028882885254863,23.4190616607666,43514400
2018-11-07,23.593397008371266,23.800939205283953,23.360949177797384,23.693017959594727,56679200
2018-11-08,23.659816750510945,24.174522232666213,23.60170517324313,23.96697998046875,49421200
2018-11-09,23.867354855920947,23.983577990263612,23.560191679330615,23.676416397094727,43270600
2018-11-12,23.560193300239458,23.676418025999673,22.945868488215538,23.037187576293945,50307500
2018-11-13,23.037188385373742,23.360953769500295,22.987378691682338,23.045490264892578,57423400
2018-11-14,23.203222198591824,23.327747221255756,22.23192448833864,22.588895797729492,69213300
2018-11-15,22.530784074681378,23.2198242177757,22.314939964583914,23.161712646484375,66174800
2018-11-16,22.987377884351886,23.153410718632603,22.763231895480285,23.037187576293945,52456100
2018-11-19,23.062093213975754,23.261333565165547,22.86285286278596,23.037187576293945,46000000
2018-11-20,22.76322994448284,22.88775495537594,22.389653328382117,22.730022430419922,92330600
2018-11-21,22.90436000103911,23.045488776903774,22.622102449309782,22.63870620727539,40364400
2018-11-23,22.48097132805951,22.555686647688376,22.3149369325684,22.389652252197266,22974100
2018-11-26,22.563986422439665,23.020578592345682,22.497572987118406,22.87944984436035,53210700
2018-11-27,22.77153297438106,23.161711783820184,22.738325458639093,23.028884887695312,43617100
2018-11-28,23.145111638949142,23.634911488651444,22.879457805230285,23.60170555114746,61388100
2018-11-29,23.394156242081802,23.535284996621098,23.219819976629136,23.27793312072754,46824600
2018-11-30,23.194918658060857,23.767734037973963,23.136807090541105,23.57679557800293,64284600
2018-12-03,24.066592963984785,24.108102353420104,23.543587324470185,23.693017959594727,59908700
2018-12-04,23.51038416538787,23.51038416538787,22.190415421984298,22.406259536743164,103565700
2018-12-06,21.89702890937294,21.972161809771645,21.312663852380897,21.938770294189453,133294200
2018-12-07,21.830238938665467,22.155815291400955,21.12065149330688,21.229177474975586,107477600
2018-12-10,21.020472751851596,21.062212528956703,20.27749389194173,20.66985321044922,110166900
2018-12-11,21.0455209246618,21.204134981005396,20.47785249824674,20.51959228515625,78545000
2018-12-12,20.76168280703994,20.861858909850714,20.344278663364005,20.469499588012695,87191800
2018-12-13,20.586374095833023,20.7199433064771,20.269147618620988,20.36932373046875,64860100
2018-12-14,20.18566765616437,20.761685906258503,20.135579597282042,20.43610954284668,92762600
2018-12-17,20.25245018630604,20.811771828595642,20.16896903522525,20.427759170532227,98602800
2018-12-18,20.594721472693802,20.945341033416696,20.294189965711173,20.427759170532227,89046300
2018-12-19,20.41106568443736,21.070563481714217,20.093837605933043,20.185667037963867,121887600
2018-12-20,19.91018121674175,20.394370038627727,19.83504833125335,20.12723159790039,112594000
2018-12-21,19.960271478400966,20.4611569061596,19.417646261775314,19.509475708007812,160800400
2018-12-24,19.0002416666169,19.375904536561727,18.916760498094433,18.975196838378906,64859100
2018-12-26,19.125460852902165,20.185667932775658,18.941803572969796,20.12723159790039,100877800
2018-12-27,19.85174504893101,20.344282150268555,19.526168678317777,20.344282150268555,91575400
2018-12-28,20.52794141936133,20.661510653781885,20.25245467433507,20.360979080200195,78693800
2018-12-31,20.511241022832113,20.845164046300592,20.34428030723316,20.569677352905273,56257300
2019-01-02,20.102182420062334,20.987078711468257,20.043746097837936,20.83681297302246,71836300
2019-01-03,20.820127335778853,20.903608515860746,20.411071304875758,20.502899169921875,66599600
2019-01-04,20.9536948221957,21.412838885568515,20.895258478741447,21.354402542114258,83829100
2019-01-07,21.337703704833984,21.52136258433905,21.112306631678045,21.337703704833984,57016300
2019-01-08,21.471274216800307,21.529712149770553,20.945345558234976,21.29596519470215,67339400
2019-01-09,21.42952868721078,21.579794432906407,21.195781794765313,21.504661560058594,69707200
2019-01-10,21.33770248664792,21.52136135566776,21.220829818923065,21.4796199798584,65235800
2019-01-11,21.312658298964728,21.738410759529213,21.25422037544871,21.73006248474121,63476000
2019-01-14,21.51301347645095,22.105726693416628,21.37944425594402,22.013898849487305,76715400
2019-01-15,21.880326707723807,22.38121205033696,21.746757495329714,22.164161682128906,80625500
2019-01-16,23.483159430063342,23.97569651006109,23.257762373737602,23.75029945373535,163131700
2019-01-17,23.658474162932045,24.20944767222868,23.449772027826626,24.201099395751953,107428800
2019-01-18,24.226141207752242,24.593455773352716,23.967349446019654,24.45988655090332,97928200
2019-01-22,24.192745082607544,24.45988349412172,24.117612205335366,24.284574508666992,84861400
2019-01-23,24.393103963139477,24.443193619916094,23.89222013354021,24.142662048339844,79425900
2019-01-24,24.000746902772114,24.37641140424565,23.992398625820368,24.276233673095703,59492300
2019-01-25,24.443192133631776,24.810506707366983,24.32631786719715,24.693634033203125,72182100
2019-01-28,24.476576719308845,24.768759914329255,24.45153349179902,24.735366821289062,59963800
2019-01-29,24.66024337462807,24.79381260464837,24.493281040967283,24.53502082824707,51451900
2019-01-30,24.56006853009329,24.601808322257632,24.167709070027062,24.267885208129883,66475800
2019-01-31,24.000745252781986,24.0758781479115,23.357942302127675,23.766998291015625,100201200
2019-02-01,23.875520976592934,24.07587480502931,23.633425772063138,23.691862106323242,64244100
2019-02-04,23.766994958976756,24.18439916572411,23.725255175210297,24.10926628112793,55195900
2019-02-05,24.084225601241133,24.109268837247875,23.85047864746278,24.025789260864258,46622600
2019-02-06,23.93395697035768,24.12596252084381,23.82543257860007,23.984045028686523,35606900
2019-02-07,23.82543472494336,23.908914298921573,23.291156216312096,23.57499122619629,62289200
2019-02-08,23.499861174598575,23.641778696684405,23.257767514729217,23.616735458374023,50031300
2019-02-11,23.658471165558037,23.75864728604526,23.549945177381034,23.716907501220703,47724400
2019-02-12,23.892211035742466,24.092564809744612,23.858817943940313,23.950647354125977,49178100
2019-02-13,24.100917113140852,24.201093220759454,23.925606536402515,23.958999633789062,48951200
2019-02-14,23.675165432369997,23.892215795513668,23.466463343839994,23.70020866394043,47756600
2019-02-15,24.009095736984392,24.46823983409028,23.93396283494582,24.301279067993164,65867000
2019-02-19,24.151005747050117,24.426492438024162,24.000739989742353,24.31796646118164,40841300
2019-02-20,24.29292945730671,24.58511277227631,24.2177965593925,24.551719665527344,42806300
2019-02-21,24.484929592981224,24.58510729865362,24.301272323564213,24.4515380859375,42754100
2019-02-22,24.25118884224046,24.434847750636862,24.17605594194575,24.276233673095703,47887800
2019-02-25,24.309618322493044,24.7019776490796,24.309618322493044,24.434839248657227,61227400
2019-02-26,24.226139442377573,24.73537146875629,24.176049793406065,24.4515380859375,53153200
2019-02-27,24.45988835837496,24.768768203283173,24.384755466161366,24.65189552307129,48128600
2019-02-28,24.752580971311392,24.794533858221392,24.34143659807321,24.400171279907227,62358100
2019-03-01,24.609942426590898,24.878444782084788,24.50925324308055,24.59316062927246,45771500
2019-03-04,24.609939676777756,24.786145328132303,24.140060607165797,24.358219146728516,56893200
2019-03-05,24.34982749553522,24.492469551589288,24.081325178351104,24.400171279907227,39932500
2019-03-06,24.341435460643556,24.46729571589239,24.165229822975206,24.198793411254883,41672000
2019-03-07,24.056152578957125,24.098105466029295,23.712133783685122,23.955463409423828,53908600
2019-03-08,23.5443141223475,24.056147559920184,23.50236124402831,24.039365768432617,40860700
2019-03-11,24.081322866406172,24.383387144038373,24.081322866406172,24.282699584960938,40709300
2019-03-12,24.333043364499655,24.43373252397699,24.24074510167876,24.282699584960938,34450000
2019-03-13,24.374993847479004,24.760967053673575,24.316259177066723,24.576372146606445,54683300
2019-03-14,24.593164360022563,24.870057656180013,24.534429660898333,24.719024658203125,45219100
2019-03-15,24.702239269258598,24.844881337336933,24.55120630301093,24.584768295288086,82346200
2019-03-18,24.651892337442543,25.138553198005802,24.609939449621606,25.02108383178711,58568600
2019-03-19,25.180506759406455,25.289585223966085,24.786144187044684,24.878440856933594,55455100
2019-03-20,24.853271454184984,24.88683344540704,23.997419072620715,24.030981063842773,81689900
2019-03-21,23.871561368434286,23.997421649733525,23.527542519362886,23.64501190185547,77444400
2019-03-22,23.418458920713004,23.552710080670938,22.41157362062843,22.66329574584961,118851600
2019-03-25,22.579387451035203,22.973750017297803,22.327666936467587,22.520652770996094,65568000
2019-03-26,22.78076621328953,22.948580971559124,22.554216769745622,22.83111000061035,59878500
2019-03-27,22.7304203819147,22.96536070228488,22.612951021929614,22.680076599121094,57621700
2019-03-28,22.822714768658244,22.99891877866434,22.67168184556746,22.931793212890625,45872300
2019-03-29,23.11639025597313,23.22547031069061,22.906622643485534,23.149953842163086,83446300
2019-04-01,23.410068635850468,24.114888044276082,23.368115747415654,23.94707489013672,91751100
2019-04-02,23.888335229519225,24.22396469116211,23.787647671346264,24.22396469116211,66694000
2019-04-03,24.391779242663095,24.534421292051768,24.081324053075967,24.198793411254883,63110600
2019-04-04,24.207187536983533,24.593159251279328,24.198796638794466,24.458908081054688,53712100
2019-04-05,24.601548017795313,24.752580971311392,24.31626390568718,24.400171279907227,46383400
2019-04-08,24.2407448172055,24.500857809302804,24.223964624489444,24.475685119628906,35272800
2019-04-09,24.33304189432932,24.3917765669758,24.11488339564253,24.24074363708496,40535300
2019-04-10,24.24914069065859,24.458908346460824,24.123280417257288,24.391782760620117,42669700
2019-04-11,24.54281572886176,24.744192486383884,24.32465717477941,24.391782760620117,50440100
2019-04-12,24.80292288955972,25.356709277186162,24.80292288955972,25.314756393432617,100192000
2019-04-15,25.256023214399722,25.28958520331373,24.886831733945503,25.037864685058594,57438800
2019-04-16,24.584765554829378,25.214068443779617,24.333045039409285,25.071426391601562,105168400
2019-04-17,25.029477556840053,25.272808814809192,24.719020710534647,25.19729232788086,94831600
2019-04-18,25.13016673954459,25.306370808777196,25.021086658247988,25.19729232788086,61796600
2019-04-22,25.113385596226514,25.256027675205026,24.987525314869078,25.214073181152344,34763400
2019-04-23,25.16372844685224,25.348323412574043,25.104993757777134,25.230854034423828,41889700
2019-04-24,25.13016911330156,25.314764098562787,25.046261719855394,25.18890380859375,40078100
2019-04-25,25.096598596948557,25.44061737487584,25.088207699877163,25.239240646362305,43243800
2019-04-26,25.314760642117974,25.499355602174845,25.214071463650463,25.46579360961914,40627500
2019-04-29,25.53291129278757,26.153823166700022,25.516129501503524,25.818195343017578,68408600
2019-04-30,25.843372180945206,25.910497760620384,25.51613518007871,25.658777236938477,47764200
2019-05-01,25.64199456290442,25.91888776962256,25.323148470477467,25.390274047851562,56161000
2019-05-02,25.390275175438443,25.641995701670254,25.297976902300075,25.591651916503906,40634100
2019-05-03,25.725899900811147,25.843369251828587,25.59164875667696,25.767852783203125,35256100
2019-05-06,25.264410654064854,25.683945860672903,25.2308470693443,25.56647491455078,39882000
2019-05-07,25.306366738109418,25.31475763535176,24.861658786665185,25.104990005493164,58528400
2019-05-08,24.945566390325194,25.264414086894988,24.895222606803657,25.004301071166992,39903400
2019-05-09,24.68545758503023,24.987523518897415,24.567988210926405,24.928787231445312,44173500
2019-05-10,24.719016796373968,24.92878442675895,24.492468971862202,24.819705963134766,59649900
2019-05-13,24.29948621241487,24.333049807928305,23.535932018887767,23.703746795654297,72547000
2019-05-14,23.796041672203824,24.324655422571073,23.67017980746868,24.01420021057129,52216100
2019-05-15,23.577884636995748,23.905121665209222,23.5023681535003,23.737308502197266,51973200
2019-05-16,23.87994695617895,24.190403762182708,23.85477586407058,23.98902702331543,42791500
2019-05-17,23.703741036048957,24.030978010790328,23.678568345530415,23.829601287841797,43772500
2019-05-20,23.829601287841797,23.93029044951603,23.695350139209445,23.829601287841797,41717600
2019-05-21,23.97224973052334,24.123282713139226,23.871562142379656,24.072938919067383,39258700
2019-05-22,23.921898828082814,24.022586386307292,23.787647683516926,23.90511703491211,29177600
2019-05-23,23.60304813418631,23.66178440275543,23.07443452026163,23.292593002319336,59772900
2019-05-24,23.435244232889968,23.71213749190842,23.376509541643674,23.64501190185547,35524400
2019-05-28,23.53592494179504,23.703739668100823,23.39328290455508,23.410064697265625,44273400
2019-05-29,23.09961334863027,23.36811567473827,22.973751482917056,23.284208297729492,49818900
2019-05-30,23.300991456777407,23.435242627687742,22.63812490005747,22.78915786743164,58649300
2019-05-31,22.23537133531827,22.54582816757238,22.21858953889368,22.319278717041016,68304200
2019-06-03,22.31088185211499,22.646509688847114,22.15145802951732,22.386398315429688,50109900
2019-06-04,22.80593736233605,23.452022057389726,22.772373772795582,23.426849365234375,58426400
2019-06-05,23.359726158687092,23.50236822791903,23.040878427274443,23.418460845947266,44874400
2019-06-06,23.418456035603285,23.6546658236466,23.232863665099813,23.51968765258789,38633600
2019-06-07,23.4100243985426,23.443769350198785,23.131634983570493,23.22443199157715,51317200
2019-06-10,23.502817462968867,24.01741501699759,23.485944989971834,23.679973602294922,48305800
2019-06-11,23.941491242555223,24.211445991765228,23.739026387433444,23.823387145996094,38691800
2019-06-12,23.789649848435698,23.84870191170919,23.50282416192329,23.57874870300293,33528900
2019-06-13,23.5956176983032,23.75590300663914,23.46064110466702,23.570310592651367,33404200
2019-06-14,23.54499743335277,23.76433475886915,23.435329575118388,23.654666900634766,37322100
2019-06-17,23.629356948131882,23.80651308112858,23.443764578938076,23.56186866760254,33410100
2019-06-18,23.63779607501719,24.295806488385093,23.477510785765745,24.143959045410156,60170700
2019-06-19,24.211447348714703,24.439219317837587,23.874004295551842,23.89087677001953,61953500
2019-06-20,24.118654680836965,24.135527158335606,23.494387494819414,23.84870147705078,60887200
2019-06-21,23.781210487527954,24.0849070029291,23.68841348082458,23.722158432006836,69444000
2019-06-24,23.68841426902927,23.94149497512583,23.528128963675908,23.604053497314453,40046400
2019-06-25,23.637794356105264,23.637794356105264,23.097886476058612,23.41845703125,46901300
2019-06-26,23.570306879658226,23.77277173821853,23.49438235656715,23.544998168945312,42312300
2019-06-27,23.68841067672251,23.890875532705888,23.671538203128648,23.798078536987305,35575600
2019-06-28,24.472965275057003,24.69230262503045,24.23675544992072,24.464529037475586,101856900
2019-07-01,24.869459659769557,25.18159402504363,24.675431015731867,24.818843841552734,48029900
2019-07-02,24.751351636723385,24.827276156576026,24.405473983638064,24.591066360473633,32263500
2019-07-03,24.624817693044324,24.666997277658265,24.405480313146203,24.506711959838867,26642300
2019-07-05,24.76822726800844,24.945383430888718,24.591069496080365,24.683866500854492,33092000
2019-07-08,24.47296210032978,24.717606522263466,24.41391005396812,24.63324737548828,30924400
2019-07-09,24.439219835052718,24.81884247337115,24.41391273186333,24.759790420532227,28750100
2019-07-10,24.607941788749645,24.801970425430735,24.430784018135935,24.481401443481445,40574800
2019-07-11,24.548891168719123,24.886332645492498,24.48983911141477,24.76822853088379,37376800
2019-07-12,24.835716212719607,24.91164074424903,24.7682279190321,24.844152450561523,29632900
2019-07-15,24.886331516391152,24.911640229393846,24.532017579592488,24.650121688842773,46462100
2019-07-16,24.607941893057266,24.6332506058373,24.346424963854773,24.456092834472656,54920400
2019-07-17,24.54889045598197,24.987565167575088,24.464529686975933,24.624814987182617,84958300
2019-07-18,24.700741119668397,24.95382183404524,24.616380345193473,24.869461059570312,49468800
2019-07-19,24.920079073546727,24.97913113434835,24.78510086579562,24.801973342895508,44863200
2019-07-22,24.709176747412908,24.979129931823294,24.700740509269096,24.945384979248047,31224300
2019-07-23,25.09722935069691,25.544340234353015,25.05504977691982,25.519031524658203,64030300
2019-07-24,25.367181510264693,25.940832702266487,25.341874410589494,25.87334442138672,53171900
2019-07-25,25.932396853780375,26.058937181191094,25.48528598061177,25.594955444335938,43251900
2019-07-26,25.788986831345795,26.1433007516872,25.66244649030552,25.95770835876465,46978800
2019-07-29,25.915527015739965,26.025196490613645,25.7214983867145,25.746807098388672,39176700
2019-07-30,25.485287739922686,26.06737521705197,25.43467192727378,26.05893898010254,37598300
2019-07-31,26.008328616441673,26.202357279786362,25.80586371438008,25.88178825378418,60607600
2019-08-01,25.772119584928873,26.210794357969313,24.768231281185795,24.877899169921875,76913400
2019-08-02,24.768226256688692,24.886330360453197,24.388603624520314,24.785097122192383,57492300
2019-08-05,24.06804015361698,24.160835566761136,23.376283020349035,23.688417434692383,96207700
2019-08-06,23.966800655691763,24.034288942711527,23.3594060725139,23.975236892700195,65115800
2019-08-07,23.2919213415289,23.56187453082237,22.87855531929229,23.52812957763672,75388500
2019-08-08,23.713720116357507,24.034289079260752,23.679975168132067,23.941492080688477,53141900
2019-08-09,23.848699062048723,24.059600182281102,23.595616752341158,23.899314880371094,53499600
2019-08-12,23.477511705442357,23.494384180560868,23.165377351941117,23.31722640991211,55674700
2019-08-13,23.25817757845882,23.83182893958501,23.097892260721085,23.38471794128418,69919200
2019-08-14,22.726705344066602,22.844809457422755,22.16992651103349,22.28803062438965,106591700
2019-08-15,22.423010350851523,22.633911502236153,22.110875938821117,22.144620895385742,70192000
2019-08-16,22.38082536251061,22.87855208837425,22.304900837612923,22.802627563476562,70841700
2019-08-19,23.317227284357333,23.367844711611117,22.895425044862893,23.005094528198242,44964800
2019-08-20,22.794191371593296,22.82793471103271,22.524238219887156,22.541109085083008,47665000
2019-08-21,22.7182674407959,22.844807782837155,22.60016333609709,22.7182674407959,47785400
2019-08-22,22.853242239024397,23.03039838226526,22.743572771167802,22.937602996826172,49353700
2019-08-23,22.73514304229426,22.962915045675402,22.153055457991414,22.330211639404297,81880700
2019-08-26,22.524241819087205,22.608600985689538,22.347084029316786,22.59173011779785,41499100
2019-08-27,22.65921850481789,22.69296184978074,22.16992793499682,22.330211639404297,52517000
2019-08-28,22.119313609221226,22.844814131824187,22.110877369534194,22.650785446166992,45897900
2019-08-29,22.77731666265493,23.15693925065153,22.709828381349705,23.055706024169922,55432900
2019-08-30,23.199121440976572,23.359406730556685,23.07258110038079,23.207557678222656,41326200
2019-09-03,22.95447079829014,22.971343269408692,22.448309537112785,22.819494247436523,50743100
2019-09-04,23.047274352258782,23.266611712201176,22.91229776291698,23.19068717956543,40862500
2019-09-05,23.64923468830159,24.141750096812967,23.606775486053134,23.878509521484375,63413700
2019-09-06,23.793593189792702,23.853034454419646,23.411468460543777,23.547334671020508,56054100
2019-09-09,23.77660956279211,24.498399819878898,23.751134040899757,24.311582565307617,68629300
2019-09-10,24.532366582566482,24.922983169555664,24.4644334743492,24.922983169555664,71066200
2019-09-11,24.939968419796724,25.024883595668168,24.540859966727037,25.01639175415039,53982200
2019-09-12,24.812590755427852,25.30510619291181,24.54935016461394,25.19471549987793,72943900
2019-09-13,25.47493518207277,25.74666756487044,25.364544508931,25.619293212890625,79657000
2019-09-16,25.203205952045383,25.619296417711336,25.16923859012018,25.585329055786133,43391300
2019-09-17,25.347569104265318,25.491927182205785,25.12678606625912,25.423994064331055,48284900
2019-09-18,25.279628081257155,25.602309885343736,25.092810850780854,25.47493553161621,66640400
2019-09-19,25.474940048360438,25.55985683911892,25.262648881290765,25.32209014892578,43035700
2019-09-20,25.449459445820793,25.585325636055828,25.109793970233216,25.12677764892578,167269000
2019-09-23,24.889013538372346,25.15225572593088,24.770131014734886,25.067338943481445,52048300
2019-09-24,25.135267970612325,25.16923370629387,24.40498602745367,24.574819564819336,64806900
2019-09-25,24.438961173926753,24.973934233768468,24.438961173926753,24.83806800842285,45807700
2019-09-26,24.80409719625251,24.905997660931376,24.668230989782643,24.736164093017578,33198100
2019-09-27,24.973932595805366,25.228681346706917,24.80409901543562,24.922983169555664,41336600
2019-09-30,25.04186448445479,25.067340006165484,24.693707119340242,24.770132064819336,39191000
2019-10-01,24.99940053469246,25.058841783893268,24.124760614537866,24.150236129760742,49434400
2019-10-02,23.94644303846509,24.031358205120732,23.61526773382675,23.640743255615234,52293100
2019-10-03,23.57281112219742,23.674709974245772,23.063312002996515,23.61526870727539,53015800
2019-10-04,23.64923337079857,24.116273231942,23.640741530821963,24.09079933166504,42641800
2019-10-07,24.056832007615252,24.30309050834536,23.929457647082,24.03984832763672,36742400
2019-10-08,23.666220459373825,23.70867804571913,23.31806144879933,23.462419509887695,58201100
2019-10-09,23.63224760577285,23.836046888271664,23.564314511606582,23.683197021484375,37511400
2019-10-10,23.810576013652998,24.413482098477647,23.810576013652998,24.158733367919922,48239300
2019-10-11,24.61728002280099,24.914487938177082,24.5068893443399,24.549346923828125,70008600
2019-10-14,24.404984453906703,24.76163356365701,24.396492615620677,24.74464988708496,36040100
2019-10-15,24.91449090212351,25.6787387614,24.719183421798427,25.245664596557617,78656000
2019-10-16,25.789126761965548,26.086333043367524,25.602309534052583,25.619293212890625,87131700
2019-10-17,25.729690233707576,25.933491190737556,25.474941466899843,25.695724487304688,55575900
2019-10-18,25.58532897428798,25.891028752029186,25.55985507257818,25.772146224975586,48872900
2019-10-21,26.043879395411288,26.45147803110605,26.009912032610224,26.341087341308594,61087400
2019-10-22,26.29862744702632,26.638294587502983,26.111811815486522,26.49393653869629,58662100
2019-10-23,26.43449895830153,26.697741206944478,26.40053320923187,26.680757522583008,47771200
2019-10-24,26.706227648375485,26.765668911966657,26.493936495748187,26.629802703857422,39491000
2019-10-25,26.629801051829418,27.045891490807644,26.612817371956137,26.93549919128418,43702000
2019-10-28,27.14778422498916,27.3685671547274,26.9524768093312,27.03739356994629,58790300
2019-10-29,27.122315394293494,27.29214732757878,27.011923098987904,27.23270606994629,48266600
2019-10-30,27.181756069749966,27.181756069749966,26.774159090377513,26.850584030151367,45262400
2019-10-31,26.672265423614338,26.850590868386387,26.171258077347392,26.553382873535156,49430900
2019-11-01,26.918523768586038,27.037406317707138,26.63829946019112,27.00343894958496,41985300
2019-11-04,27.377069425566862,27.59785080672602,27.258183654920824,27.512935638427734,54228600
2019-11-05,27.606340926237262,28.09885797061164,27.59785070516109,27.869583129882812,68785600
2019-11-06,27.81863334589675,28.073385340008272,27.742208395524525,27.8441104888916,47524500
2019-11-07,28.115836459900926,28.5319252412203,28.030918068291058,28.217735290527344,68310700
2019-11-08,28.081873542956224,28.25170711372095,27.962991015212694,28.243213653564453,38724000
2019-11-11,28.047903640944615,28.23472087579838,27.996955841843146,28.17527961730957,27784000
2019-11-12,28.132819513482413,28.29415959500018,28.01393700717402,28.098852157592773,37282200
2019-11-13,27.784669220747222,27.929025660724665,27.58086827331924,27.8441104888916,48887800
2019-11-14,27.75919147594057,27.903551152094497,27.589361135956317,27.767684936523438,35554600
2019-11-15,27.954492533800757,27.988459889713585,27.767678554890885,27.96298599243164,36398300
2019-11-18,27.903551093005078,28.047907529547214,27.810142462627887,27.988466262817383,31133700
2019-11-19,28.124333131247557,28.14981027422779,27.86958437658838,27.97148323059082,33183700
2019-11-20,27.844102269739615,27.878069624168663,27.52990910022872,27.759183883666992,43612200
2019-11-21,27.835618926647996,28.056403571362402,27.70824616021096,27.88656997680664,42787600
2019-11-22,27.988462382455808,28.294162134287188,27.97147870298677,28.17527961730957,38783900
2019-11-25,28.30266058340142,28.455507246958163,28.24321607512697,28.42154312133789,50238800
2019-11-26,28.345110620449084,28.36209429838888,28.124326046537092,28.31963348388672,50626600
2019-11-27,28.438516676436464,28.53192203776198,28.28566682800554,28.379072189331055,32097700
2019-11-29,28.336624150609715,28.464000146920796,28.226235075733335,28.294166564941406,19503400
2019-12-02,28.4045492891875,28.659297956495337,28.311140688670115,28.38756561279297,47158800
2019-12-03,27.91204388223277,27.937521026965285,27.640311426666102,27.88656997680664,58745100
2019-12-04,28.090365715171973,28.27717971907243,27.895055012198654,28.14980697631836,46637900
2019-12-05,28.312027897196792,28.363257105951387,28.17541993084204,28.252262115478516,38304500
2019-12-06,28.756003055813665,28.858458210822747,28.662084473309235,28.74746322631836,50908500
2019-12-09,28.602322343642655,28.77308312843575,28.551093131107404,28.610858917236328,32974500
2019-12-10,28.516945567484868,28.71331934373808,28.431563540641324,28.62793731689453,41960100
2019-12-11,28.585239588096407,28.824302679494558,28.585239588096407,28.721847534179688,43107800
2019-12-12,28.841384192244686,29.720801054467913,28.75600543217995,29.609806060791016,64942500
2019-12-13,29.618336357648587,29.84886286936215,29.32804407515635,29.40488624572754,48539600
2019-12-16,29.840334631984167,29.959866206925156,29.62688446044922,29.62688446044922,50777100
2019-12-17,29.754947292417594,30.113545210155692,29.66103196959602,29.917171478271484,50840500
2019-12-18,29.97694206237793,30.113550039378307,29.925712849631132,29.97694206237793,48757900
2019-12-19,30.01110047804714,30.079402850813167,29.789110438326244,29.84033966064453,45409500
2019-12-20,30.087933792904888,30.087933792904888,29.806178038892597,29.848867416381836,109395500
2019-12-23,29.917187385354403,30.045255579291204,29.840345166195405,30.028179168701172,33995400
2019-12-24,30.0452417691022,30.12208395294096,29.985475988004367,30.070858001708984,13805400
2019-12-26,30.15623698525512,30.36115056269675,30.13062400944647,30.326997756958008,26992100
2019-12-27,30.480684528986895,30.497760933202624,30.105010150223,30.181852340698242,28111300
2019-12-30,30.36969169749487,30.437997319232604,29.9598677380424,30.011096954345703,30705100
2019-12-31,29.908633804165607,30.10500755020004,29.857407852933633,30.070858001708984,29630100
2020-01-02,30.181853723827185,30.44653311581371,30.130627765823565,30.42945671081543,37614200
2020-01-03,29.86594410739509,30.011091900650065,29.678106936238336,29.79764175415039,50357900
2020-01-06,29.379280361959722,29.797644115326307,29.34512755413571,29.75495147705078,42185000
2020-01-07,29.62688410864678,29.814718042613137,29.481736300091168,29.558578491210938,34149000
2020-01-08,29.515888860583363,30.045244363294895,29.498812456368015,29.857410430908203,45311600
2020-01-09,30.139160740248744,30.164776973182384,29.83179200097177,29.908634185791016,39861600
2020-01-10,29.883022270078577,29.942788054059456,29.592729923461032,29.661035537719727,39730400
2020-01-13,29.746418391907167,29.94279217443715,29.592733995667803,29.934255599975586,37956100
2020-01-14,30.139162152149428,30.455067479209305,29.97694120192754,30.156238555908203,66719300
2020-01-15,29.686648879835822,29.703725283610606,29.3195143411555,29.601266860961914,74745500
2020-01-16,29.797647254515137,29.874489451718993,29.54150442584137,29.643962860107422,50368500
2020-01-17,29.814717200801063,29.840333435111788,29.541501252754095,29.635419845581055,54156100
2020-01-21,29.387807653448224,29.473189646040833,29.217050182242986,29.25119972229004,50811000
2020-01-22,29.345124478449556,29.413430086938412,29.225592920584738,29.33658790588379,38879700
2020-01-23,29.10605702729608,29.251201538229225,28.798688348860964,29.131669998168945,45717100
2020-01-24,29.131679233533234,29.148755638525458,28.405949934815446,28.636476516723633,47797200
2020-01-27,27.808283008886132,28.286412478329023,27.7229042586598,28.047346115112305,57096200
2020-01-28,28.192499564837675,28.593786936928872,28.13273377626978,28.38033676147461,38834600
2020-01-29,28.457171480796806,28.551086797457724,28.15833935945275,28.18395233154297,37414700
2020-01-30,27.919281673244857,28.619397939838922,27.893665439204895,28.58524513244629,50542800
2020-01-31,28.2351875868361,28.320566350103775,27.876592872722615,28.030277252197266,54845300
2020-02-03,28.175421861303768,28.51694342908569,28.107116244950962,28.149808883666992,48485500
2020-02-04,28.653558425485627,28.9438508521303,28.627942184581315,28.704784393310547,45061600
2020-02-05,29.114600926806833,29.720801864965114,29.088987949487123,29.635419845581055,54604800
2020-02-06,29.831793426434977,29.89155921115122,29.541501076245677,29.601266860961914,39511500
2020-02-07,29.302440118401826,29.59273249019799,29.234137755209854,29.5500431060791,31263000
2020-02-10,29.404891297332195,29.61834144592285,29.353665346144545,29.61834144592285,24373800
2020-02-11,29.75495359337341,29.917177813580157,29.67811139879949,29.6866512298584,32476300
2020-02-12,29.951321817913207,30.267227077397955,29.69517907331392,29.81471061706543,36656700
2020-02-13,29.678098157076736,29.908624637942587,29.49880086873323,29.806169509887695,31775100
2020-02-14,29.7805677114143,29.848870070071303,29.62688333319727,29.75495147705078,26447700
2020-02-18,29.68664684565833,29.737876053472366,29.03775657464362,29.259746551513672,40318000
2020-02-19,29.41343626849585,29.754954611741933,29.379283457073832,29.643962860107422,29632100
2020-02-20,29.421969743244226,29.951328493543336,29.421969743244226,29.75495147705078,42604100
2020-02-21,29.48173243843659,29.575651021613428,29.148750739530115,29.33658790588379,46675500
2020-02-24,28.329107666841345,28.35472064576716,27.76559933153491,27.944896697998047,79159600
2020-02-25,27.910739164120578,27.97050494282607,26.33120942920565,26.536121368408203,91586800
2020-02-26,26.800799411454875,26.980098378241888,26.0921450024298,26.15191078186035,80012800
2020-02-27,25.22981027554244,25.870160806683067,24.683378343421037,24.871213912963867,121148300
2020-02-28,23.906422129848547,24.54677272261235,23.650282544141337,24.333322525024414,171198800
2020-03-02,24.205249034667002,25.08466267215604,23.42829056441187,25.076126098632812,147776300
2020-03-03,25.076124138696702,25.40056764757311,23.581973100604166,23.69296646118164,138698500
2020-03-04,24.119871187116615,24.265017379754134,23.39414022392901,24.239402770996094,111239800
2020-03-05,23.405923133475987,23.500440969458275,22.68415444152371,23.010669708251953,110878700
2020-03-06,21.885056743968118,22.520900380326328,21.567135745232164,22.091276168823242,119121200
2020-03-09,19.101094754400208,20.183748117334858,18.48243639224607,18.843320846557617,145196000
2020-03-10,19.977527620604857,20.347004737745404,18.55117524202958,20.28685760498047,134863600
2020-03-11,19.625236438312342,20.587593868349632,19.126872359464265,19.479164123535156,127347000
2020-03-12,17.691925922695457,19.651013001514986,17.313856141403328,17.623186111450195,139552600
2020-03-13,19.066720852629295,20.836771948996105,18.456653687675015,20.75943946838379,128357400
2020-03-16,17.0560830341071,18.671469491228805,16.824085546028307,17.563039779663086,121688800
2020-03-17,18.095776922802706,19.496353202979908,17.21075182244327,18.88628578186035,120065700
2020-03-18,17.416965686194654,18.01843859062822,16.927194354093256,17.8637752532959,148272500
2020-03-19,17.40837971332631,18.688660142514923,16.32572610150729,18.216073989868164,122461300
2020-03-20,18.697248248470242,18.765988065458178,16.80690082297223,16.901418685913086,150910400
2020-03-23,16.549132085077687,16.90142396197548,15.42351661593808,15.535218238830566,181898500
2020-03-24,16.686605321584125,18.173104778556727,16.334313580657355,18.069995880126953,147882400
2020-03-25,18.654278715113584,18.98938664695327,17.537256646010558,18.130138397216797,146991300
2020-03-26,18.310584995580015,19.71975364382514,18.190290730552746,19.522125244140625,116111400
2020-03-27,18.628508493976355,19.075318125340132,18.1301444094203,18.559768676757812,91522800
2020-03-30,18.60272957349406,19.204204175048172,18.276215866775775,18.937837600708008,80449100
2020-03-31,18.748804813931024,19.32450146065159,18.009850468887304,18.24184799194336,95213700
2020-04-01,17.124820537308352,17.48570492376377,16.763936150852935,16.987340927124023,83961300
2020-04-02,16.884233043239384,17.863777467756446,16.832678591071062,17.674741744995117,70007400
2020-04-03,17.528665826136752,17.82081039314621,16.91000761070351,17.210744857788086,68293500
2020-04-06,18.069991878970768,18.559763135280335,17.880956208896176,18.37932014465332,97766200
2020-04-07,19.59086957099074,19.659609400967007,18.77458429488344,19.023765563964844,94560300
2020-04-08,19.25576224872,20.278268608188334,19.25576224872,20.149381637573242,81212300
2020-04-09,20.682112796134113,21.756173507515292,20.664927431419233,21.360919952392578,125275700
2020-04-13,21.292180787558085,21.352327927024245,20.43293219201495,20.553226470947266,83164700
2020-04-14,21.05158674851628,21.180473686546254,19.848639262092615,20.389965057373047,88991100
2020-04-15,19.040942922543024,19.461974408922284,18.826130839356495,19.066720962524414,99082200
2020-04-16,19.032354720628124,19.0839091738349,18.12155173250462,18.40510368347168,89213300
2020-04-17,19.19560956544031,20.10641241901362,19.169831523201776,20.00330352783203,92800300
2020-04-20,19.393240783412086,19.874419544087626,19.058134351373884,19.333093643188477,74446300
2020-04-21,18.817543930821078,19.22139181996155,18.47384482008519,18.594139099121094,78871300
2020-04-22,19.040943086068406,19.1010902076554,18.688651397727874,18.731613159179688,49669500
2020-04-23,18.869096069401383,19.238573182629988,18.77457984986568,18.791765213012695,50614800
2020-04-24,18.997986939615554,19.16124299249292,18.61991709933084,19.058134078979492,47633500
2020-04-27,19.350274228303885,20.321224192518866,19.290127102939184,20.16655921936035,66916700
2020-04-28,21.00862905309435,21.317957436529312,20.49307956218721,20.527448654174805,65504900
2020-04-29,21.4038826125184,21.5757329890175,21.060183498406865,21.29218101501465,73493900
2020-04-30,20.802410002948136,20.94848234583671,20.493081588921076,20.66493034362793,55244100
2020-05-01,20.089231056210743,20.157970876976307,19.599459628395266,19.831457138061523,51772600
2020-05-04,19.504937519237828,19.754118679813004,19.272940079508928,19.702564239501953,45886100
2020-05-05,20.175155048848058,20.20952577664166,19.43620242903724,19.470571517944336,45691900
2020-05-06,19.76271183837085,19.831451640079305,19.101090222623153,19.204200744628906,53874600
2020-05-07,19.470569621646938,20.08063686947499,19.427607854975623,19.625234603881836,51884300
2020-05-08,20.16656200356777,20.295450591585134,19.977527920768235,20.252487182617188,45181000
2020-05-11,19.857236863270305,19.86582954645287,19.38464912154992,19.40183448791504,68951800
2020-05-12,19.513532437436453,19.60805029585859,18.77457984986568,18.791765213012695,69588700
2020-05-13,18.611317570737913,18.688650046870325,17.80362373051382,17.932512283325195,112113400
2020-05-14,17.43415583294278,18.723028803342764,17.270898131137162,18.654287338256836,88359100
2020-05-15,18.387918166876297,18.645693708544464,18.241845851596953,18.42228889465332,64484000
2020-05-18,19.264347399642734,19.814265799990253,18.96361015987039,19.702564239501953,86589400
2020-05-19,19.47057250117457,19.76271714662694,19.06672626252528,19.08390998840332,62179000
2020-05-20,19.487754194765103,19.76271342365502,19.453383471710723,19.685380935668945,59789500
2020-05-21,19.5994577416491,19.99471290216673,19.573681335647514,19.676790237426758,57726000
2020-05-22,19.702569013891612,19.719754377788412,19.29872115674935,19.470571517944336,48107000
2020-05-26,20.40715224687312,21.13751381295956,20.364190476644826,20.8625545501709,119485500
2020-05-27,22.40060710498949,22.486532278824345,21.455433470578825,22.323274612426758,117672700
2020-05-28,22.40920261670144,22.460757071959492,21.300772814777083,21.360919952392578,84340800
2020-05-29,20.982848665334657,21.40388023827892,20.67351867750358,20.725074768066406,113811100
2020-06-01,20.862552890566842,21.36950960558776,20.664924502133044,21.14610481262207,58375500
2020-06-02,21.44684173590595,21.816318852482976,21.103142664283055,21.343732833862305,71118100
2020-06-03,21.910841284594543,22.460759913960203,21.816323405589774,22.331872940063477,86744600
2020-06-04,22.245339294582212,23.21440967833072,22.12420611548207,23.1711483001709,94545300
2020-06-05,25.048728721207276,25.100642721421465,24.12291942387572,24.32192611694336,118767900
2020-06-08,24.737240653759315,25.00546490526774,24.347881538411396,24.693979263305664,79598500
2020-06-09,23.984476650750132,24.693975560132046,23.8373856348231,24.417097091674805,77773400
2020-06-10,24.20078864020834,24.313270887247796,22.937537652520604,23.015409469604492,90415300
2020-06-11,21.61371377677575,22.228035574200348,20.48890144952388,20.705211639404297,149875500
2020-06-12,21.656984090776444,21.674287657548145,20.800395648714687,21.440673828125,73729700
2020-06-15,20.5581245864445,21.778114159286773,20.497557985714415,21.76080894470215,76538900
2020-06-16,22.652009899857894,22.703923898355608,21.509892031010647,22.323217391967773,96796500
2020-06-17,22.409737943557413,22.409737943557413,21.561802296847603,21.63102149963379,58349500
2020-06-18,21.371457744936308,22.054997417014587,21.267628077494294,21.665639877319336,53419000
2020-06-19,22.011728228370963,22.054989611810374,21.189748740494238,21.847332000732422,127563600
2020-06-22,21.535852327471428,21.656987214241948,21.293585854563535,21.30223846435547,55484300
2020-06-23,21.639676066500897,21.985772111782943,21.423365831910104,21.449323654174805,46108300
2020-06-24,21.23301615179601,21.23301615179601,20.488908320952568,20.601388931274414,75437100
2020-06-25,20.506211279105088,21.432018836248897,20.376423815694075,21.388755798339844,65031900
2020-06-26,20.84365376508782,20.860958979455965,19.91784625050091,20.03032684326172,118139200
2020-06-29,20.255290826310187,20.627344704717213,19.98706658967663,20.237985610961914,66269200
2020-06-30,20.07359094075969,20.68791123047214,19.987066514659244,20.54947280883789,61716200
2020-07-01,20.7917413998694,20.826350180998784,20.099547623803506,20.125505447387695,57379900
2020-07-02,20.627344418185558,20.75713023086243,20.09089430205403,20.15146255493164,56000200
2020-07-06,20.61003991119331,20.835002764376657,20.298552629813884,20.471601486206055,59589000
2020-07-07,20.229331243452457,20.23798385037387,19.814016013120952,19.90919303894043,60645800
2020-07-08,19.926501568058907,20.06494000120213,19.64097209341147,19.98706817626953,52922600
2020-07-09,19.848627201256196,20.038979609871998,19.372743704242556,19.701536178588867,79385900
2020-07-10,19.649620011542424,20.80904294748449,19.62366384079133,20.7830867767334,81142900
2020-07-13,21.085919392032622,21.207052578056494,20.644646378253817,20.93017578125,73598100
2020-07-14,20.67060120248208,20.895563997839,20.289896456784927,20.886911392211914,67423100
2020-07-15,21.423365785980078,21.518542817097135,21.008050532532028,21.284927368164062,57384400
2020-07-16,20.549468038639873,20.95613060150138,20.367768271291894,20.705211639404297,78067100
2020-07-17,20.66194772172529,20.74847212401567,20.073585416845273,20.09088897705078,66659100
2020-07-20,20.064940324389003,20.506213456009245,19.995721106702472,20.40238380432129,61114000
2020-07-21,20.514866474894777,21.18110254349819,20.49756290647226,21.129188537597656,75499300
2020-07-22,20.97343951895578,21.051311333098617,20.73982407652727,21.034006118774414,52193700
2020-07-23,21.21571175003848,21.319539755815438,20.860963038053814,21.233016967773438,61047600
2020-07-24,21.250318593075967,21.483934060198056,20.999399560116732,21.068618774414062,50217600
2020-07-27,20.95613058691283,20.999393615048263,20.66194859685499,20.886911392211914,54721300
2020-07-28,20.87826383093946,21.250317711216482,20.83500244266751,21.0772705078125,48406500
2020-07-29,21.077266469557625,21.88194067964899,20.930175467171935,21.864635467529297,71393500
2020-07-30,21.38875459369786,21.587761256238903,21.068616382782206,21.492584228515625,61755900
2020-07-31,21.57045801623862,21.587763232011415,21.163793697159058,21.52719497680664,61955800
2020-08-03,21.656982104585886,21.899248520334474,21.362800042334445,21.622371673583984,58284000
2020-08-04,21.596414008659945,21.682938436482846,21.50989123115324,21.639677047729492,37985300
2020-08-05,21.9079030106094,22.141518488998045,21.847336401467825,21.968469619750977,51322600
2020-08-06,22.020381830318918,22.210734236497565,21.87329080953485,22.03768539428711,51999700
2020-08-07,21.925206169503124,22.66066131929233,21.85598695836509,22.591442108154297,63354500
2020-08-10,22.764488488035973,23.19710895459098,22.67796406466175,22.980798721313477,64051100
2020-08-11,23.603771249470093,24.01043385946256,23.171150819569867,23.29228401184082,81441000
2020-08-12,23.77682032984691,23.85469214547238,22.85101279998419,23.12788963317871,61971300
2020-08-13,22.92023217131104,23.075975803669763,22.617397513981974,22.79909896850586,55955500
2020-08-14,22.5481749848793,23.067319799523467,22.427041799911482,22.902923583984375,50931900
2020-08-17,22.764489108212334,22.851013533943757,22.357826452685657,22.409740447998047,57518700
2020-08-18,22.383779699178554,22.487607668575905,22.029029461176126,22.089597702026367,45850100
2020-08-19,22.20208474962633,22.565486049087685,21.968469274904827,22.06364631652832,59856000
2020-08-20,21.769462365739653,21.916553394575036,21.648329159751512,21.717548370361328,49403700
2020-08-21,21.613719940185547,22.003079053127006,21.544500725697763,21.613719940185547,55010700
2020-08-24,21.82137077096362,22.236687578543673,21.665628824726305,22.22803497314453,54579500
2020-08-25,22.53087393234007,22.660659737877022,22.262648063872174,22.49626350402832,57304700
2020-08-26,22.444353051161414,22.444353051161414,22.098256965047764,22.11556053161621,39478000
2020-08-27,22.054989651645432,22.686615092771195,22.011728268127886,22.53952407836914,52934800
2020-08-28,22.84236091249539,22.902927515375833,22.487612252496096,22.755836486816406,46466400
2020-08-31,22.574137857417927,22.61739924735926,22.22804178693855,22.271303176879883,49416200
2020-09-01,22.132863563970904,22.409740405533874,21.977119928012698,22.245344161987305,46109200
2020-09-02,22.08960103023835,22.63470207749366,22.054990601680647,22.513568878173828,57300900
2020-09-03,22.82723045266437,23.193163210393912,22.182490439007026,22.35674476623535,86192500
2020-09-04,22.87950128043995,23.315135345196662,22.478717076721495,23.123456954956055,99621400
2020-09-08,22.774951852622973,22.931780405781215,22.121500655671856,22.199914932250977,74978600
2020-09-09,22.339313544983796,22.409014926488737,21.98209375704447,22.226049423217773,53822700
2020-09-10,22.39159606250655,22.557135843650588,21.851408983191405,21.903684616088867,56609600
2020-09-11,21.973384760071806,22.28704186318389,21.86012061828817,22.21734046936035,47708300
2020-09-14,22.36545447987723,22.644260034489402,22.252190346495606,22.435155868530273,47802400
2020-09-15,22.45258075777709,22.504856381780385,21.94724529424622,22.025659561157227,63820200
2020-09-16,22.025664456522193,22.57456278508379,21.825271473315187,22.30447006225586,64598600
2020-09-17,21.894970766543736,22.199914991632404,21.868833782155672,22.086650848388672,48862000
2020-09-18,21.91239645820747,22.287042076779155,21.868833709829875,21.964672088623047,94055800
2020-09-21,21.407060092771097,21.590027284765277,20.93657611386598,21.31993293762207,75218600
2020-09-22,21.14567457525502,21.433192946286404,20.744890434592342,20.858156204223633,68665300
2020-09-23,20.997562862195498,21.136965634012903,20.265697479248047,20.265697479248047,59950300
2020-09-24,20.370247580423264,20.753606012245307,19.995603690887847,20.335397720336914,53570700
2020-09-25,20.283121839125123,20.51836296167358,20.152430295494636,20.466087341308594,42111300
2020-09-28,20.805882466225214,21.180528032571253,20.727469862438742,20.988849639892578,47996900
2020-09-29,20.893006531011157,20.90171941054945,20.500936922659122,20.710041046142578,45695200
2020-09-30,20.718756981615336,21.18924091339466,20.710044100791926,20.988849639892578,56226100
2020-10-01,21.145681899634994,21.26765892904629,20.78846203194842,20.99756622314453,44782200
2020-10-02,20.596780241766975,21.285082934999547,20.535791732100748,21.093402862548828,51682100
2020-10-05,21.363504909342584,21.529044734737674,21.24152618422538,21.450632095336914,44396800
2020-10-06,21.712004013596122,21.947246830798772,21.154392887022944,21.232807159423828,67541100
2020-10-07,21.459331801785574,21.87754173775624,21.43319482328313,21.677148818969727,47648000
2020-10-08,21.738143466346532,22.043086023893384,21.616164781515486,21.99081039428711,52080600
2020-10-09,22.07793213536614,22.20862200822725,21.816552389643924,22.09535789489746,44511500
2020-10-12,22.043083659097785,22.504856379548805,21.990808035099672,22.37416648864746,48362900
2020-10-13,22.33930998808472,22.374161504194088,21.642296284014897,21.738136291503906,61186900
2020-10-14,21.21537864913618,21.42448279452472,20.553214691166453,20.57935333251953,127409500
2020-10-15,20.55321839800011,21.084692568681437,20.457378357565815,21.041128158569336,66832400
2020-10-16,21.084691304025824,21.215381202898715,20.85816137046711,21.11954116821289,58357700
2020-10-19,21.171812597475938,21.189238357020425,20.640340225864307,20.66647720336914,51377900
2020-10-20,20.814590773333457,21.32863899627491,20.805877894424583,21.032407760620117,62476400
2020-10-21,21.10211806088377,21.206670990227252,20.919152511798224,20.954002380371094,41564900
2020-10-22,20.954000422624826,21.703291637777763,20.910437675525728,21.668441772460938,55402000
2020-10-23,21.990809496133682,22.00823525922817,21.52903674500322,21.694578170776367,51007400
2020-10-26,21.31993595170682,21.415776002101268,21.04113034526388,21.38092613220215,59450200
2020-10-27,21.163109369630515,21.250234876623313,20.74489929172747,20.77975082397461,55009300
2020-10-28,20.396386183262567,20.614203209279307,20.143719297225402,20.44866180419922,81942500
2020-10-29,20.352824558213754,20.692618605642316,20.143720401195242,20.509653091430664,57490400
2020-10-30,20.466088308316486,20.771032488176,20.248271274389985,20.64905548095703,66453400
2020-11-02,20.814593566132586,21.136963481768003,20.448660911919497,20.980134963989258,59756400
2020-11-03,21.415775704112942,21.729432837903133,21.35478718627873,21.511615753173828,65106200
2020-11-04,20.814597380929882,21.03241443736259,20.274412011591625,20.63163185119629,88845500
2020-11-05,20.823310389215184,21.59874024486276,20.78846052411643,21.441911697387695,74722600
2020-11-06,21.72071759061808,21.746854574380386,21.110829155042392,21.180530548095703,55454500
2020-11-09,23.175730557963387,24.630748273937883,22.91434914479802,24.1864013671875,178378800
2020-11-10,23.95116373630198,24.186406560114893,23.68107104700509,24.099279403686523,77694600
2020-11-11,24.17769061033342,24.19511637177036,23.62879241956641,23.820470809936523,48360900
2020-11-12,23.384836461496874,23.437112083362116,22.923063759886393,23.254146575927734,67912600
2020-11-13,23.419687582604737,23.70720601105616,23.31513633324721,23.524240493774414,52421000
2020-11-16,24.27353102650171,24.39550803489632,23.681068422621436,24.02957534790039,57396700
2020-11-17,23.742055373482412,24.046999536329906,23.53295123199579,24.003435134887695,46402300
2020-11-18,24.073133078007164,24.33451446390208,23.48938347653046,23.50680923461914,54416700
2020-11-19,23.4632465012092,23.53294787175216,23.219290873402958,23.50680923461914,46423000
2020-11-20,23.29770748620171,23.480674641068667,23.201867468804164,23.35869598388672,40538000
2020-11-23,23.62007874073557,23.977298529062164,23.57651433861524,23.864032745361328,45421200
2020-11-24,24.334516899115446,25.258060566683834,24.32580401919919,25.249347686767578,80387800
2020-11-25,25.014108136441628,25.301628225276815,24.813716857991775,25.29291534423828,57249900
2020-11-27,25.24063850763205,25.35390430133851,25.101235732156535,25.25806427001953,25971600
2020-11-30,25.022825721262283,25.144804416919126,24.48264028982645,24.534915924072266,63567900
2020-12-01,25.04025159453062,25.301633090511082,24.979263077345582,24.996688842773438,50255100
2020-12-02,24.99668534367522,25.42360656602144,24.857282563391237,25.319053649902344,45257500
2020-12-03,25.371655637782098,25.5119272672128,25.099877892611598,25.345354080200195,54013700
2020-12-04,25.59959622501267,25.801236473620495,25.42425586055478,25.678499221801758,66188200
2020-12-07,25.3365891819807,25.555763831776673,25.152483278793618,25.503162384033203,42197800
2020-12-08,25.30152351307411,25.55576525143256,25.222620500990804,25.362892150878906,33869100
2020-12-09,25.64342969042539,25.64342969042539,25.20508046494803,25.24891471862793,54886300
2020-12-10,25.09987629169599,25.53822552375066,24.959604671212062,25.520692825317383,58859600
2020-12-11,25.14371482671263,25.20508345801977,24.810568439374155,25.047277450561523,40538400
2020-12-14,25.354118490259655,25.389185557693285,24.67029311752375,24.740428924560547,40267100
2020-12-15,24.854399014127708,25.266446644226292,24.766728843081147,25.108640670776367,43672700
2020-12-16,25.248917325831233,25.266451697981626,24.933306987972934,25.178781509399414,42463200
2020-12-17,25.170012503149692,25.354120053075544,25.012208181717078,25.275217056274414,43182700
2020-12-18,25.327816053011002,25.511923585173335,25.047272834639333,25.13494300842285,82817200
2020-12-21,25.511926798255082,26.29218793164191,25.187547616053205,26.073013305664062,93397400
2020-12-22,26.108081743898534,26.108081743898534,25.573295127656834,25.608362197875977,39054300
2020-12-23,25.76616675785558,26.607798134400834,25.713565319374492,26.34478759765625,52537200
2020-12-24,26.537664046236063,26.537664046236063,26.073013238381,26.265886306762695,22632300
2020-12-28,26.502594804530187,26.78313805222857,26.2921873687564,26.41492462158203,32861200
2020-12-29,26.44999453042767,26.520130345446194,26.2395870853721,26.309722900390625,33291900
2020-12-30,26.300958751263032,26.49383184679112,26.248357301968085,26.283424377441406,26370100
2020-12-31,26.309720248946284,26.64286491866814,26.213282885950942,26.572729110717773,28716000
2021-01-04,26.704239984651956,26.800677370915167,26.08178474793115,26.327260971069336,51483900
2021-01-05,26.449993334437814,26.774372509337105,26.22205152789203,26.52889633178711,48507000
2021-01-06,27.966679585783748,28.59790185347533,27.493263303057446,28.185855865478516,107002800
2021-01-07,29.20282643185717,29.474600809662256,28.790777092166664,28.808311462402344,74358500
2021-01-08,28.860910955238744,28.931048435516722,28.15078736128947,28.518999099731445,44641400
2021-01-11,28.133250483694457,29.045017580007254,27.966677327220115,28.992414474487305,51868200
2021-01-12,29.29926304778417,29.781449911142836,29.10639164678016,29.509672164916992,68166200
2021-01-13,29.308035438464103,29.52721009573988,29.00995777079545,29.334335327148438,43172800
2021-01-14,29.351868282866874,30.13212948997464,29.299265163699943,29.798986434936523,48483500
2021-01-15,29.18529529474301,29.483372933091974,28.66804302067685,28.939817428588867,57684300
2021-01-19,28.492697392537462,29.457064274241628,28.229688547012593,28.729406356811523,78130200
2021-01-20,28.72064018557446,28.746943413623566,28.194622445341587,28.352428436279297,53920000
2021-01-21,28.35243440769335,28.47517168330857,27.817647697364237,27.85271644592285,49626600
2021-01-22,27.49326431156244,27.8351761767495,27.396826945619587,27.659835815429688,45314500
2021-01-25,27.4143618673936,27.44066175160164,26.800672262604696,27.31792449951172,48078400
2021-01-26,27.528330061742864,27.554631616331708,27.09874803647561,27.125049591064453,36373000
2021-01-27,26.572733325707105,26.677937890405076,26.011646773104143,26.151918411254883,63809200
2021-01-28,26.66916545968108,26.958475865497196,26.230816258616084,26.58149528503418,51223300
2021-01-29,26.651633980318735,26.73930416447225,25.941508665797638,25.994110107421875,64019100
2021-02-01,26.186984980010397,26.336023792177517,25.923974426213885,26.265886306762695,40985300
2021-02-02,26.809439708012885,27.35299350656799,26.774372638005598,27.203954696655273,53527000
2021-02-03,27.098750099888715,27.81764259169463,27.07244854329716,27.686138153076172,49404900
2021-02-04,27.879009106147212,28.51899855186303,27.8614764085841,28.492698669433594,51751900
2021-02-05,28.834612477584486,28.852146848508532,28.33489461143668,28.37872886657715,42008800
2021-02-08,28.43133168795986,29.176524050728347,28.405031804012985,29.009952545166016,46014100
2021-02-09,28.904750939510627,28.94858519613459,28.57160456935758,28.887216567993164,35868600
2021-02-10,29.0362542568882,29.299263145930663,28.808314111541925,28.913516998291016,45031900
2021-02-11,28.904748711962014,29.202826316108737,28.53653362715058,28.82584571838379,29479900
2021-02-12,28.931052688435706,29.325567712145936,28.85214968369366,29.255430221557617,37468300
2021-02-16,29.790216909523636,30.29870368373808,29.544742380917835,30.04446029663086,52802600
2021-02-17,29.84282441474201,30.298708137986804,29.623649740740102,30.16720199584961,45455300
2021-02-18,29.86035486512901,30.377607161559332,29.825286119256525,29.974323272705078,37541700
2021-02-19,29.98309035047653,30.44773950049996,29.96555597858175,30.28116798400879,54514100
2021-02-22,30.202262708279797,30.903620809557946,30.167193967131084,30.81595230102539,56783400
2021-02-23,31.052661313271813,31.46471070564345,30.807186787266374,31.14033317565918,67440700
2021-02-24,31.333196949362634,32.017020514673106,31.21045638502884,31.894283294677734,58139500
2021-02-25,32.4027732477347,32.464141870434496,31.35073446034817,31.499774932861328,74762000
2021-02-26,31.324433343617514,31.58744219401872,30.4039006950438,30.430200576782227,70933300
2021-03-01,31.14032618221443,31.604975243328752,30.894851711337257,31.37703514099121,45901700
2021-03-02,31.254301759488985,31.50854177381664,31.12279565139528,31.14909553527832,41167400
2021-03-03,31.534851533420003,32.411550184051954,31.420879772422666,31.929363250732422,66047000
2021-03-04,31.841256190746805,32.484424503863394,31.647423447277205,32.1584358215332,96512800
2021-03-05,32.62539262438853,33.12759258259698,31.86768648085983,32.537288665771484,74292300
2021-03-08,32.93376808139035,33.24213534319272,32.44037710155546,32.713504791259766,65335500
2021-03-09,32.20248345774495,32.739926275093694,31.550506181021987,31.999841690063477,63946000
2021-03-10,32.193677404199796,33.06591799145987,32.043896646609895,32.924949645996094,53365600
2021-03-11,32.83685150915118,33.29499955333022,32.46680743614266,32.810420989990234,45834000
2021-03-12,33.40952163704324,33.63859725454111,33.10996690192263,33.42714309692383,46069600
2021-03-15,33.50643644187698,33.54167936001411,32.79278583482327,33.259742736816406,50131600
2021-03-16,32.968990056029135,33.2333085518646,32.572519034174505,33.16282272338867,50300400
2021-03-17,33.48001847539772,33.79719813554837,32.88971449974583,33.43596649169922,63796000
2021-03-18,33.92935534203976,35.21569549590691,33.85006042406817,34.30820846557617,95439700
2021-03-19,33.735521049968796,34.290582034453806,33.06591887050196,33.94697189331055,106252700
2021-03-22,33.55050595857759,33.81482123448601,32.95138954067791,33.18046188354492,54701300
2021-03-23,32.91613633435277,33.32141985498484,32.405124047594924,32.5108528137207,49838000
2021-03-24,32.78397705717056,33.29498934392841,32.502040402735204,32.5108528137207,43896800
2021-03-25,32.4844290802569,33.25975680241256,32.2729782039106,33.18046188354492,47517900
2021-03-26,33.78838296171074,34.149614576047085,33.550501596983686,34.079132080078125,66846000
2021-03-29,33.52407142588425,34.03508386218629,33.35667253862204,33.75314712524414,45680000
2021-03-30,34.035077167989215,34.76634938530528,34.035077167989215,34.352256774902344,56705900
2021-03-31,34.026262965596224,34.352254967185814,33.885294632269705,34.08793640136719,49270000
2021-04-01,34.21129828086901,34.819223795125666,34.114381888534325,34.79279327392578,65587000
2021-04-05,35.2421101180438,35.48880381336625,34.88968767248355,35.06589889526367,50328500
2021-04-06,34.828021988565816,35.374277236674736,34.76634855102937,34.968990325927734,42590100
2021-04-07,35.039480990124076,35.374282097722535,34.88089116868011,35.28617477416992,43136400
2021-04-08,35.065913874557,35.10996585883257,34.55490480724865,34.97780990600586,45285900
2021-04-09,35.16282484670551,35.400709558336,34.81040230481951,35.23331069946289,45872900
2021-04-12,35.23331327964959,35.576923434628775,35.10996302829106,35.294986724853516,45544600
2021-04-13,35.074707391905086,35.083516439634046,34.5372647348114,34.64299011230469,46770400
2021-04-14,34.34344172955702,35.53286516427423,34.29057734547511,35.136390686035156,52023800
2021-04-15,35.00423677986002,35.10115315174625,33.52406740784447,34.131996154785156,118128900
2021-04-16,34.63418194746543,34.73109491875109,34.281759532238375,34.49321365356445,60633400
2021-04-19,34.704677924253836,34.739920851686236,34.38749829926331,34.51084518432617,42321100
2021-04-20,34.361069994482314,34.361069994482314,33.383100541502614,33.55050277709961,50834100
2021-04-21,33.25974979251673,34.167233280887906,32.960191646702405,34.11437225341797,37851800
2021-04-22,34.140801731808885,34.15842319408127,33.629789408760516,33.79719161987305,48093400
2021-04-23,33.76195101009906,34.66062548190358,33.67384705364686,34.519657135009766,48674100
2021-04-26,34.66944470659464,35.109971340025076,34.6077712467905,34.72230911254883,34699800
2021-04-27,34.95136702222353,35.171630247806334,34.81039869228854,35.136390686035156,34304800
2021-04-28,35.18044311112003,35.43594926270801,35.13639113762731,35.26854705810547,34084400
2021-04-29,35.72669807436964,36.237710421855304,35.64740317082705,36.220088958740234,44008700
2021-04-30,35.98219202774014,36.0350563991314,35.65620347320061,35.70906448364258,39203400
2021-05-03,36.00863606557787,36.16722587840292,35.61216153351524,35.735511779785156,41940500
2021-05-04,35.453570219290604,36.193654790656964,35.04828333046015,36.1231689453125,53880000
2021-05-05,36.299386560298494,36.616566198043785,35.91172106485395,36.4667854309082,37471100
2021-05-06,36.546074042399376,37.05708633980475,36.33462322764206,37.013031005859375,39044400
2021-05-07,36.23771013398,37.22448853393172,36.220088671004916,37.16281509399414,39249200
2021-05-10,37.44476105071552,37.83242324929813,37.03066497065027,37.04828643798828,41271500
2021-05-11,36.60774856372343,37.30378118494526,36.42272825507971,36.625370025634766,42964700
2021-05-12,37.3390293197087,37.49761913809291,36.158418094487736,36.28176498413086,47533000
2021-05-13,35.999826808561856,37.08352161604309,35.92934095395306,36.863258361816406,42026100
2021-05-14,37.057084502901,37.427125090858596,36.93373427929853,37.3213996887207,30932600
2021-05-17,37.21567775258912,37.75311722406422,37.145191903966015,37.65620422363281,32656400
2021-05-18,37.62095671531378,37.84121992399717,37.12756591792103,37.14518737792969,37880300
2021-05-19,36.69586553370866,37.00423279596124,36.396307324255694,36.97780227661133,42672800
2021-05-20,36.91611282392211,37.11875455999467,36.52844744974016,36.889678955078125,36871100
2021-05-21,37.021842639316716,37.532851565037305,36.907304823175025,37.35664367675781,40243800
2021-05-24,37.515239860020394,37.69144777833725,37.224490745086506,37.55929183959961,31390800
2021-05-25,37.61214724925528,38.11434713549153,36.942548521256974,37.013031005859375,52657700
2021-05-26,37.021845395580286,37.224487170948336,36.70466579554324,37.039466857910156,41332800
2021-05-27,37.42713423183364,37.75312292859711,37.109954587004,37.488807678222656,52981100
2021-05-28,37.585716411323425,37.62976838393623,37.04827360697708,37.34783172607422,38509700
2021-06-01,37.841226508143876,38.131972246500055,37.68263670142217,37.81479263305664,42890700
2021-06-02,37.97338488715624,38.035058331417254,37.53285836474863,37.83241653442383,34180500
2021-06-03,37.84126397474996,38.47829357407566,37.76163527483425,38.26594924926758,46981200
2021-06-04,38.25710385443144,38.389816106786895,37.89435163116875,38.28364562988281,37192600
2021-06-07,38.28364411953268,38.38981459224817,38.097844948505944,38.15092849731445,28401900
2021-06-08,37.92088773466978,38.25709813219302,37.540439926311464,37.93858337402344,41871400
2021-06-09,37.575834668909884,37.80587125151688,37.25731988137833,37.443119049072266,42366300
2021-06-10,37.83241418283111,38.00936722299522,36.82378624152375,36.885719299316406,40123600
2021-06-11,36.99189158340795,37.06267077141993,36.72646034684248,37.036128997802734,31203600
2021-06-14,37.027285268563396,37.08037219918123,36.32832591180591,36.593753814697266,36050700
2021-06-15,36.52296451488253,36.77070010371331,36.18675747484507,36.62028884887695,39247900
2021-06-16,36.522964738098764,37.151148159057016,35.983259519084505,36.82378387451172,63859100
2021-06-17,37.17768433165031,37.24846350744504,35.14273324485958,35.2135124206543,80728200
2021-06-18,34.514560507428634,34.77114227048534,34.054487285870245,34.311065673828125,102774200
2021-06-21,34.61187262698033,35.1958151442649,34.53224394848254,35.169273376464844,48119400
2021-06-22,35.28430485871414,35.62051194437025,34.75344570355931,35.36393356323242,44113200
2021-06-23,35.53203349240586,35.76207007367548,35.45240479598591,35.56742477416992,32039900
2021-06-24,35.77975326534215,36.284067042164615,35.54971676411149,36.124813079833984,37161800
2021-06-25,36.51411860545352,37.009586411044936,36.133670774840134,36.82378387451172,53178800
2021-06-28,36.682224155223246,36.78839800342801,36.36370936080592,36.77070236206055,34416500
2021-06-29,36.832631191425754,37.11575467060954,36.05403993612131,36.17790603637695,38519600
2021-06-30,36.0628863435188,36.593745402364156,36.027498439674275,36.47872543334961,29159800
2021-07-01,36.77070162245685,36.89456773443915,36.461032967402666,36.75300598144531,28045100
2021-07-02,36.602600501349706,36.69107872038146,36.36371437261238,36.407955169677734,28980800
2021-07-06,36.10713310531467,36.16906616616488,35.27545478801401,35.45240783691406,47578700
2021-07-07,35.01001601946927,35.39046377505896,34.82421689467364,35.169273376464844,43499900
2021-07-08,34.16950390371043,34.71805871612798,34.0456377767448,34.311065673828125,52793100
2021-07-09,35.08081237047489,35.60282205155847,34.85962188484793,35.42586898803711,43887200
2021-07-12,35.20466839385743,36.107125721098654,35.07195279054919,35.94786834716797,42624500
2021-07-13,35.81516448828951,35.81516448828951,35.018880732618456,35.2666130065918,54338100
2021-07-14,34.60303401354197,34.992327984606064,33.43514872525134,34.38184356689453,105651700
2021-07-15,33.96599979577199,34.79767792133713,33.90406674919985,34.35529708862305,54697300
2021-07-16,34.7003641120723,34.762297177409685,33.25820121543251,33.5501708984375,60469700
2021-07-19,32.51499417207641,32.95737504516589,32.30264986795025,32.674251556396484,83251500
2021-07-20,32.612325227140296,33.72712377209615,32.391134744997565,33.346675872802734,59462900
2021-07-21,33.665182856953706,34.302212377011934,33.6032498064034,34.02793502807617,49907400
2021-07-22,33.93945823395675,33.974849510814394,33.33782002776852,33.58555221557617,52715600
2021-07-23,33.797903077256976,33.85983613625842,33.231656037758825,33.35552215576172,48659400
2021-07-26,33.320119100043776,33.833282407725356,33.320119100043776,33.735958099365234,32258000
2021-07-27,33.37321583031495,33.833292366560784,33.14317587464284,33.60325241088867,39121400
2021-07-28,33.7890416311272,34.06331892058777,33.39974777278411,33.735958099365234,43331100
2021-07-29,34.107563801549276,34.48801161305971,33.948306421145,34.22258377075195,43039100
2021-07-30,34.07217681943312,34.35530371204476,33.66518718489538,33.9394645690918,46210100
2021-08-02,33.974849510814394,34.46146775476424,33.54131480705308,33.58555221557617,49894000
2021-08-03,33.67403544004479,34.17834939778928,33.22280503042175,34.107566833496094,39680600
2021-08-04,33.64748845746119,34.30221364110407,33.49708057918141,33.859832763671875,42289800
2021-08-05,34.12525971353479,34.55879444700774,34.10756407389322,34.52340316772461,34754500
2021-08-06,34.9215549681629,35.75322997949777,34.9215549681629,35.523193359375,58022300
2021-08-09,35.43470973251043,36.23984284272129,35.213519280528345,35.98326110839844,56340100
2021-08-10,36.018652034665074,36.82378513691653,35.90363543084231,36.65568161010742,44987300
2021-08-11,36.806084560579045,37.32809408710375,36.69991410394123,37.115753173828125,58458200
2021-08-12,37.36349617986129,37.41658311109612,36.95650649902447,37.29271697998047,37400100
2021-08-13,37.2396158686367,37.36348195258659,36.655673347803166,36.83262634277344,41344900
2021-08-16,36.41680220455379,36.54066833916229,35.93018380069224,36.531822204589844,38599100
2021-08-17,36.31947093138749,36.779547468806896,35.93902309035026,36.354862213134766,43526900
2021-08-18,36.07175137439767,36.744169088194504,35.97442700297059,36.089447021484375,50342500
2021-08-19,35.49663781394966,35.983256065087524,35.39931348870249,35.558570861816406,51883900
2021-08-20,35.47010223792556,35.80631268155905,35.31084483699909,35.71783447265625,40415000
2021-08-23,35.94787778858435,36.363713596309914,35.921332635892036,36.19561004638672,35364500
2021-08-24,36.36370265115345,36.87686603082796,36.31061911194428,36.699913024902344,35579300
2021-08-25,36.85918214597677,37.5581448859567,36.75301165860606,37.29271697998047,51219900
2021-08-26,37.60237457640437,37.90319370801954,37.17768933914148,37.19538497924805,41184500
2021-08-27,37.266168247069096,37.73509432351819,37.106910843761646,37.59353256225586,46468600
2021-08-30,37.7173966660287,37.7173966660287,36.83263486164209,36.85917663574219,44855600
2021-08-31,36.8680258708083,37.221931972379885,36.59375184843412,36.93880844116211,54654600
2021-09-01,36.93880043186931,36.96534220244768,36.301770937204516,36.44333267211914,52361900
2021-09-02,36.55894910732886,36.896882444806295,36.140979016038195,36.478912353515625,44538900
2021-09-03,36.478910745530385,36.63008938918362,36.17655006582998,36.50558853149414,41812400
2021-09-07,36.6834465956227,37.217022643692424,36.62119616976102,36.745697021484375,43748600
2021-09-08,36.5322714836713,36.896882609920084,36.17655182237751,36.265480041503906,36064400
2021-09-09,36.15876971438373,36.772382639618385,36.069841484892734,36.39888000488281,36266400
2021-09-10,36.65677085641616,36.77237685809945,35.78526145332796,35.81193923950195,40514700
2021-09-13,36.10540376362613,36.42555075575422,35.883079840469826,36.40776443481445,42036300
2021-09-14,36.57673486430028,36.73680836945298,35.269469036351204,35.429542541503906,53820400
2021-09-15,35.331719900711455,35.87419085345568,35.278360934207505,35.69633102416992,52358200
2021-09-16,35.99868935146457,36.29215855936703,35.74968764225801,35.97201156616211,42922000
2021-09-17,35.87419610112125,36.16766197883587,35.6429806639035,36.016483306884766,92746000
2021-09-20,35.02047146170508,35.091613365535714,34.11338928920202,34.78036117553711,67566200
2021-09-21,34.9226461622984,35.216112009641726,34.62917692256084,34.79814529418945,38271100
2021-09-22,35.34950622287944,36.03426436057345,35.34950622287944,35.69633102416992,46261400
2021-09-23,36.247692253301715,37.243705907686746,36.14987257317627,37.074737548828125,49779800
2021-09-24,37.1014158186621,37.6527781749884,37.03916539419269,37.474918365478516,39042300
2021-09-27,37.955138480982754,38.62211021615598,37.919565840932364,38.47092819213867,49755400
2021-09-28,38.6221063625774,39.16457719584211,38.29306795592581,38.381996154785156,60781200
2021-09-29,38.39978687153877,38.52428772116014,38.00849800238678,38.301963806152344,44260200
2021-09-30,38.55097070337331,38.55097070337331,37.55496037971264,37.750606536865234,47410800
2021-10-01,37.777276472979345,38.622107966807924,37.69723973372414,38.310855865478516,40987100
2021-10-04,38.337542299591114,39.1912654493816,38.301969653584614,38.54207992553711,48273400
2021-10-05,38.92448124336696,39.79599080245631,38.83554961954484,39.32466506958008,54070700
2021-10-06,38.99561718229793,39.386909482444324,38.72882913644888,39.342445373535156,47031700
2021-10-07,39.83154754166638,39.90268941991258,39.15568104016476,39.2357177734375,46258800
2021-10-08,39.19125954571123,39.84933982812295,39.05786383947837,39.43136978149414,39389400
2021-10-11,39.66258707466334,39.84934175087912,38.906687082587766,38.93336486816406,36283500
2021-10-12,38.83554237165091,39.12901158690176,38.47982611993362,38.71993637084961,36898300
2021-10-13,38.728830802094144,38.80886755853048,37.64389224999456,38.364219665527344,43908000
2021-10-14,39.45805107965528,40.107236563520296,38.66657841292113,40.08055877685547,82201000
2021-10-15,40.703068628963656,41.50343280282774,40.338457491533596,41.23664474487305,64264900
2021-10-18,41.16549962377136,41.69907569791679,40.93428083721945,41.1566047668457,49542500
2021-10-19,41.35225134850124,41.46786074300177,41.08546330860261,41.33446502685547,32515500
2021-10-20,41.343361762172435,42.01033358841763,40.95206945297634,41.87693786621094,40411000
2021-10-21,41.88583213847781,42.223765502961086,41.450079082533655,41.64572525024414,36848600
2021-10-22,41.78800136675288,42.348255147270294,41.78800136675288,42.30379104614258,36225600
2021-10-25,42.50833142838643,42.66840491691674,41.97475539488116,42.25043487548828,31679500
2021-10-26,42.383835275226524,43.068593409263244,42.188189124817725,42.6506233215332,35674800
2021-10-27,42.22376267167177,42.83737553053506,41.82357889745913,41.83247375488281,45790800
2021-10-28,42.32158601908004,42.686197150713284,42.063689430453216,42.49055099487305,37209600
2021-10-29,42.46387320721998,42.80180655120016,42.259335586293446,42.49055099487305,31756200
2021-11-01,42.77511932221014,42.83736974619373,42.04589716206488,42.55279541015625,36937200
2021-11-02,42.30380390828323,43.05970403446025,42.10815773296445,42.57948684692383,36283400
2021-11-03,42.50833757799864,43.29981027890312,42.33937260116994,43.015235900878906,42553000
2021-11-04,42.819584672424874,42.819584672424874,41.69017884870954,42.090362548828125,47646300
2021-11-05,42.33047171422053,42.5261178433928,41.636822190636956,41.77021789550781,38271200
2021-11-08,42.1081498871664,42.50833362921129,42.01922167444258,42.09925842285156,33815500
2021-11-09,41.48564034029826,42.117039390607694,41.27220790753793,41.69017791748047,36900300
2021-11-10,41.57458413701379,42.2593424004755,41.48565590223474,42.00144577026367,39385600
2021-11-11,42.072584873296634,42.588374665332395,41.80579342347743,42.23265838623047,31194800
2021-11-12,42.25043393174307,42.26822025144844,41.58346220856274,41.71685791015625,44268500
2021-11-15,42.0281132823059,42.14372267315682,41.70796967997039,41.84136199951172,35335500
2021-11-16,41.95697020269779,42.04589841320807,41.52121382945232,41.8680419921875,35120800
2021-11-17,41.868042871043116,41.974757404374266,41.30778563436534,41.361141204833984,32963700
2021-11-18,41.53900160130628,41.627933207317405,41.09435374843237,41.192176818847656,30639000
2021-11-19,40.6408152910879,40.703065720415914,39.867128960586875,40.374027252197266,48429500
2021-11-22,41.54789705412003,41.68128937645942,40.82756630086915,41.1566047668457,53697100
2021-11-23,41.6812818501016,42.37493469211101,41.50342206003782,42.241539001464844,49362900
2021-11-24,42.17039637439323,42.66840313933975,41.98364510968586,42.35715103149414,40060000
2021-11-26,40.48073903120692,40.943173183560916,39.7959809628593,40.69416809082031,55110100
2021-11-29,41.28110143081402,41.53010651352633,40.16948189561467,40.54298782348633,50231100
2021-11-30,39.80487115290576,40.21394972346087,39.449154934136764,39.54697799682617,77193600
2021-12-01,40.213957842875125,40.64081942701974,38.96005087932708,38.98672866821289,60601600
2021-12-02,39.612224755784595,40.65770701425026,39.3173430467475,40.11262512207031,57821400
2021-12-03,40.210929199234414,40.27347926084652,38.95992114954693,39.20118713378906,74605300
2021-12-06,39.817751556379044,40.103695630749414,39.28160386039293,39.451385498046875,48193100
2021-12-07,39.81774787151164,40.13049810868557,39.70158203682335,39.9517822265625,40740800
2021-12-08,39.924983348865894,40.032211534287946,39.397773274850486,39.460323333740234,50560300
2021-12-09,39.23692369412149,39.96965577261902,39.004595424068,39.75519943237305,37316700
2021-12-10,39.95179119076707,40.05902278933422,39.37990296663305,39.782012939453125,37700200
2021-12-13,39.55861338587943,39.67477923047273,38.77226548272221,38.942047119140625,38653900
2021-12-14,38.95098173668048,40.0500799137409,38.897365944364516,39.43351364135742,47099400
2021-12-15,39.647967056793924,39.7194547745874,38.97778504172908,39.263729095458984,60057100
2021-12-16,39.94285010801396,40.532610164536166,39.397768172237555,40.21092224121094,69487200
2021-12-17,39.76412578972621,39.94284164355914,38.977778078094126,39.21010971069336,124242400
2021-12-20,38.66504350248693,38.74546549874824,38.15570532907287,38.566749572753906,56455200
2021-12-21,38.90630299512964,39.7462632757162,38.90630299512964,39.487125396728516,47845600
2021-12-22,39.38883435946704,39.8356223894498,39.2101184657295,39.56754684448242,35715700
2021-12-23,39.92498537974809,40.2734795566387,39.67478513146205,39.69265365600586,34053500
2021-12-27,39.80881827207131,40.05008425053509,39.59436189702971,39.88924026489258,33879200
2021-12-28,39.737329928015946,40.28241188988795,39.69264839640891,39.94285202026367,32492400
2021-12-29,40.07689835442139,40.318164380499084,39.853504264577964,39.880313873291016,25294900
2021-12-30,39.98753098103085,40.300281256499694,39.74626502193102,39.79094314575195,23852200
2021-12-31,39.782005622723275,39.960721512076304,39.567545873755236,39.75519943237305,24253900
2022-01-03,40.29134467091534,41.54235251806784,40.19305075894623,41.265342712402344,58587900
2022-01-04,42.051683632578566,43.27588167718988,42.033811705297616,42.88270950317383,74606700
2022-01-05,43.016748625890216,43.22227069938192,42.141044544121314,42.15891647338867,57791600
2022-01-06,42.87377854347856,43.03462250545216,42.16785264467464,43.007816314697266,52040900
2022-01-07,43.025685623836964,44.06223364412368,42.94526364774912,43.946067810058594,59082600
2022-01-10,44.59837942189468,44.75028911919273,43.19546533060842,43.72267532348633,66839500
2022-01-11,43.77628928770542,44.00861754546823,43.463535645702464,43.97287368774414,40454400
2022-01-12,43.937128283531585,44.12478182561713,43.49927797234943,43.66012191772461,41378000
2022-01-13,43.71373082537861,44.22307221780247,43.4545964083648,43.57075881958008,46337500
2022-01-14,42.4627431485217,43.097181458059275,42.16786135442173,42.81123733520508,72953300
2022-01-18,42.75762026338782,42.82017032535837,41.14918376794577,41.33683395385742,65877400
2022-01-19,43.240155068628916,43.40993674115321,41.41725866358335,41.4976806640625,84451800
2022-01-20,41.72106375962577,42.04275167694753,40.80068153629456,40.881103515625,46265300
2022-01-21,40.72025287476734,41.12236270543328,39.90709895440799,40.139427185058594,71303600
2022-01-24,39.22798505833344,39.93390745902449,38.05739935191694,39.808807373046875,90672700
2022-01-25,39.57648897489854,40.72026536978605,39.16544475907616,40.59516525268555,73555300
2022-01-26,40.90790895715447,41.515540921259024,40.44324901938499,41.015140533447266,63735800
2022-01-27,41.4351293526596,41.77468927877978,40.29135285464154,40.63091278076172,63402400
2022-01-28,40.50580238374083,41.00620277040562,39.71945453633931,40.98833084106445,51048300
2022-01-31,40.67558655787578,41.34576866709419,40.40751439593292,41.2296028137207,44793700
2022-02-01,41.29215166431648,42.087433865281966,41.01514524885169,41.944461822509766,40326600
2022-02-02,41.74787778259194,41.96233414438445,41.37257403637143,41.899784088134766,41125600
2022-02-03,42.19466107827312,42.257211127454305,41.417247480640675,41.48873519897461,35879900
2022-02-04,42.06955729189403,43.50821170566398,41.71212554900256,43.141845703125,60297100
2022-02-07,43.392055493196075,43.57076798148213,42.882717402391954,43.347373962402344,44824800
2022-02-08,43.91926049722802,44.69667064037193,43.7316069520097,44.12478256225586,49560500
2022-02-09,43.981814711551955,44.491152792446904,43.81203307877221,44.03542709350586,33861100
2022-02-10,44.3928642175708,44.77710224180434,43.57077237198187,43.82991027832031,47082800
2022-02-11,43.454601457230716,44.178395829365726,42.444859631553726,42.820159912109375,61056000
2022-02-14,42.90951875482907,43.06142503448564,41.944455065051486,42.37337112426758,44791900
2022-02-15,42.891641047770165,43.22226315973808,42.50740315735285,42.7039909362793,42397600
2022-02-16,42.391241719310564,43.106105204238204,42.275079300423286,42.6057014465332,36664600
2022-02-17,41.99807542849724,42.257213307745126,41.0598212336476,41.167049407958984,49442400
2022-02-18,41.167046194565486,41.587028006858866,40.85429595693548,41.06875228881836,37856500
2022-02-22,40.362829071723525,41.08662690885702,40.24666663797983,40.711326599121094,51905600
2022-02-23,41.059821414820576,41.20279345077402,39.82668547427074,40.01433563232422,45704900
2022-02-24,38.4237708843746,39.03140288268574,37.57487293890561,38.95991516113281,80484800
2022-02-25,39.14757160987148,40.52367626392187,38.98672763325011,40.228797912597656,68530700
2022-02-28,39.06715089835182,39.549679435263464,38.81694725502898,39.49606704711914,69955300
2022-03-01,39.05822041925156,39.08503002698246,37.467655648627414,37.95018768310547,74895600
2022-03-02,38.19144919601629,38.90630949127087,38.08421759518603,38.566749572753906,70834600
2022-03-03,38.692452181047685,39.060609513005296,37.902259581216036,38.1536865234375,48733800
2022-03-04,37.20186049644607,37.21083843900308,36.20514102859441,36.77084732055664,75572800
2022-03-07,35.8549603535329,36.016590800724885,34.310493158316156,34.42722702026367,109779000
2022-03-08,35.082708410123786,35.612496059902334,34.274556596770715,34.651695251464844,76553800
2022-03-09,36.196162277682646,37.36349003115391,36.0614691646179,36.851661682128906,78207900
2022-03-10,36.178207777355034,37.246761180024556,36.016577390344374,36.51942443847656,48804400
2022-03-11,36.85167065112152,37.156972146369775,36.17821177266706,36.21413040161133,43946600
2022-03-14,36.72594802383708,37.87531640733915,36.72594802383708,36.995330810546875,54262400
2022-03-15,37.04920500454511,37.516136762806696,36.69900704219591,37.264713287353516,41395300
2022-03-16,37.92919797950275,38.65653123097083,37.64185243062785,38.432044982910156,59477600
2022-03-17,38.081855265120744,38.64756169235856,37.56104883756947,38.638580322265625,50260200
2022-03-18,38.39613157791945,38.54878402854316,37.94715902079725,38.521846771240234,74470600
2022-03-21,38.92592233821452,38.997759597087985,38.171648246988326,38.46797180175781,47106400
2022-03-22,39.347954271148716,40.075291040153466,39.24020181753685,39.67121505737305,52360600
2022-03-23,39.25816554596134,39.51856705269426,38.63858116088551,38.69245910644531,48539300
2022-03-24,38.95285223055338,38.99774879221556,38.51285770533265,38.67448806762695,30360800
2022-03-25,39.042656949142646,39.74305311016965,38.90796722415467,39.26714324951172,38968100
2022-03-28,39.24918179907411,39.28510042727238,38.45899253104556,39.10551071166992,37428600
2022-03-29,39.73407357255104,39.85978534765619,38.7104166319645,39.006736755371094,46355800
2022-03-30,39.00673555771666,39.195306639973516,38.38715464569801,38.61164093017578,36601800
2022-03-31,38.46796813427918,38.51286470410021,36.99533872166182,37.01329803466797,67902500
2022-04-01,37.43532998889689,37.480229984211505,36.23208341778373,36.725955963134766,61929200
2022-04-04,36.3488145644657,36.94145814987699,36.06147242762316,36.6630973815918,53761700
2022-04-05,36.31289708531416,36.600239231211496,35.95372111563678,36.043514251708984,51781700
2022-04-06,35.68433704985772,35.92677919395889,35.33413561033595,35.64841842651367,54159800
2022-04-07,35.81902482921425,35.89984001471198,34.88516122466011,35.370052337646484,54585000
2022-04-08,35.459859669085255,36.007603397956444,35.30720719435216,35.62148666381836,41018900
2022-04-11,35.4508775753944,36.276988975328464,35.370062366981166,35.549652099609375,34198700
2022-04-12,35.53168765313808,35.98964157648229,34.88516607918801,35.172508239746094,42855300
2022-04-13,34.570880849177954,35.02883127013912,34.445169103243046,34.85822296142578,45484200
2022-04-14,34.56190526551587,34.99291846330287,33.60110094446695,33.73579406738281,79032000
2022-04-18,33.60110438633451,35.298223522284395,33.421518104568975,34.88516616821289,80080300
2022-04-19,35.20842411378379,35.8100490703757,35.11863098014965,35.53168487548828,53714200
2022-04-20,36.05249380255967,36.25003937703475,35.567602671288405,35.61249923706055,47064300
2022-04-21,35.91779744026067,36.1063650547289,34.67863246946301,34.93903732299805,46245900
2022-04-22,34.849249422961506,34.885164622489995,33.67294014734115,33.7268180847168,50409800
2022-04-25,33.12519557483875,33.583149513188786,32.26316906491839,33.484375,64301100
2022-04-26,33.116219241000714,33.70886292356347,32.703161854362584,32.7301025390625,44809900
2022-04-27,32.568473536636006,33.1431579293065,32.47867695941301,32.550514221191406,39824900
2022-04-28,32.981511314768696,33.17906026223164,32.46968306487607,33.053348541259766,39567800
2022-04-29,32.99948592998962,33.340706063340626,31.912973065680614,32.0386848449707,47385200
2022-05-02,32.35296574091926,32.57745204980799,31.787262708799908,32.45174026489258,46652200
2022-05-03,32.63132834922327,33.7896784666867,32.622350404492366,33.34070587158203,48926000
2022-05-04,33.55621078563506,34.79537610673883,33.47539558153288,34.67864227294922,57860300
2022-05-05,34.16681669803174,34.310487803625826,33.107241009754354,33.708866119384766,48860600
2022-05-06,33.556206877409856,33.78069314872722,32.8737701197761,33.62804412841797,50440100
2022-05-09,33.10723673534549,33.2778485061663,32.379903355787825,32.65826416015625,51242000
2022-05-10,32.99948275966904,33.34070286023842,31.58970921240272,32.11051559448242,60235300
2022-05-11,32.2362325275135,33.15213357390954,31.88603103872803,31.939908981323242,54969300
2022-05-12,31.43705262465647,31.814191302041404,30.76359388147251,31.490930557250977,61231500
2022-05-13,31.903991252136887,32.08358097379371,31.21257305026101,31.580730438232422,49117900
2022-05-16,31.42807942547878,31.58072845278733,30.8982916638623,31.257471084594727,39076500
2022-05-17,31.984804950820383,32.523574090443304,31.814196607237005,32.317047119140625,42635600
2022-05-18,31.98479940744343,32.04765528236404,31.068895111672433,31.320322036743164,47396900
2022-05-19,30.79053874256401,31.2844078695673,30.754620115955724,30.9342098236084,47002700
2022-05-20,31.248491912426793,31.410122320582943,29.596272626577655,30.4044246673584,62406500
2022-05-23,31.21257364539808,32.559491445422644,31.12278049555208,32.209293365478516,69081900
2022-05-24,31.850115054448896,32.29010625265569,31.392161117095377,32.01174545288086,46146700
2022-05-25,31.877052488595023,32.56847065784502,31.688484831178354,32.18235397338867,49343400
2022-05-26,32.774993810349095,33.080295259570626,32.631322741620636,32.927642822265625,60201200
2022-05-27,33.12519427816969,33.26886535753248,32.846833488685434,33.24192810058594,43365600
2022-05-31,33.06233674277522,33.69987691150034,32.873769102795436,33.40355682373047,71609200
2022-06-01,33.63702022271984,33.64600159129638,32.478670304315635,32.927642822265625,35237900
2022-06-02,32.88250052301097,33.15343502207408,32.57544050537437,33.144405364990234,35341900
2022-06-03,32.94571216499975,33.12633627824719,32.62962255065553,32.683807373046875,25235200
2022-06-06,33.14439974285219,33.604987968620016,32.602527391522315,32.64768600463867,40394000
2022-06-07,32.42190436320807,32.882492555501784,32.27740576904551,32.828304290771484,29152200
2022-06-08,32.439964725137855,32.61155917979007,32.07871995057418,32.412872314453125,33590600
2022-06-09,32.27739986455533,32.36771017746717,31.157533380813476,31.166563034057617,49419000
2022-06-10,30.416980061047937,30.74210272398763,29.82092299403111,29.956388473510742,49318200
2022-06-13,29.25195894925356,29.595144372366963,28.664933246364704,28.91780662536621,61216600
2022-06-14,28.827496431844263,29.441614581598913,28.204345182283678,28.41206169128418,49349800
2022-06-15,28.881676885803984,29.342268415526316,28.375931924481833,28.944894790649414,51540100
2022-06-16,28.448187099580306,28.899745624970468,27.8701927382998,28.764278411865234,61363400
2022-06-17,28.926837276595535,29.4235543976125,28.574622187233,28.827495574951172,80470300
2022-06-21,29.70351823834336,30.064766424412003,29.45967622951473,29.66739273071289,53537200
2022-06-22,29.25196039926797,29.74867408266694,29.188742482023635,29.441614151000977,38305600
2022-06-23,29.242932655633158,29.270025066188808,28.23144074594925,28.97199821472168,44091500
2022-06-24,28.22240885430041,29.595147234387778,28.204346099219467,29.17971420288086,79504700
2022-06-27,29.27905349000584,29.441614836739884,28.818465304338165,29.215835571289062,47900300
2022-06-28,29.64933378657038,30.254420543789497,29.07133599273015,29.134553909301758,49863800
2022-06-29,29.107462050851474,29.297115804150202,28.592685608973138,28.7733097076416,35149700
2022-06-30,28.150158253851462,28.493341971712475,27.671505601711498,28.114032745361328,46312300
2022-07-01,27.978563065367425,28.60171425137531,27.66247178420059,28.502370834350586,40236100
2022-07-05,27.816006887131206,28.21337890625,27.499917269995002,28.21337890625,47411800
2022-07-06,28.00565743792883,28.22240530395614,27.671503401204063,27.97856330871582,35933700
2022-07-07,28.448187019061994,28.90877519780435,28.421092887494,28.7733097076416,40137900
2022-07-08,28.90877595770729,29.125525570830607,28.50237430885908,28.710092544555664,31153800
2022-07-11,28.493342363946827,28.710091972753265,28.258533445764826,28.41206169128418,29311900
2022-07-12,28.014696372560014,28.926843242224752,27.978570857196182,28.32175636291504,39527000
2022-07-13,28.05984740491484,28.132096702425155,27.454758892306288,27.852130889892578,44153700
2022-07-14,27.174790827335006,27.292195280098284,26.795481616205905,27.210914611816406,51707800
2022-07-15,27.680536913311098,29.468709960481732,27.644413127465526,29.125524520874023,77801700
2022-07-18,29.875113044359853,30.14604746468361,28.990055322121215,29.134553909301758,56382900
2022-07-19,29.712550005430934,30.362791888030912,29.51386316749095,30.11894989013672,46874900
2022-07-20,29.96542555488509,30.209267584495926,29.757709035983638,30.127986907958984,35514900
2022-07-21,29.884145748817183,30.407951888887403,29.757709902769832,30.389892578125,31244000
2022-07-22,30.34472848593148,30.65178839021693,29.884140352062207,30.191200256347656,27115400
2022-07-25,30.507292385083353,30.68791648137471,30.200232454923476,30.46213722229004,30381000
2022-07-26,30.173137488280847,30.507289798764646,29.7667341673585,29.84801483154297,30645700
2022-07-27,30.019611408262485,30.49826232877831,29.75770664434634,30.33570098876953,30344800
2022-07-28,30.25441924439227,30.48019849248475,29.712550427017486,30.09185791015625,40176500
2022-07-29,30.227333329385033,30.65179606428621,30.118956786538266,30.534393310546875,48152500
2022-08-01,30.362793959228014,30.606635973755882,30.001549209834142,30.444074630737305,32336700
2022-08-02,30.344730679887224,30.453107203436268,29.802861842614185,29.838987350463867,37884100
2022-08-03,30.18216871635087,30.48019898227867,29.956389464630288,30.380855560302734,30065800
2022-08-04,30.272487091098586,30.407952595675834,29.95639402351467,30.164113998413086,28404500
2022-08-05,30.05573896794746,31.004014773138092,30.01961689865305,30.669858932495117,35874500
2022-08-08,30.85950243857155,30.967878945718954,30.20926062127476,30.245386123657227,33454300
2022-08-09,30.38989135292789,30.669855444997598,30.173141736214884,30.633729934692383,40196900
2022-08-10,31.15753913953395,31.99743829629606,31.112383974732186,31.67231559753418,61415800
2022-08-11,32.30449526346659,32.566400018349555,32.19612218890458,32.430931091308594,50420800
2022-08-12,32.656713877698074,32.79218281941589,32.23224774242597,32.78314971923828,31821700
2022-08-15,32.36771727142543,32.78315031405755,32.214185571684986,32.73799514770508,24908000
2022-08-16,32.6838103451513,33.36114824758417,32.6025296590546,33.090213775634766,31870200
2022-08-17,32.69284210207308,33.04505724563558,32.584469006773524,32.88249588012695,27125600
2022-08-18,32.73799852879697,32.87346748696362,32.51221922859837,32.76509094238281,23138300
2022-08-19,32.47608684626975,32.53930476134766,31.889062856958073,32.0425910949707,36485400
2022-08-22,31.383318377237508,31.446536296920325,31.112383943579967,31.356225967407227,31210300
2022-08-23,31.31106662399249,31.582004496420875,31.031102541989796,31.076257705688477,26588000
2022-08-24,30.931758042220476,31.428471715918658,30.751133948570764,31.175600051879883,31389400
2022-08-25,31.247841211952352,31.861960937307387,31.112375753343564,31.735525131225586,40576700
2022-08-26,32.006467190698324,32.042592699728644,30.724042626185287,30.73307228088379,36152600
2022-08-29,30.579538026510477,30.841442747840578,30.35375880711228,30.615663528442383,34931000
2022-08-30,30.868538814626266,30.958849135054873,30.290544495600226,30.78725814819336,48194900
2022-08-31,30.832414498277974,31.04013099937419,30.34473048086007,30.353763580322266,44917600
2022-09-01,30.308305336137774,30.444666824632595,29.69013926584354,30.426485061645508,32848900
2022-09-02,30.844659001807962,31.34464540810927,30.244674620682968,30.390125274658203,44000800
2022-09-06,30.581021541661222,30.66283773235622,29.64468338978673,30.05376434326172,40762400
2022-09-07,29.826507124888995,30.60830229341482,29.66287469087215,30.517396926879883,40742600
2022-09-08,30.41739317914494,31.571909148017703,30.244671628330952,31.49918556213379,44361800
2022-09-09,31.79917327716712,32.04462186074913,31.67190441186159,31.76280975341797,37295100
2022-09-12,31.999174547172274,32.39007382337752,31.84463127927349,32.062808990478516,30534000
2022-09-13,31.435551607017473,31.562820485132224,30.73556930956949,30.90829086303711,40959600
2022-09-14,31.09011314886024,31.290105666187603,30.490128661242665,30.790119171142578,32004400
2022-09-15,30.717385883702562,31.726451173891597,30.635569685367866,31.371912002563477,44863300
2022-09-16,31.08101420345812,31.117377732957813,30.599209574946872,31.017379760742188,54281800
2022-09-19,30.653756079447287,31.69918158521035,30.571939868751294,31.53554916381836,29782000
2022-09-20,31.362833492976804,31.617371321768825,30.799212528729694,31.06283950805664,33591100
2022-09-21,31.190107781454135,31.271923996761807,30.108315215961905,30.135589599609375,51667800
2022-09-22,30.28103889771558,30.38103340718752,29.444695015874906,29.544692993164062,47527500
2022-09-23,29.02652549692677,29.171976157935976,28.371995788476692,28.844711303710938,55316100
2022-09-26,28.471995079044408,28.926528849102993,27.890192408220212,28.20836639404297,40360200
2022-09-27,28.426543460573534,28.517450564772737,27.544746803922674,27.79019546508789,43396600
2022-09-28,27.75383252018414,28.462904089121995,27.626561885985797,28.244728088378906,38372900
2022-09-29,27.899281926419803,28.090185268226232,27.462928210746195,27.87200927734375,35220900
2022-09-30,27.962919532655455,28.353818877362148,27.426569510928896,27.453842163085938,42294100
2022-10-03,27.80837518197926,28.435632247396995,27.453839409047298,28.262908935546875,34591700
2022-10-04,28.83561800174091,29.562872979688738,28.781074441915088,29.435604095458984,39758700
2022-10-05,28.671990181956925,29.11743132118858,28.590173967103734,29.01743507385254,35791100
2022-10-06,28.726534780306462,28.981072583306986,28.50835877748798,28.59926414489746,40891900
2022-10-07,28.335633407726316,28.39926785387123,27.75383077564872,27.953824996948242,52304600
2022-10-10,28.090185268226232,28.2265450457892,27.59019883919246,27.87200927734375,37669100
2022-10-11,27.608379512762642,27.69928487160168,26.881124504690323,27.062938690185547,58124000
2022-10-12,26.944760355873047,27.553835654992717,26.79930969344823,27.144756317138672,36137900
2022-10-13,26.735680392012895,28.881080676632987,26.644773277020537,28.8083553314209,67671000
2022-10-14,28.917436277476305,29.66287307333824,28.699260288654017,28.817440032958984,58108500
2022-10-17,30.326489230294058,30.7901120816871,29.881044675348868,30.56284523010254,88896800
2022-10-18,31.799172551395653,32.14461908349525,31.162824771575266,31.708267211914062,81937900
2022-10-19,31.43555728895943,31.662824174618823,30.699211331008712,30.835569381713867,43139900
2022-10-20,30.890119814740437,31.48101520275262,30.535583969060344,30.635581970214844,39549100
2022-10-21,30.508306447764625,31.85372592718789,30.508306447764625,31.771909713745117,54870300
2022-10-24,31.917364055148326,32.05372211473241,31.553735627288724,31.881000518798828,33765600
2022-10-25,31.581009845523273,32.34462676571365,31.39010301461242,32.17190170288086,37132300
2022-10-26,32.199163619865715,32.80824054285259,32.135529183290224,32.453704833984375,41104600
2022-10-27,32.862794762294094,33.0627872739578,32.51734810714019,32.608253479003906,35261900
2022-10-28,32.76279533734085,32.99915137452326,32.39916693017983,32.89006423950195,31659100
2022-10-31,32.726430961284635,33.02642490964877,32.55370937962545,32.762794494628906,32565500
2022-11-01,33.126419350613325,33.4173206810828,32.8264288707368,32.90824508666992,29913200
2022-11-02,32.79006484618972,33.89003570228545,32.68097771585244,32.80824661254883,57380600
2022-11-03,32.45371273737822,32.853701217235006,32.19008231146878,32.626434326171875,30046500
2022-11-04,33.18095735108424,33.63549101342786,32.926419609873136,33.44458770751953,39369400
2022-11-07,33.64458084106445,33.944574728828535,33.39004309470709,33.64458084106445,37533700
2022-11-08,33.71731094165556,34.01730138872695,33.408227878354026,33.73549270629883,32664300
2022-11-09,33.52640728074029,33.59913087077209,33.08096272095889,33.19914245605469,30164400
2022-11-10,33.908207508265725,34.74455117602574,33.76275688793568,34.66273498535156,45702800
2022-11-11,34.71728994011164,35.09000751250906,34.51729742885147,34.91728591918945,35688700
2022-11-14,34.62637172600563,34.78091149410906,34.31728872198241,34.326377868652344,35541400
2022-11-15,34.71728792151874,34.81728590524339,33.9082183700265,34.271846771240234,46082800
2022-11-16,34.19003163095075,34.30821138523913,33.81731406848821,33.962764739990234,23813000
2022-11-17,33.52641210937179,33.817313447029974,33.23551077171361,33.7900390625,23689700
2022-11-18,34.353666380040245,34.4082082181353,33.562775049484145,33.808223724365234,32041800
2022-11-21,33.717312852778186,34.10821214522239,33.69004193817606,33.91730880737305,27935700
2022-11-22,34.17184560450918,34.36274893684646,34.02639495113547,34.08094024658203,23499300
2022-11-23,34.080942015548956,34.2354818256099,33.9718514189935,34.19002914428711,18934700
2022-11-25,34.290028538082666,34.426386587674735,34.14457787116066,34.271846771240234,16118500
2022-11-28,33.999125579841355,34.235481601865544,33.48095738694997,33.50822830200195,35428300
2022-11-29,33.61731246780609,33.7718557310566,33.38095646660863,33.635494232177734,27048800
2022-11-30,33.54459550231379,34.408206939697266,32.908247494912025,34.408206939697266,51747900
2022-12-01,34.289333365200754,34.46306473187155,33.28351431505808,33.42066955566406,46213200
2022-12-02,32.972629140049094,33.182936664167954,32.74403355016879,32.99091720581055,42295300
2022-12-05,32.7440311866434,32.817179956317304,31.21701094265832,31.51875877380371,71386600
2022-12-06,31.61019379194212,31.710776396545537,29.635128290929554,30.17461395263672,84085700
2022-12-07,29.799713767511445,30.101458056718418,29.580260521468276,29.936872482299805,49234100
2022-12-08,30.147184483073698,30.165472546999176,29.42482165442919,29.662559509277344,45491100
2022-12-09,29.360811029850552,29.808856324453558,29.33338068188046,29.607694625854492,36985500
2022-12-12,29.543693573276244,29.973450885349596,29.315097996693428,29.927732467651367,41060500
2022-12-13,30.67752526387175,30.787250162478188,29.7814310343873,29.946020126342773,54804800
2022-12-14,29.991735495493355,30.174612633313508,29.40653144494188,29.51625633239746,48819500
2022-12-15,29.031636786672934,29.25108832002686,28.793897189528074,29.049924850463867,49027600
2022-12-16,28.912767534749182,29.19622554413568,28.6658839084872,28.985918045043945,61795200
2022-12-19,29.040780182768223,29.470539208171743,29.013348087682406,29.315095901489258,38374100
2022-12-20,29.625984781927027,29.790573857567054,29.388243455739744,29.433961868286133,35561100
2022-12-21,29.735712295002816,30.05574469917427,29.635129685665618,29.88201332092285,32544000
2022-12-22,29.735711031084875,29.790575221507233,29.141362920541805,29.616840362548828,30234400
2022-12-23,29.625988329164766,29.790577424511703,29.4339653925322,29.68999481201172,21378600
2022-12-27,29.717417904850446,29.872861185761437,29.51625272899777,29.744848251342773,22776100
2022-12-28,29.7814268396899,30.147181100983925,29.74485071594227,29.964303970336914,30541000
2022-12-29,30.07402821236655,30.320911810263247,29.94601527006998,30.302623748779297,22252900
2022-12-30,30.266053746951183,30.448930910685476,30.04660394094345,30.28434181213379,28198900
2023-01-03,30.384925213611773,31.171294596373254,30.366637147955476,30.64095115661621,35221500
2023-01-04,30.99755881011874,31.838788782492454,30.933552333442105,31.217008590698242,41998500
2023-01-05,31.015848754648164,31.21701399508185,30.704962093020793,31.15300750732422,34177000
2023-01-06,31.171293731530653,31.619342607449244,30.66838414825714,31.463895797729492,34068700
2023-01-09,31.77478016807631,31.78392245494731,30.82382188129992,30.98841094970703,43818800
2023-01-10,30.85126007967687,31.33588157844919,30.759819757583845,31.19872283935547,35096000
2023-01-11,31.198719173578933,31.491321193713297,31.088994288051353,31.436460494995117,36783700
2023-01-12,31.63762596053526,31.884509598356498,31.418176163421915,31.51875877380371,44230400
2023-01-13,31.271871544072837,32.359985092666456,30.256906756751203,32.21368408203125,89667800
2023-01-17,31.719919322998283,31.847935769311654,31.226155553869877,31.564476013183594,56458400
2023-01-18,31.39074143761415,31.39988372451537,30.640944852341605,30.83296775817871,54517800
2023-01-19,30.43064044288888,30.677524071224017,30.074031920213073,30.38492202758789,42707100
2023-01-20,30.44892800348907,30.98841366654586,30.25690856954295,30.95183753967285,45004400
2023-01-23,30.915266000373887,31.555330802957794,30.860401808113167,31.38159942626953,33683300
2023-01-24,31.290160868914754,31.81135845833774,31.04327724948944,31.610193252563477,26716700
2023-01-25,31.36330490011931,31.96679693827809,31.3175864933676,31.884502410888672,28859700
2023-01-26,32.049098320329215,32.323412307600606,31.81136046151844,32.31427001953125,30035500
2023-01-27,32.40570636631028,32.71659647737705,32.25026305482266,32.414852142333984,29964900
2023-01-30,32.195400155089956,32.51543605502481,32.16796980210102,32.27769470214844,27353500
2023-01-31,32.15881629853162,32.44227600097656,32.003373018155614,32.44227600097656,38917400
2023-02-01,32.18626668228412,33.15550995967033,32.10397211268599,32.84461975097656,44438700
2023-02-02,33.00919488618873,33.26522426525967,32.40570279452842,33.03662872314453,33729100
2023-02-03,32.93604327176757,33.61268406444906,32.82631839772831,33.31093978881836,37411700
2023-02-06,33.14636334106237,33.3200947483782,32.89947966450271,33.25608825683594,29463200
2023-02-07,33.07319863778082,33.83213744944385,33.03662600500075,33.621829986572266,44100200
2023-02-08,33.29265967643443,33.68584434770539,33.228653193956994,33.37495422363281,28032800
2023-02-09,33.16464120802101,33.23778996667451,32.515430714572595,32.6617317199707,35257100
2023-02-10,32.50628808459918,32.54286421151014,32.03080889903092,32.533721923828125,32898900
2023-02-13,32.44227433934834,32.71658825355026,32.35997981627869,32.597721099853516,29163900
2023-02-14,32.579443017736544,32.9086212108238,32.42399620962679,32.57029724121094,33625200
2023-02-15,32.29597341112832,32.56114504017696,32.14967242408264,32.51542663574219,23500100
2023-02-16,32.38741617997051,32.60686944496844,32.20454252857877,32.259403228759766,22681100
2023-02-17,32.076529904663516,32.35998616006777,31.765639810797527,32.32341003417969,28562700
2023-02-21,31.92108453625636,32.049097494478225,31.33588044833269,31.564476013183594,37068900
2023-02-22,31.418178238656477,31.59190963018749,31.153006518878723,31.354171752929688,38550400
2023-02-23,31.4547509886306,31.637624649281793,30.960983733452807,31.32673454284668,28488000
2023-02-24,30.960979233702105,31.3541638255229,30.942691172676607,31.2810115814209,27046600
2023-02-27,31.50046482563592,31.71991458175995,31.2444354593699,31.2810115814209,30137500
2023-02-28,31.409026364082592,31.537042798775104,31.253583068378465,31.36330795288086,32620600
2023-03-01,31.22615436627569,31.537044462172794,31.07070757428145,31.217008590698242,29281600
2023-03-02,30.977723360212668,31.0145367084295,30.370317157491403,30.821271896362305,44607200
2023-03-03,30.968521661880445,31.557521188274976,30.968521661880445,31.43787956237793,39109100
2023-03-06,31.51151291344111,31.8060127388337,31.281434705433465,31.373464584350586,36646700
2023-03-07,31.152583764032567,31.198602208007784,30.186256122697326,30.370319366455078,52855300
2023-03-08,30.057415310898936,30.342713537092756,29.854945375489475,29.96538543701172,40045600
2023-03-09,29.707698082079965,29.80893305868302,27.89468237463901,28.106355667114258,112457900
2023-03-10,27.9038850418086,28.566511410366626,26.615447416239846,27.85787010192871,165330900
2023-03-13,26.615449181905653,27.351698800971246,25.649121337462372,26.238121032714844,218403300
2023-03-14,27.600181214288455,27.692212847203653,26.20130530897815,26.468196868896484,154255800
2023-03-15,25.65831993737195,26.284132918466423,25.474258431693038,26.219711303710938,131104400
2023-03-16,26.11847619030094,27.12161727115579,25.869993071239406,26.661460876464844,108348800
2023-03-17,26.37616658515425,26.37616658515425,25.41904211780734,25.603103637695312,130665500
2023-03-20,25.989630224235377,26.164490127301487,25.44664559525942,25.538677215576172,81441200
2023-03-21,26.34855247135635,26.670662275284926,26.238115927662513,26.31174087524414,84854800
2023-03-22,26.422177099810607,26.4497871130792,25.437442779541016,25.437442779541016,76925900
2023-03-23,25.768753951100727,25.85158222922926,24.65517649792812,24.820831298828125,105335900
2023-03-24,24.48032306266071,25.1153394440479,24.222634823241588,24.977291107177734,96872700
2023-03-27,25.70433663030969,26.366961210397008,25.685929953134597,26.219711303710938,102469800
2023-03-28,26.1184740202882,26.366958874062096,25.75034928619198,25.879194259643555,63416500
2023-03-29,26.2197117604213,26.477399979289164,25.98963355779701,26.38536834716797,62666400
2023-03-30,26.61544795544987,26.744291194009786,25.86999503107718,26.04485321044922,67427100
2023-03-31,26.339352416548405,26.394570691598023,26.00803925553606,26.320945739746094,56482100
2023-04-03,26.357755809223704,26.670662275284926,26.072459356764547,26.31174087524414,51996800
2023-04-04,26.274928951593537,26.366960579911012,25.455851145818368,25.750350952148438,56233300
2023-04-05,25.45584945505341,25.68592763288676,25.271786210643853,25.437442779541016,47799400
2023-04-06,25.511067440823066,25.7779589666953,25.41903757500508,25.621505737304688,41216600
2023-04-10,25.465056144829447,25.860790943651377,25.44664946689414,25.71354103088379,40572700
2023-04-11,25.787161871875217,26.458989711079525,25.73194184688191,26.422176361083984,58761200
2023-04-12,26.3945716102725,26.6982747666519,26.10927513133607,26.210508346557617,44313300
2023-04-13,26.284135818481445,26.357760779947764,25.98963597261617,26.284135818481445,52261400
2023-04-14,26.965163126308912,27.489742873239663,26.919148190519316,27.167633056640625,81110800
2023-04-17,27.397711658884926,27.986711271576482,27.057195160699305,27.949899673461914,83704400
2023-04-18,28.345632620935916,28.465274264065883,27.42531985070608,28.124757766723633,114498800
2023-04-19,27.729021983023063,27.793445349088913,27.416117267489415,27.664600372314453,65594200
2023-04-20,27.462129069415294,27.821050434051738,27.39770746605563,27.51734733581543,43193800
2023-04-21,27.37930207835863,27.590973572300566,27.066395628463106,27.4897403717041,44759000
2023-04-24,27.416117857640124,27.517351067208235,27.23205460420437,27.388507843017578,28020300
2023-04-25,27.103209931937776,27.176834878306973,26.52341194334282,26.541818618774414,49718800
2023-04-26,26.46819440421501,26.633850976965178,26.04484963436933,26.173694610595703,45848400
2023-04-27,26.24731868773091,26.762693309457035,26.24731868773091,26.587833404541016,33060100
2023-04-28,26.2565236996096,27.08480483332303,26.23811702310641,26.946758270263672,45592500
2023-05-01,27.14922844991673,27.18604180564072,26.689072035511362,26.72588539123535,34076800
2023-05-02,26.55102431146147,26.560227649993568,25.501866538447782,25.91600799560547,70797700
2023-05-03,25.916006679472254,26.228913152243386,25.593896868636413,25.63991355895996,51139500
2023-05-04,25.382223744252634,25.593895240201416,24.69198923153145,24.8392391204834,82173800
2023-05-05,25.419040755782387,25.667523882084584,25.280992429066576,25.501867294311523,50087100
2023-05-08,25.842382802635676,25.906804416404555,25.45585136466508,25.483461380004883,34245500
2023-05-09,25.234975751174304,25.61230383938152,25.069319174818496,25.45585060119629,32188800
2023-05-10,25.731945892971897,25.768759248755966,24.866853096335287,25.142946243286133,44446400
2023-05-11,24.857648852922598,25.29939857411348,24.738007206335052,25.207366943359375,34897300
2023-05-12,25.32700726957556,25.354615528612342,24.738005916670065,24.931272506713867,38142000
2023-05-15,24.940476324583248,25.6031008845708,24.876054711781897,25.44664764404297,38722800
2023-05-16,25.566291444029748,25.67672800233455,25.152149961993125,25.179759979248047,33347500
2023-05-17,25.529475449398568,26.38536658691898,25.520272111264692,26.2933349609375,61750400
2023-05-18,26.173695222856306,26.228913496612297,25.76875711947875,26.201303482055664,51146100
2023-05-19,26.192099352465277,26.38536593780752,25.796366354587764,25.869991302490234,50062500
2023-05-22,26.044851684283998,26.18290000934601,25.777961883569343,26.0816650390625,36473700
2023-05-23,26.063258286144716,26.762696226693016,26.044851608808806,26.302539825439453,51400400
2023-05-24,26.07245985425335,26.23811642831221,25.76875672026452,25.860788345336914,50606900
2023-05-25,25.759554372332644,25.989632566178443,25.658319405326154,25.92521095275879,40517800
2023-05-26,25.95282484816657,26.13688637754794,25.57549669427356,26.054058074951172,57879100
2023-05-30,26.063255838603613,26.219709070551954,25.722741116653065,26.008037567138672,41819600
2023-05-31,25.860787399000998,25.91600566988091,25.290192748717992,25.575490951538086,61905200
2023-06-01,25.751746355624388,25.95583016215196,25.36213052907941,25.770299911499023,57426100
2023-06-02,26.12280623206479,26.85565569766488,26.085700893080805,26.63301658630371,66578100
2023-06-05,26.735061611498956,26.735061611498956,26.252679778621417,26.475318908691406,34757800
2023-06-06,26.401108066121118,27.3009361713871,26.3918330564314,27.11540412902832,46297900
2023-06-07,27.180338267190127,27.505018438169788,26.911318767371267,27.34731674194336,44502600
2023-06-08,27.16178802430036,27.25455227611506,26.8927667398166,27.11540412902832,41483100
2023-06-09,27.087572106248707,27.273102355578683,26.976252541159155,27.152507781982422,32692000
2023-06-12,27.18033427192264,27.421525170072766,26.81854880937961,27.022632598876953,41011300
2023-06-13,27.022639786750158,27.644169867093282,26.929875529172065,27.273107528686523,42718800
2023-06-14,27.430801512010163,27.579226405537696,26.89276083063178,27.013357162475586,38322800
2023-06-15,26.80927388018573,27.338037829385463,26.614466854423494,27.24527359008789,42044900
2023-06-16,27.393700047065362,27.532848183253886,27.050466326393426,27.078296661376953,53050200
2023-06-20,26.911317812949264,26.93914814754265,26.512425197266694,26.78144645690918,39040900
2023-06-21,26.697953997790247,26.902037785397976,26.47531665602791,26.503145217895508,39553400
2023-06-22,26.438212237156296,26.46604257121926,25.881617941448532,25.93727684020996,50742900
2023-06-23,25.733194916245978,25.872343058021414,25.594046774470545,25.74247169494629,55181100
2023-06-26,25.788851521964446,26.234128013093702,25.779576513454916,26.057872772216797,47519300
2023-06-27,26.06715202787192,26.345448313086912,25.928003885264424,26.197023391723633,39081800
2023-06-28,26.2063003796215,26.224853937281132,25.881620198036444,26.039321899414062,37803800
2023-06-29,26.438210688685963,26.90203894638221,26.345444683273836,26.58663558959961,68376400
2023-06-30,26.846379840531988,27.004081517687652,26.595912158691046,26.614465713500977,50479000
2023-07-03,26.623741945863184,27.226718309926774,26.57735805978793,27.087570190429688,30995800
2023-07-05,27.03191049809803,27.291654961356187,26.855657032774232,26.97625160217285,37492000
2023-07-06,26.716509033187286,26.73506258959931,26.06715048304721,26.234128952026367,52098000
2023-07-07,26.25267732532796,26.735059113127274,26.243402317692542,26.466039657592773,34288000
2023-07-10,26.521699916620438,26.76289082294621,26.41038035625301,26.58663558959961,36086000
2023-07-11,26.586638224235603,26.976254070084494,26.364000850802604,26.920595169067383,40978700
2023-07-12,27.37514628885052,27.72765501589028,27.15250891871522,27.235998153686523,41855500
2023-07-13,27.384422880190094,27.70910303959958,27.282380089396234,27.523571014404297,39589000
2023-07-14,27.829695458479165,27.922461463880307,26.948421061214905,27.00408172607422,58720300
2023-07-17,27.041193346011696,27.42153246404923,27.013364776484188,27.273107528686523,49477200
2023-07-18,27.829698871284535,28.627484138458033,27.755486411735696,28.47905921936035,98253800
2023-07-19,28.65531059144177,29.406713679488657,28.46978034093589,29.249011993408203,70619800
2023-07-20,29.06348110825696,29.499479071801037,28.998545429576406,29.397438049316406,42128800
2023-07-21,29.56441520458913,29.787052565602593,29.146969046836098,29.66645622253418,70872400
2023-07-24,29.685008602638487,30.473515228154557,29.666455047614384,30.287986755371094,64548600
2023-07-25,30.390027147516623,30.417859250468183,29.74994539929345,29.824159622192383,51208800
2023-07-26,29.907645864355217,30.185942094953003,29.824156641303027,30.065345764160156,41814600
2023-07-27,30.083902733232346,30.371477542775807,29.518031661498192,29.638628005981445,45529500
2023-07-28,29.82415909833677,29.833434106671763,29.415987957019915,29.592243194580078,33296500
2023-07-31,29.59224299567927,29.916923135519028,29.480925202763274,29.685009002685547,29093400
2023-08-01,29.53658810002688,29.62935411959855,29.1469722333176,29.332504272460938,32712000
2023-08-02,28.905778674626404,29.017098241912542,28.553269955388544,28.933609008789062,38855100
2023-08-03,28.70169356519432,29.267562845948984,28.646032899390715,29.137691497802734,27933400
2023-08-04,29.09130901104687,29.37888203660391,28.91505377696025,29.035648345947266,30768100
2023-08-07,29.137688708855073,29.59224015322344,29.137688708855073,29.573686599731445,31745200
2023-08-08,29.03565060209092,29.044927380328353,28.274972480267007,29.007822036743164,45951800
2023-08-09,28.961438542218662,29.01709921240558,28.599653032826463,28.627483367919922,30732100
2023-08-10,28.766626341359725,29.054199341584344,28.571817569400686,28.701690673828125,26062600
2023-08-11,28.57182341971991,29.1284177501019,28.52544129608999,29.026376724243164,35720700
2023-08-14,28.80373876853678,28.859399442433514,28.525442476511802,28.692420959472656,32563700
2023-08-15,28.2935274437458,28.339909567874944,27.68127420454506,27.77404022216797,43406100
2023-08-16,27.597781715840096,27.681270944932965,27.09684634128287,27.17106056213379,47220400
2023-08-17,27.310208118263123,27.4029741230288,27.00408154109145,27.16178321838379,37202200
2023-08-18,26.939146053102736,27.226719077418327,26.88348538824342,27.00408172607422,31430400
2023-08-21,27.10612869566276,27.180341162417626,26.71651280285852,27.04119300842285,34959000
2023-08-22,27.022636807607864,27.124679602931696,26.36400145071849,26.38255500793457,37564200
2023-08-23,26.391828536987305,26.44748743241781,26.141360853503464,26.391828536987305,44686600
2023-08-24,26.345448250580368,26.707235543739046,26.317619683743672,26.54953384399414,31934800
2023-08-25,26.56808279069414,26.707232687454322,26.252679424936087,26.43821144104004,34253200
2023-08-28,26.614469530618713,26.902042593959635,26.503149955157756,26.679405212402344,33075200
2023-08-29,26.799995610605798,27.143229292740404,26.6422939354679,27.05974006652832,30428200
2023-08-30,27.106122728285285,27.152506615648708,26.837103259034972,26.939146041870117,33366400
2023-08-31,27.060747692025497,27.098162246357933,26.686593228155076,26.817546844482422,37243000
2023-09-01,26.901730833541762,27.24782303086609,26.901730833541762,27.107515335083008,35228600
2023-09-05,27.070100752858444,27.23847070125977,26.65852996611177,26.798837661743164,46543600
2023-09-06,26.564991444064667,26.714653226974733,26.30308421602665,26.55563735961914,45022600
2023-09-07,26.574342222360603,26.7052958200875,26.2469564439344,26.31243324279785,35023600
2023-09-08,26.30308566713179,26.54628473969571,26.15342209185581,26.527578353881836,36513900
2023-09-11,26.667884259215292,26.901731015135336,26.564991115695538,26.639822006225586,34168300
2023-09-12,26.621115970347113,27.257179482866068,26.56499324398053,27.098163604736328,42284000
2023-09-13,27.23847343459876,27.30395024685663,26.845610776942213,27.013978958129883,37215700
2023-09-14,27.28524073956345,27.537795675134436,27.219763930513764,27.313302993774414,44634800
2023-09-15,27.079455645786645,27.210409261072048,26.892377523285326,26.9765625,61661100
2023-09-18,26.939146044961262,26.939146044961262,26.64917656204074,26.901731491088867,25752300
2023-09-19,26.901730804457117,27.070100752858444,26.667884050368418,26.798837661743164,34888100
2023-09-20,26.948498298118313,27.09816007165571,26.6865910864824,26.705297470092773,26641100
2023-09-21,26.527575390321967,26.74271396807597,26.209543673594705,26.23760414123535,39906000
2023-09-22,26.25631601837128,26.36856325711859,25.816684716838758,25.85409927368164,41284400
2023-09-25,25.72314185373138,25.835389075919288,25.582834164078296,25.816680908203125,32749200
2023-09-26,25.573484651049444,25.723146451310136,25.264806964998098,25.41446876525879,42237400
2023-09-27,25.470586899493235,25.826034949072394,25.320925126231188,25.50800323486328,38296300
2023-09-28,25.414467862605477,25.85409916224306,25.414467862605477,25.779268264770508,36734300
2023-09-29,26.087948567382018,26.1814876446711,25.508009499586812,25.61090087890625,40645900
2023-10-02,25.508006712435463,25.592191694386155,24.862589112183283,24.974836349487305,50388600
2023-10-03,24.77840435097029,24.806466606573615,24.15169491537064,24.23587989807129,62144500
2023-10-04,24.20781820599271,24.329419532328505,23.927202779864423,24.26394271850586,55696400
2023-10-05,24.1142791349469,24.404248625028856,23.908492839184216,24.37618637084961,49044100
2023-10-06,24.104920837533744,24.535197955096265,23.82430369711091,24.385536193847656,58177300
2023-10-09,24.095574601162546,24.656807280664637,24.058158256611307,24.610036849975586,39953700
2023-10-10,24.890648491802526,25.536064233377473,24.853232155654304,25.264802932739258,51960100
2023-10-11,25.41446426029437,25.667019172507455,25.161909348081284,25.27415657043457,38508200
2023-10-12,25.227391642686708,25.330284803566375,24.89065347054233,25.161914825439453,44249800
2023-10-13,25.657669538235147,25.92893088112552,24.806467383478385,25.030960083007812,55089700
2023-10-16,25.405115362107704,25.423823533670138,25.040314937187446,25.2460994720459,56817500
2023-10-17,25.302219862724986,26.069238768867436,24.993542196928484,25.835391998291016,95344200
2023-10-18,25.76055814580012,26.228251633262495,25.451878731330243,25.54541778564453,68371100
2023-10-19,25.48929978088129,25.985055611559467,25.143205751141924,25.218036651611328,58611000
2023-10-20,25.068376366071263,25.199331787891104,24.544560031120415,24.610036849975586,62058400
2023-10-23,24.441664879374304,24.516495778279758,23.871079944261233,23.917848587036133,59857200
2023-10-24,24.076863336338736,24.198464656401708,23.75883158494073,23.824308395385742,55975700
2023-10-25,23.740121633184636,23.99267655518139,23.553045300827485,23.899137496948242,45522400
2023-10-26,23.84301341271489,24.65680085348289,23.796244778326322,24.432308197021484,60921000
2023-10-27,24.385539605977492,24.385539605977492,23.347259430939317,23.543691635131836,64709300
2023-10-30,23.68399826855106,24.114277211092055,23.646583716739595,24.030092239379883,41891900
2023-10-31,24.0768632503037,24.675510411215228,24.058155080497897,24.63809585571289,50106700
2023-11-01,24.731635930372633,24.900005897280508,24.46037280944121,24.6942195892334,44046300
2023-11-02,24.984188112012312,25.87280655384642,24.871942661236822,25.835391998291016,63278300
2023-11-03,26.34049933160947,27.060747792297118,26.31243707767425,26.58370018005371,62613600
2023-11-06,26.714650284977058,26.911082468482316,26.2095422693088,26.49951171875,45548000
2023-11-07,26.23760672880903,26.434038942211263,26.14406944863671,26.340499877929688,33081900
2023-11-08,26.340500886104294,26.377917226892727,25.88216141610195,26.08794593811035,31896000
2023-11-09,26.25631545493498,26.265669539972304,25.629606030308658,25.75120735168457,32267900
2023-11-10,25.966344717084088,25.97569880167539,25.573482084795504,25.89151382446289,32858500
2023-11-13,25.760561216105284,26.0505307133418,25.648313980727995,25.91022300720215,28521800
2023-11-14,26.65853592385488,27.509738156238676,26.630473664813493,27.332014083862305,66676300
2023-11-15,27.313304560132185,27.80905859085833,27.313304560132185,27.706167221069336,46968900
2023-11-16,27.52843925818043,27.780994172354895,27.33200706356393,27.631332397460938,36952800
2023-11-17,27.790350853503867,28.06161397833359,27.640689055014835,28.042905807495117,38493300
2023-11-20,28.04290065478235,28.29545556236817,27.827762081998447,28.07096290588379,46783400
2023-11-21,28.052257520797262,28.052257520797262,27.640686717700444,27.743579864501953,41611900
2023-11-22,27.81841018876559,27.865180610950766,27.612625683478356,27.715517044067383,41422700
2023-11-24,27.575212358915273,27.958720942194383,27.575212358915273,27.809059143066406,15815600
2023-11-27,27.687456009836133,27.771640983942273,27.603271035729993,27.650039672851562,42039500
2023-11-28,27.621978759765625,27.734224200694943,27.425546561975647,27.621978759765625,29705800
2023-11-29,27.949362967904058,28.632196838540043,27.883886162909583,28.351579666137695,57954900
2023-11-30,28.48357827246277,28.804148323848967,28.323295045118417,28.747577667236328,52547700
2023-12-01,28.66272258019034,29.275576493905735,28.61558066311564,29.190719604492188,46133300
2023-12-04,28.785295179293232,29.2284353255328,28.775866435967,29.0587215423584,37811300
2023-12-05,28.9267212379522,29.030435610833333,28.596722431979448,28.832435607910156,45723100
2023-12-06,29.021006754107262,29.718717536322274,28.700436692231605,28.785293579101562,49803100
2023-12-07,28.84186611872152,29.162436201505756,28.79472419998516,28.907865524291992,32699600
2023-12-08,28.917293248430983,29.360433383319283,28.86072258827157,29.190719604492188,34794300
2023-12-11,29.15300692695104,29.303863222177654,28.95500691549805,29.087007522583008,32254000
2023-12-12,29.01157976343978,29.09643665543461,28.709867168946566,28.983293533325195,34566700
2023-12-13,28.99272251864308,30.293860341189294,28.87957939558948,30.209003448486328,60311100
2023-12-14,30.755857996133088,32.122995305130964,30.708716074450003,32.000423431396484,107190000
2023-12-15,31.887276451987624,32.07584770201738,31.38756569660161,31.679847717285156,83771800
2023-12-18,31.783567030073158,31.85899698050073,31.500711909365762,31.519569396972656,40694700
2023-12-19,31.142426589796106,31.745851801610936,30.925570879093772,31.594995498657227,44534800
2023-12-20,31.472426049950254,31.78356558961791,31.066999076521313,31.09528350830078,44711400
2023-12-21,31.34042645938227,31.538424670306444,31.010425844477574,31.302711486816406,32325700
2023-12-22,31.312140629994833,31.745852054859373,31.302713684540386,31.519569396972656,37265900
2023-12-26,31.538418392856304,32.01927160891929,31.462988462738252,31.92498779296875,24845400
2023-12-27,31.868422492912824,32.0098518452558,31.736423682298227,31.906137466430664,24498600
2023-12-28,31.887279012386603,32.02870836043939,31.84013709526825,31.943851470947266,21799600
2023-12-29,32.00041835476696,32.04756386566883,31.632706388596382,31.745847702026367,28060700
2024-01-02,31.48185251379159,32.122992666777456,31.368711191705195,31.962709426879883,36668600
2024-01-03,31.726994552655324,31.84013586872048,31.34042509245992,31.613849639892578,45988700
2024-01-04,31.6515658582698,32.34927846101473,31.623281427313163,31.86842155456543,39834600
2024-01-05,31.8684231603327,32.70756155684057,31.783566266489323,32.46242141723633,49242400
2024-01-08,32.33985022605429,32.33985022605429,31.717567523742613,32.20785140991211,40253900
2024-01-09,31.88727247717556,31.906129959497658,31.594986896228555,31.708131790161133,39268800
2024-01-10,31.585563890619,31.708135742642952,31.34042378326853,31.679847717285156,34904000
2024-01-11,31.45356766822597,31.585566475038075,30.90671135806413,31.255569458007812,48790600
2024-01-12,30.406995614144755,31.293275741885598,30.133567503554435,30.92556381225586,74344300
2024-01-16,30.55785963749956,30.652143480466027,30.00157633192208,30.28443145751953,58420800
2024-01-17,29.907289364001283,30.16186004475635,29.483006694425118,29.982717514038086,48811300
2024-01-18,29.93557119892703,29.954428683254445,29.605572416591954,29.91671371459961,35484400
2024-01-19,29.982715506028324,30.388142459704643,29.765859813989444,30.37871551513672,49493600
2024-01-22,30.51071485206145,31.104713077747803,30.47299987973584,30.689855575561523,43903400
2024-01-23,30.68043165159731,30.94442929047412,30.539002289800116,30.897287368774414,30003400
2024-01-24,31.142425426832506,31.43471107644574,31.0292841030168,31.09528350830078,36403900
2024-01-25,31.31214159545914,31.538427857021063,30.953860109975086,31.481855392456055,46204000
2024-01-26,31.491284963911315,31.745852054859373,31.415855013483743,31.519569396972656,30839800
2024-01-29,31.491288935870283,31.72700216563968,31.34043261268581,31.689287185668945,30269300
2024-01-30,31.962718393413017,32.89614085670082,31.9061459181506,32.801856994628906,60315700
2024-01-31,32.59441260609866,33.094123310340215,32.05698693637172,32.06641387939453,54716000
2024-02-01,31.99099263150747,32.29270520996697,31.04813992464712,31.632707595825195,57084800
2024-02-02,31.46299596635506,31.783566052415555,31.274424692784553,31.557283401489258,40416000
2024-02-05,31.21785476153797,31.387568542281706,30.982141576804764,31.104713439941406,43573000
2024-02-06,31.038714350893898,31.45357191019315,31.001002970074325,31.151859283447266,27188000
2024-02-07,31.17071031113197,31.359277966238125,30.76528337859829,31.283851623535156,29660100
2024-02-08,31.161284070049835,31.378139780702043,30.925570871945528,31.227283477783203,36852200
2024-02-09,31.208422063547637,31.349851403294135,30.96328195091089,31.180137634277344,36176000
2024-02-12,31.11414364298608,32.02871204646574,31.095286154628976,31.698711395263672,34160400
2024-02-13,31.22728008637649,31.406424399366678,30.501283083457626,30.87842559814453,43801500
2024-02-14,31.095284054645898,31.283855328783837,30.991569674035134,31.236713409423828,27833900
2024-02-15,31.41585762503465,32.28328414356953,31.41585762503465,32.12299728393555,41683100
2024-02-16,31.981558888721743,32.1984181546845,30.63328296184465,32.141845703125,33290700
2024-02-20,31.849565692192403,32.141851348204725,31.840138746958807,32.01927947998047,30372900
2024-02-21,31.453574979555512,31.811860107540937,31.274430617213515,31.774145126342773,37847100
2024-02-22,31.46300090254301,32.122998665237,31.46300090254301,31.689287185668945,42756900
2024-02-23,31.802420943680197,32.104133518087615,31.576138311223435,31.9815616607666,30586000
2024-02-26,31.859000998838784,32.26442804177802,31.613857225727482,31.689287185668945,31129200
2024-02-27,31.802419463089294,32.462417037640314,31.783561978479558,32.320987701416016,40536300
2024-02-28,32.264416804609965,32.62269819945302,32.16070244416169,32.349273681640625,39548600
2024-02-29,32.59614384975025,32.899981762014235,32.42523457134756,32.776546478271484,43863400
2024-03-01,32.78604066091637,32.899982597433876,32.31129345819458,32.61513137817383,38432300
2024-03-04,32.5581671254001,33.63109329762909,32.52018647628561,33.374732971191406,49136400
2024-03-05,33.16584868319205,33.91595033206266,33.108877699797624,33.60261535644531,47591600
2024-03-06,33.84947898496273,33.982407629983186,33.298770458982055,33.6310920715332,49149700
2024-03-07,33.80199900278329,34.08685021882256,33.46967741344904,33.83048629760742,35900700
2024-03-08,34.05836205308736,34.305232617737474,33.707050150198356,33.801998138427734,42769900
2024-03-11,33.60261474040098,34.11534271544686,33.48867639773566,34.077362060546875,34131500
2024-03-12,34.0868505554678,34.324224156489066,33.97290861911332,34.14381790161133,29260400
2024-03-13,34.14381716035746,34.60907100195343,34.14381716035746,34.25775909423828,38289600
2024-03-14,34.10584211064886,34.39069337004594,33.68806581731896,33.88745880126953,40178100
2024-03-15,33.49815820049386,34.19128861427581,33.46018118072273,33.6215934753418,69646400
2024-03-18,33.85897399494462,34.267256922960996,33.602610043257535,34.1912956237793,50617900
2024-03-19,34.07735653819381,34.55210378140528,34.03937588944873,34.21028518676758,46113800
2024-03-20,34.02988109726231,35.01735619061506,33.92543612865313,34.8939208984375,40519000
2024-03-21,35.064834586363965,35.7009942065398,35.01736058250573,35.61553955078125,43219500
2024-03-22,35.52058673472196,35.710486346482924,35.1312941605272,35.178768157958984,29001100
2024-03-25,35.226243957715546,35.397153254841484,34.979376985219204,34.99836730957031,30480200
2024-03-26,35.13130025431658,35.359180552364066,34.94140060961608,35.21675491333008,33673400
2024-03-27,35.36867612555509,35.938371473394454,35.359182772639464,35.900394439697266,36350200
2024-03-28,35.81493340591977,36.08079070469292,35.5300821606239,36.00482940673828,42262500
2024-04-01,36.023816429184045,36.41310899043284,35.549069226586305,35.625030517578125,33908000
2024-04-02,35.31169654319787,35.68200241335835,35.283212869352376,35.416141510009766,34806800
2024-04-03,35.51109904953823,36.099784680086486,35.38766373889549,35.549076080322266,33338500
2024-04-04,35.79594418835877,36.042811170277204,35.007861996862474,35.055335998535156,42888200
2024-04-05,34.950893042599475,35.45412395693881,34.87493174577558,35.235740661621094,30823500
2024-04-08,35.32119335135988,35.68200224720252,35.25472903134069,35.606040954589844,29470300
2024-04-09,35.61553480805168,35.86240539049498,35.32119385010584,35.824424743652344,30967300
2024-04-10,35.30220398355526,35.34967798170603,34.704021465160665,34.798973083496094,37610700
2024-04-11,34.893917383623396,34.893917383623396,34.22927061381434,34.51411819458008,38604000
2024-04-12,34.00140075633835,34.26725806829197,33.73553982235051,33.9824104309082,47126100
2024-04-15,34.49513584773097,34.90341513772608,33.95392066733921,34.13432693481445,44392000
2024-04-16,34.27675110647248,34.34321543385296,32.425239669396014,32.928470611572266,95566100
2024-04-17,33.12785916630077,33.94442493302624,32.99493052930522,33.450687408447266,65951400
2024-04-18,33.74503755362209,34.17231083030667,33.40321893227443,33.96342086791992,44506200
2024-04-19,34.27675087673797,35.24523572612065,34.238773848513794,35.102813720703125,56273700
2024-04-22,35.131294237926504,35.99533403241037,35.00785894670485,35.824424743652344,43867100
2024-04-23,36.02381928698298,36.479576202988326,35.919377936634376,36.43210220336914,39180300
2024-04-24,36.09977689059513,36.54604040983256,36.08078656828358,36.38462448120117,28670600
2024-04-25,36.014321132268414,36.337149357467496,35.492099962043476,35.995330810546875,41116000
2024-04-26,36.01432436839689,36.37513326946014,35.87189875370424,35.919376373291016,28668700
2024-04-29,35.92887680235722,36.1377667791843,35.55857447764344,35.65352249145508,26438800
2024-04-30,35.4636172993369,35.767455242490065,35.11230535669743,35.14078903198242,30283800
2024-05-01,35.33069114568852,35.6155387847456,34.912914849873744,35.083824157714844,32272000
2024-05-02,35.48260326654557,35.596545197762296,34.798969789412915,35.01735305786133,34860300
2024-05-03,35.36866760253906,35.63452488452746,35.2072552876272,35.36866760253906,34082700
2024-05-06,35.75796575401123,35.88140106363641,35.47311810428991,35.78644943237305,28422300
2024-05-07,35.79593870694601,36.22321190064034,35.79593870694601,35.92886734008789,29119500
2024-05-08,35.79594564345455,35.90988397650738,35.62503633285816,35.80543899536133,32803300
2024-05-09,35.63452827789654,36.479577823574466,35.56806395107024,36.346649169921875,26855400
2024-05-10,36.536540310637704,36.82138787686474,36.39411833854085,36.508056640625,27359100
2024-05-13,36.66947446244805,36.8213934288111,36.25169821045814,36.280181884765625,24060600
2024-05-14,36.460584943850996,36.8308871654471,36.432097650012686,36.54603958129883,27594800
2024-05-15,36.84038687079761,37.2581667801853,36.82139654564052,36.94483184814453,34084400
2024-05-16,36.95431886794712,37.37209870575235,36.754925921012926,37.23917007446289,32554200
2024-05-17,37.457563985368125,37.49554463996538,37.18220967258987,37.30564498901367,25537300
2024-05-20,37.27715126246385,37.47654785371687,36.83089132497841,36.859375,28369800
2024-05-21,36.81190097639841,37.74240512083402,36.81190097639841,37.647457122802734,31799200
2024-05-22,37.41957809311412,37.799377341856655,37.35311376788928,37.75189971923828,42837600
2024-05-23,37.76139501479362,37.82785933706537,36.97331287638018,37.19169616699219,39033900
2024-05-24,37.18220314926821,37.7708887041072,37.096748502434004,37.69493103027344,22166300
2024-05-28,37.647460459736045,37.732915114352174,37.134732532039294,37.33412551879883,31217900
2024-05-29,36.87836168122698,36.935332647676596,36.612504415195936,36.76442337036133,26677500
2024-05-30,36.77391832978512,37.14422057282949,35.69149527410656,36.67897033691406,50989100
2024-05-31,36.74543852695814,38.05574197439697,36.70745787699548,37.97028732299805,58188400
2024-06-03,38.01775988392548,38.16018188283784,37.37210334716093,37.865840911865234,31898600
2024-06-04,37.61897049423367,38.112708061244476,37.42907087276274,37.675941467285156,26974200
2024-06-05,37.80887051399859,37.97028646166121,37.524022889808506,37.94179916381836,34140300
2024-06-06,37.894323998875265,37.979778645709466,37.42907011677039,37.69493103027344,38676400
2024-06-07,37.522975717102184,38.17255911149326,37.522975717102184,38.0006103515625,25928700
2024-06-10,37.80956376957271,38.057932204722164,37.45611147562072,37.89553451538086,37176200
2024-06-11,37.570746729279904,37.58984891023863,36.73965973909822,37.121768951416016,44629000
2024-06-12,38.01971783925782,38.09614113326862,37.3510285929163,37.64716339111328,38964700
2024-06-13,37.53253629291379,37.58985012577033,37.18863871951996,37.503875732421875,40018700
2024-06-14,37.35103475662396,37.71403817495198,37.16953486949186,37.48477554321289,32347900
2024-06-17,37.341483429692765,37.761800681271325,37.236403205782175,37.74269485473633,26135400
2024-06-18,37.79045914324337,38.22988219693997,37.69493001587654,38.20122528076172,30804500
2024-06-20,38.00061593532318,38.506911200208364,37.97195901914493,38.20122528076172,29383300
2024-06-21,38.06748477966416,38.12480225650166,37.608955897155084,37.72359085083008,72244900
2024-06-24,37.9910677308534,38.5355710439884,37.876436413368104,38.22988510131836,31064900
2024-06-25,38.00061678577922,38.277645795247544,37.5898506390679,37.61851119995117,30596000
2024-06-26,37.41790247964673,37.58985127158499,36.74921678217988,37.25550842285156,44310200
2024-06-27,36.96892629235769,37.589849212284015,36.62502872732106,37.49432373046875,29464200
2024-06-28,37.962409061969986,38.268094990544185,37.561194003176524,37.991065979003906,52028200
2024-07-01,38.12479999164666,38.53556610775419,37.895533741980174,38.2203254699707,26770500
2024-07-02,38.21077744704021,39.12783523119388,38.172565795017874,39.099178314208984,35626100
2024-07-03,39.18514979713667,39.35709857439487,38.92722663124936,39.070518493652344,17100700
2024-07-05,39.0991727240549,39.12782963694261,38.487800955362545,38.60243225097656,23489000
2024-07-08,38.78393372670334,39.20425456829069,38.62153968813611,38.80303955078125,26728500
2024-07-09,38.93677551329035,39.95891702860687,38.78393256929163,39.56725311279297,34697200
2024-07-10,39.4335209846869,39.89204987473399,39.23291527855324,39.872947692871094,25333400
2024-07-11,39.901603870095364,40.02578991428438,39.53860047234632,39.939815521240234,33824600
2024-07-12,39.634134538478996,40.04489708524323,39.25202526754808,39.72966003417969,31856600
2024-07-15,39.978023700253296,40.34102709956349,39.834735473939226,40.0162353515625,36648100
2024-07-16,40.61806320560991,42.41397104637231,40.331483058823125,42.15604782104492,75953300
2024-07-17,41.69751170409498,42.45217177755531,41.69751170409498,42.01274871826172,65713600
2024-07-18,41.66884692064365,42.26111652564864,41.00971239850191,41.08613204956055,48549200
2024-07-19,40.94284837627902,41.6115377064744,40.780450678172976,40.98106002807617,43903000
2024-07-22,40.73268971556123,40.95240125690116,40.08310618287628,40.40789794921875,42838300
2024-07-23,40.331470119582384,40.86641858354377,40.26460156158721,40.512969970703125,36705100
2024-07-24,40.38878505216394,40.837762791646,40.18817937267488,40.30281066894531,36567200
2024-07-25,40.1404197867353,40.4078940470473,39.796522226869314,39.81562805175781,41593900
2024-07-26,39.720101491541634,40.08310122236406,39.55770380643611,39.80607223510742,52049300
2024-07-29,39.911152518480414,40.00668164049668,39.14693776266733,39.252017974853516,37133100
2024-07-30,39.21380973709784,40.01623621151727,38.98454711244298,39.43352127075195,44163200
2024-07-31,39.38575446061413,39.52904631927476,38.420934030364336,38.50690841674805,50851600
2024-08-01,38.63109090839531,38.64064564249814,37.23639854257544,37.73313903808594,60107800
2024-08-02,36.30023635286537,36.80652795694976,35.51691575467072,35.899024963378906,76728000
2024-08-05,34.055354560145084,35.306755104923454,33.5681651398823,35.010623931884766,76075200
2024-08-06,35.01063129496583,35.64110906714718,34.90555105892491,35.268550872802734,40614100
2024-08-07,36.395764668087075,36.86384830301317,35.60289291774193,35.63154983520508,44952400
2024-08-08,36.12828856362843,36.701448748337526,35.97544560476843,36.5008430480957,36557800
2024-08-09,36.45307957065038,36.73010856676021,36.214262224499876,36.567710876464844,26411200
2024-08-12,36.77787187653532,36.99758340110752,36.309788267445995,36.46263122558594,33040600
2024-08-13,36.65368396838182,36.758764180015724,36.414866630691435,36.73965835571289,21553500
2024-08-14,36.79697992451805,37.17908552091706,36.71100552761711,37.07400894165039,25658900
2024-08-15,37.66627365569137,37.905091011538225,37.22685059550843,37.28416442871094,37379800
2024-08-16,37.2555076267279,37.65671903663441,37.24595653585265,37.580299377441406,26886600
2024-08-19,37.71403464523563,37.96240672444856,37.68537772996624,37.89553451538086,27268900
2024-08-20,37.37013576944601,37.48477071461268,36.62502684617943,36.95936965942383,44440800
2024-08-21,37.131320608355814,37.24595556023809,36.672791733017434,37.01668930053711,33751100
2024-08-22,37.045348818262624,37.53253828781988,36.844743104474965,37.48477554321289,35421600
2024-08-23,37.51343126009875,38.3731715676898,37.51343126009875,37.991065979003906,45616600
2024-08-26,38.21077694072733,38.40183155424369,37.8859851909686,38.13435363769531,44659500
2024-08-27,38.210775159598015,38.334961199204486,37.8382206848421,37.89553451538086,32323900
2024-08-28,37.58029853815652,38.46869937632437,37.570747447494576,38.16301345825195,40700500
2024-08-29,38.25854524755028,38.53557429523793,37.76180463778546,38.37317657470703,34810800
2024-08-30,38.37316903376958,39.03230723453417,38.3349610282686,38.92722702026367,49098200
2024-09-03,38.76483569781864,39.07052162767288,38.43048920674674,38.87946701049805,48489300
2024-09-04,38.84125467488452,39.118283682710846,38.478251273045316,38.688411712646484,39629600
2024-09-05,38.97499059450902,39.108727726783975,38.220326897742,38.344512939453125,34214500
2024-09-06,38.2387536285259,38.34451893377622,37.07534260641565,37.26763916015625,47007600
2024-09-09,37.73876773684369,38.18105559946979,37.59454167963818,37.95029830932617,37610200
2024-09-10,38.306059999392524,38.306059999392524,36.85420040897845,37.76762008666992,53983900
2024-09-11,37.48878446718803,37.527241574851075,36.546513806925546,37.49839782714844,41190000
2024-09-12,37.546473794526726,37.81569556823224,37.04649469229832,37.286869049072266,39921600
2024-09-13,37.383020644501755,37.584934222035216,36.95995943311176,37.1618766784668,31887300
2024-09-16,37.315715810314614,37.70031257370207,37.29648542197201,37.594547271728516,26336400
2024-09-17,37.76761315123325,38.267592192414725,37.70030863298008,38.027217864990234,27769400
2024-09-18,38.09452438354492,38.57527306363749,37.90222417794362,38.09452438354492,42527800
2024-09-19,38.498353481705614,39.469464158759465,38.469506068055665,39.29639434814453,57977800
2024-09-20,39.05602412481397,39.16178942773383,38.69065774650012,38.71950149536133,70725000
2024-09-23,38.66180916157162,38.88295312107555,38.21952124256376,38.33489990234375,31714800
2024-09-24,38.31566513162471,38.44066080498444,37.738768230892354,37.931068420410156,32534900
2024-09-25,37.738765716552734,37.89260512435324,37.44070025926766,37.738765716552734,28866000
2024-09-26,37.87338306116705,38.190678972618755,37.604164955320705,37.99837875366211,39601400
2024-09-27,38.12337377265991,38.3637481251538,37.83492161541,37.882999420166016,27861100
2024-09-30,37.71953952160297,38.25797934261955,37.517625964154696,38.15221405029297,35055200
2024-10-01,37.988758044481614,38.03683584542847,37.44070485764298,37.70992660522461,26291200
2024-10-02,37.73877384562621,38.017608978520755,37.54647362749819,37.71954345703125,23302700
2024-10-03,37.47916102817298,37.757996101005396,37.2387867242459,37.738765716552734,26030200
2024-10-04,38.392588756168344,38.700267608950455,38.09452326286389,38.56565856933594,34209900
2024-10-07,38.66180298948334,38.882946913683185,38.1810543713565,38.42142868041992,27177500
2024-10-08,38.507968224372796,38.6041201602914,38.27721091381079,38.3925895690918,26023600
2024-10-09,38.33489925887027,38.83487833328643,38.1906768535215,38.642578125,27421000
2024-10-10,38.469506452472736,38.58488877258314,38.23874914789438,38.43104934692383,26182300
2024-10-11,38.940640356259074,40.546339074592666,38.844492094112795,40.33481216430664,50660700
2024-10-14,40.34442651873379,40.5559571020596,40.11366921676125,40.29635238647461,28098900
2024-10-15,41.565530281663,41.6905259649989,40.43096310755893,40.51749801635742,61490000
2024-10-16,40.58480455010492,41.440536652972504,40.52711705325997,41.1520881652832,42437800
2024-10-17,41.18093307862888,41.34438586685058,40.83479344731082,40.95978546142578,31708600
2024-10-18,40.79633613515689,41.00786674287303,40.48865725183612,40.69057083129883,30593500
2024-10-21,40.62326161105378,40.77710103493901,40.13289959361374,40.15212631225586,26589500
2024-10-22,40.04636980762981,40.77710624754052,39.9694482519436,40.67134094238281,37104400
2024-10-23,40.57518786680845,40.83479258481373,40.40211805480493,40.70979690551758,28569400
2024-10-24,40.69057378584589,41.017483081588836,40.354051128973104,41.007869720458984,28392000
2024-10-25,41.26746357205209,41.32515473216848,40.180974231852495,40.277122497558594,27466900
2024-10-28,40.450192550176986,41.10401103075861,40.39250138971817,40.9790153503418,24527600
2024-10-29,40.95017392129178,41.1617045204562,40.8347952616664,40.89248275756836,22313500
2024-10-30,40.10405337191107,41.24823755964525,40.036748851199796,40.68095397949219,38100500
2024-10-31,40.661728589702,40.91171631623524,40.19059321900023,40.20982360839844,28138200
2024-11-01,40.52711334655846,40.79633142140231,40.1425129529348,40.15212631225586,31220000
2024-11-04,40.00790752171787,40.40212131019595,39.52715882026549,39.73868942260742,31110100
2024-11-05,39.91175658627725,40.39250529984168,39.78676456158205,40.267513275146484,30851400
2024-11-06,43.07507665875545,43.79619960617152,42.30587958174251,43.661590576171875,110086700
2024-11-07,43.30584267710604,43.488525858053514,42.79624657392178,43.04623794555664,48339700
2024-11-08,43.40198930559578,43.74812893456683,43.2193061315594,43.39237594604492,38331800
2024-11-11,43.844275642801385,44.72885507070731,43.82504892438314,44.3057975769043,43293500
2024-11-12,44.36348304355589,44.661548514934296,44.07503459876893,44.09426498413086,38155900
2024-11-13,44.42117387566645,44.690391933128,44.06542091861783,44.103878021240234,36903900
2024-11-14,44.18080652808095,44.38272010301267,43.9692759251116,44.13273239135742,35733100
2024-11-15,43.86350773889877,45.03653567047935,43.86350773889877,44.95000076293945,40488900
2024-11-18,44.950001584013805,45.20960631137555,44.70001388423288,44.92115783691406,32360300
2024-11-19,44.21926551782118,44.82500621814019,44.18080474286783,44.62309265136719,28534100
2024-11-20,44.77693356216058,44.84423808664105,44.15195878590312,44.28657150268555,28021000
2024-11-21,44.60386094603948,45.238449042734864,44.517326038861874,44.671165466308594,45336500
2024-11-22,44.584631913099464,45.401906876334365,44.498097003293914,45.19037628173828,37996200
2024-11-25,45.440366325354645,45.90188831331723,45.34421805075835,45.67112731933594,42718600
2024-11-26,45.68073804277673,45.99803393270762,45.39228956781679,45.9114990234375,30301500
2024-11-27,45.9788030463549,46.1326424758521,45.81535025718595,45.930728912353516,23278400
2024-11-29,45.959575485751806,46.22879725479532,45.67112699618233,45.68074035644531,23262000
2024-12-02,45.90188493568358,45.978802816136394,45.04614921632995,45.22883605957031,35891500
2024-12-03,45.546122390770364,45.651887672068675,44.8538468848719,45.01729965209961,38123800
2024-12-04,44.8923079033778,44.97884280764347,44.353871759343534,44.58462905883789,24941300
2024-12-05,44.76731876036749,45.42113726382686,44.70962759789,45.19037628173828,31572100
2024-12-06,45.49976626081133,45.49976626081133,44.86164815811052,45.200042724609375,28931700
2024-12-09,45.01634496659308,45.20004435385334,44.37822684089118,44.38789367675781,34660900
2024-12-10,44.38789144219338,44.755293886442516,44.07850107489646,44.23319625854492,35665800
2024-12-11,44.474911909305575,44.6296071075481,43.96248475666931,44.55226135253906,36790500
2024-12-12,44.610269746739725,44.929330667741176,44.39756246607209,44.55226135253906,24017300
2024-12-13,44.561926643229484,44.57159347918615,43.87546695535174,44.15584945678711,32902300
2024-12-16,44.07850292293718,44.16551919790171,43.66275890790939,43.96248245239258,27330400
2024-12-17,43.691765767058,43.691765767058,43.140663888094124,43.5564079284668,33054600
2024-12-18,43.643419199165535,43.92380536876314,41.91276431703089,42.05779266357422,41771900
2024-12-19,42.51220777237654,43.0052974700492,41.874089740446415,41.941768646240234,38583600
2024-12-20,41.76773991839601,42.927955633283915,41.67105312402463,42.7055778503418,74222200
2024-12-23,42.444534568158325,42.64757131281372,41.36166455354774,42.43486404418945,35374800
2024-12-24,42.473537566273876,42.94728995711456,42.473537566273876,42.90861892700195,12054400
2024-12-26,42.744258830209425,43.101994489456374,42.647575709897865,43.0729866027832,16077400
2024-12-27,42.7732624155341,43.29535637622838,42.599229865894586,42.86994552612305,17972500
2024-12-30,42.43486719817542,42.6765786802231,42.106139435061586,42.45420455932617,16109800
2024-12-31,42.57989423856524,42.76359363144805,42.26083332183652,42.49287796020508,16110400
2025-01-02,42.6765773224687,43.11165871395733,42.34784956981334,42.82160568237305,25610600
2025-01-03,43.26635162994663,43.363034739304865,42.68624559734876,43.324363708496094,23455700
2025-01-06,43.66275747182442,44.61993646495216,43.60474539434803,43.89480209350586,30518500
2025-01-07,44.745627584173874,45.10336322679207,44.136517315720205,44.55226135253906,41111200
2025-01-08,44.37822055234243,44.7262819175839,44.17518014567186,44.677940368652344,40246000
2025-01-10,44.47491026878267,44.52325182490822,43.25668608858689,43.614418029785156,40741300
2025-01-13,43.60474158335429,43.83678618475535,43.20833497580466,43.566070556640625,34353600
2025-01-14,44.08817446275239,44.39756487603155,43.730442488940476,44.26220703125,36379000
2025-01-15,45.55777043242136,45.88649813296691,45.28705480428637,45.53843307495117,57154800
2025-01-16,45.44175789823918,45.93484769091195,44.30087942616161,45.093692779541016,56339300
2025-01-17,45.06468464168027,45.32573345787632,44.55225753297552,44.987335205078125,44486100
2025-01-21,45.07435475886361,45.586785593100956,44.9970090048543,45.11302947998047,52089100
2025-01-22,45.0550123897476,45.180703375292694,44.24286177769866,44.27186965942383,40296200
2025-01-23,44.523254352866786,45.335405081851356,44.523254352866786,44.85198211669922,35324100
2025-01-24,44.6972863753299,45.306400336764916,44.619940619716836,44.9776725769043,24655100
2025-01-27,45.006676582469126,45.57711581955486,44.84231454735136,45.52877426147461,44260000
2025-01-28,45.51910441086901,45.867165818932875,45.16136879067057,45.28705978393555,27156600
2025-01-29,45.200042724609375,45.81882346804966,45.093689092788544,45.200042724609375,23681500
2025-01-30,45.54810502855517,45.60611341456408,44.86164541380763,45.17103576660156,31199900
2025-01-31,45.15170105040881,45.27739204115567,44.62960341643646,44.76496124267578,30388900
2025-02-03,43.914131355572934,44.93898915875127,43.614411539263024,44.677940368652344,36497700
2025-02-04,44.813304223334015,45.56744650360109,44.73595847225939,45.16136932373047,32894000
2025-02-05,45.42241996214832,45.56744832251067,45.093692208454804,45.54811096191406,27696600
2025-02-06,45.867173622128206,46.38927135538269,45.60612475550096,46.157230377197266,39793400
2025-02-07,46.2539020241829,46.379593007637375,45.80915385285035,45.8284912109375,26504700
2025-02-10,45.90584242163208,45.98319186319161,44.8616507781491,45.12269592285156,26725200
2025-02-11,45.006675304475124,45.37407777425648,44.745626472385034,45.23871994018555,20314900
2025-02-12,45.02600542211758,45.035675944838154,44.41689157855341,44.677940368652344,29777100
2025-02-13,44.97766757704043,45.026009129952854,44.445903118555634,44.793968200683594,26815400
2025-02-14,44.93899064795029,45.52876715384124,44.93899064795029,45.403076171875,25960500
2025-02-18,45.016343087916,45.10335935998135,44.62960328135353,44.987335205078125,37824100
2025-02-19,44.35889367438293,44.532926242228655,43.91414172976348,44.484580993652344,38967800
2025-02-20,44.378228345024084,44.658610853350936,43.54674027978897,43.798118591308594,40001100
2025-02-21,43.74977455318625,44.00115285045221,43.063314887359795,43.324363708496094,43485900
2025-02-24,43.53707143338151,43.885136561381096,42.96663218209877,42.98596954345703,35512200
2025-02-25,43.05364693364167,43.35337049170341,41.91276847163176,42.48320770263672,38119000
2025-02-26,42.57989450599103,43.07298429431253,42.405861948177694,42.48320770263672,32251700
2025-02-27,42.62823762333371,43.295359993878726,42.48320925710783,42.65724182128906,28477700
2025-02-28,42.850606059781086,44.66827721764397,42.73458559513318,44.571590423583984,62621100
2025-03-03,44.67794711923131,45.40308152743958,43.72077176580203,44.04949951171875,46946000
2025-03-04,43.24702180656649,43.353375458328046,40.63653682852996,41.25531768798828,78278100
2025-03-05,41.23597400658336,41.31331975113372,40.327136612604995,40.887908935546875,52588900
2025-03-06,40.2111173183595,40.501170323230895,39.602003426372725,40.085426330566406,58103500
2025-03-07,40.192456257753356,40.60109236214684,39.51139237226463,40.28002166748047,50651400
2025-03-10,39.3070745057365,39.5211203993586,38.12007754860646,38.75249481201172,77498400
2025-03-11,38.62600610425595,39.560034562299116,38.20763849485135,38.5384407043457,50608400
2025-03-12,39.21951033269864,39.40436899927137,38.13953814406384,38.83032989501953,42290700
2025-03-13,38.88870801486325,39.10275391491085,38.26602228472528,38.59682083129883,37766100
2025-03-14,39.17086316600648,39.910305315169055,39.08329774601354,39.78382110595703,35979900
2025-03-17,39.81300611197639,40.64001363480668,39.491935397653904,40.318939208984375,37242800
2025-03-18,40.59136040502296,40.698385196224,40.17299279114575,40.52325439453125,37644500
2025-03-19,40.59136547202694,41.54485344943366,40.182725646567114,41.06810760498047,42471100
2025-03-20,40.63027963890466,41.564311914172265,40.523258548232995,41.33080291748047,41018100
2025-03-21,41.019460422643384,41.50593410114319,40.75676419087354,41.321075439453125,65011000
2025-03-24,41.76863034054409,41.98267994680299,41.5934995193322,41.904842376708984,30646100
2025-03-25,42.1772673965656,42.352398221711866,41.87565608442457,42.109161376953125,25445300
2025-03-26,42.28429542587449,42.53726384214985,41.57404423040904,41.6616096496582,30012100
2025-03-27,41.661602662840465,41.924298876532745,41.3697192181266,41.40863800048828,25619200
2025-03-28,41.29188893744546,41.46701977746737,39.88111808721336,40.13408279418945,34253000
2025-03-31,39.67679254872059,40.7664962750653,39.501661725254465,40.60109329223633,36390000
2025-04-01,40.20218126114799,40.57190226629389,39.86165119818422,40.367584228515625,25578500
2025-04-02,39.77408576615584,40.83459844769703,39.715707593332716,40.71784210205078,28216100
2025-04-03,37.58495204670155,37.78927007159207,36.018506432876045,36.213096618652344,115497900
2025-04-04,34.3353136970505,34.8217873837364,32.759136279908425,33.459659576416016,107761200
2025-04-07,34.023971288088575,35.63906380095768,32.63265622869835,34.617469787597656,137329100
2025-04-08,35.862835450874194,36.32012183613411,33.40128014945199,34.082340240478516,79116300
2025-04-09,33.128854042500905,36.82605295313035,32.1753661563359,36.14499282836914,161173500
2025-04-10,35.3374477311528,35.41528530128071,33.693168032946765,34.88016128540039,90451800
2025-04-11,34.24774095070428,35.24987534298646,33.86829215018962,34.97745132446289,63671900
2025-04-14,35.50284760645771,35.98932124270598,35.28879801882871,35.677974700927734,46830600
2025-04-15,36.77740647064066,37.70170712966787,36.77740647064066,36.9622688293457,84677800
2025-04-16,36.835786476619894,37.12766993307419,35.969863947489024,36.320125579833984,52872700
2025-04-17,36.49525008954484,36.845511696984765,36.23255759546415,36.39795684814453,47144400
2025-04-21,36.06715864722302,36.27147670381325,35.5028511035691,35.92121505737305,34928300
2025-04-22,36.553629974893155,37.44874342603517,36.38823071445898,37.28334045410156,42288900
2025-04-23,38.343854848744215,39.044378127212894,37.62387217792923,37.70170974731445,54428400
2025-04-24,37.61414104352203,38.62600708792028,37.55576287159547,38.509254455566406,42457100
2025-04-25,38.47033592383928,38.71357274119563,38.25628633688593,38.616275787353516,32694200
2025-04-28,38.72330155434357,38.9957293204511,38.392499325962525,38.70384216308594,37428000
2025-04-29,38.55790334882388,39.0541048491958,38.41195976615594,38.908164978027344,33792500
2025-04-30,38.29520678405651,38.917892469732315,37.76981434495526,38.80113983154297,40994600
2025-05-01,38.7427638212591,39.3459901490224,38.50925853183445,39.08329391479492,33569100
2025-05-02,39.80327100509075,40.11461382156941,39.598952977682714,39.95894241333008,41613000
2025-05-05,39.74489882535356,40.36758826365884,39.521121374251535,40.00759506225586,32829200
2025-05-06,39.55030980348867,40.15353609902186,39.46274439675809,39.73516845703125,29541800
2025-05-07,39.92975963376077,40.22164309279858,39.754628816038164,39.82273483276367,30925900
2025-05-08,40.17299427739501,41.00972953610549,40.134075495245845,40.474605560302734,41861700
2025-05-09,40.60108761962933,40.84432442807056,40.56216883951894,40.65946578979492,27222800
2025-05-12,42.14807767633563,42.77076336834252,41.77835665489424,42.18699645996094,44875100
2025-05-13,42.24537222767544,43.28642930853418,42.24537222767544,43.08210754394531,43232500
2025-05-14,42.99454287874916,43.70479401238863,42.936168411997755,43.529666900634766,42419500
2025-05-15,43.393447275842874,43.76316828207991,42.81940823122458,43.17940139770508,47379400
2025-05-16,43.14048796025004,43.57831503352216,42.47888342986102,43.48101806640625,49488100
2025-05-19,42.916708049165926,43.91884262840934,42.916708049165926,43.55885314941406,37915700
2025-05-20,43.383724810790135,43.695067682561465,43.208593981481286,43.48101806640625,33424300
2025-05-21,43.16967126549588,43.28642761540825,41.98267806671571,42.07997131347656,55594100
2025-05-22,42.011867244581815,42.3913161206258,41.79781763799305,42.13835144042969,29026200
2025-05-23,41.33080301373802,42.255103739233846,41.2043188189229,42.03132629394531,34875100
2025-05-27,42.60536359151025,43.02373123168945,42.128617776596926,43.02373123168945,36322000
2025-05-28,43.01399711184883,43.237774534385686,42.77076029889583,42.86805725097656,35673800
2025-05-29,43.1696743045318,43.25723971738074,42.71239155876488,43.04319381713867,28545100
2025-05-30,42.994543137757354,43.10156794277922,42.53726039561806,42.9361686706543,66537500
2025-06-02,42.6929334266561,42.95562967296151,42.18700032764196,42.88752365112305,28582600
2025-06-03,42.81941110520924,43.519934382676745,42.7513050878443,43.442100524902344,31320200
2025-06-04,43.39345173479474,43.87019758483899,43.14048704863841,43.15994644165039,30591700
2025-06-05,43.247507410498834,43.3739915963298,42.81940823122458,43.17940139770508,32020900
2025-06-06,43.73725066758794,44.20701707940811,43.68831736636383,44.01128387451172,37013000
2025-06-09,44.1482952414346,44.432113593590636,43.825328757938856,43.91341018676758,32414000
2025-06-10,43.8449047797129,44.23637864383279,43.79597148004078,44.12872314453125,32229100
2025-06-11,44.236378938477074,44.44190103849178,43.600234838387955,43.776397705078125,47873500
2025-06-12,43.4534320664123,43.69810228360297,43.081532290938526,43.668739318847656,30165400
2025-06-13,43.06195824528771,43.51215054911572,42.729206600421094,43.15003967285156,43281700
2025-06-16,43.68831101386559,43.93298121778139,43.40449268131422,43.46321487426758,34103600
2025-06-17,43.326200283290326,43.717670370670334,43.120678207413,43.287052154541016,27489600
2025-06-18,43.31641748264692,44.23637997091595,43.26748418150681,44.099365234375,37684700
2025-06-20,44.34403548278759,44.676787157330644,44.304887348518626,44.52998352050781,64591600
2025-06-23,44.432120371511346,45.38143843440037,44.1483019760601,45.312931060791016,42683600
2025-06-24,45.75333794187353,46.183956249077305,45.577175058614756,45.66525650024414,45437600
2025-06-25,45.586955745160154,45.97842584479518,45.4695113552356,45.8511962890625,33532400
2025-06-26,45.94907077554736,46.56564081169415,45.900137475332556,46.44819641113281,40127000
2025-06-27,46.438406839503656,46.653714086700056,45.909918287222126,46.115440368652344,56705000
2025-06-30,46.604783639500916,46.604783639500916,46.0273617563555,46.311180114746094,47921200
2025-07-01,46.01757513248592,47.38772611573569,45.93927887056643,47.12348556518555,48540900
2025-07-02,47.32901010581126,47.691121002529584,47.035406575137706,47.671546936035156,48003600
2025-07-03,47.90643014483775,48.25875586134649,47.76941541805575,47.88685607910156,21620300
2025-07-07,47.70091208376709,48.16088960062034,47.33879743711826,47.622615814208984,35567900
2025-07-08,46.48734272970504,46.77116108659026,45.76311722133782,46.144805908203125,88086500
2025-07-09,46.15459300758366,46.43841137635589,45.714185837656316,45.84141540527344,46227900
2025-07-10,45.900135823966245,46.21331341411951,45.78269142763025,45.96864318847656,44225000
2025-07-11,45.64567559061472,45.81205328136642,45.26399064521609,45.73375701904297,31653000
2025-07-14,45.81205765144192,46.06651306152344,45.55759850798877,46.06651306152344,36381200
2025-07-15,45.880562879559506,46.007788711976765,44.97038931924686,45.1661262512207,55145000
2025-07-16,45.26399033836523,45.56738275275495,44.050424414177606,45.04867935180664,61296600
2025-07-17,44.66699738603085,46.2133150591562,44.47126045187465,46.017578125,56480700
2025-07-18,46.00778769025567,46.36990231304561,45.90013592676362,46.311180114746094,48314200
2025-07-21,46.52649182200281,47.01583228188915,46.193740159945236,46.467769622802734,32199700
2025-07-22,46.585213021282826,47.14306087961603,46.44819828181455,46.751590728759766,34749400
2025-07-23,46.986467492025376,47.28007474325922,46.79073430236452,47.11369705200195,31380100
2025-07-24,47.45624207204233,47.955367726099844,47.182208860629046,47.35837173461914,42967600
2025-07-25,47.358369170354564,47.514957968381374,46.91796200922559,47.417091369628906,24461200
2025-07-28,47.41708940022373,47.50517082879118,47.05497851983367,47.201778411865234,20590400
2025-07-29,47.358371733018885,47.47581240455111,46.8690312460344,46.92775344848633,26216500
2025-07-30,47.231137850999076,47.4660229060008,46.72222707634271,46.93753433227539,32265900
2025-07-31,46.74180056813007,47.006044872854076,46.183952724836566,46.26224899291992,40016300
2025-08-01,45.37165045558327,45.420583757504986,44.35382134877655,44.68657302856445,52310400
2025-08-04,44.9801721256855,45.12697575030585,44.66699454430859,44.87251663208008,31038900
2025-08-05,44.97038810924239,45.019321407576356,43.795970282370476,44.58870315551758,36798300
2025-08-06,44.735505230015264,44.96060140001518,44.42232762537438,44.45168685913086,27916800
2025-08-07,44.73550394590511,44.78443724521848,43.82533039186501,43.962345123291016,30609900
2025-08-08,44.18744371013461,45.31292449445964,44.02106601735619,45.02910614013672,37131600
2025-08-11,45.07804435141989,45.528236676935,44.83337412233063,45.17591094970703,35559400
2025-08-12,45.48909159943578,46.6439354569691,45.37165092692931,46.48734664916992,35481200
2025-08-13,46.66350936943648,46.74180190638988,45.988220838055376,46.23289108276367,29465100
2025-08-14,46.0860861347397,46.71244134607851,45.89034919785344,46.692867279052734,21073800
2025-08-15,46.73201047960921,46.80051784028135,45.90013325237824,45.93927764892578,26276900
2025-08-18,45.91970698863184,47.01583230739942,45.79248115701978,46.89838790893555,43125100
2025-08-19,46.80052209744246,47.09412563179772,46.61457406347081,47.05498123168945,33783400
2025-08-20,47.14305482992569,47.46602130297439,46.849451321117606,47.319217681884766,30822200
2025-08-21,47.240929036727,47.45624003645081,46.79073670400584,47.23114013671875,28713200
2025-08-22,47.48560368016649,48.60129944895776,47.42688147477733,48.42513656616211,45078900
2025-08-25,48.337055124764284,48.60129944895776,48.160892241968625,48.42513656616211,34715700
2025-08-26,48.20003386160628,49.1884999184198,48.20003386160628,49.178714752197266,40609300
2025-08-27,48.963405784218004,49.550616582852484,48.92426138433955,49.305946350097656,42428200
2025-08-28,49.47231938703127,49.56040081850329,49.20807509261522,49.41360092163086,32949400
2025-08-29,49.433171891377846,49.83443092139292,49.433171891377846,49.65827178955078,32496500
2025-09-02,49.14935956590451,49.39402980869237,48.611082045073914,49.3450927734375,52719800
2025-09-03,49.32551899024272,49.49189295168621,48.64044161166714,48.992767333984375,38344200
2025-09-04,49.16892884534138,49.74635071142718,49.05148445221218,49.54082489013672,34796900
2025-09-05,49.6392429598251,49.98368881875003,48.448453107116826,48.979881286621094,40063300
2025-09-08,49.009403380491285,49.117657685057786,48.104010568003055,48.674800872802734,48033100
2025-09-09,48.71416365437827,49.75733699523411,48.67479777265455,49.49162292480469,40060100
2025-09-10,49.57035145029903,49.826225930030546,49.176703891374075,49.334163665771484,31706300
2025-09-11,49.344004105359055,50.150985932250606,49.19638767603239,49.94432067871094,28055200
2025-09-12,49.89511339073358,50.121461577459584,49.65892185659418,49.77701950073242,27851100
2025-09-15,50.042732152322124,50.27892369749462,49.65892417628692,49.786861419677734,29043600
2025-09-16,49.83606809551501,50.07225964636945,49.41289422608141,49.855751037597656,31624400
2025-09-17,50.05257528968621,50.81035164483366,49.98368687141256,50.58400344848633,38337900
2025-09-18,50.6725748278913,51.361459010894386,50.485588760387124,51.30241394042969,35246900
2025-09-19,51.32209457457344,51.823996421644566,50.938282863122495,51.42050552368164,98970700
2025-09-22,50.93828530805681,51.51891894559339,50.93828530805681,51.09574508666992,27468000
2025-09-23,51.1744747320581,52.04050535560516,50.702095415797096,50.87923812866211,28278200
2025-09-24,51.026854553291564,51.42050586057761,50.64304659346306,50.87923812866211,27010400
2025-09-25,50.66272665569107,51.49923469761102,50.62336077637173,51.026851654052734,22957900
2025-09-26,51.28273070962011,51.78463257642512,51.15479346743953,51.381141662597656,20025800
2025-09-29,51.52876163177422,51.71574394330835,51.28273049621696,51.587806701660156,23701000
2025-09-30,51.64685488064093,51.73542623850082,50.21003396792461,50.7709846496582,29945000
2025-10-01,50.48559107445999,50.85955947247245,49.75734097500866,49.87543487548828,27709100
2025-10-02,49.845911070053816,50.042732981130534,49.275117016346854,49.67860794067383,22757200
2025-10-03,49.816384257978186,50.31828988672058,49.74749583899586,49.83606719970703,24565700
2025-10-06,50.12146648783514,50.5052744835432,49.097975996522024,49.59003829956055,25386300
2025-10-07,49.74749364773463,50.10177907497386,49.334163152046926,49.49162292480469,24107300
2025-10-08,49.5998781822284,49.70812872785759,48.98971826611559,49.04876708984375,24014200
2025-10-09,49.20622656037511,49.48178022778932,48.8814636630908,48.99956130981445,21816900
2025-10-10,49.13733701365064,49.3440022594592,47.77924414065406,47.87765884399414,31831900
2025-10-13,48.41893020594255,48.61575587325423,48.03512221946033,48.084327697753906,34462800
2025-10-14,48.074479967210024,49.6982868818357,47.75956042987391,49.294795989990234,42462600
2025-10-15,50.75130373732332,52.01098198467492,50.41670123360338,51.45003128051758,69992200
2025-10-16,51.76494911336676,51.922408889026435,49.20622682036277,49.63924026489258,49027700
2025-10-17,50.14114888620818,50.94813075410117,49.53099268822168,50.46590805053711,48915400
2025-10-20,50.62336729589252,51.450032097376074,50.55447887528034,51.213844299316406,25786000
2025-10-21,51.2630457001827,51.53859936071342,50.623363269222615,50.70209503173828,27303400
2025-10-22,50.68241629053452,50.76114805957371,49.6392428755894,50.28876495361328,34955000
2025-10-23,50.66272835672596,50.97764789358053,50.29860334613855,50.93828201293945,26028800
2025-10-24,51.026856971406744,51.98145899662401,51.026856971406744,51.73542785644531,38923900
2025-10-27,51.96177509074247,52.22748916770151,51.696061013783435,52.17828369140625,27345800
2025-10-28,52.158599775909074,52.43415344132585,51.50907774018588,52.030662536621094,29575200
2025-10-29,51.8239977859223,52.16843987100558,51.48939529435405,51.745269775390625,29158800
2025-10-30,51.83383258101886,52.591608852189545,51.72558204582604,52.18811798095703,37548600
2025-10-31,51.951933663546654,52.78843799345407,51.9322507228958,52.60145568847656,39295700
2025-11-03,52.41446881643379,52.78843717472577,51.8732010964099,52.70970916748047,31252300
2025-11-04,52.17828392938061,53.14272553488767,51.88304731612535,52.69002914428711,47226600
2025-11-05,52.11923431803725,52.22748861722815,50.91860494171123,51.617332458496094,54353600
2025-11-06,52.57192991371738,52.89669280642169,51.93225122993594,52.44399642944336,55296000
2025-11-07,52.30622131167867,52.729395168327805,51.87320410721691,52.35542678833008,40537700
2025-11-10,52.562094152267605,53.13288821591636,52.493205731363425,52.57193374633789,26094600
2025-11-11,52.89669267603035,53.12304086396156,52.43415295270212,52.77859878540039,22244300
2025-11-12,53.034471773344464,53.82177066807658,52.91637787766896,53.250980377197266,40536700
2025-11-13,52.93605905092026,53.34938954904541,51.93225158586857,52.030662536621094,37716100
2025-11-14,52.02082284809795,52.06018872998184,51.2039976926242,51.7747917175293,32363100
2025-11-17,51.74527431979663,51.74527431979663,50.574163619389125,50.66273498535156,35546800
2025-11-18,50.465904996126135,51.351618580029545,50.33797150944678,50.8201904296875,35189500
2025-11-19,50.84971461025395,51.656700209561265,50.84971461025395,51.19416046142578,28112300
2025-11-20,51.66653633117676,52.10939310769997,50.160827045134894,50.19034957885742,36661600
2025-11-21,50.47574483611638,50.95796372284651,49.89511125015985,50.741458892822266,43867200
2025-11-24,50.83003333928112,51.41066696058309,50.58400220744363,51.105587005615234,52852100
2025-11-25,51.420510009328126,52.04050955437898,51.03670201853293,51.64685821533203,41310100
2025-11-26,51.8633647277187,52.404632481393904,51.715744543017614,52.14876174926758,32045600
2025-11-28,52.26685447522105,53.08367588431778,52.20780565183422,52.798282623291016,18920800
2025-12-01,52.650665203936185,53.044316538891586,52.365268173800395,52.39479446411133,30536500
2025-12-02,52.68018737554006,52.78844167961049,52.12908001538123,52.345584869384766,46073500
2025-12-03,52.4046280197659,53.37891289674236,52.33573960720702,53.231292724609375,37134400
2025-12-04,53.34939163452632,53.82177097405104,53.14272637738499,53.30018615722656,38529600
2025-12-05,53.3496491277251,54.239965562888344,53.16169511303355,53.36943435668945,33986500
2025-12-08,53.319969177246094,53.626630769107166,52.914381447973156,53.319969177246094,34386600
2025-12-09,53.3892172694798,53.69587887100708,52.69674938035476,52.963844299316406,47189300
2025-12-10,53.013306764705234,53.962975094880214,52.765997067869264,53.4980354309082,54424400
2025-12-11,53.36942983383856,54.06189769432085,53.17158133460844,53.97286605834961,35686900
2025-12-12,54.19049668168935,54.704901276593596,53.76512372385789,54.54662322998047,40539400
2025-12-15,54.81372195033245,55.46661940968877,54.47738060620062,54.73458480834961,32881300
2025-12-16,54.54662351867443,54.75436274839496,54.10146533095448,54.220176696777344,32931900
2025-12-17,54.526840349523276,54.97199855404874,53.87394290743475,53.962974548339844,35304100
2025-12-18,54.210283897202075,54.556519731247164,53.19136917061767,53.67609405517578,87452700
2025-12-19,53.93329902988718,54.71479857598547,53.79480620372222,54.675228118896484,73001900
2025-12-22,54.77414974829854,55.50618809997334,54.74447379270579,55.278663635253906,33408800
2025-12-23,55.2094168033676,55.61500454585286,55.2094168033676,55.36769485473633,22274600
2025-12-24,55.525972429098196,55.89198971218533,55.2885534672615,55.64468002319336,13634400
2025-12-26,55.674357183015225,55.94145210574365,55.42704748867184,55.5655403137207,15259400
2025-12-29,55.50618758667139,55.6446804096854,54.6752268749409,54.754364013671875,21040100
2025-12-30,54.892862644773054,55.041246200510436,54.57630275717758,54.68511962890625,17427600
2025-12-31,54.72468674034462,54.823609104787465,54.3388842359127,54.40813064575195,16293000
2026-01-02,54.437810172803275,55.387482292549244,54.28942661640143,55.3479118347168,25503600
2026-01-05,55.56554075139136,56.93069133154066,55.53586479540328,56.277793884277344,36096600
2026-01-06,56.39649980044141,56.792196812168655,56.139299384371164,56.63391876220703,31791900
2026-01-07,56.079944459621935,56.198655828934825,54.84339599829422,55.04124450683594,49695500
2026-01-08,54.88296772927381,55.971132664700406,54.87307700175792,55.575435638427734,30933700
2026-01-09,55.56553756705014,56.00080502271244,55.18962956725523,55.24898147583008,30768800
2026-01-12,54.695014554329184,54.85329261253117,54.14103946379894,54.59608840942383,45860600
2026-01-13,54.67522688246424,54.92253657320798,53.71566407481166,53.95308303833008,43542200
2026-01-14,52.310949721974914,52.90449150297036,51.104077157151345,51.915252685546875,84750000
2026-01-15,52.152669021423264,52.46922512507848,51.6679403650251,52.02406692504883,51018300
2026-01-16,52.1229892171616,52.805566380771594,51.687725518674945,52.39997863769531,52178400
2026-01-20,51.75697472069992,52.90449160007145,51.40084814199037,51.53934097290039,49172700
2026-01-21,51.66794068096929,52.291162164821735,51.48987739986859,51.50966262817383,36340000
2026-01-22,51.905359569095864,52.5582570076032,51.76686674481346,51.88557434082031,31229200
2026-01-23,51.549231768236695,51.638263406513204,50.82708793494777,51.163429260253906,34553500
2026-01-26,51.24256752648122,51.71740168319926,51.113965429772236,51.460201263427734,27728400
2026-01-27,51.64815581455375,51.68772627144149,51.25246256661577,51.608585357666016,26494300
2026-01-28,51.39095329955784,51.57890730165186,50.757841109718726,51.25246047973633,35030200
2026-01-29,51.420631760626776,52.51868741937261,51.390955804546024,52.50879669189453,35200500
2026-01-30,52.301051841398035,52.83524167396801,52.202129475505686,52.62750244140625,34549100
2026-02-02,52.62750026756633,53.50792211803905,52.380190589404506,53.44856643676758,34624500
2026-02-03,53.61674212617494,54.526839983860256,53.10233751257811,53.864051818847656,41208400
2026-02-04,54.190496851504506,55.43693977442935,54.12125044174716,54.78404235839844,54522500
2026-02-05,54.42791486530437,54.695009772728724,53.66620059753408,54.34877395629883,32959700
2026-02-06,54.95221167188521,56.25800651676454,54.695011257925614,55.92166519165039,42468000
2026-02-09,55.783170400351636,56.109620986863455,55.575431176378416,55.802955627441406,31968400
2026-02-10,55.83263769026879,56.2184440002635,53.68599126037437,54.79393768310547,48304700
2026-02-11,55.367692818363686,55.50618563651188,52.667071543535066,53.270503997802734,48973500
2026-02-12,53.32985996108509,53.359535915517185,51.232674903116816,51.95481872558594,55481600
2026-02-13,51.35138485567487,52.25159199342146,50.88644142208004,51.9844970703125,31772100
2026-02-17,52.469225712779426,52.97373582936637,52.05374346354918,52.172454833984375,35542400
2026-02-18,52.41976456867928,53.03309155514433,52.221916058115774,52.78578186035156,30698900
2026-02-19,51.351387186558114,52.24170363733354,51.27225004295954,52.20213317871094,47148600
2026-02-20,51.96471074936633,52.51868581235043,51.27224663769419,52.489009857177734,33552000
2026-02-23,52.27137697207726,52.68685544583059,50.34236060793832,50.520423889160156,50602500
2026-02-24,50.19397377883414,50.332466594376335,48.937640164971654,49.867523193359375,53062700
2026-02-25,49.788389351540594,51.212891828868806,49.76860412320523,51.133750915527344,41375000
2026-02-26,51.32171174778806,52.10320755842148,51.18321891485674,51.73719024658203,52418500
2026-02-27,50.53031830183506,50.85676513440696,48.78925594929679,49.29376983642578,77728700
2026-03-02,48.25506453335099,49.87741546329257,48.057219804252796,49.273983001708984,40595200
2026-03-03,48.235280643981085,49.966448487145044,47.97808022482972,49.4322624206543,51242900
2026-03-04,49.35312499614973,49.86752964445667,48.68044228479809,49.75871276855469,34208500
2026-03-05,49.283873728705366,49.887309963935266,48.79914885930996,49.273983001708984,39073900
2026-03-06,48.299049186089405,48.44827536920504,47.37385595872319,48.38858413696289,47016000
2026-03-09,47.692198957491286,47.9011163612411,46.52824845578742,47.652408599853516,62752800
2026-03-10,48.030442827825,48.89594859079692,47.35395739687146,48.308998107910156,50271100
2026-03-11,48.11003036922546,48.39853228562406,47.533026536428274,48.269203186035156,42185800
2026-03-12,47.453444107990826,47.53302862239856,46.54814796109849,46.886390686035156,58354500
2026-03-13,47.27437207875365,47.572820635561804,46.418816766252114,46.47850799560547,45473100
2026-03-16,46.87644082524472,47.43354761285479,46.65758056170251,46.81675338745117,38055600
2026-03-17,47.4136509008572,47.83148194353141,46.95602949767365,47.035614013671875,33427800
2026-03-18,46.97592372105749,47.632512066810165,46.44866068031629,46.58794021606445,40251800
2026-03-19,46.180055449993276,46.94607581273932,45.88160689443775,46.767005920410156,38601400
2026-03-20,46.886389345067215,47.21468162445147,46.44866124591573,46.91623306274414,78060900
2026-03-23,48.090133260810326,48.1398740544717,47.23457794790926,47.27437210083008,42333200
2026-03-24,46.80680067832249,48.20951232305082,46.77695696087486,47.89116668701172,39804100
2026-03-25,48.26920565872286,48.85615616233494,47.93096293130269,48.498016357421875,29988300
2026-03-26,48.45822202867737,48.61739485307026,47.78173657626272,47.99065399169922,32502600
2026-03-27,47.82153133507924,48.00060123915528,46.59788952054599,46.72721862792969,36781900
2026-03-30,47.3042159959333,47.61261498976051,46.68742180325819,46.985870361328125,43375900
2026-03-31,47.433547378918874,48.51791343491477,47.12514837024829,48.498016357421875,49060600
2026-04-01,49.443105118876595,49.791294476658656,48.52785855773902,49.01532745361328,32947000
2026-04-02,48.49801503259526,49.31377621262211,47.91106454501699,49.124759674072266,27548200
2026-04-06,49.174501982301344,49.86093408077198,48.99543207922561,49.801246643066406,28507200
2026-04-07,49.54258878927959,50.21907425136846,49.36351888490433,50.02010726928711,28473200
2026-04-08,51.67152673253008,51.989872385643146,51.10447330073623,51.611839294433594,36473500
2026-04-09,51.36313017392391,52.56687488049683,51.36313017392391,52.43754577636719,32008000
2026-04-10,52.52707939451556,52.55692690700692,51.930182274399215,52.26842498779297,25225300
2026-04-13,51.910287254644814,53.16377277454948,51.581991169086756,53.07423782348633,27835300
2026-04-14,52.82553004775306,53.293101880525036,52.527081475869046,53.07423782348633,40178500
2026-04-15,53.969584846887514,55.11364208052755,53.432375165266315,54.039222717285156,63838200
2026-04-16,53.76067293913974,54.22824097019921,53.19361952223187,53.2334098815918,35206700
2026-04-17,53.88005161373485,54.31777592658278,53.472171019155354,53.631343841552734,43484700
2026-04-20,53.223464008102006,53.671138763427734,52.90511835875471,53.671138763427734,43999200
2026-04-21,53.720880139400506,54.36752188129251,52.934962648788265,53.20356750488281,34266300
2026-04-22,53.39258097411055,53.52191007403364,52.72604598792869,52.84542465209961,24097600
2026-04-23,52.785738174915934,53.24335955835407,51.97992363844319,52.198787689208984,31956300
2026-04-24,52.049561111745966,52.23857764824674,51.66157760288792,51.78095626831055,30265400
2026-04-27,51.721268476148595,52.65640830630103,51.56209565835713,52.35795974731445,28043700
2026-04-28,52.7459457444094,53.15382634644829,52.35796221990648,52.3878059387207,21164100
2026-04-29,52.158995619268524,52.74594612842505,51.56209846876134,52.60667037963867,26250700
2026-04-30,52.33806512139223,53.382637024245895,51.88044372318655,53.18367004394531,27089200
2026-05-01,53.41248037660523,53.7805706158788,52.81558323477809,52.96480941772461,24825000
2026-05-04,52.79568712657546,52.79568712657546,51.731218133955885,51.92023468017578,42929000
2026-05-05,52.29826833008866,53.08418577542075,52.009766412944586,52.84542465209961,28458600
2026-05-06,53.54180869421944,53.919845569135695,53.19361933244093,53.32294464111328,27541200
2026-05-07,53.27320482187366,53.72087957734745,52.228632922421134,52.47734069824219,28682100
2026-05-08,52.70615064303972,52.73599436131813,50.83586713301131,51.04478454589844,36111200
2026-05-11,50.945299924687774,51.124369827004884,50.01016005312695,50.28871154785156,33132200
2026-05-12,50.59710921233661,50.815973263795115,49.5823810578191,50.517520904541016,33518800
2026-05-13,50.09969482982089,50.517522070452785,49.54258804733222,49.58238220214844,29838000
2026-05-14,49.80124452594658,50.20912511117296,49.23419112197282,49.59232711791992,37671800
2026-05-15,49.36351871876081,49.73160896261526,49.04517306649392,49.51274490356445,46282300
2026-05-18,49.463002576742326,50.656796838321526,49.463002576742326,50.42798614501953,33404100
2026-05-19,50.46777859252479,51.014934909743346,50.1195892438346,50.43793487548828,44154600
2026-05-20,50.72643737315355,51.313387849820025,50.22902184360498,50.96519470214844,47739400
2026-05-21,50.736385165132525,51.23380070596716,50.49762403574096,51.223854064941406,27461900
2026-05-22,51.422817424122705,51.88044260746638,51.3830270649019,51.532249450683594,26683700
2026-05-26,51.95008048774768,52.22863197723284,51.61183776695309,51.93018341064453,27397600
2026-05-27,52.11920189411005,52.218687283335434,50.49762610204201,50.83586883544922,48581500
2026-05-28,50.65679837851425,51.23380224480318,50.37824688167382,50.50757598876953,48550100
2026-05-29,50.70654161950541,51.53224944670946,50.3484018216899,51.333282470703125,57930600
2026-06-01,51.044784529417285,51.56209715095937,50.58715934441274,51.24374771118164,34303700
2026-06-02,50.995041245917065,52.43754712055434,50.995041245917065,52.208736419677734,42126500
2026-06-03,51.9898708508925,52.27837277644069,50.95524940630705,52.129150390625,48065400
2026-06-04,52.85537791976811,54.049176010377195,52.52708183198432,53.88999938964844,51883600
2026-06-05,54.16999816894531,54.279998779296875,53.31999969482422,53.83000183105469,38822900
