time,open,high,low,close,volume
2013-01-02,79.09809577576817,79.76641845703125,78.79145353379201,79.76641845703125,3153800
2013-01-03,80.28538942456271,81.00088629484587,80.01019832060764,80.58416748046875,3872400
2013-01-04,80.63135707028019,80.91441252513107,79.8450932509648,80.32471466064453,1989000
2013-01-07,79.48340859107941,79.98662296677016,79.3340225408234,79.70356750488281,1663900
2013-01-08,79.41265621388847,80.03380543283332,79.20036759413861,79.55418395996094,2189900
2013-01-09,79.43620377718297,79.80574859747796,79.2160509477429,79.59346008300781,1834400
2013-01-10,79.68785823248362,79.80579903671509,78.72861515618825,79.20823669433594,2328500
2013-01-11,79.41261490120893,79.7978823433668,78.68138959335812,78.84650421142578,2206300
2013-01-14,78.8936967839637,80.1202722351737,78.39048849582687,78.91728973388672,2155100
2013-01-15,78.50841075632897,79.82146938640854,78.4769594958899,79.53055572509766,1725200
2013-01-16,79.20035353447834,79.89226350427262,79.1374509921198,79.82936096191406,1201700
2013-01-17,79.86078577963923,80.00231345370739,79.38116455078125,79.38116455078125,2095400
2013-01-18,79.33401734631697,79.76645883014561,79.11386444564542,79.56989288330078,2341600
2013-01-22,79.75071512951658,80.33254849885871,79.54628491915282,80.31682586669922,2004500
2013-01-23,80.43476345756906,80.78857965511283,80.01803873770254,80.2932357788086,1442800
2013-01-24,80.50552696493854,81.40186696054786,80.42690180718098,80.8986587524414,1515400
2013-01-25,80.9537288719336,81.08739229267853,80.20678058074272,80.48197174072266,1612800
2013-01-28,80.6863856038779,80.78859772857088,80.19889993493167,80.58416748046875,1631700
2013-01-29,80.3168029075283,81.40184417781768,80.27748734029564,81.26818084716797,2073100
2013-01-30,80.98515307751906,81.0716425558486,80.43477094152692,80.61560821533203,1939800
2013-01-31,80.59202210124,81.10309466064949,80.2853797653374,80.46621704101562,1656300
2013-02-01,80.89869481234501,82.04663942369409,80.66281323521508,81.88938903808594,2316000
2013-02-04,81.85791691673789,81.85791691673789,80.46622676374626,80.57630920410156,1728600
2013-02-05,80.78858377505198,81.74782631348936,80.41903892840331,81.22888946533203,1842400
2013-02-06,81.1067050614382,81.35110144577855,79.5772864063135,80.17643737792969,3192000
2013-02-07,80.23158445338005,80.65730058277117,79.78221843036559,80.2946548461914,3007300
2013-02-08,80.71254275026207,81.16979439941339,80.26317640946937,81.03577423095703,1726400
2013-02-11,81.09880701564815,81.15399211908097,80.22372465069562,80.40504455566406,1457400
2013-02-12,80.57850787333483,80.59427848717333,80.04242128263648,80.22374725341797,1203200
2013-02-13,80.39717791318739,80.70463868278412,79.58515981389934,80.12124633789062,1224400
2013-02-14,79.65613444332581,80.46026141279967,79.63248453462474,80.42872619628906,2211200
2013-02-15,80.24740627655207,81.30380896413077,79.64824919188177,80.54698181152344,4239800
2013-02-19,80.6888900057085,80.72831053138889,79.99513326271918,80.3341293334961,1894200
2013-02-20,80.55484209217995,80.90960264218336,79.66399505712596,79.6876449584961,1915100
2013-02-21,79.75859079189588,79.95568131338305,79.04118442133976,79.38018035888672,2730500
2013-02-22,79.67977668786928,79.86110266168214,79.01755524902643,79.750732421875,1576200
2013-02-25,80.12911378335873,80.5154094820538,78.88350037073812,78.90715026855469,1644000
2013-02-26,78.91502432426596,79.4353460609634,78.29221770672989,78.402587890625,2915100
2013-02-27,78.57603722695951,80.05027629718484,78.00841563810859,79.41170501708984,2511000
2013-02-28,79.67976979745548,80.70464309529676,79.45902933693002,79.85321044921875,2213200
2013-03-01,79.48266480130195,80.13700677235805,79.04118396045703,79.95568084716797,1790100
2013-03-04,79.82953907933127,81.56393310114683,79.75070408101689,81.540283203125,1942000
2013-03-05,81.73738049959198,81.89505050932492,81.00420352635565,81.31954956054688,1611700
2013-03-06,81.31956033834199,81.58760059335813,80.69675349231927,80.85442352294922,1254400
2013-03-07,81.63489575597916,81.97389169082736,80.33409712157444,80.3892822265625,2603300
2013-03-08,80.87019560288631,81.40628213737632,80.30257385875265,81.23284149169922,1549200
2013-03-11,81.63488605762602,81.74525625448999,80.6888480655746,80.75980377197266,2120800
2013-03-12,81.68221704126616,83.18798588185223,81.40629144374797,81.79258728027344,3795000
2013-03-13,81.98176816797944,82.1394441873388,81.1303417223394,81.53240203857422,2459100
2013-03-14,81.41416068972536,82.01331763806401,81.13035583496094,81.13035583496094,2316700
2013-03-15,80.84653528284451,81.1934105147801,80.0266379819255,80.2158432006836,4001800
2013-03-18,79.8926287520632,80.42083603884876,79.6324737767693,80.16067504882812,2138000
2013-03-19,80.3025544067337,80.83864081136528,79.72704749591497,80.50753021240234,2240300
2013-03-20,80.75981489056743,81.48510657402069,80.68097386933191,81.26436614990234,2316400
2013-03-21,81.08305060360803,81.9660184278627,80.94903047390835,81.61125183105469,2216900
2013-03-22,81.56395485252496,82.87263902949626,81.54819025454792,82.86475372314453,2036100
2013-03-25,82.92781912364025,83.3850646140073,82.43114710390161,83.1485595703125,2315300
2013-03-26,83.3219689866352,83.57424454753945,83.12487851671865,83.54270935058594,1452800
2013-03-27,82.96726002857794,84.17345357800818,82.80958994926826,84.07096862792969,1971500
2013-03-28,84.08673127674277,84.4020714054809,83.25894840198664,83.65312957763672,1672900
2013-04-01,83.56638618912997,84.03151696103883,83.07759950083567,83.41659545898438,1005700
2013-04-02,83.7792375478748,84.9460160999496,83.59003232838784,84.89083099365234,1831900
2013-04-03,84.74892147648724,84.93812668682332,83.56637838611766,83.85018920898438,1833200
2013-04-04,83.77135420590477,84.26802013855894,83.14066215181758,83.85018920898438,1575700
2013-04-05,83.01454082969799,83.5427420522981,82.34442815789582,83.40872192382812,1678900
2013-04-08,83.92113191129607,84.42568310661409,83.46388652566233,84.38626861572266,1077600
2013-04-09,84.55185662421327,84.57550653084274,83.24317231993038,83.40084838867188,1947300
2013-04-10,83.35355912896212,83.97636013148225,83.19588304025696,83.36932373046875,1757200
2013-04-11,83.47178884816292,83.88174056668358,82.92782301185183,83.57427978515625,2319400
2013-04-12,83.6767772141609,84.18921393153983,83.29048135663466,83.66889190673828,1437700
2013-04-15,83.13280286708168,83.73984521171754,82.09216486243298,82.15523529052734,1818400
2013-04-16,82.56515987777871,83.40082172338252,82.42325446864551,83.21161651611328,2796500
2013-04-17,82.59671020507812,82.97512673118702,82.25771419732126,82.59671020507812,1882600
2013-04-18,82.58881518773165,82.87262602459221,81.46145714540381,81.68219757080078,1854300
2013-04-19,81.35895365624684,82.50208213223368,81.35895365624684,82.34440612792969,2215600
2013-04-22,82.32865257875605,83.39294018799642,82.20251175839182,82.90415954589844,2048400
2013-04-23,83.36143575498339,84.6306996584896,83.20376568605107,84.55186462402344,1731100
2013-04-24,84.71741327649814,85.41905525259203,84.59127843430957,85.00910949707031,2234300
2013-04-25,85.41902177661298,86.19949847504438,84.98542628402875,86.03394317626953,1848100
2013-04-26,85.85261231390463,86.52271872752839,85.44266075669961,86.14430236816406,2146700
2013-04-29,86.16796999567612,86.30199009368164,85.51362808462595,85.63976287841797,1728300
2013-04-30,85.2377187254499,85.5924792908143,84.89083745106625,85.48210906982422,1561400
2013-05-01,85.24561073479035,85.93148808018154,85.11159059141075,85.31656646728516,1199400
2013-05-02,85.27711352861029,86.16008110732336,84.92235304518269,85.68706512451172,1442900
2013-05-03,86.664663932012,87.04308046525502,85.93937209258355,86.52275848388672,1407600
2013-05-06,86.49120518489094,86.91692144024286,85.95511871682469,86.0024185180664,1112700
2013-05-07,85.94725429095973,86.5464113160524,85.66344939983894,86.49122619628906,1617400
2013-05-08,86.64098685166485,86.91691235460752,86.24680584325394,86.41236114501953,863800
2013-05-09,86.62524891615827,86.83811010923249,85.83688660198408,86.04186248779297,1306300
2013-05-10,86.2547219066387,86.83810832300394,86.06551062452536,86.71196746826172,1239600
2013-05-13,86.47545412670574,86.97212016167094,86.4044983990099,86.72772979736328,1246600
2013-05-14,86.9484614155564,88.07581951988755,86.63311535562043,87.81565856933594,1932800
2013-05-15,87.64172952297068,89.29400169274285,87.50733539109194,89.19123077392578,1810600
2013-05-16,89.00938106976427,89.3335144154229,87.92631488790296,88.15557861328125,1533600
2013-05-17,88.70898672702914,89.4837403629972,88.25836649910714,89.37306213378906,1678300
2013-05-20,89.38096228456793,89.43630139847312,88.50343774156356,88.55877685546875,1664300
2013-05-21,88.92245039322009,90.0924792226703,88.70899519400858,89.7130126953125,1946000
2013-05-22,89.59438665447668,90.69326727526143,89.27816067024524,89.6339111328125,2524300
2013-05-23,89.12009905088239,90.2822206738791,88.42440030178192,89.48375701904297,2225200
2013-05-24,88.92246300722542,90.66960521890734,88.74063099808542,90.43243408203124,1769800
2013-05-28,90.99369966987904,91.52337484774696,90.1477984347058,90.7802505493164,2693700
2013-05-29,90.54308071467072,90.63795034258976,89.12797376364172,89.29399108886719,1834000
2013-05-30,90.34544772526708,91.30202726850776,88.44019594965029,88.4480972290039,3459400
2013-05-31,88.63786209933194,89.12800694729218,86.66935729980469,86.66935729980469,3537200
2013-06-03,86.89862302789024,87.79196245626498,85.8313649270434,87.65756225585938,2341400
2013-06-04,87.64173736728468,88.39276914230877,86.88279828040965,87.48362731933594,1855200
2013-06-05,87.056724772928,87.4282839965302,86.07642315430446,86.3056869506836,2018400
2013-06-06,86.59816458963786,87.85515530914456,86.47167177102835,87.82353210449219,2186800
2013-06-07,87.94215528958868,88.50345384173919,87.09625380514886,87.4203872680664,2013400
2013-06-10,87.69708290278841,87.77613793254613,86.67725673383097,87.2069320678711,1563900
2013-06-11,86.76420435613338,87.75240713923284,86.58237239017818,86.97765350341797,1066300
2013-06-12,87.55477622756014,87.61011534824937,86.25825451583098,86.48751831054688,1320200
2013-06-13,86.30570119058501,87.86311018161544,86.1871156168214,87.65756225585938,1230500
2013-06-14,87.25436642214599,88.24256933338549,87.2227432052049,87.7524185180664,1318000
2013-06-17,88.3453319169206,88.93825360763819,87.70497842102924,88.30580139160156,1441700
2013-06-18,88.17931486099748,88.70108281418091,87.91052055725768,88.61412048339844,1250200
2013-06-19,88.72479279878367,89.00938962395568,87.07251476795925,87.11204528808594,1458600
2013-06-20,86.74837640539856,86.74837640539856,84.89055076258292,85.03285217285156,2211900
2013-06-21,85.68902157166049,86.62979235721441,85.30164784940706,85.89456939697266,3111500
2013-06-24,84.95381264024033,87.43617744678542,84.93800405022571,86.67723846435547,1832300
2013-06-25,87.49944217786584,87.49944217786584,86.36103045026921,87.15950012207031,1607800
2013-06-26,87.31760881766078,88.12398578928554,87.04091320250015,87.89472198486328,1539200
2013-06-27,88.20306273522165,88.8197005540968,87.94217564830875,88.13981628417969,922200
2013-06-28,87.91841964171343,88.71688913531254,87.3729298053968,87.41246032714844,1853600
2013-07-01,88.1872433297878,88.39278522321214,87.21484886661572,87.30181121826172,1112700
2013-07-02,87.45991015772299,88.44021180935177,87.317608694197,87.63383483886719,1279700
2013-07-03,87.30180182665563,87.98168594010515,87.00929158153967,87.6812744140625,752200
2013-07-05,88.7327228030002,88.78806193018613,87.52316328628444,88.35325622558594,1366700
2013-07-08,88.8117491036279,89.30980711867461,88.59829997682971,89.03311157226562,1525200
2013-07-09,89.40468923103619,89.8078777001614,89.1359009392939,89.61023712158203,1360800
2013-07-10,89.71299510375145,90.15570797602918,89.57859495480098,89.8473892211914,1274300
2013-07-11,90.78814774726769,91.65777087364808,90.39286670128024,91.61824035644533,1549900
2013-07-12,91.2862383704975,92.40092818242404,91.07278315168432,92.0688934326172,2233300
2013-07-15,91.70520266908336,91.8949358823345,91.00951019948911,91.61824035644533,1156500
2013-07-16,91.83959608010257,92.29021622784768,91.34945144696478,92.12419891357422,1295200
2013-07-17,92.46416238981216,93.04917678088005,91.9819189225162,92.81201171875,1276900
2013-07-18,92.76458464569332,92.97013254860067,92.02146012697186,92.54322814941406,1180700
2013-07-19,92.95429343399717,93.39700628119236,92.15582402186848,93.34166717529295,1639200
2013-07-22,93.9345892378662,93.94249654775278,93.00963302097335,93.32585906982422,1158000
2013-07-23,93.5788606172474,94.19549823958243,93.51561418636388,94.15596771240234,1079600
2013-07-24,94.07690021910405,94.38521898940208,92.6934163923525,93.20728302001952,1726900
2013-07-25,92.56692148961568,93.03335630579453,92.2269855471352,92.85152435302734,1352200
2013-07-26,92.31395568703576,92.49578766708404,91.34156745074624,92.15584564208984,1863100
2013-07-29,92.08470021421743,93.04918116271692,91.89496091776452,92.6064682006836,1198100
2013-07-30,93.15983808618756,93.53140325066248,92.31393685214242,92.4404296875,1162500
2013-07-31,92.93061969248882,93.36542542708116,92.47209201759834,92.82784271240234,1925200
2013-08-01,93.34167324784993,93.7606702242771,93.00963859085223,93.55512237548828,1255700
2013-08-02,93.52352906291596,94.47220147685697,93.22311150767536,94.3694305419922,1503600
2013-08-05,94.43269298697834,95.02561489195688,94.02951043428266,94.92284393310548,1336700
2013-08-06,94.26662775320848,94.8042102489186,94.09270311760956,94.47217559814452,1308500
2013-08-07,94.44047870636908,94.7337436290608,93.8935701034278,94.59107208251952,1297600
2013-08-08,93.57653940082471,94.25026997241054,92.00715813669612,93.04548645019533,2372700
2013-08-09,92.62539024898544,92.93451095302773,91.4443904810496,91.65046691894533,1676800
2013-08-12,91.6187794214884,92.11020512163093,91.16698706951222,91.72975158691406,1596800
2013-08-13,92.2132387442458,92.22116662292214,90.95297815868967,91.66633605957033,1230300
2013-08-14,91.27000183706426,91.34926246056224,90.03351313114338,90.18411254882812,1656500
2013-08-15,89.1378720744017,89.39150974195728,88.38488694962078,88.60681915283203,1656600
2013-08-16,88.59094836131607,89.17749028133906,88.49583803162432,88.6939926147461,1651000
2013-08-19,88.69401360516366,89.51833759169938,88.61475296259664,88.83668518066406,1259500
2013-08-20,88.96348657101194,89.79573830098752,88.85252047997498,89.43905639648438,1448500
2013-08-21,89.27263015562725,89.46286297236387,88.65438861923322,88.7415771484375,1329300
2013-08-22,88.81289995340369,89.23298676535475,88.69400597618008,88.96349334716797,998500
2013-08-23,89.24091648628288,89.95427436549846,88.50378706615945,89.62137603759766,1444900
2013-08-26,89.56586829798081,89.66098467139463,88.64642816324042,88.67021179199219,1031500
2013-08-27,88.16296307427322,88.67023845730156,88.00443573757713,88.51171112060547,1415500
2013-08-28,88.55132843869754,88.55132843869754,87.47336693307456,87.55262756347656,1648900
2013-08-29,87.41789291483234,88.68608127382727,87.33863227624498,88.2897720336914,1388000
2013-08-30,88.56716754232778,88.9238494072313,88.09952564590475,88.67021179199219,1207700
2013-09-03,89.4152767963486,89.66891443402866,88.41658199953243,88.75740814208984,1204600
2013-09-04,88.76535744325419,88.99521756841438,88.25808201090071,88.3769760131836,1397900
2013-09-05,89.56589325251225,91.23039094422523,89.56589325251225,90.84993743896484,2564100
2013-09-06,90.59630562189795,91.15906408498412,89.66101546067871,90.63593292236328,2232000
2013-09-09,90.4932454642572,91.52365185081877,90.30301873267,91.42853546142578,1262000
2013-09-10,91.82482515387746,93.1802016667228,91.57118754996247,92.98997497558594,1665400
2013-09-11,93.18815323158825,94.59108526205188,93.13267018060264,94.5197525024414,1808600
2013-09-12,94.36915490030172,94.58316527770889,93.41801513706744,93.67958068847656,1371000
2013-09-13,93.9490826360882,93.98078810607132,92.66504436137176,92.7601547241211,1661000
2013-09-16,93.81434044556988,93.89360109821314,92.70467316696364,93.0137939453125,1767100
2013-09-17,92.9741514673892,93.94114094732568,92.80769626264686,93.45764923095705,990900
2013-09-18,93.27534187658222,94.36915318918844,92.70465561010974,94.0362548828125,1858800
2013-09-19,94.3770719542039,94.6941205213192,94.03624580281466,94.48011016845705,1219500
2013-09-20,94.60696234172052,94.67829511740896,93.2198797072416,93.4814453125,2587100
2013-09-23,92.79976716136204,93.66371834671432,92.77598957603288,93.18814849853516,1762600
2013-09-24,92.9899796622574,93.59237126961489,92.1973613541757,92.21321105957033,1650000
2013-09-25,92.30041496339403,92.39553135323123,91.1511206437223,91.4760971069336,2268800
2013-09-26,91.85653567283546,92.32418362135108,91.34133256071406,92.26077270507812,1039100
2013-09-27,91.63461325047172,92.1101830786587,91.48401382011978,91.7218017578125,897500
2013-09-30,91.1748768236827,91.594963530906,90.94501680427426,91.2858428955078,1829000
2013-10-01,91.2382962880069,91.28585145261908,90.8736925825183,91.15110778808594,1452200
2013-10-02,90.8499244763722,91.22245005002073,90.61213653411278,91.0084457397461,1640200
2013-10-03,90.62797244723907,91.26206949861697,90.27922451145912,90.6913833618164,1608000
2013-10-04,90.5011776353071,91.111491199736,90.38228365472511,90.70726013183594,1084900
2013-10-07,90.20792702306544,90.49327022211202,89.85125104785743,89.89088439941406,1293900
2013-10-08,89.95427857121084,90.19206655780002,88.86839501554618,88.93972778320312,2148600
2013-10-09,88.04404767644496,91.33341503491444,87.30691236983468,90.82613372802734,5852500
2013-10-10,91.13527528073604,91.912038002911,90.4615447365324,91.7059555053711,2388300
2013-10-11,91.27792794698148,91.94372442811633,90.94502365921622,91.86446380615234,1563000
2013-10-14,91.15905295118318,92.18153151462448,91.15905295118318,92.14982604980467,1195100
2013-10-15,91.75350332735826,92.03091854476683,91.36511597578804,91.43645477294922,1503100
2013-10-16,92.15775589515994,93.12475149106167,91.6425586768316,93.02171325683594,1854900
2013-10-17,92.91862777693152,94.08377137015825,92.81558354790032,93.73502349853516,2099700
2013-10-18,93.78264858481042,93.806426179334,92.44312098610636,93.24366760253906,2727100
2013-10-21,93.0613507758208,93.13268354566792,92.53821960814238,93.03756713867188,1454600
2013-10-22,92.87902477510964,94.23440151959268,92.8076859742429,93.3783721923828,1386000
2013-10-23,92.93452246217146,93.55276394681992,92.75221753985744,92.86318969726562,1183200
2013-10-24,91.57911888998306,92.57781963882454,91.29377581888548,92.13394927978516,2250100
2013-10-25,91.91993368813957,92.30831491320576,91.38095306986123,92.29246520996094,1840100
2013-10-28,92.10228132191452,93.75885738399955,92.10228132191452,93.0137939453125,1802400
2013-10-29,93.26740664193407,94.31366269887424,93.02962474779224,94.1234359741211,1881000
2013-10-30,93.99662916416312,94.24234502211183,92.90281776284134,93.33876037597656,1108600
2013-10-31,93.41801034198814,94.00454629763615,93.10888963244398,93.52897644042967,1587700
2013-11-01,94.09173312468076,94.95569035815406,93.96491732039034,94.81301879882812,2185100
2013-11-04,95.11421015032836,95.43125872693584,94.52767421428362,95.38369750976562,1588900
2013-11-05,95.23308750251076,95.45501965324512,94.40083589005934,95.21723175048828,1419700
2013-11-06,95.4629615830654,98.72854550553194,95.36784519852034,98.34016418457033,3059000
2013-11-07,98.87121160422652,98.87121160422652,97.10367606446462,97.31768035888672,2459500
2013-11-08,96.86588813981952,97.40486886144338,96.001937038192,97.31768035888672,2314300
2013-11-11,97.28600233655816,98.02313785421354,96.778726931634,97.5079345703125,1275700
2013-11-12,96.39034041895007,97.27807535416406,96.31900160633492,97.05613708496094,1588000
2013-11-13,96.87336600255809,97.87459564208984,96.62702652969648,97.87459564208984,1679300
2013-11-14,98.04942579179304,98.58182660281167,97.620324730472,98.32754516601562,1488000
2013-11-15,98.26397256333732,99.08244069201096,98.0494190162294,98.76458740234376,1784200
2013-11-18,99.05861851301694,99.05861851301694,97.6759573924134,97.9858627319336,1327600
2013-11-19,98.1686061330271,98.61359706193794,97.83486293634397,98.24011993408205,1233600
2013-11-20,98.53412957627712,98.70100116498944,97.28656059753096,97.54878997802734,1135900
2013-11-21,97.69974697932996,98.6930343868569,97.1911843116798,98.44670104980467,1164200
2013-11-22,98.74074737349396,99.60689135536587,98.53414183020772,99.49564361572266,1502000
2013-11-25,99.86118997336936,100.21877725172558,99.24932729991932,99.46387481689452,1391900
2013-11-26,99.49562442970064,100.2187406604883,99.3605387808324,99.47178649902344,1597700
2013-11-27,99.84529086450556,100.03600042458456,99.48770361899132,99.6307373046875,873400
2013-11-29,99.8850110427511,100.147240456747,99.44002008267113,99.67046356201172,725400
2013-12-02,99.85325699445411,99.87709493597372,98.0971185102262,98.28783416748048,1444900
2013-12-03,98.31163622554932,98.5102937491016,97.71566365489257,98.39109802246094,1767900
2013-12-04,97.94611118903322,98.8996649167796,97.23094286195006,97.71566772460938,1644000
2013-12-05,96.54753778395448,97.2229720209628,95.7529078433458,96.11048889160156,3329000
2013-12-06,96.94488546782205,97.0640812116444,96.1661451957236,96.99256134033205,1734800
2013-12-09,97.59647331298652,97.61236324822694,96.45220397417734,96.6747055053711,2192500
2013-12-10,96.3012389970087,96.53168248997794,95.33178915160268,95.38741302490234,3163300
2013-12-11,93.84582216530158,95.59401218243345,92.94789225284032,94.21929931640624,6113600
2013-12-12,94.17956277580124,94.87884118831629,93.84581956758105,93.94117736816406,2023600
2013-12-13,94.56893908937458,94.60072502396932,93.29753201831976,93.6948471069336,1722600
2013-12-16,93.70279317927424,94.481533454848,93.39288788148146,93.76636505126952,2069500
2013-12-17,93.90145747535198,94.05243916654584,92.98763145307753,93.4087905883789,1722800
2013-12-18,93.59154630210722,94.24314283973042,92.05790973565234,94.16368103027344,3167600
2013-12-19,93.63921186044423,94.11599478976105,93.17038299250864,93.75840759277344,2339400
2013-12-20,93.52002123524504,94.60071868890807,93.52002123524504,94.18750762939452,3007000
2013-12-23,94.64046199952656,94.66429993712902,93.86966968345952,94.31466674804688,1181600
2013-12-24,94.31466674804688,94.4418044361092,93.90940362116208,94.31466674804688,612500
2013-12-26,94.30670170395896,94.64839289378492,94.23518184152968,94.2669677734375,1169900
2013-12-27,94.45768502408364,94.80731815611811,93.96501216467804,94.18750762939452,995100
2013-12-30,94.52129147780464,94.8550408809637,94.21933408333145,94.37825775146484,812800
2013-12-31,94.7119807871946,95.12518584683644,94.3305556022926,94.57688903808594,1181700
2014-01-02,94.3305400185522,94.79937493790464,93.55974783867468,93.61537170410156,1618400
2014-01-03,93.93324498953795,94.0524407444514,93.0750428292189,93.20218658447266,1293500
2014-01-06,93.3610855809896,93.56769109748642,92.08967867667528,92.49494171142578,2120200
2014-01-07,92.48699464775078,92.6220803065172,91.68441656838296,92.06584167480467,2292500
2014-01-08,92.20888340822528,92.20888340822528,90.5242653063433,90.62757110595705,4600000
2014-01-09,92.33600845171298,94.64043678593065,90.62755871151774,94.1716079711914,5759400
2014-01-10,93.92529803944488,94.28288530818357,92.70157272545772,93.64717864990234,2790200
2014-01-13,93.01937982307965,93.39285686884853,91.04870094600123,91.19967651367188,3164200
2014-01-14,91.5414042730285,92.83665548741516,91.47783845924675,92.35987854003906,2320600
2014-01-15,92.23271219436316,92.72538502141208,91.58111577796754,92.3677978515625,1847500
2014-01-16,92.52675505290878,92.5505929921538,91.62087698630926,91.82747650146484,1938200
2014-01-17,91.85925021720652,92.66182841942576,91.72416453776242,92.40754699707033,2708100
2014-01-21,91.86719968004392,92.26451478771212,91.25533101920834,91.32685089111328,2110800
2014-01-22,91.39039562780124,91.5095913372197,90.34148429750088,90.38916015625,2501600
2014-01-23,90.19053133996918,90.21436927692368,89.31643929720146,89.63429260253906,2162300
2014-01-24,89.54685697056047,89.6898906135903,88.93498847327623,89.10186004638672,3183100
2014-01-27,89.44356992276758,90.3732918284506,89.0224169030161,89.85678100585938,3784900
2014-01-28,90.21437413367254,91.19177203925868,90.14286031895904,90.88980865478516,2362100
2014-01-29,90.6275774407682,90.73882518463074,89.0859929007482,89.18135070800781,2356000
2014-01-30,89.59455662377003,90.18258128458572,89.07009777253495,89.57866668701172,1625800
2014-01-31,88.43437594012158,90.01568798753733,88.30723222648717,89.28462982177734,2143600
2014-02-03,89.76142382129335,89.7932097557922,87.4490531650625,87.55235290527344,3111900
2014-02-04,87.98940132688286,88.46617821602266,87.01200355098126,88.11653900146484,2529600
2014-02-05,87.58413934517091,88.04502630424315,87.25039612482777,87.81458282470703,2374200
2014-02-06,89.80116109703597,91.04873027544596,89.7932130974787,90.79444885253906,3738900
2014-02-07,90.65139194560366,91.07254487601722,90.0951473075203,90.6196060180664,2194100
2014-02-10,90.61964014428898,90.66731602227613,89.4594806337335,90.46865844726562,1871700
2014-02-11,90.51631583502896,91.50165544229174,90.19051459036308,91.37451171875,1768900
2014-02-12,91.53387786880675,91.97210831249326,91.07175113056994,91.47810363769533,1737700
2014-02-13,90.94423879037046,92.37047211407122,90.94423879037046,92.2748565673828,1583300
2014-02-14,91.75698352812098,92.816693949912,91.23110698047552,92.50595092773438,1517900
2014-02-18,92.66530184099692,92.75294792434556,91.56574409678124,91.91632843017578,2056500
2014-02-19,91.7171229557872,91.86851273241786,91.0478262244664,91.55776977539062,1802600
2014-02-20,91.28688747305296,92.0677328636954,90.73710851352983,91.67730712890624,1837100
2014-02-21,91.9482113581162,92.01991848279911,89.97219862140034,90.18733215332033,3654300
2014-02-24,90.40242550096706,91.47807451795929,90.195261531812,90.78488159179688,2281900
2014-02-25,90.83269179063002,92.33860172084418,90.83269179063002,91.99598693847656,1920800
2014-02-26,92.02789202813184,93.0876086074004,91.92431303937424,92.3306655883789,1924500
2014-02-27,92.4501955489387,92.76093863448804,91.85261175689202,92.6015853881836,1374400
2014-02-28,92.82467713879424,93.59755310562689,92.33864186231054,93.06371307373048,2103000
2014-03-03,92.60156804433426,93.27882833268542,91.71714371143888,92.22708129882812,1667000
2014-03-04,92.91230386360868,93.15133974868743,92.3067507459615,92.94417572021484,1808300
2014-03-05,92.88044260234796,93.18321615624292,92.27488941562224,92.80076599121094,2305700
2014-03-06,90.15544931471986,91.34264706173352,89.45428064888505,90.24309539794922,8921900
2014-03-07,90.67334676557527,90.84066943074411,90.14747032167242,90.43431091308594,2905600
2014-03-10,90.20325140807664,91.30280303955078,90.03592873017416,91.30280303955078,2319100
2014-03-11,91.27890430111393,91.4302940971658,90.76896676370598,91.39842224121094,2201800
2014-03-12,91.14344852120502,92.12348828203862,91.03190007089026,91.79680633544922,2173400
2014-03-13,92.15537373539254,92.25895271770268,90.98410875531232,91.1594009399414,2519600
2014-03-14,91.58965278837772,91.58965278837772,90.29887597897182,90.3944854736328,2290000
2014-03-17,90.9442676361366,91.19923642924329,90.3466839573926,90.40245819091795,2189200
2014-03-18,90.75303714189268,90.92832931648668,90.05186844351663,90.71319580078124,2501000
2014-03-19,90.46617586616397,91.0318875230496,89.60565415754903,89.91639709472656,1635600
2014-03-20,89.68535744937284,90.21123400976778,89.34274256034041,90.1634292602539,1408200
2014-03-21,91.15937544359647,91.2948262469491,90.27495136228538,90.6972427368164,4442300
2014-03-24,90.82475579157224,90.83272527659332,89.9483008862695,90.33075714111328,2501700
2014-03-25,90.68930854896804,91.199246189757,90.66540617188984,90.7769546508789,2199400
2014-03-26,91.05582683975231,91.20721666814416,89.60569051816937,89.62959289550781,1905900
2014-03-27,89.6375329304094,89.98811722668508,89.09572359931711,89.26304626464844,2039500
2014-03-28,89.51802689736252,89.86861124021662,88.56189551731411,88.96825408935547,2795500
2014-03-31,89.1913482867739,89.46224994058531,88.89653818209541,88.98418426513672,2119500
2014-04-01,89.40648040499815,89.67738815196121,88.84873810086124,89.12760925292969,2566200
2014-04-02,89.15951701632815,89.24716313926568,88.39461037164054,88.88064575195312,3296800
2014-04-03,89.03197866337445,89.35866058564663,88.66546148548912,89.00010681152344,2328900
2014-04-04,89.19929036872604,89.23913169837904,88.14754370258105,88.16348266601562,2716200
2014-04-07,88.22725018629482,88.5459565938469,87.93244007248057,88.27505493164062,3119400
2014-04-08,88.09179091770184,89.82876753966944,87.9483706065693,89.76502990722656,3863900
2014-04-09,89.81282167545154,90.14746699343416,89.3267865845527,90.07575988769533,2899600
2014-04-10,90.92833048109463,91.18329926224196,89.19135375986119,89.30290222167969,3305100
2014-04-11,88.79296465938502,89.8606445307722,88.76109280187471,89.30290222167969,3097800
2014-04-14,89.62957428222298,90.03593284939727,88.8646679715587,89.68534851074219,2519000
2014-04-15,89.70130015539792,90.00407371315842,88.8009368091409,89.28697204589844,2123700
2014-04-16,89.87658823006342,90.54587903620563,89.4542906550235,90.42636108398438,2455000
2014-04-17,90.45024379974924,90.85660231740744,90.13153743500912,90.43431091308594,1659000
2014-04-21,90.44228026126268,90.9123764038086,90.35463418740932,90.9123764038086,1826800
2014-04-22,90.83273163503384,91.01599332973126,90.44231194677492,90.48214721679688,2315100
2014-04-23,90.41836575986667,91.62149610508745,90.29884784983632,91.46214294433594,1991200
2014-04-24,91.54981000669603,91.87648588485162,90.9442569148546,91.65338897705078,1939300
2014-04-25,91.50997137650424,91.8685251994554,90.99206435153144,91.63745880126952,1721200
2014-04-28,91.70917447955772,92.91231132761946,91.70917447955772,92.09959411621094,3018800
2014-04-29,91.93227270064789,92.3864360619866,91.75698659118338,91.94821166992188,1580300
2014-04-30,91.66136523164336,92.23504651061482,91.43826830736228,92.17130279541016,1633800
2014-05-01,92.17128388815416,92.42625261773536,91.5816698407977,92.07566833496094,1168000
2014-05-02,92.5378245658072,92.5378245658072,91.67730260525865,91.74901580810548,1321100
2014-05-05,91.67726957556177,91.67726957556177,90.77691267464589,91.22310638427734,1398000
2014-05-06,91.05582354494273,91.22314625919364,89.85268660464031,89.90049743652344,1945300
2014-05-07,89.90048873114853,90.1076466931502,88.9284183224461,89.22322845458984,2950600
2014-05-08,90.0996598405616,91.48605189141392,90.01201377216361,91.41434478759766,2556900
2014-05-09,91.27091786569513,92.16330529151308,91.07172337544168,91.9402084350586,1954600
2014-05-12,92.25099076678768,93.1513541379212,92.09163753807634,92.8326416015625,1940500
2014-05-13,92.68123574630172,92.90433265947894,92.49001068914052,92.65733337402344,1229400
2014-05-14,92.493520454813,92.78922727194852,91.79819845962956,92.01398468017578,1255300
2014-05-15,91.71823856789128,91.75020801234037,90.80713074251058,91.39055633544922,1883200
2014-05-16,91.5743819751888,92.56541039385368,91.39855307400428,92.39757537841795,2145300
2014-05-19,91.98202331299464,93.14888729653136,91.8062004240526,93.0050277709961,2212800
2014-05-20,92.54147159325645,92.79722116087264,91.89410683406714,92.01398468017578,2126900
2014-05-21,91.98999905696562,92.1658280087754,91.23873821407383,91.52645111083984,1712700
2014-05-22,91.53442004327052,91.91005341108006,91.4305239171406,91.69426727294922,1059900
2014-05-23,91.966010091956,92.02994899194438,91.51844998713555,91.86211395263672,1100300
2014-05-27,91.91004905874098,92.08587795428711,90.80713066515338,91.0069351196289,2583900
2014-05-28,91.11086270462174,91.87011745480686,91.07889324915972,91.30267333984376,2388800
2014-05-29,91.57439037858452,92.06191379568024,90.71922745143364,91.22273254394533,2976700
2014-05-30,91.59836380770984,92.7812028825116,91.11883428826184,92.72525787353516,2622400
2014-06-02,92.5814239744024,92.82119184911288,92.34166219724229,92.45355224609376,1082100
2014-06-03,92.28570327784092,92.70928784150884,92.1258560195845,92.3176727294922,1127400
2014-06-04,92.14183168147922,93.10089071474468,92.12584390898056,92.95703125,1293000
2014-06-05,93.50850429656398,94.25977115409404,93.28472423624848,94.10791778564452,2614300
2014-06-06,94.05995299093424,94.4995191605286,93.97203853750568,94.49153137207033,1664800
2014-06-09,94.47553799177952,94.98703690997374,93.88411851090774,94.13187408447266,1623100
2014-06-10,93.80422459985492,94.09194358527928,93.42859114124256,93.58843231201172,1089100
2014-06-11,93.07692909722536,93.4605564265312,92.69330786546904,92.9011001586914,1117100
2014-06-12,92.813167294152,93.05293508964066,91.96599831917592,92.26171112060548,1423400
2014-06-13,92.4695389543149,92.4695389543149,91.64634522261848,92.1498565673828,1230000
2014-06-16,92.16581630918084,92.27770633748364,91.87010346435235,92.25373077392578,1503100
2014-06-17,92.22974948847312,92.54144399048634,92.02195112128138,92.26970672607422,1505800
2014-06-18,92.43754676959608,92.98100909693736,91.9660050300722,92.92506408691406,2113100
2014-06-19,93.16483171222266,93.1728255986524,92.53344883034664,92.91707611083984,1635800
2014-06-20,93.22878403943096,93.22878403943096,91.98199977137344,92.19779205322266,2958000
2014-06-23,92.06989632218732,92.1658046618477,91.51844013739849,92.08588409423828,1501600
2014-06-24,92.33364226862258,93.11687848724333,91.9739966555352,92.95703125,1906600
2014-06-25,92.70927793326672,93.06892355519524,92.45352844493895,92.92506408691406,1188700
2014-06-26,92.9011147467776,93.1089131701797,92.13386606523584,92.4215850830078,1252100
2014-06-27,92.4135639077508,92.50947225120652,91.9180527104347,92.30167388916016,2477300
2014-06-30,92.4055805000247,92.78120781021732,91.989983756228,92.0379409790039,1386600
2014-07-01,92.34163168658556,92.46950337264408,91.83013274725492,92.26171112060548,1501700
2014-07-02,92.10988953098108,92.63737642388293,92.10988953098108,92.5094985961914,1122200
2014-07-03,92.59739095943428,93.18081664064916,92.54943983427935,92.98900604248048,976000
2014-07-07,92.97302074186592,93.1008924364767,92.61336902457876,92.96502685546876,1576900
2014-07-08,93.068924967869,94.0279901368171,92.7971938000738,93.87613677978516,2584200
2014-07-09,93.96033092346994,94.58560985867254,93.88016805516816,94.5294952392578,2328100
2014-07-10,94.19276946241844,95.10663924706913,94.19276946241844,94.65772247314452,2266400
2014-07-11,94.69783178206258,94.7940308862142,93.86412456085168,94.60163879394533,1684700
2014-07-14,94.76195219018965,94.98641062130832,94.03246228905392,94.08055877685548,1695500
2014-07-15,94.72187133051791,94.79401606032232,93.93626072623604,94.44931030273438,2634200
2014-07-16,94.6657502156777,94.94632936206509,94.32105057555232,94.47335815429688,1531200
2014-07-17,94.07253591921898,94.22484961096454,93.45527526472893,93.62361907958984,1433300
2014-07-18,94.04847476999834,94.43326494832696,93.4793106789956,94.38516235351562,2148600
2014-07-21,94.13667505284884,94.52146531018091,93.67974006253591,93.82403564453124,1334400
2014-07-22,94.01644080691656,94.62568958418254,93.87214520482816,94.2328872680664,1769000
2014-07-23,94.12063364703646,94.4012066572765,94.00839832690752,94.26492309570312,1155200
2014-07-24,94.19279145559472,94.8180702841388,94.16072509053684,94.70584106445312,1347700
2014-07-25,94.5615568463578,94.6176714629458,93.8480969571525,94.2328872680664,1543700
2014-07-28,94.1446854841595,94.32104741619844,93.63964793040552,93.8881607055664,1402600
2014-07-29,95.33912697735283,95.8762247688248,95.0184694799254,95.31507873535156,2544900
2014-07-30,95.226908773639,95.45136721296332,94.14469494630602,94.73790740966795,2024900
2014-07-31,94.22482299804688,94.86613171409496,94.01639476021629,94.22482299804688,2476800
2014-08-01,94.43327177213658,94.85814034147144,94.1607107686183,94.49739837646484,2089500
2014-08-04,94.23288390305916,94.89824115711907,93.8801599736532,94.7138671875,1683800
2014-08-05,94.1928002236146,94.75394637427772,94.02445637841568,94.63370513916016,1798600
2014-08-06,94.55351203533796,96.1728295701352,94.4332708309004,95.86820220947266,2859800
2014-08-07,94.76996092877862,95.39523967243603,94.16873042664142,94.43327331542967,2698200
2014-08-08,94.56152612838204,95.71589057009808,94.4412788130312,95.52349853515624,2319900
2014-08-11,95.71590509232372,95.80408606255784,95.15475290755808,95.53954315185548,1227600
2014-08-12,95.2108763381368,95.61169674324412,95.03452049735816,95.4032745361328,1082100
2014-08-13,95.39523479230286,95.475397631947,94.7940043209228,95.1066436767578,1449700
2014-08-14,95.00243770915677,95.61168021606336,94.84210590520794,95.60366821289062,1067900
2014-08-15,96.12475425391769,96.15681450480513,94.41725538253957,95.05055236816406,2019900
2014-08-18,95.3952383406648,95.94035423296704,95.3551538613354,95.76399230957033,1232900
2014-08-19,95.69986939591716,96.79811941213748,95.5876401815336,96.6858901977539,1708900
2014-08-20,96.55764665394726,97.18293171087096,96.2690554326086,96.92640686035156,1287200
2014-08-21,96.83018876004064,97.70397425839089,96.77407415111936,97.49555206298828,1544300
2014-08-22,97.72000413179929,97.84826346553398,97.11877359708689,97.2310028076172,1401400
2014-08-25,97.63183001624309,97.80017384385351,97.09473216871918,97.31117248535156,1097300
2014-08-26,97.34320915207464,97.47146845568102,96.88627429766926,97.07064819335938,1385400
2014-08-27,97.46348664127996,97.46348664127996,96.86225606157876,97.19092559814452,1028200
2014-08-28,97.00653840636362,97.19893045312185,96.75802564176668,96.97447204589844,799400
2014-08-29,97.5436587623234,97.5436587623234,96.66185505152754,97.06267547607422,1047300
2014-09-02,96.99853945669872,97.50357097275884,96.91837659770992,97.44745635986328,1469900
2014-09-03,97.55966388341176,97.75206204142664,97.08669883936552,97.27909088134766,1901000
2014-09-04,98.60180395095948,100.3413627641976,98.24908009351654,100.32533264160156,4440300
2014-09-05,100.23715777204184,101.83242111478168,99.97261486287442,101.81639099121094,2910600
2014-09-08,101.84844336515847,102.06488364181811,101.21514654051587,101.48770141601562,2057400
2014-09-09,101.11897317294157,101.39954623847564,100.79831561974513,101.0949249267578,1500500
2014-09-10,101.25522694164016,101.39952250099748,100.9025092201255,101.14299774169922,1014900
2014-09-11,101.1350182865664,101.43162150356468,100.71816159603172,100.95865631103516,1511200
2014-09-12,101.20712763556264,101.20712763556264,100.22110698813808,100.5016860961914,1598300
2014-09-15,100.66200939227151,101.43158363048616,100.56581031898251,100.77423858642578,1615300
2014-09-16,100.68606955896412,101.64002393831431,100.62193683584093,101.35143280029295,1684400
2014-09-17,101.03079300399114,101.45566166607276,100.74220181540092,101.01476287841795,1594000
2014-09-18,101.17508645307878,101.64805771391984,100.97467624947564,101.39153289794922,1401500
2014-09-19,102.04086690541796,102.04086690541796,101.38352163775969,101.4075698852539,3018500
2014-09-22,101.3033625883414,101.40757370341828,100.67006554433266,100.87047576904295,1453700
2014-09-23,100.97467328741963,100.99872153258111,100.37344269424716,100.61393737792967,1563100
2014-09-24,101.0788815209462,102.43365637625864,100.6700491327315,102.3053970336914,2076300
2014-09-25,102.16910041610934,102.24926937552064,100.6860664074943,100.73416900634766,1819900
2014-09-26,100.53376650736114,100.7421886928342,99.70807142109464,100.63797760009766,2045300
2014-09-29,100.22914758112458,100.6860825894547,100.02873738245287,100.4616241455078,1171000
2014-09-30,100.09287011387596,100.6860825894547,100.02071926201651,100.4616241455078,1665300
2014-10-01,100.40550520185148,100.75021097333352,99.76419014736231,100.01270294189452,1408700
2014-10-02,100.19708667731152,101.17508947870728,100.0608092026342,100.8384017944336,1545800
2014-10-03,101.1670563015471,102.32943901383383,101.01474872382448,101.8805160522461,1770300
2014-10-06,102.25730085693148,102.34548183625456,100.9506285244695,101.17508697509766,1907500
2014-10-07,100.48569494063923,100.87048529949408,100.00471157909712,100.42156219482422,2334100
2014-10-08,102.7703446866042,103.37157526655557,101.93664366451468,103.1952133178711,4262500
2014-10-09,102.78637648807296,104.80651457444586,102.76232824447884,102.93869018554688,2962700
2014-10-10,102.81843996342909,105.34361570868822,102.81843996342909,103.33148956298828,3353000
2014-10-13,103.06695470908264,103.29141313531277,101.72019191963508,101.7843246459961,2445200
2014-10-14,102.2091966383528,102.59398689322256,100.42153505707428,101.20714569091795,4003500
2014-10-15,100.28526037049576,100.76624361536432,98.82627439530869,99.64395141601562,3784300
2014-10-16,98.34527389076968,99.2831919710631,97.84024248969618,98.56171417236328,3542900
2014-10-17,99.21903673605308,100.80628753299416,98.74607180181198,99.92448425292967,3198900
2014-10-20,100.06881376560996,103.3074369317899,99.9245181896092,102.94670104980467,3499800
2014-10-21,103.3635485925956,104.73434727037764,102.74628185980498,104.437744140625,2105600
2014-10-22,104.6622078087988,105.48789675102783,104.46982186936918,104.64617156982422,1880000
2014-10-23,105.03898027493858,105.39971614466724,104.49387046860488,104.6862564086914,1763600
2014-10-24,103.0749574063991,104.6461662481483,103.05892116824,104.56600952148438,2490300
2014-10-27,103.6040701366188,105.22337588215072,103.6040701366188,104.95082092285156,1629600
2014-10-28,104.9908893262804,105.41575794246414,104.34156228011534,105.0630340576172,1439700
2014-10-29,105.24742548607578,105.8165958915422,104.95883428072518,105.7604751586914,1705800
2014-10-30,105.41574128229816,106.8667088439583,105.2794638450662,106.61820220947266,1302100
2014-10-31,107.78057586423068,107.82066034051,106.3857290534028,106.91480255126952,2373900
2014-11-03,107.27556326833589,107.65232314005212,106.91481517130474,107.63629913330078,1947000
2014-11-04,107.90884266904445,109.60030484021766,107.41182940663592,109.46402740478516,2802500
2014-11-05,110.21757116829107,110.47408980117844,109.04717050305987,109.42394256591795,2116800
2014-11-06,110.13740625779816,110.36186465683816,109.50411553880642,109.89691162109376,1685900
2014-11-07,109.86485800039166,110.5542694767332,109.43998941716484,110.3939437866211,1589400
2014-11-10,110.50617224336251,110.53823248834104,109.00709585921378,110.3779067993164,1958000
2014-11-11,110.4500548215057,110.58633227284784,109.5522211505145,109.86486053466795,1495500
2014-11-12,109.86884477186187,110.3912716670729,109.42679501863104,110.0295867919922,1910200
2014-11-13,110.62437830097394,111.52454368958487,110.38325906792926,111.48436737060548,2235900
2014-11-14,111.66116456598384,111.66116456598384,110.96997496742644,111.29949188232422,1598600
2014-11-17,110.27880241132888,111.31559934852343,110.27880241132888,111.29148864746094,1228100
2014-11-18,111.29950413068649,111.9907060691422,110.94586421838346,111.88623046875,1574600
2014-11-19,111.78974404968778,112.63365501020176,111.78974404968778,112.52916717529295,1362600
2014-11-20,111.76565623126884,112.52919020366988,111.733512725243,111.91836547851562,1518300
2014-11-21,113.1641492350648,113.18825993295998,111.90229881399112,112.29612731933594,1849200
2014-11-24,111.98265442218892,112.5131142014186,111.87013376573096,112.36040496826172,1645800
2014-11-25,112.60153311391144,112.80246374954382,111.50846996551806,111.61294555664062,1865800
2014-11-26,112.11931316669173,113.2284543826603,111.7495953400906,112.32024383544922,1631900
2014-11-28,113.56601331107272,114.90822866979738,112.77032346969656,114.22505950927734,1442600
2014-12-01,115.18958510494116,115.18958510494116,113.54195051850375,114.11258697509766,1952100
2014-12-02,114.474203513205,115.21363909403162,113.93571084530248,114.98055267333984,1765400
2014-12-03,114.91626356958632,115.1734607098366,114.11254090205618,114.68318939208984,1793900
2014-12-04,115.32616829289772,115.32616829289772,114.14469500779391,114.94841766357422,1315900
2014-12-05,115.07701141687912,115.18149929332108,114.09648099608548,115.1332778930664,1198000
2014-12-08,114.9725028813268,114.9725028813268,114.0884032503735,114.3938217163086,1945100
2014-12-09,114.23312202195608,115.03684479756664,113.22846855244288,114.9645004272461,2090300
2014-12-10,116.49156041605042,118.00256289086518,112.03893016045828,112.72209930419922,4910300
2014-12-11,113.39724465596387,114.6751609392564,113.0596825583302,113.6544418334961,2401300
2014-12-12,112.51314666965152,113.61424285872448,110.77710267146936,110.81729125976562,3663400
2014-12-15,111.43614997961912,112.11931919566452,110.15823380092452,111.06644439697266,2451200
2014-12-16,111.33965786365734,111.95852751647486,109.74829102024228,110.35911560058594,2470100
2014-12-17,110.35917308192911,112.2157707435735,109.9332009891638,111.98269653320312,2428500
2014-12-18,112.66581476912202,113.77495574951172,111.95050223082931,113.77495574951172,2903400
2014-12-19,113.72676279800356,114.53048550328978,113.5901314097651,113.94377136230467,4030000
2014-12-22,114.40186540426764,115.14933375675412,114.00804920162209,115.10111236572266,1776900
2014-12-23,116.16200108748366,116.51564091664588,115.47079931152956,115.85658264160156,1459700
2014-12-24,116.18617898100749,116.43533111461797,115.4146118745904,115.4547882080078,738700
2014-12-26,115.42261924348146,115.6315827337703,114.9966471869234,115.2859878540039,1233100
2014-12-29,115.21365725870268,115.61551862024146,114.72338590707194,115.2056121826172,1356400
2014-12-30,114.93234334645469,115.80839812514576,114.93234334645469,115.326171875,1158800
2014-12-31,115.32616273791494,115.84054472228443,113.87945957442768,113.92768096923828,1477900
2015-01-02,114.02411084168722,115.05287469388313,113.17216692632178,113.81514739990234,1471000
2015-01-05,113.87950342487812,114.257254181463,112.36046758425488,112.52120971679688,1748500
2015-01-06,113.01142863085714,114.88410365039354,112.40060390575712,114.00804901123048,3185200
2015-01-07,114.61085925177228,116.08166096628494,114.41796139329172,115.9932632446289,2171600
2015-01-08,116.98987579345705,117.42389292493154,116.4915716373092,116.98987579345705,2937700
2015-01-09,116.12183831848108,116.579966089111,115.10915225306276,115.18952941894533,1727000
2015-01-12,115.39849091903857,115.8646514927983,114.22505054180422,114.54654693603516,1344800
2015-01-13,114.2893570479466,116.0655894798746,112.83462103057998,113.39722442626952,2198500
2015-01-14,112.52922490662644,112.68997927782952,111.10664437940548,111.96662139892578,2207900
2015-01-15,112.4810035008002,112.65782349805424,111.4120507042506,111.96662139892578,1819600
2015-01-16,111.74958955143224,112.48902516633152,111.09054336924044,112.29612731933594,1784800
2015-01-20,113.09985068784196,113.54190059185032,111.20306477014324,112.02286529541016,1836100
2015-01-21,111.59688952281196,112.28004638435098,111.2191389142647,111.82996368408205,1682000
2015-01-22,112.11927799477893,113.54990292643738,111.22714561480488,113.5418701171875,1897500
2015-01-23,113.79907494890264,114.37775617637132,113.22039372143396,114.16879272460938,1696800
2015-01-26,113.85535491513248,114.97252892154944,113.7830228190806,114.8600082397461,1482800
2015-01-27,114.73139605306147,114.77158463404284,113.22039370776096,113.3168487548828,1786500
2015-01-28,113.80714678845284,114.49030377055014,112.1675455037474,112.21576690673828,2016300
2015-01-29,112.64977714383704,113.07574919588,111.6451237637668,113.03556060791016,1873400
2015-01-30,115.0046431464812,115.57529148563611,113.5981288501841,114.92427825927734,5169000
2015-02-02,115.7360756233947,117.5283739161885,112.62567251544344,117.34352111816406,4797500
2015-02-03,117.6328472972734,123.68487785794449,116.35493122978,123.57235717773438,10302900
2015-02-04,122.23012234511008,126.06388220038215,122.22208953488766,125.31641387939452,11006300
2015-02-05,124.13734448244672,125.46590975900948,122.49325477205682,123.7968978881836,6986700
2015-02-06,123.89653962345815,124.51099056688602,123.0246695151997,123.47305297851562,2927400
2015-02-09,123.47300489028396,123.85497134890235,121.91195598103936,122.50979614257812,2740200
2015-02-10,122.88350881439712,123.29037223118084,122.06145770128228,123.0744857788086,1703400
2015-02-11,123.51142364831836,123.58633149831988,121.97991500127124,122.7373504638672,2295800
2015-02-12,123.1951540465126,123.51144863345924,122.2379641236159,122.98706817626952,1712200
2015-02-13,123.3783144896898,123.85275653877515,122.30459660576952,122.43777465820312,1926800
2015-02-17,122.35454359847613,122.86227384524048,121.23920590904596,122.79568481445312,1541500
2015-02-18,122.48773252097916,122.75407596718608,121.96335179488166,122.54598999023438,1541000
2015-02-19,122.27129237981842,122.7790225777701,121.9050717965346,122.0798568725586,1273700
2015-02-20,122.0798354621269,123.01205623891548,121.43892732780697,122.80397033691406,1595600
2015-02-23,123.18687631023374,123.56976002755154,122.37950184810175,123.51148986816406,1587300
2015-02-24,124.33553516957086,124.35217290307712,123.18689652964233,123.3616943359375,1844200
2015-02-25,122.93716784732496,123.68628483359514,122.51267711216217,122.7540512084961,1602700
2015-02-26,122.41274388574745,122.8622037112962,121.68859652715255,122.06314849853516,1892600
2015-02-27,122.82067255877776,122.82067255877776,121.38072106585513,122.32127380371094,3036200
2015-03-02,122.62086813428974,123.59470864514354,122.62086813428974,123.1369171142578,2108600
2015-03-03,123.13690988813411,123.30337606217216,122.07151113362464,122.66246795654295,1514300
2015-03-04,123.05363254684802,123.17016010283638,121.33900735135462,122.49596405029295,2208600
2015-03-05,125.49246128208252,126.30815453942672,124.019209399503,125.8253936767578,4471100
2015-03-06,124.26054969384978,124.97636557827089,123.32832908178634,124.46863555908205,3014900
2015-03-09,124.67677129418144,125.67559400726124,124.47701691201216,125.41755676269533,1727900
2015-03-10,124.64342263662311,124.97635491235982,123.31166813257188,123.31999969482422,2128100
2015-03-11,123.46147135803916,124.01082093142166,122.63744699796536,122.68738555908205,1734300
2015-03-12,123.5031472000712,124.5518955619003,122.68744132920432,124.38542938232422,1564000
2015-03-13,124.09408811710176,124.7766158764938,123.3116832028928,124.25223541259766,1470100
2015-03-16,124.6184415452745,125.68383996736436,124.2522084563278,124.84317779541016,2532700
2015-03-17,124.34381121847372,125.01800750955547,123.54475576573074,124.8765106201172,1972500
2015-03-18,124.85152933654746,126.20825335284866,123.3949281609544,125.62560272216795,2772500
2015-03-19,125.68385484757748,126.1000265523708,125.1178674253238,125.94187927246094,1862900
2015-03-20,126.6244227971988,127.47340403673256,126.30812819783088,127.00729370117188,5859300
2015-03-23,127.47343798791825,127.8147019675436,127.09888584712432,127.29032135009766,1665900
2015-03-24,127.30690248792696,128.37230087322902,127.25696392307694,127.46504974365234,1637000
2015-03-25,127.80634436022204,128.1476082363995,125.75877380371094,125.75877380371094,2266800
2015-03-26,124.28555547776008,125.4924511870674,124.16069631438334,124.90148162841795,1554800
2015-03-27,125.02631683001702,125.86697915319225,124.8681695403828,125.2427215576172,1329900
2015-03-30,125.608988820817,127.00732011834812,125.51743050724842,126.82420349121094,1463800
2015-03-31,126.38303800133323,127.34855954009709,125.89195836888682,126.10004425048828,1886100
2015-04-01,126.37477722170432,126.40806538981631,124.60188063143691,125.05135345458984,1795000
2015-04-02,125.2427152801083,126.51619969520664,125.151156995991,126.20823669433594,1095300
2015-04-06,125.99182847986825,127.21537441128376,125.35093314478662,126.93238067626952,1767600
2015-04-07,126.95737234394736,127.30695514303804,126.28317603851846,126.33311462402344,1391700
2015-04-08,126.70770139949651,127.073934727523,125.84206937916429,126.51626586914062,1483000
2015-04-09,125.32597866336062,125.6838803057131,123.41158589342749,123.86104583740234,3401800
2015-04-10,124.35221189518754,124.876592777939,123.70298446919232,124.5519790649414,1572900
2015-04-13,124.38544862504908,125.13455289930728,123.96094519581968,124.0358657836914,1120200
2015-04-14,124.01918890639531,124.93477189129528,122.95379017881427,124.45201110839844,1540800
2015-04-15,124.50197485481252,125.40922645924272,124.06083370034438,124.07748413085938,1404700
2015-04-16,123.81942967326896,123.93595726953798,122.27960162975364,122.4460678100586,2680600
2015-04-17,122.00491508820788,122.12976153639812,119.10836318520622,120.3319091796875,4369300
2015-04-20,122.0632062300742,122.56261756182256,121.31410193300944,121.78021240234376,2881900
2015-04-21,122.33786798045423,123.25345108959412,122.02158602502476,122.63751220703124,1616700
2015-04-22,123.12857631723654,123.12857631723654,121.75521452811294,122.33785247802734,1423500
2015-04-23,122.0216023159481,123.14525879021237,121.74692734653468,122.60424041748048,1351800
2015-04-24,122.62917447181496,123.51977544951328,122.24629085767022,123.2867202758789,1421100
2015-04-27,123.43661166064383,123.61139677972092,122.23803432758602,122.32127380371094,1717000
2015-04-28,122.26291657673222,122.51262212675088,121.5637511971215,122.02986145019533,1302100
2015-04-29,121.75451144807258,122.06331713235758,120.07691514406834,120.56935119628906,1719000
2015-04-30,120.06017796750284,120.93651940607616,118.96681428782728,119.3924789428711,2523200
2015-05-01,119.7347380688624,121.63767299051572,119.53442443778609,121.34555053710938,1504700
2015-05-04,121.3455016183384,122.0298966971317,120.69449849891608,121.64596557617188,1288800
2015-05-05,121.12013708698244,121.63761051766296,120.4274004625179,120.60267639160156,1769600
2015-05-06,121.31213792589696,121.7210939657922,120.19373637919917,120.82805633544922,1737300
2015-05-07,120.61939177034212,121.529125311869,120.1937270463732,120.65277099609376,2564500
2015-05-08,121.85463650444458,123.15664291163816,121.68771489191,121.75448608398438,1728700
2015-05-11,121.47072602613558,122.1300837006261,120.35233702280554,120.4107666015625,1905800
2015-05-12,120.1853982493964,121.02001907057276,119.70131664487776,120.24382781982422,1923900
2015-05-13,120.08524322143955,121.26204885534288,119.11708004952682,119.55108642578124,2135900
2015-05-14,120.29392154879322,120.29392154879322,118.12390198557326,119.01695251464844,3023400
2015-05-15,119.5343805535675,120.9866251912746,119.13376617379716,120.87812042236328,2357000
2015-05-18,120.80297353844615,121.26200461678624,120.2270833663638,121.0700454711914,1451700
2015-05-19,120.86144876119224,121.43733921159694,120.44413831716616,120.80303192138672,1332700
2015-05-20,121.07006762703186,121.07006762703186,119.56774793260918,119.7597198486328,1640900
2015-05-21,119.65960538917965,120.67784399987588,119.2256116505886,120.13534545898438,1539400
2015-05-22,120.1019602343982,120.81973482430055,119.68464972248532,119.91834259033205,1189500
2015-05-26,120.25218514243814,120.52761157762004,119.4175642123007,119.5594482421875,2477400
2015-05-27,119.87658647323092,121.55416965305488,119.44258010259148,121.37055206298828,2954100
2015-05-28,120.45246220584596,121.82958122864142,119.4842991641481,120.40237426757812,3206200
2015-05-29,120.00174544535102,120.14362941509056,118.3241626716432,119.008544921875,3027100
2015-06-01,119.39251235050313,119.55943396954306,118.43269075424286,118.84165954589844,2182700
2015-06-02,118.49110552750513,119.07533748883444,117.58971361489635,118.01536560058594,1963500
2015-06-03,118.2407026971161,118.94178096731378,117.83173400518407,118.6246337890625,1858200
2015-06-04,117.99033226032424,118.9334577903797,117.12233227717648,117.389404296875,2898600
2015-06-05,117.46452122369348,117.52293804999915,115.79527983334268,115.8286590576172,3203200
2015-06-08,115.93716518483292,115.93716518483292,115.19435326681544,115.21939086914062,1879700
2015-06-09,115.11089389544222,115.81197227861507,115.01908510226706,115.21104431152344,2039100
2015-06-10,115.4447380603394,116.7968194806676,115.394650122108,116.37115478515624,1725600
2015-06-11,116.54645284307465,117.23918966408218,116.17087601453647,116.27938079833984,1342300
2015-06-12,116.0623518334422,116.26266538499272,115.60330790403552,115.8286590576172,1290700
2015-06-15,115.12759767583404,115.44475766198,114.46824009782564,114.5350112915039,1939500
2015-06-16,114.50998457287524,115.37799743791626,114.46825098094564,115.1609878540039,1553600
2015-06-17,115.12757157566534,116.27935211871883,115.07749637558476,115.91211700439452,1508100
2015-06-18,116.42124362770316,117.76498343641424,116.1958924774644,117.2642059326172,2074100
2015-06-19,117.339278574329,118.08209021835204,116.9970811550395,117.09724426269533,2758200
2015-06-22,117.54801458969176,117.8234410385705,116.91370723595318,117.0055160522461,1415700
2015-06-23,117.2141672469089,117.59808574883412,116.454659132472,116.5548095703125,1489400
2015-06-24,116.29606185901052,116.73006825076054,115.41136582854926,115.46144104003906,1965900
2015-06-25,115.55325642562364,116.771808494308,114.69359795191008,114.71863555908205,1660900
2015-06-26,115.12757939040404,115.7118113231679,114.78538185289202,115.22772979736328,2248900
2015-06-29,114.35138762317683,115.027441147547,113.22465721983124,113.24969482421876,1963200
2015-06-30,113.82556705299471,114.10099339265942,112.44843535467125,112.72386169433594,2454300
2015-07-01,113.33316698298891,113.9841830047748,113.12451175692937,113.91741180419922,1707000
2015-07-02,114.34304250566792,114.50996410825084,113.74211454812784,113.83392333984376,1148400
2015-07-06,112.7989742947243,114.20948521263242,112.72386149366773,113.40825653076172,2450400
2015-07-07,113.75880161194075,117.57301150995482,113.53345046170202,117.2642059326172,3790000
2015-07-08,116.83017601556534,117.28921984544968,116.2376025822315,116.7634048461914,2917100
2015-07-09,117.97366572091912,118.0988537579898,114.93564624673353,116.38787841796876,3317600
2015-07-10,118.27408796998684,119.7096236508038,117.82338572511576,119.11705017089844,2846000
2015-07-13,120.06855201539936,121.07844881399905,119.76808800993444,120.2354736328125,1847800
2015-07-14,119.89324511504836,120.42740179417706,119.48428916816378,120.12693786621094,1512800
2015-07-15,120.12692473360666,120.3355798625696,119.28396259730376,119.87654876708984,1306700
2015-07-16,120.3105694511368,120.59435016947592,119.717995882752,120.46080780029295,1148100
2015-07-17,120.28551368366595,120.92817509491752,119.4842850601699,120.75289916992188,1842100
2015-07-20,120.66943405569587,121.21193228944246,120.20204861087451,121.05335235595705,1243600
2015-07-21,121.17859538450487,121.35385861986012,120.5442754290788,120.96994018554688,1587800
2015-07-22,121.20365064418245,122.2552684154014,121.0367290077626,122.17181396484376,1612000
2015-07-23,122.56405837537844,122.68924638981886,121.33716489265616,121.52078247070312,1356100
2015-07-24,121.61254729052186,121.79615206688467,120.92815243155412,121.0116195678711,1272700
2015-07-27,120.83642923375317,120.92823805458814,119.79315296758573,120.39408111572266,1431300
2015-07-28,120.62775134364897,120.7696353609852,119.27566963172404,120.64444732666016,1376500
2015-07-29,120.85311467659083,122.4889645874574,120.81138108252382,121.33719635009766,1840500
2015-07-30,121.14518500066798,121.73777127913864,120.20207230478468,121.2703857421875,1392700
2015-07-31,122.01319762812072,122.01319762812072,121.0283386164302,121.2703857421875,1386700
2015-08-03,121.67100681095188,121.94643317513145,120.7278813277281,121.45401000976562,1328100
2015-08-04,121.1117722877941,121.70435840240371,120.34392301294169,120.88642120361328,1315300
2015-08-05,121.71275423550536,122.72263828371104,121.56251586736644,122.59745025634766,1687800
2015-08-06,122.8144287182261,123.1816638573179,121.83792404489616,122.22185516357422,1948000
2015-08-07,121.87134240860156,122.2218816440546,120.47752709073929,121.23702239990234,1228300
2015-08-10,122.1049888845748,122.51394480305652,121.5875154841118,122.0632553100586,1072600
2015-08-11,121.25368303481574,122.0966452789498,121.02833190082544,121.76280212402344,1260700
2015-08-12,121.3109048808486,122.79224896126188,119.97184768001156,122.59976196289062,1963800
2015-08-13,122.4909165034452,123.0097998719561,121.50334986786108,121.57868194580078,1114000
2015-08-14,121.2523083799143,122.54115248910804,121.2523083799143,122.26496887207033,1210400
2015-08-17,121.47826634541416,122.39051384544146,121.33599225851272,122.26496887207033,912600
2015-08-18,122.3235537492422,122.59136002752751,121.45315461160588,121.87998962402344,1099100
2015-08-19,121.6790869448483,122.1393928079456,120.21448550700931,121.49496459960938,1436100
2015-08-20,120.75853973733336,121.2523296199196,119.92162418285088,120.27313995361328,1785100
2015-08-21,119.02609352793408,119.95507001035402,116.32286071777344,116.32286071777344,3611400
2015-08-24,110.4477296555913,114.7913227544627,97.94421116321251,111.2846450805664,5205800
2015-08-25,114.47327825536284,115.81234789663075,111.01681384268905,111.0670394897461,4645100
2015-08-26,113.91254822103345,115.72865298887618,111.60266646407293,115.62822723388672,3094900
2015-08-27,117.561495973688,117.7958312415665,115.15117576657846,117.34390258789062,2603100
2015-08-28,116.95891648639416,117.41922246848937,116.02993996628,117.12629699707033,1850900
2015-08-31,116.54047182615288,117.3606453591871,115.92114982021188,117.2100067138672,3005700
2015-09-01,115.14286491861633,117.0845027253236,115.07591012937534,115.74544525146484,2968200
2015-09-02,117.02587632278156,117.89626267825447,115.84582260029042,117.5196533203125,1809900
2015-09-03,117.9548490377152,118.59090009327409,117.25184322310048,117.56986236572266,1615600
2015-09-04,116.16388387091656,116.71625121294798,115.64498753280304,115.89606475830078,2124500
2015-09-08,117.62009780917968,118.40680041613064,116.43167934113438,118.36495208740234,1638000
2015-09-09,119.13492035564276,119.13492035564276,116.657644985157,116.9003448486328,1390800
2015-09-10,116.36471991302318,117.9716088337366,116.32288435628588,117.17652893066406,1350700
2015-09-11,117.04262484147772,118.17245297936,116.5655769294737,118.0469207763672,1452300
2015-09-14,118.155714046206,118.34821378935648,117.3690242706124,118.13060760498048,1123300
2015-09-15,118.27290979293336,119.64545076250288,117.36903948073132,119.20187377929688,1349600
2015-09-16,119.01776125093728,120.3986667453896,118.63277449430888,120.18943786621094,1374300
2015-09-17,120.43213320536572,121.38621634762728,119.81282391935542,119.97183990478516,1535300
2015-09-18,118.95916704212124,120.8003785630294,118.59092218387624,118.6829833984375,2833900
2015-09-21,119.14329200438712,120.33171049106171,118.91732124196564,119.85467529296876,1004800
2015-09-22,118.69135014298976,119.6370558769931,117.8460574018494,119.38597869873048,1787200
2015-09-23,120.0639192199643,121.88002456410644,119.38600684772136,121.71263122558594,2310200
2015-09-24,120.82546931199504,121.70423301497009,120.2228892168302,121.24392700195312,1974900
2015-09-25,122.14781039656498,122.94287753967944,121.36110781084366,121.81304931640624,1845700
2015-09-28,121.67911171999684,122.02225004874607,119.92158452861464,120.13919067382812,2553500
2015-09-29,119.7123545988979,120.63296650400054,119.05119715455226,120.28146362304688,2513100
2015-09-30,120.13081674816355,121.31087038805364,119.5868269103604,120.99285125732422,2549200
2015-10-01,121.22716383732168,121.22716383732168,119.26040813883724,120.98445129394533,2657300
2015-10-02,119.88814455594634,122.11434283561346,119.00101617525776,122.07249450683594,2591500
2015-10-05,122.39052413602396,124.04761320726256,122.1980243813993,123.92208099365234,2273000
2015-10-06,123.98905877891175,124.44936497886091,123.32790097921784,124.2066650390625,2091000
2015-10-07,124.46604523642918,124.96819952777754,123.38641734112444,123.82999420166016,2340800
2015-10-08,123.53710238983906,126.9600838563985,123.53710238983906,126.9266128540039,2370900
2015-10-09,126.17337420814188,129.10257841230143,125.90556789289776,128.85987854003906,3715500
2015-10-12,128.85989613992555,129.28671849922793,128.1234063243588,128.57534790039062,1200100
2015-10-13,128.24052441819825,128.9435429568603,127.39524458508744,127.4454574584961,1493700
2015-10-14,127.47054758172642,127.8555341791122,124.78405703566716,125.4033660888672,3044900
2015-10-15,126.23193618587356,127.12742891598704,125.72141734224527,127.01863861083984,1697000
2015-10-16,127.47898164143272,128.02297163626383,126.60858232532168,127.2613754272461,1647500
2015-10-19,127.2529731132244,128.3744365432473,127.14417003841292,128.23216247558594,1543700
2015-10-20,128.6506318485655,129.62145674377712,128.18196128406748,129.3536376953125,1875700
2015-10-21,129.55447522926994,130.50855804436011,129.1443821848589,129.89761352539062,1797300
2015-10-22,130.08177357095346,132.517200807026,129.78886080018214,132.35818481445312,2192400
2015-10-23,132.8185418217826,132.90223851426933,129.64663639356337,130.34127807617188,2273400
2015-10-26,127.26137523944624,131.73887849608334,126.59184025196066,131.16976928710938,2500000
2015-10-27,131.62165800337218,132.4836796437966,130.1905273823914,132.03173828125,1675100
2015-10-28,131.8141449250355,132.17401233381094,130.1486790680352,132.03173828125,1778800
2015-10-29,131.44592694110304,132.55066136742474,131.00236281334773,132.4669647216797,1547000
2015-10-30,132.23262783144537,133.4043042357499,131.64678962929312,132.3330535888672,2050000
2015-11-02,133.06118685677276,133.3289931498712,131.93971049162033,133.19508361816406,1260700
2015-11-03,132.5674020614095,133.25367885958946,131.71375749774853,132.9021759033203,1531100
2015-11-04,133.0695232790969,133.09462971469432,131.31199616539868,131.52122497558594,1653100
2015-11-05,129.01052047790407,131.23671879454042,128.90173014565627,130.7847900390625,2550300
2015-11-06,130.9688746682665,132.19914113180033,130.28259801990023,131.8560028076172,1749800
2015-11-09,131.23669440834368,131.4794070119932,128.79290311099604,129.8557891845703,2291100
2015-11-10,130.16623035501732,131.28220611254042,129.7215198475565,131.24024963378906,1701800
2015-11-11,130.87948541979398,132.09614691257732,130.20821993308874,131.2235107421875,1864200
2015-11-12,130.99687974129876,131.71848747928968,130.3927424349195,130.8961944580078,1657400
2015-11-13,130.1159410142877,130.2669690356896,128.57202646555996,128.94122314453125,2459900
2015-11-16,129.05869741105613,131.29064990562463,128.58042919269167,131.27386474609375,1778400
2015-11-17,132.02900699542573,134.18543208105032,131.75210955423873,133.32118225097656,2500000
2015-11-18,133.3212111776608,135.42729405881187,132.42340364627714,135.3014373779297,2152000
2015-11-19,135.6706328307278,136.9376370191135,135.4608631622539,136.62718200683594,2959300
2015-11-20,137.74311982863077,138.0032320965852,136.5600161550435,136.85369873046875,2051100
2015-11-23,137.21449719681806,137.52495212465476,136.5432318796146,137.14736938476562,1174300
2015-11-24,136.14887776519532,137.54175119878084,135.09164342584128,136.09014892578125,2799500
2015-11-25,135.9642977002526,136.76981883112546,135.20913204276002,136.2579803466797,1828000
2015-11-27,136.86210178672405,137.95290645429165,136.34187718664882,137.2564697265625,866300
2015-11-30,137.75154286632798,137.97809769075894,134.9154528821885,135.44407653808594,3063800
2015-12-01,135.94751276749767,136.80336368591685,134.87349322792147,135.33497619628906,1939700
2015-12-02,135.6874127569842,136.29993658037807,134.78120628772157,135.16717529296875,1585700
2015-12-03,138.0368083865898,139.3709530187216,137.02991668189085,137.3319854736328,3440000
2015-12-04,137.70959069701792,140.3275249197151,137.61729152885673,139.9583282470703,2578600
2015-12-07,140.4029729400462,140.54561471410406,138.90941459600657,140.2267608642578,2791900
2015-12-08,139.9079618271177,142.41679849374202,139.17795478344925,141.6951904296875,3158500
2015-12-09,136.53482840181167,137.51654852244215,132.75897587477778,134.01759338378906,9527000
2015-12-10,135.03294352462746,137.1138681421534,134.76444496956603,135.81329345703125,3653300
2015-12-11,134.0260082042529,135.25945465098218,133.71555324940337,134.26934814453125,2511200
2015-12-14,134.32812090128286,135.8300791106459,133.757553467628,135.7965087890625,2427300
2015-12-15,137.03831746331429,137.3907289244262,134.85670807168103,135.33497619628906,2378700
2015-12-16,135.88875364923467,136.9795582047916,134.25255321755992,136.5684051513672,2196300
2015-12-17,136.29990639335497,137.25645532072656,134.75600510765366,134.8231201171875,1703900
2015-12-18,134.07634861408894,134.82312797103626,132.23877744383938,132.3226776123047,4295800
2015-12-21,133.25402517949007,133.77424963781726,132.01219285800624,133.74069213867188,1453500
2015-12-22,134.16864625739942,135.4188778244083,133.4386520636588,135.2846221923828,1742100
2015-12-23,136.29151794420227,136.29151794420227,134.9070435066555,135.68739318847656,1581000
2015-12-24,135.8048449686629,136.20759901812752,135.46081974982087,135.72093200683594,491000
2015-12-28,135.13360721658347,136.14888512361586,134.5881984602255,135.2259063720703,1124700
2015-12-29,135.8467892853961,136.96276510567932,135.52794819625836,136.4844970703125,1169600
2015-12-30,136.7362589149085,137.14739924868937,136.35866328947668,136.5264892578125,889900
2015-12-31,135.99783647012532,137.6088655548568,135.51116943359375,135.51116943359375,1873400
2016-01-04,134.09311664187936,134.3364565469882,132.46530250236884,133.86656188964844,2640800
2016-01-05,134.39521586772358,135.2846371222347,133.79107826025884,134.19383239746094,2127700
2016-01-06,132.8764818516784,134.08475703186542,132.2639580851446,132.95199584960938,2033400
2016-01-07,129.93128399643112,131.78563992837397,128.8404796111781,129.90611267089844,3826000
2016-01-08,130.2921177946632,130.3089029507964,127.38051416670284,127.63224029541016,3156200
2016-01-11,127.79166653988293,130.86269712524728,127.64062574219282,129.82223510742188,2164500
2016-01-12,130.6529244327674,131.25704919944008,130.00683037532116,130.94659423828125,2215600
2016-01-13,130.87109036311452,130.91304685381024,127.43926195937247,127.64063262939452,2157500
2016-01-14,127.50633510458012,129.35230467366426,126.97771171581792,128.52999877929688,2281500
2016-01-15,125.26603432875773,127.13718876193856,124.3933982476997,126.18902587890624,2975400
2016-01-19,127.36371861384625,127.53993073055396,125.50936231716346,126.25614166259766,2242600
2016-01-20,124.56961241052969,125.86178779846506,121.59088087196804,124.8716812133789,3796800
2016-01-21,124.99752218596709,126.9022339204377,124.27591418105672,126.18062591552734,2211800
2016-01-22,127.69099077782556,128.97479297147797,127.24628008984676,128.9580078125,2544100
2016-01-25,129.27687272014506,129.62088528659635,126.32331185383252,126.51629638671876,1820600
2016-01-26,126.51624724948748,127.30498303841765,124.43533628528016,124.6031494140625,2828600
2016-01-27,125.26602987366796,125.51775599687608,123.10960467893852,123.95706939697266,2189500
2016-01-28,124.64510999135508,125.8365998891644,124.02418731081158,125.51774597167967,2076100
2016-01-29,125.4422787970274,127.22112173039577,123.26906780906114,126.80158233642578,3221300
2016-02-01,126.56663443285142,127.69939585643984,126.02123837161288,126.91065979003906,2142000
2016-02-02,125.85338090963486,126.52463342476425,124.2759093317746,124.6031494140625,1931400
2016-02-03,125.2576433827014,125.8449957998295,122.04397103923758,123.0928192138672,2546900
2016-02-04,121.66637575428663,121.78384622564069,118.97292828516149,120.22315979003906,5340500
2016-02-05,120.21474841907316,121.83416334928052,119.48474161129008,120.81888580322266,4079300
2016-02-08,119.7701175119866,123.80608465963203,118.83034051056435,123.3613739013672,3782000
2016-02-09,122.70680926575524,125.62679802358348,122.69841028903748,124.13323974609376,3228300
2016-02-10,125.67291929487506,126.34600440062428,124.16690276451332,124.56233978271484,2189600
2016-02-11,123.788334598885,124.84843530185988,121.79431823452826,123.3844757080078,2198100
2016-02-12,124.5034639907132,125.58881699150736,123.67894130996272,125.06716918945312,1951800
2016-02-16,125.65613781555696,126.7414780734683,124.2678969763282,125.45420837402344,2186400
2016-02-17,125.9926323210285,127.86884622271326,125.28589876676564,126.9686050415039,2174600
2016-02-18,125.47102803711444,126.06838172080955,123.52750387061462,125.06716918945312,2894300
2016-02-19,125.36163859285436,125.4794275384136,123.55273417790188,125.1092300415039,2471700
2016-02-22,125.89168801817026,126.3544220246314,124.93254584869078,126.2534637451172,2161300
2016-02-23,126.11042236987235,127.683748642595,125.46257685368003,126.505859375,1850600
2016-02-24,126.2282513888579,129.91338344198417,125.91695473455546,129.45904541015625,2590100
2016-02-25,130.1489547618991,130.30881395616473,128.60927655538833,130.1741943359375,1746900
2016-02-26,128.80270153121216,129.07194059878765,125.15964224049284,125.93368530273438,3800800
2016-02-29,126.19459248182652,128.13811664920203,125.94218391143276,126.22824096679688,3115800
2016-03-01,126.53952418002024,127.2126093503672,125.68135310490888,126.64049530029295,2681400
2016-03-02,127.15373249592096,128.68498887622604,126.531126411866,128.5503692626953,2947600
2016-03-03,124.99148001110063,127.85208975364796,123.99868899486502,127.54920196533205,5552600
2016-03-04,127.66698227914392,127.69222185662016,126.22826217282145,126.96023559570312,2155600
2016-03-07,126.16935211181476,126.95180455325765,124.18375772224071,124.66332244873048,3159600
2016-03-08,124.234189634004,127.81834886654153,123.7630339983309,127.00223541259766,3156300
2016-03-09,127.33885146410697,129.1477562701359,127.30519013636562,128.76914978027344,2395300
2016-03-10,128.90377624765242,130.1489758413478,127.08644959434407,128.61770629882812,1413000
2016-03-11,129.4422203253967,129.56841819491862,127.38089431095982,128.4830780029297,1829900
2016-03-14,128.1044591523511,128.97947384411282,127.59123308450054,128.4494171142578,1218400
2016-03-15,127.7174665088443,129.9218086162594,127.7174665088443,129.71987915039062,1398500
2016-03-16,129.31597831522868,130.40973999244886,128.41573710847598,129.61886596679688,1485500
2016-03-17,129.41698954798986,130.19103315574762,129.22346901752462,129.43380737304688,1583200
2016-03-18,130.05641355398907,130.15737185648965,128.53356591377843,128.853271484375,3611700
2016-03-21,128.5756023413923,129.86287171190304,128.2811235858246,129.51791381835938,1367400
2016-03-22,128.9037438456752,129.4085481193466,127.8857007110177,128.07920837402344,1943100
2016-03-23,128.0371568618724,129.5095253419107,127.58283166533856,129.15615844726562,2127300
2016-03-24,128.9289805123402,129.63571418237498,126.91814669814906,127.40612030029295,2506500
2016-03-28,127.7174437924836,129.5179394859533,127.70061313047916,128.4494171142578,1767400
2016-03-29,128.53353299415744,130.79677517447584,128.3231946924629,130.6284942626953,1655400
2016-03-30,131.17540085624938,133.1357556571304,130.95664077395014,132.5972900390625,2642700
2016-03-31,132.90016267346564,134.44824954501917,132.52996519591338,132.5804443359375,2692400
2016-04-01,132.82444666413144,133.8508987581419,132.09247337208728,133.1441650390625,1531500
2016-04-04,133.50596353318548,133.76679389493685,131.6381706257264,132.70668029785156,1458400
2016-04-05,132.84130332789985,132.93385272623067,131.0155677772241,131.24273681640625,1855600
2016-04-06,131.0912515074263,132.43742188041864,130.59485615712285,131.89895629882812,1572600
2016-04-07,129.92179146401926,130.05641109015932,127.44821039534064,127.91095733642578,4050100
2016-04-08,128.71017993845672,128.71017993845672,126.97699479108876,127.59117889404295,2008500
2016-04-11,127.3304337676025,127.8352509955168,125.33643010960829,125.40373992919922,2279000
2016-04-12,125.8664518477051,126.7751020639369,124.94936704456684,126.64049530029295,2268300
2016-04-13,127.52391917801802,127.95300471689949,126.69938374373024,127.78473663330078,2078800
2016-04-14,128.382140862976,128.65138017329136,127.16218072844724,127.38092803955078,2420000
2016-04-15,127.85205634055023,129.4085522819781,127.75108521214212,128.87008666992188,2675900
2016-04-18,128.5419999864273,129.32446549806542,128.1129142787786,128.97950744628906,1335800
2016-04-19,129.38333481764957,129.484293125276,128.29799449656022,129.2991943359375,1579000
2016-04-20,129.3328540898245,129.47588263656627,128.39054232868577,128.50833129882812,1308700
2016-04-21,128.2979054170873,128.50824363729092,126.78346766401604,127.39765167236328,2097600
2016-04-22,127.08645289354092,127.72587695273316,125.66456337801309,126.1357192993164,2233900
2016-04-25,126.18618002505842,127.61647824524668,125.7570944104122,127.47344970703124,1249000
2016-04-26,127.9530412932079,129.10569147528588,127.6080832785011,128.3905487060547,1552900
2016-04-27,128.46650727214586,128.6943353353144,127.08260694427806,128.0699005126953,1492800
2016-04-28,128.2723648820449,129.65626467625123,127.53822676514328,127.7913818359375,2198100
2016-04-29,126.58471258363464,127.40324021662435,124.43292614483164,124.99829864501952,3588800
2016-05-02,125.5299406238677,127.77456360110584,124.67766477582228,127.36107635498048,3361500
2016-05-03,126.64376412598703,128.71117371978391,126.2387237144846,127.76607513427734,2201300
2016-05-04,126.67747894782194,128.26390505167555,126.1036729214914,127.85041809082033,2111600
2016-05-05,125.71552664384522,126.89691269102492,123.51309940071938,124.75354766845705,4869300
2016-05-06,124.09536710166472,124.46665953603446,122.1376609149926,123.57218933105467,3692200
2016-05-09,123.90129476783147,125.70711572998673,123.63125920758192,125.3864517211914,2843800
2016-05-10,126.05307073703604,126.5593680052094,125.52144637325227,126.2049560546875,1943900
2016-05-11,125.2176710431445,125.47082613177218,123.69031960562776,124.14598846435548,2812700
2016-05-12,124.31476659607112,124.69449278944928,123.47092488811842,123.80845642089844,2860400
2016-05-13,123.47936686080524,123.80846463369728,121.76636911011026,121.93513488769533,2993600
2016-05-16,121.93516927062484,123.69036217964118,121.00693791816188,123.02371978759766,2615000
2016-05-17,122.77896853353054,123.40341603291084,120.85501046906472,121.17567443847656,2928900
2016-05-18,118.28970709164288,119.5386019069685,116.93113450205342,119.22637176513672,5717000
2016-05-19,120.205253553791,120.73687797148838,119.33609758974798,120.4162139892578,2830500
2016-05-20,120.44158493418966,121.09134698671804,119.84246422586584,120.4078369140625,2088400
2016-05-23,120.53433633181672,121.51319572092004,119.74956978993318,119.83394622802734,1828400
2016-05-24,120.3065185546875,121.07440472361812,120.14618656992091,120.3065185546875,2813100
2016-05-25,120.34875026879644,122.93090490777064,120.2559271273166,121.96892547607422,4156700
2016-05-26,125.74084349479809,129.85036121225306,124.63541295949165,126.33154296875,7679400
2016-05-27,126.77880932194311,127.22604449050414,124.98142198821344,125.7999496459961,3349800
2016-05-31,126.21340599592324,126.47499485601952,124.5763510799632,125.538330078125,3738900
2016-06-01,126.9982549236155,129.10786048713072,126.84636950352748,128.70281982421875,3487300
2016-06-02,126.61841673969928,127.85041809082033,125.35265451879458,127.85041809082033,3957600
2016-06-03,126.8294213401813,128.07830356172775,126.80410711701508,128.0192413330078,1964200
2016-06-06,128.1205134401902,128.6774521679915,128.01925653550092,128.46649169921875,1961600
2016-06-07,128.33145575115546,129.82505926401583,128.17955753960868,128.78712463378906,2113000
2016-06-08,128.83776052250522,129.50440275858074,128.3061489413863,129.42001342773438,1528300
2016-06-09,129.10779895958933,130.0697781230716,129.04029006860756,129.99383544921875,1812100
2016-06-10,129.10779570740013,130.92205043131818,129.05716725944023,130.68577575683594,3266500
2016-06-13,130.59290292178346,131.60552299945388,130.43258385628482,130.75323486328125,2576600
2016-06-14,130.41575282855135,131.94310442713262,129.58879146943076,131.5296173095703,3274700
2016-06-15,131.38616164645669,132.29751230756548,130.50857186687244,130.67733764648438,2228500
2016-06-16,130.67729221164234,132.06119172490165,130.04441110113962,131.99368286132812,1937400
2016-06-17,132.50847263683607,132.69411885705023,131.43678997941865,131.54649353027344,2858200
2016-06-20,132.80385331573984,133.64769528546546,132.01907358837158,132.0443878173828,2090800
2016-06-21,132.5422105892419,133.24258780906592,132.19623243178572,132.6519012451172,1909700
2016-06-22,132.99788330781158,133.68139298587948,132.61815713955184,133.42823791503906,2094800
2016-06-23,133.83332176381552,133.99364089851727,131.9262309535236,132.50848388671875,2912400
2016-06-24,129.24276050923257,133.065361275366,129.1921320820253,131.26797485351562,3996100
2016-06-27,130.15415294395103,130.73639292124216,128.72805836147782,130.1710205078125,2790800
2016-06-28,130.50860531657344,131.5802753735831,129.7069580009497,131.30181884765625,2156300
2016-06-29,132.01058579626127,132.7194096705973,131.5464703275884,132.55064392089844,1942500
2016-06-30,132.44939547611787,133.17509983441218,131.21738096050117,132.5168914794922,3091100
2016-07-01,132.6434672000683,132.6434672000683,131.13298347954867,131.73211669921875,2317200
2016-07-05,131.70682944681633,131.76589167718558,130.54232364463743,131.00643920898438,2807400
2016-07-06,130.96424107600922,132.10343262414997,130.51700596475484,131.6477508544922,2133200
2016-07-07,133.60546069346364,138.52505945221904,133.32699138153376,138.1368865966797,6497900
2016-07-08,139.0989142514677,140.16216342787158,138.8035772726945,139.605224609375,3932000
2016-07-11,139.28456760849275,141.3351104987026,139.28456760849275,140.6853485107422,2634300
2016-07-12,140.49123833801517,140.85408416361196,139.92586582715177,140.31402587890625,1642100
2016-07-13,140.92153178188585,141.08186372850423,140.0945707096433,140.7358856201172,1479800
2016-07-14,141.0481407157229,141.76541134016662,140.314002527318,140.87094116210938,2150100
2016-07-15,141.2928620106861,141.2928620106861,139.7401963102617,140.4237060546875,1962300
2016-07-18,140.5502816134083,141.64727847760778,140.01022340155671,141.3519287109375,1993800
2016-07-19,141.34352134959877,142.23799172305317,141.25069822352293,141.86669921875,1487800
2016-07-20,141.9763762535676,141.9848100358143,140.87937938933487,141.79916381835938,1336900
2016-07-21,141.28444205742187,141.55447764384206,140.3309094733885,140.9637908935547,1384600
2016-07-22,141.49539110108998,141.51227154287903,140.88783683273246,141.3181915283203,1335100
2016-07-25,141.0650666420529,141.93422287842438,140.4153046919475,141.74014282226562,1732200
2016-07-26,141.42790211656478,142.45739022479984,140.66843671035588,141.402587890625,1593900
2016-07-27,141.05655762156334,141.34346066042502,139.86673793710716,140.2042694091797,1440000
2016-07-28,140.2971523519339,140.8034626520558,139.90899228104547,140.37310791015625,1866500
2016-07-29,140.61779373312092,141.49538351906003,140.3983995056371,141.1072235107422,1359700
2016-08-01,141.0481562820521,141.76542698565513,140.83719582522824,141.39413452148438,986800
2016-08-02,140.98061439581215,141.37720807967708,138.88787807431072,140.49961853027344,2107300
2016-08-03,140.01023506348213,140.35621330445565,139.3182914575396,140.1790008544922,1837100
2016-08-04,140.1114416620549,141.54598256064293,139.98487058323823,140.54180908203125,1638300
2016-08-05,140.80342885837325,142.0438772075515,140.1452333517892,141.5122528076172,1526500
2016-08-08,141.13250788963285,141.38566294535255,140.47431247036215,141.2590789794922,1294400
2016-08-09,141.5459904457591,142.27169471540114,140.82028617611704,141.64724731445312,1286700
2016-08-10,141.6727054972628,142.56958031664186,141.34272300880033,142.3918914794922,1104300
2016-08-11,143.08564871772708,143.4917778633056,141.57957409686952,142.04493713378906,1497800
2016-08-12,141.435765296485,143.33951299297553,141.435765296485,143.0264434814453,1399100
2016-08-15,143.02639108638152,143.22100563081685,142.64564426868603,142.76409912109375,918600
2016-08-16,142.04494045148118,142.8233600447766,142.04494045148118,142.49337768554688,1023000
2016-08-17,141.68111602079867,142.4510792144709,141.23267875648716,142.11264038085938,1382500
2016-08-18,142.501828610353,142.74720771267633,141.46957349369717,141.9349365234375,1353400
2016-08-19,141.47801377939624,142.42565254657515,141.38494119257615,142.16336059570312,1764800
2016-08-22,142.43420311188947,142.7303468776199,141.82500267027493,142.09576416015625,955000
2016-08-23,142.22260654824257,142.52720662129053,141.56264187507395,141.60494995117188,1003700
2016-08-24,141.41886546703094,142.04499169453356,141.09733944336503,141.78269958496094,1363800
2016-08-25,141.46956374191728,141.6472524903379,139.3035246007399,139.4896697998047,1817700
2016-08-26,139.9380692536541,140.1580531065923,138.31354033579757,138.70274353027344,2009900
2016-08-29,139.15971574429304,139.47277231967115,138.2543718276065,138.7451171875,1819200
2016-08-30,138.8212882848549,138.99896417332576,136.8498502312568,137.03599548339844,2010700
2016-08-31,136.95983558306446,137.55212297216167,136.3506352878787,137.14598083496094,1933200
2016-09-01,134.53147841845066,134.53147841845066,131.60393238980714,132.17083740234375,6038500
2016-09-02,132.67843413053143,134.76832571503283,132.6699776829991,133.6683807373047,2679000
2016-09-06,133.79542471348316,133.81233762369155,132.01013147949567,133.73619079589844,2716900
2016-09-07,133.38078822101258,133.5753899182049,131.48549705471967,131.68856811523438,2984100
2016-09-08,131.30774169390642,131.56157713825132,129.4039952272303,129.85243225097656,2993100
2016-09-09,129.10795980497556,129.2771792726633,127.5088119506836,127.5088119506836,2993900
2016-09-12,127.3395625217027,128.60027114399136,127.13649146188664,128.346435546875,2982400
2016-09-13,127.91486472220107,128.2533163656945,126.97569530185828,127.54258728027344,2148600
2016-09-14,127.51724624986998,128.82024999443072,127.08572187872112,127.50032043457033,2188900
2016-09-15,127.52567134165572,129.42941841035804,127.00954384216088,129.1755828857422,2284300
2016-09-16,128.5748486328311,129.16712290031754,127.88103241191084,128.9048309326172,2842000
2016-09-19,128.7187633622922,129.48025746385565,128.27032593860864,128.4310760498047,1321300
2016-09-20,128.97245573039018,129.2093782513257,128.32941720386657,128.75247192382812,1396700
2016-09-21,129.1079161571756,129.3702081800106,127.97413190528918,129.20098876953125,1535100
2016-09-22,129.48021226440645,130.53784976438402,129.1840686001671,129.5817413330078,2502200
2016-09-23,129.581743501198,130.10634048918206,128.7525593023134,129.05715942382812,2282100
2016-09-26,128.67640005526664,128.84561945960644,127.77105623059867,127.9233627319336,1862200
2016-09-27,128.11793819265696,128.41408177263003,126.91646388382996,127.29721069335938,2569000
2016-09-28,127.42415494200648,127.48337592094782,126.01960942227036,126.4172821044922,2626300
2016-09-29,126.2311548248036,126.65420983103428,124.54739125218444,124.7927703857422,4501300
2016-09-30,128.43102197895047,131.02012923758468,128.2702719354319,129.04022216796875,7318100
2016-10-03,128.79487890645237,128.82026117629798,127.18727490002551,127.77108001708984,3197100
2016-10-04,128.16027772161064,128.28718905240262,126.48498360208882,127.32262420654295,2840500
2016-10-05,127.44959183886482,127.69495813213682,126.77270105275817,126.8996124267578,2377700
2016-10-06,127.1110793052712,127.45798744274032,126.07036780347552,126.4680404663086,2465500
2016-10-07,126.72190529400856,127.07726996430613,125.89270815269956,126.90805053710938,2282100
2016-10-10,127.21266866215244,127.63572374528482,126.70499739814696,127.15343475341795,1587700
2016-10-11,126.63729559526816,127.8810784601644,126.501914882348,127.77108001708984,2596800
2016-10-12,127.73718299293677,128.1771636538056,127.24643781554644,127.30567169189452,1664500
2016-10-13,126.85725151351068,128.05026957485336,126.6795756638884,127.10263061523438,1795300
2016-10-14,127.06880878385518,127.76262526384038,126.30731485712488,127.04342651367188,1745000
2016-10-17,126.9841794099092,127.08570846976625,125.7573225977226,125.81654357910156,1988400
2016-10-18,126.50195215499672,126.59502480872544,125.57123852832896,126.16351318359376,1847800
2016-10-19,127.50874812172704,128.03334499275687,126.33265598069728,126.45111083984376,1812000
2016-10-20,126.78957497447936,127.5764509924238,126.57804749731848,126.95032501220705,2251200
2016-10-21,126.50187653950766,127.16184117668828,125.64731025562288,126.04498291015624,2188000
2016-10-24,126.3665354176146,128.87948318533154,126.31575797199427,128.7102508544922,2432800
2016-10-25,126.83186555271608,128.58331919733564,126.83186555271608,127.75413513183594,2060600
2016-10-26,127.21264884958002,128.10952342043942,127.15341495007084,127.74568939208984,2246100
2016-10-27,127.61877514206108,128.15182858303436,126.76420867452906,127.64415740966795,1993500
2016-10-28,127.28877851271292,127.64414313006893,126.3919040626317,126.71341705322266,1843900
2016-10-31,125.97733955573445,126.36655590490714,124.4628080698453,125.1143035888672,3239400
2016-11-01,125.6304056922026,125.7573299350422,123.85358248797094,124.09049224853516,2112000
2016-11-02,124.27721051225022,125.04954352010122,124.01411118988024,124.14142608642578,2260500
2016-11-03,124.50632407161504,124.50632407161504,122.33361860274398,122.59671783447266,2168200
2016-11-04,121.36611024581948,123.0635383611456,120.61075525251329,120.7210922241211,2702100
2016-11-07,121.68864032041289,121.92627924901984,121.15394625587206,121.82442474365234,3010100
2016-11-08,122.12149394405536,124.44697567078742,122.04511276899584,123.98866271972656,3505200
2016-11-09,121.82442733629917,125.0919820997099,121.82442733629917,124.58274841308594,3170200
2016-11-10,124.81191582255114,127.3071377953972,124.4299969992353,124.50637817382812,3944200
2016-11-11,124.42996763234056,126.98459226572096,123.38605297489258,126.76393127441406,3218000
2016-11-14,128.08793430925212,129.12336657873635,126.88276180468108,129.00454711914062,3890800
2016-11-15,128.98756106501247,129.00453897255397,127.55323221095917,128.2831268310547,2799900
2016-11-16,129.1657903423656,129.47132791128504,128.8347923885652,129.12335205078125,2152300
2016-11-17,128.35105243249365,128.4953323009864,126.92521870831708,128.32559204101562,2098700
2016-11-18,128.02003479127322,128.32557239257923,126.89973888671766,127.61265563964844,2020500
2016-11-21,127.7739416540346,128.4019819537022,127.40898776742677,128.30014038085938,1181200
2016-11-22,128.9450976814264,129.89566606355422,128.3340355826716,129.57315063476562,1954200
2016-11-23,129.6411164158998,130.1418547722038,128.30862867584835,128.66510009765625,2166900
2016-11-25,128.91126873932433,130.2098011285622,128.7585063172295,128.9027862548828,886800
2016-11-28,128.19830171681386,129.369518682139,128.1643458915274,128.3680419921875,1733500
2016-11-29,128.6820060815342,129.19123963613154,128.4358847320321,128.5631866455078,1496800
2016-11-30,128.26618192216796,128.61414490388717,127.3665469370896,127.4004898071289,2750500
2016-12-01,127.40045137227575,129.751392636547,127.40045137227575,128.7838592529297,2305200
2016-12-02,128.99606897196912,129.74292862150213,128.52077816727507,129.0809326171875,1829200
2016-12-05,129.080953787974,129.19977327104775,127.96914013556568,128.8093719482422,2432100
2016-12-06,128.8772516430889,129.07245227570976,127.66358364817556,128.16432189941406,2245400
2016-12-07,127.81635553977536,130.6255972903647,127.71450103603956,130.57467651367188,2811300
2016-12-08,132.94256459690192,136.55808168777412,132.90862173399415,133.74884033203125,5504300
2016-12-09,133.48577074579816,135.64999458487435,133.4687928353939,135.53965759277344,2614700
2016-12-12,134.6060236888313,136.88057062274916,134.5720678821588,136.0742950439453,2299200
2016-12-13,136.5156882341751,137.52564728335466,135.06438121166616,135.5990753173828,3583300
2016-12-14,135.83670771674093,136.17618821014435,134.30901959572415,134.93707275390625,2119100
2016-12-15,135.24257057321293,137.06730035131145,135.00493170770278,135.88758850097656,1811100
2016-12-16,136.21014111894047,136.8551592227635,135.66696457089205,136.14224243164062,3767100
2016-12-19,137.50015870940769,139.63892174354348,137.19462113310257,138.73080444335938,3231900
2016-12-20,139.46074204067887,139.995423251293,138.764790088287,139.07032775878906,2204600
2016-12-21,138.84964996685946,139.21459086107166,138.3573941709084,138.37435913085938,1313400
2016-12-22,138.90055400805772,138.90903648701095,137.42378679817463,137.5511016845703,1965900
2016-12-23,137.63593619917515,138.06029316332763,137.09275980307385,137.55955505371094,1254100
2016-12-27,137.54260113098096,138.13669839431188,137.32194013327205,137.53411865234375,1301100
2016-12-28,137.50868366261489,138.21311803007706,136.26107270402363,136.65147399902344,1281000
2016-12-29,136.34596469281826,137.0164563284566,136.34596469281826,136.75335693359375,858200
2016-12-30,136.5495843335186,136.63446090706375,135.51415229793295,135.88758850097656,1472300
2017-01-03,136.34589403332598,136.63446662524817,134.52964665643285,135.56507873535156,2099000
2017-01-04,135.62450146691154,136.21011620620766,134.8946068998733,135.59054565429688,2163600
2017-01-05,136.600507274146,138.63742851856438,136.32892554509849,138.2639923095703,2880900
2017-01-06,138.06033909282067,138.29797803577532,136.75332490657013,138.19613647460938,2167000
2017-01-09,137.7717596135585,137.89906154676152,136.4053294123324,136.6175079345703,2318300
2017-01-10,136.28651221471182,137.83966057725436,136.22709601133366,137.203125,1477900
2017-01-11,137.0418693290772,137.81420228262266,136.09131366339028,137.1012725830078,1378300
2017-01-12,136.94004085688138,137.45775703503062,136.36290846877773,137.38136291503906,1296900
2017-01-13,137.48323128795002,137.60205076948907,136.9400546651497,137.37289428710938,1250100
2017-01-17,137.36440514671867,139.40131414587853,137.2116298490883,139.0278778076172,2430500
2017-01-18,138.8920167547304,139.5115871911849,137.99238214330902,139.41822814941406,1834700
2017-01-19,139.34187315587863,139.86808469820258,138.81567456390397,138.9344940185547,1980400
2017-01-20,139.52010894038173,139.84262443916344,138.53559748646336,139.39280700683594,1897100
2017-01-23,139.2315161326311,139.48613288949565,137.63592987660311,138.34884643554688,1421600
2017-01-24,138.53559084531122,139.0363419774012,138.30644737591356,138.90902709960938,1347400
2017-01-25,139.3588431337555,139.82563844701707,139.10422633103568,139.30792236328125,1299200
2017-01-26,139.47764808198497,139.5625246575176,138.67985489322828,139.24850463867188,1180000
2017-01-27,139.66441873985514,139.68139665141942,136.39687655791604,137.54263305664062,2341100
2017-01-30,137.5171192224846,138.58649412911686,136.30346449950616,138.55255126953125,2149800
2017-01-31,137.90759757437988,139.18915156384674,137.78877808496145,139.14671325683594,1796600
2017-02-01,139.05334494040534,139.1467040294969,137.3304559829128,137.37289428710938,2219700
2017-02-02,141.59945977526198,143.33084382128436,141.0223403934876,142.71127319335938,5816300
2017-02-03,142.3463570828851,143.2969129123742,141.86258373729387,142.8555908203125,3227700
2017-02-06,142.7367123174107,142.7367123174107,141.48911466909323,141.7606964111328,2172800
2017-02-07,142.18504192531404,142.65183717119868,141.33632800564985,142.1765594482422,2732600
2017-02-08,142.5425360720151,143.45311253535704,142.5425360720151,143.32545471191406,2089900
2017-02-09,143.35096567018962,145.87843703108405,143.11268667864405,145.4869842529297,2606900
2017-02-10,146.0741540643733,146.6017829277715,144.89978281989542,146.37200927734375,2070000
2017-02-13,146.7890111896605,146.7890111896605,145.3337953124357,146.33798217773438,2272200
2017-02-14,146.08263873802323,147.7676148209683,145.9890282342359,147.7591094970703,2244700
2017-02-15,147.37617678710924,148.9250030517578,147.27406094029013,148.9250030517578,2346500
2017-02-16,149.01005727626583,149.63128344063114,148.50795756895386,149.56320190429688,2206500
2017-02-17,149.32504699609447,150.20157640314093,148.48255189285928,149.6569366455078,2424400
2017-02-21,150.24412963633856,150.62707723565316,149.77607679929355,150.57601928710938,2317000
2017-02-22,150.68657762586545,150.70358827665743,148.98457761013202,150.2100067138672,1815200
2017-02-23,150.21854498765896,150.6610557011914,149.10373690683883,149.64837646484375,2599900
2017-02-24,149.11225458737223,151.23124973880456,149.02714937413273,151.1035919189453,1684300
2017-02-27,150.90786348843295,151.35038721792966,150.244084386804,151.15464782714844,2340400
2017-02-28,150.5844555100924,151.36737399401548,149.3334844039245,150.78018188476562,2992100
2017-03-01,150.94187675513703,152.08222670633845,150.81423194000237,151.35887145996094,2352300
2017-03-02,151.0525221112273,151.69077220465502,150.2100273132194,151.46099853515625,3190300
2017-03-03,145.26569267580342,146.2783847204857,144.5848901009118,144.89125061035156,10396500
2017-03-06,144.1679709931033,144.95088974918076,141.35966726865576,141.8872833251953,5793600
2017-03-07,141.72555388568364,143.49563568869527,141.72555388568364,142.1170196533203,2811900
2017-03-08,142.1169700326902,142.46588307557218,141.4021332998784,141.47021484375,2375900
2017-03-09,141.60641850096425,141.93830803709028,140.51713935751312,141.07029724121094,1993700
2017-03-10,141.68300254009475,141.69150786588432,140.3979841582112,140.72987365722656,2164200
2017-03-13,140.28733075080487,140.50858603757132,139.81927823531117,140.0320281982422,2127700
2017-03-14,139.74276394915336,140.6873747946182,139.6491533974322,140.61929321289062,1974400
2017-03-15,140.9000669034114,141.72552490234375,140.27032227042645,141.72552490234375,2079700
2017-03-16,141.9298422704222,142.68723208885442,141.48731843716573,142.16812133789062,2726600
2017-03-17,143.0190396456638,143.2658368858536,142.17655806387316,142.80628967285156,3976000
2017-03-20,142.76379892655052,143.21482802548013,141.9468459487749,142.49148559570312,1603300
2017-03-21,142.55097476611732,143.64877180250687,141.81911440359988,141.92974853515625,2241900
2017-03-22,142.38934639217464,142.94249127639625,142.1510544120265,142.69569396972656,1534200
2017-03-23,142.96801139664277,143.32542986690672,141.63193505722776,142.0319061279297,1430500
2017-03-24,142.43190834758485,142.50850823921732,140.9767051850687,141.28306579589844,1410400
2017-03-27,140.86606079385618,141.53835821750934,140.68735802520175,141.3936767578125,1212300
2017-03-28,141.35960156755078,142.15954359452968,140.54263590578566,141.9212646484375,1446400
2017-03-29,141.5042957517959,142.52549327592322,141.39366158339482,142.48294067382812,1216700
2017-03-30,142.37233317463648,143.12120450551703,141.91278580421005,142.87442016601562,1034000
2017-03-31,142.61907267083467,143.11265417987434,142.22761998157344,142.7041778564453,1720300
2017-04-03,142.74672623454586,143.223284095347,141.60637651308272,141.86167907714844,1547900
2017-04-04,141.7766128546337,142.3893339265589,141.35961815741982,142.3297576904297,1322400
2017-04-05,142.36380397394706,143.30841462398618,141.87874065918714,142.1170196533203,1715200
2017-04-06,144.39767710208184,146.46561390216203,144.08281125008318,144.68702697753906,3313800
2017-04-07,144.41471330793902,145.52101602682657,144.18493964676884,145.1976318359375,1510000
2017-04-10,144.84024330098407,146.00612250039242,144.54240099773935,145.70826721191406,2002300
2017-04-11,145.34232692898365,145.89548488241425,144.3551765081346,145.2061767578125,1191400
2017-04-12,145.88689131728307,145.90391494936074,144.4061599571909,144.81463623046875,1422300
2017-04-13,144.7125618486677,145.19762512735895,143.64881178066108,143.68284606933594,1422500
2017-04-17,143.623234043852,144.45721017808904,143.57217613556364,144.41465759277344,1504100
2017-04-18,144.71255808762686,144.94233173220903,144.2189765106722,144.7806396484375,1542700
2017-04-19,145.4189109562474,145.46145057590394,144.51685286763316,144.72108459472656,1441300
2017-04-20,144.9508399594401,145.67418221022663,144.62745578542362,144.7976531982422,1933600
2017-04-21,145.96355224913978,146.2699128286049,145.21466794706234,145.32530212402344,2257900
2017-04-24,146.3720309312554,146.89114156036274,145.80186236899524,146.65286254882812,1906900
2017-04-25,147.1464382353183,147.257059424246,146.6188093152925,146.95069885253906,1503000
2017-04-26,151.5205677332166,151.70778879073745,149.2824333543644,150.45681762695312,4591300
2017-04-27,150.89935805467505,151.2993161926074,150.13345010202215,151.00997924804688,2148700
2017-04-28,151.53758693184943,151.53758693184943,150.56743439753387,151.0695343017578,2364500
2017-05-01,151.9035109799195,151.9035109799195,150.90784246617793,151.35887145996094,3328000
2017-05-02,152.09076724552585,152.27798834122387,151.42698808268142,151.98013305664062,2505300
2017-05-03,152.10778890207607,153.5715103664912,152.07374162044783,153.02687072753906,2900500
2017-05-04,153.22257378375187,155.88619532210555,153.18002118082205,155.2649688720703,3762200
2017-05-05,155.5373427070798,155.6649875696727,152.97582325901018,153.3502655029297,3713600
2017-05-08,154.64285376346007,154.67826356403995,151.93355143294136,152.85435485839844,3538000
2017-05-09,153.71325499954168,153.98772498171917,152.56224008166535,152.88983154296875,2662100
2017-05-10,152.75658054492249,152.80985626402298,151.54007312790338,152.15277099609375,2554500
2017-05-11,151.6466718005228,152.33040869023776,151.04286206362133,152.07289123535156,2106000
2017-05-12,152.09949841879418,152.59677013325876,151.2381849500386,151.73544311523438,1586800
2017-05-15,151.22045560513766,152.7122304336309,151.22045560513766,152.34817504882812,1733600
2017-05-16,152.69441680109253,152.69441680109253,151.51342211623418,151.8419647216797,1129200
2017-05-17,151.54013105039027,152.286018501429,150.11938143474956,150.1992950439453,2201400
2017-05-18,151.02508673888667,151.85977599523534,150.67878093564312,151.5933837890625,1589700
2017-05-19,152.1527897220016,153.11177988237105,151.67328109254788,152.41029357910156,1871800
2017-05-22,152.94311044501876,153.83107552611074,152.4014512035818,153.08517456054688,1594100
2017-05-23,153.5913367114756,154.0974698133224,153.01416477003616,153.14735412597656,1788000
2017-05-24,153.57357057215572,153.7334113453912,152.55241606544507,153.62684631347656,1420800
2017-05-25,154.03525249941617,155.43823848709943,153.88430011171994,155.15408325195312,2726900
2017-05-26,160.055692242082,160.13560584075236,157.63155157085208,157.93345642089844,4471300
2017-05-30,157.7735982027986,159.2920241557424,157.61377102315674,158.8746795654297,2086300
2017-05-31,159.15886334808704,160.25105658574898,158.75039345594357,160.2155303955078,2456200
2017-06-01,160.5529393688998,160.81045679027034,159.70937538188994,160.3931121826172,2028300
2017-06-02,160.34871678478612,160.9436516920249,159.7182556909619,160.6950225830078,2239900
2017-06-05,160.81046218193353,161.7961038448655,160.36647969501408,161.6806640625,1561100
2017-06-06,161.34328342704936,162.24901177703578,160.73058523586076,161.1212921142578,2248900
2017-06-07,161.11236768137792,161.82274237321388,160.84597547828065,161.78721618652344,1246200
2017-06-08,161.53859642271877,162.05361776536506,160.57959256564683,161.0857391357422,1823600
2017-06-09,161.35210699654874,161.54744680807815,159.76264224725858,160.17111206054688,2167600
2017-06-12,159.46073184442193,160.60620055688275,158.75923201452937,159.51400756835938,2395200
2017-06-13,159.74485523553273,160.53514333160075,158.97233022849628,160.28651428222656,1745400
2017-06-14,160.57073243263284,161.5741373424839,160.03794794703867,161.31661987304688,1440400
2017-06-15,160.17996236949375,161.01465141102122,158.386269762122,159.88693237304688,1753800
2017-06-16,151.30924710781628,151.4868509666325,146.51424100376553,148.38784790039062,24233000
2017-06-19,148.33459921078816,148.62762937214143,144.19667785244116,145.92820739746094,13809100
2017-06-20,146.9581737280174,146.9581737280174,144.23211530083415,144.6494598388672,7337600
2017-06-21,145.17339359818544,145.4220226986082,144.51629466177116,144.87147521972656,3421700
2017-06-22,144.88923470790252,145.00467448353754,141.1952973802755,141.88790893554688,8043100
2017-06-23,141.54165710362554,141.8968513373894,139.01983901563793,139.52598571777344,9506700
2017-06-26,140.4317130219082,142.9535448835323,140.38732559435394,142.25204467773438,6473900
2017-06-27,142.66045646067855,143.4507447482601,141.36402163254297,141.41729736328125,5533800
2017-06-28,141.71033571297988,142.51838714111906,141.63042211220244,142.22535705566406,3234400
2017-06-29,142.26089706519383,142.49176311740342,140.12089788577674,140.9022979736328,3664200
2017-06-30,141.7192514734905,142.55392738088852,140.9999882794216,142.01226806640625,4755100
2017-07-03,142.26086677466589,142.54500850540276,140.91115629317466,141.02659606933594,1994300
2017-07-05,141.12430697976998,141.63045366265484,140.17419123279663,140.31626892089844,3770400
2017-07-06,143.06007184419872,143.2731883668539,139.45493535224108,139.49044799804688,6963400
2017-07-07,139.73018583264087,139.89890136608884,136.82653622097175,136.84429931640625,7688400
2017-07-10,136.31152072832887,136.3914478865964,134.04722051116767,134.08273315429688,8999800
2017-07-11,134.4823095404459,135.9385717392508,134.02056390201352,134.18040466308594,6275600
2017-07-12,134.49121431700112,135.76987281565658,134.45568812162887,134.74871826171875,5112200
2017-07-13,136.06286221993545,136.68443496012142,135.52120307150136,136.39141845703125,5673500
2017-07-14,136.97745819599368,136.98634651637013,135.76982541118437,135.85862731933594,4368400
2017-07-17,135.85864564566424,136.24935241540436,135.4324262374344,135.71656799316406,3096500
2017-07-18,135.51232924166814,135.71655738287646,134.02942942646592,134.5266876220703,3256900
2017-07-19,134.80195511275537,135.11274826086205,133.99390376709374,134.2958221435547,4100000
2017-07-20,134.5000413698111,135.1393771669356,133.97614534277733,134.07382202148438,3207400
2017-07-21,134.0294163841569,134.28692022851249,133.19472725878558,133.58543395996094,4078000
2017-07-24,133.59434962831745,134.50007784474542,133.29244473926562,134.08273315429688,3655600
2017-07-25,134.44676916852896,136.48020283401686,134.43788084796978,136.00958251953125,4605700
2017-07-26,136.22271848763953,136.3026320885048,134.57110299006857,135.05059814453125,3017200
2017-07-27,134.97957843987973,135.8497940479401,134.47344534675395,135.4324493408203,3637900
2017-07-28,135.56561768142092,136.12503997856587,135.06835943919023,135.76097106933594,2779500
2017-07-31,135.92971353214872,140.88456094089926,135.88531256259117,140.75135803222656,6937100
2017-08-01,141.2752259661467,142.04775112048355,140.21854553019153,141.8257598876953,4787500
2017-08-02,141.30187914595433,143.4507528863502,140.68918110916485,143.21099853515625,5486300
2017-08-03,143.50403493053224,144.1611339574411,139.46379116834234,140.21856689453125,5562600
2017-08-04,140.60036650557572,140.68916842001485,138.37157936555946,138.91323852539062,3117900
2017-08-07,138.96652258558458,139.9255264120877,137.93647993312527,139.36610412597656,2629500
2017-08-08,139.49927483565762,141.57710920594243,139.4371107963051,140.07644653320312,2569200
2017-08-09,139.53480768376747,139.9166396468947,138.7001184869153,139.2861785888672,2157600
2017-08-10,138.6735061548132,139.9166654074667,137.96313137462147,139.09085083007812,2764600
2017-08-11,138.9753863794489,140.1208687272582,138.88659801597046,139.09970092773438,1887000
2017-08-14,139.9344115696177,140.47607080212148,139.00204553999362,140.21856689453125,2028400
2017-08-15,140.29848692109394,140.63591799755736,139.22404317982856,139.30397033691406,1869100
2017-08-16,140.10565961980552,142.42175558226637,139.9542245627156,142.31484985351562,3381800
2017-08-17,141.17460857254437,142.48409148855043,140.426336504138,141.25479125976562,2650000
2017-08-18,140.7292390684731,141.36171601035352,139.78498882243176,139.92752075195312,2747900
2017-08-21,140.0255323047777,140.89851672664776,138.92984680438806,139.91864013671875,1857400
2017-08-22,140.32839661375536,142.03873919381795,140.32839661375536,141.37063598632812,2204600
2017-08-23,141.2993498905847,142.02981581785969,140.55107766698055,141.9674530029297,1731400
2017-08-24,142.52869177639707,143.1166258921976,134.5916219908761,134.805419921875,10301700
2017-08-25,135.73181936646273,136.23958423912626,133.6740640248099,135.80308532714844,5703500
2017-08-28,135.31313532581476,136.5424493150276,134.68957518367478,135.8921661376953,3776400
2017-08-29,135.74069756131524,137.17489233044742,134.92115963503804,136.79183959960938,2446200
2017-08-30,136.9255375772238,137.84306493652994,136.18616836283817,137.57582092285156,2493500
2017-08-31,139.1614422865065,140.08787273418048,137.13931281471176,139.62466430664062,4567700
2017-09-01,140.38179992949182,141.2369777552982,140.03438691113712,140.96083068847656,2833500
2017-09-05,140.71141571393764,142.2792259708354,140.27491682991558,141.76255798339844,3413000
2017-09-06,141.80712008771687,142.47522322506643,140.82723004923358,141.51315307617188,2873700
2017-09-07,141.6111666728602,142.17237775532612,140.36404603693097,141.88731384277344,2479300
2017-09-08,141.07668147256695,141.1924903884468,138.1013981865413,140.13243103027344,3364600
2017-09-11,140.6490813379873,140.7470703483893,139.9097121854256,140.1769561767578,2442500
2017-09-12,140.45303876664008,143.10763038397482,140.25706083590518,142.56423950195312,2988400
2017-09-13,142.65334201286953,146.04730284005686,142.5375331513616,145.192138671875,4202000
2017-09-14,144.9159938777712,144.9159938777712,143.98956366218525,144.6398468017578,2493300
2017-09-15,144.52402281540438,144.90706194990244,144.0429811202345,144.5774688720703,3757800
2017-09-18,144.47055974342177,145.61080115983003,143.20561992613938,143.33924865722656,2047100
2017-09-19,143.3838453550663,144.00740555629193,142.48412444303304,143.91831970214844,1790800
2017-09-20,143.87381663252904,145.23674630442147,143.65111552806823,145.0675048828125,2432300
2017-09-21,145.1386937617674,145.1386937617674,142.8849606582699,143.84703063964844,1738800
2017-09-22,143.33036711337624,144.3102570116026,142.85824205130112,143.6777801513672,1535900
2017-09-25,143.2680115054733,144.93381066554437,142.99186443536428,144.60421752929688,1799600
2017-09-26,144.9426811857044,146.74209493732533,144.83577549492696,146.1541748046875,2370400
2017-09-27,146.52838149253887,147.26775057806876,145.5395883290703,146.4660186767578,2053100
2017-09-28,146.5105572400325,146.93813941910852,145.68210232594333,146.00279235839844,1730200
2017-09-29,146.00280662350838,147.04505952526443,145.8780945760683,146.3502197265625,1852300
2017-10-02,146.91143150758643,148.24763784828525,146.35022049486292,147.7755126953125,2267100
2017-10-03,148.15854177684022,149.02260923314478,147.00939689661718,147.05393981933594,2839400
2017-10-04,147.18756032397923,147.81112048684395,146.7065320819385,147.1697540283203,1918600
2017-10-05,147.74876597465234,148.87117422760534,147.20537493949274,148.82664489746094,4715400
2017-10-06,141.63788665426588,142.0476626215547,139.4465020498165,139.9364471435547,18001200
2017-10-09,139.86512747599602,140.52432731202828,137.2818013808299,137.72720336914062,7028800
2017-10-10,138.671500837803,140.17696224800366,138.14592957406273,139.74046325683594,5420200
2017-10-11,140.12345916152165,141.60219692911738,139.9096613276535,140.63121032714844,3859300
2017-10-12,140.6312174569878,140.73812317563642,139.2861083645851,140.0522003173828,3596300
2017-10-13,140.2304039042445,142.59994647992187,139.9364368695843,142.3950653076172,3634500
2017-10-16,141.97636227522577,142.35049836734697,141.0321121009306,141.46859741210938,2453700
2017-10-17,141.63786553459903,141.8783864706782,140.3640220734181,141.0855712890625,2426800
2017-10-18,141.49532273688473,141.49532273688473,140.132393524754,140.34619140625,3011300
2017-10-19,139.98093158280588,141.42402962623405,139.85621957402307,141.15679931640625,2981700
2017-10-20,141.61114927969615,143.4283839249363,141.20137335388063,143.214599609375,3993200
2017-10-23,143.2858559464749,144.65768838528348,143.04533501504343,144.3459014892578,2811200
2017-10-24,143.56203434637746,145.10312208782955,143.41950238613097,144.56863403320312,3040700
2017-10-25,143.4194388965349,145.2010468331378,143.04530286095908,144.4705810546875,3603900
2017-10-26,144.72003173828125,145.6910048891809,143.2323770154131,144.72003173828125,3038900
2017-10-27,143.24134642409507,144.91604940853324,143.1522605494288,144.64881896972656,3399900
2017-10-30,144.30137509320244,144.3102782417357,142.05654473684936,142.73355102539062,2550700
2017-10-31,142.3861358464382,143.65999288283845,142.27924369523564,143.49073791503906,2513600
2017-11-01,144.2835618850851,145.45941639780276,143.67780794194454,144.92494201660156,2129400
2017-11-02,145.85134357986323,147.4726134784115,144.8536473915819,146.93812561035156,3255700
2017-11-03,146.23437946159126,148.82662221418903,145.8958696115011,148.26541137695312,3112500
2017-11-06,147.69537074931827,148.39910023748018,146.9649046242372,147.0272674560547,1917300
2017-11-07,147.16082429537497,148.3188722627918,146.6263500283609,148.12289428710938,1944200
2017-11-08,148.43467946830776,150.71513560414448,147.89128846776927,150.59042358398438,3494300
2017-11-09,149.19184504300668,150.82201793870755,148.80880586046965,150.64385986328125,2094000
2017-11-10,150.04706197909888,152.6660285081325,149.7263719226337,152.64820861816406,2673100
2017-11-13,152.32751352853654,154.18929098721856,152.01572663106083,152.73728942871094,4093300
2017-11-14,152.16712732342495,153.0668343608211,151.23178051850672,152.71942138671875,1774300
2017-11-15,150.8131271099724,152.0869703662717,148.81772116148989,150.54588317871094,2439900
2017-11-16,152.0915872466873,153.0833146678838,151.13560536536818,152.7616729736328,2342700
2017-11-17,152.77954574357148,153.85168018009847,152.4668336178253,152.7616729736328,2100600
2017-11-20,152.8777185600941,154.14641167945314,152.645427245142,153.9230499267578,1955000
2017-11-21,154.53071786561603,155.62965470286244,154.164401042224,154.9416961669922,2360200
2017-11-22,155.31686491464603,155.4598197449337,152.868828202354,154.10177612304688,1950100
2017-11-24,154.01246379275602,154.70935165881983,153.22622573548395,153.33343505859375,789400
2017-11-27,153.89633016002503,154.62002044569212,152.8867301337391,154.2179718017578,2346700
2017-11-28,154.85234530809063,155.6206971601128,154.16438683561736,155.1471710205078,2728400
2017-11-29,155.4598852767339,158.8013842704215,155.0578365758798,158.61375427246094,4683000
2017-11-30,161.2047286161264,165.19844009951618,161.01711227238246,164.7785186767578,7716600
2017-12-01,163.73321997733134,165.44863791891746,161.83018565389284,165.4039764404297,4034400
2017-12-04,167.27124405570123,169.64781770623358,166.68156542669507,169.36190795898438,5774200
2017-12-05,169.4601508495694,170.84499691644294,166.94063650668085,167.80728149414062,3182800
2017-12-06,167.62859848595582,167.95024009845895,165.74342390796468,167.27122497558594,3569200
2017-12-07,166.63689086437168,167.78944579142882,165.78811845298264,166.35992431640625,2240800
2017-12-08,166.8870448761484,168.44164836273666,166.13655228245463,168.03067016601562,1772500
2017-12-11,168.1557605478668,168.77222787331388,167.11041497232046,168.7364959716797,1964100
2017-12-12,167.03891364748316,168.96874945955594,166.895958807204,168.2361297607422,3365700
2017-12-13,168.44162355060865,169.86220152932782,167.7894108188002,168.21826171875,3062900
2017-12-14,168.48634009590407,169.52274252261392,166.3331282351347,166.65476989746094,3743200
2017-12-15,172.80170429162828,174.53499482395557,171.54193989859513,172.19415283203125,8452900
2017-12-18,172.10475733534545,173.6414877781739,171.4525309922554,171.81884765625,3492300
2017-12-19,172.3549768025668,172.43538381327124,167.0746983061229,168.2629852294922,3959900
2017-12-20,168.8973234293457,169.09388298630518,165.6451748045543,167.5303497314453,3894400
2017-12-21,167.96814572633426,168.32551930662328,166.69945179350165,166.89601135253906,1908100
2017-12-22,167.3159159580579,167.50353229729097,166.1544314896928,166.74411010742188,1078300
2017-12-26,166.3509810569044,167.3784401598701,166.28843319229162,166.67262268066406,1120000
2017-12-27,166.94067865979443,167.12829500915694,166.00255601419926,166.44927978515625,1175200
2017-12-28,166.6904764788701,167.09252505458878,166.35096212772234,166.73513793945312,1017000
2017-12-29,166.59223467373138,167.6107643262571,166.11869493419528,166.2884521484375,2028000
2018-01-02,167.2801754208781,170.3625666395548,166.84239486097226,168.25404357910156,2509300
2018-01-03,168.7007460882552,171.63125249526863,168.3076270475466,170.27320861816406,3364400
2018-01-04,171.54192003168276,171.80995700831767,167.5750109496818,168.950927734375,3525800
2018-01-05,169.24576686996318,169.46912876276494,166.8245315864315,167.74478149414062,2819000
2018-01-08,167.36062946315897,168.84374228196418,167.298081580444,168.3970184326172,1961800
2018-01-09,168.87053204361976,169.12963949138165,166.31527127037174,166.4403533935547,2241900
2018-01-10,165.9578489114884,166.39564303046726,164.28710669278897,165.6630096435547,2609500
2018-01-11,165.6719520326693,170.35362151982872,165.31457851032016,169.20108032226562,4678600
2018-01-12,169.84432109280772,171.70267930378137,169.75497091810283,171.39891052246094,3499500
2018-01-16,171.85458152045985,172.29236194159645,170.55014255572345,171.1219482421875,2006600
2018-01-17,172.0154882686432,172.04229060958193,170.95228330163943,171.80105590820312,2585200
2018-01-18,171.74743990010805,172.46220075484177,170.84506267117595,171.10415649414062,1908000
2018-01-19,171.28286822810088,172.11376806306197,170.7914692560071,171.80105590820312,2353800
2018-01-22,171.98864924473784,174.00783575139363,171.5955301509101,173.6683349609375,3009100
2018-01-23,172.98034983684676,173.41814396608743,171.60444685383004,172.8105926513672,2316400
2018-01-24,173.71295643030268,173.99886611740578,171.47933812327565,173.543212890625,2799200
2018-01-25,174.22222802065636,177.30461855905236,173.98993662448154,176.85789489746094,3558700
2018-01-26,176.67923488347367,178.0015333045731,174.83873530059546,177.71563720703125,2756200
2018-01-29,177.23316854680488,178.58228293852648,176.50947828437413,177.18850708007812,2031100
2018-01-30,176.53626436714524,177.6083984954965,175.18716373253682,176.82217407226562,2285000
2018-01-31,176.40222985333725,177.3224794439343,173.41811926571336,174.10606384277344,2682300
2018-02-01,172.80168097681397,174.5796327430949,171.93503582758018,172.85528564453125,2096600
2018-02-02,170.87184834590465,172.97145559574452,170.46979966461754,170.63955688476562,2386600
2018-02-05,170.34471067792938,171.6312773124899,163.08097783951408,163.29541015625,3407200
2018-02-06,159.84667115425728,165.50219460394317,157.4254227994952,165.29669189453125,4067900
2018-02-07,164.93038782664084,166.3509658547054,163.56341445881648,163.67062377929688,2594800
2018-02-08,164.84999387219494,164.84999387219494,159.5071816214253,159.5786590576172,3013200
2018-02-09,160.62394828281182,162.6699501550128,157.0590887860171,161.4637908935547,2777200
2018-02-12,162.4645119543563,163.7332059388475,161.1600860635526,161.7676239013672,1596200
2018-02-13,161.01712364999435,164.93042840544004,160.86523919763653,164.5283660888672,2123900
2018-02-14,163.24174974938705,168.39693046207566,162.88436267685046,167.38734436035156,2191000
2018-02-15,168.4982342319457,171.741178397661,167.13656976364737,171.53512573242188,2072900
2018-02-16,171.50822299694912,174.34802848937946,171.1409260492786,171.6067657470703,1969300
2018-02-20,170.09281777102015,171.53511801576784,168.08614867878546,168.5251007080078,2202100
2018-02-21,168.89236065730063,169.43882246047113,166.34818366228592,166.4019317626953,1747200
2018-02-22,166.93942656111813,168.7131820777411,166.32129611775156,167.1544189453125,1360100
2018-02-23,168.26532162472057,170.07491894823372,166.5453136054104,170.03907775878906,1561700
2018-02-26,170.29881852531554,172.98633267141054,170.14651402796144,172.72653198242188,1852400
2018-02-27,173.2998309726152,175.1542219008051,170.2987823486328,170.2987823486328,2170400
2018-02-28,171.64264653483357,173.57764713097208,171.0065952428528,171.0155487060547,2179800
2018-03-01,171.3828116085258,172.88782696070626,167.80842577723482,169.34030151367188,2447700
2018-03-02,167.95171814458618,170.55861021838686,167.71880516652791,169.60902404785156,2275900
2018-03-05,168.82073658904974,171.98304491343256,167.96969287901115,171.53512573242188,2155800
2018-03-06,172.1263447884744,172.2248875335793,170.2719668916524,171.51718139648438,2458700
2018-03-07,169.5015905741376,169.98533729815352,165.53301933307603,167.8442840576172,5157100
2018-03-08,166.79613998788068,166.93947740059792,164.0100822492014,166.3482208251953,6061500
2018-03-09,167.0738041759627,168.99089714627263,165.03129441953544,168.93714904785156,3288100
2018-03-12,168.65946834520872,170.29885395572677,168.01446372240142,169.64488220214844,2394100
2018-03-13,170.25404011848266,170.3167416797786,167.3425661826765,167.93382263183594,1964300
2018-03-14,169.1163594799788,169.32239846921954,164.38633417333943,165.3986358642578,2866000
2018-03-15,165.5688337665255,167.13655072144985,164.97757723429635,166.18695068359375,1811300
2018-03-16,166.78721398783148,166.84992924738958,165.2553377285379,166.50950622558594,3569400
2018-03-19,166.29444777681974,166.60798294203985,163.76817751677427,164.96859741210938,2493200
2018-03-20,165.819705854711,168.0413814273822,165.37178662081865,167.83534240722656,1852500
2018-03-21,167.36947661811362,168.3190630595822,166.67967727747006,166.6886444091797,2048300
2018-03-22,165.64047994118746,166.22278298066695,163.49047370001827,163.6158905029297,2489800
2018-03-23,164.1892040605501,165.23733298564224,161.99440347367832,162.00335693359375,2351800
2018-03-26,163.965291941701,168.02343856955846,163.3471612937186,167.71885681152344,2036600
2018-03-27,167.91590727618407,168.11299276538097,163.09629359030524,164.07275390625,2495300
2018-03-28,164.48486328125,165.38965500185063,162.35276385062645,164.48486328125,2168700
2018-03-29,165.4971637396972,168.99092745777926,165.20153547595075,168.80279541015625,3016000
2018-04-02,167.44113757770648,167.44113757770648,162.19152466679392,163.71444702148438,3599200
2018-04-03,164.41318930690525,164.9865252274983,162.46026852624362,163.58901977539062,2287000
2018-04-04,162.26322311337236,166.93950092430174,162.09301162046185,166.19595336914062,2111000
2018-04-05,167.25300853591187,167.52176276085362,165.66737091122258,166.84988403320312,1933600
2018-04-06,166.0346329233982,167.74568700339574,164.0279642945804,164.7983856201172,2259000
2018-04-09,165.90924430227614,167.88008575564928,164.38632198236994,165.2015380859375,1946000
2018-04-10,166.40197878350833,166.59906432030397,163.19487574859,164.43113708496094,2526000
2018-04-11,163.26652800023007,166.95737737285614,163.23965394514065,165.41653442382812,1697300
2018-04-12,166.17804647263551,170.24514736367829,166.16909300836892,169.15223693847656,2841600
2018-04-13,170.03906761561365,170.056988209267,167.53071761105292,169.23281860351562,1744400
2018-04-16,171.85762337619062,175.40514920704135,171.44554539583118,174.31222534179688,3026800
2018-04-17,175.27970783936087,176.3726315515458,174.4465711941154,175.58428955078125,2160500
2018-04-18,175.8530955641767,177.16997921738582,175.6918375304111,176.0412139892578,1663100
2018-04-19,175.72766603194287,175.9426585022215,173.34473257735308,174.75120544433594,2427600
2018-04-20,174.17785833154866,175.28870289902665,172.67285633955552,173.3984832763672,2252800
2018-04-23,173.62242037424676,174.13305477138093,172.23386826226243,173.21034240722656,1618000
2018-04-24,174.27637534660877,175.01096930751388,171.239484082887,172.45782470703125,1598900
2018-04-25,172.20701383254666,174.39286174139357,171.45451284834311,173.76577758789062,1311700
2018-04-26,173.90011640357076,175.9784677011546,173.20136366337786,174.92137145996094,1445800
2018-04-27,174.64367627128078,176.40847884028952,174.26742582039574,176.10389709472656,1563100
2018-04-30,176.5697107586057,178.3076253456312,175.93365963622088,176.6234588623047,2165000
2018-05-01,176.0232324921381,176.55177368838562,173.35362512275054,176.0769805908203,1413200
2018-05-02,175.11845455980335,175.20804385117316,172.40406579805955,173.79261779785156,2498100
2018-05-03,173.72094726806418,173.7836625052435,170.37050737947575,172.90573120117188,1815500
2018-05-04,172.75341755547353,175.94259903449938,171.35591229337498,174.858642578125,1704500
2018-05-07,175.3872276223095,175.40514821639164,172.18909188375946,172.95054626464844,2361900
2018-05-08,172.88785057889726,174.86764570605848,172.3772161507227,174.22264099121094,1908600
2018-05-09,173.9269684007435,175.96052479413888,173.03113026595852,175.62010192871094,1999100
2018-05-10,176.14123340751533,176.93186057073137,174.47909440311733,175.60215759277344,1874200
2018-05-11,175.49433388483118,176.07832121306245,174.81151645543974,175.8806610107422,1296300
2018-05-14,176.06038782585352,177.2373559331965,175.5752168185518,175.98851013183594,1440900
2018-05-15,174.98223434274504,176.7252307044323,173.63455843949424,175.62911987304688,2319600
2018-05-16,176.15917368372462,179.10608985172942,175.1978251906926,178.5310821533203,2163200
2018-05-17,178.84554806396744,180.90300731399665,177.79436266094706,179.33071899414062,2391000
2018-05-18,179.24092519673414,179.25889805038722,177.69558880506327,178.75576782226562,1624600
2018-05-21,179.3307347073845,180.8940298856037,178.87251615437484,179.34869384765625,1202800
2018-05-22,179.438532078057,181.2803583153624,178.63891169425574,178.7646942138672,1563600
2018-05-23,178.8725071687156,178.8725071687156,176.78810913271064,178.01898193359375,1635100
2018-05-24,178.15376472857133,178.87252795561596,176.8330549495597,178.69284057617188,1176300
2018-05-25,178.69282196220476,179.88776278947307,177.7314870422211,178.21664428710938,1331000
2018-05-29,177.9831088455204,178.64795366314533,176.09635668306478,176.76121520996094,2298100
2018-05-30,178.0369354236942,180.16625849512823,177.66856746767158,179.36663818359375,2390900
2018-05-31,179.88776918255084,180.31902160547423,177.62366997098505,178.1088409423828,4822800
2018-06-01,175.6021832481739,178.7827063431427,175.19788318268314,177.11158752441406,4056400
2018-06-04,177.28228151829816,178.82760395996294,177.2193833949462,178.45025634765625,1870600
2018-06-05,178.9893014445374,179.10610439111107,176.98576076061616,177.7494354248047,1868500
2018-06-06,177.9022027881456,178.25259798247552,176.72523466640325,177.58775329589844,2066900
2018-06-07,180.1393310734528,182.2776477195445,179.16002328701825,181.99913024902344,2735000
2018-06-08,181.0467843902504,183.2929110009097,180.5885794970126,183.0682983398437,2052500
2018-06-11,183.06828069009347,184.08353420719607,182.7628107907189,183.733139038086,1684800
2018-06-12,183.5085262056737,184.2542418128456,182.59210279924628,184.0745544433593,1384800
2018-06-13,184.11047893385324,184.92807219736864,182.57413622167115,183.3827362060547,1665800
2018-06-14,184.065609469847,184.83827769975667,183.544506365092,184.29022216796875,1685000
2018-06-15,184.5417172196811,186.5812035827969,183.7960154092304,186.26675415039065,3879600
2018-06-18,185.08082007793445,186.97655135622963,184.31713159876008,185.26950073242188,1975000
2018-06-19,184.09253003251573,186.7070246763381,183.84096495090407,186.45545959472656,1940600
2018-06-20,186.6621114788518,187.40782720089803,185.9433618901867,186.8597717285156,1527700
2018-06-21,187.0304075551035,189.6718537753362,186.8776726408453,188.63864135742188,1825800
2018-06-22,189.00699369538663,190.2648323973216,188.6925443018511,189.66287231445312,1738600
2018-06-25,188.68362385258985,190.54342335523816,188.6476918571863,190.24693298339844,2398600
2018-06-26,190.81298367339085,190.88486138189407,188.6477139735213,188.75552368164065,2276700
2018-06-27,189.1238414602871,190.8488648774256,188.3242210162604,188.7015686035156,2211700
2018-06-28,188.67460485323204,189.74376314088303,186.9226291214482,187.5156097412109,1826700
2018-06-29,188.36911686174784,189.150764334018,187.1651965986669,187.75816345214844,2164600
2018-07-02,187.25504049061084,187.61442889491656,185.1257173185045,186.86871337890625,1876100
2018-07-03,187.35390053195312,188.5937667337541,185.8894216825369,186.0870819091797,842100
2018-07-05,187.0573861228495,188.0366938502169,186.4733987979006,187.9019317626953,1436700
2018-07-06,186.10506765540435,189.0250322767342,185.6738151806956,188.33322143554688,1523200
2018-07-09,189.141802217144,190.28282447615453,188.6746041207266,189.51914978027344,1738300
2018-07-10,189.56410357876044,191.1004464806508,189.4203481875693,190.2019958496093,1687800
2018-07-11,189.76178895234725,190.27389875106107,188.6477050869349,189.52818298339844,1472800
2018-07-12,190.95669066901613,192.4211695813552,190.6691935965356,192.28640747070312,2222000
2018-07-13,192.2684629486021,194.6403724104384,192.00791825986303,194.550521850586,1951200
2018-07-16,194.6403095448724,195.08055521112445,192.17855031829075,193.03208923339844,2078200
2018-07-17,192.32230920646512,194.20906071437005,192.2684043706849,193.16685485839844,2064800
2018-07-18,193.47236070979417,193.9575317405653,191.90906534441163,193.1399383544922,1869500
2018-07-19,192.68168308625644,196.0418788827949,192.2953422768765,195.4488983154297,2790800
2018-07-20,194.94577564975293,196.7067445714841,194.2809310877933,196.4821319580078,1793900
2018-07-23,197.5512937490845,198.0723966668453,196.04188983052447,196.6168975830078,1394300
2018-07-24,197.12903161573848,198.27005390391685,195.4938450911108,196.38331604003903,1453900
2018-07-25,195.51186125090427,198.39589408715167,195.2962281432928,198.2880706787109,1560200
2018-07-26,199.4560022881301,201.8099381083493,198.3958373248842,199.2044372558593,1820000
2018-07-27,199.73451648670755,199.90522426495568,196.54501466107644,197.3446350097656,1596800
2018-07-30,196.7966294603063,197.7669578326455,196.4103022512116,196.85952758789065,1292700
2018-07-31,197.38059975390448,197.72201534335056,196.1587064808664,196.5001220703125,1888500
2018-08-01,196.44623206147207,196.85054582740253,194.2899559530991,195.08059692382807,1841300
2018-08-02,193.17584152585584,198.9169398049212,193.17584152585584,198.6653747558593,1904800
2018-08-03,198.55755304908448,200.0130384175017,198.55755304908448,199.4829559326172,1195700
2018-08-06,198.9439419114088,200.5971017014746,198.566594243571,200.1029510498047,1285500
2018-08-07,200.5701012887337,202.582621702366,200.33649537696056,201.12713623046875,1428100
2018-08-08,200.2286813588707,202.04355522904223,199.67164642921347,201.7740173339844,2010700
2018-08-09,199.11457284761323,199.77045150892235,194.882879149588,196.07781982421875,3637100
2018-08-10,195.9880164005141,199.20447124392564,195.63762120940527,197.93765258789065,2830800
2018-08-13,198.5845480281368,199.07869863235624,196.8145991334673,197.26382446289065,1518900
2018-08-14,197.6681026215309,199.9591542896605,197.53334052133928,199.45602416992188,1450600
2018-08-15,198.30600536386072,199.5548510728808,196.5540295431876,199.15953063964844,1844100
2018-08-16,200.75876920560256,201.48651194511348,199.5818011988116,200.52517700195312,1657700
2018-08-17,199.75249768910447,202.94199964814013,199.5907694732175,202.7622985839844,1980900
2018-08-20,203.04981217629188,205.0443733749419,203.0228597581425,204.26272583007807,1783700
2018-08-21,206.1854176353841,206.73347300857083,204.57718350504584,205.3318786621093,2066700
2018-08-22,205.2779287576496,206.8502168443242,205.18809194968367,205.93380737304688,1267900
2018-08-23,205.7451186467113,206.9580320351027,205.358791598258,206.2033233642578,1337900
2018-08-24,206.64363971470647,208.49444577258143,206.28426495543167,207.7936553955078,1453200
2018-08-27,209.1054004532605,209.2132101397764,204.9365901603356,206.67059326171875,1904100
2018-08-28,207.48818131282425,208.28780178903224,206.49988018076127,206.87722778320312,1882100
2018-08-29,208.25193587567736,208.4406166038214,205.50267821223136,206.81442260742188,1793600
2018-08-30,206.81434486334908,208.20140115232527,206.65222889734665,207.9041748046875,1272000
2018-08-31,207.3456917271288,210.32694238255647,207.3456917271288,209.9756774902344,1881300
2018-09-04,209.9847075826802,211.5789163437072,209.9847075826802,211.3717498779297,1858400
2018-09-05,211.2727096017889,212.71379068866548,210.0387675150878,212.2094116210937,2126000
2018-09-06,212.08327978190064,213.2541674088339,211.7139974065154,213.173095703125,1853200
2018-09-07,213.7405899553145,218.82042986637188,213.64151450297845,217.4784240722656,2722400
2018-09-10,218.86550241061013,219.58605002317395,218.0728986624597,219.02761840820312,2817300
2018-09-11,219.70311893122903,220.8109665027868,219.01860629016,219.955322265625,2185700
2018-09-12,220.666855775619,220.7749331030402,218.171965435664,218.36111450195312,1912000
2018-09-13,218.41509980064976,219.75711917587844,217.10911535462523,217.3072662353516,2078200
2018-09-14,215.2627185096407,215.2627185096407,211.18263544655787,212.00225830078125,3875300
2018-09-17,210.81334703687,211.2907067640957,208.5166082352697,208.9579467773437,2884600
2018-09-18,208.939931566864,212.08331255806863,208.68774203818668,211.0745544433593,2000200
2018-09-19,211.3177055414791,211.42579657302085,209.33621071164336,210.6241912841797,1581400
2018-09-20,211.29974126691056,211.66000812384408,209.24618994713043,210.6872711181641,1910100
2018-09-21,211.0925674140332,212.4165693692529,210.7683217567692,211.4438323974609,3717800
2018-09-24,210.9304554537636,211.5249081272277,209.76856943351083,210.1648712158203,1530400
2018-09-25,210.7863477387508,211.3537810977146,209.61545983224923,209.79559326171875,1889700
2018-09-26,210.37201069755392,212.2544301785032,210.2639196614317,210.58816528320312,2008500
2018-09-27,210.48913135027323,212.2634738882264,209.26420473133047,210.75933837890625,1421400
2018-09-28,210.6332273301016,212.08332407035948,210.57017307286023,211.5519256591797,1602800
2018-10-01,212.38958083847416,213.03807224703,211.14663668152525,211.34478759765625,1673100
2018-10-02,210.84938369926016,213.9747472180352,210.6422172172145,212.8759155273437,1647600
2018-10-03,213.11911493968216,213.7405869735477,209.61546670983924,210.03878784179688,2322300
2018-10-04,210.0928315657573,210.75934041036976,207.75106936273352,208.6697540283203,2862800
2018-10-05,202.65317572752247,204.50857593747787,196.1592612493805,197.08697509765625,7379000
2018-10-08,197.5553164377452,202.2028325009697,197.4832603270792,201.6894378662109,3863500
2018-10-09,201.8876069245341,202.7882877740628,200.4555276721753,201.90562438964844,2502800
2018-10-10,201.8426305115321,202.6532379660756,199.08653493081965,199.0955505371093,3021400
2018-10-11,200.77078614055773,202.94143044495945,198.98742803297537,199.7890472412109,3650900
2018-10-12,202.8332936170997,205.0129392911951,201.2030637271195,204.40948486328125,3130500
2018-10-15,203.77898114838447,204.400452947278,201.9776199890617,202.2117919921875,2441900
2018-10-16,202.53612059272768,205.5894284599392,202.0407570654452,205.0670318603516,2541800
2018-10-17,205.76051963829872,206.147819516818,203.11251596938789,205.7965545654297,2129300
2018-10-18,205.84158958249176,207.74202667190315,203.7790365414551,205.87762451171875,2624600
2018-10-19,206.16584687783129,207.7240346874194,206.0037309170461,206.859375,2099800
2018-10-22,207.0485626108104,207.3818101989412,204.697784538302,206.3099975585937,2007300
2018-10-23,204.51757892044108,206.4900581647657,201.5903665627897,206.0307159423828,2656700
2018-10-24,203.4908222733969,208.13833885895792,200.9328919021065,201.53634643554688,3100200
2018-10-25,201.8065338037952,204.9859358645992,200.70770215035773,203.91412353515625,2218900
2018-10-26,200.2303625643821,202.65319631030889,195.4477493303868,196.51956176757807,3995400
2018-10-29,197.92465113579604,202.55415095847803,197.02397012948973,200.3294677734375,3801400
2018-10-30,200.94192803647067,205.5444083001205,200.8608563050156,205.283203125,2410500
2018-10-31,205.9406569188485,207.6609605243246,203.15755657907712,205.9226531982422,2674600
2018-11-01,205.51736196529984,207.87715527793048,204.94092673678776,206.7963409423828,2095000
2018-11-02,206.985476401045,209.16512254007367,204.61668122507697,207.3007202148437,2167200
2018-11-05,207.79605938870617,211.56089828179432,206.9764366176396,211.1645965576172,2513900
2018-11-06,211.65999453233724,213.90269474113973,210.92142965676013,213.20016479492188,2101300
2018-11-07,215.03757485611527,216.95602966001763,213.407344550375,216.4966735839844,2603600
2018-11-08,215.33201695615983,216.4966647623999,213.9958445841952,215.5035552978516,2140600
2018-11-09,214.84451650588693,216.9119724786448,214.03198235218449,214.63687133789065,2256700
2018-11-12,214.54656945233413,215.9549692394488,211.3776699313262,211.6936492919922,2301400
2018-11-13,211.93741006200293,213.4451207616177,210.1498268184312,211.38668823242188,1548100
2018-11-14,214.07707758222548,214.07707758222548,209.19282264385907,210.6373291015625,1896500
2018-11-15,209.7435843598233,210.0415034553621,204.94056537814376,207.5948638916016,2722300
2018-11-16,207.01700044616345,208.66012863284743,204.5071574419131,208.56985473632807,2822400
2018-11-19,209.10261525728515,210.80894837834512,205.67188871691872,206.5115203857422,1949500
2018-11-20,203.0626794047227,203.1349068024797,196.86029799199665,197.9978485107422,3704800
2018-11-21,199.1263795647728,200.4535287499129,196.3186031373224,197.32977294921875,2036500
2018-11-23,196.9054645596138,199.6861439263145,196.508220714094,198.67498779296875,1007500
2018-11-26,201.1938548763427,201.7626232744485,197.62769754641167,198.124252319336,2205600
2018-11-27,198.05203151830145,201.43761357019912,197.1582466732204,201.3383026123047,2369800
2018-11-28,201.1306032437564,208.06428058131328,200.5979417840124,207.9559326171875,2765600
2018-11-29,206.7461753944298,209.0844803601261,206.168370040436,208.55181884765625,1478700
2018-11-30,209.1748019978631,210.70959642705068,207.3781815109152,208.8046417236328,2764000
2018-12-03,208.2990477814926,209.63522019453,206.0329700121424,209.52688598632807,2481500
2018-12-04,209.55396244646943,210.628322561337,203.64047707348675,204.3537139892578,3418600
2018-12-06,205.7891875568947,211.13389055100265,204.57940974365363,210.5380249023437,4029800
2018-12-07,210.49290120884777,211.08876691454256,201.3563488253982,203.00851440429688,2881900
2018-12-10,202.7195886041252,203.31545426218423,197.8172731401932,201.0222930908203,2650000
2018-12-11,203.2432220959851,205.16623677638984,202.2320661734272,204.48912048339844,2466800
2018-12-12,206.15935073485795,208.05526813151312,205.00374000471567,205.6627960205078,2891400
2018-12-13,206.6016838115874,207.3058835308348,203.5682027994587,204.49810791015625,2170200
2018-12-14,196.81518294482103,197.71800488493489,185.53893195344992,186.9383087158203,8822300
2018-12-17,186.5951907086652,187.7869220185545,181.16021374970867,182.57763671875,4739400
2018-12-18,183.35411365461093,184.78057404423893,181.981834155906,183.2638397216797,3308500
2018-12-19,183.72426639098168,186.8841432085169,180.43799505178373,181.83737182617188,3369600
2018-12-20,180.8623091251778,181.19634881293263,174.85853534924263,177.97328186035156,4250900
2018-12-21,178.0003310799493,181.19631386169203,175.43632073799003,175.61688232421875,5080200
2018-12-24,175.0571064110899,176.34814848974216,171.35554603882417,171.52708435058594,2031700
2018-12-26,172.27646330248643,179.46291714990133,171.0937551670854,179.32749938964844,3268800
2018-12-27,177.81973217268862,181.584496248066,175.111267619816,181.5393524169922,2705900
2018-12-28,182.20750454632736,185.0333274476863,180.1942019886825,182.40611267089844,2037800
2018-12-31,183.6159160072588,184.5277611350128,181.81027227042188,183.91384887695312,1729400
2019-01-02,181.0157401164947,185.1687252006257,180.4289115566776,184.8617553710937,2143100
2019-01-03,183.90484339118493,185.9271696827284,180.60051147967096,180.943588256836,2877700
2019-01-04,183.34503239375977,187.72370937090287,181.87342861521608,186.1979522705078,2761600
2019-01-07,185.54795226221904,188.7981026880443,183.76035506324845,186.8841247558593,2226600
2019-01-08,188.37373642607008,188.7619569086839,184.3381224485749,188.2834625244141,2366500
2019-01-09,188.8251724736878,190.6940201974456,187.71470552569733,189.5022888183593,1862900
2019-01-10,187.9223635202109,190.4051236203029,185.9813020432536,190.1703948974609,2340700
2019-01-11,189.6286360179406,190.7210561762797,188.96958013079063,190.052963256836,1861100
2019-01-14,189.1140550673765,190.17937801847387,187.93136089164585,188.68972778320312,1523100
2019-01-15,189.6286928757156,190.80236402082667,188.76199162539527,190.52249145507807,1681900
2019-01-16,190.91073646944,190.91073646944,189.14119937803264,189.755111694336,1455000
2019-01-17,189.4751781339513,191.08219959310355,189.27655626587944,190.91067504882807,1517100
2019-01-18,191.90375878629607,193.34827886943648,191.19053577742284,192.8336639404297,2115400
2019-01-22,192.3010216492337,194.6122429916616,190.31481666908272,191.7593231201172,3310800
2019-01-23,192.3010021202156,193.971227602068,189.5925373016209,191.4794311523437,2220200
2019-01-24,191.75029197208937,191.75029197208937,188.59943941678296,189.87242126464844,1994400
2019-01-25,191.4253359662908,191.6871620449795,188.45505782758093,188.75299072265625,2252300
2019-01-28,188.40082714854577,190.30578150079072,187.16396581863088,190.2877349853516,1999400
2019-01-29,189.8814582978736,190.0800663893468,188.30152039159043,189.87242126464844,1636500
2019-01-30,190.02592180286408,191.5516927943888,188.97865902209648,190.81138610839844,1589800
2019-01-31,190.62179105526965,193.99834948912567,189.33978577421425,193.77264404296875,4341100
2019-02-01,193.20387104592768,194.1066928732451,189.0238015771383,189.8363494873047,3453700
2019-02-04,190.22454734967727,190.666934983688,187.6966435964125,190.65789794921875,1630300
2019-02-05,190.93780835856657,191.86771381236025,189.2675823352065,191.046142578125,2074500
2019-02-06,191.632976633908,191.632976633908,190.02595471122345,191.03712463378903,1618800
2019-02-07,190.16801342010143,190.1951701205585,186.72802195940807,189.24464416503903,2526600
2019-02-08,188.1402477981908,188.73772290497504,186.25730473671004,188.0678253173828,2013700
2019-02-11,188.88259376395783,189.12701796142548,187.171652008042,188.9459686279297,2376600
2019-02-12,190.15903091694645,192.59418403209085,189.43481970671624,191.82470703125,2091200
2019-02-13,192.12339926958347,193.28213140684056,191.28151377854152,192.639404296875,1703000
2019-02-14,191.91519583896869,194.22361251381807,191.13667137879293,193.58087158203125,1411100
2019-02-15,194.7667501997536,196.6678023763025,193.7619107029793,195.96170043945312,2635500
2019-02-19,196.14275855472667,198.79517856548304,195.99791358343296,197.45538330078125,1938100
2019-02-20,197.55499451478408,198.31542383075032,194.685320395101,196.5411071777344,1785600
2019-02-21,196.0794190909256,196.18804592476155,194.0244740007332,194.8392028808593,1615300
2019-02-22,194.78491021513096,196.07037853412257,193.9520721695806,195.79879760742188,1542500
2019-02-25,196.77643149086688,198.3334803475292,196.03412521074256,196.4867553710937,1794000
2019-02-26,196.34192479517463,198.17055464470928,195.6539318737589,196.99371337890625,1884100
2019-02-27,195.99793523771584,198.1253028224513,195.9436218207742,197.3920440673828,1482700
2019-02-28,197.7903627416016,198.876672530216,196.91225899095343,198.0166778564453,2055600
2019-03-01,198.93995987029595,199.6732321737749,195.3279808160976,198.65028381347656,2178200
2019-03-04,199.54651127648387,200.13493872983577,195.4185267259193,197.7178955078125,2444700
2019-03-05,198.17053355077587,200.614733573012,198.1614721074364,198.99432373046875,2160200
2019-03-06,199.609889488446,200.8863097840104,197.55494480833613,198.460205078125,1985300
2019-03-07,197.46444793753267,198.60507102526583,195.7353973243457,196.2513885498047,3279100
2019-03-08,204.1180848575248,207.0330240754722,202.57009750810585,206.2364044189453,6782700
2019-03-11,205.97387938984377,208.1284033704604,205.54840593462663,207.9292449951172,3748400
2019-03-12,208.4995482968189,211.28773772307943,208.11932683460805,210.88943481445312,2647100
2019-03-13,212.05723417509068,214.9540644940361,210.8803929730632,213.9854431152344,2421200
2019-03-14,213.75910409226688,213.9854191514208,211.1791068926423,211.68605041503903,2300300
2019-03-15,211.9848175179347,213.32459898730693,211.08860478594016,211.4688262939453,5075400
2019-03-18,211.45067837285808,214.2569766943265,211.36920827032844,214.17550659179688,1735400
2019-03-19,215.01746876137184,215.49725570108703,213.9039884478334,214.5919952392578,1852300
2019-03-20,214.5738454890609,215.8955315905996,213.44227012626868,214.5285797119141,1499500
2019-03-21,214.2569938957772,217.12668110489432,214.1393194537341,216.8460388183593,1617000
2019-03-22,217.03615691053068,217.57025717233284,214.4561595304323,215.0536346435547,1873600
2019-03-25,214.48331310315265,215.52437072079047,213.4513169288145,214.51953125,1357100
2019-03-26,215.4519884613509,217.48882448672083,214.87262232221727,216.42062377929688,1193000
2019-03-27,216.09469882935983,217.4525893204467,215.5968028866594,216.72837829589844,1351200
2019-03-28,217.2443546223828,219.02771845026973,216.882256041494,218.36688232421875,1396700
2019-03-29,218.76521645455887,219.4713184126876,217.95953530678784,219.19973754882807,1968000
2019-04-01,220.0416699407962,221.2547156602161,219.5980873360029,221.05555725097656,1610200
2019-04-02,220.88352969480897,221.0555313747616,217.54311672825048,217.71511840820312,1574300
2019-04-03,218.79237299478743,220.47615777363544,218.1858502267584,219.5075225830078,1663600
2019-04-04,219.2268940447221,221.5715150012241,218.3940561926773,221.24562072753903,1319700
2019-04-05,221.7525937728601,223.6807890328652,220.8925853418874,222.5763702392578,1616200
2019-04-08,222.6850080208497,223.4454234323037,221.9698445782953,223.164794921875,1244200
2019-04-09,221.88838575012505,222.40437701516373,220.8925937464672,221.70733642578125,1450200
2019-04-10,222.04226583373304,223.30057721468967,221.52627459781849,222.34100341796875,1556600
2019-04-11,220.5395045762009,221.04644812193385,218.0953045874596,218.384994506836,2719800
2019-04-12,218.6294694046926,219.72484074271568,218.07725991932523,219.0277862548828,2187600
2019-04-15,219.4079305328543,223.37297499554464,219.0367843145632,222.9927673339844,1859700
2019-04-16,223.2824617346316,223.43636815105907,221.10984240109929,222.09657287597656,1360500
2019-04-17,222.9656282263457,223.11047319832585,221.17321659091647,222.2957305908203,1363000
2019-04-18,223.4092002435533,223.82562609082248,221.51720938872663,222.5220489501953,1365000
2019-04-22,221.960758693636,222.48581128624875,219.57991986112063,220.3584442138672,1300000
2019-04-23,221.47195864956777,223.1738526779952,219.2631348036832,222.31385803222656,1524600
2019-04-24,222.40437728685225,225.13826767127065,222.33196860756863,224.4683837890625,1156400
2019-04-25,222.8841490439495,223.735082140074,220.8292042537421,222.3319396972656,1278200
2019-04-26,222.3500386037848,222.59446276142,219.12731402794137,220.7205810546875,1842900
2019-04-29,221.7888278653924,222.46777325681705,220.4218894500686,221.1370391845703,1429700
2019-04-30,221.5806074844573,222.50396321159667,219.9964016735764,222.2686004638672,1427600
2019-05-01,222.0966005440812,222.20524119351563,218.66566943827107,218.70187377929688,1350400
2019-05-02,218.8557173453403,219.87866586805245,217.64267190179035,219.69761657714844,1237600
2019-05-03,220.22268527961208,221.68015496961272,219.72478933336785,221.4447784423828,905900
2019-05-06,219.84247075221828,221.6348822897147,219.1273073753767,221.0917205810547,1194900
2019-05-07,218.81949294123945,219.7428621972821,215.65108229492697,217.4253845214844,1775200
2019-05-08,216.8641171799605,220.0234800449693,215.6239152069368,218.47547912597656,1611900
2019-05-09,218.4483132805269,221.5345050886758,217.99446072930024,220.9989624023437,1919300
2019-05-10,220.5178750759348,225.61010114548787,217.87644996033933,224.2213134765625,2036500
2019-05-13,221.58895889673485,222.3241977928012,218.45737915214687,219.59201049804688,1962800
2019-05-14,219.92786278857645,222.46943984102765,219.4921682183073,220.32725524902344,1635100
2019-05-15,219.7645032570021,222.75084722636785,218.96571826072983,222.0882263183593,1194800
2019-05-16,222.95956484903903,226.68114672606345,222.57833044312795,224.60250854492188,1800600
2019-05-17,223.18652573184977,226.9716541894429,222.92328350682823,225.4285583496093,1672000
2019-05-20,224.33934177719647,226.8718471220386,224.33934177719647,225.9278259277344,1600500
2019-05-21,226.1184513616552,227.6797054719383,225.2016740616272,226.86276245117188,1504200
2019-05-22,227.84306406879267,227.84306406879267,226.1456598752633,226.48150634765625,1242300
2019-05-23,225.682710248986,226.8536436653074,224.3665268505616,225.5919342041016,1822800
2019-05-24,226.11842317841607,226.5268877126473,223.9943965200296,224.47547912597656,1340200
2019-05-28,225.637322338606,227.1078000832004,223.42251980693345,223.5768280029297,3164100
2019-05-29,221.5980324075508,222.17896307011392,216.8598110642624,218.4755249023437,2594900
2019-05-30,219.8007862408832,221.09881174685788,218.5300046305757,219.24708557128903,2030300
2019-05-31,216.9233432459394,218.4482948919432,211.54065908972672,217.4679718017578,4058100
2019-06-03,217.64951780622604,219.2470737229188,216.10642197696325,218.82046508789065,2512500
2019-06-04,220.57234114156816,223.1320761931702,220.11848858777893,222.9414520263672,1761500
2019-06-05,223.3862224652016,225.80070741636823,222.40589933106344,225.0745544433593,1825500
2019-06-06,225.11082766582808,228.68718738595044,224.8748293649313,228.02456665039065,1487800
2019-06-07,227.9792015466311,232.9171191884544,227.85212339484065,232.381576538086,2270200
2019-06-10,232.73557985609253,234.9412965795973,232.4723376233612,233.14405822753903,1839500
2019-06-11,235.0139057683938,235.6583685645778,232.56309117868463,233.3800201416016,1613500
2019-06-12,233.8066424857932,234.8686695277316,232.16371249690863,233.4889678955078,1071700
2019-06-13,233.92467160233883,235.8853179260064,233.77943546344184,235.7400817871093,1228500
2019-06-14,236.003315113504,237.09257226364247,235.0139199242587,236.13946533203125,1287800
2019-06-17,237.02898440107376,238.04560945448443,236.3935798922145,237.30128479003903,1191900
2019-06-18,239.2801317561224,239.8157021501191,237.86411399464905,238.4904327392578,2763200
2019-06-19,238.10010839480609,239.7249081833781,236.8565569139677,239.3255157470703,1628400
2019-06-20,240.54199605617245,243.07450256337728,240.1335174353085,242.67510986328125,1745100
2019-06-21,242.148467489736,244.1181996470181,241.4404586550505,241.5675506591797,2964000
2019-06-24,242.63866708384663,243.2377558209208,241.9215722423689,242.14849853515625,1586100
2019-06-25,242.09400846309845,242.42985490268256,240.8686010935932,241.7763061523437,1182400
2019-06-26,241.8580587396755,242.193905227521,239.94278638598635,240.0063323974609,1334400
2019-06-27,240.4510959849393,241.88528567796112,238.71737577175992,241.06832885742188,1122900
2019-06-28,240.9956931136936,241.80356391249413,239.0531909913823,239.87014770507807,1952500
2019-07-01,241.8398264372267,242.3572249139243,237.67346398473137,239.2256317138672,1955800
2019-07-02,239.5615283396783,241.05923612795547,237.51919198267493,240.9684600830078,1201300
2019-07-03,240.6688784573912,244.3178420007261,240.6688784573912,244.29969787597656,986500
2019-07-05,243.44650815160665,243.81864284933,241.6946163332265,243.49188232421875,1081500
2019-07-08,243.56448502766983,244.7989783059956,242.6749518030856,244.5357360839844,1236000
2019-07-09,244.49940139952253,245.78835466630863,243.7097024949313,245.05311584472656,1400300
2019-07-10,245.1257445084801,246.4691579922924,244.4812816612753,246.36932373046875,1257000
2019-07-11,247.1952810425233,251.22549330503395,246.7232844328531,251.0167388916016,1985600
2019-07-12,250.98049903950007,254.15746738177225,250.53573233589097,253.649154663086,2046400
2019-07-15,254.10299725797657,254.79286207796088,253.15897608867667,254.6839141845703,1568000
2019-07-16,255.0651235779804,255.4009700202888,253.95772228928303,254.74742126464844,1379200
2019-07-17,255.11047163354843,256.74435720585774,254.3570886942253,255.5734100341797,1716600
2019-07-18,256.1544262050922,256.9350394040479,253.4222246068168,256.79888916015625,1696100
2019-07-19,256.9441399673641,258.0696856489824,255.38288577949035,255.5281219482422,1607600
2019-07-22,255.2648009704876,256.26328200975,253.54016701228417,254.3117218017578,1459100
2019-07-23,255.8366526509853,256.0454070665467,253.2678320601325,254.2481689453125,1117800
2019-07-24,254.0031680909996,255.28303591925751,253.2588707796245,254.910873413086,1257100
2019-07-25,255.2467004901744,255.91839344010245,253.5583544985392,253.97589111328125,1600200
2019-07-26,253.9758820281544,255.7640622263424,253.35864919349103,255.40098571777344,1447700
2019-07-29,255.0742519422123,255.33746651049788,253.7399241649288,254.2754669189453,1257400
2019-07-30,254.4025516409497,254.67487984851388,253.34055196425388,253.70362854003903,978200
2019-07-31,253.26787131745465,253.90327597859647,247.4676500347573,250.1907653808593,1886900
2019-08-01,250.29966194700296,255.0015673527545,248.99256448812048,249.22857666015625,2634300
2019-08-02,248.9835133527158,249.56445794935007,245.53424483832964,247.3496551513672,1969200
2019-08-05,245.16202237592177,245.57955888942345,238.4631555287728,240.6325836181641,3329800
2019-08-06,241.8761464566317,245.28912603625588,239.6794882227134,244.4540252685547,2383000
2019-08-07,243.42827971236008,249.49174145434947,239.2619177803216,248.98342895507807,3037500
2019-08-08,247.839774969771,249.47363284992235,245.98804905823064,249.43731689453125,2046700
2019-08-09,249.2375633763973,250.04543391756465,246.8140071547976,248.6566467285156,1284300
2019-08-12,248.7383675653656,249.6006982831584,244.44491350359664,246.2694091796875,1638600
2019-08-13,246.1514166776009,252.4872070718579,245.08941742027423,250.7625732421875,1724600
2019-08-14,248.71120355344573,249.9456692235266,243.2649728186988,243.401123046875,2122100
2019-08-15,245.56141819824205,247.7762204849478,243.96384862725253,246.4600372314453,1623200
2019-08-16,248.80197143554688,250.5901515761057,248.20288275028253,248.80197143554688,1230800
2019-08-19,250.8988187811744,251.77929400734675,249.2104725625184,250.17263793945312,1313400
2019-08-20,250.7807929057446,250.8533971337133,247.66737070111927,247.7762908935547,1390600
2019-08-21,249.9910136299968,251.01672461472813,249.346550897476,250.236083984375,1682300
2019-08-22,251.4434135452325,255.05606232912515,251.3163215272248,254.0848388671875,2345500
2019-08-23,252.53265154969216,254.2754576918471,247.5312148212139,248.7203063964844,1984300
2019-08-26,250.2996487398813,252.82306748133303,250.2451886570481,252.759521484375,1426400
2019-08-27,255.06511804764324,266.3569710413452,254.4660293928824,265.3948059082031,5169000
2019-08-28,266.6383657027551,272.2661482464826,265.4311301417832,267.31005859375,5162100
2019-08-29,270.62148244873595,270.8489107400953,266.32763519738154,269.79364013671875,2613100
2019-08-30,271.0944951575244,271.3492137069143,266.3912663650772,268.14703369140625,1801000
2019-09-03,266.1548008153085,267.4556840441493,264.23529150365874,265.6817321777344,1842900
2019-09-04,267.45562913907287,269.54795799002744,267.2463851490821,269.3842163085937,1375700
2019-09-05,271.4855825743902,272.6500138407524,269.8935851841636,270.15740966796875,1865300
2019-09-06,272.18624307224206,277.1350858744464,271.3584005994278,276.33453369140625,3018100
2019-09-09,277.0075090593319,279.5910897204048,271.2854085700356,272.00408935546875,3397200
2019-09-10,270.53041823360104,271.3218639900387,267.9832055354491,270.1847229003906,2725000
2019-09-11,267.72850841096493,269.03849727177675,261.8244802861889,264.4444580078125,4754700
2019-09-12,264.1260289351135,266.31844026328343,262.61590225322,263.7166748046875,2942600
2019-09-13,263.9987619019449,267.51934727936793,263.68035675342844,265.5452575683594,2306300
2019-09-16,264.33529528444353,265.07216054387703,262.30662543655774,262.6250305175781,1508900
2019-09-17,263.4165732315609,265.44524382570404,262.6251271256417,265.0995483398437,1758900
2019-09-18,264.4535884960687,267.064460445967,262.7251115320873,266.0273742675781,1666000
2019-09-19,263.35283949737254,263.5984798050628,259.0044119392983,261.8427124023437,3004700
2019-09-20,262.6795982370652,263.28001207878947,260.30526090874287,260.50537109375,3409500
2019-09-23,260.5053979498706,262.1156077066606,259.95048635299617,261.6061706542969,2025400
2019-09-24,263.17992224423347,266.20017563623657,260.5417604730975,261.9154357910156,2483200
2019-09-25,262.2338449722323,263.52562172138283,260.96933073689365,262.4612731933594,1827800
2019-09-26,263.2982047747711,263.64390012764443,260.72372941675616,262.2338562011719,1877300
2019-09-27,263.38914484986725,263.38914484986725,258.7223137620475,260.13238525390625,1538100
2019-09-30,261.7243932433331,262.5613135031127,260.6964132997547,262.09735107421875,2151500
2019-10-01,262.03373458966456,262.6159364606281,257.612515069539,258.2947998046875,2648900
2019-10-02,257.6580488414626,259.9869121341947,256.7392297353393,259.3682861328125,2480600
2019-10-03,259.6230834311964,264.59918836595745,256.17526236473293,262.9071350097656,3590200
2019-10-04,261.8610388591625,265.59086979482487,257.7400377779576,265.3361511230469,4513300
2019-10-07,264.76283872210377,268.9929979714416,264.2715860039551,266.9188537597656,1988700
2019-10-08,266.50048759897146,268.8930099457957,264.2262046454464,265.53619384765625,2201100
2019-10-09,266.6459303924762,271.61298273331016,266.6459303924762,270.09375,2235500
2019-10-10,271.6675972733573,272.4408588747841,269.51158190816125,270.3121337890625,1637500
2019-10-11,271.15821816677305,273.6053488775211,270.5123018107698,270.73065185546875,1855500
2019-10-14,271.0944480715469,273.2231729564794,270.639591615051,270.65777587890625,1297600
2019-10-15,271.3855932111894,272.58642105354363,270.3940093566242,271.44927978515625,1580700
2019-10-16,270.00274428167256,271.97683324634284,268.4380371763555,271.8039855957031,1811100
2019-10-17,271.86778884393294,275.2882915154688,271.86778884393294,275.0972595214844,1734600
2019-10-18,274.7333461237253,276.552772256995,273.805448790164,275.51568603515625,1853900
2019-10-21,275.6429926689087,276.1069551048401,273.0685175270205,273.8963317871094,1322900
2019-10-22,274.3785421764504,277.3533216447995,272.86844293050655,272.8866271972656,1955600
2019-10-23,272.53179298163684,272.95935917805525,270.348487457,270.4758605957031,1798700
2019-10-24,268.410828995111,271.3492121924423,267.9650784767264,270.2302551269531,2056700
2019-10-25,268.8384210665382,270.4122348161411,268.4654353422193,269.7299499511719,1686200
2019-10-28,269.00203339719803,272.0859447490412,268.55625533415923,271.9494934082031,1672600
2019-10-29,271.28550566066247,271.94960614434365,269.10220001549146,269.1476745605469,1295300
2019-10-30,270.1119644457647,273.1412961645295,269.24772609239045,272.768310546875,1264300
2019-10-31,272.0117129021428,273.1604507740033,268.5381775322945,270.8721008300781,2277400
2019-11-01,271.674343144245,272.066390771418,269.4042452096554,269.942138671875,1364500
2019-11-04,270.9176981913105,271.88408698900736,269.103444701352,270.60772705078125,1651600
2019-11-05,270.8538191874652,273.22421735545663,269.6868577878846,272.7592468261719,2204500
2019-11-06,273.47943246712464,275.0110637690945,271.6195785589905,274.9381408691406,1675000
2019-11-07,277.0898133277633,279.9798816004081,275.7678801018845,278.2567749023437,2399400
2019-11-08,276.0048450557184,277.4179803448647,274.6737862979059,275.8954467773437,1501600
2019-11-11,274.9199357462085,275.6310523867889,273.23333256329886,274.27264404296875,1160900
2019-11-12,274.2635833777196,275.9958159594631,272.28523243076404,273.9627380371094,1540800
2019-11-13,273.67086943703686,277.15352901190045,273.06915119981846,276.1506652832031,1517900
2019-11-14,277.5090241109656,278.8765575914814,275.57622008756965,277.6913452148437,1336400
2019-11-15,278.3478486245849,278.4663726812189,274.9654892253045,276.84356689453125,1706100
2019-11-18,276.3422282701489,279.32347114376927,276.01403336070035,277.6459655761719,1241300
2019-11-19,277.6094382964115,277.73708817459215,274.8287965952064,275.54901123046875,1761400
2019-11-20,275.731374689298,276.3969180406195,271.69259688048834,274.0265197753906,1979500
2019-11-21,274.1358514264592,275.21163809786776,273.06916272850407,273.7529296875,1302500
2019-11-22,275.2755248929904,275.2755248929904,270.98147521572133,272.8777770996094,1277300
2019-11-25,273.77119973624485,274.08117077318104,271.27315202496976,272.64068603515625,1613000
2019-11-26,272.83220174384456,274.737629411744,272.4310561482284,274.6373291015625,3359100
2019-11-27,275.1660342986797,276.05037391397576,274.0264228265221,274.1996459960937,1906500
2019-11-29,274.2543721925175,274.31819711866945,273.19680930325814,273.33355712890625,981600
2019-12-02,273.27886216817944,273.6891334739319,268.28279488873704,271.1272888183594,2705500
2019-12-03,269.0668535972198,270.0332419792645,266.8514553906011,269.5591735839844,1921400
2019-12-04,269.8965438474646,270.9176315468628,269.08512690835704,270.3341369628906,1742000
2019-12-05,270.8902320631746,270.8902320631746,266.66910637223884,267.21612548828125,1941100
2019-12-06,268.9301510829584,269.8509384639735,268.2737335975289,268.9028015136719,1462000
2019-12-09,268.9483646430764,270.94496659284096,268.5380932968036,269.09423828125,1960000
2019-12-10,269.88737666588924,270.48909492988645,268.5380665142698,269.6594543457031,1565900
2019-12-11,269.86005648800847,270.17915333552827,267.1705616879079,269.22186279296875,1749800
2019-12-12,269.19443140104374,271.46455618662696,268.1459944972024,271.0816345214844,2742700
2019-12-13,268.62015430009416,268.94834910010417,263.5693876826121,266.0947570800781,5195600
2019-12-16,267.15231546137665,268.45602448782176,266.9882180641772,267.580810546875,2410000
2019-12-17,267.58084639068574,270.1335656531258,266.8970793215443,269.4497985839844,2474100
2019-12-18,269.85091262268173,270.1882332190976,266.04918374314894,266.0947570800781,3309800
2019-12-19,266.26799593177407,267.86345233380024,265.75745210892984,267.77227783203125,2333600
2019-12-20,267.89992769981137,268.9665886851117,266.9244133937287,268.7933654785156,4866500
2019-12-23,268.866301252948,269.2309714171881,267.15232087621445,267.4075927734375,1309800
2019-12-24,267.95468210654064,268.4470022596025,267.45323615465395,268.2464294433594,543600
2019-12-26,268.48340831931307,269.6139221191406,267.9455149003662,269.6139221191406,1101800
2019-12-27,270.0605805681821,270.1335034635123,267.28903756233984,268.13690185546875,1439100
2019-12-30,268.2190290367191,269.5044865897524,267.7267089769614,269.0760192871094,1238900
2019-12-31,268.94841862946885,269.358690058096,266.3774474078683,267.9638061523437,1550700
2020-01-02,268.0914622159649,268.5655308283873,265.301694050721,265.7484130859375,2103600
2020-01-03,264.4354733815811,267.0337934810168,263.77905596511897,265.9671325683594,1926000
2020-01-06,264.89136247051727,266.2771482613654,263.1318084835107,266.04010009765625,2655100
2020-01-07,265.59334745395495,265.9306680610016,263.73349339430064,265.6206970214844,1963400
2020-01-08,265.2925093245862,269.3860139542324,264.845790388594,268.665771484375,2492800
2020-01-09,272.184925554292,275.2937905044213,271.41910961042,272.9781188964844,3261200
2020-01-10,273.50687271816315,273.7530188874886,270.4618328739412,270.9906005859375,2024200
2020-01-13,270.6988385317993,274.0994223084893,270.58941242895764,273.3883056640625,1778600
2020-01-14,272.8229640423009,274.4184199723728,272.21212010143995,273.27880859375,1459900
2020-01-15,272.0025510106637,274.454997839284,271.7199295090059,274.2544250488281,1604000
2020-01-16,274.7740092844013,277.20820376095105,274.40021339009974,276.2691650390625,1758600
2020-01-17,276.6065676944057,278.33877204812825,276.26924705667415,277.7735290527344,2506500
2020-01-21,279.15933020302407,285.6687786294443,278.75818460559145,285.5958557128906,3585900
2020-01-22,285.72346440793154,285.86933805677074,282.8151728738564,284.3468322753906,2218900
2020-01-23,284.4652309798917,285.72336642494304,283.2891720399907,285.2492980957031,1535900
2020-01-24,286.2886332269098,286.52568132267027,281.8031379332103,283.088623046875,1986100
2020-01-27,279.113662158101,284.23735136189447,278.6578175268376,282.12225341796875,2265100
2020-01-28,283.08871055479926,284.1827212419686,281.8032250437673,283.398681640625,1571700
2020-01-29,283.4077756190396,284.4197653996452,282.0676188062332,282.2408142089844,1713700
2020-01-30,281.5661646457341,282.2955328947241,279.58781413218526,282.1405334472656,1232600
2020-01-31,281.3017857642617,281.876154604277,277.6641535409063,278.53936767578125,1837000
2020-02-03,279.88874028692186,281.3291977832791,275.0294463864084,275.3302917480469,2816800
2020-02-04,277.6732453181722,278.8949057670308,276.02308974137014,277.9740905761719,1982300
2020-02-05,279.8886677899743,282.24994018278574,278.4299590708576,281.6664733886719,1731800
2020-02-06,282.625784722148,284.90066893115375,281.2553671733558,283.77691650390625,1917900
2020-02-07,283.2196564999141,286.70051520898005,282.4156736591774,286.5360717773437,1903500
2020-02-10,286.65469116484786,289.55996841500945,285.59489870831254,286.6820983886719,2336300
2020-02-11,286.9014244804229,287.2668635121426,283.64896970005907,283.8408203125,2047500
2020-02-12,283.9230317698715,288.22616194799315,283.9230317698715,287.8972473144531,1384600
2020-02-13,287.65057763215407,291.2502090635411,286.45374883392844,290.711181640625,1438000
2020-02-14,291.32323509533416,292.1820319605812,289.5691169867648,290.8116149902344,1113400
2020-02-18,291.4420726975076,295.53506231369283,291.0857508243947,294.22857666015625,1547100
2020-02-19,294.2559795710683,296.4943388979347,293.9362378511248,295.1147766113281,1413600
2020-02-20,294.47519299722416,296.98762400473464,293.27836445687,296.0831298828125,1427500
2020-02-21,294.6945271883715,297.16128942416105,293.2967026897469,294.1372375488281,2239000
2020-02-24,288.24441897690895,292.35567059464614,286.1979382047334,286.5268249511719,2300400
2020-02-25,287.7876662415741,289.22204320607915,278.1033772933925,278.53277587890625,2881800
2020-02-26,280.9812255137325,284.4072688806592,278.3591647845719,279.28192138671875,2236000
2020-02-27,275.8924132228157,278.65150993973737,267.6881718437477,267.80694580078125,3625300
2020-02-28,260.607682599619,262.507982268108,247.8445287204208,256.8527526855469,7091800
2020-03-02,269.0037974663829,282.7719307514238,266.2081482452368,282.43389892578125,7563800
2020-03-03,282.4337654904912,287.0292284792116,275.0243645343778,276.5775146484375,5131400
2020-03-04,281.6573507069551,293.2419400386063,278.66982268981644,293.03179931640625,4219300
2020-03-05,288.49111178526687,296.4760957656416,286.1431512696841,288.48199462890625,6407700
2020-03-06,285.1746925127068,290.0624914845515,276.5958675803316,284.4437866210937,6185500
2020-03-09,270.2919523840181,283.521028303021,267.68815418177616,275.89239501953125,5203100
2020-03-10,281.3649897451326,282.97295522129446,268.9855626538454,282.67144775390625,4245500
2020-03-11,274.86915452331533,281.2005036848191,268.7753811653952,271.7354736328125,3622700
2020-03-12,256.21326767017234,270.0910316394682,252.4674541196648,255.6742401123047,7307600
2020-03-13,263.8784073725559,277.0526979743019,254.230671793956,276.1573486328125,6100100
2020-03-16,257.4831409995267,273.65407722326233,255.363583309853,258.7165222167969,5465500
2020-03-17,264.0336552264101,280.6522463446862,261.566893661779,280.4695129394531,7170600
2020-03-18,272.25623729674794,290.52846798780485,270.42901422764226,280.935546875,6701800
2020-03-19,283.5941855887387,286.73701178404326,276.48628831846327,278.8525390625,5429500
2020-03-20,281.3192877269552,281.40150942275073,262.2247835530005,265.3310852050781,6581200
2020-03-23,266.783707529987,270.1275290220467,254.3677303816304,260.8634948730469,5646400
2020-03-24,269.14080828430724,271.66238494484287,258.39672812850546,260.324462890625,7124200
2020-03-25,259.6574663012379,265.6050849359109,255.0894096862705,256.59686279296875,5639600
2020-03-26,257.0354996075582,268.3551613931555,256.5969559760307,267.0486755371094,5463100
2020-03-27,262.3252490422258,268.13580423632493,258.85350894983776,259.7671203613281,4250400
2020-03-30,262.654257189576,266.4822930038764,261.14680323997885,265.9706726074219,4396000
2020-03-31,262.59034803066146,266.3361345651097,259.4657830236944,260.4981689453125,5618600
2020-04-01,257.9673482937376,263.85100900701565,256.6334832146291,262.0055236816406,3745800
2020-04-02,259.81285205518,267.4871833514012,258.3876202950765,266.29949951171875,3500600
2020-04-03,264.179970678774,267.0852492830317,261.110220773711,263.7140197753906,2650100
2020-04-06,267.6881425924659,279.0991401584655,264.55446215394835,278.7611083984375,5272500
2020-04-07,280.021963248245,283.21960393786605,277.0253182315058,277.39990234375,4036500
2020-04-08,278.7521210431688,280.862590240564,276.1666115632553,279.537841796875,3964400
2020-04-09,273.58100059192446,278.05769178727394,271.87252350581224,274.0926208496094,6487600
2020-04-13,272.7861033442062,277.6922204104673,271.94559639635,273.7362670898437,3120400
2020-04-14,276.59599215154066,287.559334532444,275.2255743539277,287.0020446777344,4288300
2020-04-15,284.71794946337405,286.64565667187344,280.3143345960787,283.4662780761719,2937300
2020-04-16,287.5409599742096,294.7584853117732,285.0833427869864,293.7809143066406,3940000
2020-04-17,293.55257350501495,294.3017417915495,286.8923363960059,290.4554443359375,3688000
2020-04-20,290.4827339468003,290.8755801277801,284.6173369319729,285.11981201171875,3156300
2020-04-21,284.26113984858995,284.94634858050875,273.4896507760868,275.298583984375,3833000
2020-04-22,277.7378804279483,284.25193451871564,275.94720979508554,282.6896667480469,2970600
2020-04-23,280.5060363710108,282.8905760226048,278.45955627247827,279.016845703125,2625200
2020-04-24,280.78021569381866,283.9778560083517,279.1174639199818,283.7220458984375,2019400
2020-04-27,286.0061227888267,286.22540854934994,281.0178108660683,282.1050109863281,2287300
2020-04-28,283.9778782066392,284.37986953667206,277.99373344557955,278.6058654785156,2425900
2020-04-29,278.6058901614028,282.01364384949,275.10674184877746,280.5610046386719,3667700
2020-04-30,280.3411715978898,281.9436444382524,277.06298231165056,277.45672607421875,3794300
2020-05-01,276.33956220147536,279.12329417109083,274.87443864141943,276.4677734375,2525400
2020-05-04,277.45678448609715,279.77350173381154,274.7737932438857,278.8211669921875,2477500
2020-05-05,279.3430923410456,283.68349600043507,277.8596646571991,281.9620056152344,2460900
2020-05-06,283.7933271473619,284.8189051253054,280.6982613564869,282.85015869140625,2406700
2020-05-07,283.2623075476894,283.747626869466,278.8577978694201,279.2881774902344,2601800
2020-05-08,280.1122594868152,281.2843528420395,278.0977388782569,280.1488952636719,2337400
2020-05-11,279.8742211724555,285.54237157237446,279.2881604713512,284.1688232421875,1865900
2020-05-12,284.63585625894177,285.2859946842846,279.0958888284445,279.14166259765625,2264900
2020-05-13,279.1416820765934,280.57017029261664,274.81958164364937,276.6693115234375,2954900
2020-05-14,275.63454365975844,277.3468961864179,269.7099704692019,274.4715881347656,3718900
2020-05-15,273.858022765301,274.5539347896289,270.9186097551833,273.9862060546875,4577200
2020-05-18,276.2846344472322,277.63071275909675,274.63638783654073,277.2369689941406,3987300
2020-05-19,278.9402359227338,282.969306092838,277.59415722178744,278.94940185546875,3523000
2020-05-20,280.9089667227107,281.9620429082231,277.6399425942365,279.2057800292969,2827000
2020-05-21,279.09588856498976,279.32481330066054,275.85430648331527,276.5136108398437,2492100
2020-05-22,276.55029751073914,278.31759008854164,275.4697513214047,276.93487548828125,2366400
2020-05-26,280.21302676551943,281.0279842477024,277.9420834541454,279.1050109863281,3234600
2020-05-27,278.88520781820426,280.4876806235436,274.2243045549206,280.2129821777344,2980200
2020-05-28,281.34845263475853,284.7823230900241,281.0279524699519,283.4637145996094,4301900
2020-05-29,278.5555227285288,282.8409854302222,276.8614747451741,282.4655456542969,4971800
2020-06-01,281.9436453166218,283.6285276977775,280.6250368539942,282.30078125,2293700
2020-06-02,281.9895115021824,282.96928817067754,279.0317937425578,281.2019958496094,2528900
2020-06-03,281.57743521583444,282.2184356772186,280.13064312902463,280.7899475097656,2165900
2020-06-04,284.6448896496811,288.765532976923,283.0332513171025,284.5533142089844,4553900
2020-06-05,286.7328192042402,287.1906686832633,281.3851406426392,285.7347106933594,4375600
2020-06-08,284.4711174858933,285.04801245442025,280.6251696589948,281.29364013671875,3764500
2020-06-09,281.5774332513472,282.5847077072456,279.4438669471889,279.79180908203125,3155800
2020-06-10,280.64346159215137,282.6122090075849,279.8834157133851,281.4217834472656,2713700
2020-06-11,281.110467076274,283.13418227463575,275.2957999546424,275.4697570800781,3443000
2020-06-12,277.15455120653843,279.42546620744423,271.2757529729351,273.51922607421875,4020000
2020-06-15,272.0083655523957,272.9423963786154,269.0689797082141,272.1274108886719,3266800
2020-06-16,275.94584858648574,277.21865543149363,273.9954056033216,275.9549865722656,2633800
2020-06-17,275.64367788864166,276.54107288731893,273.70240065611546,274.3525390625,2188400
2020-06-18,274.70969233856715,275.45140627228807,272.68600542958256,274.3159484863281,1881800
2020-06-19,274.8744976094891,276.44950088407154,273.4643413801465,274.6181030273437,3438000
2020-06-22,274.43489958896185,276.0648420860191,273.1071253539561,275.1216735839844,2094400
2020-06-23,276.29380936635323,279.1965589172191,275.3781105650866,275.8908996582031,2409600
2020-06-24,275.4146555034367,275.88167072780675,271.5962080232803,272.896484375,2398100
2020-06-25,272.0175308153005,275.7627362082184,270.49746718834825,275.19500732421875,2274300
2020-06-26,275.08507728360166,276.6509143923537,271.0010684984471,271.55963134765625,2866000
2020-06-29,272.36547417432587,276.20225467586585,271.8068833321775,276.1656188964844,1841700
2020-06-30,275.634557391206,278.9402172772059,274.8379037541884,277.6490783691406,2391700
2020-07-01,276.9988515476793,279.81919119495154,275.3963788527754,279.0591735839844,1906100
2020-07-02,280.2038499222637,282.87770287741364,278.9218771129089,279.9657592773437,2540500
2020-07-06,281.6049188030726,285.2951847398108,281.3393582624129,285.2310791015625,2332400
2020-07-07,283.8850217356068,291.23808430828194,283.6103231866574,289.571533203125,3346600
2020-07-08,290.40477999634857,291.2380414538569,287.5386377960706,289.6539001464844,2364500
2020-07-09,293.0236390762607,301.2466250080065,292.73060873040555,298.0966186523437,5313600
2020-07-10,298.5178642841073,299.79983725339963,295.87148084667984,298.7284851074219,2484100
2020-07-13,298.7924561537621,301.3655671060402,294.39711384354666,295.6974182128906,2583200
2020-07-14,294.23238113811016,300.95360779942854,293.4357275557818,300.3492431640625,1844800
2020-07-15,300.44081687452643,301.5579706584868,298.1698735257624,299.1588439941406,1770700
2020-07-16,299.08557589362744,300.2576693899604,296.7413889009616,298.7650756835937,1402000
2020-07-17,299.70817478466586,300.1660241368849,297.2174731907976,297.4097900390625,1768100
2020-07-20,297.50140513602287,299.8364259654836,295.45938669289137,298.9848327636719,1863300
2020-07-21,299.433567232534,303.54504672096874,298.97571774135275,300.1111755371094,1874200
2020-07-22,301.86013096486806,301.8692968960631,297.6113026822989,300.6239318847656,1312600
2020-07-23,300.4406978254938,302.5284893876711,297.9041949742978,298.6184387207031,1561700
2020-07-24,298.7193160282349,301.03603328062843,297.2999938173491,298.31640625,1423400
2020-07-27,298.22487765013835,301.26500538389314,297.7670280978832,299.9830322265625,2083300
2020-07-28,300.32180990915447,302.1806778093975,298.3530625972584,299.9555358886719,1374000
2020-07-29,299.45181809931944,300.3858487805964,297.9592524962293,298.6460266113281,1341300
2020-07-30,296.1223883913851,299.572830189234,295.4891950188008,298.0770263671875,1390300
2020-07-31,298.07707042450454,299.444387443189,295.993945135347,298.7286071777344,2149900
2020-08-03,298.74688525248126,302.72959007079,297.5997999489392,302.2065124511719,2480200
2020-08-04,302.4268463264379,311.8421346493016,301.83955301466284,311.8146057128906,3933300
2020-08-05,313.714145780228,314.51254091423795,309.79571129443275,311.9797668457031,2923700
2020-08-06,314.21887324127886,316.7057470253417,313.4847216410806,315.0447692871094,2104300
2020-08-07,314.8887568613817,316.3478462968283,311.66773172736646,312.84234619140625,1759000
2020-08-10,312.65883050249505,312.9892057290246,310.704192093505,312.0072937011719,1503800
2020-08-11,312.78726574429066,312.78726574429066,304.48235029291163,305.0604858398437,2065600
2020-08-12,306.2718664295051,310.99785367378024,305.7396310137992,309.0340576171875,1853900
2020-08-13,309.2450206814447,311.51166242367657,307.5381711453173,308.0612487792969,1536500
2020-08-14,308.822922942594,310.8693334067132,307.96949811422286,308.593505859375,1522900
2020-08-17,309.85073871157846,312.34679795270387,309.5846070263984,311.9705505371094,1504700
2020-08-18,312.9249126968887,314.5767045531064,309.07988000428816,312.69549560546875,1489400
2020-08-19,313.035048574039,313.7875434035482,311.96139219987737,312.8331604003906,1730100
2020-08-20,312.1357535136089,313.5305994467028,310.8509953063967,312.8056335449219,1717500
2020-08-21,312.07153705989947,317.36647428321834,311.3924433187744,316.2377319335937,2372600
2020-08-24,316.69647713991543,317.61414539230543,313.94347238274537,315.79718017578125,1461500
2020-08-25,315.80638759973414,316.51298212100073,313.34701522990684,316.3294372558594,1176200
2020-08-26,314.7694465577347,316.4395817603943,313.5581175496384,315.9256896972656,1757000
2020-08-27,317.1554375016105,319.11007613799654,314.3473737720211,317.8436889648437,2220700
2020-08-28,318.8622753363729,320.3213648931553,317.05446726821725,319.68817138671875,1487300
2020-08-31,318.29337277233896,320.036937583978,315.94414329886285,319.03668212890625,1586900
2020-09-01,317.24715541087323,322.55127798856427,316.971866074928,322.4503479003906,1773700
2020-09-02,324.4967543933573,330.28726856340546,322.38612798324425,329.31451416015625,2434900
2020-09-03,333.1778819336576,333.7284885899053,317.0727842647573,319.6239013671875,3630400
2020-09-04,324.83642854025646,324.83642854025646,312.3744699152795,318.0364990234375,2557000
2020-09-08,315.53115057962884,316.52224829552455,310.3371432308291,310.9611511230469,2144300
2020-09-09,312.83313210434073,320.9086303148214,312.3651402934545,317.9078369140625,2100900
2020-09-10,317.76106557901056,319.3486421866308,310.86939409707514,311.57598876953125,1959600
2020-09-11,312.264267136443,314.99892962040474,308.4284191459029,311.2089538574219,1599600
2020-09-14,312.91576818603966,316.44879745934617,312.43859065496434,314.6868896484375,1522300
2020-09-15,316.61396599271734,319.128396648339,314.5308686439719,315.5953674316406,1362500
2020-09-16,318.6786401575339,320.0459848808357,314.9896239083505,315.4301147460937,1656500
2020-09-17,311.6219044676801,314.6594134308848,308.6761959745103,310.97955322265625,2681500
2020-09-18,312.190829658294,313.126841430765,303.93181329701656,308.2998962402344,3409300
2020-09-21,306.47372216525946,311.6585431172535,306.2351194153743,311.6126708984375,2427400
2020-09-22,312.6496551444125,316.50384586872167,311.6310285924394,316.0909118652344,2128100
2020-09-23,319.348611101764,319.5780282074406,315.73299527590007,316.2560729980469,3577100
2020-09-24,316.59560189810543,318.7337569742241,310.45639798611467,318.4309387207031,5779300
2020-09-25,312.6862497522487,315.46678324466484,307.74919041472185,314.374755859375,7338500
2020-09-28,315.4576519661637,320.9728191993938,314.8519875502241,320.8351745605469,3459200
2020-09-29,320.2204923794578,325.1208396979996,318.52279974541574,323.1478576660156,2526000
2020-09-30,323.53313441645406,328.2499629326532,322.2575900388724,325.7722473144531,2525800
2020-10-01,326.9286554568415,330.07625233266737,325.60721030689825,328.947509765625,2053000
2020-10-02,325.5245480879289,328.37848360162434,323.7993268748181,325.781494140625,2125000
2020-10-05,326.07513354778604,329.4246459538437,326.07513354778604,329.0575561523437,2093500
2020-10-06,332.1042392164792,333.11368021206545,327.64438355191794,328.8465270996094,2760400
2020-10-07,330.79194519473214,334.71037936958555,330.04863599534565,333.1319885253906,1959100
2020-10-08,334.7655454698317,335.83923021886966,331.96666701216867,335.0316772460937,1793100
2020-10-09,335.8666233289404,339.30787971550734,335.59133402002146,339.041748046875,1730700
2020-10-12,340.45496245814354,349.31964219973105,340.24388865298096,345.4837951660156,2806900
2020-10-13,347.2641314145187,350.81550408314524,345.4838522568318,349.3380432128906,1823300
2020-10-14,351.3661437974964,352.26544110254025,345.68577292146034,347.19073486328125,1904400
2020-10-15,345.4655373173248,347.20910217746194,342.34546946154904,345.5756530761719,1697800
2020-10-16,349.1728751894751,353.1830821793104,347.9064881389964,350.12725830078125,2459400
2020-10-19,350.5768728082996,351.5495991137301,343.8595331102174,344.6395568847656,1938100
2020-10-20,346.5941360827829,350.6226852829656,345.1533901571196,347.1630859375,1282300
2020-10-21,347.3925360915403,349.8885951794683,345.97931895958425,346.7134704589844,1466500
2020-10-22,346.28217886027915,347.22737619895497,341.40017621555745,344.8139038085937,1813200
2020-10-23,344.6855238449594,345.52060571500454,342.8043142289961,343.7586975097656,1108000
2020-10-26,336.4906402628275,341.95077841354976,335.97674820217327,340.1888427734375,2145000
2020-10-27,338.4086148406027,344.0431130757661,338.4086148406027,342.0334167480469,1525400
2020-10-28,337.0871623742896,341.7489341005994,334.6461887754586,334.91229248046875,1908300
2020-10-29,333.96518656799776,339.3530428629832,333.3031946214943,335.4638366699219,1838500
2020-10-30,332.0344969317865,334.5353532017137,327.1247332076549,328.8072814941406,2724100
2020-11-02,333.03661977248805,336.19946771361265,331.64826864203576,335.03179931640625,1646300
2020-11-03,339.2151475424632,344.6030040569995,338.2497554414366,341.9918212890625,2013100
2020-11-04,343.8859307771283,350.8920258654343,343.86755223915225,345.8627319335937,2449800
2020-11-05,351.664311383492,355.4339595996164,348.92439431247993,354.1927490234375,2255800
2020-11-06,351.1126528440036,355.6362420066837,350.2024242563934,354.5881042480469,1950200
2020-11-09,356.9694435433166,358.118733445259,335.3719966848419,335.5926513671875,4371300
2020-11-10,334.5629489238146,341.60580200607683,331.5380095316979,337.0821838378906,2662600
2020-11-11,339.8955639241936,344.5111298279214,338.4980375954867,342.8745422363281,1688800
2020-11-12,346.5798729599195,347.7659199326208,343.40782161703123,345.43975830078125,1535900
2020-11-13,346.1844772475661,349.2277944895383,344.7777476102159,348.31756591796875,1274600
2020-11-16,346.54313231911266,350.5610458300711,346.54313231911266,349.19110107421875,1691500
2020-11-17,356.1143402931867,357.1808845745513,351.02988343613885,351.1494140625,3299100
2020-11-18,352.0413377744472,356.785582281186,350.9747932697356,351.4345092773437,2134600
2020-11-19,352.7031633539676,353.71454378522265,349.6690501190295,352.6388244628906,1768900
2020-11-20,353.0158566265984,354.440964716452,350.3127248455329,350.4138488769531,1807600
2020-11-23,352.14243492878444,352.1975986007766,349.6967425880673,350.95635986328125,1679600
2020-11-24,352.7768623241296,354.9467083512808,350.03694489401926,353.26416015625,2061100
2020-11-25,354.70765635961345,357.05219658552824,354.4961769120116,356.5097351074219,2034200
2020-11-27,359.0013471085438,359.1944479966144,356.50969468751055,357.09814453125,1329400
2020-11-30,360.1875235588746,361.4747228813309,354.1928363949549,360.2059020996094,3733800
2020-12-01,362.7815776145421,366.1499336332041,359.64910038496623,365.6687316894531,2996800
2020-12-02,363.69683047246815,365.0271904518175,360.01712669650243,361.8381042480469,2212800
2020-12-03,356.64874099178667,357.3375174446546,352.1953481535764,352.9218444824219,3976400
2020-12-04,354.01643148272353,354.1107887884973,350.8839820052073,352.33697509765625,2839700
2020-12-07,353.1294298005916,355.23347909967214,351.60093975649335,352.2425231933594,2652900
2020-12-08,352.82756764145574,358.0829261234828,349.8083070810236,356.2713928222656,2685500
2020-12-09,358.42262393632967,359.47935654541254,351.7425189815067,353.1483764648437,2461600
2020-12-10,353.148335637788,353.8182234118502,350.5725286055815,351.7330627441406,2566300
2020-12-11,358.3187980184211,358.3187980184211,351.497200772184,353.91259765625,3483900
2020-12-14,355.29010219543807,356.8185923018576,352.1293203317506,353.2332458496094,2778400
2020-12-15,353.34648672828394,354.46927226064435,348.4401955552567,350.8744812011719,2133900
2020-12-16,350.19520493619865,351.78030401363617,348.01568650627024,348.5723571777344,2385100
2020-12-17,349.3460548178893,350.0159427540533,347.2137005947833,349.3743591308594,2314200
2020-12-18,350.1385603863898,350.383854803378,345.2605732427834,346.2701416015625,4140000
2020-12-21,344.46810618075347,345.43992609483433,341.37337617140554,344.3548889160156,2329700
2020-12-22,343.5339246354289,344.1566481853256,340.2410366764084,341.5808410644531,2105500
2020-12-23,341.97715780827286,342.5904370407908,339.1937759457168,341.44879150390625,1782100
2020-12-24,340.99588884717315,344.70389729204675,340.99588884717315,343.98681640625,972500
2020-12-28,344.8548265162933,350.69518826202955,344.458537438986,350.10076904296875,3207700
2020-12-29,351.2235998427615,352.176559589596,349.3460134525153,351.66705322265625,2072600
2020-12-30,353.06343758071336,354.6296476437307,352.1953908334658,353.29931640625,1778000
2020-12-31,353.8087802761698,355.74300384716446,351.4216878056648,355.4976806640625,1628900
2021-01-04,356.1109142651881,359.9981920555626,353.6389091923071,358.6772766113281,3322200
2021-01-05,357.460150722446,358.7339019864944,354.0540747108083,354.5163879394531,2748400
2021-01-06,352.70488210737085,354.5730238978654,348.77041079604913,349.1195068359375,2661400
2021-01-07,350.0536118242679,350.6574466282373,346.0719762070964,347.1381530761719,2849500
2021-01-08,347.32683218507754,349.3459686583214,343.71318141603166,349.0440368652344,2599700
2021-01-11,347.76081715799046,350.04413659426484,343.30742429538964,343.448974609375,2562500
2021-01-12,343.43955081344177,344.44911904090543,339.9013686278637,343.6282653808594,2387600
2021-01-13,343.78867575291184,347.91183313282016,342.49606435944526,346.22296142578125,1968800
2021-01-14,345.3265146669238,345.7982722006218,341.13730546418213,341.8826904296875,2363900
2021-01-15,340.6655882376649,344.2981274356964,340.42026507710125,341.7034606933594,2340400
2021-01-19,341.8922280608475,342.4489274879,332.53257137527737,334.4479064941406,4533800
2021-01-20,334.37245394432045,341.4582353897471,333.4477984381093,340.8921203613281,2767200
2021-01-21,340.8920391746354,343.43009743264224,339.60887229003686,342.30731201171875,2121600
2021-01-22,342.6847886616994,344.0340087096561,339.5240064617685,341.8356018066406,1960300
2021-01-25,340.47692699335926,341.5147996115551,336.66514580478935,341.4393310546875,2735900
2021-01-26,339.8541650410498,345.2321840642833,338.6087181453884,344.3641662597656,1807000
2021-01-27,342.48657676319243,345.137852199009,334.80637792882595,336.2593994140625,3120800
2021-01-28,336.6934713936224,341.18458505307296,335.95753054398693,336.8916015625,2251100
2021-01-29,334.7120335706355,336.1650551119659,332.00414942120176,332.5230712890625,2598700
2021-02-01,331.372036231582,332.8628066910813,329.48500542782443,330.72100830078125,2371200
2021-02-02,331.89106200871095,337.4955470663677,330.9097977066595,335.4952697753906,1905000
2021-02-03,336.1084917551669,337.3350502227847,333.25905690011604,335.1460876464844,1759800
2021-02-04,337.22585320915715,338.8046475141364,334.5220853768849,336.412841796875,3411600
2021-02-05,337.0746173352581,337.3582481322949,334.75845783806494,335.77001953125,2165600
2021-02-08,337.09359253914363,340.37405683388295,336.1482141124252,340.1755065917969,2520700
2021-02-09,340.373988473126,341.9149596152937,338.7290107225646,339.9201965332031,2154000
2021-02-10,341.28160307266734,341.28160307266734,335.7227734536054,336.66815185546875,2162400
2021-02-11,336.2994956573048,337.0274266975944,332.1965565335004,332.9623107910156,2088400
2021-02-12,332.76371148389165,333.6996556556184,330.9769614299721,333.4822082519531,2096600
2021-02-16,333.7942100798917,335.94967178959337,332.8110372654036,334.6639709472656,1829000
2021-02-17,333.82250902473925,338.60614964153336,332.6880724044942,338.4832458496094,2143000
2021-02-18,333.0378692779456,338.6345215571023,333.0378692779456,337.4244384765625,1914900
2021-02-19,337.20698471500407,338.3792445629047,335.21222151989434,335.391845703125,1839400
2021-02-22,333.482170883802,333.99268320656984,329.7668413612592,331.0809020996094,2215600
2021-02-23,330.6932575118645,331.82772280530537,323.34767984625483,323.46112060546875,3692600
2021-02-24,323.12091316484805,323.79212379584555,319.43394292679403,322.0904541015625,3305800
2021-02-25,322.2321948328832,324.26475237941605,315.1418576817298,315.66180419921875,3618100
2021-02-26,317.1839234822421,317.5431718985772,312.86353717111274,312.9202575683594,3362200
2021-03-01,316.90020498560784,317.6470618103086,313.260493298901,313.6481018066406,4653200
2021-03-02,315.46322835322525,316.40860647676857,310.48109602838616,310.5188903808594,4660100
2021-03-03,310.24478618522363,310.48113074253456,306.07566473218003,306.2269287109375,4064200
2021-03-04,305.7070010675829,307.8152052339314,297.8320118836987,301.613525390625,5501200
2021-03-05,298.1061651147415,301.0368439930712,290.23117555377786,299.98748779296875,8102800
2021-03-08,301.4905721344169,304.72374949615744,293.9370093754938,294.4096984863281,4873500
2021-03-09,296.6219174146798,302.7857738098993,295.6292528465355,301.3677062988281,5426800
2021-03-10,303.5988651177381,309.5074807384452,299.98751232620305,306.14190673828125,4523500
2021-03-11,312.3624529497521,313.1565672733627,308.87400465456386,310.6985778808594,4338900
2021-03-12,310.1786539356673,313.51583848119697,307.8152079728089,313.0526123046875,3182100
2021-03-15,315.37821630678866,315.4538338788153,309.44124155502897,312.4570007324219,3243000
2021-03-16,311.6628893068483,312.0032116601299,308.7983940974322,309.37506103515625,3066700
2021-03-17,308.1933169294824,312.4475191570366,306.4160011605327,311.2090759277344,2672400
2021-03-18,308.6472347276598,310.2165667624143,304.77117645875217,305.3384094238281,2736900
2021-03-19,305.9338443748001,311.26579160087897,304.7805105960968,310.9443664550781,4859300
2021-03-22,310.50944996078715,317.8077700814945,310.2636424214111,316.2195129394531,4064900
2021-03-23,315.6523581083705,323.801514016755,315.5672486771954,321.7500305175781,3641200
2021-03-24,323.52738879650195,323.8015566035634,318.4317855045738,319.5757141113281,3006400
2021-03-25,319.35828639542945,328.783710533896,318.8477739630222,327.42236328125,4307100
2021-03-26,327.29943771332086,333.20805253148586,325.3047031990243,332.7920837402344,3061200
2021-03-29,332.2531814011126,338.227949725066,331.8372126832189,336.6964416503906,3012000
2021-03-30,334.2668432875232,335.39184576136097,329.78575942240354,330.64605712890625,2602400
2021-03-31,331.5063941291446,337.92552156120297,330.1545099375386,333.2269897460937,2832200
2021-04-01,333.2836795988541,337.8025867952811,332.4233818692204,335.5525817871094,2938600
2021-04-05,337.97278690049774,342.860406051503,337.3488336779869,341.1114501953125,2705700
2021-04-06,340.14711800063776,342.98325304405824,339.3908268626553,340.4496459960937,2142000
2021-04-07,341.1586586083293,341.71642833688,338.0767161533199,339.211181640625,1808400
2021-04-08,342.9832480618292,346.0273674515742,339.95805470318635,341.48956298828125,2839200
2021-04-09,341.19652135012245,343.8435693263214,339.9580779558302,343.3708801269531,1610800
2021-04-12,343.0209659162791,345.2993304636888,341.6028988507198,344.88336181640625,1836600
2021-04-13,345.3845004733027,347.23743384065847,344.372938780407,345.2615966796875,1796400
2021-04-14,344.92126689637473,344.92126689637473,342.74687956928886,343.3330383300781,1509400
2021-04-15,344.94962047690484,349.3645207480485,344.3729247420631,348.6554870605469,1850100
2021-04-16,349.5063361831809,352.4369855570619,348.4474883522024,350.4706115722656,2249200
2021-04-19,350.7352812448232,351.2363304925755,348.0882340587074,349.3644714355469,1560000
2021-04-20,348.8446435876514,354.8572366044224,348.5894017956542,351.425537109375,2330700
2021-04-21,351.3120066692484,354.11978129798507,351.1796687131853,353.65655517578125,1531800
2021-04-22,353.8929232381956,354.9328451791084,349.81834491345927,350.9811706542969,2138000
2021-04-23,350.98115433958264,354.37505894984,350.17757702029115,352.89080810546875,1404500
2021-04-26,353.4769171201485,353.4769171201485,348.09771264241,348.3907775878906,2059700
2021-04-27,348.05982250203294,350.69740628551625,345.337129312047,349.9883728027344,1875900
2021-04-28,349.3646120846626,350.26273319722804,348.0694481596614,349.4024353027344,1305600
2021-04-29,349.15604950965576,355.00151216907733,349.14656622387645,353.89306640625,1848300
2021-04-30,353.2962259167163,354.480480235611,351.7993122666564,352.51934814453125,2118900
2021-05-03,354.1772682564991,359.65325851498113,353.2772524129292,359.3690490722656,2685800
2021-05-04,359.094181521075,359.2836736985,354.091894508991,355.5509033203125,2133800
2021-05-05,356.555254015339,357.6636997359686,352.48140229188255,352.9077453613281,1905300
2021-05-06,353.5614261075536,362.7986079237784,353.5614261075536,362.6280822753906,2641400
2021-05-07,362.6944587841433,366.1240836422738,362.0976188827228,364.1061096191406,1817100
2021-05-10,365.2145651926857,367.488356717858,361.2260045615874,361.4154968261719,1998700
2021-05-11,359.3595412959604,360.8848756344633,356.2236387044046,358.2889709472656,1859700
2021-05-12,356.2236562877934,357.1142177415093,351.590840071391,352.62353515625,2344600
2021-05-13,353.4667732613679,361.3775983788804,352.02673032982614,359.56805419921875,2023100
2021-05-14,362.0406968629715,365.5271339324215,360.10798611063274,364.2007751464844,1876100
2021-05-17,364.7882265487679,366.6924877918155,362.7607693207722,363.7650146484375,1830800
2021-05-18,366.12397654944544,368.9661861365936,362.3912056453281,362.6754150390625,1698200
2021-05-19,357.3132007463376,361.65232468198366,356.34685964836785,359.6911926269531,1725000
2021-05-20,359.23645959346914,364.2955909182229,358.3838022083913,363.405029296875,1427300
2021-05-21,364.7976786955472,365.0819170716629,360.4206794804714,360.6954345703125,1706600
2021-05-24,364.1250649664401,365.470390684694,361.8039436927269,363.2818908691406,1657000
2021-05-25,363.4429122139636,365.45140293154105,361.9365441757804,365.1103515625,1379700
2021-05-26,365.5650445550881,367.3556507733937,364.76922920665976,365.3376770019531,1648000
2021-05-27,364.87346357650335,367.3745934323991,363.32919146137857,367.1188049316406,4452000
2021-05-28,363.94494211689386,365.0439333244156,357.1994357991308,358.37420654296875,4681200
2021-06-01,359.9469943368854,360.2028117784124,355.7500038930627,358.33642578125,2117800
2021-06-02,358.4785121537134,361.8323283697369,357.84373913823225,360.572265625,1881000
2021-06-03,359.6722505469011,363.98292457048495,358.9332481186156,363.67974853515625,1780300
2021-06-04,363.9828854815892,367.3651222883831,363.52812147743424,367.1377258300781,1765900
2021-06-07,365.19567731300367,366.12414327609525,358.6585980681795,360.392333984375,2515800
2021-06-08,360.4017132270017,361.1596243449299,357.8247749486076,359.72906494140625,1553800
2021-06-09,360.2121620789697,361.6995920399035,359.1889793458615,359.9753112792969,1398900
2021-06-10,360.2690852239345,363.196558298748,359.5301117187627,362.864990234375,1404000
2021-06-11,363.67023692596194,363.67023692596194,360.5153964843697,361.74700927734375,1404200
2021-06-14,360.7618023685608,363.7840219764738,359.14172149694696,363.5755920410156,1652600
2021-06-15,363.5755161306626,364.27658535243705,361.4912172112581,363.7176208496094,1252000
2021-06-16,364.1818796570258,366.1145907865845,357.28478371154785,359.454345703125,1801700
2021-06-17,360.3732798478292,366.1429626029021,359.264805240841,364.513427734375,1686500
2021-06-18,364.5134619510994,364.6650499661751,360.29750521215306,360.8470153808594,3415700
2021-06-21,362.1448931734826,367.2608649531551,360.54377936417984,366.45556640625,1631600
2021-06-22,366.6640681307425,371.8558493789644,366.2282706447931,371.55267333984375,1934800
2021-06-23,372.32955363925447,372.746413467776,370.0463078688164,371.3537292480469,1538000
2021-06-24,372.72742555292,374.6980117300455,371.1926078935056,371.4484252929688,1487300
2021-06-25,372.301061679249,373.7979461143616,370.6715269092457,373.7600708007813,2056100
2021-06-28,374.2243402884586,376.5170692213272,372.4527005692887,375.683349609375,1645500
2021-06-29,375.4559483620152,378.4308088566251,374.6696162771892,377.8150024414063,1523600
2021-06-30,377.03820859071817,379.4067175702532,374.2244187665321,374.8591918945313,2031700
2021-07-01,375.4559463012204,376.7728508716901,373.16324632253617,373.779052734375,1523400
2021-07-02,375.3706707481216,379.6908276828141,375.27592463125137,377.95709228515625,1676600
2021-07-06,378.8098134984808,380.2877606514455,376.2233915245624,377.88134765625,2113100
2021-07-07,378.2034504861623,384.7594658516354,378.2034504861623,383.3952026367188,2308600
2021-07-08,382.2772133939153,387.14688000261066,381.9550997567084,385.7352294921875,2235500
2021-07-09,387.0616372663992,392.22499722480006,386.1521381219455,390.68072509765625,2304200
2021-07-12,392.262856962398,392.55654966232015,383.2530426366898,386.4268493652344,2491300
2021-07-13,383.4141966160936,387.7627750823153,383.4141966160936,385.6500549316406,1540300
2021-07-14,387.0900640760634,388.8806703598075,385.83951357566326,388.3880310058594,1265800
2021-07-15,388.871184333912,390.5196858801379,386.4268963282384,390.15966796875,1894100
2021-07-16,390.4439363946232,391.67557832553865,388.2175323266839,388.7859802246094,1413900
2021-07-19,388.4922196725259,393.47557060047103,388.4827363869354,392.3670959472656,2293100
2021-07-20,392.2249936800516,396.0809323201953,391.13548559120943,394.34716796875,2045400
2021-07-21,395.1714087274856,395.1714087274856,390.53862124814,393.181884765625,1480000
2021-07-22,394.11975675106567,396.5830110132505,391.7986071956034,395.5787658691406,1339200
2021-07-23,396.289358360721,401.6895401490427,395.1145585373762,401.1589965820313,1344500
2021-07-26,401.1306469005388,402.1727965610455,398.2410777128467,400.9696044921875,1220000
2021-07-27,401.6989740141749,402.2295175159144,399.4252120192266,402.0210876464844,1666500
2021-07-28,401.0074573936338,402.5138254454026,398.421064417702,400.0126953125,1362700
2021-07-29,400.2499104801868,404.2080008096826,398.9969868828418,403.6669616699219,1434200
2021-07-30,404.33142618951655,409.5708857249079,404.29345090520553,407.88134765625,2283900
2021-08-02,408.7355967516467,408.82101941499326,403.85683007837815,407.12200927734375,1366900
2021-08-03,408.0712047272447,414.6015344165501,407.3118438564031,412.95947265625,1448100
2021-08-04,413.84223442205126,415.731092231849,410.8903002777612,412.9310302734375,1280500
2021-08-05,415.5032106841476,420.9609912927915,414.5350582911306,420.666748046875,1742600
2021-08-06,420.2301507541525,420.9230330860889,416.59477791039535,417.2876892089844,1789800
2021-08-09,418.25586730060223,420.2776239145931,416.983970470358,418.08502197265625,1472500
2021-08-10,418.2654030421826,421.245811332305,418.2654030421826,420.5149536132813,1893700
2021-08-11,422.8593636215897,425.232311790061,419.3473887455912,421.7203369140625,2267500
2021-08-12,420.4864521025581,423.9319777781536,419.77456758996914,422.72650146484375,1230700
2021-08-13,423.12518936187166,425.5740594545863,421.9482161819095,425.0615234375,1309300
2021-08-16,425.14694680074496,430.1586128536941,424.3306374574039,429.8453674316406,1515600
2021-08-17,429.8454306063167,430.7186885244369,426.8460487643529,429.3518676757813,1936700
2021-08-18,428.0418964308212,432.10438274651545,423.2390514069705,423.5332946777344,2030100
2021-08-19,420.4390086214333,432.35119798925,418.8823405688057,431.1742248535156,1953700
2021-08-20,432.3416603664947,437.2109547006735,430.60467503187823,435.6637878417969,1911200
2021-08-23,434.0312263258404,435.7302654549159,431.4874326469186,431.8101501464844,1835900
2021-08-24,432.1139255909872,432.24682461213285,427.41547593364817,428.8297729492188,1541700
2021-08-25,427.9184618708703,429.8073482462898,424.5868624525558,428.2981567382813,1520600
2021-08-26,428.2982061300916,429.48468031094745,423.9984248573359,426.4757690429688,1418600
2021-08-27,426.4757461443369,428.6683479954996,424.0932968477688,427.4533996582031,1310200
2021-08-30,428.1178663741046,433.3858002321084,427.548352965134,432.7593383789063,1219800
2021-08-31,432.9586339686125,433.6610173393677,429.4466591815328,432.3416442871094,1699000
2021-09-01,432.3321493972885,433.4711470492715,428.8866242909055,433.31927490234375,1325400
2021-09-02,436.0720268770129,437.9893588993797,435.09437322188,437.5432434082031,1455000
2021-09-03,435.6733325248973,440.0395634372144,435.6733325248973,439.04290771484375,1302400
2021-09-07,438.995411938495,439.6598490134954,434.3729135328557,436.2427978515625,1463400
2021-09-08,435.77774956387606,442.156236424235,434.8000959200508,442.0328674316406,1372000
2021-09-09,443.5895266067457,445.8960257490282,441.5962439418136,442.26068115234375,1398700
2021-09-10,443.42812340769706,444.5955954530112,439.6598802828738,441.520263671875,1324800
2021-09-13,443.3237264253116,444.4437511607125,434.9140108798573,436.2998046875,1679500
2021-09-14,437.5242047541882,438.7106788651751,434.17360302342735,435.11328125,1383900
2021-09-15,434.9519533149928,438.7581719286906,432.9586997743096,437.3154296875,1770300
2021-09-16,437.3723303415373,440.2008660689181,433.3667926047894,439.7642517089844,1577500
2021-09-17,438.16016417998526,439.2991909795443,433.7939334038819,436.1574096679688,3411400
2021-09-20,433.4237845951816,437.5242464656676,423.9224897392613,428.2127990722656,2602000
2021-09-21,428.2127467740941,433.6230511952278,427.2825406680111,429.1334228515625,1531300
2021-09-22,431.59183388344553,432.2087946273767,426.9788074806444,429.3422546386719,1380800
2021-09-23,429.3137926803939,432.39862545480895,428.1747948821407,429.7694091796875,2061200
2021-09-24,432.8068370056851,444.8993733975676,431.87663075759536,443.9786682128906,3353800
2021-09-27,441.890417720842,446.5793658458836,434.002739944639,437.1540222167969,2526000
2021-09-28,433.9078920724495,434.2495827581655,423.0208030138135,424.6154174804688,2632700
2021-09-29,427.0073357401123,432.8258101471503,426.0866305554751,428.8297729492188,1922000
2021-09-30,430.5668105981933,432.2183736989188,426.4663481067434,426.5138244628906,1836400
2021-10-01,426.8744676125472,428.1558366460994,418.3603271237374,425.5455932617188,1860700
2021-10-04,425.5550424036781,426.5137227626678,414.00354658424095,417.7717895507813,2264000
2021-10-05,417.2402899985717,426.2859690008531,416.9270735253165,423.5618286132813,1808700
2021-10-06,421.3691179282248,426.92182207613615,419.8979017457224,426.5041809082031,1334600
2021-10-07,433.27194069778193,436.23337591976014,429.0955569496932,429.8548889160156,1966200
2021-10-08,432.2941462883019,432.58838950195326,427.1306094917805,428.8865966796875,1545800
2021-10-11,427.16869529565633,430.6331942312942,426.69410560675647,426.8459777832031,1011700
2021-10-12,427.2730972844731,429.8358932281501,423.0967137552622,424.1597900390625,1380900
2021-10-13,425.74494721462736,427.6148318397288,421.50211402806,422.6695861816406,1621500
2021-10-14,424.3875675403756,428.74432627079335,423.80858203777865,427.7571716308594,1480400
2021-10-15,430.8229998855654,430.8704472631887,426.3523445939781,429.3992309570313,1494800
2021-10-18,426.7604609315414,438.8530240540656,425.7068858871845,438.4733581542969,2141300
2021-10-19,439.4699823466116,443.4185714091365,436.91668790722247,443.3426208496094,1365300
2021-10-20,444.7095827170746,448.4873276723442,444.0641475890368,445.8960571289063,1352900
2021-10-21,445.89593889004846,453.375476233541,445.2410028710549,452.9768371582031,1423300
2021-10-22,454.6473961039527,460.380447343814,454.2487570083481,457.4949340820313,1710300
2021-10-25,457.49498040008666,467.1955952528575,455.1315329083289,465.1928405761719,1903400
2021-10-26,457.6277769495079,463.4367490774738,456.7735214542159,460.85498046875,2378600
2021-10-27,459.2604187605472,466.521634749172,458.98514864769226,464.2530822753906,1741800
2021-10-28,462.9601580907243,467.590135396698,462.5038334694161,466.3542175292969,1362400
2021-10-29,462.7890404997337,469.81483818453125,462.6749593433856,467.314453125,2471600
2021-11-01,469.7957415097374,470.4992902341946,463.1882906514871,467.6281127929688,1548700
2021-11-02,470.3566496711255,474.8725451516575,468.43621614321705,472.4957580566406,2012200
2021-11-03,476.6314333123364,478.1715869013265,471.3169401815235,477.5726318359375,1856000
2021-11-04,482.0219997463544,494.57144878711546,481.0712847891306,490.2076416015625,2615000
2021-11-05,489.3995745281324,492.37531709238334,483.5621705563974,487.8308715820313,2071700
2021-11-08,488.1064840963392,488.1064840963392,475.54757810399695,478.9796447753906,2834800
2021-11-09,480.2250901767361,484.0089458017157,479.2173347362793,483.6381530761719,1881800
2021-11-10,483.2104441901425,485.20692259917024,478.94171385470906,480.5959777832031,1226600
2021-11-11,481.2518774510412,487.24136950985377,479.1983298559729,486.9371337890625,1227300
2021-11-12,488.905142091411,494.04848421866,487.9353943153064,491.6812133789063,1780200
2021-11-15,492.9361877661603,497.318969782511,492.4798631563816,494.2672119140625,1392300
2021-11-16,494.2196332623334,502.26264375776674,491.9093451125499,500.760498046875,1690700
2021-11-17,501.5020092232917,504.5823155975152,498.6593815264252,500.35162353515625,1609400
2021-11-18,502.1296127307137,504.6395142765102,496.739074886818,503.2799987792969,1664200
2021-11-19,507.7578306402676,508.8987001270239,501.9869842271966,507.4820861816406,1909800
2021-11-22,507.0353631793981,518.538992204041,506.08464811861626,513.0534057617188,2190500
2021-11-23,511.4465128828234,518.919116673391,507.4630158754256,518.38671875,2147000
2021-11-24,518.6530374943095,523.6823569552779,516.5424780583401,522.6365356445312,2316400
2021-11-26,522.4652954859295,527.2188693835851,517.4835593255103,519.2138671875,1844800
2021-11-29,519.2138389056668,533.1418328779432,515.677149944403,527.5325927734375,2919100
2021-11-30,523.8438091604107,529.7097027177808,509.4785237104643,512.7965087890625,4244200
2021-12-01,516.3331748715544,521.2293792094574,503.3084287803255,503.7267456054688,2877100
2021-12-02,492.9552247511645,504.7440554761835,488.7054986924808,499.6102294921875,3277500
2021-12-03,503.8694499476204,511.00932911408034,498.9067453392501,502.8616943359375,2984400
2021-12-06,506.0179519134097,509.6306565452444,501.5686136160521,506.921142578125,2432900
2021-12-07,511.7223047442609,516.2382006059148,508.356794823413,515.3065185546875,2579800
2021-12-08,519.2900041108488,520.7920918667097,499.6482018690048,503.98345947265625,3037500
2021-12-09,502.73804066391057,506.094092201665,497.9844660395789,498.4883728027344,3200500
2021-12-10,508.3568396782776,533.6078278137495,508.2617333618414,531.278564453125,6333600
2021-12-13,523.3115074256369,532.162660748265,520.9727279017995,529.75732421875,3415200
2021-12-14,529.0348979816969,529.7098685048439,511.07587742711706,518.4629516601562,3494400
2021-12-15,519.2901112012195,538.570583089581,518.6436319020166,537.6103515625,2937100
2021-12-16,536.954221786393,538.6274892146473,522.3702884134163,525.3935546875,2683000
2021-12-17,522.2467150459746,529.044291754534,514.3177272600027,520.6209716796875,5752000
2021-12-20,515.411140319324,522.0756619182187,511.5132319338875,521.5242309570312,2033600
2021-12-21,523.3685938011431,524.5855368222689,509.6593001075464,518.5484619140625,2472800
2021-12-22,518.5008609887383,522.8931588811779,513.1958559656122,522.5794067382812,1454500
2021-12-23,524.5474699882071,525.3745873726639,520.5069313524217,523.2449951171875,1757800
2021-12-27,524.3572583527038,537.8574211080584,524.2622100765445,535.6992797851562,2262900
2021-12-28,535.6613814611326,538.7131977058228,533.0659479054788,536.811767578125,1155000
2021-12-29,538.484818010914,543.3239232374156,535.72772222786,539.7872924804688,1753000
2021-12-30,541.4606858791191,541.7934128839385,534.6535346870427,536.1176147460938,1338700
2021-12-31,535.6422214025611,540.2437067508623,531.4781437965453,539.7208251953125,1509200
2022-01-03,537.1825298677926,539.5022187858658,528.1317044053804,538.7797241210938,2714100
2022-01-04,536.4217529296875,540.6904527782133,534.1020066700427,536.4217529296875,2097500
2022-01-05,535.9085018419967,537.2014602218266,522.6745662484282,522.817138671875,2887500
2022-01-06,519.2805740169654,526.2398151743748,516.7611559134525,522.703125,2503100
2022-01-07,520.563895475631,521.3434886023416,507.9098833628731,509.7542724609375,2323900
2022-01-10,503.20385523160456,504.26865124929947,483.43851387273367,493.2308654785156,4916800
2022-01-11,493.23081805083007,496.71992505854126,485.1402549728202,496.3016662597656,2457300
2022-01-12,496.3017086762457,503.90742759390594,496.2826758103019,499.8858642578125,1729500
2022-01-13,501.63521909118975,502.9757015558127,489.83681479692,491.405517578125,2428100
2022-01-14,486.3572542841966,487.6977368327641,477.1257912233309,478.2001037597656,3872500
2022-01-18,470.09055703196464,470.6799957227232,462.8651168257016,464.0155029296875,3801900
2022-01-19,465.74575881570007,471.7827755118988,463.0932559926134,466.00244140625,2709400
2022-01-20,466.5633630513432,475.2433952119141,458.0924893409131,459.0242004394531,2893700
2022-01-21,458.1685276020235,470.2330727332732,457.5980928714866,457.873779296875,3295600
2022-01-24,452.1124251130652,465.8217457067484,445.89477102405743,464.8044738769531,4412600
2022-01-25,456.24802795792704,458.8530062461994,449.0891466550012,453.7951965332031,3076800
2022-01-26,459.4140800860736,469.5296739243617,455.1738697407987,459.6422424316406,3074900
2022-01-27,462.9221522903302,471.354989547414,456.63791116564295,458.7389831542969,2372300
2022-01-28,459.8988677719058,468.4458154060388,452.4452656056164,468.16058349609375,1918500
2022-01-31,467.7517279378448,481.461049477905,466.4492531749771,480.234619140625,2480700
2022-02-01,480.11105532738856,484.56039438183166,472.44829506245264,483.3529968261719,2347200
2022-02-02,485.9198140983565,498.1650250267582,485.1877741674132,496.2921447753906,2547600
2022-02-03,491.1982447002948,501.2530097924192,489.6081604435216,496.8064575195313,2665100
2022-02-04,493.3214882426563,497.0253887076334,486.36123081351474,494.902099609375,2387400
2022-02-07,496.3588094528671,497.0253301392679,489.6270609386777,491.2076721191406,1863600
2022-02-08,491.20777560119535,498.3489456420994,486.07564078420125,496.2161254882813,1462000
2022-02-09,502.7382893421561,508.6797325541665,500.5292807939762,503.5285949707031,2256700
2022-02-10,495.949494930307,499.3772333109858,490.1223048141587,493.673828125,2558900
2022-02-11,493.5976402798877,496.4064536842161,483.1048636975344,485.2853088378906,2349700
2022-02-14,484.6378285731122,487.056312726801,477.4490630572069,482.3240966796875,1749600
2022-02-15,488.7797311227471,491.31244022463005,486.3231526494285,489.3319396972656,1984600
2022-02-16,487.0181492529218,489.9317436069812,477.7060669128422,487.8846435546875,1770800
2022-02-17,485.25673955451066,493.4167224690733,482.77159758284193,490.3698120117188,2022800
2022-02-18,490.2556011402978,493.1215999072232,485.9137431859797,488.1417846679688,2154700
2022-02-22,485.5994913291257,489.9603814646293,474.3259693702661,478.1536254882813,2451800
2022-02-23,478.8772159451769,483.666558212534,471.1076215266684,471.5646667480469,2021400
2022-02-24,460.1483651732876,482.3145530662969,459.8722608873775,481.3909606933594,2859800
2022-02-25,484.2473977136149,493.4547573460623,481.0767315949792,492.7311096191406,2003000
2022-02-28,489.6937987950483,494.7688063360145,486.8373309139397,494.406982421875,2408900
2022-03-01,494.606965837088,504.03327516142105,494.349865125928,497.9109191894531,2316000
2022-03-02,498.9297184799657,507.5848416478556,494.90211740277255,502.73834228515625,2571500
2022-03-03,508.91779871789294,513.1739658192594,504.2046153804007,507.5466918945313,3851800
2022-03-04,494.6449145925941,504.5663612848954,487.29427100362506,500.35784912109375,4417900
2022-03-07,498.4059615919999,519.2010115718708,498.3773690230136,503.2333984375,3896900
2022-03-08,501.04340313762407,513.907037446954,497.415691821094,498.32025146484375,3649700
2022-03-09,502.3764672436304,505.4614429134544,491.0363165884468,502.4050598144531,2789700
2022-03-10,498.0823082693976,508.80359406444745,493.3501208725538,507.2325134277344,1777700
2022-03-11,510.9458808263848,516.6874086459509,501.2434101387052,502.18603515625,1735100
2022-03-14,502.51930756015935,509.6985416907469,498.4916488284609,500.786376953125,1950000
2022-03-15,504.642542219115,517.8298759726248,502.6620420076472,516.3731079101562,2547900
2022-03-16,518.4774393616985,525.228191617592,505.8423129652235,517.3919677734375,3017200
2022-03-17,517.3538703552581,526.7040480020371,517.2110818432957,526.3422241210938,1974200
2022-03-18,526.5041321783712,535.6352744512451,523.2191827952535,534.49267578125,3597800
2022-03-21,533.3406579759678,539.6343949781824,524.4856190946919,528.9512329101562,3136900
2022-03-22,530.3128845452104,533.5406495700076,525.9043971349897,532.6551513671875,1777500
2022-03-23,530.3032988918771,533.8643530540867,525.504395430512,527.5134887695312,1546800
2022-03-24,528.9320720015197,531.5505004230307,522.9429748910962,531.4076538085938,1614200
2022-03-25,533.035843779035,533.616644844215,523.90464448303,529.1224975585938,1974900
2022-03-28,530.1032996231055,538.2156869952926,527.018323612552,538.1680908203125,2056100
2022-03-29,540.8244670051631,543.8903806306733,537.5205144417105,542.709716796875,2005400
2022-03-30,543.6333002901711,550.5840251717226,541.3862268198562,548.88916015625,2086500
2022-03-31,551.0126293715143,558.2680526594916,547.9752497346327,548.2989501953125,3439800
2022-04-01,549.7556871667091,555.0972669336935,544.9282505792023,548.0322875976562,1933500
2022-04-04,546.48033552457,551.9552317086656,544.1284803352637,547.6134033203125,2201800
2022-04-05,545.1951876274704,556.0402034433475,544.7285822356399,547.7945556640625,1826800
2022-04-06,546.5660697705355,558.7250608861956,543.0811466920896,556.8112182617188,2646200
2022-04-07,563.9523879833449,582.9765020763476,560.6103696448959,578.9583740234375,4804200
2022-04-08,577.3682362865962,578.9107240270754,569.1320654043647,571.33154296875,3230200
2022-04-11,570.1413967860573,572.245682196059,554.9164336080569,556.6969604492188,2792700
2022-04-12,558.6203564232127,563.4192013162294,551.0697669866374,553.5453491210938,2142000
2022-04-13,554.6023581777287,565.0951374223276,554.6023581777287,562.8099975585938,2211800
2022-04-14,563.4668211361362,567.7515224940466,558.9630844128562,562.143310546875,2206200
2022-04-18,557.3729580558411,563.7809478919069,551.8694697235165,554.2689208984375,2161900
2022-04-19,555.4400328297401,566.3708203444078,554.1546458148193,565.8661499023438,2327800
2022-04-20,570.4842157045873,576.3209358670483,568.7226924669949,574.6546630859375,1793300
2022-04-21,578.2253131391973,580.0343746375526,562.8670324871892,563.4287719726562,2027900
2022-04-22,562.1052066671471,563.5810947892945,543.728609604917,544.3475341796875,2878200
2022-04-25,543.023856536294,543.0429182450349,527.0467158285354,541.0243530273438,3154500
2022-04-26,538.2061936144548,541.1483813049427,526.8374483411482,527.2659301757812,2057400
2022-04-27,529.579530371766,536.6540409070763,526.3993044673377,527.5704956054688,2261600
2022-04-28,529.7543961927295,538.6524785924703,520.5320867467672,535.9821166992188,2118700
2022-04-29,534.961651837475,535.58158327067,505.1774681486716,507.1039123535156,2968000
2022-05-02,507.5903103391094,514.2376633686995,494.2766279750557,504.4621887207031,3303400
2022-05-03,505.4636350891111,509.5359739460302,499.4553054082601,503.6325378417969,2398000
2022-05-04,506.98947536870367,520.8563811525352,498.6064306861424,519.2255249023438,2465200
2022-05-05,516.4980122344599,517.2323836950164,488.4590625804087,493.3706665039063,3977000
2022-05-06,490.5858553085972,492.5313924739485,475.727115714932,480.0569152832031,3560800
2022-05-09,473.1330070314881,483.5760582307048,471.45447709282655,475.7366027832031,3292700
2022-05-10,486.1034215763133,486.9903601890488,472.68478602970777,478.244873046875,2729400
2022-05-11,480.5910263138136,484.482129826004,465.226823951979,466.4380187988281,2782900
2022-05-12,464.25401633430687,474.2393077996471,457.54947205273976,463.6722412109375,2829500
2022-05-13,470.2814243284121,475.69849045350185,466.9339398134558,474.2488403320313,2338600
2022-05-16,473.1711611696988,474.63984575441305,466.9529866194425,471.63568115234375,1579700
2022-05-17,466.5143207085066,470.7106167023996,457.9977424194286,467.763671875,2602800
2022-05-18,438.7043148686348,442.3856023231135,404.89545983087305,409.52093505859375,9511600
2022-05-19,410.44603166300175,410.5986279613251,399.33537381519295,403.3504638671875,5839600
2022-05-20,408.9486619870162,408.99636469633367,387.6906000712046,397.1513366699219,5115000
2022-05-23,400.55612507772753,410.0931756748163,397.3803000349952,409.5972595214844,3687200
2022-05-24,405.1338923763997,418.419025802462,404.7047425680549,417.44622802734375,3473400
2022-05-25,416.1300733117087,422.7392708187584,410.8846960200993,419.7350769042969,3225100
2022-05-26,428.3089592148179,446.3816531009069,426.79257162323023,443.46331787109375,5917600
2022-05-27,435.6523842044471,452.89538499720857,434.0501669666879,448.9661254882813,5719600
2022-05-31,448.9661814495014,449.0043086946073,436.8255061504517,444.6363525390625,4424500
2022-06-01,447.65006787427546,448.7182128421316,435.5570951806987,435.8336486816406,2319400
2022-06-02,439.5626198862377,468.39313193724144,436.6824413215675,465.03607177734375,4950600
2022-06-03,462.57546223329865,465.5510167085495,453.572486120879,454.2019348144531,2857400
2022-06-06,458.2553276578445,458.7321802360525,447.2018883875567,450.5970764160156,2297000
2022-06-07,438.61846086968126,451.7986706791857,438.3132682909198,449.9389343261719,2435500
2022-06-08,449.93892125664064,452.4662335594216,445.2753191741153,446.3243713378906,1697000
2022-06-09,445.7044085302363,461.8220142195024,445.5232022854683,450.19635009765625,3087500
2022-06-10,443.4728478457874,446.5151692808959,436.5680326036068,441.861083984375,2549900
2022-06-13,429.1671828844061,437.4072067660726,428.118101727514,431.3130187988281,3113400
2022-06-14,431.3130288153584,437.5216568521284,429.434229051353,433.7449645996094,2224600
2022-06-15,437.273740888013,442.86243819712246,430.4929123332983,437.5503234863281,2250200
2022-06-16,429.4629411587069,436.5775730538156,427.2312747177673,430.8458251953125,2906600
2022-06-17,430.1686071516039,434.593812101166,422.6820465588414,426.0104675292969,3623400
2022-06-21,429.6917264802187,443.3011138854334,428.34702819772144,441.6702575683594,2420600
2022-06-22,438.1225479723151,443.2057827472074,437.2737365635505,438.6661376953125,1827500
2022-06-23,444.7793487316527,454.2305677657025,444.149900006248,453.00982666015625,2030100
2022-06-24,457.7783893432367,462.3847715799059,454.6120818318021,461.9460754394531,2862600
2022-06-27,463.3193661506444,464.68315714603887,455.2510310025314,459.44732666015625,2034700
2022-06-28,461.1163611565746,464.6832084939813,446.22904028166266,446.9156799316406,1754600
2022-06-29,449.1473727813715,451.0738463667233,444.82709037838566,448.0887451171875,1275600
2022-06-30,446.62001453821296,459.7716138919543,443.2057636378718,457.0917053222656,3852400
2022-07-01,458.9038039802753,468.5076211329701,455.8710288072463,463.2717895507813,2660400
2022-07-05,463.08096040599776,468.1737412057928,456.3096496270292,465.6559753417969,2489400
2022-07-06,465.6559630326085,474.010398151825,465.1981742036356,469.84271240234375,2262300
2022-07-07,469.2799730553194,472.5893298155376,466.57145496497446,472.03619384765625,2125200
2022-07-08,474.2965613830575,482.1169246530519,473.9913688083389,478.3211975097656,2607800
2022-07-11,477.920601315055,482.14550709422986,471.93133562599087,475.8033752441406,1891100
2022-07-12,474.0009942019851,478.66459713576165,465.4462580536904,467.859130859375,1775300
2022-07-13,461.8984445399563,474.2966103976796,461.4215920069669,469.4327087402344,2008400
2022-07-14,473.12351583500873,489.50819005817726,470.767863291554,488.23974609375,3715600
2022-07-15,492.989151899372,500.50435164512425,491.90197248360965,498.7400207519531,4265100
2022-07-18,497.7003932062099,504.06164639186727,491.7969579256531,492.3977966308594,2464100
2022-07-19,498.2248823980439,501.2481684244249,493.0367261300837,496.1458129882813,2391000
2022-07-20,497.1282341231623,501.8013532886227,492.8842356025341,499.93212890625,1740700
2022-07-21,499.7795464311426,505.21567656420166,497.4525039065487,504.94866943359375,1716100
2022-07-22,506.140749952961,512.2444264055569,501.71554523339785,505.196533203125,1800800
2022-07-25,506.8178495541043,507.6475681732668,501.6487852142528,504.6434326171875,1452700
2022-07-26,491.1581061300911,495.6214388278376,485.2069958664292,488.230224609375,3334800
2022-07-27,489.3460249553559,501.0003306277106,487.50541034735,498.1296691894531,2060100
2022-07-28,497.05006579398855,515.1061654172722,497.05006579398855,512.2401123046875,2083300
2022-07-29,508.2467773312741,517.9149256487906,508.1512655467543,517.1315307617188,2131500
2022-08-01,517.2460912004915,528.0320406646952,517.0836978669898,522.3954467773438,2256000
2022-08-02,519.7397476174818,526.4367106301562,516.6252933381725,519.1951904296875,1984200
2022-08-03,520.6664046777738,524.2012157843772,517.9149885533914,522.586669921875,1693300
2022-08-04,522.5770101448136,522.7680920116195,516.5296218358993,519.0231323242188,2000500
2022-08-05,513.2526945131207,517.4180103317568,509.5363656167274,516.529541015625,1711500
2022-08-08,519.5580951209128,523.0546540008493,514.6188886424021,517.7047119140625,1344100
2022-08-09,519.367154859263,520.6664185331264,510.0524803992666,511.8963012695313,1877300
2022-08-10,520.1696850779903,525.3572359181611,513.3007065299885,515.7177734375,2336600
2022-08-11,518.9849524959028,519.2237902848292,508.1417402026472,508.4378967285156,2340200
2022-08-12,512.2400815952903,514.360991092652,509.8994600316692,513.22412109375,1918200
2022-08-15,512.4504238801487,522.5771236096398,511.7625406722901,521.3829345703125,1848000
2022-08-16,526.4939311032616,534.9678901034405,524.4590287376269,528.3282470703125,2498000
2022-08-17,525.443070443974,534.4711494072385,524.4972822467747,531.4808959960938,1835200
2022-08-18,534.098566966861,539.5345168886303,531.5764261471644,535.9137573242188,1619200
2022-08-19,533.7068544061062,534.2896045161732,528.471491325021,529.7708129882812,1617000
2022-08-22,528.3090547366112,528.3090547366112,519.9879272951842,521.115234375,1860900
2022-08-23,521.373371224429,521.6313347158781,512.9089733162615,517.8672485351562,1359000
2022-08-24,518.5169552284488,520.8766451197207,515.2783000949846,518.9659423828125,1145800
2022-08-25,521.3732672177055,526.3124157674943,515.4596419479583,526.1787109375,1483300
2022-08-26,525.4431051058613,527.9938762165741,507.9315031125322,508.0748291015625,1886800
2022-08-29,503.4987808274526,511.5905776617946,500.60403864571504,507.3488159179688,1579900
2022-08-30,510.4250370426499,512.0777758620418,498.2251842784512,500.7377624511719,1872700
2022-08-31,502.07522868907625,502.82043058424455,497.031004874888,498.788818359375,2179800
2022-09-01,496.514951933166,505.9347563157783,493.9451139370999,505.54302978515625,2280600
2022-09-02,508.9154969156675,510.9599620804123,493.00887920557176,495.9322509765625,1901700
2022-09-06,496.9353828109831,499.7919314670945,489.6461078522814,495.731689453125,1933400
2022-09-07,496.78261855609753,507.9219877696245,495.7317555716171,505.9922180175781,1827900
2022-09-08,500.919220382191,509.2307859802271,498.2728793778394,505.4953308105469,1600800
2022-09-09,508.36142751489217,514.0362154354067,505.8871007958992,512.622314453125,1930900
2022-09-12,513.7210361973162,518.3735923662999,513.0236484071037,515.43115234375,1522400
2022-09-13,507.0908220040359,508.4760928501661,485.97758465959447,487.51568603515625,2881400
2022-09-14,490.9166719636213,491.05999794378,480.65621111225926,485.3183288574219,2007300
2022-09-15,485.7005325633248,486.33106783875513,478.181923465019,481.0193176269531,1749600
2022-09-16,477.2648058423348,483.8280639196244,475.0961399597627,481.6307678222656,3004800
2022-09-19,479.73913791197214,484.0859739908917,476.6151501412214,483.9522399902344,1441300
2022-09-20,480.54167382737,480.9524678634604,471.3894217743278,477.217041015625,1843100
2022-09-21,480.0639158099336,483.8184385423513,470.9880805856662,471.0549621582031,2082600
2022-09-22,471.9434000641585,471.9434000641585,462.78158735503513,465.4183654785156,3133100
2022-09-23,457.5558555169363,460.78494688103865,442.8338916525832,445.5757446289063,5377800
2022-09-26,445.0693641372502,462.4949569862614,444.4388289808717,458.8550720214844,4001900
2022-09-27,463.81337337589713,466.5934484386344,454.2025441154378,456.94439697265625,2412400
2022-09-28,460.0301903691144,469.6027974032373,453.0179171541779,466.4883728027344,2419500
2022-09-29,463.9280700097886,467.1762873281788,452.9033384439723,457.5941162109375,1963900
2022-09-30,459.19909559109885,462.2275424647569,450.8015506668001,451.1836853027344,2436700
2022-10-03,453.3141077216249,459.3710303409489,449.3971622875503,456.39990234375,2338500
2022-10-04,462.2275405538614,466.2304642608578,459.2659752713613,464.42486572265625,2175600
2022-10-05,459.8104930381962,462.26575247063386,453.61983629648967,458.874267578125,1587700
2022-10-06,461.86451525372576,471.8288205379641,460.4028291916802,460.9473571777344,2430700
2022-10-07,456.9062034065368,457.718228476643,445.30822764219135,447.2475891113281,2568100
2022-10-10,448.7188987872932,449.25389311655215,440.9996449136928,445.4898071289063,1616300
2022-10-11,444.2382698662476,455.9413210616487,442.996325074859,450.94482421875,2341400
2022-10-12,453.1421925944331,458.3201798220597,445.480257236609,445.55670166015625,2043900
2022-10-13,437.7323577333708,450.6773545082253,428.9813374612202,447.09478759765625,3390900
2022-10-14,450.9543474333509,452.25364000025,433.5287539019975,434.350341796875,2301600
2022-10-17,441.0379002353213,446.0343977856604,439.9201555958137,443.4454040527344,2097500
2022-10-18,452.072155148722,455.2438986637352,447.89724632412265,452.1390075683594,1864000
2022-10-19,446.9227982145768,453.6675746852412,446.1012102584628,450.3811645507813,1207600
2022-10-20,449.97032723472194,451.0020935008185,442.2415410362329,443.8751831054688,1709500
2022-10-21,443.0058416399247,458.1577249463077,441.63969659119385,456.8297729492188,2508400
2022-10-24,460.1067038709961,475.7649249329724,459.5335164420701,474.7809143066406,2366200
2022-10-25,471.2938810981571,477.8571394575059,468.5997836019597,476.777587890625,2130900
2022-10-26,475.764875646295,484.7642963632277,473.5580168085288,477.150146484375,2088700
2022-10-27,478.3560678765579,481.4187222131851,472.9294642810353,475.2264404296875,1576600
2022-10-28,475.9538483512521,490.80768547915534,474.68095021559225,488.9413757324219,2369300
2022-10-31,487.76409071292414,487.76409071292414,479.01640449136,479.9734802246094,2192200
2022-11-01,482.0790865833955,485.6106985812775,478.3273366393036,478.4996032714844,1586300
2022-11-02,476.432298271164,481.6387927053057,462.52598874514473,462.7557067871094,2464400
2022-11-03,460.2385984435289,470.2400226609623,459.1188069473701,465.4163818359375,2010400
2022-11-04,469.3498808461005,471.4841700054506,456.036955392113,465.5311584472656,1987300
2022-11-07,456.5730043838528,468.9671478310125,454.1324727465621,467.5793762207031,2036000
2022-11-08,469.6657800288796,476.8725590542477,463.7127678639409,471.608642578125,1709900
2022-11-09,470.7855647509808,476.2217481070063,465.96189469891294,468.93841552734375,1640500
2022-11-10,483.2753759991647,492.7503901761269,479.8777398126939,491.104248046875,3098300
2022-11-11,491.1042864826196,494.6550585606085,484.95984728858656,493.34381103515625,2393500
2022-11-14,493.6309543846683,498.34933059402425,487.5535178247153,487.8023376464844,1820200
2022-11-15,497.6793608483686,507.0586909659196,497.6793608483686,503.8716125488281,2502200
2022-11-16,498.9331452025001,505.87194422737696,497.8420648534072,501.6129455566406,1833600
2022-11-17,496.7222958383301,499.3925160523584,490.94157955209647,498.9427185058594,1902500
2022-11-18,504.2545489374704,506.8099251033348,495.9471375607168,501.19189453125,1584400
2022-11-21,503.1729276344704,504.6468614765662,499.67005656435,500.9046630859375,1268300
2022-11-22,507.21194449569447,509.93000722929503,504.0727076312265,509.1165161132813,1809100
2022-11-23,511.0784665306397,513.7582670316415,507.63301708867584,511.5474243164063,1288200
2022-11-25,511.23158966346455,512.8586302257357,510.1884097416952,510.7530517578125,744200
2022-11-28,508.1019333392593,513.2318450811528,506.2356240377294,508.130615234375,1684300
2022-11-29,508.2455279632244,510.81048417895,505.3360384682087,506.2548522949219,1685700
2022-11-30,504.77134570659007,519.2902283341756,499.7275957258476,516.1031494140625,3601800
2022-12-01,496.8562290367382,496.8562290367382,474.3936640774503,482.2320861816406,6970400
2022-12-02,477.1213962670496,477.5520920411163,470.9865371545925,473.30267333984375,3632100
2022-12-05,471.3598601734617,471.55128702816063,463.92339126984,467.6846923828125,2455300
2022-12-06,469.5987495848537,470.37397853737366,456.6878082024441,460.5065307617188,2995900
2022-12-07,458.5254468248555,465.65567330044735,458.3148889781127,461.2818298339844,2072600
2022-12-08,462.171854970632,462.5833905165037,453.1753491293375,460.7554016113281,2901000
2022-12-09,454.7066591374558,469.053214162527,450.30410518992807,462.2866821289063,4211100
2022-12-12,462.0092267765485,466.88073925525146,460.0376528997496,466.7467346191406,2276400
2022-12-13,475.7049307446294,476.5950041669293,460.8798077719084,467.244384765625,2626700
2022-12-14,467.8760398185656,470.5845805629317,460.3917296082855,462.7652587890625,2145000
2022-12-15,454.93640922619807,456.2380475077738,443.27923294183074,443.9970397949219,3437700
2022-12-16,441.46073141169865,444.8392073471752,437.26873531792126,441.642578125,4909200
2022-12-19,441.1353762396348,443.5184855576819,435.8140080936852,438.9436645507813,1939200
2022-12-20,436.9624712896352,440.4940828948651,433.1054574572532,438.16839599609375,1993700
2022-12-21,439.6615146441072,443.78650927726966,436.61802040942064,442.2264709472656,1462400
2022-12-22,438.962810942762,440.6376935970136,433.928612083175,439.0202331542969,1906100
2022-12-23,437.88130371538745,443.2983561767265,435.2780564054796,442.7911071777344,1229500
2022-12-27,444.46592381509015,444.75306403324527,437.4888341830416,438.8191833496094,1230800
2022-12-28,437.9004273251136,440.69507203434,433.3638686110216,433.5457153320313,1324100
2022-12-29,436.0724145498388,439.2977550498594,433.9955473881138,436.9337768554688,1465000
2022-12-30,435.1344335228205,437.0964561077681,431.4018443714488,436.905029296875,1803200
2023-01-03,438.34067118339567,439.1063200613617,428.6742007590039,433.8232727050781,1978100
2023-01-04,437.5559067361655,439.78590970390326,433.1629323240816,436.9625244140625,2097300
2023-01-05,435.0292216531338,436.8380796412712,430.3203960893688,430.8659362792969,2169300
2023-01-06,443.2025916170117,463.6266122652122,442.3795205545232,462.1431274414063,5174500
2023-01-09,462.20061258911386,465.97149360632,457.61624050184736,458.2000427246094,2384800
2023-01-10,456.659113947617,461.396621142498,455.0703647792053,460.7362365722656,1649900
2023-01-11,459.7122205046789,463.72237056839776,458.54458682394574,463.5213928222656,1576400
2023-01-12,464.1721574756488,464.18173757956754,458.2000141571504,461.7220458984375,1628200
2023-01-13,460.2482143856627,464.7464533058397,458.43932702970034,464.4210510253906,1405900
2023-01-17,464.3061738616202,469.42653508244325,463.5787869285856,465.8757629394531,1539900
2023-01-18,463.9999417035696,467.8282451134842,457.9799264133404,458.88916015625,1925500
2023-01-19,455.79772438743913,457.0610713278285,447.9784322341262,449.3374633789063,1919500
2023-01-20,453.5773756230024,459.7026548965548,449.3183766333694,459.5016479492188,2588600
2023-01-23,459.3485341690848,473.9822018755213,457.09940023537695,471.465087890625,2709400
2023-01-24,470.9290890247717,472.4125738922984,466.10544850042623,470.9865112304688,1510200
2023-01-25,468.3545524091605,470.82382408132975,463.7031785081848,469.809326171875,1329800
2023-01-26,472.0297345432608,477.2649396532639,470.6610941303552,476.9107971191406,1576400
2023-01-27,478.308199700599,487.2472839536223,476.4897323580367,481.6866760253906,2034100
2023-01-30,478.891969162479,483.897485649129,478.891969162479,481.6770629882813,1855900
2023-01-31,481.6292043889501,489.4580764322174,480.4519907892012,489.1996765136719,1924100
2023-02-01,486.4911732928825,498.1100869449405,483.0552748471978,495.6790771484375,2080200
2023-02-02,502.6586713090334,508.18103293496006,499.1592991690762,501.8341674804688,2287400
2023-02-03,497.71170218848346,500.0318412714725,491.3552385190652,493.5603332519531,1844100
2023-02-06,493.2151115615095,495.88038321580166,491.1346583346219,494.3176879882813,1740100
2023-02-07,490.8661776063481,496.6186280874402,486.45598897762505,495.2189025878906,1927300
2023-02-08,490.1951114776066,491.0483764797557,480.8665430713996,483.0237121582031,2062900
2023-02-09,484.442654873399,488.1529809776421,477.8561033539626,479.9749145507813,1517300
2023-02-10,477.9423784854589,479.8981906684583,474.9415120052335,479.3612976074219,1536800
2023-02-13,481.03911450291815,485.880778280195,480.6652204051183,485.5548095703125,1452600
2023-02-14,484.1742249299044,486.8970482385753,478.0574473226281,482.45806884765625,1257300
2023-02-15,481.9882254887056,490.3196932043655,480.6555604813207,490.1854553222656,1422600
2023-02-16,482.8320458881885,489.65831352386766,482.8224783639316,483.3018493652344,1456000
2023-02-17,483.4647151307766,486.7627892510244,481.134979587592,486.5422973632813,1340400
2023-02-21,480.15706696163926,483.19626203012575,476.06322082129,481.0390930175781,1811800
2023-02-22,483.1291740051144,484.6056152904599,476.1111771047623,476.86859130859375,1332000
2023-02-23,478.2203672853871,478.27788944899794,467.7317303293577,472.7939147949219,1546300
2023-02-24,468.4220750967931,470.1286344008645,464.7021813364362,468.4508361816406,1587600
2023-02-27,472.228279557232,472.6597250867677,465.6417278261219,466.93603515625,1501700
2023-02-28,465.5650089495907,468.7096807820546,463.82009190770833,464.2035827636719,1918200
2023-03-01,461.2507257437921,462.6696450051456,455.4215587106458,458.9209899902344,1759300
2023-03-02,457.66503057961614,467.3195687717551,455.9393068206269,465.6513671875,2379200
2023-03-03,455.2393911210496,456.36113198727054,446.1313433187826,455.6516723632813,5354200
2023-03-06,456.8597030067688,468.6522465346187,455.900961057764,463.1490478515625,3104700
2023-03-07,466.04442242434817,474.7785466953919,464.9898005302126,465.1336059570313,2659100
2023-03-08,463.0723548005568,466.7922781912848,461.289108844775,465.9869384765625,1548500
2023-03-09,467.3674143222024,469.7834328724958,458.87294764810105,459.7358093261719,1629400
2023-03-10,459.2181929306666,460.63711217748977,449.0555232236641,451.70166015625,2123000
2023-03-13,447.5406540556795,457.02262436443846,447.5406540556795,452.526123046875,1799600
2023-03-14,455.8145507881375,465.1431178857571,453.4848155232338,462.0368041992188,2422900
2023-03-15,461.64372535507016,466.9263722265976,458.79626133557474,465.62249755859375,2226300
2023-03-16,464.9226703188736,468.00025267065735,462.8422169248294,467.1565551757813,1979600
2023-03-17,468.8918467881096,469.6875895874037,461.6437613118464,466.9551696777344,3959300
2023-03-20,467.8660285266907,470.5409265133057,465.680098252274,469.1028137207031,1623800
2023-03-21,472.6597082112957,472.6597082112957,465.9389188190469,470.5984191894531,1664000
2023-03-22,469.2657843097485,476.1303795633297,467.2428530218622,467.4058227539063,1299700
2023-03-23,470.4449704366205,472.8993468652787,464.3090293649748,467.6358642578125,1565900
2023-03-24,466.8497229292514,475.50715999958845,466.4853963728722,474.8360290527344,1635200
2023-03-27,476.7631253883872,479.2366663807314,472.1899374946272,472.8706359863281,1452100
2023-03-28,472.2857856808166,473.6759729989965,465.3828622521247,466.6867370605469,1407800
2023-03-29,469.0165018020108,471.0298361818334,465.852636296545,470.6175842285156,1643000
2023-03-30,472.6596694641113,475.2866124225587,470.7421860180094,471.202392578125,1545500
2023-03-31,474.5773047905602,477.798663966884,473.5610405795663,476.3701477050781,2082000
2023-04-03,476.0153055144023,478.6039200876603,474.5771928089208,476.5234375,1804700
2023-04-04,476.0153170978816,481.8444545322177,475.0565752708969,477.194580078125,1913300
2023-04-05,478.4121662452618,483.3305164433281,474.73060118236776,476.6193237304688,1941500
2023-04-06,462.113518631214,467.722163661317,457.7991808016695,465.9293212890625,4114700
2023-04-10,463.935175306222,473.5225938050424,461.7876029251996,473.4554748535156,1653600
2023-04-11,473.4554263385773,479.36127903969583,472.6596835584457,478.0765686035156,1547400
2023-04-12,479.3709344066341,479.4188597966828,468.3837607824084,469.1603393554688,2063700
2023-04-13,473.1295044124585,477.8752882554824,470.0807123629722,477.3479919433594,1600500
2023-04-14,475.71804610983065,479.7255793908159,469.93683483346985,471.02978515625,1675300
2023-04-17,472.4391723392434,477.3479547877973,470.8860153503416,473.5609130859375,1411800
2023-04-18,475.6318219596093,477.0986957714212,473.7335026261264,476.3988037109375,1339600
2023-04-19,476.6193191048205,477.44382301461457,473.4554535872341,475.564697265625,1098800
2023-04-20,475.2962534658832,489.5910973988397,475.0661647936354,484.7206726074219,2936500
2023-04-21,488.3543130848882,489.5719339140171,484.60562908136825,485.45892333984375,1508600
2023-04-24,485.2192797885144,490.5786434802369,484.94123644608703,490.3197937011719,1374100
2023-04-25,490.0416712890906,491.95915477316606,481.53763671857234,482.41009521484375,1789900
2023-04-26,479.7736136881912,482.1225136863496,473.0336595935017,474.2512512207031,1441900
2023-04-27,474.414231448323,481.5377058507904,474.414231448323,480.5885314941406,1361600
2023-04-28,480.8665538856942,484.0016291626351,479.9845277795574,482.45806884765625,1170200
2023-05-01,478.5559745030189,479.4188362909491,468.632990795626,473.2253723144531,2203200
2023-05-02,474.5771828107849,475.2291202015005,469.60131061396936,474.39501953125,1940800
2023-05-03,476.1112138971872,478.2012641315741,469.45754304294513,469.8410339355469,1426400
2023-05-04,469.7449336349531,471.6375954913347,466.8530924468034,471.0899658203125,1487000
2023-05-05,473.83775040130206,479.7943304977084,473.6263860847502,479.4676818847656,1709200
2023-05-08,477.844026298414,480.6109666898181,476.239604307798,479.4676818847656,1015000
2023-05-09,477.4501345343608,482.042478182724,476.9025341083884,481.1297912597656,1571800
2023-05-10,482.2442041287743,485.14563288255056,475.6631190379652,480.0440979003906,1257600
2023-05-11,479.90001492160536,483.25299350623607,478.0169403975017,482.18658447265625,1046700
2023-05-12,483.4163443180736,486.16405111013216,481.5236822694612,484.281005859375,1472800
2023-05-15,484.223319836104,485.17444451340407,479.2754777879391,482.3306579589844,1135700
2023-05-16,480.3707047730748,480.6493279913034,474.89446701086126,476.6718444824219,1229300
2023-05-17,478.4492716471354,478.45888844447,472.5887425763119,475.5670471191406,2069500
2023-05-18,475.56704459407854,479.02571987320897,474.6831495096048,478.54534912109375,2298900
2023-05-19,479.7846963950895,479.7846963950895,474.5294393855889,477.02734375,1635000
2023-05-22,477.4885453140778,477.4885453140778,469.3606800962614,472.5599365234375,1943800
2023-05-23,468.0444091306177,468.0444091306177,464.00928345046754,465.8346862792969,1800200
2023-05-24,468.1213067226413,468.1213067226413,462.0302089898344,463.8075866699219,1600600
2023-05-25,461.3576935681537,469.36068713417393,458.0335359998294,467.4487915039063,3421900
2023-05-26,466.5841241835978,490.6987427607537,465.1141907965661,487.34576416015625,5302600
2023-05-30,489.7764247010276,494.580102952205,481.8983325573079,488.0855102539063,2544800
2023-05-31,488.8828541709507,493.69617796168046,485.1263811024118,491.4768676757813,3320800
2023-06-01,489.33442971541496,493.5713030272812,482.3882877979934,492.4760437011719,2407700
2023-06-02,490.2856201989078,498.14447880665966,489.4017250987075,492.4665222167969,2284800
2023-06-05,492.4665558120902,498.5480078368538,491.9189260708958,497.9043273925781,2023500
2023-06-06,497.9043285382207,498.2694150331903,492.6298665964399,495.9924621582031,1410300
2023-06-07,494.31114321384433,498.90345732072126,490.5258191693927,491.159912109375,1784700
2023-06-08,492.3800045299024,499.86415948871473,492.3800045299024,499.6720581054688,1530400
2023-06-09,497.84663053861385,501.56469538011095,495.26223360836593,496.9723815917969,1287300
2023-06-12,496.9724066211841,500.8057559423781,495.7426293164653,500.5174865722656,1404500
2023-06-13,501.5263366699219,502.4198192996364,497.5776442237481,501.5263366699219,1204700
2023-06-14,504.3893474436609,507.1274375884635,502.6023821146525,506.50299072265625,1841400
2023-06-15,508.2322859579808,510.40357126889,505.9841249032399,508.40521240234375,1871600
2023-06-16,509.2890515083631,509.5964958285537,502.11234056815846,503.0923156738281,3147800
2023-06-20,501.4588783817806,502.3715942446896,497.7984567749469,499.2972106933594,1684400
2023-06-21,497.5776004401956,501.161206080742,496.2613892869596,499.2204895019531,1273600
2023-06-22,500.24851534778327,504.0818647142767,499.2781570090949,503.6207275390625,1114000
2023-06-23,502.5927187892944,504.77362081606935,498.9515295186826,503.8512878417969,1434300
2023-06-26,503.81281278285536,504.2643330933883,500.7960707184813,502.8712463378906,1278500
2023-06-27,502.1315528291372,511.5083403210296,501.6030981093504,509.5100402832031,1673600
2023-06-28,508.2129867954689,512.5459400604184,507.8575171547483,511.8830261230469,1245200
2023-06-29,509.75024139917457,511.5468233127377,508.18422806332967,510.816650390625,1121800
2023-06-30,513.1992151319404,518.3776253302406,512.6804358880908,517.2439575195312,2221900
2023-07-03,516.1583713684369,519.8380277358766,513.3626394019275,519.799560546875,951400
2023-07-05,519.9724812595687,524.6128790768728,516.3985510621965,519.8860473632812,1630400
2023-07-06,517.7243495556008,519.0885859753593,515.5146559813152,516.2736206054688,1750100
2023-07-07,512.930266592449,515.3993791545638,504.0337913870486,504.4372863769531,2740600
2023-07-10,504.4469159332764,510.2978573104077,504.4469159332764,506.32037353515625,1955600
2023-07-11,506.7911061924569,509.92313264803846,505.494128712779,508.84710693359375,1262300
2023-07-12,511.1145178358794,518.906117934789,510.25944376087375,516.8789672851562,1960500
2023-07-13,516.6867738579493,517.954959691531,511.87344949656216,517.311279296875,1647200
2023-07-14,517.5611110145929,525.39111960747,516.9750140926823,525.2374267578125,1828700
2023-07-17,524.7377923466759,532.4525748400408,524.6609166067409,531.2516479492188,1909900
2023-07-18,530.9728872916465,533.2114309793618,527.8216862639025,531.8568115234375,1778800
2023-07-19,532.7119760434905,534.0666545181131,530.3485892699994,532.3565063476562,1261100
2023-07-20,532.0683667053993,539.0433609367966,531.9723159895316,535.0947265625,1732800
2023-07-21,537.2178586886531,539.9847991601448,535.5654112998803,535.9592895507812,5264300
2023-07-24,536.093885239012,544.3274489002437,534.0571174629175,541.7910766601562,2086400
2023-07-25,544.5195139660874,545.2688618923086,542.1464518151957,543.0015258789062,1602500
2023-07-26,543.3089905456133,545.730078137407,541.3010148043376,543.9430541992188,1306400
2023-07-27,545.432098947366,548.7370518269986,538.5916246261036,539.7733764648438,1485300
2023-07-28,542.4153774892345,545.5185533406765,540.5323032995642,541.204833984375,1371400
2023-07-31,540.8974184349975,542.1367537544079,537.1024781053883,538.6588745117188,1365900
2023-08-01,538.6205452226334,540.7822137316249,532.7696033237982,533.6630859375,1445300
2023-08-02,530.5790934493185,534.7775289808706,529.3877834091077,530.66552734375,1635000
2023-08-03,531.7993004100997,538.351506204544,530.5406726811987,535.7959594726562,1463400
2023-08-04,539.0432610396396,539.2545960309915,529.7624649571569,530.3677368164062,1142000
2023-08-07,533.2018905074628,537.5924859916757,533.2018905074628,536.4876098632812,1015400
2023-08-08,536.093857741945,536.9585487100395,530.1757147909799,534.2876586914062,1020400
2023-08-09,536.074483995296,540.0231758356484,534.9504329418542,537.7269897460938,1471800
2023-08-10,541.0896665463721,546.8637327920011,538.687812609855,539.44677734375,1107200
2023-08-11,538.3515506314278,542.8190226807785,537.0834232781181,540.859130859375,1043100
2023-08-14,542.5979840272613,545.4225663219559,538.437957002982,539.427490234375,1247600
2023-08-15,539.0240638274488,542.9726977364971,536.2859737186081,536.5838012695312,1124300
2023-08-16,539.6484662407502,542.7708758493795,536.7854169404699,537.1024780273438,1340100
2023-08-17,537.506100322624,538.4188166137567,523.6810726079506,525.63134765625,1941900
2023-08-18,525.4487583160571,527.8986375697041,521.7883353128641,523.5465087890625,1878100
2023-08-21,522.5089684077786,523.7483627333547,515.2457634802224,521.884521484375,2076100
2023-08-22,520.6834626417015,520.6834626417015,516.398534621129,517.234375,1286000
2023-08-23,517.801274232275,519.9244754768732,515.1880267879113,519.6266479492188,1295800
2023-08-24,519.0973173731084,520.7433109105775,510.9444881914801,511.8011779785156,1587500
2023-08-25,512.9561059092606,515.7282741255354,510.69412098443087,514.0149536132812,1511500
2023-08-28,515.9303931263253,516.9314309481352,513.1582251199909,516.11328125,945800
2023-08-29,514.3326739594314,522.7357768011361,514.3326739594314,522.447021484375,1468500
2023-08-30,522.4084892672453,524.0352127836253,519.1165611082896,521.9561157226562,1292800
2023-08-31,519.7806410291171,531.5238450393647,519.7806410291171,528.7131958007812,2086500
2023-09-01,532.3612167157462,532.7558390947455,520.3966445331733,523.8714599609375,1437700
2023-09-05,525.296175094953,528.6266432257669,523.6309704044525,524.3336181640625,1714300
2023-09-06,521.4362766751003,528.1356936050101,519.9539602530247,526.22021484375,1476600
2023-09-07,528.106724723358,530.3590743640046,523.9099331176508,528.0778198242188,1340000
2023-09-08,528.5110810158068,531.6971417448881,527.5773703490795,530.5516967773438,1075300
2023-09-11,532.1109282443948,538.4445673193097,531.1964876959977,537.857421875,1388600
2023-09-12,538.3387675872376,539.4168264477488,535.3548064109857,537.8670654296875,1055500
2023-09-13,537.3954272308039,539.4553127966687,533.8532254048189,538.80078125,1162700
2023-09-14,543.6615890240985,545.4808350917848,539.272333293203,543.6231079101562,1257300
2023-09-15,544.1621790215993,544.3354321723257,534.7387116168782,535.5280151367188,2945300
2023-09-18,537.2799158794685,543.0648913061772,536.5964794418553,541.64990234375,1003100
2023-09-19,540.6103809079004,544.1622176242505,538.4831093651127,543.2188720703125,1144700
2023-09-20,543.2189344360163,547.9065815924117,541.5922110106068,542.7184448242188,1311500
2023-09-21,542.9494583669423,543.4307367998646,533.5260478002548,534.2960815429688,1687700
2023-09-22,534.3731214230244,541.8906892873874,534.0074038106981,537.6747436523438,1527300
2023-09-25,538.5409109523308,540.2542903081604,533.9687660137736,537.7034912109375,1313300
2023-09-26,538.2135993844108,540.3504470469123,531.3312955168368,532.25537109375,2425100
2023-09-27,526.8843709407962,545.2884531320468,524.3335717995672,542.4296875,4591400
2023-09-28,542.949306282922,550.755626178361,542.949306282922,547.3385620117188,2192400
2023-09-29,548.657356256087,549.6102780538266,539.7055900881851,543.8060913085938,1887500
2023-10-02,546.6456182701779,550.3322273439196,542.8820469506298,549.9183349609375,1831700
2023-10-03,549.716148321871,554.6155881353159,541.9290969457348,543.883056640625,2007400
2023-10-04,548.1664498072938,551.1696222530481,542.6510182722687,550.3899536132812,1798800
2023-10-05,550.7461751523391,553.2295884499608,543.2286079750689,548.1954345703125,1579700
2023-10-06,544.8937183918266,545.7215030086628,522.3121182932642,536.6542358398438,4246700
2023-10-09,534.2190825584692,538.7912278596452,529.1945637116123,538.0404052734375,1781500
2023-10-10,538.9547885397591,545.7215910629217,536.3751433583948,541.0435791015625,2176800
2023-10-11,543.7001984367715,545.2884406960028,539.2243444558761,544.3451538085938,1449800
2023-10-12,546.7803655749896,547.829578312121,541.3226850978463,542.6702880859375,1458000
2023-10-13,542.7376284728615,546.1932332366397,540.9376519558748,545.61572265625,1243900
2023-10-16,548.3589077862422,552.6037568208723,547.2327329402867,550.8134155273438,1428300
2023-10-17,550.5248008560903,554.4905306209884,549.3408746580188,552.8349609375,1404600
2023-10-18,552.4306467348634,555.6840937988793,550.582553912935,553.1237182617188,1311900
2023-10-19,552.2189527404283,554.2884150034018,542.9880054261577,544.4511108398438,2019600
2023-10-20,545.3268848489971,545.4520219275951,531.3409656969061,532.2265014648438,2295400
2023-10-23,533.3911777221172,536.0670547675405,526.1623675880346,531.6104125976562,1776500
2023-10-24,531.4275835811912,535.1719436176513,528.7613412060906,531.1773681640625,1678600
2023-10-25,528.0104005489161,533.0927274944873,525.1804818519029,529.396484375,1757500
2023-10-26,529.069480262491,533.8918414982544,525.1037501096395,527.09619140625,1925300
2023-10-27,527.0960371065494,527.50998819655,520.0019987702483,522.6972045898438,1503100
2023-10-30,525.3056724463635,535.5280196744187,523.284326920964,534.1034545898438,1696200
2023-10-31,531.4853387076456,533.2853739797978,528.5014361170713,531.7548828125,1394700
2023-11-01,534.2190086807385,537.5302063277787,529.0693534483319,535.9515991210938,1735300
2023-11-02,536.6459462892353,539.5485690008502,532.3161438487042,536.1348266601562,2100600
2023-11-03,537.4463357143369,542.9043798416811,535.421221415333,540.8889770507812,1826800
2023-11-06,540.4936296135302,552.2198354771809,540.1464873047222,549.4907836914062,2056900
2023-11-07,552.0750758465454,553.4154993268317,549.2399630590721,550.8889770507812,1373100
2023-11-08,551.7086393530969,552.5475959119375,544.1579714659096,547.1377563476562,1343600
2023-11-09,548.6999308455353,548.6999308455353,541.9593207256538,543.1743774414062,1288400
2023-11-10,547.639180559457,557.2727601166947,544.784762637542,556.5302124023438,1908800
2023-11-13,554.4859015254831,559.259313666662,553.0297639146921,557.6006469726562,1650700
2023-11-14,560.9853415230568,570.4453492982329,560.4742808580046,569.7221069335938,2037600
2023-11-15,572.7983919052256,578.4879229615369,572.2198214638755,575.4888916015625,2165100
2023-11-16,565.4598192274818,565.6623482798082,551.8242756202653,557.9381103515625,2954700
2023-11-17,558.2467698400662,559.2303395616111,553.5794192716509,556.5592041015625,1773600
2023-11-20,556.7425797752318,561.5448921811517,556.7425797752318,560.0791015625,1624100
2023-11-21,561.2361089131282,564.080874157665,557.0991835258615,563.4540405273438,1173700
2023-11-22,565.9131176029725,570.0501023205298,565.4309559422875,568.0635986328125,1068600
2023-11-24,569.9343090726309,573.0008497457621,569.3460271965066,570.2621459960938,645800
2023-11-27,571.3808701542827,578.5361326804148,571.2747498577053,573.6759643554688,1627400
2023-11-28,572.0270058610523,576.1060750504033,570.3201345911231,572.80810546875,1286800
2023-11-29,573.9652439295961,573.9748965798831,566.462780351677,566.8870849609375,1319800
2023-11-30,566.8580947304287,571.9111386279978,562.0364789720436,571.5928955078125,1755200
2023-12-01,572.1137104450531,575.0741309472975,569.5196786188292,574.9777221679688,1475300
2023-12-04,571.0240340727023,578.1407443419112,570.3586486781788,577.706787109375,1624000
2023-12-05,577.1764793810856,587.1572024492152,575.7299943649726,583.7531127929688,2349700
2023-12-06,583.8977741756465,586.7714388540777,582.316269794411,585.7589111328125,2233900
2023-12-07,588.2371404837558,590.5032764163434,584.717337329618,589.1532592773438,1690400
2023-12-08,586.8871642311321,591.7184336068614,586.048207629582,588.9894409179688,1502100
2023-12-11,599.7801369980021,602.7310228108757,596.6846968617597,601.6027221679688,2139300
2023-12-12,605.0549394711261,607.2246666299187,600.9758712470331,607.0414428710938,2374400
2023-12-13,611.3038320279451,619.674151512623,608.4880243699498,619.0955810546875,2436900
2023-12-14,618.3048059031123,618.9991492844836,607.8129636994614,608.27587890625,3839200
2023-12-15,618.6134039156736,638.266317699578,617.6490806048151,635.3154907226562,8807700
2023-12-18,640.7928449798036,657.5816880532516,637.5141221546902,656.9356079101562,5733400
2023-12-19,650.9181885380632,656.5112515717552,645.2479631648554,653.5604248046875,3437300
2023-12-20,647.8227522081263,650.2914175920966,637.2248481707971,637.417724609375,3782700
2023-12-21,642.1043594347395,643.5315980775614,635.9230723916535,641.4293212890625,2388400
2023-12-22,644.1679252063027,649.2499275225332,642.239278723649,647.6394653320312,1641700
2023-12-26,648.9992114781309,651.7475092466135,646.8487894267049,650.5517578125,1774800
2023-12-27,653.589506733467,659.3886759203648,651.3211381512889,657.6331176757812,1875900
2023-12-28,656.6960192997083,657.6921436773597,652.4946353899801,653.9838256835938,1496900
2023-12-29,651.9128896264001,654.0727849665907,648.125653614915,651.0055541992188,1947500
2024-01-02,646.5674176982207,648.7568693097217,640.5709857648742,641.7052001953125,2657700
2024-01-03,642.2574109159032,646.4391112251051,634.2588586532039,635.8270263671875,2612600
2024-01-04,633.2529450532271,640.9654458889389,631.7045215929817,639.4367065429688,2171100
2024-01-05,647.159101133434,650.581428308472,643.2732642184035,646.991455078125,2233500
2024-01-08,646.7942145874534,652.9780366902881,645.0387165344887,652.5933837890625,2245300
2024-01-09,649.8219905980563,658.1163468528458,649.2105189215354,658.0078735351562,1886200
2024-01-10,660.3552104821547,664.5665278496842,659.8127836554137,663.51123046875,1801900
2024-01-11,661.7752764944702,665.2370316109303,658.4614832976779,664.31982421875,1670800
2024-01-12,668.1860275639071,674.320488841671,666.8151222263498,673.8471069335938,2388400
2024-01-16,673.8470965271172,677.0820333718777,668.8369173584108,672.1211547851562,1626700
2024-01-17,671.14478371499,675.4547020511551,669.8527954297151,674.7840576171875,1786800
2024-01-18,673.4427534625933,678.2654820234543,670.8587769506978,677.8611450195312,1900600
2024-01-19,679.0347476302406,686.5598579280156,673.2848795354229,685.415771484375,2267900
2024-01-22,685.8694640284035,689.0550398538003,681.0269914797634,682.9896240234375,2452900
2024-01-23,681.2241824880098,682.1217058207471,675.2179394904326,678.1372680664062,2208600
2024-01-24,679.527841138429,680.4844769843827,673.7286727437977,677.0720825195312,1946500
2024-01-25,677.0622813969267,677.0622813969267,666.6672026364506,670.5530395507812,2751900
2024-01-26,670.730568280804,677.7921091810307,670.1585250175007,677.4370727539062,1825500
2024-01-29,680.4154508082709,684.5872785596891,676.8254781740927,684.4689331054688,2215400
2024-01-30,683.413689208661,692.990220965018,681.3030947838964,691.1064453125,1610500
2024-01-31,691.6784938032245,695.8207656434338,683.512295587149,685.3270263671875,1928500
2024-02-01,685.4653067872677,696.6263292645006,682.9960513593596,695.81640625,2039200
2024-02-02,694.6904981015488,705.4959626778091,693.6237628363086,700.7549438476562,2377400
2024-02-05,701.9008034538856,704.0934737061207,697.0017781583867,702.4143676757812,2276900
2024-02-06,702.4834805792339,703.9551473461254,695.6782576159142,702.0488891601562,1920200
2024-02-07,705.367515754538,714.424727606005,703.2439320145484,710.9282836914062,2145500
2024-02-08,714.9878779570824,719.2152127223728,711.7975583313685,715.2545166015625,1918500
2024-02-09,716.2223763347039,716.607594654844,711.2640920788534,714.5037841796875,1426100
2024-02-12,714.622274101713,714.8987993539034,706.5033311347934,713.52587890625,1572600
2024-02-13,712.5185168924389,712.9037352254185,700.3203583399984,705.46630859375,1951100
2024-02-14,707.1947747320299,713.6642120808373,702.325410123399,713.2987670898438,1472500
2024-02-15,712.6172178583776,717.1014242222609,709.446732524309,715.60009765625,1264100
2024-02-16,713.1110824697663,720.0941440692853,709.6640115304086,715.0864868164062,1764900
2024-02-20,719.07693594732,725.9217056668476,714.8100547680239,716.7656860351562,2407300
2024-02-21,716.7656883144247,719.8275413469001,711.4123586996017,714.1285400390625,1564200
2024-02-22,716.9235677892136,726.9981415839642,716.9235677892136,725.3684692382812,1801600
2024-02-23,731.01817284361,733.378795651934,728.055066140644,728.8551025390625,1265800
2024-02-26,732.8749379903755,737.5961828347683,729.9118317720856,736.1837158203125,1707000
2024-02-27,736.8259331422012,737.4580770973749,732.2133801723164,735.5518188476562,1471300
2024-02-28,734.0701942045197,742.633555637289,734.0701942045197,738.7617797851562,1365000
2024-02-29,742.1791876818334,743.3051826845825,733.8528651743533,734.7418212890625,3361200
2024-03-01,731.3341912836888,742.1396553479573,730.1588232994607,740.2235107421875,1678100
2024-03-04,745.7941950882166,755.3353718282207,744.4015012249359,749.84375,2133400
2024-03-05,758.9701178924037,759.8097009444751,747.5918293882665,750.6043090820312,2353400
2024-03-06,755.4341727007914,765.6272062940342,754.2686310612805,763.7308349609375,2400600
2024-03-07,769.5287252446135,777.4007439313606,767.454574526391,775.9290771484375,4187900
2024-03-08,746.7521739145765,746.9200663948847,716.182781319583,716.6371459960938,8590200
2024-03-11,710.9579151699612,711.1455809985514,702.2661479035571,705.2984008789062,3762500
2024-03-12,708.261501897288,730.9489922205523,708.0935491204357,727.8179931640625,3727400
2024-03-13,725.9611702688796,727.4427236775917,717.6447340143205,725.1710205078125,2270300
2024-03-14,729.2501530048743,731.57122896811,720.0249883010649,722.9486083984375,1826100
2024-03-15,723.5116425622565,723.5116425622565,714.3259637765058,716.7063598632812,3390700
2024-03-18,717.1705377985996,724.3215523107116,717.091565028088,722.5436401367188,1595200
2024-03-19,722.7905619007702,726.3067792759762,721.0423700228475,723.1658935546875,1322700
2024-03-20,722.0103419129074,732.9639863475727,720.1633435354299,731.6107788085938,1398700
2024-03-21,734.3566041237691,743.0582583126967,731.9860946704738,733.4281616210938,2106900
2024-03-22,735.27518845588,735.6307468022869,725.3487927690358,725.7636108398438,1794100
2024-03-25,722.0103726195509,725.1314853248188,717.8027512266073,721.9708862304688,1604700
2024-03-26,722.010373922796,725.6648844523685,721.2399372000772,721.9906005859375,1353500
2024-03-27,724.9733976666943,726.8401692488708,718.8002590625841,723.0770263671875,1246700
2024-03-28,724.8252680948063,725.8624036792978,719.3633060300727,723.6203002929688,1713300
2024-04-01,722.7609463664472,724.2523862820765,711.3431117431544,712.3703002929688,1600700
2024-04-02,711.1456341070602,711.1456341070602,699.6883118936048,702.5526123046875,2326700
2024-04-03,701.2487561838267,702.0685658515303,688.6951003854161,697.0115356445312,3205500
2024-04-04,700.0537239677714,708.3109000847126,695.5596306249538,696.2115478515625,2252400
2024-04-05,697.3572037513729,708.0738082414276,697.3374907018855,704.9427490234375,1552900
2024-04-08,704.7353801485045,707.3330416606257,702.127831969222,703.0562744140625,1459000
2024-04-09,707.4318542501284,710.2072951783342,698.2857217132857,709.7529907226562,1386400
2024-04-10,702.2562396996102,715.0765945172737,700.2314623171625,713.69384765625,1832000
2024-04-11,722.5041662006487,724.7659825578104,715.2445790751354,723.3436889648438,2107800
2024-04-12,719.0472362919609,723.8870014192889,717.6051693079444,722.3165283203125,1481800
2024-04-15,726.3858341940966,731.8873427767817,709.1208187324725,709.44677734375,1808000
2024-04-16,709.4664630541926,713.6148242625262,703.3723574899934,707.1651000976562,1412300
2024-04-17,714.1087275604978,714.8988773044823,702.2563005470455,706.394775390625,1376700
2024-04-18,706.3947841925707,710.1085543485905,700.8439022948694,702.5032348632812,1846400
2024-04-19,704.2613380151192,706.0786763280556,693.3669536669266,700.7846069335938,2190400
2024-04-22,706.0687804973168,709.4269920924413,697.4856459646084,706.6614379882812,1437100
2024-04-23,710.1875864881195,715.3631366962396,707.4911183189562,713.7926635742188,1176200
2024-04-24,710.8592048166759,716.5088327243898,707.2837275107033,714.98779296875,1206600
2024-04-25,719.498960681189,719.498960681189,706.7569314951305,714.1271362304688,1613600
2024-04-26,707.3406226811425,723.1197717249092,707.3406226811425,721.3687133789062,1524400
2024-04-29,721.714926357368,724.4057593277284,712.5046019258335,718.5491943359375,1526900
2024-04-30,717.7380931715239,717.7380931715239,709.4181502150012,715.1560668945312,1734800
2024-05-01,714.5327280138912,722.041386599277,707.6571675618004,714.4832153320312,1609100
2024-05-02,716.9860661990283,726.5327140684498,712.9102068105061,724.5936889648438,1826900
2024-05-03,726.4141491488574,739.4826000828865,725.4940585183926,735.9310913085938,2323300
2024-05-06,741.5600597121004,748.8312988416482,738.4833296308352,748.3465576171875,1773300
2024-05-07,750.562559467903,763.9673934395157,747.4759872010378,763.04736328125,1897800
2024-05-08,761.7514878224301,765.1051874356601,754.5396026165575,755.2320556640625,1511900
2024-05-09,755.6177870713408,771.3573851483487,755.4298200294345,770.6945190429688,1716200
2024-05-10,770.6945455577468,779.0144876057169,769.8239676896313,778.7572631835938,1652700
2024-05-13,779.558510992627,781.0226370973439,765.2930028632101,766.84619140625,1596800
2024-05-14,766.6286179819168,772.445633789335,763.1661114480404,769.5668334960938,1327700
2024-05-15,770.1801370976043,781.2007541477655,770.1801370976043,778.6088256835938,1661700
2024-05-16,783.3277678186744,795.941184004985,779.3904227154798,784.5742797851562,2000000
2024-05-17,785.1084065861027,789.0556538902259,782.1405442063029,787.2848510742188,1309100
2024-05-20,786.7308405988002,794.3780132262658,783.9014929977502,784.5049438476562,1347100
2024-05-21,787.0475306958617,792.85464398526,783.5157667741137,792.35009765625,1375700
2024-05-22,791.4696309211774,797.7120332710299,789.4614084885363,793.2701416015625,1192800
2024-05-23,795.683955300732,799.3937835708598,786.9089796629621,787.8092651367188,1519200
2024-05-24,792.0532332581615,808.1192521367575,790.529752289093,801.0557250976562,1623000
2024-05-28,801.0657351376169,806.556269265853,796.0994920414324,804.458984375,1986300
2024-05-29,798.3747706740687,804.7259791442187,797.6525497821976,797.880126953125,2282800
2024-05-30,801.5208211981658,810.721183751417,799.6411506159507,806.6057739257812,2277800
2024-05-31,800.3632165827996,803.0441468007252,779.7563430728123,801.2139892578125,4360700
2024-06-03,802.3122254451002,819.0410518147744,798.483687350239,806.6552124023438,2008700
2024-06-04,806.2495194564253,819.1399647567703,804.3302992625397,818.526611328125,1754500
2024-06-05,822.008910500165,825.4516723126096,812.8778055257693,825.3626098632812,2080000
2024-06-06,826.4705936925038,839.994198066832,825.3824015326871,833.61328125,1735000
2024-06-07,837.6099205966539,841.2702963676034,833.266934045767,836.521728515625,1593600
2024-06-10,838.1045289826866,840.3798780260506,833.712090319111,839.2521362304688,1401600
2024-06-11,840.1425346191394,841.8243355010133,831.2587518974098,840.2117919921875,1690500
2024-06-12,843.1796380481454,846.572886973017,834.5728246061445,838.7278442382812,1838300
2024-06-13,838.7278628658552,838.7278628658552,828.5777630929274,836.897705078125,1322400
2024-06-14,834.3848896060176,847.0082084215464,832.8910557425518,846.503662109375,1395500
2024-06-17,845.3363265374977,861.2341850427327,844.228329288936,858.612548828125,1904900
2024-06-18,858.701578425567,864.5977538580221,858.4048042420063,861.422119140625,1763800
2024-06-20,861.9761477655971,864.4889164490206,851.3413064181501,853.201171875,1944600
2024-06-21,857.3561922032487,857.6826136260538,838.5696309527563,839.2225341796875,3833100
2024-06-24,840.8943511607049,841.517607098541,832.4953101848279,839.0740356445312,1722900
2024-06-25,840.2216450320633,846.5234014137028,835.9479158967505,846.3453369140625,1564200
2024-06-26,843.5852127388736,850.5300303497681,840.9537345419236,847.6611328125,1505300
2024-06-27,848.5217650558171,849.135118447622,839.5489205901375,841.5076904296875,1254900
2024-06-28,842.130972342419,848.0567947217386,837.7385334899266,840.8844604492188,2131700
2024-07-01,844.3568555696141,846.8300742443934,831.4961184607624,836.6107177734375,1989000
2024-07-02,836.63051013293,851.1433401892552,834.0484843672081,850.154052734375,1377900
2024-07-03,845.8408462226881,854.269595380754,845.8408462226881,853.4187622070312,814400
2024-07-05,855.298346577778,877.4386043120306,849.520881361301,876.1821899414062,2620700
2024-07-08,877.2902037735005,878.437811039142,868.2580044449593,871.4039916992188,1611300
2024-07-09,874.3818076558143,887.0644817384605,873.5112297507017,877.3496704101562,1356800
2024-07-10,877.8937780620844,880.7330284419918,871.2655395364246,874.8368530273438,1755800
2024-07-11,881.217811448124,881.217811448124,837.4517387176251,837.52099609375,6021100
2024-07-12,840.7855935738589,840.8944007106696,829.3988844396952,833.8704833984375,3288400
2024-07-15,837.7880376057977,848.7098107693078,835.6214954624988,839.6380004882812,2064000
2024-07-16,838.7179735405113,842.1211251307129,832.3272146060184,841.6561889648438,1687600
2024-07-17,838.9257425682399,840.8449628250748,833.6231758067258,837.2142944335938,1783100
2024-07-18,840.3305263546634,846.1376395117901,816.2710456064831,830.3782958984375,2338500
2024-07-19,827.5489093481777,839.7863910858308,826.6090741320799,829.1515502929688,1984400
2024-07-22,836.6898867944832,840.4887772881159,829.6164571550155,838.3419799804688,1920200
2024-07-23,839.8061762823572,845.4253219923036,836.5217345624903,842.9817504882812,1744100
2024-07-24,835.5521493571063,836.9371759284257,820.6139331354955,821.9197998046875,2511300
2024-07-25,826.8366606671026,827.6874938920854,805.5571351319932,807.209228515625,2183700
2024-07-26,810.3892224571757,814.6294298092399,801.482876251879,809.992919921875,1441500
2024-07-29,814.9068564986898,816.0758704611562,806.5156908441407,807.9719848632812,1320400
2024-07-30,810.3892869338672,814.3520707330548,795.8062715771522,802.4934692382812,2017200
2024-07-31,812.7866733702457,817.7995919589941,803.7218426114669,814.3519897460938,2135000
2024-08-01,810.9340792934815,816.5017851562334,802.1466119048516,809.28955078125,1861400
2024-08-02,808.6060384834691,822.5649104191882,797.5201484939566,814.4313354492188,2598500
2024-08-05,790.5753078114235,803.276036177951,785.6218284391715,794.3696899414062,2820900
2024-08-06,797.5697507194769,825.3389897162774,797.5697507194769,809.27978515625,2476300
2024-08-07,816.4424340988937,826.0720302850574,801.7306232615091,802.7609252929688,1702000
2024-08-08,813.8567023681217,834.9189074078851,812.8164837403525,831.619873046875,2345000
2024-08-09,830.6985802916835,849.7893112002134,829.8366796253646,846.9757080078125,1710600
2024-08-12,849.2740728832854,862.1531197744871,844.4692218838644,855.5352783203125,1748200
2024-08-13,856.872727049048,859.9736102204465,848.1942208228517,856.773681640625,1484100
2024-08-14,856.8232263179045,858.665906326261,850.5124977705483,854.683349609375,1341500
2024-08-15,864.7487134973469,872.1393265778783,860.9147252544819,869.18701171875,1923800
2024-08-16,869.1870438815273,869.1870438815273,860.5382878230243,862.489990234375,1516300
2024-08-19,862.4900074761003,865.5017013740895,860.6175776319993,864.2335815429688,1318400
2024-08-20,863.8867340208159,868.6024556840418,863.0644395793863,868.0476684570312,1104600
2024-08-21,872.5455722674366,882.8290014304547,869.0583030502528,873.21923828125,1465500
2024-08-22,874.0909693981248,875.7751645002348,865.0558277420205,869.3950805664062,1440900
2024-08-23,874.2792976070164,876.3300455695838,863.5599597015423,871.0298461914062,1305800
2024-08-26,874.9529278808684,884.9391600179554,873.2390432317073,884.2060546875,1737000
2024-08-27,884.384339909587,910.3801910776244,878.8166336975582,900.4435424804688,2098900
2024-08-28,902.4844149634324,903.7326410825532,873.4569749142091,879.7875366210938,1668400
2024-08-29,882.7100736816584,892.082078948228,876.9342994785817,878.3807373046875,1709900
2024-08-30,882.2148181619087,887.9905929702156,874.8836433243503,884.0773315429688,1933500
2024-09-03,888.3372411759825,888.5453090946377,866.3041728238832,870.395751953125,1784200
2024-09-04,869.2861418815907,883.4629979930359,868.4341579076499,881.7391967773438,1425200
2024-09-05,880.3621849742478,880.3621849742478,860.6176210925845,877.73681640625,1998800
2024-09-06,882.9676172153926,884.8895696359111,862.8961090679343,868.5232543945312,2074600
2024-09-09,876.5083096099999,890.4672419039665,873.4966157435423,888.1489868164062,1954000
2024-09-10,884.2950819644693,892.3098379099367,879.2623906373079,885.9693603515625,1360800
2024-09-11,886.6728618071638,893.6077333520244,869.7022356035727,892.0226440429688,1796100
2024-09-12,892.042426800596,907.1802898803502,888.1688322571919,906.5165405273438,1867300
2024-09-13,905.1295943719592,915.2347056995184,900.8993030881518,907.4775390625,1327500
2024-09-16,913.421633822406,914.04577708637,896.9265226472695,899.423095703125,1661000
2024-09-17,899.977892858967,900.1462942355595,887.1186790881759,888.9217529296875,1387000
2024-09-18,891.5669507252278,896.5600367413742,882.6606034592241,884.2160034179688,1338200
2024-09-19,895.846705033751,896.7086056494046,887.1681990732446,892.3594360351562,1747500
2024-09-20,893.1818040920011,899.3637374857228,887.3664233825857,898.5414428710938,4658200
2024-09-23,898.5414196832987,910.9449526899016,892.3991529873299,908.5474853515624,1697600
2024-09-24,903.5246570036802,904.2775956287531,889.1793984578782,893.1520385742188,2432600
2024-09-25,894.5984623429634,901.8899701816948,892.7458657134786,899.968017578125,1728100
2024-09-26,896.8770504515314,900.7803949959572,889.7737772703111,893.052978515625,2738600
2024-09-27,884.9491199516933,885.1769606825011,865.8683052885328,877.3801879882812,3459100
2024-09-30,883.0766407028074,901.5333110173922,873.2092873107033,878.2717895507812,2142900
2024-10-01,877.0135073969423,878.7373085133338,864.6298091846161,869.2167358398438,1836700
2024-10-02,866.5122957870633,873.0310320449681,859.0919318243775,870.356201171875,1317100
2024-10-03,866.3041684098963,872.9814494340707,864.5506172299323,867.522705078125,1451900
2024-10-04,869.8210744994428,876.0624465109286,867.5226527793275,874.8934326171875,1516400
2024-10-07,873.3975208946252,879.4507190734982,864.2138106025471,865.4620971679688,1963200
2024-10-08,868.5430580289881,883.0171097893618,868.5430580289881,882.1353759765625,1697900
2024-10-09,883.9385434180342,901.5333131382224,879.6092069604563,900.6416625976562,1956500
2024-10-10,901.5332382502731,901.5332382502731,883.542227925518,885.3155517578125,1765800
2024-10-11,886.1775005100966,886.1775005100966,877.2612372293913,880.7584228515625,1527300
2024-10-14,884.1466029127471,886.841266842711,878.0141926312383,881.4816284179688,1431500
2024-10-15,883.7898645933869,892.2702184315484,881.2734585003587,886.286376953125,1613900
2024-10-16,881.6401252483756,883.0370404032853,871.3170903526377,879.123779296875,1475500
2024-10-17,883.2648443350022,886.9997872704502,874.5863384765119,877.0531616210938,1321500
2024-10-18,877.5188149182333,882.3236658729296,875.5275064734412,881.283447265625,1654000
2024-10-21,880.728764030714,883.1064586717048,875.4780872047531,878.51953125,1184900
2024-10-22,882.6901626076353,886.563817214391,876.0822382674515,885.1768188476562,1189700
2024-10-23,887.6833603064026,897.2534561016876,886.6629145043743,890.8040161132812,2193500
2024-10-24,893.1124456057003,895.0938376092626,879.9956402168835,885.1076049804688,1649600
2024-10-25,887.3167532627715,893.231178403145,881.7192975799883,882.9279174804688,1425800
2024-10-28,887.6535789170819,887.6535789170819,881.7193203570833,882.67041015625,912500
2024-10-29,881.719370121089,882.8784674183872,865.9574246158761,878.7373657226562,1361700
2024-10-30,878.1331015836116,878.3213362372155,869.2069211900987,870.9109497070312,1412200
2024-10-31,869.0384296674026,869.4842549025683,860.5679920683623,866.0465087890625,1771900
2024-11-01,867.2866115387717,872.3855087365954,860.4119735762469,870.3023071289062,1625200
2024-11-04,874.3000502512879,879.9148126062219,869.7268280388013,878.9922485351562,1576700
2024-11-05,880.9068596929146,888.4263293449787,879.7164329081296,883.0595092773438,1622300
2024-11-06,891.1047937810703,892.711848783682,879.2006467705406,892.0670166015625,2437400
2024-11-07,891.4421154221552,912.135478101056,887.2260630183245,906.6298217773438,2145500
2024-11-08,906.6992749698494,954.3158670908044,906.451271885886,936.26123046875,3277100
2024-11-11,936.2611627321724,943.6814556398986,923.999905679534,925.4284057617188,2181800
2024-11-12,928.4738639935832,932.0550136325708,919.5953423756852,924.932373046875,1691400
2024-11-13,922.5714808090244,930.1008811481964,915.8258089728496,926.2716674804688,1757600
2024-11-14,919.5953976127656,923.7122728567272,914.8039612738104,916.51025390625,1859900
2024-11-15,910.4093390219764,913.1968911033885,898.3266367323894,899.8245849609375,2269900
2024-11-18,903.3660780795204,918.5438538689302,899.864245664815,912.1652221679688,1797300
2024-11-19,920.5874251898576,926.5394990596196,909.040387351089,922.7202758789062,1690500
2024-11-20,917.6908329657656,921.381089970666,909.1793497593628,920.6668701171876,1452100
2024-11-21,927.5314631384454,950.8338214391914,922.5714018382396,948.0165405273438,2320500
2024-11-22,955.0499394207312,968.501624172839,950.8636764574612,956.309814453125,2078700
2024-11-25,967.212000821687,967.212000821687,942.1041717145696,953.2147216796876,3240900
2024-11-26,956.2998976695188,966.5870608120498,953.2147538173892,963.739990234375,1438000
2024-11-27,963.700321918353,964.5236485596864,950.93312804831,953.8694458007812,1499500
2024-11-29,960.357238444402,965.4958550226908,954.7820734735382,964.116943359375,1095900
2024-12-02,963.6010358591952,968.6999935208836,957.0537790160456,967.2119750976562,1955800
2024-12-03,966.9044978805764,975.1481178999207,963.0058966993467,974.304931640625,1653900
2024-12-04,974.156028435194,983.2329647318217,969.7415618179948,983.0047607421876,1784700
2024-12-05,978.7788805199398,982.2211948659236,970.386494773046,974.4140625,2089400
2024-12-06,974.414032145577,989.7406346150636,974.414032145577,984.6813354492188,1737300
2024-12-09,989.046236480316,989.046236480316,972.6681029982024,979.9692993164062,1855500
2024-12-10,981.8242981799672,987.042292479896,978.005075106738,985.4650268554688,1556800
2024-12-11,987.0522723782124,999.7500181445072,985.6535616281604,986.7447509765624,1903600
2024-12-12,993.6788778816828,994.4625458050732,979.3244888987772,980.4950561523438,2344300
2024-12-13,973.1640483271856,998.6389164549896,958.0160014107062,981.4473266601562,2951900
2024-12-16,981.1497756810088,1000.1964243868422,978.4911899218228,984.9392700195312,2581300
2024-12-17,986.0601817270036,988.9568405590244,972.925949155,974.2354125976562,2050200
2024-12-18,974.1560775133966,977.7272975703628,956.299856133314,957.033935546875,2725300
2024-12-19,966.7259242372496,966.8548906811372,945.893665763204,947.17333984375,2610800
2024-12-20,941.806608273048,954.2563510076408,935.5172234080512,946.44921875,5373800
2024-12-23,946.2607693449694,946.637738891374,929.51559560698,942.3224487304688,1856800
2024-12-24,943.145778426394,951.7167793571608,937.8980550785756,951.1612548828124,939000
2024-12-26,949.17730774541,951.7465859436696,946.3798255237436,948.5027465820312,969000
2024-12-27,941.1418794935256,942.8581019436352,924.5554629127156,932.1939697265624,1943400
2024-12-30,923.56339370577,926.7080555473308,908.1872040146428,914.8436279296876,1881200
2024-12-31,916.27210478063,917.353364186161,905.2508030777182,908.9510498046876,1742900
2025-01-02,907.6912709616528,918.3752630016552,894.7951108277713,902.542724609375,1765100
2025-01-03,907.0265783923252,916.827664275822,903.7231606432256,909.2586059570312,1612200
2025-01-06,910.6474014494224,920.002069861148,905.9750624225164,915.3396606445312,1970400
2025-01-07,916.4606778636924,923.8709807464434,909.109832749929,914.0103759765624,1888000
2025-01-08,915.6075147483592,923.067466794524,908.1079040064096,919.9624633789062,1774800
2025-01-10,925.9046335171269,936.737451985734,916.1234062664385,929.4560546875,2765800
2025-01-13,926.5394223276988,927.5215047472576,913.643263344551,917.313720703125,1693800
2025-01-14,916.91697676237,920.3493611923154,902.6518347336872,909.9034423828124,1683800
2025-01-15,919.8533279579042,925.418502386956,910.9648760206672,916.1233520507812,1839400
2025-01-16,917.34358359689,919.9923002308122,910.488804730794,912.4033813476562,1353000
2025-01-17,922.5713622884545,936.2611187806298,917.1847432130652,935.656005859375,2375000
2025-01-21,937.6996189303594,948.9093457194464,935.9635974195124,940.1597900390624,2042400
2025-01-22,943.6318617124864,944.3362122582756,931.7376436589276,937.154052734375,2155000
2025-01-23,934.1681216326072,935.8545547539928,929.0096452515104,934.6343383789062,1352400
2025-01-24,934.634304488929,938.4833171496535,926.103022722036,932.1741333007812,1562400
2025-01-27,922.5713641826924,959.2658864962748,919.7738824578432,957.539794921875,3044700
2025-01-28,954.1471828304628,957.9961952989082,946.4491578935716,951.0123901367188,2166400
2025-01-29,950.1493542523438,960.5258245482828,947.371731964486,956.3197021484376,1713700
2025-01-30,962.549553236077,978.8681682003228,962.3511386602328,971.1900024414062,1788200
2025-01-31,968.4419785480956,983.0840882791048,967.9856916874636,972.0529174804688,1873800
2025-02-03,964.6228227062314,1001.5454902160088,961.2003682760296,997.7957153320312,2751000
2025-02-04,997.369208865184,1016.1677938556128,991.6651380359468,1013.6976928710938,2001600
2025-02-05,1011.8525581472112,1034.75808852252,1011.8525581472112,1034.5498046875,2047600
2025-02-06,1041.6130101943038,1054.5091712729,1035.8592898903637,1042.5950927734375,2218000
2025-02-07,1039.7844124332291,1049.4274554400563,1028.3736075194631,1036.616455078125,1632900
2025-02-10,1044.749884961334,1055.6740757736673,1038.791235427334,1054.6015625,2036900
2025-02-11,1052.6055126572612,1058.653508607518,1041.810429665369,1051.0462646484375,1748500
2025-02-12,1046.8851717159205,1059.646589527685,1043.756856226426,1057.779541015625,1662300
2025-02-13,1059.656506039082,1070.7991521664092,1057.3127849783118,1069.4385986328125,1623300
2025-02-14,1069.061353760865,1070.064402983276,1060.649754371664,1064.4632568359375,1410700
2025-02-18,1061.8414204915152,1063.6191233658822,1038.0366406349665,1048.7523193359375,2090600
2025-02-19,1048.7820843796735,1055.8530111314349,1045.7431145747266,1055.2174072265625,1349600
2025-02-20,1046.3786679319778,1046.3786679319778,1026.725015427664,1027.6982421875,2000500
2025-02-21,1027.4799455242949,1029.0688948396455,1017.6184462486018,1027.8970947265625,1816300
2025-02-24,1021.4518518192028,1031.035251827512,1018.1546637224312,1028.463134765625,1759700
2025-02-25,1033.5577253738848,1049.735500623624,1030.3102413846902,1048.3848876953125,2083800
2025-02-26,1042.902855246534,1051.5925536259087,1023.0804506509936,1024.8580322265625,1555700
2025-02-27,1026.8740421048242,1035.3452854929817,1011.8086052870163,1014.6687622070312,1629100
2025-02-28,1023.5074709979822,1042.1481357441703,1016.9330979987722,1041.3834228515625,3307100
2025-03-03,1044.4916900006554,1058.653423735059,1033.9647665057578,1039.6353759765625,2422500
2025-03-04,1038.5231685390331,1040.708079631924,1021.6403267013632,1029.7242431640625,2536800
2025-03-05,1025.9604737748823,1043.7371399668857,1021.4120805394932,1040.5294189453125,1898600
2025-03-06,1025.8311928766184,1038.6820776043844,1012.0270235674008,1019.5448608398438,2594600
2025-03-07,988.2918576866914,995.5117146038834,936.2827751447076,957.6643676757812,5510700
2025-03-10,948.88519612098,953.04632248839,917.6619281146106,927.9703369140624,4459900
2025-03-11,924.5839486110596,931.5357076231728,914.8514981170068,924.0774536132812,3204900
2025-03-12,931.5356443186012,937.87168052251,916.8872959671094,920.69091796875,2331600
2025-03-13,915.6459234488572,917.135586014121,881.3538621015109,884.482177734375,3447200
2025-03-14,885.6640232624206,900.6996993845714,875.4846618925192,897.6905517578125,3186400
2025-03-17,895.4162861047012,917.0263334904582,891.8112979464684,910.2930297851562,2256100
2025-03-18,906.707882156509,911.2364536011872,890.6592786235583,891.8609008789062,2182000
2025-03-19,896.637900641966,903.8875803659498,889.8251910703212,897.8197021484375,1908500
2025-03-20,895.2872462361541,901.226015228293,887.9382196363246,889.2293090820312,1891800
2025-03-21,882.6250513011875,903.5002083387362,877.8680840976815,902.9937133789062,3447600
2025-03-24,913.65960686488,922.2500176317538,913.65960686488,919.657958984375,2208100
2025-03-25,920.244010802691,925.864977488545,916.1325276165386,923.8489990234376,1623000
2025-03-26,927.8909827133408,932.9458704945316,917.085958537747,923.342529296875,1644700
2025-03-27,923.153848888252,936.4019417152266,921.6046021970706,932.280517578125,1547000
2025-03-28,931.0391707370012,932.2805562979838,919.6184235759606,923.253173828125,2100500
2025-03-31,916.0033832322802,988.1427867544847,915.6855812934506,939.2620239257812,3102000
2025-04-01,935.9251526057716,951.1196982114178,932.2804619396824,947.8226318359376,2041500
2025-04-02,944.2871630149756,964.1989731583924,943.4529253369192,958.4290161132812,1719900
2025-04-03,924.6633809982216,974.5868987759133,921.6045901708458,960.415283203125,3096900
2025-04-04,948.4184942760892,957.8729053643688,907.840100785752,910.1639404296876,5167000
2025-04-07,881.6319076293911,931.356848290916,865.702472060165,901.8714599609376,4626600
2025-04-08,925.6266568687504,936.4912650105878,893.3705159640747,902.4872436523438,3545400
2025-04-09,901.7424564173042,960.7927056158172,891.4836293408412,958.538330078125,5084500
2025-04-10,959.8392775165664,986.5637981384364,936.392002522236,957.6643676757812,4209100
2025-04-11,957.3168269774756,963.5237546842544,936.6601230776928,956.7705688476562,2721800
2025-04-14,963.3151453156116,980.327097009368,958.3496033294488,972.5709228515624,2219900
2025-04-15,978.5592739223551,987.1496852683364,967.535795646556,970.1873779296876,1788200
2025-04-16,965.4304469619124,971.905532946954,952.6292654935072,961.0806274414062,2531700
2025-04-17,966.572510437668,993.0288704438776,965.2913618908268,987.646240234375,2711100
2025-04-21,986.1566224643936,990.1191152067876,936.4713810613716,951.16943359375,2841300
2025-04-22,963.0668582361031,980.6448888078652,960.1173554218605,972.4815063476562,2230600
2025-04-23,987.666124662149,988.8876285224262,962.3219804551655,969.1148681640624,2109700
2025-04-24,966.8903365691524,971.2600378769866,954.0892150613116,968.7573852539062,2468500
2025-04-25,967.2577630170908,971.577820942618,956.2442247623666,970.42578125,1780900
2025-04-28,971.756562133964,978.509687080564,962.103577653114,971.7962646484376,1616200
2025-04-29,971.2600035462798,986.3652039502688,964.3678289083948,984.8656005859376,1523100
2025-04-30,983.1772527220022,990.8837831083288,969.8199334787836,987.646240234375,2212400
2025-05-01,983.2766374614636,999.4444718817524,978.211808687674,992.155029296875,1829900
2025-05-02,1002.1884828077426,1012.3015371622266,998.9864758545272,1002.6558227539062,1547400
2025-05-05,1001.8702904032735,1012.0828216441436,996.888325072748,1009.208984375,1952600
2025-05-06,1002.805054231516,1010.5414728939916,997.892704232812,1004.8435668945312,1381200
2025-05-07,1005.5197389234978,1008.4233767275962,995.8640704672318,1001.5123291015624,1316000
2025-05-08,1007.8268430092908,1011.3072514459288,985.8505740153512,1002.0692749023438,1882600
2025-05-09,998.9865211016988,1005.052411797148,992.4632441732878,1002.4470825195312,1176700
2025-05-12,1004.137530006645,1011.2176699032586,986.6857808533164,1010.4619750976562,2069000
2025-05-13,1008.0455173774424,1018.0989712257876,982.0717329470748,993.4378051757812,2917000
2025-05-14,993.1693630715542,994.2631814477388,984.9754969047356,985.98974609375,2215000
2025-05-15,987.093464150095,1008.3239289083896,977.4974577090206,1004.8136596679688,2470700
2025-05-16,1006.822414308201,1022.5041586131152,1003.3519598567232,1020.0877075195312,2033700
2025-05-19,1012.898286430581,1029.196556752475,1007.2202874242956,1028.5501708984375,1879800
2025-05-20,1024.244296910224,1032.189561375944,1024.244296910224,1031.01611328125,2271200
2025-05-21,1025.1690521497076,1033.651332928507,1018.069065832235,1019.5607299804688,1438900
2025-05-22,1021.9671315061248,1023.0212562396764,1008.4432841213116,1012.4308471679688,1660900
2025-05-23,1006.3352056833322,1009.4277825098508,1001.363193797545,1002.8547973632812,1413900
2025-05-27,1009.3183517874847,1013.2462530784612,1005.2711270739444,1012.0927124023438,1868200
2025-05-28,1011.3568975169316,1018.8845305865864,1007.2898258954494,1007.4688110351562,1674700
2025-05-29,1010.3227080573704,1011.8441120421384,997.9821413119712,1003.0933837890624,2016700
2025-05-30,996.6893977828424,1046.5984508780098,996.3910892361424,1034.357421875,5403800
2025-06-02,1028.480521036954,1054.563674826441,1028.480521036954,1050.93408203125,2148000
2025-06-03,1048.2492712122869,1061.1068257398254,1037.4202149543212,1049.68115234375,1992900
2025-06-04,1049.0945086521367,1051.9086236821838,1043.4960184092522,1045.802978515625,1422100
2025-06-05,1044.1224233084365,1045.1665942865448,1000.3786754943123,1005.1517944335938,3289400
2025-06-06,1014.9168798517592,1014.9168798517592,1002.9641441296558,1009.2587280273438,1855400
2025-06-09,1006.7527903227592,1007.6775772067864,991.3892621797852,1000.5477294921876,1696700
2025-06-10,1001.2935293352068,1005.847908993835,992.1350620402266,1001.6316528320312,2255000
2025-06-11,996.8286688710313,999.8118758453438,987.8193862363474,991.2003784179688,2459800
2025-06-12,993.4079135273116,997.634123369645,989.7882745312024,997.09716796875,1720100
2025-06-13,993.4874577220428,997.9722217646704,983.1356958860864,984.6671142578124,1786000
2025-06-16,986.7752715696158,996.2419403879832,975.946215734317,978.849853515625,2109300
2025-06-17,977.497482671164,980.5801055924212,970.73555901926,972.2470092773438,1668200
2025-06-18,974.5142987793846,977.1494892728728,968.617500152644,969.44287109375,1509600
2025-06-20,978.4819742320778,983.1258162862754,968.448488349318,974.8026733398438,3255700
2025-06-23,977.6467403868728,999.24513130576,975.7673052910646,998.8572998046876,2082900
2025-06-24,1000.2096241059309,1000.2096241059309,986.516685177719,996.3115234375,2385100
2025-06-25,997.3855231342328,999.3544202983602,980.4806837590764,981.0176391601562,1827700
2025-06-26,982.200985456558,982.200985456558,971.0338668095876,977.407958984375,2262800
2025-06-27,976.7418190686816,987.5808296770198,974.812675954518,979.6256103515624,2129200
2025-06-30,979.6454091933628,986.1885937625696,974.2657190928984,984.398681640625,2127600
2025-07-01,984.4583427144128,991.2600816055811,969.0451060355508,980.4409790039062,2200600
2025-07-02,978.3627023820404,980.1824758016086,971.401885454334,976.8611450195312,1606100
2025-07-03,976.9107543051608,982.141320207644,971.8592342301588,981.4949951171876,1101400
2025-07-07,979.4862971711708,987.332146138302,970.7355687869206,986.6260986328124,1832600
2025-07-08,983.961079966367,990.2954177883864,978.4222518489756,980.3215942382812,1716200
2025-07-09,982.8573741665992,982.8573741665992,966.8375665341524,976.5926513671876,2922600
2025-07-10,981.4751275301168,982.4695298883032,963.6455005310524,964.7393188476562,2897000
2025-07-11,967.8418295762552,973.499981306478,960.2943498201796,964.8984375,1942000
2025-07-14,965.664044332412,975.99589874321,964.1923483578306,975.4191284179688,1679300
2025-07-15,973.7684869326118,974.7628892680038,961.2489348248856,962.2632446289062,1878000
2025-07-16,962.5715178096804,964.1625979804004,944.8115064651936,946.0445556640624,2950300
2025-07-17,945.0401963203284,949.4056371734318,942.2061739195998,948.5703125,2280600
2025-07-18,954.5765129106652,954.8847752000868,944.334181221092,945.6268920898438,2115500
2025-07-21,946.183760675464,950.4099705330576,941.3012112986833,942.255859375,1742400
2025-07-22,943.4889891134916,952.339194789655,935.9812630993111,936.3392333984376,1799900
2025-07-23,937.1048499609136,943.1905872180052,930.7605583933084,935.9215087890624,2401600
2025-07-24,936.0607545927456,937.6219735212228,928.2646136845384,928.5728759765624,2057100
2025-07-25,931.0588253408072,936.02088291493,929.1197287921055,930.243408203125,1827700
2025-07-28,930.2633980792148,934.9768555055024,925.6792178138594,928.7618408203124,2006300
2025-07-29,928.761852682542,936.5181789700227,922.1888676339752,929.338623046875,2065900
2025-07-30,929.7662405065856,932.5008470963108,919.9614474458666,922.3181762695312,1699600
2025-07-31,920.180154175978,940.6549254933856,919.8221838924716,934.3802490234376,2564400
2025-08-01,935.535291419605,952.6825935058052,935.535291419605,948.5003662109376,2934500
2025-08-04,948.5799878682698,956.1280171601062,944.6566123026016,951.3383178710938,2389900
2025-08-05,947.3154063547898,947.4846719374112,931.7314250118886,939.6478881835938,2462300
2025-08-06,939.6478686096772,966.4542486883591,938.681930423478,964.47265625,2753000
2025-08-07,970.5668043386936,977.85592094085,966.8625320598978,973.3251342773438,1893300
2025-08-08,973.0264164574102,984.0297729077544,972.8770251517262,976.8402099609376,2189700
2025-08-11,979.01097478902,985.4039257357372,972.1998740646384,984.5674438476562,2290100
2025-08-12,984.3284387499508,987.564723449938,975.9140863744676,987.0668334960938,1588500
2025-08-13,979.807720322293,982.2374259773076,966.006163195504,974.71923828125,2352600
2025-08-14,976.4618396268552,984.1193902261032,971.064729067032,971.2738647460938,1808700
2025-08-15,975.008001405327,975.8643575814822,963.1382605614132,967.9379272460938,1638300
2025-08-18,969.192645309082,977.1390109022688,965.9065835206632,975.2171020507812,2078500
2025-08-19,974.4901845213284,984.3583980102832,972.6678901675886,976.7107543945312,1673400
2025-08-20,974.8686228657992,995.0829447697053,974.8686228657992,990.3729248046876,2229600
2025-08-21,984.7268750340404,985.1450856200204,963.437093583242,965.5879516601562,2145600
2025-08-22,967.4400121480584,969.3917626924748,949.0877953156136,954.494873046875,3136000
2025-08-25,950.9300469978306,954.2559180096036,936.5907913454862,937.6065063476562,2284300
2025-08-26,937.3675537109376,940.0660785607968,929.3116669254806,937.3675537109376,4341300
2025-08-27,936.5211387935202,947.9825765176382,933.2649186879556,945.5130615234376,1893600
2025-08-28,946.2796922961652,946.986717929755,940.1457146403555,940.9722290039062,2067900
2025-08-29,941.0120754262842,944.6068265457892,936.4912562242732,939.3391723632812,1609000
2025-09-02,934.6987954669822,940.524144730418,932.6276168990628,934.858154296875,1793900
2025-09-03,935.0374349118152,946.0806620300694,932.547984872114,945.77197265625,1670500
2025-09-04,949.3766389651156,955.4508724151366,947.0962639571632,951.8660888671876,1471900
2025-09-05,954.6642333894176,965.4584541888652,952.184690220112,959.4140625,1928500
2025-09-08,959.6630504704508,968.2367625553978,954.5447874053142,967.748779296875,1737000
2025-09-09,965.906588817574,975.7349324415828,959.0456501103828,975.1175537109376,1496800
2025-09-10,972.2696081614909,976.8601391830598,949.9342709880568,952.25439453125,2277500
2025-09-11,953.7581050765144,961.0870315452568,950.2530006831448,960.2506103515624,1532000
2025-09-12,956.2375586970036,965.4784263125432,955.9488043756132,963.8154907226562,1461600
2025-09-15,963.7357929367682,965.6476734913564,955.66003184034,956.04833984375,2199400
2025-09-16,955.052609184736,955.5306249312616,946.7876470330756,948.0523071289062,2012600
2025-09-17,949.4662237081952,959.9119457572748,949.4662237081952,958.9660034179688,1556800
2025-09-18,953.3298708224646,958.4780362809928,946.6581328273166,948.3410034179688,1860900
2025-09-19,950.9698789865504,953.3995845639652,939.8071635532798,947.1460571289062,4606000
2025-09-22,943.3820275364378,945.9909661809615,935.6447977642146,939.2794189453124,2794300
2025-09-23,938.7815597949124,941.002129739628,929.560627297308,939.6179809570312,3258500
2025-09-24,940.295132385524,949.635492520608,939.1300260692612,941.2809448242188,2149800
2025-09-25,948.4306673638548,948.978334204993,931.6716730484704,939.3292236328124,2991500
2025-09-26,921.6441806288134,923.715420077516,901.2306903235044,912.084716796875,4812900
2025-09-29,912.4730006674426,913.349231083618,899.4780240604304,913.000732421875,4107000
2025-09-30,912.3833949632594,926.5832270201984,909.5155437954654,921.7238159179688,3096700
2025-10-01,919.1049602523644,920.1007402743062,907.3248655750668,913.4688720703124,2642100
2025-10-02,908.7089894599033,914.6338925834134,906.169762629138,912.9012451171876,2063800
2025-10-03,911.7262255210618,914.2255822365788,907.3547367892018,911.51708984375,2319200
2025-10-06,911.6365181712824,911.915365722554,900.43399405394,907.0957641601562,2504000
2025-10-07,904.89506175402,913.7674948227516,900.0655534824004,910.939453125,2601800
2025-10-08,908.688980795062,912.5128024067626,907.1156922908824,910.939453125,2376900
2025-10-09,928.3755810644376,939.787240904766,923.3668396372972,938.9109497070312,3742900
2025-10-10,940.4344895806962,941.46017210922,925.0795796678726,926.0853271484376,3142500
2025-10-13,925.0796240788636,932.030149060682,919.10494405252,931.6119384765624,2169600
2025-10-14,936.292122007279,943.4218801373512,932.0003125949146,942.5157470703124,1925900
2025-10-15,942.0078477333926,959.9318871194404,941.2709802830466,950.9598999023438,2009800
2025-10-16,951.507524388348,953.8576111942444,917.272605822159,921.7138061523438,2721400
2025-10-17,925.6571474143756,934.85814447245,924.2331893723008,932.378662109375,2502200
2025-10-20,932.239225311434,935.833976311498,927.5690149574637,932.1595458984376,1523700
2025-10-21,932.1595524576504,939.3889246039392,931.0542513020832,933.543701171875,1448200
2025-10-22,936.0331774159066,948.9783171035734,928.5648275960988,940.6934204101562,2372400
2025-10-23,941.4800132044212,941.4800132044212,930.546369115212,938.074462890625,1974800
2025-10-24,936.033175874934,939.020515797939,926.2247674387684,928.2063598632812,1639400
2025-10-27,926.2844913292691,929.261863662298,921.2159446298136,925.9259643554688,1967600
2025-10-28,922.9585954212404,926.7923240756604,916.316759898813,920.260009765625,2090800
2025-10-29,915.121768089012,915.9980593015108,905.462690481413,908.5695190429688,2449600
2025-10-30,908.8384316450666,919.1049207994917,906.5282148000176,916.2968139648438,2677100
2025-10-31,913.6343234847548,917.4136469236964,907.1226517545758,908.8876953125,2456300
2025-11-03,909.8350444016507,926.5778216871088,905.8263261302336,925.4310302734376,3206600
2025-11-04,930.5865978064056,938.524181836892,926.3584660969998,938.0953979492188,2554500
2025-11-05,937.3574271067812,942.6226129331292,924.8327388131736,932.4014282226562,2974800
2025-11-06,921.761418187689,922.399633622534,905.7465686049584,920.983642578125,3247700
2025-11-07,926.9168856062788,934.365856335012,918.2014048284054,920.1459350585938,2584000
2025-11-10,916.4164768123272,919.408043113129,906.5143996603014,912.9861450195312,2612700
2025-11-11,913.9235476650076,916.3068435367712,910.4333868174052,911.2909545898438,1663400
2025-11-12,912.8963191462456,915.51893032268,909.1070142208886,911.4304809570312,1829700
2025-11-13,913.7738710913252,924.1446582594108,909.1568823886912,922.4793701171876,2430600
2025-11-14,924.5236115682592,926.2786735081614,912.5274016794156,920.38525390625,1739100
2025-11-17,919.4280190309142,922.2999275883336,906.2551333273598,910.0245361328124,2481900
2025-11-18,910.0245054011992,916.3266847222724,891.6562448597587,892.563720703125,2984700
2025-11-19,892.4839685051458,892.4839685051458,871.5130590027385,888.0963134765625,3462300
2025-11-20,890.9881791142635,902.0270662643331,888.4952071525561,890.7787475585938,2648300
2025-11-21,892.0052982755861,902.7749245805268,889.6220025607739,896.482666015625,2870100
2025-11-24,896.4727024512009,898.8260533364739,878.842412336212,883.62890625,3661200
2025-11-25,884.1673146723202,893.2018419487803,882.6416475953456,891.8157958984375,2534700
2025-11-26,893.5010844607134,909.436141230939,893.102184614745,905.7066650390624,1936200
2025-11-28,902.4758133278528,911.629999066982,900.4614725065887,911.021728515625,1092600
2025-12-01,910.6328056179476,915.9976861207776,903.6624657873696,909.3963012695312,2149400
2025-12-02,909.3962900914224,920.405232170967,902.4558343604824,919.43798828125,2160600
2025-12-03,918.2213615171383,923.715881214339,913.4448493620074,919.6672973632812,1886800
2025-12-04,904.4801337678624,905.4075119941882,885.5833949363982,893.3414916992188,3787800
2025-12-05,894.7276384412609,903.3433641615107,890.4895860998004,892.1648559570312,2359800
2025-12-08,890.988132523144,891.4867268894133,880.417956303664,885.0249633789062,2407900
2025-12-09,884.356825906914,886.520769334084,879.0318720214691,885.9423828125,1899500
2025-12-10,885.3241173574713,887.0791792838055,868.6411691588339,871.9517822265625,3318300
2025-12-11,873.397707246929,883.5092155856057,870.0970149821621,881.9934692382812,3041600
2025-12-12,880.816765736516,886.1218169193212,864.6822598888124,881.9834594726562,4808900
2025-12-15,879.6301524301697,884.9950327667835,849.0065249130051,858.1407470703125,4771400
2025-12-16,855.0295334245739,861.1622686484181,841.6871429370814,857.9712524414062,3843300
2025-12-17,856.0865568206051,866.1382366378879,855.8172963770616,860.2249145507812,2363700
2025-12-18,857.8814195510622,860.7234438413901,850.1133415513011,855.1790771484375,2467500
2025-12-19,854.1619410570643,856.0366607018907,846.9323229059354,853.214599609375,10097600
2025-12-22,851.5992288028492,853.095011991613,844.9280333464197,847.6104736328125,2373300
2025-12-23,846.712956380788,852.5764311905995,844.4194343930145,852.386962890625,1903300
2025-12-24,856.1862635988776,873.5373727454145,855.9369664034595,869.4089965820312,1822200
2025-12-26,868.1924328155329,875.1229068399282,866.5570286490303,870.894775390625,1324100
2025-12-29,870.8349596995871,872.0415800230837,863.2563493872968,865.4003295898438,1792500
2025-12-30,861.5711058668909,865.3803743098849,859.0083233988202,863.2164916992188,1680800
2025-12-31,862.1494645410849,865.5598330164696,858.9185827366601,859.915771484375,1490000
2026-01-02,858.7191261610942,860.6735771387868,850.1034008403352,852.0977783203125,2373400
2026-01-05,861.5212425858332,876.299587333437,858.4299209073444,873.278076171875,2805600
2026-01-06,873.4874687578451,891.5665050646708,868.8505168787445,886.6004638671875,2742300
2026-01-07,889.4923780743975,891.0878557524205,877.1471762988531,880.098876953125,2680100
2026-01-08,898.5966874815377,929.050809464413,893.4811044141879,912.73681640625,5207200
2026-01-09,913.3949821045207,927.2359673082336,908.7680723988286,922.2799682617188,2895400
2026-01-12,917.812538700902,942.1738522639666,914.4220726466424,940.4287719726562,3246400
2026-01-13,935.3830012290384,940.2492871485848,926.9866282177431,939.281982421875,2222100
2026-01-14,935.6921176439744,952.923507241607,935.6521911421077,948.3065185546876,2894900
2026-01-15,951.8564937641298,955.5860306822914,947.3292789105368,954.060302734375,2185900
2026-01-16,959.2956026893196,962.2672057660054,948.326526151292,960.9010620117188,3862900
2026-01-20,955.6857805205492,967.1734146544444,951.447728238032,961.5492553710938,3209900
2026-01-21,956.9023036795116,986.8578927925446,956.9023036795116,980.096923828125,4073700
2026-01-22,975.1409165053886,981.2337251303946,968.8286947074148,973.4257202148438,2074400
2026-01-23,968.709043123902,982.0813175006098,968.2802592644156,980.48583984375,1680600
2026-01-26,983.6568919827744,990.2084293780584,973.6052123345992,974.9215087890624,2458700
2026-01-27,974.9314671896556,975.2505748858846,959.0063924359404,967.5523071289062,2077900
2026-01-28,966.7844788756444,967.3727861570547,952.9235308460756,958.0790405273438,2474800
2026-01-29,955.2968198080476,957.6003233352076,945.843490142856,950.211181640625,1825000
2026-01-30,947.4552194382504,949.7418794251048,928.9520390398108,938.8876342773438,2396300
2026-02-02,942.8618667440954,968.9140912372628,929.9206837534902,966.9569091796876,2451300
2026-02-03,962.952706334824,989.2146484066257,962.8828613925772,976.5030517578124,2960700
2026-02-04,981.8852694270164,993.15888928721,973.7770394556126,976.9324340820312,2631500
2026-02-05,994.0575914763876,999.4997070043016,985.8994462889711,987.8565673828124,2988800
2026-02-06,986.7182525143252,999.9190682489734,982.0749657151237,999.7093505859376,2358600
2026-02-09,999.869168286569,1008.1571300077384,991.2416723838332,996.1445922851562,1861700
2026-02-10,994.5668791266988,996.0047951316004,967.5960044824766,969.82275390625,1781500
2026-02-11,971.8797689631986,988.136209971488,965.7187257996974,976.7227783203124,1769400
2026-02-12,977.3318720829324,1007.7477599993804,976.722770549767,997.4127197265624,2970400
2026-02-13,998.5510682231246,1021.3979215398074,992.3201193088876,1017.0042724609376,2661600
2026-02-17,1020.8587478832064,1026.9498242051018,1009.015885639592,1010.5836181640624,1732200
2026-02-18,1008.5365937949512,1014.5279002927432,992.0605009260238,994.6367797851562,1926800
2026-02-19,990.872217497658,1006.39967456691,982.6840864709836,986.3887329101562,1750000
2026-02-20,981.705493363883,985.9393400415574,976.3931944929476,983.8424072265624,1662200
2026-02-23,980.3774523181328,989.8736829776,976.6428809764552,984.5913696289062,1489300
2026-02-24,984.9508091994448,997.4326975731408,983.6127239492276,996.9833374023438,1671100
2026-02-25,996.2344165878088,1001.0474400220196,990.0034677101194,993.3186645507812,1554600
2026-02-26,995.4755456195096,1004.0631216481692,982.1049927090436,985.310302734375,1804400
2026-02-27,989.0948454620902,1012.7205375550792,988.1462097324217,1009.325439453125,3935000
2026-03-02,1009.4452370405662,1019.3409122909324,1001.0374540822264,1001.3170776367188,1986900
2026-03-03,1001.087351000773,1014.27823235524,999.180145305591,1006.309814453125,1947100
2026-03-04,1003.5438418961846,1012.5308016743594,995.5554332044736,1005.2813110351562,1806600
2026-03-05,995.0561718234956,997.8021873503542,977.3918004146708,981.1463623046876,2766000
2026-03-06,965.6088896459528,1001.0474577245462,959.0683922611364,996.65380859375,2708900
2026-03-09,998.18161625731,1005.9503119306892,986.5584671138444,1003.8433837890624,2348200
2026-03-10,999.050320866624,1008.6363865232382,994.556841162576,995.9148559570312,1613400
2026-03-11,994.8763980094772,995.9448549557763,986.4586198991574,990.7922973632812,1260500
2026-03-12,987.1775637172664,1004.7520992068786,982.5742578883156,1001.8662719726562,1669200
2026-03-13,1004.4425694956371,1011.3625212611244,1000.5481958516576,1006.9688720703124,1469700
2026-03-16,1009.0358300815452,1011.1827392050872,993.987658533076,1000.2885131835938,1243400
2026-03-17,1005.031663457138,1006.6393160634452,993.3086835679125,994.7166137695312,1210400
2026-03-18,988.9349926705112,992.539747312503,976.7227329041068,978.5001220703124,1434400
2026-03-19,984.4115868414918,987.3572636603498,969.0038906181164,973.3676147460938,1340200
2026-03-20,973.6672191255122,979.3389820335316,969.1337581466904,970.9212036132812,2621600
2026-03-23,984.2417989022864,985.2104251155546,963.1324759708776,964.3306884765624,1779100
2026-03-24,960.6660264130286,979.8582093999556,959.6075647316304,972.4089965820312,1259300
2026-03-25,976.5829748437684,979.388900994152,966.6473792191524,973.447509765625,1067100
2026-03-26,974.2763065989756,985.7596440297708,971.3105781962925,978.2305908203124,1498300
2026-03-27,980.5971483901995,985.6797392432704,976.6927795479636,982.4344482421876,1540900
2026-03-30,986.2189935773644,1004.0830259891524,983.5828041122184,995.1360473632812,2129100
2026-03-31,995.555387461426,1007.1385551535036,984.4215189802362,994.9862060546876,2447900
2026-04-01,993.5882764241476,1001.6765155169884,989.1547073426264,995.1160278320312,1769800
2026-04-02,1006.5395033587196,1014.5279121155348,997.7622611779888,1013.4894409179688,1828600
2026-04-06,1013.4893935828142,1019.2110715847004,1002.5552474182596,1017.0741577148438,1448600
2026-04-07,1018.7817161563624,1019.3808224148088,1003.3940101624592,1011.741943359375,1428500
2026-04-08,1002.9846306949294,1028.9668878725297,998.551061543806,1028.7772216796875,2265700
2026-04-09,1027.9983092993375,1034.3190935555074,1023.5747964142464,1030.53466796875,1433300
2026-04-10,1025.0226653129753,1027.509047717785,994.0575869806172,997.0232543945312,2333000
2026-04-13,997.0232365792152,998.6009643016196,977.940940661213,979.4287719726562,2255500
2026-04-14,972.2692009167728,976.1934993179242,964.600335993906,973.3875732421876,2136500
2026-04-15,968.9041010441628,983.9522732117586,966.897003611432,983.3231811523438,2346200
2026-04-16,983.5727822938512,994.3072060600024,980.187679613871,985.7796020507812,1484300
2026-04-17,983.5727833957324,999.2200612705608,975.5843750026704,998.4412231445312,2346500
2026-04-20,1002.3954668070768,1009.8346844647018,992.6995749274732,996.3942260742188,1475400
2026-04-21,992.9292343193174,1005.0416638171132,985.2703645871046,1004.3526611328124,1367100
2026-04-22,1003.5238412245176,1006.6493109692844,996.8435320857524,1002.2457275390624,1215200
2026-04-23,1006.1200823458264,1015.1269713580332,1005.5708914585864,1012.9102172851562,1570700
2026-04-24,1010.533680552328,1011.9815917898942,1001.0474454088032,1009.6849365234376,1695200
2026-04-27,1007.168572349732,1012.9401658520076,995.1859594890318,996.56396484375,1620400
2026-04-28,1009.0158553801372,1011.1827550614908,984.5713449397556,992.5597534179688,1776000
2026-04-29,986.9378977858162,997.522514551854,983.6926068688012,997.2229614257812,1516900
2026-04-30,995.0062379640076,1016.2154531966796,994.8764214475948,1013.06005859375,2049300
2026-05-01,1015.3800048828124,1031.27001953125,1006.3200073242188,1011.7000122070312,1509700
2026-05-04,1007.02001953125,1024.719970703125,1002.2100219726562,1012.7899780273438,1479400
2026-05-05,1010.510009765625,1020.780029296875,1009.0700073242188,1016.4199829101562,1456300
2026-05-06,1011.3099975585938,1012.22998046875,992.4199829101562,995.75,2619100
2026-05-07,993.5,1012.6599731445312,990.6599731445312,1012.0599975585938,2014000
2026-05-08,1011.739990234375,1016.0,1005.1099853515624,1008.7899780273438,1805200
2026-05-11,1005.8200073242188,1007.0,985.1500244140624,999.469970703125,2053500
2026-05-12,1002.5399780273438,1026.0,1001.1400146484376,1021.8800048828124,2143200
2026-05-13,1017.9400024414062,1042.52001953125,1017.9400024414062,1033.0799560546875,1654600
2026-05-14,1034.949951171875,1041.7900390625,1026.0999755859375,1041.25,1606600
2026-05-15,1049.3599853515625,1057.5,1039.219970703125,1048.949951171875,1967000
2026-05-18,1050.0,1079.8299560546875,1045.0,1076.469970703125,2295200
2026-05-19,1077.0,1096.5,1072.0999755859375,1094.3199462890625,2853300
2026-05-20,1089.3699951171875,1089.739990234375,1072.0,1074.010009765625,2223400
2026-05-21,1063.4100341796875,1064.72998046875,1039.010009765625,1050.449951171875,2149700
2026-05-22,1039.989990234375,1045.6400146484375,1025.18994140625,1028.239990234375,2048300
2026-05-26,1026.1300048828125,1027.5,996.1599731445312,1002.9299926757812,2704600
2026-05-27,1003.8599853515624,1013.510009765625,999.6900024414062,1003.6900024414062,2390100
2026-05-28,1011.6099853515624,1012.0,994.27001953125,995.2000122070312,2844300
2026-05-29,986.5700073242188,998.8200073242188,945.4500122070312,956.3200073242188,7028000
2026-06-01,955.0,959.2100219726562,936.510009765625,946.1099853515624,2816300
2026-06-02,942.2899780273438,955.3900146484376,939.4500122070312,954.27001953125,2218200
2026-06-03,952.8800048828124,969.1799926757812,951.97998046875,961.8300170898438,2174100
2026-06-04,986.9600219726562,990.010009765625,968.2100219726562,972.3499755859376,2345200
2026-06-05,977.5,997.4099731445312,971.5999755859376,971.8699951171876,3083000
2026-06-08,963.4600219726562,978.97998046875,961.0,974.75,2086100
2026-06-09,974.2100219726562,981.969970703125,964.9400024414062,968.5900268554688,1998600
2026-06-10,977.4400024414062,985.260009765625,964.3099975585938,983.3699951171876,1715600
2026-06-11,986.9099731445312,989.1199951171876,974.0,975.6900024414062,1903400
2026-06-12,975.530029296875,984.780029296875,970.0,982.3499755859376,1688388
2026-06-15,974.1900024414062,987.0,968.0,979.4500122070312,1893700
2026-06-16,980.3900146484375,995.3800048828125,973.1599731445312,986.6799926757812,1521400
2026-06-17,980.0,983.4949951171875,975.2600708007812,979.1199951171875,266586
