time,open,high,low,close,volume
2013-06-06,1.51,1.52,1.5,1.52,339900
2013-06-07,1.52,1.52,1.51,1.51,313830
2013-06-10,1.51,1.53,1.5,1.51,584670
2013-06-11,1.5,1.51,1.49,1.49,778670
2013-06-12,1.48,1.49,1.45,1.45,1124980
2013-06-13,1.45,1.48,1.45,1.48,866200
2013-06-14,1.48,1.5,1.46,1.46,708000
2013-06-17,1.42,1.44,1.41,1.42,1372640
2013-06-18,1.41,1.42,1.4,1.42,904440
2013-06-19,1.41,1.42,1.41,1.41,937060
2013-06-20,1.4,1.41,1.39,1.39,933550
2013-06-21,1.37,1.37,1.34,1.34,3356060
2013-06-24,1.35,1.38,1.34,1.34,690350
2013-06-25,1.34,1.34,1.26,1.29,676880
2013-06-26,1.28,1.29,1.27,1.29,1136460
2013-06-27,1.3,1.35,1.28,1.35,478650
2013-06-28,1.36,1.37,1.33,1.34,483230
2013-07-01,1.33,1.33,1.3,1.31,216250
2013-07-02,1.31,1.35,1.31,1.35,191020
2013-07-03,1.35,1.35,1.34,1.34,359440
2013-07-04,1.34,1.35,1.31,1.31,368000
2013-07-05,1.33,1.35,1.32,1.33,581570
2013-07-08,1.33,1.33,1.31,1.31,601980
2013-07-09,1.3,1.32,1.3,1.31,102510
2013-07-10,1.31,1.32,1.31,1.31,220090
2013-07-11,1.31,1.31,1.3,1.3,318480
2013-07-12,1.3,1.37,1.3,1.37,544110
2013-07-15,1.41,1.42,1.39,1.41,768550
2013-07-16,1.41,1.42,1.4,1.4,443320
2013-07-17,1.4,1.4,1.39,1.4,240380
2013-07-18,1.4,1.44,1.39,1.43,871380
2013-07-19,1.43,1.45,1.43,1.45,596250
2013-07-22,1.47,1.48,1.44,1.46,660720
2013-07-23,1.46,1.5,1.46,1.49,809760
2013-07-24,1.49,1.5,1.45,1.46,954480
2013-07-25,1.46,1.47,1.44,1.44,542740
2013-07-26,1.43,1.44,1.42,1.43,530040
2013-07-29,1.43,1.43,1.41,1.41,351070
2013-07-30,1.4,1.45,1.4,1.45,220610
2013-07-31,1.45,1.45,1.42,1.44,246510
2013-08-01,1.42,1.44,1.42,1.44,269390
2013-08-02,1.45,1.45,1.44,1.45,240980
2013-08-05,1.44,1.46,1.44,1.45,123730
2013-08-06,1.47,1.47,1.44,1.45,320980
2013-08-07,1.47,1.52,1.46,1.5,649140
2013-08-08,1.51,1.52,1.49,1.49,382810
2013-08-09,1.5,1.5,1.48,1.49,373340
2013-08-12,1.49,1.5,1.48,1.49,179720
2013-08-13,1.49,1.5,1.48,1.49,187090
2013-08-14,1.48,1.5,1.48,1.5,192280
2013-08-15,1.5,1.54,1.5,1.52,704010
2013-08-16,1.51,1.56,1.51,1.54,704760
2013-08-19,1.54,1.57,1.54,1.54,725870
2013-08-20,1.54,1.57,1.53,1.55,617830
2013-08-21,1.55,1.57,1.54,1.57,554460
2013-08-22,1.57,1.57,1.52,1.53,725230
2013-08-23,1.53,1.54,1.5,1.51,919390
2013-08-26,1.51,1.52,1.5,1.52,359940
2013-08-27,1.52,1.53,1.51,1.52,185840
2013-08-28,1.5,1.5,1.45,1.46,685950
2013-08-29,1.46,1.47,1.43,1.44,626420
2013-08-30,1.44,1.48,1.44,1.48,258620
2013-09-03,1.51,1.51,1.49,1.5,214970
2013-09-04,1.5,1.5,1.46,1.46,287430
2013-09-05,1.45,1.49,1.45,1.49,152280
2013-09-06,1.48,1.54,1.48,1.54,361760
2013-09-09,1.54,1.54,1.5,1.52,323910
2013-09-10,1.52,1.56,1.52,1.55,518840
2013-09-11,1.57,1.6,1.56,1.6,622940
2013-09-12,1.6,1.64,1.6,1.62,411160
2013-09-13,1.62,1.62,1.59,1.6,319140
2013-09-16,1.61,1.62,1.59,1.62,314880
2013-09-17,1.62,1.62,1.61,1.62,350430
2013-09-18,1.62,1.62,1.6,1.6,383920
2013-09-19,1.6,1.62,1.6,1.61,213200
2013-09-20,1.61,1.62,1.6,1.62,645510
2013-09-23,1.62,1.72,1.6,1.72,914880
2013-09-24,1.72,1.72,1.69,1.69,414120
2013-09-25,1.68,1.71,1.67,1.67,357800
2013-09-26,1.67,1.71,1.65,1.71,1133560
2013-09-27,1.72,1.73,1.7,1.72,758940
2013-09-30,1.72,1.74,1.72,1.72,390270
2013-10-01,1.72,1.73,1.7,1.7,1341200
2013-10-02,1.7,1.71,1.7,1.71,395190
2013-10-03,1.7,1.71,1.69,1.69,451290
2013-10-04,1.69,1.74,1.68,1.73,643070
2013-10-07,1.73,1.79,1.72,1.78,912680
2013-10-08,1.78,1.8,1.77,1.79,544720
2013-10-09,1.77,1.79,1.77,1.77,665010
2013-10-10,1.77,1.78,1.74,1.75,675400
2013-10-11,1.76,1.77,1.75,1.76,655820
2013-10-14,1.76,1.77,1.76,1.77,232430
2013-10-15,1.77,1.79,1.77,1.78,342480
2013-10-16,1.78,1.78,1.77,1.77,436110
2013-10-17,1.77,1.79,1.77,1.77,238390
2013-10-18,1.77,1.77,1.76,1.77,303480
2013-10-21,1.77,1.78,1.77,1.77,360960
2013-10-22,1.77,1.79,1.77,1.77,504730
2013-10-23,1.79,1.8,1.78,1.8,706360
2013-10-24,1.81,1.82,1.8,1.8,689960
2013-10-25,1.81,1.81,1.79,1.8,271160
2013-10-28,1.8,1.8,1.79,1.79,393840
2013-10-29,1.78,1.79,1.76,1.79,363990
2013-10-30,1.79,1.8,1.79,1.8,250100
2013-10-31,1.79,1.84,1.79,1.82,565000
2013-11-01,1.84,1.84,1.82,1.82,216530
2013-11-04,1.82,1.83,1.81,1.83,180930
2013-11-05,1.83,1.84,1.81,1.83,186110
2013-11-06,1.83,1.85,1.83,1.85,302020
2013-11-07,1.86,1.87,1.86,1.86,458540
2013-11-08,1.86,1.87,1.86,1.86,188140
2013-11-11,1.87,1.89,1.86,1.89,142520
2013-11-12,1.88,1.89,1.87,1.88,529400
2013-11-13,1.86,1.87,1.84,1.85,353190
2013-11-14,1.86,1.96,1.86,1.96,296420
2013-11-15,1.96,1.96,1.91,1.94,324770
2013-11-18,1.95,1.96,1.92,1.95,260890
2013-11-19,1.95,1.96,1.93,1.93,252450
2013-11-20,1.95,1.96,1.93,1.96,705190
2013-11-21,1.94,1.96,1.94,1.94,457140
2013-11-22,1.95,1.95,1.93,1.94,202890
2013-11-25,1.94,1.96,1.94,1.95,512110
2013-11-26,1.94,1.99,1.94,1.99,541610
2013-11-27,1.97,2.0,1.97,1.97,145420
2013-11-28,1.97,1.98,1.94,1.98,106490
2013-11-29,1.99,1.99,1.97,1.98,257760
2013-12-02,1.99,1.99,1.98,1.98,80150
2013-12-03,1.96,1.99,1.96,1.98,157730
2013-12-04,1.98,1.98,1.97,1.97,215820
2013-12-05,1.97,1.97,1.95,1.96,251970
2013-12-06,1.95,1.96,1.95,1.95,186550
2013-12-09,1.94,1.94,1.91,1.92,515150
2013-12-10,1.93,1.93,1.91,1.92,374740
2013-12-11,1.91,1.93,1.9,1.91,225190
2013-12-12,1.89,1.92,1.89,1.9,219390
2013-12-13,1.9,1.9,1.87,1.87,404220
2013-12-16,1.86,1.96,1.86,1.88,566450
2013-12-17,1.88,1.92,1.88,1.91,50370
2013-12-18,1.9,1.92,1.9,1.91,196470
2013-12-19,1.93,1.94,1.91,1.93,212920
2013-12-20,1.94,1.94,1.9,1.91,2182440
2013-12-23,1.91,1.95,1.91,1.95,305860
2013-12-24,1.96,1.96,1.94,1.95,137460
2013-12-25,1.95,1.96,1.94,1.95,307630
2013-12-26,1.96,2.0,1.96,1.99,1290990
2013-12-27,1.99,2.03,1.99,2.01,894520
2013-12-30,2.01,2.05,2.01,2.01,436570
2013-12-31,2.01,2.05,2.01,2.02,425630
2014-01-02,2.04,2.04,2.01,2.02,276250
2014-01-03,2.02,2.04,2.01,2.04,476880
2014-01-06,2.06,2.08,2.04,2.07,452830
2014-01-07,2.08,2.1,2.07,2.07,282230
2014-01-08,2.06,2.09,2.06,2.08,357660
2014-01-09,2.08,2.12,2.08,2.12,600950
2014-01-10,2.12,2.16,2.11,2.11,296570
2014-01-13,2.12,2.13,2.12,2.12,161650
2014-01-14,2.12,2.22,2.11,2.21,851610
2014-01-15,2.21,2.27,2.21,2.26,510520
2014-01-16,2.28,2.33,2.27,2.33,640840
2014-01-17,2.35,2.48,2.35,2.48,1331750
2014-01-20,2.53,2.65,2.5,2.55,1169800
2014-01-21,2.57,2.65,2.45,2.65,703410
2014-01-22,2.6,2.6,2.48,2.48,790880
2014-01-23,2.35,2.4,2.31,2.31,829490
2014-01-24,2.31,2.31,2.26,2.28,979630
2014-01-27,2.26,2.28,2.21,2.24,694630
2014-02-06,2.21,2.39,2.21,2.37,641460
2014-02-07,2.4,2.4,2.32,2.34,780700
2014-02-10,2.34,2.37,2.32,2.34,405900
2014-02-11,2.35,2.44,2.33,2.33,811110
2014-02-12,2.35,2.41,2.34,2.4,559150
2014-02-13,2.4,2.42,2.39,2.41,395480
2014-02-14,2.41,2.42,2.37,2.38,290910
2014-02-17,2.38,2.38,2.35,2.35,464120
2014-02-18,2.35,2.39,2.34,2.38,366290
2014-02-19,2.39,2.4,2.36,2.37,293100
2014-02-20,2.37,2.37,2.28,2.3,580100
2014-02-21,2.32,2.35,2.26,2.33,317840
2014-02-24,2.33,2.39,2.33,2.38,450940
2014-02-25,2.39,2.55,2.38,2.55,1308480
2014-02-26,2.55,2.55,2.48,2.5,444670
2014-02-27,2.48,2.53,2.4,2.43,439900
2014-02-28,2.43,2.43,2.37,2.37,1159820
2014-03-03,2.38,2.41,2.38,2.38,430330
2014-03-04,2.33,2.37,2.33,2.34,475820
2014-03-05,2.4,2.4,2.37,2.37,380290
2014-03-06,2.38,2.41,2.38,2.4,429330
2014-03-07,2.42,2.42,2.38,2.38,200000
2014-03-10,2.39,2.4,2.38,2.39,247070
2014-03-11,2.4,2.45,2.39,2.45,579600
2014-03-12,2.45,2.6,2.45,2.53,1049760
2014-03-13,2.53,2.55,2.48,2.5,318840
2014-03-14,2.5,2.5,2.45,2.45,528450
2014-03-17,2.36,2.41,2.36,2.4,754600
2014-03-18,2.43,2.45,2.4,2.45,997020
2014-03-19,2.44,2.57,2.44,2.57,1845240
2014-03-20,2.57,2.57,2.53,2.55,1087390
2014-03-21,2.53,2.6,2.53,2.55,4092890
2014-03-24,2.6,2.62,2.57,2.6,1574040
2014-03-25,2.6,2.6,2.5,2.53,1402690
2014-03-26,2.53,2.57,2.48,2.53,1372940
2014-03-27,2.5,2.57,2.48,2.57,849750
2014-03-28,2.55,2.67,2.55,2.6,1812210
2014-03-31,2.62,2.62,2.55,2.6,935960
2014-04-01,2.6,2.6,2.53,2.55,551680
2014-04-02,2.55,2.57,2.5,2.55,962490
2014-04-03,2.57,2.6,2.53,2.57,280760
2014-04-04,2.6,2.72,2.57,2.72,2110670
2014-04-07,2.7,2.8,2.67,2.8,1562970
2014-04-08,2.75,2.8,2.75,2.77,437330
2014-04-10,2.77,2.8,2.75,2.8,572920
2014-04-11,2.77,2.8,2.75,2.75,554560
2014-04-14,2.8,2.82,2.75,2.8,717290
2014-04-15,2.77,2.8,2.62,2.67,1157870
2014-04-16,2.62,2.67,2.53,2.65,1123200
2014-04-17,2.67,2.7,2.62,2.65,436260
2014-04-18,2.65,2.67,2.53,2.55,785140
2014-04-21,2.55,2.6,2.5,2.55,314180
2014-04-22,2.57,2.72,2.57,2.72,766020
2014-04-23,2.72,2.75,2.67,2.72,592480
2014-04-24,2.78,2.78,2.75,2.75,356790
2014-04-25,2.76,2.88,2.75,2.88,737120
2014-04-28,2.88,2.88,2.84,2.86,355500
2014-04-29,2.84,2.88,2.82,2.88,245180
2014-05-05,2.87,2.88,2.77,2.8,441510
2014-05-06,2.79,2.79,2.64,2.78,486060
2014-05-07,2.76,2.78,2.71,2.74,309820
2014-05-08,2.67,2.67,2.55,2.55,2286010
2014-05-09,2.55,2.7,2.5,2.68,1666890
2014-05-12,2.64,2.64,2.53,2.55,618170
2014-05-13,2.55,2.6,2.52,2.57,383770
2014-05-14,2.57,2.75,2.57,2.72,895160
2014-05-15,2.72,2.77,2.58,2.71,842280
2014-05-16,2.72,2.74,2.65,2.73,274940
2014-05-19,2.74,2.85,2.72,2.85,661770
2014-05-20,2.84,2.85,2.81,2.82,377140
2014-05-21,2.82,2.83,2.78,2.81,597610
2014-05-22,2.81,2.87,2.78,2.84,814870
2014-05-23,2.9,2.99,2.88,2.96,656450
2014-05-26,2.93,2.99,2.9,2.96,292950
2014-05-27,2.96,2.99,2.87,2.96,501200
2014-05-28,2.96,3.04,2.96,3.01,798780
2014-05-29,2.99,2.99,2.88,2.96,542370
2014-05-30,2.93,3.01,2.93,2.96,592110
2014-06-02,2.93,2.99,2.93,2.96,272060
2014-06-03,2.96,2.99,2.9,2.96,139470
2014-06-04,2.96,2.96,2.84,2.84,221680
2014-06-05,2.84,2.89,2.82,2.82,124100
2014-06-06,2.82,2.9,2.82,2.9,89070
2014-06-09,2.9,2.96,2.89,2.96,241090
2014-06-10,2.96,2.96,2.9,2.9,174660
2014-06-11,2.85,2.93,2.85,2.9,272760
2014-06-12,2.9,2.9,2.87,2.89,338460
2014-06-13,2.88,3.07,2.88,3.01,1721510
2014-06-16,3.01,3.01,2.99,2.99,405150
2014-06-17,2.96,3.07,2.96,3.04,790000
2014-06-18,3.01,3.04,3.01,3.04,342110
2014-06-19,3.01,3.04,2.96,3.04,409260
2014-06-20,3.1,3.22,2.99,2.99,2649320
2014-06-23,3.07,3.1,3.04,3.1,455000
2014-06-24,3.1,3.13,3.01,3.1,399170
2014-06-25,3.07,3.13,3.07,3.1,563530
2014-06-26,3.1,3.16,3.07,3.1,717080
2014-06-27,3.1,3.13,3.07,3.1,358260
2014-06-30,3.07,3.13,3.07,3.13,658700
2014-07-01,3.13,3.16,3.1,3.13,662690
2014-07-02,3.1,3.13,3.07,3.1,380940
2014-07-03,3.13,3.19,3.1,3.19,2431870
2014-07-04,3.19,3.25,3.16,3.22,1912660
2014-07-07,3.19,3.22,3.16,3.19,918740
2014-07-08,3.16,3.19,3.13,3.19,675470
2014-07-09,3.19,3.25,3.16,3.22,993560
2014-07-10,3.19,3.22,3.13,3.19,820540
2014-07-11,3.13,3.19,3.13,3.19,757710
2014-07-14,3.19,3.28,3.19,3.25,1460240
2014-07-15,3.25,3.3,3.25,3.3,724190
2014-07-16,3.36,3.39,3.28,3.33,2845830
2014-07-17,3.3,3.36,3.3,3.36,725780
2014-07-18,3.33,3.36,3.3,3.36,955820
2014-07-21,3.33,3.39,3.33,3.33,1102450
2014-07-22,3.3,3.36,3.28,3.3,616180
2014-07-23,3.3,3.3,3.25,3.28,814880
2014-07-24,3.25,3.33,3.25,3.33,571810
2014-07-25,3.33,3.33,3.25,3.28,709010
2014-07-28,3.25,3.28,3.19,3.19,1013310
2014-07-29,3.19,3.22,3.16,3.19,469280
2014-07-30,3.22,3.22,3.19,3.19,386880
2014-07-31,3.22,3.33,3.22,3.33,1168010
2014-08-01,3.3,3.33,3.25,3.28,317120
2014-08-04,3.25,3.28,3.22,3.25,485240
2014-08-05,3.25,3.33,3.25,3.3,1542240
2014-08-06,3.3,3.33,3.28,3.3,220780
2014-08-07,3.28,3.3,3.25,3.28,627150
2014-08-08,3.28,3.28,3.22,3.25,634450
2014-08-11,3.22,3.28,3.22,3.25,425530
2014-08-12,3.25,3.28,3.22,3.22,379740
2014-08-13,3.22,3.3,3.19,3.3,1147610
2014-08-14,3.3,3.33,3.28,3.3,593010
2014-08-15,3.3,3.3,3.28,3.3,277720
2014-08-18,3.3,3.3,3.28,3.28,561160
2014-08-19,3.28,3.36,3.28,3.33,1572760
2014-08-20,3.33,3.36,3.3,3.33,595440
2014-08-21,3.3,3.39,3.3,3.39,1209960
2014-08-22,3.39,3.48,3.39,3.45,1727570
2014-08-25,3.45,3.51,3.42,3.48,1722740
2014-08-26,3.48,3.54,3.45,3.54,1316250
2014-08-27,3.54,3.56,3.45,3.48,1007110
2014-08-28,3.45,3.45,3.39,3.39,1431960
2014-08-29,3.42,3.45,3.36,3.36,989270
2014-09-03,3.39,3.45,3.39,3.45,1087640
2014-09-04,3.45,3.59,3.45,3.54,1783140
2014-09-05,3.51,3.54,3.48,3.54,471490
2014-09-08,3.54,3.56,3.51,3.54,912510
2014-09-09,3.48,3.51,3.36,3.42,1615550
2014-09-10,3.39,3.42,3.33,3.42,496070
2014-09-11,3.42,3.42,3.33,3.33,637720
2014-09-12,3.33,3.36,3.33,3.36,581170
2014-09-15,3.36,3.42,3.36,3.36,669190
2014-09-16,3.36,3.39,3.3,3.33,996270
2014-09-17,3.33,3.39,3.3,3.39,1078400
2014-09-18,3.39,3.39,3.33,3.36,807390
2014-09-19,3.3,3.36,3.25,3.25,1950450
2014-09-22,3.28,3.33,3.28,3.28,1018950
2014-09-23,3.25,3.36,3.25,3.33,713690
2014-09-24,3.33,3.39,3.3,3.39,842670
2014-09-25,3.36,3.39,3.3,3.39,535230
2014-09-26,3.36,3.39,3.36,3.36,240460
2014-09-29,3.36,3.39,3.33,3.36,216250
2014-09-30,3.33,3.39,3.33,3.33,640320
2014-10-01,3.36,3.39,3.33,3.36,563620
2014-10-02,3.39,3.42,3.36,3.42,445580
2014-10-03,3.45,3.45,3.42,3.42,414030
2014-10-06,3.39,3.42,3.33,3.33,838220
2014-10-07,3.36,3.36,3.33,3.33,485590
2014-10-08,3.33,3.42,3.33,3.42,907940
2014-10-09,3.42,3.45,3.39,3.39,799150
2014-10-10,3.36,3.45,3.36,3.39,437640
2014-10-13,3.39,3.39,3.33,3.39,805500
2014-10-14,3.39,3.39,3.28,3.28,1027190
2014-10-15,3.28,3.3,3.19,3.22,802020
2014-10-16,3.22,3.22,3.04,3.07,1505530
2014-10-17,3.1,3.13,2.99,3.1,1463780
2014-10-20,3.1,3.19,3.1,3.19,878530
2014-10-21,3.16,3.22,3.16,3.19,290660
2014-10-22,3.19,3.25,3.19,3.25,743530
2014-10-23,3.22,3.28,3.16,3.16,564550
2014-10-24,3.19,3.19,3.1,3.16,332940
2014-10-27,3.13,3.16,3.07,3.07,352360
2014-10-28,3.04,3.13,3.04,3.13,464930
2014-10-29,3.16,3.19,3.13,3.16,324890
2014-10-30,3.13,3.16,3.13,3.16,382610
2014-10-31,3.16,3.19,3.13,3.19,706290
2014-11-03,3.25,3.3,3.25,3.28,759020
2014-11-04,3.28,3.3,3.22,3.25,264000
2014-11-05,3.25,3.28,3.19,3.22,278880
2014-11-06,3.28,3.28,3.19,3.19,145210
2014-11-07,3.19,3.28,3.19,3.28,374310
2014-11-10,3.25,3.28,3.25,3.28,481250
2014-11-11,3.28,3.36,3.25,3.33,750900
2014-11-12,3.33,3.36,3.3,3.33,182330
2014-11-13,3.3,3.36,3.3,3.33,280040
2014-11-14,3.33,3.33,3.25,3.3,367940
2014-11-17,3.3,3.33,3.28,3.3,209400
2014-11-18,3.28,3.3,3.25,3.3,213320
2014-11-19,3.28,3.28,3.19,3.22,809030
2014-11-20,3.25,3.28,3.22,3.28,586140
2014-11-21,3.28,3.28,3.22,3.22,276110
2014-11-24,3.19,3.22,3.16,3.19,200420
2014-11-25,3.19,3.22,3.16,3.19,464830
2014-11-26,3.19,3.22,3.07,3.1,703040
2014-11-27,3.1,3.16,3.07,3.16,876480
2014-11-28,3.16,3.16,3.07,3.1,390620
2014-12-01,3.13,3.19,3.13,3.13,603620
2014-12-02,3.16,3.16,3.1,3.13,168670
2014-12-03,3.16,3.19,3.13,3.19,481290
2014-12-04,3.19,3.22,3.16,3.19,341620
2014-12-05,3.22,3.25,3.19,3.22,697150
2014-12-08,3.22,3.22,3.13,3.16,421550
2014-12-09,3.13,3.16,2.99,3.01,945890
2014-12-10,3.04,3.1,2.96,3.07,542440
2014-12-11,3.04,3.07,3.01,3.04,157820
2014-12-12,2.99,3.07,2.99,3.07,82360
2014-12-15,3.07,3.07,3.01,3.01,84760
2014-12-16,3.01,3.01,2.87,2.89,651220
2014-12-17,2.87,2.9,2.69,2.77,1517960
2014-12-18,2.78,2.83,2.78,2.8,538720
2014-12-19,2.8,2.83,2.79,2.8,555400
2014-12-22,2.82,2.99,2.82,2.99,398810
2014-12-23,3.01,3.04,2.96,2.99,464800
2014-12-24,3.01,3.01,2.99,2.99,187190
2014-12-25,2.96,2.99,2.93,2.96,188070
2014-12-26,2.96,2.96,2.88,2.9,273800
2014-12-29,2.9,3.04,2.9,2.99,414450
2014-12-30,2.99,3.04,2.96,3.04,385200
2014-12-31,3.04,3.07,3.04,3.07,685640
2015-01-05,3.07,3.13,3.04,3.07,207020
2015-01-06,3.01,3.1,3.01,3.1,260380
2015-01-07,3.1,3.13,3.07,3.07,232770
2015-01-08,3.07,3.1,3.04,3.07,107380
2015-01-09,3.07,3.13,3.04,3.13,409230
2015-01-12,3.1,3.19,3.1,3.13,695280
2015-01-13,3.1,3.13,3.1,3.13,77750
2015-01-14,3.1,3.13,3.04,3.13,229360
2015-01-15,3.1,3.16,3.1,3.13,199440
2015-01-16,3.1,3.1,3.07,3.07,220730
2015-01-19,3.07,3.1,3.04,3.04,293800
2015-01-20,3.04,3.07,3.01,3.07,146590
2015-01-21,3.07,3.1,3.04,3.1,628920
2015-01-22,3.1,3.1,3.04,3.07,258970
2015-01-23,3.07,3.07,2.96,2.99,1294880
2015-01-26,2.99,2.99,2.89,2.89,1167630
2015-01-27,2.93,2.96,2.89,2.93,1091760
2015-01-28,2.96,2.96,2.89,2.93,187910
2015-01-29,2.93,2.93,2.85,2.86,305240
2015-01-30,2.86,2.86,2.77,2.77,790190
2015-02-02,2.77,2.83,2.75,2.75,193890
2015-02-03,2.75,2.78,2.71,2.71,456170
2015-02-04,2.68,2.74,2.61,2.62,603690
2015-02-05,2.61,2.61,2.55,2.6,972680
2015-02-06,2.66,2.71,2.65,2.67,202240
2015-02-09,2.67,2.7,2.6,2.6,368440
2015-02-10,2.61,2.7,2.56,2.68,700570
2015-02-11,2.68,2.81,2.68,2.81,382460
2015-02-12,2.81,2.86,2.78,2.83,328920
2015-02-13,2.83,2.88,2.81,2.85,337680
2015-02-24,2.86,2.86,2.81,2.86,416880
2015-02-25,2.82,2.85,2.81,2.81,487940
2015-02-26,2.81,2.83,2.75,2.78,645750
2015-02-27,2.76,2.76,2.71,2.73,1111170
2015-03-02,2.7,2.73,2.67,2.68,635450
2015-03-03,2.69,2.74,2.69,2.73,670000
2015-03-04,2.73,2.75,2.72,2.73,324080
2015-03-05,2.74,2.77,2.74,2.74,752710
2015-03-06,2.74,2.74,2.72,2.74,296850
2015-03-09,2.75,2.84,2.75,2.82,1110350
2015-03-10,2.82,2.84,2.78,2.78,924780
2015-03-11,2.77,2.82,2.75,2.75,485870
2015-03-12,2.73,2.75,2.71,2.71,750130
2015-03-13,2.71,2.73,2.69,2.7,472400
2015-03-16,2.7,2.7,2.6,2.61,1037700
2015-03-17,2.61,2.66,2.61,2.61,640370
2015-03-18,2.63,2.63,2.57,2.59,1092640
2015-03-19,2.58,2.6,2.52,2.55,1270400
2015-03-20,2.55,2.68,2.54,2.68,2188020
2015-03-23,2.68,2.68,2.61,2.61,1140180
2015-03-24,2.58,2.6,2.56,2.57,804400
2015-03-25,2.56,2.58,2.54,2.55,765950
2015-03-26,2.54,2.58,2.54,2.54,498620
2015-03-27,2.54,2.57,2.54,2.54,253180
2015-03-30,2.56,2.57,2.54,2.55,685590
2015-03-31,2.55,2.57,2.55,2.56,668940
2015-04-01,2.56,2.59,2.54,2.55,573070
2015-04-02,2.55,2.56,2.53,2.56,450390
2015-04-03,2.56,2.61,2.55,2.6,1033520
2015-04-06,2.6,2.6,2.57,2.57,271760
2015-04-07,2.56,2.6,2.56,2.57,469470
2015-04-08,2.59,2.59,2.56,2.56,334680
2015-04-09,2.56,2.59,2.56,2.56,397900
2015-04-10,2.57,2.58,2.56,2.56,388880
2015-04-13,2.59,2.59,2.56,2.56,201090
2015-04-14,2.56,2.58,2.56,2.57,422120
2015-04-15,2.57,2.64,2.57,2.61,1231840
2015-04-16,2.62,2.64,2.6,2.6,725910
2015-04-17,2.59,2.7,2.59,2.64,982040
2015-04-20,2.64,2.64,2.61,2.61,375410
2015-04-21,2.61,2.61,2.6,2.61,424870
2015-04-22,2.61,2.67,2.61,2.61,639770
2015-04-23,2.62,2.64,2.57,2.58,485650
2015-04-24,2.59,2.59,2.58,2.58,371010
2015-04-27,2.61,2.64,2.55,2.55,394780
2015-05-04,2.59,2.59,2.49,2.51,1045680
2015-05-05,2.51,2.59,2.5,2.56,767180
2015-05-06,2.57,2.58,2.52,2.52,993740
2015-05-07,2.52,2.55,2.52,2.54,540380
2015-05-08,2.56,2.63,2.51,2.51,565420
2015-05-11,2.5,2.53,2.46,2.46,405070
2015-05-12,2.5,2.5,2.39,2.39,684210
2015-05-13,2.38,2.39,2.31,2.34,1291880
2015-05-14,2.32,2.38,2.31,2.38,734690
2015-05-15,2.38,2.38,2.32,2.32,554930
2015-05-18,2.28,2.31,2.21,2.21,1773500
2015-05-19,2.19,2.24,2.19,2.22,859380
2015-05-20,2.22,2.38,2.22,2.38,904140
2015-05-21,2.38,2.39,2.34,2.38,580790
2015-05-22,2.36,2.39,2.35,2.39,500280
2015-05-25,2.39,2.42,2.35,2.38,202540
2015-05-26,2.39,2.43,2.37,2.42,681280
2015-05-27,2.41,2.42,2.38,2.38,414100
2015-05-28,2.36,2.41,2.36,2.38,423170
2015-05-29,2.38,2.4,2.36,2.37,559300
2015-06-01,2.37,2.38,2.35,2.35,543570
2015-06-02,2.33,2.36,2.33,2.34,948500
2015-06-03,2.32,2.35,2.28,2.28,1464690
2015-06-04,2.28,2.3,2.28,2.29,1077090
2015-06-05,2.3,2.3,2.23,2.25,1935780
2015-06-08,2.27,2.32,2.27,2.31,917010
2015-06-09,2.31,2.47,2.3,2.4,2789760
2015-06-10,2.45,2.53,2.45,2.52,3194220
2015-06-11,2.57,2.6,2.54,2.56,1445080
2015-06-12,2.56,2.59,2.53,2.55,1333800
2015-06-15,2.55,2.56,2.53,2.55,1672040
2015-06-16,2.56,2.63,2.55,2.57,1806050
2015-06-17,2.55,2.56,2.52,2.53,1581070
2015-06-18,2.55,2.55,2.5,2.52,887580
2015-06-19,2.51,2.52,2.45,2.45,2592640
2015-06-22,2.48,2.48,2.46,2.47,524900
2015-06-23,2.46,2.54,2.46,2.51,801860
2015-06-24,2.48,2.51,2.47,2.48,1042290
2015-06-25,2.46,2.48,2.44,2.44,898180
2015-06-26,2.44,2.49,2.42,2.43,726400
2015-06-29,2.43,2.49,2.43,2.49,1060110
2015-06-30,2.48,2.57,2.47,2.57,3428620
2015-07-01,2.57,2.58,2.49,2.51,1078850
2015-07-02,2.51,2.55,2.49,2.55,925320
2015-07-03,2.55,2.58,2.55,2.55,1073110
2015-07-06,2.55,2.63,2.55,2.62,1864540
2015-07-07,2.62,2.73,2.58,2.68,2857450
2015-07-08,2.68,2.71,2.63,2.65,1753620
2015-07-09,2.63,2.64,2.59,2.6,1809260
2015-07-10,2.63,2.63,2.57,2.57,1348180
2015-07-13,2.58,2.62,2.55,2.55,1169610
2015-07-14,2.55,2.64,2.51,2.6,2295100
2015-07-15,2.61,2.62,2.55,2.55,931880
2015-07-16,2.54,2.64,2.52,2.63,1582160
2015-07-17,2.7,2.75,2.68,2.69,2675200
2015-07-20,2.68,2.71,2.63,2.71,1390780
2015-07-21,2.71,2.79,2.71,2.79,2696070
2015-07-22,2.8,2.98,2.8,2.98,5105670
2015-07-23,3.01,3.03,2.94,2.95,1600250
2015-07-24,2.95,3.11,2.95,3.08,3303290
2015-07-27,3.11,3.19,3.11,3.17,2415310
2015-07-28,3.17,3.19,3.05,3.05,2009060
2015-07-29,3.03,3.08,2.97,2.97,3073500
2015-07-30,2.96,3.03,2.95,2.99,1363300
2015-07-31,2.98,3.0,2.89,2.89,2290540
2015-08-03,2.85,2.93,2.8,2.89,2856040
2015-08-04,2.89,2.96,2.87,2.9,996510
2015-08-05,2.94,3.01,2.93,2.99,1060620
2015-08-06,3.0,3.0,2.95,2.95,998530
2015-08-07,2.97,3.05,2.95,3.03,2700970
2015-08-10,3.06,3.13,3.06,3.1,2228850
2015-08-11,3.11,3.11,3.05,3.07,1979760
2015-08-12,3.05,3.05,2.95,2.96,2887340
2015-08-13,2.95,2.96,2.86,2.91,2493440
2015-08-14,2.9,2.96,2.85,2.9,1829940
2015-08-17,2.92,2.92,2.82,2.82,1433820
2015-08-18,2.82,2.87,2.79,2.86,1422730
2015-08-19,2.84,2.85,2.78,2.83,1641650
2015-08-20,2.83,2.85,2.75,2.77,1210690
2015-08-21,2.71,2.71,2.62,2.69,2521210
2015-08-24,2.63,2.63,2.5,2.5,4405860
2015-08-25,2.46,2.67,2.46,2.67,2794310
2015-08-26,2.71,2.83,2.71,2.8,1892880
2015-08-27,2.8,2.84,2.77,2.79,2252900
2015-08-28,2.79,2.85,2.78,2.81,2353430
2015-08-31,2.8,2.8,2.76,2.77,1019870
2015-09-01,2.77,2.81,2.76,2.77,1450450
2015-09-03,2.76,2.76,2.65,2.68,1419780
2015-09-04,2.68,2.71,2.63,2.64,830070
2015-09-07,2.62,2.65,2.59,2.6,895920
2015-09-08,2.61,2.69,2.6,2.69,815360
2015-09-09,2.72,2.74,2.7,2.73,1426770
2015-09-10,2.7,2.73,2.67,2.71,697840
2015-09-11,2.7,2.71,2.64,2.64,880950
2015-09-14,2.64,2.66,2.59,2.61,594000
2015-09-15,2.6,2.62,2.59,2.6,480030
2015-09-16,2.61,2.64,2.6,2.64,356310
2015-09-17,2.65,2.71,2.65,2.67,608370
2015-09-18,2.71,2.75,2.71,2.74,1592720
2015-09-21,2.73,2.87,2.71,2.82,2153670
2015-09-22,2.82,2.85,2.8,2.83,786300
2015-09-23,2.8,2.83,2.79,2.81,1064130
2015-09-24,2.82,2.82,2.79,2.79,1011600
2015-09-25,2.78,2.79,2.76,2.77,506830
2015-09-28,2.76,2.78,2.69,2.69,1005260
2015-09-29,2.67,2.68,2.64,2.68,1006020
2015-09-30,2.69,2.73,2.69,2.71,554080
2015-10-01,2.71,2.73,2.71,2.73,304040
2015-10-02,2.73,2.79,2.73,2.76,795710
2015-10-05,2.75,2.79,2.74,2.79,1300420
2015-10-06,2.82,2.86,2.8,2.85,3208050
2015-10-07,2.86,2.86,2.79,2.8,1510940
2015-10-08,2.81,2.87,2.79,2.87,1920520
2015-10-09,2.88,2.92,2.86,2.88,1589230
2015-10-12,2.89,2.94,2.88,2.92,2015180
2015-10-13,2.9,2.91,2.88,2.88,903340
2015-10-14,2.88,2.9,2.87,2.87,1203260
2015-10-15,2.88,2.96,2.87,2.87,2543820
2015-10-16,2.89,2.92,2.84,2.85,2343410
2015-10-19,2.87,2.87,2.83,2.85,1717090
2015-10-20,2.85,2.85,2.79,2.79,1727880
2015-10-21,2.79,2.83,2.77,2.78,1133870
2015-10-22,2.77,2.8,2.77,2.79,881840
2015-10-23,2.85,2.85,2.81,2.83,1050300
2015-10-26,2.84,2.88,2.84,2.84,1371800
2015-10-27,2.84,2.85,2.81,2.82,837210
2015-10-28,2.82,2.83,2.79,2.79,986700
2015-10-29,2.8,2.83,2.79,2.8,1479150
2015-10-30,2.8,2.82,2.79,2.8,1046520
2015-11-02,2.8,2.8,2.76,2.78,1201140
2015-11-03,2.78,2.8,2.75,2.8,934900
2015-11-04,2.81,2.81,2.75,2.77,1137210
2015-11-05,2.77,2.79,2.76,2.76,651500
2015-11-06,2.76,2.79,2.74,2.76,925860
2015-11-09,2.74,2.77,2.73,2.73,555820
2015-11-10,2.73,2.74,2.71,2.71,674010
2015-11-11,2.71,2.72,2.7,2.7,730200
2015-11-12,2.7,2.71,2.65,2.68,1406120
2015-11-13,2.68,2.69,2.66,2.68,1306930
2015-11-16,2.69,2.69,2.63,2.63,1217400
2015-11-17,2.63,2.71,2.63,2.69,2014180
2015-11-18,2.7,2.71,2.67,2.68,596730
2015-11-19,2.68,2.68,2.65,2.65,436500
2015-11-20,2.64,2.68,2.63,2.66,812890
2015-11-23,2.67,2.7,2.67,2.69,966110
2015-11-24,2.69,2.71,2.68,2.68,1097160
2015-11-25,2.68,2.77,2.66,2.77,2194230
2015-11-26,2.79,2.85,2.78,2.82,2819750
2015-11-27,2.83,2.86,2.79,2.79,3387410
2015-11-30,2.76,2.76,2.71,2.71,1147460
2015-12-01,2.72,2.73,2.7,2.7,1041490
2015-12-02,2.7,2.73,2.7,2.72,1342220
2015-12-03,2.72,2.75,2.71,2.72,658700
2015-12-04,2.72,2.72,2.68,2.7,817290
2015-12-07,2.68,2.7,2.65,2.66,691540
2015-12-08,2.64,2.71,2.63,2.7,776960
2015-12-09,2.7,2.71,2.65,2.65,530540
2015-12-10,2.64,2.67,2.62,2.62,1068970
2015-12-11,2.63,2.66,2.62,2.65,849510
2015-12-14,2.76,2.76,2.72,2.72,1578990
2015-12-15,2.71,2.74,2.71,2.72,1399890
2015-12-16,2.73,2.73,2.71,2.71,754300
2015-12-17,2.71,2.72,2.7,2.71,644820
2015-12-18,2.71,2.73,2.69,2.71,9525010
2015-12-21,2.69,2.69,2.65,2.67,881460
2015-12-22,2.66,2.66,2.63,2.64,435510
2015-12-23,2.65,2.65,2.62,2.63,664920
2015-12-24,2.63,2.65,2.63,2.63,230640
2015-12-25,2.63,2.64,2.62,2.63,403760
2015-12-28,2.63,2.63,2.57,2.57,1002190
2015-12-29,2.58,2.59,2.55,2.57,466130
2015-12-30,2.6,2.63,2.58,2.61,652720
2015-12-31,2.61,2.61,2.57,2.6,390410
2016-01-04,2.59,2.61,2.56,2.56,404530
2016-01-05,2.55,2.57,2.54,2.54,628760
2016-01-06,2.54,2.58,2.54,2.58,658730
2016-01-07,2.55,2.55,2.5,2.51,1030130
2016-01-08,2.46,2.5,2.45,2.46,864290
2016-01-11,2.48,2.48,2.46,2.46,488320
2016-01-12,2.46,2.5,2.46,2.49,343540
2016-01-13,2.5,2.5,2.45,2.45,685150
2016-01-14,2.44,2.44,2.35,2.36,1479820
2016-01-15,2.36,2.37,2.25,2.27,2199370
2016-01-18,2.14,2.22,2.13,2.21,2898070
2016-01-19,2.22,2.27,2.21,2.24,2466700
2016-01-20,2.23,2.27,2.2,2.24,1989300
2016-01-21,2.21,2.27,2.21,2.27,2017340
2016-01-22,2.28,2.3,2.25,2.28,2755250
2016-01-25,2.31,2.43,2.31,2.42,1238860
2016-01-26,2.36,2.41,2.34,2.35,1299900
2016-01-27,2.38,2.4,2.37,2.38,1218350
2016-01-28,2.39,2.42,2.36,2.36,778140
2016-01-29,2.38,2.45,2.36,2.45,860030
2016-02-01,2.45,2.49,2.38,2.38,855840
2016-02-02,2.36,2.39,2.35,2.38,289590
2016-02-03,2.35,2.39,2.34,2.38,1232420
2016-02-04,2.39,2.41,2.39,2.4,177320
2016-02-05,2.4,2.42,2.38,2.4,155980
2016-02-15,2.4,2.4,2.31,2.35,1033620
2016-02-16,2.35,2.38,2.35,2.38,489920
2016-02-17,2.36,2.38,2.36,2.38,605330
2016-02-18,2.38,2.41,2.38,2.38,502930
2016-02-19,2.38,2.41,2.38,2.4,704540
2016-02-22,2.39,2.46,2.39,2.42,1091060
2016-02-23,2.48,2.48,2.42,2.42,807300
2016-02-24,2.42,2.43,2.38,2.42,669660
2016-02-25,2.43,2.48,2.42,2.43,941770
2016-02-26,2.44,2.53,2.43,2.53,1862030
2016-02-29,2.56,2.56,2.48,2.48,941320
2016-03-01,2.48,2.48,2.43,2.44,964040
2016-03-02,2.45,2.46,2.38,2.42,1616220
2016-03-03,2.44,2.45,2.4,2.4,737360
2016-03-04,2.41,2.46,2.39,2.45,758830
2016-03-07,2.46,2.5,2.45,2.47,2201530
2016-03-08,2.51,2.61,2.51,2.57,6767430
2016-03-09,2.58,2.63,2.54,2.54,2672170
2016-03-10,2.55,2.55,2.53,2.55,1245540
2016-03-11,2.55,2.59,2.54,2.56,2144310
2016-03-14,2.58,2.69,2.58,2.67,3870560
2016-03-15,2.69,2.71,2.64,2.67,2696450
2016-03-16,2.69,2.69,2.65,2.66,1634300
2016-03-17,2.69,2.71,2.66,2.67,2100490
2016-03-18,2.68,2.68,2.64,2.64,2584200
2016-03-21,2.66,2.7,2.65,2.65,1512420
2016-03-22,2.66,2.66,2.63,2.63,1602960
2016-03-23,2.61,2.64,2.59,2.61,1576220
2016-03-24,2.6,2.63,2.56,2.56,1758820
2016-03-25,2.56,2.6,2.55,2.58,1704310
2016-03-28,2.59,2.66,2.59,2.66,1174990
2016-03-29,2.67,2.71,2.65,2.65,2044410
2016-03-30,2.64,2.66,2.63,2.63,1579390
2016-03-31,2.63,2.69,2.62,2.63,2460570
2016-04-01,2.63,2.63,2.56,2.58,1523320
2016-04-04,2.58,2.63,2.57,2.6,986480
2016-04-05,2.6,2.62,2.59,2.61,536800
2016-04-06,2.61,2.69,2.61,2.69,1954970
2016-04-07,2.71,2.73,2.68,2.68,2701300
2016-04-08,2.68,2.77,2.67,2.74,7079970
2016-04-11,2.77,2.82,2.77,2.8,5057970
2016-04-12,2.8,2.83,2.79,2.82,2850420
2016-04-13,2.82,2.82,2.75,2.77,3106110
2016-04-14,2.77,2.83,2.77,2.79,2142460
2016-04-15,2.81,2.84,2.79,2.79,2734540
2016-04-19,2.79,2.79,2.75,2.75,3047720
2016-04-20,2.78,2.8,2.74,2.78,2813360
2016-04-21,2.79,2.85,2.79,2.8,3670790
2016-04-22,2.81,2.92,2.8,2.91,4327260
2016-04-25,2.94,2.98,2.93,2.94,3046090
2016-04-26,2.92,2.97,2.89,2.94,3019430
2016-04-27,2.94,2.94,2.88,2.91,2321780
2016-04-28,2.9,2.92,2.87,2.89,1669040
2016-04-29,2.88,2.98,2.88,2.98,3455190
2016-05-04,3.02,3.15,3.01,3.11,6404100
2016-05-05,3.12,3.27,3.07,3.11,7908200
2016-05-06,3.08,3.11,3.02,3.03,4098640
2016-05-09,3.06,3.09,3.02,3.02,3455700
2016-05-10,2.98,3.03,2.96,2.98,4939730
2016-05-11,3.03,3.07,3.02,3.07,2497620
2016-05-12,3.08,3.09,3.03,3.03,1742800
2016-05-13,3.01,3.02,2.95,2.96,3860220
2016-05-16,2.95,2.96,2.93,2.95,2259110
2016-05-17,2.96,3.01,2.96,2.99,1339920
2016-05-18,3.0,3.0,2.95,2.95,1773380
2016-05-19,2.95,2.99,2.94,2.95,1726020
2016-05-20,2.95,2.96,2.94,2.95,1426750
2016-05-23,2.95,3.02,2.95,3.0,1149830
2016-05-24,2.99,3.03,2.98,3.0,1526440
2016-05-25,3.01,3.04,2.99,3.0,1842560
2016-05-26,2.99,3.01,2.95,2.95,1851110
2016-05-27,2.95,2.98,2.94,2.96,1594940
2016-05-30,2.97,3.03,2.97,3.01,3173180
2016-05-31,3.03,3.04,3.0,3.01,3495250
2016-06-01,3.01,3.11,2.99,3.06,5684250
2016-06-02,3.06,3.14,3.04,3.13,5218950
2016-06-03,3.17,3.19,3.14,3.17,6462490
2016-06-06,3.19,3.27,3.14,3.15,7411920
2016-06-07,3.16,3.23,3.16,3.23,3047640
2016-06-08,3.27,3.33,3.25,3.28,3724890
2016-06-09,3.31,3.31,3.25,3.27,2965630
2016-06-10,3.27,3.34,3.27,3.29,2439340
2016-06-13,3.28,3.28,3.23,3.25,2928110
2016-06-14,3.24,3.37,3.22,3.37,3443200
2016-06-15,3.37,3.44,3.35,3.38,2129160
2016-06-16,3.38,3.44,3.38,3.39,2814140
2016-06-17,3.37,3.41,3.33,3.33,5659440
2016-06-20,3.38,3.42,3.35,3.42,1648120
2016-06-21,3.45,3.53,3.45,3.49,3610830
2016-06-22,3.49,3.55,3.47,3.52,2285990
2016-06-23,3.51,3.59,3.51,3.57,4020040
2016-06-24,3.55,3.56,3.32,3.45,12178690
2016-06-27,3.41,3.47,3.35,3.47,3206680
2016-06-28,3.43,3.5,3.43,3.44,1830580
2016-06-29,3.45,3.53,3.44,3.5,4457030
2016-06-30,3.54,3.59,3.51,3.52,3438530
2016-07-01,3.54,3.6,3.53,3.54,5658560
2016-07-04,3.56,3.58,3.53,3.55,4158970
2016-07-05,3.59,3.63,3.57,3.58,4927570
2016-07-06,3.57,3.65,3.54,3.65,4957280
2016-07-07,3.73,3.83,3.69,3.81,3680720
2016-07-08,3.83,3.84,3.73,3.8,5754320
2016-07-11,3.8,3.82,3.6,3.6,5163140
2016-07-12,3.63,3.68,3.58,3.66,5547040
2016-07-13,3.69,3.74,3.69,3.7,3746150
2016-07-14,3.71,3.72,3.58,3.58,5141750
2016-07-15,3.57,3.62,3.5,3.61,3726150
2016-07-18,3.61,3.81,3.6,3.76,5985260
2016-07-19,3.83,3.83,3.65,3.74,4442630
2016-07-20,3.73,3.76,3.66,3.66,2728420
2016-07-21,3.67,3.72,3.65,3.67,2884960
2016-07-22,3.65,3.65,3.47,3.58,5190610
2016-07-25,3.61,3.68,3.57,3.64,3766690
2016-07-26,3.64,3.76,3.62,3.76,4989480
2016-07-27,3.83,3.86,3.77,3.84,7309600
2016-07-28,3.85,3.99,3.85,3.97,5902350
2016-07-29,3.98,3.99,3.92,3.96,6189170
2016-08-01,3.97,3.97,3.87,3.92,4652710
2016-08-02,3.88,3.9,3.8,3.8,6370060
2016-08-03,3.78,3.84,3.77,3.84,3050500
2016-08-04,3.88,3.89,3.79,3.79,3081510
2016-08-05,3.78,3.84,3.76,3.84,4794470
2016-08-08,3.84,3.87,3.8,3.81,1978940
2016-08-09,3.8,3.85,3.8,3.85,2351520
2016-08-10,3.87,4.09,3.87,4.03,5703740
2016-08-11,4.03,4.11,4.03,4.09,3931110
2016-08-12,4.18,4.2,4.07,4.08,4563390
2016-08-15,4.08,4.12,4.06,4.12,4573000
2016-08-16,4.16,4.24,4.14,4.18,3597400
2016-08-17,4.19,4.36,4.19,4.32,4700970
2016-08-18,4.37,4.42,4.32,4.34,4116040
2016-08-19,4.35,4.38,4.29,4.29,3656710
2016-08-22,4.28,4.33,4.27,4.32,2748960
2016-08-23,4.31,4.39,4.31,4.39,3521490
2016-08-24,4.42,4.49,4.35,4.36,5811280
2016-08-25,4.48,4.54,4.46,4.54,5867250
2016-08-26,4.54,4.55,4.49,4.5,2303950
2016-08-29,4.49,4.51,4.38,4.38,4916380
2016-08-30,4.35,4.43,4.32,4.42,3069560
2016-08-31,4.47,4.53,4.46,4.52,3023220
2016-09-01,4.52,4.52,4.46,4.48,2283700
2016-09-05,4.5,4.51,4.42,4.43,3626000
2016-09-06,4.46,4.51,4.44,4.47,3353490
2016-09-07,4.47,4.65,4.42,4.65,4529030
2016-09-08,4.65,4.77,4.6,4.74,5541710
2016-09-09,4.74,4.75,4.66,4.68,2978500
2016-09-12,4.63,4.63,4.53,4.54,3209760
2016-09-13,4.54,4.66,4.54,4.61,3410530
2016-09-14,4.58,4.64,4.58,4.6,1433230
2016-09-15,4.58,4.7,4.58,4.67,3018930
2016-09-16,4.67,4.72,4.65,4.7,9026300
2016-09-19,4.75,4.85,4.74,4.81,4311630
2016-09-20,4.78,4.82,4.75,4.8,3028200
2016-09-21,4.79,4.88,4.75,4.81,2996420
2016-09-22,4.87,4.93,4.82,4.88,4309820
2016-09-23,4.88,4.9,4.85,4.85,3065270
2016-09-26,4.84,4.88,4.77,4.85,2874560
2016-09-27,4.85,4.89,4.84,4.88,3471140
2016-09-28,4.91,4.96,4.88,4.93,3327970
2016-09-29,4.93,4.96,4.88,4.9,3445480
2016-09-30,4.86,4.91,4.81,4.82,7055060
2016-10-03,4.82,4.86,4.7,4.7,6696480
2016-10-04,4.67,4.73,4.55,4.64,12594180
2016-10-05,4.65,4.67,4.6,4.6,4993350
2016-10-06,4.59,4.61,4.49,4.53,5642520
2016-10-07,4.53,4.57,4.28,4.34,12092340
2016-10-10,4.33,4.34,4.14,4.14,5932030
2016-10-11,4.15,4.42,4.15,4.42,8816090
2016-10-12,4.46,4.5,4.29,4.31,6287140
2016-10-13,4.24,4.39,4.19,4.36,4735200
2016-10-14,4.33,4.4,4.27,4.27,4372760
2016-10-17,4.24,4.31,4.2,4.2,2726800
2016-10-18,4.18,4.3,4.18,4.3,3936870
2016-10-19,4.33,4.42,4.3,4.35,3624200
2016-10-20,4.37,4.39,4.32,4.34,1596170
2016-10-21,4.34,4.37,4.32,4.33,2218550
2016-10-24,4.33,4.35,4.24,4.24,2876450
2016-10-25,4.24,4.25,4.14,4.18,3373480
2016-10-26,4.18,4.22,4.12,4.18,2550830
2016-10-27,4.18,4.2,4.14,4.18,1633800
2016-10-28,4.18,4.34,4.18,4.31,3415950
2016-10-31,4.34,4.34,4.24,4.3,2216260
2016-11-01,4.28,4.34,4.27,4.27,1519710
2016-11-02,4.27,4.27,4.17,4.17,2809280
2016-11-03,4.17,4.17,4.1,4.15,3416740
2016-11-04,4.17,4.2,4.16,4.18,1521270
2016-11-07,4.22,4.35,4.19,4.34,4122990
2016-11-08,4.36,4.41,4.35,4.38,4669020
2016-11-09,4.38,4.38,4.17,4.32,9411610
2016-11-10,4.41,4.42,4.38,4.38,3802720
2016-11-11,4.35,4.37,4.31,4.32,3408550
2016-11-14,4.31,4.37,4.3,4.35,3990070
2016-11-15,4.35,4.47,4.35,4.43,4588760
2016-11-16,4.43,4.5,4.42,4.44,4225640
2016-11-17,4.43,4.48,4.4,4.41,3054490
2016-11-18,4.4,4.44,4.35,4.36,3101710
2016-11-21,4.37,4.43,4.34,4.43,3303700
2016-11-22,4.48,4.48,4.41,4.42,3014150
2016-11-23,4.42,4.47,4.39,4.4,2206150
2016-11-24,4.41,4.46,4.39,4.4,2522970
2016-11-25,4.43,4.46,4.39,4.41,3239970
2016-11-28,4.4,4.41,4.28,4.3,3054300
2016-11-29,4.3,4.32,4.24,4.26,2916960
2016-11-30,4.25,4.49,4.24,4.44,6140310
2016-12-01,4.47,4.49,4.41,4.41,4391230
2016-12-02,4.42,4.47,4.41,4.46,4769370
2016-12-05,4.47,4.54,4.46,4.48,6102780
2016-12-06,4.49,4.5,4.29,4.32,4956320
2016-12-07,4.32,4.37,4.31,4.31,2987910
2016-12-08,4.32,4.37,4.31,4.32,1912140
2016-12-09,4.32,4.37,4.31,4.32,2565360
2016-12-12,4.31,4.32,4.28,4.3,2412750
2016-12-13,4.3,4.31,4.25,4.28,2687280
2016-12-14,4.28,4.41,4.28,4.4,2633270
2016-12-15,4.39,4.4,4.34,4.36,1830580
2016-12-16,4.35,4.44,4.35,4.41,3688380
2016-12-19,4.41,4.45,4.37,4.38,2430260
2016-12-20,4.38,4.41,4.35,4.36,1312730
2016-12-21,4.38,4.45,4.37,4.42,2405340
2016-12-22,4.44,4.56,4.43,4.49,6126040
2016-12-23,4.49,4.56,4.44,4.53,4268440
2016-12-26,4.58,4.63,4.57,4.62,3826190
2016-12-27,4.62,4.63,4.56,4.56,3831250
2016-12-28,4.56,4.62,4.56,4.6,3467160
2016-12-29,4.59,4.61,4.56,4.56,2021280
2016-12-30,4.56,4.59,4.56,4.56,1969290
2017-01-03,4.57,4.66,4.56,4.65,3044660
2017-01-04,4.68,4.7,4.63,4.65,2346300
2017-01-05,4.65,4.68,4.65,4.66,3018500
2017-01-06,4.67,4.69,4.56,4.58,4204960
2017-01-09,4.59,4.6,4.53,4.56,2617980
2017-01-10,4.56,4.66,4.56,4.63,2985620
2017-01-11,4.63,4.65,4.59,4.65,1669830
2017-01-12,4.67,4.67,4.61,4.61,1816920
2017-01-13,4.59,4.61,4.56,4.56,2579390
2017-01-16,4.56,4.57,4.43,4.43,4140650
2017-01-17,4.43,4.48,4.41,4.43,2562530
2017-01-18,4.43,4.46,4.39,4.39,2807280
2017-01-19,4.36,4.42,4.35,4.38,1908870
2017-01-20,4.38,4.47,4.38,4.46,1186610
2017-01-23,4.44,4.49,4.43,4.43,1195100
2017-01-24,4.46,4.46,4.43,4.43,1167800
2017-01-25,4.43,4.49,4.43,4.47,907340
2017-02-02,4.49,4.51,4.46,4.51,1714550
2017-02-03,4.66,4.7,4.56,4.56,5400770
2017-02-06,4.59,4.66,4.56,4.66,4596640
2017-02-07,4.67,4.76,4.67,4.71,8714000
2017-02-08,4.73,4.73,4.68,4.71,3232800
2017-02-09,4.74,4.77,4.69,4.7,5763710
2017-02-10,4.69,4.74,4.68,4.68,4005140
2017-02-13,4.7,4.74,4.7,4.72,2291640
2017-02-14,4.75,4.8,4.73,4.76,4524800
2017-02-15,4.76,4.79,4.73,4.77,3767830
2017-02-16,4.79,4.79,4.72,4.72,4491020
2017-02-17,4.7,4.71,4.62,4.68,5439270
2017-02-20,4.52,4.53,4.39,4.43,13251990
2017-02-21,4.42,4.48,4.4,4.46,4324840
2017-02-22,4.46,4.47,4.22,4.24,7920920
2017-02-23,4.24,4.32,4.23,4.29,4527400
2017-02-24,4.28,4.3,4.23,4.27,2402300
2017-02-27,4.27,4.27,4.21,4.25,3949350
2017-02-28,4.28,4.3,4.22,4.22,2358760
2017-03-01,4.22,4.33,4.16,4.32,3802640
2017-03-02,4.34,4.44,4.32,4.43,7913230
2017-03-03,4.43,4.43,4.33,4.33,1779190
2017-03-06,4.33,4.38,4.31,4.35,2560640
2017-03-07,4.37,4.38,4.34,4.35,1917450
2017-03-08,4.35,4.36,4.34,4.35,2014690
2017-03-09,4.36,4.45,4.35,4.43,4294340
2017-03-10,4.43,4.54,4.43,4.44,6007990
2017-03-13,4.44,4.46,4.41,4.44,1984280
2017-03-14,4.46,4.46,4.43,4.44,1597180
2017-03-15,4.43,4.44,4.38,4.39,2582180
2017-03-16,4.41,4.42,4.4,4.41,988750
2017-03-17,4.42,4.45,4.36,4.36,4447530
2017-03-20,4.41,4.43,4.39,4.42,958720
2017-03-21,4.49,4.53,4.48,4.52,3582260
2017-03-22,4.54,4.55,4.47,4.48,2598780
2017-03-23,4.49,4.53,4.48,4.51,2599800
2017-03-24,4.54,4.55,4.51,4.54,2938830
2017-03-27,4.57,4.58,4.53,4.54,3248280
2017-03-28,4.54,4.56,4.5,4.53,2948930
2017-03-29,4.54,4.6,4.52,4.58,5883840
2017-03-30,4.72,4.81,4.67,4.74,8091460
2017-03-31,4.75,4.88,4.75,4.84,3390840
2017-04-03,4.86,5.07,4.85,5.06,4490760
2017-04-04,5.07,5.27,5.06,5.11,7700040
2017-04-05,5.07,5.08,4.97,4.98,4587810
2017-04-07,4.96,5.08,4.92,5.04,4327880
2017-04-10,5.07,5.08,5.0,5.06,4318150
2017-04-11,5.07,5.08,5.03,5.05,3139100
2017-04-12,5.04,5.04,4.97,5.0,4231190
2017-04-13,4.99,5.03,4.97,4.99,3009260
2017-04-14,4.95,4.98,4.83,4.89,3510790
2017-04-17,4.9,4.92,4.81,4.83,4472670
2017-04-18,4.85,4.86,4.76,4.79,5291790
2017-04-19,4.82,4.91,4.8,4.9,4167070
2017-04-20,4.9,4.91,4.82,4.82,2167010
2017-04-21,4.81,4.85,4.78,4.82,1963090
2017-04-24,4.83,4.84,4.73,4.76,2528340
2017-04-25,4.75,4.78,4.7,4.72,3193390
2017-04-26,4.7,4.7,4.54,4.62,4574520
2017-04-27,4.64,4.7,4.54,4.67,6407120
2017-04-28,4.62,4.66,4.62,4.66,7712150
2017-05-03,4.66,4.67,4.61,4.61,2315880
2017-05-04,4.62,4.66,4.61,4.62,2558020
2017-05-05,4.62,4.64,4.62,4.62,2495480
2017-05-08,4.62,4.64,4.61,4.62,3316640
2017-05-09,4.63,4.72,4.61,4.7,4265190
2017-05-10,4.75,4.79,4.73,4.75,3910870
2017-05-11,4.77,4.81,4.77,4.77,3986120
2017-05-12,4.77,4.78,4.67,4.7,3027090
2017-05-15,4.7,4.71,4.66,4.67,3426170
2017-05-16,4.67,4.68,4.59,4.59,5684020
2017-05-17,4.59,4.66,4.59,4.6,2510930
2017-05-18,4.59,4.62,4.51,4.51,3916890
2017-05-19,4.54,4.56,4.5,4.54,2576500
2017-05-22,4.54,4.64,4.54,4.58,2366700
2017-05-23,4.61,4.61,4.58,4.6,3362870
2017-05-24,4.59,4.66,4.58,4.65,3289470
2017-05-25,4.66,4.7,4.63,4.65,2081150
2017-05-26,4.64,4.66,4.61,4.62,1846100
2017-05-29,4.64,4.73,4.64,4.72,4611820
2017-05-30,4.73,4.73,4.65,4.65,3388780
2017-05-31,4.64,4.89,4.64,4.81,8341190
2017-06-01,4.86,4.86,4.77,4.8,3916570
2017-06-02,4.8,4.81,4.73,4.75,3559100
2017-06-05,4.75,4.79,4.73,4.74,4605780
2017-06-06,4.73,4.83,4.72,4.83,7122100
2017-06-07,4.85,4.99,4.85,4.97,8211260
2017-06-08,4.99,5.02,4.94,4.99,5384820
2017-06-09,4.98,5.02,4.96,4.98,3949410
2017-06-12,4.96,4.97,4.88,4.89,4399880
2017-06-13,4.88,4.97,4.87,4.97,3739790
2017-06-14,5.0,5.03,4.96,5.01,4805780
2017-06-15,5.01,5.16,5.01,5.13,11733730
2017-06-16,5.34,5.36,5.18,5.22,9519180
2017-06-19,5.24,5.26,5.14,5.16,4579560
2017-06-20,5.14,5.23,5.14,5.23,3360510
2017-06-21,5.21,5.21,5.13,5.18,3868940
2017-06-22,5.17,5.22,5.16,5.2,2123300
2017-06-23,5.21,5.21,5.16,5.21,3030110
2017-06-26,5.19,5.23,5.17,5.22,2511280
2017-06-27,5.22,5.22,5.18,5.18,2673780
2017-06-28,5.18,5.2,5.17,5.19,1958450
2017-06-29,5.18,5.32,5.18,5.27,4514140
2017-06-30,5.31,5.41,5.28,5.41,7332030
2017-07-03,5.41,5.75,5.41,5.58,7979110
2017-07-04,5.58,5.67,5.56,5.58,4802760
2017-07-05,5.62,5.62,5.53,5.56,3003200
2017-07-06,5.58,5.67,5.56,5.63,5624250
2017-07-07,5.67,5.67,5.57,5.58,5284990
2017-07-10,5.58,5.63,5.57,5.6,5380960
2017-07-11,5.62,5.62,5.45,5.56,5710870
2017-07-12,5.58,5.62,5.53,5.58,3529680
2017-07-13,5.59,5.68,5.56,5.68,2996090
2017-07-14,5.74,5.83,5.7,5.7,3809400
2017-07-17,5.71,5.71,5.5,5.56,5055550
2017-07-18,5.38,5.44,5.33,5.42,7643890
2017-07-19,5.42,5.47,5.38,5.38,3961970
2017-07-20,5.31,5.37,5.21,5.35,5852240
2017-07-21,5.34,5.36,5.29,5.31,4577090
2017-07-24,5.27,5.38,5.26,5.34,3045580
2017-07-25,5.32,5.45,5.32,5.41,2302570
2017-07-26,5.45,5.56,5.42,5.55,2780360
2017-07-27,5.56,5.56,5.48,5.49,1492240
2017-07-28,5.46,5.54,5.46,5.49,1550080
2017-07-31,5.43,5.48,5.39,5.46,3079000
2017-08-01,5.41,5.56,5.41,5.53,3792470
2017-08-02,5.5,5.52,5.45,5.46,2158020
2017-08-03,5.46,5.5,5.44,5.46,1338210
2017-08-04,5.45,5.46,5.4,5.41,1588200
2017-08-07,5.41,5.47,5.4,5.45,1487440
2017-08-08,5.47,5.49,5.45,5.46,1428790
2017-08-09,5.43,5.46,5.37,5.39,2387220
2017-08-10,5.38,5.41,5.37,5.41,1892780
2017-08-11,5.4,5.54,5.4,5.53,2919330
2017-08-14,5.53,5.75,5.52,5.75,6421140
2017-08-15,5.82,5.82,5.65,5.67,4397780
2017-08-16,5.67,5.79,5.63,5.79,7328470
2017-08-17,5.79,5.79,5.69,5.69,3100480
2017-08-18,5.67,5.75,5.64,5.71,3031150
2017-08-21,5.7,5.71,5.59,5.6,3275910
2017-08-22,5.56,5.66,5.55,5.62,2976640
2017-08-23,5.59,5.67,5.57,5.67,2082950
2017-08-24,5.63,5.73,5.63,5.7,3342600
2017-08-25,5.68,5.74,5.67,5.73,5658750
2017-08-28,5.75,5.82,5.73,5.82,5261300
2017-08-29,5.8,5.89,5.79,5.83,5137980
2017-08-30,5.83,5.92,5.83,5.89,3576470
2017-08-31,5.89,5.98,5.89,5.93,3918570
2017-09-01,5.93,5.95,5.89,5.94,2819890
2017-09-05,5.94,6.0,5.91,5.99,3246220
2017-09-06,5.99,6.09,5.99,6.09,6081580
2017-09-07,6.11,6.11,5.97,6.0,5304750
2017-09-08,6.0,6.1,5.96,6.08,4192570
2017-09-11,6.07,6.09,5.97,5.97,2957540
2017-09-12,5.97,6.0,5.9,6.0,3157390
2017-09-13,6.04,6.24,6.02,6.24,5917410
2017-09-14,6.26,6.31,6.17,6.21,2979310
2017-09-15,6.17,6.27,6.16,6.26,4240470
2017-09-18,6.31,6.43,6.3,6.37,4636200
2017-09-19,6.41,6.54,6.39,6.43,5115160
2017-09-20,6.44,6.46,6.38,6.41,3067330
2017-09-21,6.43,6.44,6.31,6.34,4301050
2017-09-22,6.33,6.46,6.32,6.38,3308050
2017-09-25,6.39,6.39,6.33,6.34,2046460
2017-09-26,6.33,6.36,6.27,6.33,3665880
2017-09-27,6.33,6.4,6.33,6.38,2014480
2017-09-28,6.39,6.46,6.38,6.39,2949080
2017-09-29,6.39,6.59,6.39,6.58,6091150
2017-10-02,6.59,6.62,6.54,6.6,4329510
2017-10-03,6.6,6.64,6.5,6.56,3500210
2017-10-04,6.58,6.71,6.55,6.71,2571530
2017-10-05,6.71,6.75,6.56,6.56,5341280
2017-10-06,6.56,6.63,6.51,6.57,3118160
2017-10-09,6.6,6.67,6.56,6.67,2179760
2017-10-10,6.67,6.71,6.66,6.71,1986910
2017-10-11,6.71,6.72,6.66,6.69,2924450
2017-10-12,6.7,6.77,6.65,6.68,6506920
2017-10-13,6.67,6.69,6.58,6.59,3480150
2017-10-16,6.6,6.6,6.39,6.43,5477600
2017-10-17,6.41,6.6,6.41,6.6,4209020
2017-10-18,6.6,6.65,6.46,6.5,3257880
2017-10-19,6.43,6.5,6.39,6.39,3847220
2017-10-20,6.39,6.42,6.24,6.33,5134390
2017-10-23,6.28,6.34,6.2,6.28,3548920
2017-10-24,6.33,6.34,6.27,6.34,2536880
2017-10-25,6.33,6.38,6.32,6.32,1865230
2017-10-26,6.32,6.32,6.21,6.26,2990890
2017-10-27,6.27,6.38,6.24,6.38,2307070
2017-10-30,6.39,6.39,6.22,6.22,3182530
2017-10-31,6.22,6.33,6.14,6.26,3596630
2017-11-01,6.22,6.24,6.03,6.04,5695800
2017-11-02,6.04,6.12,5.89,5.89,4642790
2017-11-03,5.92,6.12,5.89,6.12,3961010
2017-11-06,6.17,6.27,6.16,6.24,2911740
2017-11-07,6.26,6.26,6.19,6.24,2598200
2017-11-08,6.24,6.31,6.2,6.27,4626280
2017-11-09,6.29,6.3,6.25,6.27,2984290
2017-11-10,6.29,6.3,6.24,6.3,2695850
2017-11-13,6.3,6.3,6.14,6.2,2541840
2017-11-14,6.22,6.39,6.19,6.33,3223090
2017-11-15,6.34,6.58,6.33,6.55,5923670
2017-11-16,6.55,6.63,6.51,6.54,3823530
2017-11-17,6.53,6.55,6.42,6.46,2824720
2017-11-20,6.46,6.46,6.29,6.33,5032060
2017-11-21,6.34,6.43,6.33,6.35,4116150
2017-11-22,6.41,6.53,6.39,6.48,4017630
2017-11-23,6.53,6.55,6.39,6.46,5048680
2017-11-24,6.46,6.63,6.46,6.61,6380830
2017-11-27,6.63,6.67,6.59,6.64,5252070
2017-11-28,6.68,6.71,6.61,6.66,3685180
2017-11-29,6.65,6.66,6.6,6.65,3701540
2017-11-30,6.7,7.0,6.7,6.97,11457580
2017-12-01,6.96,7.05,6.93,7.02,4367480
2017-12-04,7.0,7.12,6.99,7.1,4425610
2017-12-05,7.1,7.15,7.04,7.04,5651430
2017-12-06,7.09,7.15,6.87,7.15,7172100
2017-12-07,7.15,7.15,7.04,7.1,3948820
2017-12-08,7.09,7.09,6.95,6.97,3524840
2017-12-11,6.87,6.94,6.8,6.8,3778630
2017-12-12,6.82,6.92,6.43,6.71,6905750
2017-12-13,6.83,6.83,6.71,6.82,4180040
2017-12-14,6.82,6.9,6.81,6.88,2181370
2017-12-15,6.93,7.1,6.93,7.05,5530560
2017-12-18,7.14,7.27,7.06,7.27,5984320
2017-12-19,7.34,7.49,7.3,7.37,7414140
2017-12-20,7.31,7.53,7.31,7.44,4347600
2017-12-21,7.39,7.65,7.39,7.46,6161690
2017-12-22,7.49,7.59,7.46,7.5,5883750
2017-12-25,7.5,7.52,7.41,7.42,2345650
2017-12-26,7.36,7.51,7.35,7.43,3717280
2017-12-27,7.43,7.71,7.43,7.68,7613290
2017-12-28,7.68,7.78,7.59,7.75,3305010
2017-12-29,7.77,7.93,7.76,7.92,5114380
2018-01-02,7.93,8.08,7.86,8.07,4105100
2018-01-03,8.12,8.2,8.0,8.05,4828220
2018-01-04,8.08,8.19,8.05,8.15,4640280
2018-01-05,8.14,8.19,8.06,8.12,3660450
2018-01-08,8.07,8.37,8.03,8.37,3702750
2018-01-09,8.42,8.95,8.41,8.95,5702180
2018-01-10,9.05,9.13,8.56,8.74,6231980
2018-01-11,8.71,8.78,8.52,8.74,5284530
2018-01-12,8.8,8.95,8.66,8.81,5393440
2018-01-15,8.78,9.24,8.73,9.24,3408260
2018-01-16,9.18,9.47,9.07,9.47,4328790
2018-01-17,9.37,9.51,9.07,9.07,5028580
2018-01-18,9.03,9.47,8.93,9.47,5542350
2018-01-19,9.47,10.13,9.4,10.1,7233090
2018-01-22,10.06,10.79,10.06,10.76,6662390
2018-01-23,10.76,10.76,10.76,10.76,0
2018-01-24,10.76,10.76,10.76,10.76,0
2018-01-25,10.98,10.99,10.32,10.4,13773130
2018-01-26,10.49,10.91,10.32,10.81,4998360
2018-01-29,10.91,10.99,10.4,10.4,5100130
2018-01-30,10.23,10.4,9.89,10.37,10291630
2018-01-31,10.37,10.79,10.32,10.54,5541660
2018-02-01,10.54,10.66,10.23,10.32,2813090
2018-02-02,10.32,10.39,10.1,10.33,3673050
2018-02-05,10.13,10.22,9.64,9.64,7317220
2018-02-06,8.98,10.05,8.98,9.81,14973300
2018-02-07,10.23,10.4,10.0,10.06,5682060
2018-02-08,10.06,10.28,9.95,10.1,4633450
2018-02-09,9.61,10.05,9.61,9.86,9028840
2018-02-12,9.86,10.1,9.79,9.95,6576890
2018-02-13,9.98,10.33,9.98,10.25,5281840
2018-02-21,10.4,10.45,10.1,10.15,8779720
2018-02-22,10.06,10.08,9.93,9.96,4928900
2018-02-23,9.98,10.49,9.95,10.42,10695740
2018-02-26,10.64,10.93,10.52,10.89,8761510
2018-02-27,10.98,10.98,10.72,10.84,7780430
2018-02-28,10.74,11.16,10.64,11.16,11050630
2018-03-01,11.15,11.47,10.99,11.28,6516250
2018-03-02,11.01,11.28,10.94,11.21,7746200
2018-03-05,11.2,11.21,10.44,10.44,18962710
2018-03-06,10.49,10.84,10.01,10.81,8543250
2018-03-07,10.4,10.81,10.23,10.33,6712590
2018-03-08,10.3,10.59,10.17,10.45,4777230
2018-03-09,10.49,10.55,10.35,10.4,4792550
2018-03-12,10.4,10.55,10.39,10.49,2965770
2018-03-13,10.47,10.49,10.35,10.4,2925900
2018-03-14,10.47,10.54,10.44,10.45,2654570
2018-03-15,10.4,10.4,10.22,10.25,4149230
2018-03-16,10.2,10.3,10.08,10.18,9631780
2018-03-19,10.32,10.81,10.32,10.67,5218860
2018-03-20,10.62,10.64,10.4,10.4,3422270
2018-03-21,10.42,10.72,10.42,10.66,4866590
2018-03-22,10.66,10.88,10.57,10.62,6581870
2018-03-23,10.23,10.49,10.23,10.39,5420930
2018-03-26,10.27,10.37,9.89,9.96,11065710
2018-03-27,9.91,10.13,9.91,10.05,5798310
2018-03-28,10.05,10.18,9.95,10.13,2410560
2018-03-29,10.15,10.35,10.11,10.28,3683450
2018-03-30,10.35,10.37,10.17,10.22,2577560
2018-04-02,10.23,10.25,9.98,9.98,6093790
2018-04-03,9.98,10.06,9.73,9.89,6349810
2018-04-04,9.98,10.03,9.89,9.98,2908600
2018-04-05,10.03,10.05,9.91,9.95,2089950
2018-04-06,9.93,10.22,9.89,10.22,4899110
2018-04-09,10.25,10.35,10.15,10.28,4479210
2018-04-10,10.28,10.33,10.17,10.28,4651830
2018-04-11,10.32,10.49,10.22,10.23,7191440
2018-04-12,10.18,10.47,10.13,10.44,4513010
2018-04-13,10.49,10.5,10.3,10.35,3273780
2018-04-16,10.23,10.32,10.17,10.17,2178130
2018-04-17,10.22,10.22,9.98,10.1,3369400
2018-04-18,10.13,10.18,9.98,9.98,2757790
2018-04-19,9.91,10.0,9.64,9.64,5118490
2018-04-20,9.64,9.95,9.51,9.95,3297740
2018-04-23,9.96,9.96,9.39,9.4,2822400
2018-04-24,9.39,9.62,9.3,9.47,3808590
2018-04-26,9.47,9.61,8.98,9.05,4650560
2018-04-27,9.05,9.13,8.76,9.1,5135100
2018-05-02,9.2,9.37,9.02,9.2,4197690
2018-05-03,9.18,9.22,9.03,9.18,5325700
2018-05-04,9.27,9.35,9.12,9.13,2599490
2018-05-07,9.2,9.47,9.12,9.47,3773870
2018-05-08,9.45,9.79,9.34,9.64,4689060
2018-05-09,9.61,9.73,9.49,9.64,2016460
2018-05-10,9.59,9.62,9.3,9.34,2628190
2018-05-11,9.24,9.44,9.22,9.42,2728770
2018-05-14,9.49,9.52,9.3,9.44,2798580
2018-05-15,9.45,9.51,9.34,9.37,2482800
2018-05-16,9.32,9.51,9.12,9.13,3144190
2018-05-17,9.13,9.17,8.93,8.96,4117510
2018-05-18,9.0,9.12,8.88,9.12,3743020
2018-05-21,9.22,9.24,9.0,9.0,2366300
2018-05-22,8.95,8.96,8.54,8.54,6301030
2018-05-23,8.51,8.8,8.51,8.74,3291430
2018-05-24,8.8,8.86,8.73,8.86,3650040
2018-05-25,8.86,9.02,8.76,8.81,5347460
2018-05-28,8.56,8.8,8.24,8.24,5307490
2018-05-29,8.24,8.81,8.24,8.8,4982880
2018-05-30,8.81,9.03,8.61,8.93,6303310
2018-05-31,8.95,9.49,8.93,9.49,9232180
2018-06-01,9.56,9.71,9.49,9.64,6643770
2018-06-04,9.79,10.15,9.69,10.15,5646190
2018-06-05,10.15,10.18,9.89,9.98,6122250
2018-06-06,10.01,10.32,9.89,10.28,6063330
2018-06-07,10.32,10.55,10.28,10.47,5446810
2018-06-08,10.49,10.49,10.35,10.37,3600330
2018-06-11,10.32,10.44,10.23,10.25,8041000
2018-06-12,10.49,10.49,9.87,10.06,10591380
2018-06-13,10.04,10.32,10.02,10.28,3666430
2018-06-14,10.37,10.53,10.08,10.09,6574380
2018-06-15,10.06,10.18,9.9,10.18,4820810
2018-06-18,10.11,10.11,9.52,9.52,7388100
2018-06-19,9.19,9.35,8.88,9.08,13163240
2018-06-20,9.23,9.47,8.95,9.47,5767930
2018-06-21,9.46,9.46,9.23,9.29,3879280
2018-06-22,9.23,9.7,9.19,9.7,7178290
2018-06-25,9.95,9.98,9.72,9.83,3464240
2018-06-26,9.61,9.74,9.47,9.73,2672780
2018-06-27,9.68,9.74,9.35,9.35,3374170
2018-06-28,9.19,9.42,9.14,9.2,4260340
2018-06-29,9.19,9.28,8.99,9.09,5171070
2018-07-02,9.0,9.12,8.76,9.09,6223040
2018-07-03,9.09,9.19,8.6,8.6,5823250
2018-07-04,8.71,8.87,8.57,8.79,3769000
2018-07-05,8.79,8.88,8.48,8.55,4246120
2018-07-06,8.54,8.95,8.34,8.71,5279160
2018-07-09,8.88,8.88,8.38,8.45,3847250
2018-07-10,8.41,8.55,8.41,8.41,3023470
2018-07-11,8.26,8.38,8.0,8.15,7028880
2018-07-12,7.89,8.09,7.86,7.99,3327390
2018-07-13,8.1,8.44,8.06,8.43,4729750
2018-07-16,8.55,8.58,8.37,8.41,3329260
2018-07-17,8.29,8.56,8.29,8.55,3378710
2018-07-18,8.6,8.84,8.55,8.81,6330670
2018-07-19,8.87,8.94,8.79,8.81,3514150
2018-07-20,8.71,8.76,8.58,8.69,4976130
2018-07-23,8.79,8.9,8.67,8.75,5595420
2018-07-24,8.74,8.75,8.31,8.38,12245700
2018-07-25,8.38,8.48,8.34,8.41,5722050
2018-07-26,8.41,8.64,8.38,8.64,8216850
2018-07-27,8.7,8.84,8.61,8.83,4810640
2018-07-30,8.9,8.95,8.74,8.77,6039970
2018-07-31,8.74,8.92,8.65,8.84,5772660
2018-08-01,8.86,9.03,8.83,8.9,6858830
2018-08-02,8.88,8.88,8.64,8.82,6073010
2018-08-03,8.88,8.89,8.6,8.6,5949600
2018-08-06,8.61,8.61,8.43,8.56,4646830
2018-08-07,8.56,8.56,8.48,8.56,4866190
2018-08-08,8.57,8.73,8.55,8.69,3433350
2018-08-09,8.74,8.81,8.64,8.65,4586550
2018-08-10,8.63,8.79,8.63,8.76,4206330
2018-08-13,8.74,9.08,8.69,9.07,11400140
2018-08-14,9.12,9.21,9.06,9.12,5313160
2018-08-15,9.12,9.18,8.83,8.88,4685310
2018-08-16,8.76,8.93,8.75,8.88,6993170
2018-08-17,8.97,9.05,8.87,8.93,3745240
2018-08-20,8.93,8.93,8.8,8.82,3542590
2018-08-21,8.79,8.88,8.77,8.88,3423060
2018-08-22,8.9,9.09,8.87,9.0,6056930
2018-08-23,8.97,9.08,8.97,9.02,3848180
2018-08-24,9.0,9.09,8.95,9.08,5677060
2018-08-27,9.14,9.31,9.12,9.22,5469600
2018-08-28,9.23,9.52,9.23,9.45,11013110
2018-08-29,9.47,9.63,9.38,9.38,6878210
2018-08-30,9.38,9.42,9.27,9.39,6445830
2018-08-31,9.42,9.55,9.38,9.46,6134410
2018-09-04,9.4,9.45,9.23,9.23,4474530
2018-09-05,9.19,9.29,9.12,9.14,4632970
2018-09-06,9.14,9.28,9.12,9.15,4485480
2018-09-07,9.14,9.42,9.14,9.4,5407420
2018-09-10,9.39,9.42,9.28,9.28,2575640
2018-09-11,9.25,9.52,9.25,9.47,6918510
2018-09-12,9.5,9.53,9.35,9.35,5608340
2018-09-13,9.4,9.53,9.35,9.41,4751230
2018-09-14,9.42,9.48,9.35,9.35,4652530
2018-09-17,9.31,9.39,9.27,9.34,2372700
2018-09-18,9.28,9.34,9.19,9.34,7281960
2018-09-19,9.42,9.45,9.38,9.39,4490210
2018-09-20,9.45,9.68,9.4,9.68,9974190
2018-09-21,9.71,9.8,9.63,9.78,14273500
2018-09-24,9.87,9.87,9.73,9.78,4430010
2018-09-25,9.71,9.8,9.67,9.77,4476220
2018-09-26,9.77,9.82,9.71,9.71,5014340
2018-09-27,9.76,9.85,9.73,9.84,5592570
2018-09-28,9.85,10.03,9.83,10.02,9618060
2018-10-01,10.02,10.17,9.96,10.04,6816120
2018-10-02,9.89,9.96,9.74,9.78,10602070
2018-10-03,9.71,9.85,9.71,9.78,4992960
2018-10-04,9.76,9.8,9.68,9.8,11906470
2018-10-05,9.8,9.92,9.76,9.82,6048270
2018-10-08,9.76,9.82,9.72,9.76,3740940
2018-10-09,9.83,9.83,9.71,9.71,3708340
2018-10-10,9.73,9.89,9.7,9.8,6742900
2018-10-11,9.5,9.61,9.31,9.45,15991110
2018-10-12,9.33,9.66,9.33,9.66,6596990
2018-10-15,9.64,9.64,9.52,9.55,4218380
2018-10-16,9.55,9.65,9.55,9.65,2908510
2018-10-17,9.76,9.77,9.67,9.71,5125430
2018-10-18,9.71,9.74,9.64,9.71,4084530
2018-10-19,9.64,9.72,9.57,9.65,4992750
2018-10-22,9.66,9.7,9.5,9.5,2565350
2018-10-23,9.46,9.46,9.21,9.35,10012340
2018-10-24,9.28,9.45,9.28,9.28,5213790
2018-10-25,9.0,9.27,8.96,9.23,7241940
2018-10-26,9.31,9.38,9.21,9.21,5147210
2018-10-29,9.15,9.21,9.14,9.2,4460930
2018-10-30,9.14,9.32,9.14,9.16,2685010
2018-10-31,9.26,9.53,9.25,9.53,4239400
2018-11-01,9.45,9.46,9.33,9.38,2241010
2018-11-02,9.47,9.51,9.42,9.47,3595700
2018-11-05,9.38,9.47,9.35,9.47,2233570
2018-11-06,9.5,9.51,9.38,9.38,1700170
2018-11-07,9.38,9.42,9.27,9.27,2813620
2018-11-08,9.44,9.44,9.21,9.21,2801350
2018-11-09,9.14,9.2,8.9,8.9,5710610
2018-11-12,8.9,8.94,8.8,8.89,2803560
2018-11-13,8.76,8.83,8.71,8.74,5403540
2018-11-14,8.73,8.73,8.35,8.48,8274360
2018-11-15,8.41,8.51,8.23,8.29,6829060
2018-11-16,8.41,8.45,8.3,8.34,2321900
2018-11-19,8.41,8.48,8.32,8.39,1664620
2018-11-20,8.43,8.68,8.38,8.64,5710000
2018-11-21,8.54,8.71,8.52,8.64,3805730
2018-11-22,8.67,8.7,8.48,8.48,2743490
2018-11-23,8.48,8.52,8.41,8.42,2056060
2018-11-26,8.43,8.57,8.42,8.43,2477200
2018-11-27,8.48,8.57,8.43,8.43,1896260
2018-11-28,8.45,8.49,8.28,8.34,4090120
2018-11-29,8.38,8.44,8.1,8.1,4059480
2018-11-30,8.05,8.05,7.86,7.86,7469210
2018-12-03,8.05,8.29,8.05,8.24,3769340
2018-12-04,8.29,8.34,8.11,8.19,4310860
2018-12-05,8.13,8.41,8.11,8.36,8092180
2018-12-06,8.31,8.38,8.17,8.19,4632240
2018-12-07,8.26,8.29,8.18,8.2,3363510
2018-12-10,8.17,8.19,7.97,7.99,5397970
2018-12-11,7.96,8.04,7.77,7.92,6978590
2018-12-12,7.93,7.99,7.81,7.96,3581530
2018-12-13,8.02,8.07,7.98,8.05,5480330
2018-12-14,8.04,8.04,7.91,7.93,3865790
2018-12-17,7.93,7.93,7.67,7.67,4480980
2018-12-18,7.51,7.59,7.26,7.36,8158460
2018-12-19,7.36,7.44,6.87,7.03,10969390
2018-12-20,7.01,7.14,6.94,7.09,6098080
2018-12-21,6.94,7.1,6.94,7.09,4460780
2018-12-24,7.09,7.22,7.09,7.22,3262070
2018-12-25,7.02,7.2,6.86,7.2,4800740
2018-12-26,7.2,7.2,7.04,7.17,3827010
2018-12-27,7.31,7.36,7.17,7.33,4873610
2018-12-28,7.29,7.33,7.22,7.33,7473800
2019-01-02,7.32,7.45,7.29,7.29,4196210
2019-01-03,7.28,7.32,6.99,6.99,6877510
2019-01-04,6.96,7.1,6.8,7.03,5841290
2019-01-07,7.17,7.19,6.9,6.95,2488920
2019-01-08,6.96,6.99,6.8,6.83,3150620
2019-01-09,6.87,7.06,6.87,6.99,1876020
2019-01-10,7.01,7.13,6.99,7.06,1783870
2019-01-11,7.06,7.08,6.95,6.95,2659370
2019-01-14,6.96,6.97,6.83,6.94,3226780
2019-01-15,6.94,7.01,6.9,6.94,2640430
2019-01-16,6.96,7.02,6.9,6.97,2981480
2019-01-17,6.97,6.97,6.84,6.84,1957850
2019-01-18,6.94,6.97,6.9,6.91,2120620
2019-01-21,6.94,7.04,6.91,7.0,1917140
2019-01-22,7.03,7.07,6.97,6.99,1665310
2019-01-23,6.96,7.2,6.95,7.12,3788700
2019-01-24,7.13,7.2,7.07,7.07,2387030
2019-01-25,7.1,7.13,7.0,7.03,1609890
2019-01-28,7.06,7.06,7.01,7.04,1711540
2019-01-29,7.07,7.07,6.99,7.03,1814550
2019-01-30,7.01,7.01,6.83,6.87,6765640
2019-01-31,6.87,6.9,6.54,6.56,7171640
2019-02-01,6.59,6.68,6.39,6.46,7100180
2019-02-11,6.55,6.84,6.54,6.84,2836470
2019-02-12,6.84,7.07,6.81,6.99,7952400
2019-02-13,6.99,7.36,6.99,7.32,11079510
2019-02-14,7.32,7.41,7.29,7.34,6455840
2019-02-15,7.34,7.7,7.29,7.48,9326200
2019-02-18,7.6,7.71,7.57,7.61,6374370
2019-02-19,7.68,7.7,7.49,7.51,5904440
2019-02-20,7.51,7.65,7.49,7.62,5878290
2019-02-21,7.65,7.74,7.55,7.74,6010110
2019-02-22,7.73,8.04,7.71,8.03,8269150
2019-02-25,8.16,8.42,8.1,8.24,11781980
2019-02-26,8.24,8.38,8.11,8.17,7383610
2019-02-27,8.28,8.28,8.09,8.15,4999180
2019-02-28,8.18,8.19,7.96,7.96,6952800
2019-03-01,7.96,8.11,7.96,8.11,4610790
2019-03-04,8.23,8.37,8.22,8.37,5020420
2019-03-05,8.31,8.43,8.28,8.3,5704900
2019-03-06,8.29,8.34,8.15,8.29,3373240
2019-03-07,8.29,8.3,8.07,8.07,4555440
2019-03-08,7.93,8.12,7.91,8.04,4654840
2019-03-11,8.1,8.1,7.96,8.0,4858680
2019-03-12,8.07,8.09,7.98,8.02,5262570
2019-03-13,8.05,8.13,8.03,8.13,3200950
2019-03-14,8.13,8.2,8.03,8.1,4362150
2019-03-15,7.81,7.84,7.54,7.55,17029640
2019-03-18,7.46,7.67,7.23,7.54,10578940
2019-03-19,7.53,7.57,7.36,7.55,7385900
2019-03-20,7.46,7.72,7.46,7.65,5625190
2019-03-21,7.65,7.68,7.57,7.58,2737980
2019-03-22,7.6,7.62,7.54,7.57,4192750
2019-03-25,7.36,7.49,7.36,7.44,3736290
2019-03-26,7.48,7.52,7.41,7.48,3515960
2019-03-27,7.55,7.66,7.49,7.66,2539450
2019-03-28,7.61,7.68,7.6,7.68,2513150
2019-03-29,7.71,7.74,7.55,7.62,6534270
2019-04-01,7.59,7.62,7.55,7.57,3670350
2019-04-02,7.62,7.64,7.57,7.6,1796860
2019-04-03,7.58,7.61,7.55,7.6,3775800
2019-04-04,7.61,7.67,7.58,7.67,2765210
2019-04-05,7.67,7.73,7.64,7.7,1836710
2019-04-08,7.7,7.73,7.65,7.67,1380890
2019-04-09,7.68,7.7,7.58,7.6,2884050
2019-04-10,7.58,7.59,7.49,7.57,2207380
2019-04-11,7.58,7.59,7.54,7.57,1516930
2019-04-12,7.57,7.59,7.54,7.59,1576930
2019-04-16,7.55,7.58,7.47,7.52,1546470
2019-04-17,7.52,7.54,7.46,7.48,1860340
2019-04-18,7.44,7.47,7.41,7.41,2388910
2019-04-19,7.42,7.51,7.42,7.48,1213930
2019-04-22,7.42,7.6,7.42,7.54,1823920
2019-04-23,7.58,7.58,7.54,7.55,1685950
2019-04-24,7.58,7.9,7.55,7.9,5801340
2019-04-25,7.93,7.97,7.81,7.84,4094750
2019-04-26,7.86,8.0,7.84,7.96,2820780
2019-05-02,7.98,8.05,7.89,8.05,3807620
2019-05-03,8.05,8.15,7.98,8.09,3495970
2019-05-06,7.91,8.0,7.86,7.92,4500050
2019-05-07,8.0,8.0,7.91,7.93,2820070
2019-05-08,7.87,7.89,7.81,7.85,2812600
2019-05-09,7.83,7.87,7.72,7.79,2112430
2019-05-10,7.84,7.86,7.72,7.78,1909270
2019-05-13,7.8,7.8,7.58,7.59,3810530
2019-05-14,7.51,7.67,7.51,7.67,1820770
2019-05-15,7.67,7.74,7.65,7.67,2537170
2019-05-16,7.68,7.74,7.65,7.65,1378610
2019-05-17,7.65,7.67,7.62,7.64,1491570
2019-05-20,7.64,7.83,7.64,7.77,2216410
2019-05-21,7.8,7.86,7.77,7.79,2147580
2019-05-22,7.81,7.91,7.79,7.81,2514350
2019-05-23,7.81,7.83,7.73,7.75,2533270
2019-05-24,7.7,7.73,7.61,7.61,3667800
2019-05-27,7.6,7.66,7.6,7.62,1699260
2019-05-28,7.7,7.7,7.59,7.59,2839040
2019-05-29,7.65,7.7,7.59,7.7,1660260
2019-05-30,7.7,7.7,7.57,7.58,4194290
2019-05-31,7.58,7.62,7.58,7.6,3394280
2019-06-03,7.59,7.6,7.44,7.46,12274790
2019-06-04,7.57,7.63,7.4,7.48,3337800
2019-06-05,7.51,7.6,7.3,7.33,2988710
2019-06-06,7.36,7.36,6.88,6.99,7082600
2019-06-07,7.08,7.17,7.03,7.06,5101320
2019-06-10,7.16,7.2,7.03,7.05,6567230
2019-06-11,7.08,7.14,6.99,7.08,4409100
2019-06-12,7.05,7.16,7.03,7.11,3132550
2019-06-13,7.2,7.2,7.05,7.08,2523260
2019-06-14,7.08,7.1,7.06,7.06,2068100
2019-06-17,7.06,7.08,6.91,6.91,3644160
2019-06-18,6.91,7.11,6.91,7.1,5058220
2019-06-19,7.22,7.34,7.17,7.34,8365940
2019-06-20,7.42,7.42,7.27,7.27,4370160
2019-06-21,7.36,7.36,7.27,7.3,4429070
2019-06-24,7.33,7.4,7.17,7.19,3089270
2019-06-25,7.14,7.2,7.08,7.11,3284860
2019-06-26,7.1,7.16,7.05,7.05,1906040
2019-06-27,7.05,7.06,6.94,6.94,3756880
2019-06-28,6.94,7.23,6.91,7.23,3923340
2019-07-01,7.14,7.17,7.02,7.08,3836540
2019-07-02,7.08,7.08,6.94,6.96,4776600
2019-07-03,6.96,6.97,6.8,6.82,6315440
2019-07-04,6.77,6.93,6.77,6.86,5056190
2019-07-05,6.86,6.91,6.82,6.86,3066930
2019-07-08,6.83,6.86,6.68,6.7,7429100
2019-07-09,6.71,6.76,6.57,6.57,6316400
2019-07-10,6.59,6.7,6.56,6.57,3745990
2019-07-11,6.59,6.66,6.59,6.63,3104040
2019-07-12,6.68,6.77,6.66,6.74,3366890
2019-07-15,6.77,6.77,6.6,6.6,3902390
2019-07-16,6.65,6.66,6.6,6.65,3475800
2019-07-17,6.66,6.66,6.56,6.57,5461170
2019-07-18,6.57,6.59,6.42,6.45,8482000
2019-07-19,6.46,6.53,6.28,6.34,11182000
2019-07-22,6.34,6.53,6.25,6.39,6886080
2019-07-23,6.4,6.7,6.4,6.68,9013000
2019-07-24,6.68,6.71,6.59,6.63,3697610
2019-07-25,6.62,6.9,6.62,6.9,9473450
2019-07-26,6.96,7.1,6.91,6.94,9789570
2019-07-29,6.94,6.94,6.7,6.8,6954310
2019-07-30,6.8,6.83,6.62,6.62,6111110
2019-07-31,6.59,6.94,6.56,6.94,6538340
2019-08-01,6.93,7.0,6.85,6.96,5949030
2019-08-02,6.83,6.94,6.8,6.91,7142250
2019-08-05,6.88,6.93,6.77,6.82,6163970
2019-08-06,6.63,6.77,6.63,6.7,5651180
2019-08-07,6.74,6.82,6.71,6.8,3485020
2019-08-08,6.82,7.17,6.82,7.17,11123430
2019-08-09,7.2,7.23,7.08,7.11,3683200
2019-08-12,7.11,7.34,7.11,7.27,8127360
2019-08-13,7.17,7.36,7.17,7.22,6419220
2019-08-14,7.33,7.33,7.2,7.22,3871400
2019-08-15,7.08,7.16,7.02,7.16,6880640
2019-08-16,7.16,7.19,7.05,7.1,8856190
2019-08-19,7.08,7.17,7.06,7.1,2540900
2019-08-20,7.1,7.17,7.0,7.05,4790700
2019-08-21,7.05,7.16,7.02,7.14,4819580
2019-08-22,7.17,7.19,7.08,7.1,3314500
2019-08-23,7.16,7.22,7.11,7.2,5386570
2019-08-26,7.11,7.13,6.99,7.02,5677560
2019-08-27,7.08,7.1,6.9,6.9,8995460
2019-08-28,6.9,6.93,6.8,6.85,4335410
2019-08-29,6.85,6.85,6.77,6.82,4942140
2019-08-30,6.82,6.91,6.79,6.83,3329430
2019-09-03,6.83,6.86,6.66,6.66,5373060
2019-09-04,6.62,6.71,6.62,6.65,5849460
2019-09-05,6.66,6.76,6.65,6.68,2479020
2019-09-06,6.71,6.74,6.59,6.59,4205690
2019-09-09,6.62,6.63,6.53,6.53,3551180
2019-09-10,6.53,6.57,6.5,6.56,3449940
2019-09-11,6.56,6.79,6.54,6.79,4701010
2019-09-12,6.82,6.96,6.82,6.94,5565420
2019-09-13,6.93,6.97,6.9,6.96,4664730
2019-09-16,6.91,6.97,6.85,6.97,5400470
2019-09-17,6.97,6.99,6.9,6.99,3597090
2019-09-18,6.99,7.1,6.96,7.08,6151170
2019-09-19,7.08,7.1,6.99,7.06,3407530
2019-09-20,7.06,7.06,6.94,6.97,5099340
2019-09-23,6.96,6.96,6.77,6.77,5357440
2019-09-24,6.76,6.82,6.73,6.82,1984900
2019-09-25,6.8,6.8,6.7,6.74,3962320
2019-09-26,6.77,6.85,6.68,6.85,3332860
2019-09-27,6.85,6.91,6.82,6.82,3189980
2019-09-30,6.83,6.85,6.76,6.76,3421220
2019-10-01,6.76,6.83,6.73,6.74,4063670
2019-10-02,6.77,6.79,6.68,6.7,4362700
2019-10-03,6.68,6.68,6.6,6.63,4558270
2019-10-04,6.65,6.68,6.56,6.57,4775630
2019-10-07,6.57,6.62,6.53,6.56,3320870
2019-10-08,6.59,6.74,6.54,6.74,3977030
2019-10-09,6.74,6.74,6.68,6.74,3081260
2019-10-10,6.74,6.8,6.62,6.62,3934250
2019-10-11,6.65,6.68,6.59,6.62,4148140
2019-10-14,6.68,6.68,6.6,6.6,2957400
2019-10-15,6.62,6.68,6.57,6.57,3612960
2019-10-16,6.59,6.62,6.56,6.56,2621160
2019-10-17,6.56,6.66,6.56,6.59,4831150
2019-10-18,6.63,6.63,6.56,6.59,2289250
2019-10-21,6.59,6.6,6.53,6.53,3170430
2019-10-22,6.53,6.66,6.53,6.65,4095850
2019-10-23,6.65,6.8,6.65,6.73,6895670
2019-10-24,6.74,6.8,6.73,6.77,5143080
2019-10-25,6.77,6.77,6.7,6.71,2378380
2019-10-28,6.71,6.86,6.66,6.83,7281100
2019-10-29,6.83,6.91,6.8,6.83,5344070
2019-10-30,6.85,6.85,6.77,6.77,3066190
2019-10-31,6.77,6.79,6.68,6.71,5768030
2019-11-01,6.74,6.8,6.71,6.74,4059500
2019-11-04,6.8,6.83,6.68,6.7,6038610
2019-11-05,6.71,6.82,6.7,6.74,5517760
2019-11-06,6.77,6.82,6.76,6.77,4525660
2019-11-07,6.82,7.0,6.8,6.99,13242680
2019-11-08,6.99,7.02,6.93,6.99,5281950
2019-11-11,6.96,7.11,6.96,7.02,8000180
2019-11-12,7.0,7.11,6.94,7.08,6553550
2019-11-13,7.11,7.13,6.97,6.97,6513310
2019-11-14,6.97,7.03,6.93,6.97,5526590
2019-11-15,6.97,7.02,6.94,6.97,3431350
2019-11-18,6.99,7.08,6.99,7.05,3835760
2019-11-19,7.06,7.06,6.99,7.02,4169110
2019-11-20,7.02,7.02,6.85,6.9,6959150
2019-11-21,6.86,6.88,6.77,6.77,7500750
2019-11-22,6.83,6.88,6.77,6.8,5765620
2019-11-25,6.82,6.88,6.77,6.85,4233870
2019-11-26,6.88,7.02,6.88,6.97,5487610
2019-11-27,7.0,7.02,6.94,6.96,3524960
2019-11-28,6.96,6.99,6.91,6.96,3754940
2019-11-29,6.96,7.06,6.91,7.03,6338320
2019-12-02,7.03,7.14,7.03,7.06,9096550
2019-12-03,7.06,7.3,6.99,7.22,9332060
2019-12-04,7.2,7.27,7.19,7.22,4913700
2019-12-05,7.19,7.22,7.1,7.11,5182270
2019-12-06,7.11,7.36,7.11,7.34,7127130
2019-12-09,7.34,7.53,7.34,7.45,7902140
2019-12-10,7.45,7.56,7.42,7.51,10161370
2019-12-11,7.48,7.51,7.36,7.51,5402830
2019-12-12,7.48,7.51,7.42,7.45,4152040
2019-12-13,7.45,7.54,7.33,7.33,9476390
2019-12-16,7.33,7.36,7.25,7.31,5120410
2019-12-17,7.31,7.34,7.05,7.13,9866630
2019-12-18,7.13,7.13,6.93,6.94,7586700
2019-12-19,6.94,7.11,6.94,7.02,5752800
2019-12-20,7.06,7.16,7.02,7.08,5415140
2019-12-23,7.13,7.23,7.06,7.1,4009100
2019-12-24,7.1,7.17,7.06,7.14,3219640
2019-12-25,7.14,7.2,7.13,7.13,2378750
2019-12-26,7.17,7.17,7.08,7.08,3007690
2019-12-27,7.08,7.25,7.03,7.25,4181570
2019-12-30,7.28,7.34,7.23,7.28,2937980
2019-12-31,7.28,7.3,7.19,7.23,2876730
2020-01-02,7.23,7.39,7.19,7.39,4232230
2020-01-03,7.45,7.5,7.4,7.43,7832210
2020-01-06,7.39,7.47,7.34,7.39,5371060
2020-01-07,7.42,7.45,7.27,7.3,4871220
2020-01-08,7.23,7.28,7.13,7.22,6421130
2020-01-09,7.27,7.43,7.27,7.39,4613440
2020-01-10,7.42,7.56,7.4,7.45,10006180
2020-01-13,7.45,7.51,7.42,7.47,4456520
2020-01-14,7.47,7.71,7.45,7.7,9565300
2020-01-15,7.71,7.8,7.67,7.74,5881520
2020-01-16,7.7,7.8,7.68,7.79,6855030
2020-01-17,7.79,7.9,7.67,7.7,6329150
2020-01-20,7.7,7.85,7.6,7.85,5711790
2020-01-21,7.93,8.0,7.87,7.96,5911660
2020-01-22,7.96,8.13,7.96,8.1,8919900
2020-01-30,7.87,7.97,7.68,7.79,13028790
2020-01-31,7.7,7.79,7.42,7.42,10994970
2020-02-03,7.17,7.63,6.99,7.56,12079180
2020-02-04,7.59,7.63,7.42,7.57,8086090
2020-02-05,7.65,7.7,7.45,7.53,6938550
2020-02-06,7.51,7.76,7.48,7.76,9214150
2020-02-07,7.76,7.79,7.45,7.5,8120240
2020-02-10,7.39,7.59,7.37,7.5,4794830
2020-02-11,7.53,7.57,7.22,7.27,12551620
2020-02-12,7.23,7.43,7.22,7.33,9581940
2020-02-13,7.31,7.36,7.27,7.3,5263180
2020-02-14,7.27,7.31,7.19,7.3,5052290
2020-02-17,7.3,7.34,7.27,7.31,2716840
2020-02-18,7.34,7.34,7.17,7.17,7456030
2020-02-19,7.17,7.22,7.11,7.16,5481650
2020-02-20,7.22,7.31,7.16,7.31,5225250
2020-02-21,7.31,7.33,7.23,7.25,4513960
2020-02-24,7.0,7.13,6.99,6.99,12938030
2020-02-25,6.96,7.11,6.96,7.11,5303830
2020-02-26,7.0,7.08,6.99,7.0,4502880
2020-02-27,6.99,7.1,6.99,7.06,3318240
2020-02-28,6.94,7.02,6.85,6.88,6583970
2020-03-02,6.83,6.93,6.83,6.86,3957540
2020-03-03,7.02,7.02,6.86,6.86,4411940
2020-03-04,6.9,6.96,6.88,6.88,2946050
2020-03-05,6.96,6.97,6.88,6.88,2594810
2020-03-06,6.88,6.91,6.85,6.9,3035470
2020-03-09,6.42,6.63,6.42,6.42,16567350
2020-03-10,6.31,6.7,6.31,6.66,8137980
2020-03-11,6.68,6.71,6.2,6.33,8527920
2020-03-12,6.02,6.1,5.9,5.93,13041040
2020-03-13,5.56,6.06,5.53,5.86,12836580
2020-03-16,5.91,6.11,5.83,5.88,9283920
2020-03-17,5.73,5.94,5.73,5.91,6053400
2020-03-18,5.97,6.19,5.96,6.06,10396530
2020-03-19,5.97,6.0,5.82,5.9,7773200
2020-03-20,5.93,5.94,5.73,5.73,13401260
2020-03-23,5.36,5.54,5.33,5.33,12947170
2020-03-24,5.23,5.34,5.13,5.26,13831390
2020-03-25,5.5,5.5,5.36,5.48,7758210
2020-03-26,5.4,5.42,5.2,5.22,8514960
2020-03-27,5.2,5.23,4.86,4.99,13442640
2020-03-30,4.71,5.14,4.69,5.03,10870540
2020-03-31,5.03,5.34,4.69,5.19,11163440
2020-04-01,5.14,5.39,5.13,5.31,4859650
2020-04-03,5.31,5.45,5.29,5.43,6503290
2020-04-06,5.59,5.8,5.51,5.8,10207240
2020-04-07,5.86,5.88,5.62,5.85,7655220
2020-04-08,5.66,5.79,5.63,5.76,5106690
2020-04-09,5.79,5.85,5.71,5.71,7134720
2020-04-10,5.7,5.85,5.63,5.79,5558450
2020-04-13,5.79,6.0,5.76,5.96,9039420
2020-04-14,5.94,6.14,5.91,6.14,8744760
2020-04-15,6.16,6.25,6.14,6.19,5960450
2020-04-16,6.14,6.28,6.08,6.23,6665670
2020-04-17,6.23,6.4,6.22,6.37,8818780
2020-04-20,6.46,6.62,6.33,6.53,9422860
2020-04-21,6.39,6.54,6.2,6.22,11934810
2020-04-22,6.31,6.56,6.25,6.4,11038450
2020-04-23,6.56,6.76,6.56,6.65,8345940
2020-04-24,6.68,6.83,6.56,6.8,8301090
2020-04-27,6.85,6.96,6.73,6.76,6636160
2020-04-28,6.77,6.8,6.54,6.59,7687010
2020-04-29,6.59,6.68,6.46,6.62,7447050
2020-05-04,6.62,6.63,6.46,6.46,4834580
2020-05-05,6.59,6.66,6.56,6.59,5894530
2020-05-06,6.63,6.83,6.62,6.83,7620940
2020-05-07,6.86,7.27,6.86,7.27,14733250
2020-05-08,7.33,7.43,7.2,7.2,12484610
2020-05-11,7.3,7.42,7.17,7.37,7220240
2020-05-12,7.28,7.36,7.2,7.28,10527620
2020-05-13,7.22,7.45,7.17,7.42,9608210
2020-05-14,7.33,7.42,7.3,7.37,6517150
2020-05-15,7.37,7.4,7.2,7.23,7931980
2020-05-18,7.53,7.73,7.39,7.73,13491620
2020-05-19,8.13,8.27,8.02,8.05,18842950
2020-05-20,8.0,8.19,7.9,8.14,11584470
2020-05-21,8.11,8.17,8.03,8.16,11213810
2020-05-22,8.11,8.45,8.08,8.39,16252810
2020-05-25,8.47,8.56,8.36,8.4,11168880
2020-05-26,8.42,8.74,8.4,8.74,11503490
2020-05-27,8.8,8.8,8.37,8.37,19779140
2020-05-28,8.47,8.5,8.28,8.37,14486370
2020-05-29,8.4,8.53,8.31,8.43,12580390
2020-06-01,8.56,8.56,8.45,8.51,8022890
2020-06-02,8.56,8.56,8.3,8.33,11489000
2020-06-03,8.33,8.37,8.19,8.3,12018120
2020-06-04,8.31,8.43,8.19,8.19,13488200
2020-06-05,8.16,8.4,8.07,8.33,13532060
2020-06-08,8.47,8.65,8.4,8.53,17144920
2020-06-09,8.6,8.62,8.3,8.34,18693450
2020-06-10,8.31,8.43,8.2,8.31,9871400
2020-06-11,8.27,8.36,7.85,7.85,22873160
2020-06-12,7.54,8.16,7.54,8.16,18881260
2020-06-15,8.1,8.16,7.8,7.82,11332840
2020-06-16,8.0,8.13,7.9,8.07,9024610
2020-06-17,8.07,8.14,7.97,8.08,7066110
2020-06-18,7.99,8.27,7.96,8.25,9055090
2020-06-19,8.31,8.42,8.31,8.42,10532760
2020-06-22,8.4,8.56,8.3,8.4,9729970
2020-06-23,8.4,8.53,8.23,8.31,11382760
2020-06-24,8.31,8.42,8.25,8.31,6516760
2020-06-25,8.22,8.56,8.17,8.4,24410040
2020-06-26,8.43,8.5,8.31,8.37,9363870
2020-06-29,8.31,8.31,8.08,8.2,12378070
2020-06-30,8.25,8.43,8.17,8.25,14826230
2020-07-01,8.31,8.47,8.28,8.43,10843030
2020-07-02,8.45,8.54,8.43,8.5,13000820
2020-07-03,8.53,8.54,8.43,8.47,8111500
2020-07-06,8.53,8.54,8.45,8.5,9764620
2020-07-07,8.54,8.9,8.53,8.73,28048770
2020-07-08,8.67,8.76,8.59,8.63,9155900
2020-07-09,8.65,8.71,8.6,8.67,7588480
2020-07-10,8.62,8.7,8.5,8.54,14457460
2020-07-13,8.48,8.57,8.39,8.51,14702360
2020-07-14,8.45,8.6,8.43,8.59,5757320
2020-07-15,8.68,8.74,8.63,8.63,6561150
2020-07-16,8.68,8.9,8.6,8.8,17916710
2020-07-17,8.84,8.85,8.79,8.79,6759400
2020-07-20,8.79,8.84,8.62,8.62,11602590
2020-07-21,8.65,8.7,8.56,8.65,11724470
2020-07-22,8.71,8.74,8.6,8.65,7461530
2020-07-23,8.65,8.68,8.53,8.68,10177170
2020-07-24,8.62,8.63,8.1,8.27,21288480
2020-07-27,8.02,8.36,7.94,7.99,18389440
2020-07-28,8.16,8.47,8.07,8.42,14119250
2020-07-29,8.39,8.58,7.96,8.18,18544880
2020-07-30,8.24,8.39,8.22,8.32,11357060
2020-07-31,8.07,8.3,8.07,8.17,7656240
2020-08-03,8.18,8.65,8.17,8.62,16896050
2020-08-04,8.73,8.77,8.58,8.65,11086090
2020-08-05,8.65,9.16,8.62,9.07,25912970
2020-08-06,9.07,9.18,8.96,9.05,13744810
2020-08-07,9.03,9.14,9.01,9.11,12162410
2020-08-10,9.2,9.31,9.14,9.14,14144220
2020-08-11,9.2,9.24,9.07,9.13,9675910
2020-08-12,9.14,9.22,9.07,9.14,8827420
2020-08-13,9.22,9.26,9.14,9.22,7562850
2020-08-14,9.22,9.26,8.99,9.07,15356070
2020-08-17,9.05,9.14,9.01,9.14,8428450
2020-08-18,9.18,9.18,9.07,9.09,5130610
2020-08-19,9.11,9.18,9.07,9.13,9266940
2020-08-20,9.13,9.16,9.03,9.07,9685120
2020-08-21,9.07,9.18,9.05,9.16,8930990
2020-08-24,9.24,9.39,9.18,9.33,13933710
2020-08-25,9.37,9.43,9.24,9.24,10722520
2020-08-26,9.22,9.24,9.11,9.11,16327190
2020-08-27,9.11,9.16,9.07,9.14,8801320
2020-08-28,9.22,9.22,9.13,9.14,11603550
2020-08-31,9.11,9.33,9.11,9.24,13334160
2020-09-01,9.24,9.39,9.2,9.33,16754410
2020-09-03,9.41,9.48,9.37,9.41,14553930
2020-09-04,9.28,9.44,9.28,9.39,18820560
2020-09-07,9.41,9.44,9.22,9.22,14336100
2020-09-08,9.26,9.29,9.2,9.28,12260110
2020-09-09,9.18,9.39,9.16,9.22,19632380
2020-09-10,9.29,9.35,9.22,9.24,12106250
2020-09-11,9.24,9.28,9.2,9.2,11672440
2020-09-14,9.22,9.31,9.22,9.26,12723310
2020-09-15,9.31,9.39,9.28,9.29,8859250
2020-09-16,9.31,9.33,9.26,9.29,6887240
2020-09-17,9.31,9.6,9.29,9.56,26759480
2020-09-18,9.61,9.67,9.6,9.67,12475700
2020-09-21,9.75,9.76,9.63,9.67,11631470
2020-09-22,9.6,9.67,9.56,9.61,15285880
2020-09-23,9.65,9.75,9.61,9.71,12589480
2020-09-24,9.67,9.75,9.6,9.65,12435190
2020-09-25,9.71,9.71,9.6,9.69,10094210
2020-09-28,9.71,9.93,9.67,9.93,17573130
2020-09-29,9.95,10.08,9.92,9.92,18456820
2020-09-30,9.92,9.99,9.82,9.93,12985480
2020-10-01,9.99,10.24,9.97,10.16,17161730
2020-10-02,10.18,10.25,9.78,10.05,20213120
2020-10-05,10.1,10.31,10.1,10.29,12791350
2020-10-06,10.35,10.63,10.24,10.63,23609700
2020-10-07,10.57,10.65,10.46,10.46,14752610
2020-10-08,10.52,10.57,10.42,10.57,18239670
2020-10-09,10.61,10.8,10.54,10.72,9464850
2020-10-12,10.78,10.82,10.55,10.63,12258740
2020-10-13,10.61,10.63,10.5,10.54,10665790
2020-10-14,10.52,10.67,10.46,10.67,14240330
2020-10-15,11.29,11.29,10.93,10.93,30525160
2020-10-16,10.99,11.1,10.89,10.95,17319070
2020-10-19,10.97,11.01,10.86,10.87,10939140
2020-10-20,10.8,11.04,10.8,11.04,13319200
2020-10-21,11.08,11.14,10.91,10.95,10669590
2020-10-22,10.91,11.14,10.87,11.14,13072020
2020-10-23,11.21,11.63,11.16,11.63,29534980
2020-10-26,11.66,12.04,11.55,11.59,20357350
2020-10-27,11.53,11.93,11.5,11.82,25281540
2020-10-28,11.74,11.91,11.36,11.44,25663180
2020-10-29,11.27,11.57,11.27,11.51,20778840
2020-10-30,11.59,11.63,11.25,11.5,19039190
2020-11-02,11.5,11.55,11.42,11.51,10385290
2020-11-03,11.66,11.78,11.5,11.55,17521020
2020-11-04,11.55,11.66,11.42,11.53,18293400
2020-11-05,11.53,11.57,11.38,11.38,11598310
2020-11-06,11.4,11.55,11.36,11.44,13410500
2020-11-09,11.59,11.85,11.55,11.85,18314360
2020-11-10,12.06,12.12,11.78,11.78,20645160
2020-11-11,11.8,11.89,11.72,11.78,14564290
2020-11-12,11.8,11.85,11.76,11.83,9803730
2020-11-13,11.85,12.02,11.83,12.02,12161630
2020-11-16,12.15,12.32,12.0,12.14,25538500
2020-11-17,12.23,12.55,12.19,12.55,16228900
2020-11-18,12.64,13.02,12.55,13.02,22115200
2020-11-19,13.02,13.36,12.96,13.25,26533130
2020-11-20,13.26,13.43,13.15,13.43,18141040
2020-11-23,13.43,14.24,13.36,14.11,23681540
2020-11-24,14.19,14.49,13.66,14.11,48936510
2020-11-25,13.85,13.89,13.25,13.4,55697460
2020-11-26,13.21,13.32,12.91,13.21,33163400
2020-11-27,13.17,13.7,13.17,13.64,16027210
2020-11-30,13.66,13.7,13.36,13.36,17459270
2020-12-01,13.13,13.4,13.0,13.4,21802760
2020-12-02,13.4,13.41,13.21,13.28,14643640
2020-12-03,13.36,13.87,13.28,13.87,22511210
2020-12-04,13.94,14.02,13.81,13.9,17767110
2020-12-07,13.94,14.45,13.87,14.37,24400300
2020-12-08,14.37,14.6,14.3,14.45,20333880
2020-12-09,14.49,14.52,14.34,14.49,15264400
2020-12-10,14.49,14.52,14.0,14.15,30402770
2020-12-11,14.3,14.6,14.19,14.6,16641080
2020-12-14,14.81,14.86,14.66,14.77,14483540
2020-12-15,14.71,14.73,14.49,14.52,19581910
2020-12-16,14.6,14.81,14.49,14.6,17322370
2020-12-17,14.45,14.54,14.17,14.17,30645570
2020-12-18,14.34,14.58,14.26,14.52,19956910
2020-12-21,14.68,14.69,14.43,14.51,15789770
2020-12-22,14.51,14.84,14.41,14.81,26050910
2020-12-23,14.84,15.5,14.83,15.05,28097610
2020-12-24,15.28,15.35,14.52,15.03,18507480
2020-12-25,15.05,15.37,14.86,15.33,22667520
2020-12-28,15.73,15.79,15.43,15.63,21024800
2020-12-29,15.52,15.75,15.45,15.65,13443950
2020-12-30,15.65,15.65,15.33,15.39,21907500
2020-12-31,15.39,15.71,15.32,15.6,11867640
2021-01-04,15.79,16.18,15.67,15.92,15832600
2021-01-05,15.73,16.11,15.69,15.94,18634100
2021-01-06,15.99,16.29,15.92,16.11,17948600
2021-01-07,16.24,16.26,15.9,16.11,21780700
2021-01-08,16.14,16.29,16.03,16.09,19978500
2021-01-11,16.22,16.29,16.03,16.2,16645100
2021-01-12,16.26,16.9,16.14,16.9,22738800
2021-01-13,17.05,17.1,16.71,16.82,16131800
2021-01-14,16.82,16.82,16.5,16.73,17527000
2021-01-15,16.73,16.95,16.67,16.74,14788300
2021-01-18,16.74,16.88,16.65,16.78,18112900
2021-01-19,16.74,16.78,15.62,15.65,25778200
2021-01-20,15.8,16.16,15.05,15.69,37915600
2021-01-21,16.12,16.63,15.73,16.63,20829700
2021-01-22,16.67,16.82,16.39,16.43,14798600
2021-01-25,16.27,17.1,16.22,16.44,33091200
2021-01-26,16.41,16.41,15.65,15.92,24099500
2021-01-27,15.58,15.95,14.86,15.16,28056100
2021-01-28,14.15,14.69,14.11,14.11,49934800
2021-01-29,13.92,15.03,13.92,14.73,40248000
2021-02-01,14.68,15.0,14.37,14.43,21323900
2021-02-02,14.49,15.24,14.39,15.24,28541100
2021-02-03,15.5,15.94,15.43,15.8,34839600
2021-02-04,15.8,15.88,15.63,15.73,22252900
2021-02-05,15.79,16.07,15.69,15.99,23371200
2021-02-08,15.95,16.03,15.05,15.39,32918400
2021-02-09,15.39,15.77,15.22,15.73,26164800
2021-02-17,15.97,16.35,15.92,16.35,24253200
2021-02-18,16.33,16.56,16.16,16.5,21343800
2021-02-19,16.29,16.52,16.22,16.35,17007500
2021-02-22,16.37,16.71,16.18,16.33,21362500
2021-02-23,16.26,16.46,16.16,16.29,17921700
2021-02-24,16.43,16.71,16.29,16.41,27282600
2021-02-25,16.52,16.71,16.43,16.61,21931700
2021-02-26,16.44,17.2,16.41,17.16,40928500
2021-03-01,17.42,17.42,17.23,17.38,21998200
2021-03-02,17.61,17.72,17.38,17.57,23670800
2021-03-03,17.52,17.7,17.5,17.61,22262900
2021-03-04,17.65,17.65,16.93,17.27,27962100
2021-03-05,17.18,17.35,16.97,17.31,21396800
2021-03-08,17.54,17.65,17.31,17.42,17777700
2021-03-09,17.31,17.38,16.95,17.25,16289800
2021-03-10,17.23,17.25,16.99,17.16,15772500
2021-03-11,17.27,17.55,17.23,17.46,15569400
2021-03-12,17.54,17.54,17.38,17.48,12153700
2021-03-15,17.54,17.65,17.46,17.5,11905100
2021-03-16,17.54,17.54,17.23,17.35,14097300
2021-03-17,17.37,17.48,17.33,17.42,12191800
2021-03-18,17.57,17.59,17.44,17.54,11166600
2021-03-19,17.54,17.85,17.54,17.74,18392100
2021-03-22,17.8,17.85,17.57,17.59,11047900
2021-03-23,17.55,17.72,17.46,17.54,12487200
2021-03-24,17.33,17.44,16.97,17.1,23653500
2021-03-25,17.2,17.22,16.86,16.93,19929000
2021-03-26,17.12,17.38,16.95,17.38,28109800
2021-03-29,17.5,17.54,17.37,17.42,13251900
2021-03-30,17.5,17.59,17.35,17.48,13333800
2021-03-31,17.48,17.82,17.44,17.61,16323700
2021-04-01,17.7,18.25,17.67,18.25,27681900
2021-04-02,18.34,18.55,18.29,18.46,16678500
2021-04-05,18.63,18.66,18.42,18.55,15377800
2021-04-06,18.55,18.65,18.48,18.59,14033300
2021-04-07,18.59,18.66,18.4,18.61,14407800
2021-04-08,18.63,18.66,18.44,18.57,11970000
2021-04-09,18.55,18.78,18.46,18.65,15623400
2021-04-12,18.78,19.38,18.72,19.27,27010400
2021-04-13,19.38,19.38,18.85,18.85,26956900
2021-04-14,18.85,20.06,18.78,19.94,28753300
2021-04-15,20.13,20.58,19.76,20.51,32078100
2021-04-16,20.36,20.96,20.13,20.55,28433700
2021-04-19,20.77,21.75,20.58,21.75,34808100
2021-04-20,21.82,22.05,21.07,21.52,37829300
2021-04-22,21.3,21.79,20.7,20.7,33049800
2021-04-23,20.88,21.22,20.62,21.22,28493500
2021-04-26,21.26,21.3,20.7,20.73,25156400
2021-04-27,20.73,21.22,20.47,21.19,21294400
2021-04-28,21.19,21.26,20.88,21.07,15619100
2021-04-29,21.26,22.09,21.22,21.86,27877700
2021-05-04,21.56,22.73,21.45,22.5,32996000
2021-05-05,22.58,22.69,22.31,22.31,24468200
2021-05-06,22.31,22.69,22.13,22.35,21609700
2021-05-07,22.31,23.14,22.24,22.88,29552700
2021-05-10,22.92,23.82,22.88,23.71,28160100
2021-05-11,23.82,23.82,23.33,23.33,29565200
2021-05-12,23.18,23.59,23.07,23.59,29316300
2021-05-13,23.48,23.71,23.14,23.14,24654400
2021-05-14,23.33,23.52,22.95,23.1,31815400
2021-05-17,23.1,23.48,22.8,23.29,34004200
2021-05-18,23.52,23.97,23.52,23.86,39146300
2021-05-19,24.08,25.1,23.89,24.87,28407500
2021-05-20,24.91,25.1,24.65,25.06,21552100
2021-05-21,24.87,24.99,24.61,24.68,22951900
2021-05-24,24.68,24.87,24.46,24.61,23592200
2021-05-25,24.61,25.51,24.53,25.36,22689000
2021-05-26,25.36,25.51,25.29,25.51,15485000
2021-05-27,25.47,25.51,24.91,25.14,19165200
2021-05-28,25.25,25.32,24.91,25.25,30138100
2021-05-31,26.97,26.97,26.51,26.97,60309100
2021-06-01,27.95,28.82,27.64,28.41,33413400
2021-06-02,28.15,28.41,27.13,27.64,40000100
2021-06-03,27.64,27.95,27.13,27.79,36969900
2021-06-04,27.89,28.3,27.79,27.89,31679400
2021-06-07,27.95,28.15,26.61,26.97,34653300
2021-06-08,26.77,27.08,25.59,25.59,38486300
2021-06-09,25.54,26.31,25.08,25.74,40956800
2021-06-10,26.1,26.92,25.59,26.41,29312900
2021-06-11,26.67,27.23,26.41,27.18,29030300
2021-06-14,27.38,27.79,27.02,27.43,28587500
2021-06-15,27.13,27.43,26.97,27.23,21707700
2021-06-16,27.08,27.13,26.36,26.51,28929200
2021-06-17,26.05,26.56,26.05,26.31,20215900
2021-06-18,26.56,27.28,26.31,26.67,28992700
2021-06-21,26.67,26.87,26.21,26.21,22610800
2021-06-22,26.26,26.82,26.21,26.46,18459100
2021-06-23,26.41,26.56,26.15,26.31,18559200
2021-06-24,26.31,26.46,25.85,25.9,19985600
2021-06-25,25.95,26.21,25.49,25.95,26191200
2021-06-28,26.26,26.87,26.0,26.82,39158500
2021-06-29,26.87,26.92,26.46,26.51,19830300
2021-06-30,26.51,26.72,26.31,26.36,18899100
2021-07-01,26.46,27.08,26.41,27.02,39670000
2021-07-02,27.13,27.33,26.72,26.77,30058700
2021-07-05,26.77,26.77,26.0,26.21,37065500
2021-07-06,26.15,26.72,24.57,24.57,48216300
2021-07-07,25.08,25.54,24.49,25.54,40552700
2021-07-08,25.54,25.64,24.87,25.08,30632700
2021-07-09,24.82,25.13,23.54,24.21,46892600
2021-07-12,23.9,24.0,22.52,23.01,75500300
2021-07-13,23.29,23.54,22.8,23.29,25498600
2021-07-14,23.49,23.54,22.7,23.03,27431000
2021-07-15,22.83,23.98,22.83,23.8,28546500
2021-07-16,23.9,24.29,23.8,23.93,22253900
2021-07-19,23.36,23.49,22.52,22.67,39426100
2021-07-20,23.03,24.21,22.75,24.21,40965600
2021-07-21,24.31,24.46,23.85,23.93,21335700
2021-07-22,23.9,24.41,23.7,24.16,21494600
2021-07-23,23.95,24.06,23.44,23.44,28904400
2021-07-26,23.29,23.59,22.85,23.34,23485200
2021-07-27,23.54,23.95,23.39,23.65,18206300
2021-07-28,23.7,24.11,23.65,23.9,21215200
2021-07-29,24.03,24.41,23.95,24.11,32783300
2021-07-30,24.11,24.36,24.11,24.21,23016300
2021-08-02,24.11,24.52,24.0,24.18,24207000
2021-08-03,24.21,24.39,23.93,24.18,28297300
2021-08-04,24.34,24.57,24.18,24.31,24329100
2021-08-05,24.29,25.08,24.23,24.98,29704100
2021-08-06,24.87,25.13,24.72,24.77,20101800
2021-08-09,24.62,25.44,24.54,25.44,30419600
2021-08-10,25.64,25.85,25.13,25.28,23318400
2021-08-11,25.49,25.49,25.05,25.05,21895900
2021-08-12,25.03,25.08,24.77,24.77,21547600
2021-08-13,24.77,24.93,24.41,24.9,25809500
2021-08-16,25.08,25.34,25.05,25.31,22222700
2021-08-17,25.41,26.05,25.39,25.8,45483400
2021-08-18,25.85,26.05,25.54,25.8,20163600
2021-08-19,25.9,26.26,25.8,26.05,27506300
2021-08-20,26.0,26.1,24.67,25.08,49333500
2021-08-23,25.08,25.08,24.31,24.31,32825800
2021-08-24,24.36,24.7,24.31,24.44,21929400
2021-08-25,24.54,24.82,24.26,24.77,16402800
2021-08-26,24.87,24.87,24.34,24.41,13857800
2021-08-27,24.31,24.49,23.93,24.36,24491000
2021-08-30,24.57,24.95,24.39,24.93,17004600
2021-08-31,25.08,25.44,24.98,25.23,25872600
2021-09-01,25.08,25.36,25.03,25.18,15066500
2021-09-06,25.34,26.31,25.28,26.21,48098900
2021-09-07,26.41,26.61,25.9,25.95,31246800
2021-09-08,25.95,26.56,25.8,26.26,33040000
2021-09-09,26.41,26.82,26.36,26.56,36718200
2021-09-10,26.61,26.72,26.31,26.36,17217900
2021-09-13,26.36,26.36,25.95,26.0,27227400
2021-09-14,26.0,26.1,25.69,25.74,22432900
2021-09-15,25.64,26.61,25.54,26.41,25908900
2021-09-16,26.61,26.77,26.26,26.26,17982000
2021-09-17,26.31,26.61,26.26,26.51,24548600
2021-09-20,26.82,26.82,26.05,26.26,32328300
2021-09-21,25.9,26.21,25.69,26.0,28847000
2021-09-22,26.0,26.15,25.9,26.05,13143800
2021-09-23,26.26,26.56,26.05,26.1,17773400
2021-09-24,26.1,26.46,25.95,26.0,15884400
2021-09-27,26.31,26.61,26.0,26.0,28469400
2021-09-28,25.9,26.97,25.9,26.92,35611100
2021-09-29,26.97,27.43,26.92,27.28,34898800
2021-09-30,27.48,27.48,27.02,27.08,23148500
2021-10-01,27.08,27.48,26.97,27.33,30478300
2021-10-04,27.59,28.61,27.59,28.41,45357500
2021-10-05,28.41,28.61,28.2,28.3,26571500
2021-10-06,28.56,28.82,28.35,28.71,26766100
2021-10-07,28.87,29.02,28.41,28.46,26772300
2021-10-08,28.56,28.76,28.25,28.51,21693600
2021-10-11,28.71,29.33,28.51,29.28,25548600
2021-10-12,29.33,29.48,29.07,29.17,18107600
2021-10-13,29.17,29.38,28.92,29.07,15582700
2021-10-14,29.07,29.38,29.02,29.07,19279700
2021-10-15,29.33,29.53,29.17,29.33,18520000
2021-10-18,29.48,29.89,29.43,29.63,20737100
2021-10-19,29.48,29.69,29.22,29.28,23720900
2021-10-20,29.38,29.43,28.56,29.12,34660900
2021-10-21,29.28,29.79,28.97,29.28,39192300
2021-10-22,29.38,29.58,29.02,29.02,19849100
2021-10-25,28.92,29.02,28.2,28.2,41605900
2021-10-26,28.05,28.82,27.74,28.82,27910500
2021-10-27,28.82,29.63,28.82,29.63,28938100
2021-10-28,29.63,29.79,29.33,29.69,21923800
2021-10-29,29.69,29.74,29.22,29.22,23878000
2021-11-01,29.22,29.22,28.51,28.51,45218500
2021-11-02,28.41,28.87,28.25,28.41,25669500
2021-11-03,28.76,28.82,28.3,28.46,29867100
2021-11-04,28.46,29.12,28.46,28.82,14849100
2021-11-05,28.82,29.17,28.51,28.97,19377600
2021-11-08,29.12,29.17,28.76,29.07,21255400
2021-11-09,29.07,29.48,28.87,28.92,24717300
2021-11-10,28.92,28.97,28.25,28.3,43376600
2021-11-11,28.15,28.3,27.43,27.64,54292800
2021-11-12,27.59,28.05,27.54,27.95,20846900
2021-11-15,27.89,27.95,27.28,27.43,30647000
2021-11-16,27.28,27.43,26.61,26.61,39777000
2021-11-17,26.61,26.92,26.31,26.31,30002700
2021-11-18,26.31,26.31,25.39,25.57,58606300
2021-11-19,25.39,25.44,24.52,24.57,48471400
2021-11-22,24.67,25.18,24.57,24.9,22630400
2021-11-23,25.03,25.49,24.87,25.36,15649600
2021-11-24,25.34,25.44,24.82,24.9,27126800
2021-11-25,24.93,25.26,24.93,25.21,21763400
2021-11-26,25.23,25.57,25.08,25.1,26729700
2021-11-29,24.67,25.03,24.67,24.77,21801500
2021-11-30,25.05,25.57,24.82,25.05,22176200
2021-12-01,25.34,25.34,25.03,25.08,13823900
2021-12-02,25.18,25.21,24.87,24.87,12832300
2021-12-03,24.98,25.16,24.41,24.41,21682500
2021-12-06,24.31,24.54,23.29,23.42,34633900
2021-12-07,23.77,24.36,23.54,24.36,21935200
2021-12-08,24.52,24.52,24.08,24.16,11108800
2021-12-09,24.0,24.21,23.95,24.11,10320400
2021-12-10,24.08,24.16,23.75,23.8,19427400
2021-12-13,23.83,24.13,23.7,23.83,14309600
2021-12-14,23.83,25.13,23.65,24.41,35676800
2021-12-15,24.57,24.87,24.41,24.46,9045500
2021-12-16,24.62,24.62,24.21,24.31,11030000
2021-12-17,24.23,24.34,23.85,23.9,22015600
2021-12-20,23.9,24.23,23.8,24.0,9986400
2021-12-21,24.0,24.03,23.59,23.59,17094400
2021-12-22,23.7,23.8,23.08,23.08,24665900
2021-12-23,23.08,23.08,22.57,23.01,26674000
2021-12-24,23.19,23.88,23.16,23.57,19168600
2021-12-27,23.83,23.85,23.31,23.49,10675000
2021-12-28,23.49,23.9,23.34,23.44,12356700
2021-12-29,23.44,23.7,23.29,23.44,15118200
2021-12-30,23.7,23.7,23.39,23.39,10285000
2021-12-31,23.54,23.88,23.47,23.75,13781200
2022-01-04,23.95,24.16,23.85,23.93,20100700
2022-01-05,24.0,24.23,23.95,23.95,18760700
2022-01-06,23.8,23.9,23.59,23.59,17172700
2022-01-07,23.59,23.65,23.36,23.44,16335300
2022-01-10,23.47,23.88,23.29,23.36,17477500
2022-01-11,23.57,23.57,23.08,23.08,12758500
2022-01-12,23.13,23.67,23.11,23.65,14686700
2022-01-13,23.7,24.21,23.65,23.9,24990100
2022-01-14,23.8,23.98,23.65,23.67,7902000
2022-01-17,23.67,23.8,22.88,22.88,21661200
2022-01-18,22.78,23.16,22.01,22.52,21441900
2022-01-19,22.72,22.8,22.24,22.26,17705400
2022-01-20,22.42,22.62,22.16,22.52,14665400
2022-01-21,22.52,22.75,22.06,22.16,16277300
2022-01-24,22.06,22.11,20.83,20.83,29425200
2022-01-25,20.73,22.16,20.58,22.14,17887600
2022-01-26,22.26,22.75,22.24,22.24,15205400
2022-01-27,22.11,22.26,21.5,21.57,14700800
2022-01-28,21.62,21.91,21.34,21.6,14941600
2022-02-07,21.91,22.37,21.39,22.03,16609600
2022-02-08,22.01,23.31,22.01,23.31,26528800
2022-02-09,23.44,24.72,23.39,24.21,40297200
2022-02-10,24.26,24.52,23.9,24.06,23598200
2022-02-11,23.85,24.31,23.7,24.13,17343300
2022-02-14,23.8,24.31,23.62,23.65,18246700
2022-02-15,23.65,23.83,23.24,23.54,15564400
2022-02-16,23.59,23.8,23.34,23.54,9350300
2022-02-17,23.54,23.93,23.54,23.8,11353300
2022-02-18,23.65,24.39,23.57,24.08,21375700
2022-02-21,24.11,24.31,23.83,23.88,12177300
2022-02-22,23.7,23.85,23.39,23.75,17669600
2022-02-23,23.88,24.16,23.67,23.9,12981100
2022-02-24,23.93,23.98,23.08,23.54,22445800
2022-02-25,23.59,23.72,23.49,23.49,12775700
2022-02-28,23.57,24.46,23.57,24.16,35200100
2022-03-01,24.41,24.62,23.98,24.0,23374000
2022-03-02,24.06,24.23,23.85,24.0,19896100
2022-03-03,24.36,25.64,24.21,25.64,76236800
2022-03-04,26.1,26.26,25.49,25.49,33378900
2022-03-07,25.69,26.87,25.59,26.15,38456100
2022-03-08,25.9,26.21,25.31,25.31,40509400
2022-03-09,25.59,25.74,25.0,25.51,34775200
2022-03-10,25.59,25.64,25.13,25.16,26828300
2022-03-11,25.18,25.23,23.98,24.36,44340200
2022-03-14,24.21,24.67,23.44,23.44,33845300
2022-03-15,23.52,23.9,23.26,23.62,20864200
2022-03-16,24.0,24.13,23.65,23.65,11418800
2022-03-17,23.85,23.9,23.49,23.52,14957700
2022-03-18,23.65,23.98,23.57,23.8,17727600
2022-03-21,23.9,24.16,23.75,23.98,19313200
2022-03-22,24.0,24.03,23.7,24.0,22965400
2022-03-23,24.16,24.29,23.95,23.95,17291200
2022-03-24,24.06,24.06,23.72,23.75,14927500
2022-03-25,23.83,24.03,23.65,23.75,13444600
2022-03-28,23.59,23.98,23.44,23.49,19505200
2022-03-29,23.65,23.67,23.44,23.47,12986000
2022-03-30,23.44,23.75,23.24,23.29,15726700
2022-03-31,23.36,23.52,22.93,23.08,18892300
2022-04-01,23.03,23.54,22.78,23.39,19701900
2022-04-04,23.54,23.7,23.42,23.47,12156300
2022-04-05,23.54,23.75,23.52,23.59,12124200
2022-04-06,23.54,24.54,23.54,24.18,29707400
2022-04-07,24.31,24.36,23.83,23.83,14512900
2022-04-08,23.93,24.08,23.72,23.75,13738800
2022-04-12,23.8,23.8,23.06,23.08,18233500
2022-04-13,23.19,23.26,22.88,23.13,12712600
2022-04-14,23.19,23.31,22.98,22.98,12038800
2022-04-15,22.98,23.03,22.6,22.62,18378500
2022-04-18,22.55,22.8,21.83,21.83,23186000
2022-04-19,22.01,22.47,21.96,22.16,19054800
2022-04-20,22.26,22.52,22.06,22.11,13236800
2022-04-21,22.01,22.57,21.55,22.19,17812100
2022-04-22,22.52,22.55,21.68,22.42,12698000
2022-04-25,22.42,22.42,20.86,20.86,29055100
2022-04-26,20.55,21.19,20.27,21.09,23280100
2022-04-27,21.09,21.96,21.04,21.75,18780400
2022-04-28,21.75,22.24,21.75,22.06,13611800
2022-04-29,21.96,22.21,21.93,22.16,12347800
2022-05-04,22.16,22.16,21.5,21.5,14901300
2022-05-05,21.8,21.8,21.24,21.52,13817300
2022-05-06,21.19,22.01,21.19,21.39,15010600
2022-05-09,21.24,21.45,20.45,20.45,26283600
2022-05-10,20.22,21.04,19.81,21.04,19440000
2022-05-11,20.98,21.14,20.75,20.81,9559800
2022-05-12,20.78,20.81,19.58,19.58,25252600
2022-05-13,19.53,19.73,18.3,18.37,42997700
2022-05-16,18.96,19.19,18.58,18.58,29389700
2022-05-17,18.53,19.55,18.43,19.55,23415100
2022-05-18,19.65,19.81,19.37,19.55,16073200
2022-05-19,19.09,19.5,18.86,19.4,16040000
2022-05-20,19.3,19.35,19.07,19.27,13929400
2022-05-23,19.42,19.55,18.58,18.81,10178900
2022-05-24,18.81,18.94,17.5,17.86,42201300
2022-05-25,17.66,17.89,16.92,17.63,39418000
2022-05-26,17.91,18.22,17.68,17.91,16225800
2022-05-27,17.91,18.37,17.81,18.14,17591900
2022-05-30,18.17,18.35,18.07,18.14,15054500
2022-05-31,18.09,18.09,17.66,17.76,18840200
2022-06-01,17.66,17.81,17.3,17.58,21644600
2022-06-02,17.4,17.56,16.92,16.97,25380600
2022-06-03,17.04,17.4,17.02,17.09,14709900
2022-06-06,17.48,17.53,16.94,17.04,17769400
2022-06-07,17.04,17.17,16.71,16.99,19376400
2022-06-08,17.04,17.12,16.76,16.84,24841800
2022-06-09,16.84,17.68,16.76,17.3,26979900
2022-06-10,17.3,17.53,17.2,17.2,15182300
2022-06-13,16.89,17.15,16.22,16.28,21236000
2022-06-14,16.12,16.15,15.46,15.51,28438400
2022-06-15,15.41,15.82,14.77,15.05,28702400
2022-06-16,15.43,16.05,15.3,15.87,33385900
2022-06-17,15.86,15.89,14.84,15.69,30237200
2022-06-20,15.39,15.55,14.61,14.61,37272900
2022-06-21,14.44,14.54,13.86,14.07,39935100
2022-06-22,14.1,14.88,14.1,14.54,21442500
2022-06-23,14.54,14.78,14.54,14.74,6926200
2022-06-24,14.78,15.22,14.68,14.74,12828800
2022-06-27,14.88,15.49,14.44,15.49,20739600
2022-06-28,15.45,15.45,15.05,15.22,17838300
2022-06-29,15.08,15.66,14.95,15.39,20190300
2022-06-30,15.49,15.83,15.08,15.08,19950600
2022-07-01,15.08,15.28,14.57,15.15,15200000
2022-07-04,15.32,15.32,14.88,14.88,12443200
2022-07-05,14.95,15.12,14.71,14.81,15093400
2022-07-06,14.68,15.05,14.41,14.51,18233600
2022-07-07,14.51,14.71,14.47,14.71,10828000
2022-07-08,14.88,15.25,14.88,15.18,19504900
2022-07-11,15.15,15.32,14.84,14.91,12476400
2022-07-12,14.91,15.22,14.84,15.08,12146500
2022-07-13,15.01,15.42,14.98,15.08,17855700
2022-07-14,15.01,15.15,14.95,15.01,12520300
2022-07-15,15.12,15.89,15.12,15.69,47697200
2022-07-18,15.69,15.76,15.22,15.28,19929000
2022-07-19,15.22,15.28,14.95,14.98,16276900
2022-07-20,15.12,15.39,15.08,15.12,16893100
2022-07-21,15.12,15.55,15.08,15.35,23043400
2022-07-22,15.35,15.42,15.01,15.01,16642200
2022-07-25,15.01,15.08,14.74,14.81,20722100
2022-07-26,14.74,14.88,14.61,14.64,26378200
2022-07-27,14.51,14.54,14.24,14.37,28601000
2022-07-28,14.54,14.68,14.37,14.47,23510500
2022-07-29,14.61,14.84,14.54,14.54,20587600
2022-08-01,14.68,15.45,14.61,15.42,38143900
2022-08-02,15.49,15.66,15.35,15.49,27729900
2022-08-03,15.35,16.13,15.28,16.06,58846000
2022-08-04,16.16,16.2,15.89,15.99,30031900
2022-08-05,15.83,15.99,15.66,15.76,42516600
2022-08-08,15.83,16.16,15.76,15.96,30365700
2022-08-09,16.16,16.43,15.99,16.3,48222600
2022-08-10,16.23,16.5,16.1,16.1,30124400
2022-08-11,16.26,16.33,15.76,15.83,34352700
2022-08-12,15.76,16.26,15.72,16.2,33797300
2022-08-15,16.3,16.37,16.1,16.23,31513400
2022-08-16,16.23,16.7,16.23,16.6,65490300
2022-08-17,16.64,16.67,16.33,16.43,27443900
2022-08-18,16.3,16.47,16.26,16.33,23215100
2022-08-19,16.3,16.4,15.99,16.06,31457200
2022-08-22,15.99,16.06,15.66,15.79,23798700
2022-08-23,15.62,15.99,15.62,15.99,16687400
2022-08-24,15.99,16.06,15.89,15.89,12125400
2022-08-25,16.06,16.26,15.96,16.13,18259100
2022-08-26,16.23,16.23,15.89,15.89,16469800
2022-08-29,15.59,15.72,15.32,15.55,32468000
2022-08-30,15.62,15.76,15.52,15.59,15309700
2022-08-31,15.55,15.66,15.39,15.55,14977400
2022-09-05,15.59,16.3,15.59,16.16,26282100
2022-09-06,16.23,16.37,15.93,15.93,15332900
2022-09-07,15.93,16.1,15.55,15.55,25025500
2022-09-08,15.69,15.86,15.49,15.62,20365500
2022-09-09,15.79,16.1,15.62,16.1,26048100
2022-09-12,16.16,16.43,16.1,16.1,26248107
2022-09-13,16.06,16.23,15.89,16.03,14724638
2022-09-14,15.72,16.1,15.72,16.03,27075092
2022-09-15,16.16,16.16,15.86,15.96,13756661
2022-09-16,15.83,15.96,15.55,15.55,27529890
2022-09-19,15.62,15.72,15.18,15.32,27500020
2022-09-20,15.42,15.55,15.28,15.55,11527796
2022-09-21,15.49,15.52,15.35,15.49,9926454
2022-09-22,15.35,15.62,15.32,15.55,11608395
2022-09-23,15.59,15.69,15.35,15.35,14606561
2022-09-26,15.18,15.28,14.78,15.15,25891001
2022-09-27,15.18,15.22,14.95,15.15,9019898
2022-09-28,15.01,15.18,14.61,14.74,14080348
2022-09-29,14.98,15.08,14.64,14.64,10339728
2022-09-30,14.54,14.64,14.0,14.34,23383484
2022-10-03,14.34,14.34,13.36,13.36,33589693
2022-10-04,13.59,13.69,12.61,12.75,30526975
2022-10-05,12.98,13.09,12.75,12.98,25327759
2022-10-06,13.05,13.05,12.17,12.17,37483856
2022-10-07,11.94,12.04,11.53,11.9,36491332
2022-10-10,11.7,12.58,11.63,12.41,25072982
2022-10-11,12.44,12.44,11.73,11.84,26460836
2022-10-12,12.04,12.65,11.84,12.65,29014564
2022-10-13,12.71,13.26,12.55,13.19,24208372
2022-10-14,13.36,13.46,13.05,13.15,22599552
2022-10-17,13.02,13.09,12.78,13.02,17068516
2022-10-18,13.19,13.32,12.65,12.75,24397390
2022-10-19,12.75,12.75,12.41,12.44,20245221
2022-10-20,12.41,12.58,12.21,12.24,26040071
2022-10-21,12.38,12.38,11.43,11.43,45174370
2022-10-24,11.5,11.53,10.96,11.09,27988297
2022-10-25,11.09,11.84,10.85,11.56,31124038
2022-10-26,11.5,11.77,11.4,11.43,11251019
2022-10-27,11.46,11.9,11.43,11.77,21375048
2022-10-28,11.77,11.94,11.36,11.36,31215964
2022-10-31,10.58,10.82,10.58,10.58,66338365
2022-11-01,10.65,10.82,10.01,10.14,81584646
2022-11-02,10.14,10.62,10.14,10.38,40136638
2022-11-03,10.31,10.45,10.21,10.28,20641482
2022-11-04,10.14,10.25,9.81,9.91,43904752
2022-11-07,9.84,10.01,9.27,9.27,38281291
2022-11-08,8.86,9.27,8.79,8.89,46290133
2022-11-09,8.93,9.2,8.76,8.79,32797759
2022-11-10,8.59,8.66,8.18,8.18,79765322
2022-11-11,8.32,8.56,8.12,8.32,60729517
2022-11-14,8.22,8.42,8.01,8.25,60282566
2022-11-15,8.12,8.49,8.12,8.45,40430769
2022-11-16,8.32,9.03,7.98,9.03,34920301
2022-11-17,9.4,9.64,9.33,9.64,21525349
2022-11-18,9.87,10.28,9.64,10.21,99679984
2022-11-21,10.28,10.31,9.98,10.11,31615926
2022-11-22,9.91,10.45,9.77,10.01,43262031
2022-11-23,9.94,10.04,9.33,9.33,30314308
2022-11-24,9.27,9.74,9.2,9.7,31123292
2022-11-25,9.87,10.35,9.7,10.35,26543478
2022-11-28,10.55,11.06,10.55,11.06,58865341
2022-11-29,11.23,11.8,11.06,11.77,64328337
2022-11-30,11.87,12.44,11.63,12.44,57742021
2022-12-01,12.68,13.29,12.17,12.31,66616642
2022-12-02,12.17,13.15,12.04,13.15,45705713
2022-12-05,13.39,13.8,13.19,13.53,46538699
2022-12-06,13.46,13.49,12.58,12.58,62798971
2022-12-07,12.17,12.95,11.97,12.34,34635127
2022-12-08,12.78,13.09,12.51,12.78,29957563
2022-12-09,12.78,13.15,12.51,12.98,34560392
2022-12-12,12.98,13.22,12.58,12.58,35845597
2022-12-13,12.58,12.85,12.34,12.85,24353126
2022-12-14,13.09,13.26,12.85,12.98,34297808
2022-12-15,12.92,13.29,12.92,13.09,20990952
2022-12-16,12.98,13.83,12.82,13.8,55405137
2022-12-19,13.93,14.37,13.53,13.53,48060180
2022-12-20,13.39,13.59,12.68,12.85,45566363
2022-12-21,13.12,13.15,12.24,12.78,27712966
2022-12-22,12.92,13.26,12.65,12.78,18972258
2022-12-23,12.75,12.78,12.24,12.41,24819632
2022-12-26,12.38,12.38,11.56,11.56,31382368
2022-12-27,11.56,12.34,11.56,12.34,23661449
2022-12-28,12.44,12.51,12.14,12.31,14317232
2022-12-29,12.38,12.51,12.07,12.17,17428880
2022-12-30,12.24,12.48,12.11,12.17,14457954
2023-01-03,12.38,13.02,12.31,13.02,28002477
2023-01-04,13.15,13.39,13.05,13.12,20238379
2023-01-05,13.12,13.53,12.95,13.39,21514174
2023-01-06,13.32,13.59,12.98,13.12,19639432
2023-01-09,13.39,13.59,13.19,13.26,16192400
2023-01-10,13.26,13.59,12.98,13.39,26862967
2023-01-11,13.53,13.9,13.46,13.66,25723037
2023-01-12,13.59,13.69,13.46,13.56,20179348
2023-01-13,13.69,13.76,13.46,13.49,19181562
2023-01-16,13.53,13.97,13.49,13.69,22332412
2023-01-17,13.83,14.64,13.83,14.64,41612075
2023-01-18,14.88,14.91,14.57,14.68,25861024
2023-01-19,14.61,14.78,14.1,14.3,43951678
2023-01-27,14.2,14.57,14.1,14.54,26536613
2023-01-30,14.68,15.01,14.44,14.71,42356101
2023-01-31,14.81,14.95,14.68,14.95,28117407
2023-02-01,15.01,15.32,14.2,14.27,51921554
2023-02-02,14.34,14.68,14.27,14.41,25396828
2023-02-03,14.51,14.57,14.2,14.27,20963608
2023-02-06,14.27,14.3,13.9,14.3,22290665
2023-02-07,14.3,14.34,13.32,13.36,43400365
2023-02-08,13.36,14.27,13.36,14.1,33822546
2023-02-09,14.2,14.37,13.93,13.93,16349782
2023-02-10,14.0,14.07,13.63,13.86,15835857
2023-02-13,13.8,13.8,13.36,13.66,18750139
2023-02-14,13.73,14.13,13.69,13.93,17300348
2023-02-15,13.93,14.24,13.69,14.07,20082870
2023-02-16,14.17,14.47,13.93,14.41,23923522
2023-02-17,14.41,14.44,14.2,14.2,12294342
2023-02-20,14.2,14.81,14.2,14.81,24755857
2023-02-21,14.91,15.08,14.61,14.61,20653398
2023-02-22,14.47,14.95,14.34,14.34,32644751
2023-02-23,14.3,14.54,13.8,14.54,33600491
2023-02-24,14.54,14.54,13.97,14.07,14604476
2023-02-27,13.8,13.9,13.49,13.59,31325056
2023-02-28,13.83,13.86,13.46,13.53,15225174
2023-03-01,13.53,14.13,13.39,14.13,18627062
2023-03-02,14.2,14.27,13.93,13.93,8872489
2023-03-03,14.07,14.27,13.76,13.76,13614423
2023-03-06,13.97,14.1,13.8,13.8,11372148
2023-03-07,13.93,14.44,13.9,14.27,29332840
2023-03-08,14.13,14.34,14.07,14.34,16164479
2023-03-09,14.34,14.57,14.34,14.34,23283259
2023-03-10,14.3,14.51,14.2,14.41,22466284
2023-03-13,14.24,14.47,14.13,14.27,20936991
2023-03-14,14.24,14.27,13.66,13.73,30875738
2023-03-15,14.07,14.41,13.93,14.41,26788560
2023-03-16,14.2,14.27,13.86,14.1,30255725
2023-03-17,14.24,14.24,13.8,13.8,33964905
2023-03-20,13.8,13.93,13.53,13.53,22998039
2023-03-21,13.66,13.9,13.42,13.83,19069859
2023-03-22,13.9,13.93,13.63,13.73,12862864
2023-03-23,13.66,13.8,13.56,13.8,10748158
2023-03-24,13.83,13.86,13.73,13.8,13694808
2023-03-27,13.8,14.13,13.76,14.07,20275804
2023-03-28,14.13,14.2,14.0,14.0,12334554
2023-03-29,14.0,14.27,14.0,14.07,17949339
2023-03-30,14.2,14.3,14.03,14.07,20964474
2023-03-31,14.07,14.13,13.76,14.07,23777566
2023-04-03,14.24,14.27,14.1,14.2,21377967
2023-04-04,14.3,14.34,14.17,14.27,19873334
2023-04-05,14.27,14.54,14.17,14.54,25532123
2023-04-06,14.57,14.81,14.47,14.54,27853049
2023-04-07,14.54,14.61,14.27,14.34,18568535
2023-04-10,14.37,14.44,13.93,14.0,26557356
2023-04-11,14.0,14.1,13.93,14.07,14422264
2023-04-12,14.13,14.13,13.97,14.03,10644466
2023-04-13,14.07,14.07,13.76,13.83,14719996
2023-04-14,13.9,14.1,13.86,13.97,13612910
2023-04-17,13.93,14.13,13.93,14.1,9280313
2023-04-18,14.13,14.2,14.07,14.17,11576052
2023-04-19,14.24,14.24,14.07,14.07,10483969
2023-04-20,14.07,14.13,14.03,14.07,6553528
2023-04-21,14.07,14.1,14.0,14.0,11148137
2023-04-24,14.0,14.07,13.9,13.97,10579651
2023-04-25,14.07,14.37,14.0,14.24,18470293
2023-04-26,14.24,14.88,14.13,14.88,26830205
2023-04-27,14.88,14.88,14.61,14.68,17145094
2023-04-28,14.68,14.74,14.47,14.64,15758312
2023-05-04,14.51,14.61,14.34,14.41,16549829
2023-05-05,14.41,14.68,14.34,14.51,10793513
2023-05-08,14.57,14.71,14.51,14.61,10458125
2023-05-09,14.61,14.98,14.61,14.74,22423012
2023-05-10,14.74,14.81,14.64,14.68,8746008
2023-05-11,14.74,14.84,14.61,14.71,13648978
2023-05-12,14.71,15.22,14.61,15.12,45123846
2023-05-15,15.18,15.28,14.95,14.95,17703594
2023-05-16,14.95,15.08,14.81,14.88,17812801
2023-05-17,14.88,14.95,14.71,14.74,26005532
2023-05-18,14.81,15.01,14.74,14.84,18617797
2023-05-19,14.88,14.95,14.64,14.74,11520435
2023-05-22,14.74,14.95,14.71,14.81,14875470
2023-05-23,14.84,14.91,14.61,14.68,13626699
2023-05-24,14.81,14.81,14.41,14.41,20282151
2023-05-25,14.41,14.51,14.34,14.34,13265005
2023-05-26,14.41,14.47,14.1,14.27,16099796
2023-05-29,14.41,14.51,14.34,14.51,11099584
2023-05-30,14.54,14.61,14.37,14.44,13466138
2023-05-31,14.47,14.51,14.3,14.34,13094089
2023-06-01,14.3,14.47,14.24,14.47,10843625
2023-06-02,14.54,14.74,14.51,14.61,18876879
2023-06-05,14.74,14.91,14.61,14.64,20053288
2023-06-06,14.68,14.78,14.57,14.71,11807137
2023-06-07,14.88,15.42,14.88,15.28,55534195
2023-06-08,15.35,15.66,15.35,15.42,42538792
2023-06-09,15.42,15.49,15.22,15.49,23882045
2023-06-12,15.62,15.66,15.22,15.52,22228815
2023-06-13,15.55,15.86,15.49,15.83,36962266
2023-06-14,15.86,15.86,15.62,15.62,23485754
2023-06-15,15.55,15.72,15.55,15.66,17479766
2023-06-16,15.72,16.1,15.66,15.86,33028134
2023-06-19,15.86,15.89,15.76,15.79,13187994
2023-06-20,15.79,15.99,15.76,15.99,14615348
2023-06-21,16.03,16.67,15.89,16.64,35625023
2023-06-22,16.7,16.87,16.47,16.81,23051612
2023-06-23,16.81,17.28,16.74,17.18,29173843
2023-06-26,17.18,17.25,16.7,17.04,20413189
2023-06-27,17.14,17.45,16.98,17.45,19957295
2023-06-28,17.58,18.06,17.52,17.99,30336920
2023-06-29,18.02,18.06,17.45,17.45,36818245
2023-06-30,17.38,17.72,17.35,17.69,23081616
2023-07-03,17.72,17.89,17.52,17.72,17066212
2023-07-04,17.69,17.75,17.52,17.75,19737741
2023-07-05,17.85,18.4,17.75,18.23,31821993
2023-07-06,18.19,18.36,17.92,18.26,27624517
2023-07-07,18.19,18.56,17.92,18.56,22629342
2023-07-10,18.56,18.9,18.5,18.73,24286165
2023-07-11,18.8,18.97,18.43,18.46,24030294
2023-07-12,18.46,18.56,18.02,18.26,27776627
2023-07-13,18.6,18.6,18.19,18.29,14016102
2023-07-14,18.36,18.6,18.29,18.6,17089358
2023-07-17,18.73,18.77,18.4,18.46,12546558
2023-07-18,18.46,18.5,18.29,18.4,12410918
2023-07-19,18.33,18.73,18.29,18.53,15390616
2023-07-20,18.46,19.07,18.46,19.07,30882141
2023-07-21,19.17,19.21,19.0,19.21,18469427
2023-07-24,19.24,19.34,18.94,19.11,17177312
2023-07-25,19.11,19.17,18.94,19.11,20236835
2023-07-26,19.11,19.24,19.04,19.21,22877714
2023-07-27,19.21,19.41,19.0,19.21,21329428
2023-07-28,19.21,19.34,19.04,19.14,22714371
2023-07-31,19.07,19.11,18.5,19.07,45551883
2023-08-01,19.0,19.0,18.6,18.6,28023076
2023-08-02,18.53,18.83,18.43,18.6,18537961
2023-08-03,18.5,18.6,17.92,18.16,58051701
2023-08-04,18.12,18.6,18.12,18.5,22184255
2023-08-07,18.63,18.77,18.46,18.63,23106096
2023-08-08,18.67,18.87,18.36,18.4,25583863
2023-08-09,18.4,18.83,18.29,18.8,42678531
2023-08-10,18.87,18.87,18.46,18.5,17074796
2023-08-11,18.53,18.77,18.36,18.73,23393495
2023-08-14,18.8,19.17,18.7,19.04,44967169
2023-08-15,19.04,19.11,18.83,18.9,17950361
2023-08-16,18.9,18.94,18.7,18.9,15004683
2023-08-17,18.94,19.41,18.94,19.0,46626489
2023-08-18,18.87,18.94,17.72,17.92,46375518
2023-08-21,17.89,17.96,17.52,17.72,31459459
2023-08-22,17.72,17.82,16.98,17.69,35193240
2023-08-23,17.82,17.89,17.35,17.35,21785413
2023-08-24,17.35,17.79,17.31,17.79,16604349
2023-08-25,17.72,17.85,17.55,17.55,21857175
2023-08-28,17.58,18.16,17.58,18.16,22830709
2023-08-29,18.19,18.36,18.06,18.26,17980997
2023-08-30,18.26,18.43,18.09,18.4,20154472
2023-08-31,18.53,18.87,18.46,18.67,25946856
2023-09-05,18.8,18.9,18.43,18.8,24514770
2023-09-06,18.77,19.61,18.53,19.61,52603239
2023-09-07,19.61,19.82,19.27,19.38,33692821
2023-09-08,19.27,19.71,19.21,19.44,33810390
2023-09-11,19.61,19.65,18.77,18.94,47716515
2023-09-12,18.94,19.44,18.73,19.44,22627180
2023-09-13,19.48,19.88,19.11,19.21,49212652
2023-09-14,19.21,19.31,18.77,18.8,34694116
2023-09-15,18.87,19.0,18.67,18.67,24759459
2023-09-18,18.67,19.0,18.4,18.67,20904221
2023-09-19,18.94,19.04,18.6,19.04,21041176
2023-09-20,19.04,19.31,18.97,19.21,26611234
2023-09-21,19.21,19.68,19.04,19.21,42936550
2023-09-22,18.77,18.9,18.09,18.46,50601830
2023-09-25,18.26,18.6,17.38,17.58,36891233
2023-09-26,17.48,18.12,17.48,17.72,30849974
2023-09-27,17.69,18.06,17.69,17.92,20332879
2023-09-28,17.99,18.16,17.72,17.99,16571772
2023-09-29,18.12,18.16,17.75,17.79,15025050
2023-10-02,17.79,17.89,17.58,17.72,11421182
2023-10-03,17.65,17.65,16.7,16.77,40656275
2023-10-04,16.57,17.25,16.23,17.08,21101921
2023-10-05,17.18,17.25,16.81,16.84,10432613
2023-10-06,16.81,17.11,16.67,16.87,15257421
2023-10-09,16.87,17.31,16.87,17.25,11439444
2023-10-10,17.38,17.75,17.31,17.58,20013352
2023-10-11,17.69,17.75,17.45,17.72,13510293
2023-10-12,17.79,17.79,17.31,17.45,22066027
2023-10-13,17.31,17.41,16.94,17.41,19579926
2023-10-16,17.41,17.45,16.91,16.91,16214426
2023-10-17,17.04,17.21,16.77,16.77,14711646
2023-10-18,16.77,16.87,15.69,16.23,30941169
2023-10-19,16.3,16.37,15.86,16.03,20817862
2023-10-20,16.03,16.47,15.79,16.47,16376045
2023-10-23,16.47,16.47,16.03,16.23,11956440
2023-10-24,16.26,16.5,15.99,16.23,9719646
2023-10-25,16.26,16.64,16.26,16.26,12068922
2023-10-26,16.1,16.13,15.28,15.42,31049018
2023-10-27,15.72,15.89,15.45,15.79,15022932
2023-10-30,15.79,16.06,15.55,15.55,16180859
2023-10-31,15.89,15.89,15.49,15.55,20798250
2023-11-01,15.55,16.2,15.52,16.2,19151053
2023-11-02,16.37,17.31,16.3,17.08,26653194
2023-11-03,17.18,17.25,16.74,16.98,20508387
2023-11-06,17.14,17.52,17.04,17.41,20389981
2023-11-07,17.45,17.72,17.21,17.45,19872495
2023-11-08,17.45,18.23,17.31,18.23,34863736
2023-11-09,18.23,18.53,17.99,18.06,31376600
2023-11-10,17.85,18.33,17.82,17.92,28039532
2023-11-13,17.92,18.67,17.92,18.4,44016605
2023-11-14,18.53,18.6,18.06,18.26,23269182
2023-11-15,18.63,18.8,18.26,18.26,34627351
2023-11-16,18.16,18.4,18.12,18.4,16268486
2023-11-17,18.4,18.53,17.79,17.92,38545535
2023-11-20,17.65,18.19,17.65,18.02,18258656
2023-11-21,18.26,18.6,18.23,18.29,26712452
2023-11-22,18.26,18.4,18.19,18.4,17022639
2023-11-23,18.46,18.5,17.48,17.48,21692399
2023-11-24,17.58,17.85,17.28,17.85,26238500
2023-11-27,17.92,18.09,17.72,17.79,16731713
2023-11-28,17.85,18.06,17.62,18.06,18870086
2023-11-29,18.06,18.33,18.02,18.26,22512100
2023-11-30,18.33,18.4,17.96,17.96,21215143
2023-12-01,18.12,18.33,17.89,18.19,15407548
2023-12-04,18.4,18.77,18.29,18.6,42364507
2023-12-05,18.6,18.63,18.36,18.43,22519458
2023-12-06,18.43,18.67,18.4,18.67,18657441
2023-12-07,18.7,18.87,18.23,18.67,49444696
2023-12-08,18.8,19.11,18.6,18.73,52799031
2023-12-11,18.73,18.8,18.46,18.6,17852876
2023-12-12,18.6,19.07,18.6,18.9,31693150
2023-12-13,19.0,19.07,18.46,18.5,33356819
2023-12-14,18.63,18.63,18.29,18.29,31784558
2023-12-15,18.33,18.4,18.09,18.12,34693422
2023-12-18,18.19,18.26,17.99,17.99,14883440
2023-12-19,17.99,18.4,17.96,18.4,20502049
2023-12-20,18.4,18.5,18.33,18.4,17666787
2023-12-21,18.33,18.46,18.23,18.4,14312119
2023-12-22,18.4,18.5,18.29,18.29,17434981
2023-12-25,18.36,18.67,18.36,18.56,20414974
2023-12-26,18.53,18.87,18.53,18.8,33753533
2023-12-27,18.83,18.94,18.77,18.77,19860170
2023-12-28,18.77,19.07,18.7,18.9,31321948
2023-12-29,18.9,19.0,18.8,18.9,20475453
2024-01-02,19.0,19.04,18.56,18.56,22196509
2024-01-03,18.53,18.8,18.53,18.8,18581664
2024-01-04,18.8,19.0,18.73,18.77,38548706
2024-01-05,18.77,18.87,18.63,18.8,17340693
2024-01-08,18.9,19.11,18.83,18.83,31258576
2024-01-09,18.87,18.9,18.6,18.73,28631164
2024-01-10,18.73,18.77,18.43,18.5,32654545
2024-01-11,18.56,18.7,18.53,18.6,15271976
2024-01-12,18.5,18.56,18.29,18.36,28640291
2024-01-15,18.4,18.56,18.33,18.33,12506342
2024-01-16,18.33,18.8,18.29,18.8,19773999
2024-01-17,18.83,18.9,18.7,18.7,23419285
2024-01-18,18.73,18.83,18.67,18.7,12645044
2024-01-19,18.77,18.87,18.67,18.8,14866159
2024-01-22,18.94,19.38,18.83,19.14,66094584
2024-01-23,19.24,19.27,19.11,19.17,21686564
2024-01-24,19.14,19.27,19.11,19.11,16144379
2024-01-25,19.11,19.21,18.94,19.11,15234746
2024-01-26,19.21,19.27,19.11,19.17,14380956
2024-01-29,19.17,19.21,18.94,18.94,21583456
2024-01-30,18.94,19.0,18.83,18.94,17536929
2024-01-31,18.9,19.0,18.77,18.77,24464533
2024-02-01,18.77,19.0,18.73,18.83,10642909
2024-02-02,18.73,19.0,18.73,18.87,14168885
2024-02-05,18.87,19.14,18.87,18.94,16238284
2024-02-06,19.04,19.11,18.94,18.97,14667973
2024-02-07,18.97,19.14,18.97,19.04,13815720
2024-02-15,19.14,19.54,19.11,19.41,37002180
2024-02-16,19.44,19.48,19.34,19.34,16729914
2024-02-19,19.38,19.88,19.24,19.75,42298335
2024-02-20,19.75,19.85,19.65,19.75,21405084
2024-02-21,19.68,19.71,19.41,19.48,31597047
2024-02-22,19.41,19.48,19.31,19.31,22423703
2024-02-23,19.31,19.51,19.21,19.21,27315024
2024-02-26,19.21,19.48,19.14,19.48,19232263
2024-02-27,19.54,20.59,19.48,20.53,86882418
2024-02-28,20.56,20.93,20.39,20.69,35225601
2024-02-29,20.8,21.07,20.63,20.97,33602603
2024-03-01,21.1,21.1,20.73,20.86,26977136
2024-03-04,20.97,21.24,20.76,20.83,28600714
2024-03-05,20.83,21.17,20.76,21.07,29934805
2024-03-06,21.03,21.07,20.63,20.83,28078693
2024-03-07,20.76,21.2,20.69,20.97,32275896
2024-03-08,20.97,21.0,20.46,20.49,47338238
2024-03-11,20.49,20.69,20.15,20.22,30439370
2024-03-12,20.19,20.56,20.15,20.42,30148985
2024-03-13,20.42,20.86,20.36,20.83,29380668
2024-03-14,20.9,20.9,20.46,20.53,30792542
2024-03-15,20.53,20.76,20.29,20.36,35837317
2024-03-18,20.39,20.42,19.61,20.02,50128928
2024-03-19,19.95,20.69,19.88,20.15,26986377
2024-03-20,20.19,20.36,20.12,20.29,12979362
2024-03-21,20.53,20.66,20.36,20.46,19984496
2024-03-22,20.53,20.76,20.42,20.66,37402271
2024-03-25,20.66,20.93,20.32,20.42,21366246
2024-03-26,20.42,20.66,20.36,20.66,11986416
2024-03-27,20.9,21.03,20.69,20.69,24342964
2024-03-28,20.86,20.86,20.59,20.66,19124881
2024-03-29,20.69,20.69,20.46,20.46,14830426
2024-04-01,20.42,20.53,20.26,20.36,20772986
2024-04-02,20.22,20.56,20.15,20.56,26310579
2024-04-03,20.53,20.59,20.26,20.26,21500994
2024-04-04,20.26,20.32,19.98,20.02,26385240
2024-04-05,19.92,20.12,19.78,19.92,24030078
2024-04-08,19.92,20.15,19.82,20.02,16717695
2024-04-09,20.02,20.22,19.98,20.22,9846188
2024-04-10,20.26,20.36,20.05,20.05,11145329
2024-04-11,19.92,20.39,19.92,20.22,19255412
2024-04-12,20.29,20.36,20.19,20.26,13925121
2024-04-15,20.19,20.26,19.0,19.27,31131437
2024-04-16,19.27,19.31,18.83,19.17,33449847
2024-04-17,19.27,19.31,18.87,18.94,15597365
2024-04-19,18.8,19.17,18.6,18.8,26158064
2024-04-22,19.07,19.07,18.83,18.94,12398648
2024-04-23,18.94,18.97,18.56,18.67,18376759
2024-04-24,18.87,19.58,18.77,19.48,23062837
2024-04-25,19.41,19.41,19.14,19.31,11245215
2024-04-26,19.14,19.31,18.97,19.21,18314893
2024-05-02,19.21,19.21,18.97,19.17,7330111
2024-05-03,19.17,19.68,19.17,19.38,16725291
2024-05-06,19.51,19.85,19.48,19.82,27119741
2024-05-07,19.88,20.42,19.78,20.39,30152936
2024-05-08,20.39,20.97,20.12,20.76,34306978
2024-05-09,20.9,20.9,20.32,20.59,19434034
2024-05-10,20.69,20.73,20.26,20.59,18994649
2024-05-13,20.66,20.73,20.36,20.42,13182013
2024-05-14,20.56,20.76,20.36,20.42,15673953
2024-05-15,20.46,21.2,20.46,21.1,45136493
2024-05-16,21.37,21.54,21.27,21.37,27420436
2024-05-17,21.37,21.37,21.07,21.37,28657113
2024-05-20,21.4,21.74,21.37,21.64,46513904
2024-05-21,21.64,21.64,21.27,21.54,20879194
2024-05-22,21.54,21.61,21.07,21.17,39799786
2024-05-23,21.46,21.95,21.28,21.95,37896846
2024-05-24,21.8,21.95,21.2,21.5,30197105
2024-05-27,21.5,21.8,21.31,21.5,15778527
2024-05-28,21.57,21.72,21.42,21.69,17576389
2024-05-29,21.65,21.76,21.28,21.28,21619795
2024-05-30,21.2,21.24,20.83,21.02,27283359
2024-05-31,21.13,21.42,20.87,21.28,17748524
2024-06-03,21.42,21.65,21.42,21.57,20647812
2024-06-04,21.57,22.17,21.57,21.8,39674519
2024-06-05,21.8,21.95,21.65,21.76,19207537
2024-06-06,21.76,22.06,21.5,21.8,20837091
2024-06-07,21.83,21.87,21.65,21.8,14893390
2024-06-10,21.87,21.91,21.69,21.8,20270733
2024-06-11,21.87,22.06,21.61,21.65,27003982
2024-06-12,21.57,22.02,21.57,22.02,19295443
2024-06-13,22.06,22.09,21.8,21.95,20563088
2024-06-14,21.95,22.28,21.65,21.65,34310393
2024-06-17,21.65,22.28,21.57,21.91,34389484
2024-06-18,21.95,22.09,21.87,21.87,16545599
2024-06-19,21.95,21.98,21.76,21.83,19187496
2024-06-20,21.76,21.87,21.54,21.83,27788213
2024-06-21,21.83,21.83,21.57,21.61,14297102
2024-06-24,21.57,21.65,21.02,21.35,37872553
2024-06-25,21.28,21.61,21.2,21.35,16665373
2024-06-26,21.39,21.72,21.28,21.5,19757460
2024-06-27,21.57,21.61,21.35,21.46,10087714
2024-06-28,21.39,21.5,21.05,21.05,22218009
2024-07-01,21.05,21.2,20.87,21.09,13583269
2024-07-02,21.09,21.46,21.02,21.35,21287052
2024-07-03,21.57,21.65,21.35,21.39,17279452
2024-07-04,21.46,21.61,21.28,21.35,9370324
2024-07-05,21.35,21.54,21.28,21.31,12379504
2024-07-08,21.35,21.61,21.31,21.42,18453505
2024-07-09,21.42,21.72,21.39,21.57,22579018
2024-07-10,21.65,21.95,21.54,21.54,31001479
2024-07-11,21.69,21.76,21.46,21.46,14527557
2024-07-12,21.5,21.54,21.16,21.2,18069224
2024-07-15,21.24,21.39,20.98,21.16,16310035
2024-07-16,21.2,21.31,21.13,21.16,12341155
2024-07-17,21.24,21.28,20.53,20.98,25573686
2024-07-18,20.98,21.16,20.87,21.13,20492770
2024-07-19,21.13,21.13,20.98,20.98,11877885
2024-07-22,20.9,20.98,20.64,20.87,18424118
2024-07-23,20.87,20.98,20.68,20.68,15071448
2024-07-24,20.64,20.79,20.16,20.61,19254395
2024-07-25,20.53,20.57,20.31,20.35,13334622
2024-07-26,20.35,20.57,20.35,20.42,8818384
2024-07-29,20.57,20.9,20.53,20.76,15458145
2024-07-30,20.83,20.98,20.76,20.76,15553762
2024-07-31,20.76,20.76,20.16,20.23,24314481
2024-08-01,20.46,20.57,19.79,19.86,30510117
2024-08-02,19.83,20.31,19.71,20.27,17560447
2024-08-05,19.94,19.97,19.19,19.3,45645266
2024-08-06,19.38,19.68,19.23,19.57,19776551
2024-08-07,19.68,19.68,19.3,19.38,15426972
2024-08-08,19.3,19.42,19.01,19.04,21940263
2024-08-09,19.27,19.42,19.12,19.38,12134942
2024-08-12,19.38,19.42,19.12,19.23,12589646
2024-08-13,19.27,19.3,18.75,18.9,26271625
2024-08-14,18.97,19.12,18.82,18.93,13709893
2024-08-15,18.93,18.93,18.75,18.75,16250512
2024-08-16,18.75,19.12,18.6,19.04,36348653
2024-08-19,19.19,19.6,19.12,19.23,24443930
2024-08-20,19.34,19.49,19.19,19.19,20465987
2024-08-21,19.23,19.53,19.19,19.45,24826883
2024-08-22,19.49,19.53,19.12,19.16,24051112
2024-08-23,19.16,19.38,18.9,19.38,22423963
2024-08-26,19.45,19.64,19.3,19.34,21660542
2024-08-27,19.34,19.38,19.12,19.16,12463767
2024-08-28,19.23,19.3,19.08,19.12,18668043
2024-08-29,19.19,19.3,19.04,19.04,16174288
2024-08-30,19.12,19.16,18.97,18.97,17977045
2024-09-04,18.82,18.93,18.67,18.78,19080426
2024-09-05,18.86,18.86,18.6,18.64,22584753
2024-09-06,18.64,18.9,18.41,18.9,22872838
2024-09-09,18.9,19.49,18.82,19.04,32665005
2024-09-10,19.16,19.23,18.71,18.71,15034285
2024-09-11,18.71,19.01,18.64,18.86,14222396
2024-09-12,18.9,19.01,18.67,18.67,9046522
2024-09-13,18.71,18.82,18.6,18.6,12436961
2024-09-16,18.6,18.78,18.49,18.49,14586621
2024-09-17,18.52,18.78,18.45,18.78,13183955
2024-09-18,18.78,18.86,18.67,18.67,13246366
2024-09-19,18.82,18.97,18.75,18.78,13688336
2024-09-20,18.97,19.38,18.93,19.08,44610751
2024-09-23,19.19,19.42,19.12,19.12,15527107
2024-09-24,19.12,19.23,19.08,19.23,10658205
2024-09-25,19.42,19.64,19.38,19.49,41032922
2024-09-26,19.57,19.68,19.38,19.38,21761557
2024-09-27,19.45,19.57,19.27,19.38,30557451
2024-09-30,19.49,19.79,19.45,19.6,37445314
2024-10-01,19.94,20.09,19.83,19.9,37876498
2024-10-02,19.86,19.86,19.57,19.57,21303476
2024-10-03,19.68,19.83,19.42,19.49,26814467
2024-10-04,19.49,19.71,19.42,19.49,17564765
2024-10-07,19.64,19.71,19.49,19.64,12476892
2024-10-08,19.64,20.16,19.6,20.05,38191818
2024-10-09,20.2,20.46,20.12,20.46,41639882
2024-10-10,20.53,20.61,20.27,20.27,23844140
2024-10-11,20.35,20.42,20.09,20.31,15775481
2024-10-14,20.35,20.42,20.12,20.12,17989883
2024-10-15,20.38,20.42,20.2,20.2,20172673
2024-10-16,20.2,20.31,20.16,20.16,11638271
2024-10-17,20.2,20.27,19.9,20.27,20575549
2024-10-18,20.27,20.31,20.05,20.05,16254444
2024-10-21,20.05,20.12,19.86,19.9,13909844
2024-10-22,19.83,19.97,19.71,19.83,18330635
2024-10-23,19.83,19.86,19.6,19.68,13617216
2024-10-24,19.71,19.86,19.6,19.68,15908431
2024-10-25,19.79,19.83,19.68,19.68,9453996
2024-10-28,19.71,20.05,19.71,19.9,11941974
2024-10-29,19.94,20.2,19.86,20.12,15745226
2024-10-30,20.12,20.16,19.94,20.09,11074326
2024-10-31,20.12,20.12,19.94,20.01,13332393
2024-11-01,19.94,19.97,19.68,19.75,13212705
2024-11-04,19.75,19.75,19.45,19.57,18321430
2024-11-05,19.57,19.75,19.49,19.71,8102496
2024-11-06,19.83,20.2,19.75,20.05,21004956
2024-11-07,20.16,20.31,20.05,20.05,15996565
2024-11-08,20.23,20.46,20.09,20.09,24778767
2024-11-11,20.12,20.61,20.05,20.61,40900657
2024-11-12,20.64,20.76,20.31,20.46,23977950
2024-11-13,20.23,20.38,19.97,20.12,22299796
2024-11-14,20.12,20.16,19.57,19.57,26584281
2024-11-15,19.57,19.6,19.27,19.27,27622921
2024-11-18,19.34,19.38,18.97,19.19,20617517
2024-11-19,19.23,19.34,18.93,18.93,15855294
2024-11-20,18.9,19.34,18.78,19.04,22767490
2024-11-21,19.08,19.3,19.01,19.23,12784099
2024-11-22,19.27,19.53,19.23,19.42,17276669
2024-11-25,19.42,19.57,19.38,19.57,12839515
2024-11-26,19.57,19.71,19.49,19.6,13190635
2024-11-27,19.6,19.68,19.42,19.57,7974789
2024-11-28,19.68,19.9,19.57,19.64,14139732
2024-11-29,19.68,19.9,19.57,19.9,13886852
2024-12-02,20.05,20.2,19.9,20.01,18590525
2024-12-03,19.97,20.09,19.79,20.09,15823157
2024-12-04,19.97,19.97,19.83,19.86,12517041
2024-12-05,19.86,20.72,19.64,20.72,44772623
2024-12-06,20.72,20.76,20.46,20.53,23768664
2024-12-09,20.57,20.76,20.46,20.57,15967778
2024-12-10,20.61,20.98,20.53,20.76,32715496
2024-12-11,20.76,20.94,20.53,20.64,17045103
2024-12-12,20.64,20.76,20.35,20.46,20976380
2024-12-13,20.31,20.38,20.16,20.23,17278081
2024-12-16,20.23,20.35,19.97,20.09,16666364
2024-12-17,20.09,20.16,19.97,20.09,10816933
2024-12-18,20.09,20.35,20.05,20.35,12801871
2024-12-19,20.09,20.2,19.94,19.97,30343905
2024-12-20,19.97,20.05,19.86,19.86,13753770
2024-12-23,19.9,20.12,19.9,20.09,12907390
2024-12-24,20.01,20.01,19.79,19.86,13471873
2024-12-25,19.9,20.2,19.9,20.2,17153771
2024-12-26,20.2,20.23,19.97,20.09,9982189
2024-12-27,20.09,20.09,19.94,19.97,11397592
2024-12-30,19.94,19.97,19.83,19.9,12176491
2024-12-31,19.9,19.9,19.79,19.83,10258083
2025-01-02,19.86,20.12,19.86,20.09,14970526
2025-01-03,20.01,20.09,19.79,19.79,13208512
2025-01-06,19.79,19.86,19.38,19.38,15267581
2025-01-07,19.45,19.64,19.38,19.38,14414801
2025-01-08,19.38,19.53,19.3,19.53,12963197
2025-01-09,19.57,19.57,19.27,19.34,9252679
2025-01-10,19.34,19.42,19.01,19.01,14290074
2025-01-13,19.01,19.38,18.93,19.27,13586454
2025-01-14,19.3,19.34,19.19,19.23,7670367
2025-01-15,19.34,19.53,19.27,19.49,11228889
2025-01-16,19.57,19.68,19.38,19.57,11215124
2025-01-17,19.57,19.71,19.42,19.71,13956621
2025-01-20,19.71,19.9,19.68,19.68,9665010
2025-01-21,19.79,19.79,19.49,19.57,10429273
2025-01-22,19.64,19.64,19.45,19.45,10285189
2025-01-23,19.49,19.9,19.45,19.83,15800444
2025-01-24,19.83,19.83,19.68,19.75,10409008
2025-02-03,19.71,19.79,19.53,19.64,16987354
2025-02-04,19.71,20.09,19.68,19.97,17370750
2025-02-05,19.97,20.09,19.9,19.94,14477772
2025-02-06,19.94,20.05,19.9,19.94,13545529
2025-02-07,19.94,19.94,19.79,19.83,12556995
2025-02-10,19.71,19.71,18.9,18.9,61143342
2025-02-11,18.93,19.42,18.93,19.42,28914141
2025-02-12,19.49,19.49,19.23,19.23,13674965
2025-02-13,19.3,19.34,19.23,19.27,9507535
2025-02-14,19.42,19.57,19.34,19.42,18592795
2025-02-17,19.45,19.53,19.38,19.45,14380031
2025-02-18,19.6,19.79,19.57,19.75,24951942
2025-02-19,19.79,19.79,19.64,19.71,13664314
2025-02-20,19.75,19.79,19.71,19.75,11920169
2025-02-21,19.75,19.79,19.64,19.68,11076712
2025-02-24,21.05,21.05,20.49,20.61,73928603
2025-02-25,20.53,20.61,20.23,20.46,31597535
2025-02-26,20.53,20.79,20.49,20.64,31840327
2025-02-27,20.68,21.16,20.53,21.16,51151649
2025-02-28,21.13,21.13,20.79,20.83,24230428
2025-03-03,20.87,21.02,20.83,20.87,20678579
2025-03-04,20.87,20.87,20.57,20.72,27441800
2025-03-05,20.72,20.76,20.49,20.49,30401582
2025-03-06,20.53,20.79,20.53,20.79,36989136
2025-03-07,20.83,20.9,20.64,20.87,33148420
2025-03-10,20.9,20.98,20.79,20.79,23601359
2025-03-11,20.53,20.94,20.53,20.94,26105585
2025-03-12,20.98,20.98,20.68,20.68,20664501
2025-03-13,20.72,20.87,20.61,20.61,24826490
2025-03-14,20.61,20.72,20.49,20.49,18298151
2025-03-17,20.76,20.94,20.64,20.72,19738337
2025-03-18,20.76,20.87,20.53,20.53,18761045
2025-03-19,20.53,20.53,20.16,20.27,37953539
2025-03-20,20.31,20.42,20.12,20.2,25038597
2025-03-21,20.16,20.27,20.12,20.2,18921643
2025-03-24,20.2,20.27,20.01,20.2,16247689
2025-03-25,20.27,20.38,20.16,20.23,20115102
2025-03-26,20.23,20.79,20.2,20.49,43997569
2025-03-27,20.61,20.61,20.42,20.46,12023359
2025-03-28,20.42,20.46,20.16,20.2,17090800
2025-03-31,20.12,20.16,19.9,19.9,26565641
2025-04-01,19.94,20.12,19.9,20.09,14037535
2025-04-02,20.2,20.38,20.16,20.27,16797845
2025-04-03,19.19,19.68,18.86,18.86,80792245
2025-04-04,17.56,18.49,17.56,18.3,73222029
2025-04-08,17.48,17.85,17.04,17.04,35517471
2025-04-09,15.85,16.59,15.85,15.85,77212228
2025-04-10,16.92,16.92,16.92,16.92,3066909
2025-04-11,18.0,18.08,17.48,18.08,76305239
2025-04-14,18.45,19.16,18.41,18.86,51254525
2025-04-15,18.71,19.45,18.64,19.23,50611194
2025-04-16,19.27,19.34,18.64,18.97,25738379
2025-04-17,18.75,19.04,18.45,18.97,24465980
2025-04-18,19.08,19.16,18.93,18.93,20785143
2025-04-21,18.93,18.93,18.56,18.56,17327776
2025-04-22,18.45,18.67,17.41,18.64,47493704
2025-04-23,18.97,19.12,18.86,19.01,22246788
2025-04-24,19.12,19.12,18.75,19.04,17227712
2025-04-25,18.93,19.12,18.78,19.12,24864961
2025-04-28,19.12,19.12,18.86,19.08,9768183
2025-04-29,19.08,19.12,18.9,18.97,14478374
2025-05-05,19.08,19.16,18.86,19.12,12563050
2025-05-06,19.16,19.38,18.93,18.93,20963206
2025-05-07,18.86,18.97,18.86,18.9,11518736
2025-05-08,18.9,19.23,18.82,19.12,19907154
2025-05-09,19.12,19.16,18.97,19.08,11024723
2025-05-12,19.01,19.16,18.41,18.9,64778664
2025-05-13,19.04,19.34,19.04,19.19,20324199
2025-05-14,19.27,19.75,19.23,19.45,34103088
2025-05-15,19.49,19.49,19.23,19.45,22639684
2025-05-16,19.45,19.49,19.19,19.19,16827367
2025-05-19,19.16,19.3,19.01,19.08,15012607
2025-05-20,19.04,19.19,19.04,19.08,17464910
2025-05-21,19.16,19.42,19.08,19.16,20165788
2025-05-22,19.16,19.3,19.01,19.08,24383807
2025-05-23,19.16,19.23,19.01,19.04,11111572
2025-05-26,19.08,19.08,18.64,19.01,27453941
2025-05-27,19.01,19.45,19.01,19.01,26913678
2025-05-28,19.16,19.27,19.01,19.04,15622229
2025-05-29,19.12,19.19,18.97,19.01,16448281
2025-05-30,19.08,19.83,19.08,19.16,65014524
2025-06-02,19.04,19.08,18.86,19.01,21950524
2025-06-03,19.19,19.49,19.16,19.34,31062339
2025-06-04,19.42,19.64,19.3,19.3,25708828
2025-06-05,19.34,19.38,19.12,19.16,18808450
2025-06-06,19.38,19.71,19.27,19.38,42269983
2025-06-09,19.42,19.64,19.3,19.57,25004908
2025-06-10,19.71,19.97,19.49,19.49,29436635
2025-06-11,19.57,19.6,19.34,19.42,16564351
2025-06-12,19.45,20.16,19.45,19.94,52244579
2025-06-13,19.79,19.9,19.57,19.64,38795445
2025-06-16,19.6,20.09,19.6,19.9,29753708
2025-06-17,20.01,20.16,19.9,19.97,26645247
2025-06-18,20.01,20.23,19.94,20.2,31488496
2025-06-19,20.2,20.23,19.94,20.01,23431044
2025-06-20,20.09,20.16,19.97,20.09,23434378
2025-06-23,19.97,20.09,19.79,19.97,22214192
2025-06-24,20.12,20.23,20.05,20.09,27891516
2025-06-25,20.16,20.42,20.05,20.23,38667411
2025-06-26,20.58,20.67,20.31,20.35,38436669
2025-06-27,20.49,20.49,20.31,20.4,16501158
2025-06-30,20.44,20.49,20.27,20.27,19930857
2025-07-01,20.31,20.44,20.18,20.22,19796627
2025-07-02,20.22,20.44,20.13,20.44,18923070
2025-07-03,20.53,21.11,20.53,20.62,42563897
2025-07-04,20.67,20.76,20.62,20.76,19418237
2025-07-07,21.16,21.16,20.89,21.07,36030224
2025-07-08,21.11,22.14,21.02,22.05,77535019
2025-07-09,22.14,22.41,21.96,22.1,43509241
2025-07-10,22.18,22.5,21.92,22.45,85330953
2025-07-11,22.54,23.43,22.36,23.21,65351014
2025-07-14,23.39,23.61,22.81,22.99,49497472
2025-07-15,23.03,23.21,22.76,22.76,46555600
2025-07-16,22.72,23.39,22.68,23.3,45931825
2025-07-17,23.39,23.52,23.12,23.21,56272675
2025-07-18,23.21,23.3,22.99,23.12,40765452
2025-07-21,23.57,24.1,23.3,23.39,55818398
2025-07-22,23.35,23.61,23.21,23.61,31535938
2025-07-23,23.7,24.06,23.57,23.57,43166219
2025-07-24,23.57,23.61,23.12,23.21,51950469
2025-07-25,23.21,23.48,23.12,23.26,51110807
2025-07-28,23.3,23.97,23.21,23.52,99644508
2025-07-29,23.61,23.75,22.63,22.63,82685129
2025-07-30,22.85,22.99,22.41,22.68,50228631
2025-07-31,22.72,22.85,22.1,22.27,85459569
2025-08-01,22.18,22.59,22.14,22.45,50875281
2025-08-04,22.41,22.72,22.27,22.59,37117850
2025-08-05,22.72,24.15,22.72,23.57,216265261
2025-08-06,23.88,24.73,23.79,24.19,96276505
2025-08-07,24.42,25.49,24.1,25.44,139315954
2025-08-08,25.53,25.58,24.64,25.0,121165629
2025-08-11,25.13,25.4,24.82,25.13,67300493
2025-08-12,25.31,25.98,25.13,25.44,84272957
2025-08-13,25.49,25.53,24.86,25.09,79836392
2025-08-14,25.18,25.4,25.0,25.18,76109026
2025-08-15,25.4,25.71,24.86,25.0,108006931
2025-08-18,25.26,25.71,25.18,25.35,69101265
2025-08-19,25.53,25.62,25.09,25.13,63084945
2025-08-20,25.18,25.22,24.15,24.46,101091989
2025-08-21,24.51,24.82,24.37,24.46,70032407
2025-08-22,24.06,24.19,23.21,23.21,132417655
2025-08-25,23.66,23.88,23.08,23.17,68381091
2025-08-26,23.3,24.28,23.3,24.28,52027973
2025-08-27,24.33,24.33,23.88,23.88,86045749
2025-08-28,24.06,24.55,23.97,24.19,63197040
2025-08-29,24.28,24.86,24.15,24.55,81783855
2025-09-03,24.46,25.89,24.33,25.13,119215562
2025-09-04,25.4,26.69,25.31,26.65,141572587
2025-09-05,26.78,26.87,25.71,25.71,95337516
2025-09-08,25.62,26.56,25.58,25.8,141854272
2025-09-09,26.07,26.11,25.18,25.76,73916602
2025-09-10,25.76,26.07,25.35,25.76,52491303
2025-09-11,25.62,26.07,25.0,26.02,71829390
2025-09-12,26.07,26.87,26.02,26.78,104689241
2025-09-15,27.01,27.54,26.87,27.09,89001162
2025-09-16,27.27,27.27,26.56,26.74,66924946
2025-09-17,26.69,27.01,26.07,26.07,124492427
2025-09-18,26.2,26.25,25.53,26.02,75744820
2025-09-19,26.16,26.25,25.71,26.11,45063967
2025-09-22,26.11,26.11,25.26,25.35,66147901
2025-09-23,25.49,25.76,25.4,25.58,24927714
2025-09-24,25.58,25.93,25.22,25.93,30767741
2025-09-25,26.02,26.16,25.67,25.71,34468450
2025-09-26,25.76,26.07,25.49,25.49,38166835
2025-09-29,25.49,25.8,25.35,25.53,38862347
2025-09-30,25.49,25.53,24.91,25.13,53791420
2025-10-01,25.26,25.44,25.09,25.26,29871076
2025-10-02,25.31,25.58,25.04,25.09,30204275
2025-10-03,25.09,25.09,24.42,24.68,58178830
2025-10-06,25.09,26.07,25.09,26.07,71313614
2025-10-07,26.07,26.2,25.89,25.89,41439746
2025-10-08,26.11,26.25,25.67,26.07,59998757
2025-10-09,26.25,26.25,25.76,25.84,42585279
2025-10-10,25.89,26.56,25.8,26.42,62746903
2025-10-13,25.93,26.11,25.76,25.89,80289928
2025-10-14,25.93,26.11,25.26,25.31,84397065
2025-10-15,25.35,25.62,25.18,25.22,34666042
2025-10-16,25.22,25.71,25.0,25.22,44763644
2025-10-17,25.26,25.58,25.0,25.0,46553512
2025-10-20,24.91,25.22,23.26,23.26,103075157
2025-10-21,23.48,24.1,23.21,23.93,74360824
2025-10-22,24.01,24.01,23.35,23.84,37337299
2025-10-23,23.88,24.1,23.66,23.66,23480069
2025-10-24,23.66,23.84,23.3,23.57,30625906
2025-10-27,23.88,23.97,23.43,23.43,27425118
2025-10-28,23.52,23.93,23.35,23.93,28546402
2025-10-29,24.01,24.59,24.01,24.33,39483328
2025-10-30,24.46,24.46,24.01,24.01,23723933
2025-10-31,24.01,24.19,23.84,23.84,19803043
2025-11-03,23.88,24.01,23.26,23.26,28405418
2025-11-04,23.35,23.97,23.17,23.88,37803099
2025-11-05,23.61,23.88,23.43,23.48,20868717
2025-11-06,23.52,23.66,23.3,23.3,21236298
2025-11-07,23.35,23.7,23.21,23.26,55127315
2025-11-10,23.39,23.88,23.3,23.61,48049077
2025-11-11,23.75,24.01,23.61,23.75,31359035
2025-11-12,23.79,24.19,23.79,24.1,30691952
2025-11-13,24.1,24.15,23.7,23.7,18957281
2025-11-14,23.66,24.06,23.66,24.01,22127988
2025-11-17,24.15,24.42,24.15,24.37,32185516
2025-11-18,24.33,24.64,24.24,24.55,35057611
2025-11-19,24.55,25.31,24.51,24.64,56361831
2025-11-20,24.73,24.82,24.24,24.33,23088344
2025-11-21,24.24,24.51,24.01,24.46,22631995
2025-11-24,24.46,24.59,24.19,24.19,14731766
2025-11-25,24.24,24.42,24.01,24.01,24370268
2025-11-26,24.06,24.28,23.97,24.19,19044180
2025-11-27,24.28,24.37,24.01,24.01,13978636
2025-11-28,24.01,24.15,23.7,23.7,20821996
2025-12-01,23.79,23.88,23.66,23.66,19770342
2025-12-02,23.7,23.79,23.39,23.66,26110665
2025-12-03,23.75,23.97,23.61,23.93,21548628
2025-12-04,24.06,24.51,24.01,24.37,35109344
2025-12-05,24.42,24.42,24.1,24.1,17683671
2025-12-08,24.01,24.19,23.88,23.88,21479703
2025-12-09,23.84,24.01,23.57,23.57,39940683
2025-12-10,23.79,24.1,23.75,23.79,19726312
2025-12-11,23.84,24.01,23.66,23.7,17163546
2025-12-12,23.75,23.84,23.21,23.21,37128573
2025-12-15,23.43,23.57,23.26,23.43,23967998
2025-12-16,23.52,24.06,23.43,23.84,29351531
2025-12-17,23.84,23.84,23.57,23.57,16565370
2025-12-18,23.57,23.7,23.43,23.57,18796187
2025-12-19,23.57,23.84,23.57,23.84,29596369
2025-12-22,23.84,24.19,23.75,24.01,54911975
2025-12-23,24.15,24.28,23.79,23.88,29622905
2025-12-24,23.97,23.97,23.66,23.7,23159971
2025-12-25,23.7,23.79,23.43,23.43,29814279
2025-12-26,24.19,24.73,23.79,24.01,94088713
2025-12-29,24.1,24.1,23.79,23.84,16553706
2025-12-30,23.84,23.97,23.66,23.66,24606999
2025-12-31,23.61,23.75,23.52,23.57,20174683
2026-01-05,23.57,23.7,22.94,23.17,46555056
2026-01-06,23.21,23.39,22.63,23.17,39667657
2026-01-07,23.17,23.88,23.17,23.75,37278981
2026-01-08,23.84,23.93,23.57,23.57,37558137
2026-01-09,23.93,23.93,23.39,23.39,35130464
2026-01-12,23.52,24.64,23.52,24.55,83608007
2026-01-13,24.77,24.91,24.1,24.33,45837317
2026-01-14,24.51,24.64,24.1,24.33,53964951
2026-01-15,24.33,24.91,24.33,24.64,61992891
2026-01-16,24.82,25.22,24.37,24.64,65644235
2026-01-19,24.91,25.18,24.68,24.73,40516817
2026-01-20,24.86,24.95,24.19,24.33,44230382
2026-01-21,24.24,24.33,23.79,23.93,37287032
2026-01-22,24.01,24.37,23.97,23.97,27762482
2026-01-23,24.19,24.24,23.88,23.88,24263396
2026-01-26,23.88,23.93,23.35,23.48,33821325
2026-01-27,23.52,23.7,23.39,23.61,21036241
2026-01-28,23.7,24.19,23.7,23.84,30011992
2026-01-29,23.93,24.19,23.93,24.19,27633000
2026-01-30,24.37,24.55,23.88,23.93,40604861
2026-02-02,23.93,23.93,23.43,23.7,44072377
2026-02-03,23.79,24.19,23.79,23.88,32059394
2026-02-04,23.97,25.53,23.97,25.26,145541970
2026-02-05,25.26,25.31,24.59,24.59,32944447
2026-02-06,24.42,25.09,23.93,23.93,67125175
2026-02-09,24.15,24.37,23.84,23.88,24339558
2026-02-10,24.01,24.06,23.57,23.7,32599027
2026-02-11,23.79,24.19,23.66,23.97,26520840
2026-02-12,24.1,24.19,23.88,24.01,13153101
2026-02-13,24.01,24.24,23.93,23.97,24094726
2026-02-23,24.19,24.55,24.19,24.55,36121449
2026-02-24,24.55,25.35,24.42,25.26,99591117
2026-02-25,25.35,26.51,25.35,26.16,136554839
2026-02-26,26.34,26.38,25.71,26.25,54581069
2026-02-27,26.2,26.25,25.71,25.71,47359841
2026-03-02,25.18,26.11,25.04,25.44,87010719
2026-03-03,25.71,25.76,24.64,24.73,69389069
2026-03-04,24.64,24.86,23.93,24.73,68358533
2026-03-05,24.95,25.13,24.19,24.33,48074918
2026-03-06,24.1,24.64,23.97,24.33,44394352
2026-03-09,22.76,23.35,22.63,22.63,121179573
2026-03-10,23.93,24.19,23.35,24.19,91335047
2026-03-11,24.24,24.68,24.06,24.46,49974976
2026-03-12,24.1,24.24,23.79,23.93,44119490
2026-03-13,23.84,24.28,23.66,23.79,28712247
2026-03-16,23.79,24.06,23.7,23.88,19919396
2026-03-17,24.1,24.42,24.01,24.01,24215101
2026-03-18,24.01,24.24,23.79,23.93,23095121
2026-03-19,23.66,23.97,23.52,23.84,36877490
2026-03-20,23.66,23.7,23.12,23.12,60947825
2026-03-23,22.9,23.39,22.54,22.76,44432830
2026-03-24,23.21,23.48,23.08,23.17,27812914
2026-03-25,23.48,23.57,23.3,23.52,22994578
2026-03-26,23.48,23.52,23.12,23.12,18460225
2026-03-27,23.17,23.84,23.08,23.66,26889578
2026-03-30,23.35,24.19,23.17,24.01,41321889
2026-03-31,24.15,24.33,23.93,24.01,23582550
2026-04-01,24.42,24.51,24.19,24.24,31537144
2026-04-02,24.1,24.55,23.88,24.42,50053298
2026-04-03,24.42,24.46,23.75,23.79,31433251
2026-04-06,23.79,24.19,23.75,23.97,19771644
2026-04-07,23.93,24.19,23.88,23.93,13180721
2026-04-08,24.55,25.04,24.46,25.0,67731999
2026-04-09,24.91,25.53,24.68,25.22,51678497
2026-04-10,25.53,25.53,25.0,25.0,35513748
2026-04-13,24.86,25.13,24.82,24.82,23037424
2026-04-14,25.09,25.71,24.95,25.49,62006470
2026-04-15,25.62,25.67,25.04,25.04,29790490
2026-04-16,25.04,25.18,24.77,24.95,28012198
2026-04-17,24.95,25.22,24.91,25.0,21420449
2026-04-20,25.13,25.4,25.04,25.4,26468808
2026-04-21,26.02,26.29,25.44,25.49,99722634
2026-04-22,25.49,25.62,25.04,25.18,27776563
2026-04-23,25.18,25.31,24.64,24.82,41183372
2026-04-24,24.91,24.95,24.55,24.91,23427585
2026-04-28,24.82,25.0,24.73,24.77,14097091
2026-04-29,24.68,24.91,24.64,24.77,17258827
2026-05-04,24.77,24.95,24.46,24.64,32415715
2026-05-05,24.68,24.73,24.28,24.37,30720861
2026-05-06,24.46,24.82,24.37,24.64,27689609
2026-05-07,24.82,24.91,24.64,24.77,20376023
2026-05-08,24.77,24.91,24.59,24.86,20700430
2026-05-11,25.0,25.0,24.55,24.55,23702974
2026-05-12,24.55,24.73,24.41,24.45,19197160
2026-05-13,24.5,24.77,24.36,24.64,21568148
2026-05-14,24.82,24.91,24.59,24.59,14068257
2026-05-15,24.59,24.64,24.05,24.14,75912487
2026-05-18,24.09,24.27,23.86,24.05,27528757
2026-05-19,24.09,24.23,23.86,23.86,25163815
2026-05-20,23.91,24.0,23.41,23.82,41052048
2026-05-21,23.95,24.27,23.91,24.14,30595854
2026-05-22,24.18,24.23,23.95,23.95,25827721
2026-05-25,24.25,24.35,24.1,24.1,27074403
2026-05-26,24.1,24.25,24.0,24.25,20759854
2026-05-27,24.4,24.5,24.15,24.15,23173011
2026-05-28,24.15,24.25,24.0,24.0,15705421
2026-05-29,24.05,24.2,23.9,24.0,16397908
2026-06-01,24.0,24.15,23.95,24.05,9694955
2026-06-02,24.0,24.05,23.7,23.7,25598352
2026-06-03,23.7,24.15,23.6,24.15,20599837
2026-06-04,24.15,24.15,23.9,23.95,10092325
2026-06-05,23.95,24.05,23.75,23.75,13891200
2026-06-08,23.65,23.75,23.3,23.3,22769900
2026-06-09,23.35,23.55,23.3,23.55,12441700
2026-06-10,23.55,23.7,23.45,23.6,7505500
2026-06-11,23.5,23.55,23.3,23.3,10177700
2026-06-12,23.55,23.55,23.2,23.2,13271400
