time,open,high,low,close,volume
2013-06-06,2.55,2.58,2.42,2.51,117340
2013-06-07,2.53,2.53,2.46,2.49,99080
2013-06-10,2.49,2.64,2.39,2.44,189620
2013-06-11,2.44,2.51,2.28,2.37,528980
2013-06-12,2.35,2.42,2.33,2.37,46780
2013-06-13,2.39,2.42,2.3,2.3,70600
2013-06-14,2.33,2.35,2.21,2.3,144430
2013-06-17,2.24,2.3,2.17,2.19,135210
2013-06-18,2.17,2.19,2.06,2.15,191830
2013-06-19,2.19,2.19,2.08,2.19,70770
2013-06-20,2.17,2.19,2.06,2.19,92830
2013-06-21,2.1,2.17,2.1,2.15,32720
2013-06-24,2.15,2.15,2.03,2.1,103420
2013-06-25,2.1,2.1,1.97,2.03,238290
2013-06-26,2.03,2.12,1.99,2.06,130670
2013-06-27,2.1,2.1,1.92,2.06,182170
2013-06-28,2.1,2.19,2.1,2.19,321210
2013-07-01,2.19,2.21,2.15,2.17,69650
2013-07-02,2.15,2.24,2.15,2.15,152150
2013-07-03,2.15,2.17,2.08,2.12,69250
2013-07-04,2.17,2.17,2.12,2.12,49800
2013-07-05,2.17,2.17,2.12,2.17,47840
2013-07-08,2.17,2.21,2.12,2.12,45070
2013-07-09,2.15,2.15,2.1,2.12,24310
2013-07-10,2.12,2.17,2.06,2.08,52870
2013-07-11,2.12,2.15,2.08,2.12,38210
2013-07-12,2.15,2.17,2.12,2.17,43710
2013-07-15,2.17,2.21,2.15,2.17,71570
2013-07-16,2.15,2.17,2.06,2.12,74630
2013-07-17,2.15,2.19,2.12,2.15,79910
2013-07-18,2.15,2.19,2.15,2.17,160110
2013-07-19,2.21,2.21,2.19,2.19,193800
2013-07-22,2.19,2.21,2.17,2.17,93730
2013-07-23,2.1,2.12,2.03,2.03,155660
2013-07-24,2.03,2.03,1.9,1.92,243990
2013-07-25,1.94,2.03,1.92,1.99,209960
2013-07-26,2.03,2.12,2.01,2.08,129790
2013-07-29,2.08,2.15,2.08,2.08,114480
2013-07-30,2.01,2.1,2.01,2.1,54240
2013-07-31,2.12,2.12,2.08,2.08,52420
2013-08-01,2.03,2.12,2.01,2.12,22060
2013-08-02,2.12,2.17,2.1,2.15,50390
2013-08-05,2.15,2.15,2.03,2.15,67810
2013-08-06,2.15,2.17,2.15,2.17,66790
2013-08-07,2.15,2.19,2.15,2.17,48610
2013-08-08,2.19,2.21,2.1,2.15,35000
2013-08-09,2.17,2.17,2.08,2.08,45020
2013-08-12,2.17,2.17,2.12,2.17,69590
2013-08-13,2.17,2.26,2.17,2.21,253960
2013-08-14,2.24,2.3,2.21,2.3,163970
2013-08-15,2.3,2.3,2.19,2.21,82940
2013-08-16,2.19,2.24,2.15,2.17,323770
2013-08-19,2.19,2.26,2.19,2.21,340400
2013-08-20,2.19,2.24,2.17,2.21,153030
2013-08-21,2.17,2.19,2.17,2.19,161270
2013-08-22,2.19,2.19,2.15,2.15,116050
2013-08-23,2.12,2.21,2.12,2.17,212640
2013-08-26,2.19,2.21,2.19,2.21,109300
2013-08-27,2.21,2.24,2.19,2.21,111890
2013-08-28,2.19,2.21,2.17,2.19,124350
2013-08-29,2.24,2.24,2.17,2.19,105930
2013-08-30,2.19,2.24,2.19,2.24,179990
2013-09-03,2.19,2.24,2.19,2.24,58060
2013-09-04,2.26,2.26,2.21,2.21,40010
2013-09-05,2.19,2.24,2.19,2.19,43720
2013-09-06,2.21,2.24,2.19,2.21,60500
2013-09-09,2.24,2.26,2.21,2.21,151490
2013-09-10,2.21,2.26,2.21,2.24,109670
2013-09-11,2.24,2.26,2.24,2.24,103150
2013-09-12,2.24,2.26,2.24,2.26,103710
2013-09-13,2.24,2.26,2.19,2.26,30460
2013-09-16,2.21,2.24,2.19,2.24,34310
2013-09-17,2.19,2.19,2.15,2.19,34370
2013-09-18,2.15,2.15,2.1,2.1,26890
2013-09-19,2.1,2.15,2.1,2.15,21160
2013-09-20,2.17,2.17,2.17,2.17,10000
2013-09-23,2.15,2.19,2.15,2.19,10020
2013-09-24,2.17,2.21,2.17,2.21,16550
2013-09-25,2.19,2.26,2.19,2.21,28050
2013-09-26,2.26,2.26,2.21,2.26,23000
2013-09-27,2.21,2.21,2.19,2.21,18850
2013-09-30,2.24,2.26,2.24,2.26,28100
2013-10-01,2.26,2.42,2.26,2.37,54890
2013-10-02,2.39,2.39,2.24,2.37,29110
2013-10-03,2.33,2.35,2.28,2.28,20970
2013-10-04,2.35,2.35,2.33,2.33,16010
2013-10-07,2.33,2.37,2.33,2.37,19300
2013-10-08,2.37,2.42,2.28,2.42,14780
2013-10-09,2.46,2.46,2.33,2.33,5000
2013-10-10,2.35,2.49,2.35,2.46,94370
2013-10-11,2.39,2.51,2.39,2.46,51640
2013-10-14,2.44,2.46,2.44,2.44,43410
2013-10-15,2.44,2.44,2.44,2.44,4540
2013-10-16,2.44,2.49,2.44,2.46,114650
2013-10-17,2.46,2.46,2.44,2.46,70850
2013-10-18,2.44,2.44,2.44,2.44,21800
2013-10-21,2.46,2.46,2.42,2.42,52770
2013-10-22,2.37,2.42,2.35,2.42,30530
2013-10-23,2.39,2.44,2.39,2.44,29650
2013-10-24,2.35,2.49,2.35,2.49,15150
2013-10-25,2.44,2.46,2.39,2.46,45000
2013-10-28,2.46,2.46,2.42,2.42,46400
2013-10-29,2.46,2.46,2.42,2.42,33200
2013-10-30,2.44,2.44,2.42,2.42,36800
2013-10-31,2.42,2.42,2.42,2.42,29000
2013-11-01,2.44,2.44,2.42,2.44,20000
2013-11-04,2.44,2.46,2.44,2.46,10000
2013-11-05,2.46,2.46,2.42,2.46,4390
2013-11-06,2.44,2.44,2.44,2.44,10000
2013-11-07,2.44,2.51,2.44,2.51,41280
2013-11-08,2.51,2.51,2.51,2.51,11790
2013-11-11,2.49,2.67,2.49,2.67,61030
2013-11-12,2.71,2.8,2.62,2.8,29720
2013-11-13,2.67,2.67,2.62,2.62,86010
2013-11-14,2.62,2.71,2.62,2.69,86380
2013-11-15,2.69,2.69,2.53,2.55,18210
2013-11-18,2.46,2.49,2.46,2.46,9100
2013-11-19,2.46,2.49,2.3,2.44,126150
2013-11-20,2.44,2.44,2.44,2.44,15000
2013-11-21,2.44,2.55,2.44,2.55,10520
2013-11-22,2.44,2.55,2.44,2.55,15240
2013-11-25,2.44,2.71,2.44,2.71,87300
2013-11-26,2.82,2.82,2.64,2.71,16040
2013-11-27,2.6,2.76,2.6,2.71,13620
2013-11-28,2.71,2.73,2.71,2.73,23170
2013-11-29,2.62,2.76,2.62,2.76,21920
2013-12-02,2.76,2.78,2.71,2.76,15710
2013-12-03,2.76,2.8,2.76,2.8,4950
2013-12-04,2.8,2.98,2.8,2.98,59060
2013-12-05,2.98,2.98,2.82,2.96,120
2013-12-06,3.0,3.0,2.94,3.0,32480
2013-12-09,3.0,3.07,2.98,3.07,45150
2013-12-10,3.12,3.12,3.12,3.12,12210
2013-12-11,3.12,3.12,3.05,3.07,59290
2013-12-12,3.05,3.07,3.05,3.05,17180
2013-12-13,3.05,3.05,3.05,3.05,10000
2013-12-16,3.05,3.14,2.98,3.14,21110
2013-12-17,3.05,3.14,3.05,3.14,25700
2013-12-18,3.14,3.14,3.14,3.14,3500
2013-12-19,3.14,3.14,3.07,3.07,5200
2013-12-20,3.07,3.07,3.05,3.05,7650
2013-12-23,3.07,3.21,3.07,3.1,11110
2013-12-24,3.1,3.1,3.07,3.07,6370
2013-12-25,3.07,3.07,3.07,3.07,2500
2013-12-26,3.1,3.1,3.1,3.1,4000
2013-12-27,3.05,3.05,3.05,3.05,780
2013-12-30,3.1,3.1,3.03,3.03,5800
2013-12-31,3.03,3.03,3.03,3.03,500
2014-01-02,3.14,3.14,3.05,3.05,220
2014-01-03,3.05,3.05,2.94,2.94,2000
2014-01-06,2.94,2.94,2.89,2.89,2000
2014-01-07,2.85,2.87,2.85,2.87,610
2014-01-08,2.87,2.94,2.85,2.87,11000
2014-01-09,2.91,2.94,2.91,2.94,33910
2014-01-10,2.94,2.94,2.94,2.94,7100
2014-01-13,2.94,3.05,2.85,3.05,7210
2014-01-14,2.94,3.12,2.94,2.94,24670
2014-01-15,3.05,3.14,3.0,3.0,17200
2014-01-16,3.05,3.14,3.05,3.05,5130
2014-01-17,2.94,3.05,2.94,3.05,6330
2014-01-20,3.03,3.03,2.89,2.94,4300
2014-01-21,3.12,3.14,3.07,3.14,25070
2014-01-22,3.14,3.14,3.14,3.14,19000
2014-01-23,3.14,3.14,2.94,2.94,4450
2014-01-24,3.03,3.05,3.03,3.05,8000
2014-01-27,3.05,3.07,3.05,3.05,13650
2014-02-06,2.96,3.19,2.96,3.16,15650
2014-02-07,3.21,3.21,3.12,3.14,28370
2014-02-10,3.16,3.3,3.16,3.16,9330
2014-02-11,3.19,3.37,3.16,3.37,25220
2014-02-12,3.28,3.5,3.28,3.37,16720
2014-02-13,3.37,3.59,3.37,3.59,35770
2014-02-14,3.73,3.82,3.57,3.82,26610
2014-02-17,3.64,3.84,3.62,3.71,108960
2014-02-18,3.82,3.82,3.5,3.59,45020
2014-02-19,3.48,3.62,3.48,3.52,16170
2014-02-20,3.5,3.73,3.5,3.52,79920
2014-02-21,3.52,3.52,3.39,3.46,14740
2014-02-24,3.46,3.68,3.43,3.68,37120
2014-02-25,3.68,3.93,3.57,3.91,30780
2014-02-26,4.07,4.11,3.75,3.75,28370
2014-02-27,3.89,3.89,3.64,3.66,21330
2014-02-28,3.62,3.62,3.62,3.62,9690
2014-03-03,3.39,3.66,3.39,3.5,15450
2014-03-04,3.39,3.59,3.39,3.41,25940
2014-03-05,3.32,3.59,3.32,3.43,11660
2014-03-06,3.43,3.48,3.43,3.43,15750
2014-03-07,3.62,3.62,3.28,3.52,32750
2014-03-10,3.37,3.73,3.34,3.68,103260
2014-03-11,3.62,3.71,3.48,3.64,17190
2014-03-12,3.52,3.71,3.52,3.71,18890
2014-03-13,3.84,3.93,3.57,3.57,30240
2014-03-14,3.5,3.8,3.34,3.59,61160
2014-03-17,3.48,3.75,3.41,3.64,57480
2014-03-18,3.62,3.82,3.62,3.73,29160
2014-03-19,3.93,3.95,3.71,3.73,26650
2014-03-20,3.93,3.93,3.55,3.55,138320
2014-03-21,3.55,3.71,3.43,3.52,34310
2014-03-24,3.52,3.66,3.52,3.57,93540
2014-03-25,3.57,3.8,3.57,3.64,84590
2014-03-26,3.62,3.89,3.62,3.66,131140
2014-03-27,3.55,3.91,3.55,3.91,150620
2014-03-28,3.73,4.07,3.71,3.71,172550
2014-03-31,3.8,3.8,3.66,3.68,45300
2014-04-01,3.68,3.68,3.68,3.68,0
2014-04-02,3.68,3.68,3.68,3.68,0
2014-04-03,3.73,3.93,3.64,3.71,116400
2014-04-04,3.71,3.84,3.68,3.75,141390
2014-04-07,3.57,3.93,3.57,3.68,57620
2014-04-08,3.64,3.73,3.59,3.64,23630
2014-04-10,3.71,3.84,3.64,3.64,45240
2014-04-11,3.57,3.73,3.48,3.66,28420
2014-04-14,3.75,3.8,3.57,3.57,120140
2014-04-15,3.52,3.71,3.43,3.68,58960
2014-04-16,3.73,3.73,3.43,3.62,126240
2014-04-17,3.41,3.68,3.39,3.59,45760
2014-04-18,3.66,3.66,3.48,3.57,33520
2014-04-21,3.34,3.62,3.32,3.52,52980
2014-04-22,3.5,3.73,3.39,3.55,65940
2014-04-23,3.41,3.62,3.34,3.57,30390
2014-04-24,3.57,3.62,3.34,3.57,41870
2014-04-25,3.57,3.64,3.52,3.59,21810
2014-04-28,3.64,3.64,3.57,3.57,9170
2014-04-29,3.55,3.57,3.39,3.57,22140
2014-05-05,3.46,3.57,3.37,3.5,34260
2014-05-06,3.52,3.52,3.32,3.48,75100
2014-05-07,3.3,3.52,3.3,3.5,37560
2014-05-08,3.5,3.52,3.28,3.41,72440
2014-05-09,3.39,3.41,3.34,3.41,35520
2014-05-12,3.25,3.39,3.19,3.19,56360
2014-05-13,3.16,3.37,3.14,3.37,163840
2014-05-14,3.28,3.46,3.28,3.46,73630
2014-05-15,3.52,3.55,3.3,3.43,43240
2014-05-16,3.41,3.57,3.37,3.46,43680
2014-05-19,3.5,3.5,3.3,3.48,29170
2014-05-20,3.55,3.55,3.41,3.48,20560
2014-05-21,3.59,3.59,3.32,3.5,29230
2014-05-22,3.5,3.55,3.41,3.55,33620
2014-05-23,3.71,3.71,3.46,3.64,27110
2014-05-26,3.77,3.77,3.64,3.68,33460
2014-05-27,3.68,3.73,3.66,3.71,28410
2014-05-28,3.71,3.75,3.68,3.68,34000
2014-05-29,3.82,3.82,3.62,3.75,14920
2014-05-30,3.8,3.8,3.73,3.77,13450
2014-06-02,3.77,3.77,3.64,3.75,59920
2014-06-03,3.75,3.84,3.75,3.75,51730
2014-06-04,3.75,3.8,3.64,3.73,43030
2014-06-05,3.77,3.77,3.55,3.75,43110
2014-06-06,3.82,3.82,3.57,3.77,35570
2014-06-09,3.73,3.77,3.62,3.75,32420
2014-06-10,3.73,3.75,3.73,3.73,16300
2014-06-11,3.75,3.75,3.66,3.71,20540
2014-06-12,3.71,3.71,3.59,3.62,35210
2014-06-13,3.71,3.73,3.55,3.62,37090
2014-06-16,3.68,3.71,3.59,3.68,29380
2014-06-17,3.68,3.73,3.62,3.73,26330
2014-06-18,3.73,3.75,3.62,3.71,28490
2014-06-19,3.66,3.71,3.59,3.71,29200
2014-06-20,3.71,3.77,3.62,3.68,31460
2014-06-23,3.71,3.73,3.64,3.71,22840
2014-06-24,3.71,3.71,3.55,3.71,37440
2014-06-25,3.68,3.71,3.68,3.68,21320
2014-06-26,3.62,3.71,3.57,3.68,23440
2014-06-27,3.66,3.68,3.55,3.66,50030
2014-06-30,3.68,3.68,3.57,3.64,28990
2014-07-01,3.64,3.64,3.57,3.64,26060
2014-07-02,3.62,3.64,3.57,3.62,20410
2014-07-03,3.62,3.64,3.55,3.62,37940
2014-07-04,3.64,3.64,3.57,3.62,22630
2014-07-07,3.59,3.86,3.59,3.73,30400
2014-07-08,3.71,3.71,3.59,3.68,27560
2014-07-09,3.68,3.71,3.59,3.71,25290
2014-07-10,3.68,3.71,3.66,3.71,23740
2014-07-11,3.68,3.75,3.68,3.68,18640
2014-07-14,3.59,3.73,3.59,3.73,35030
2014-07-15,3.71,3.73,3.62,3.62,20030
2014-07-16,3.64,3.71,3.59,3.71,38480
2014-07-17,3.8,3.84,3.68,3.82,106060
2014-07-18,3.93,4.07,3.86,4.07,36230
2014-07-21,4.32,4.32,4.09,4.13,37240
2014-07-22,4.18,4.18,4.11,4.18,20100
2014-07-23,4.29,4.32,4.18,4.23,47890
2014-07-24,4.29,4.32,4.23,4.32,45280
2014-07-25,4.5,4.5,4.41,4.41,45810
2014-07-28,4.38,4.38,4.2,4.38,34440
2014-07-29,4.38,4.5,4.34,4.47,40700
2014-07-30,4.47,4.52,4.43,4.52,68760
2014-07-31,4.52,4.63,4.47,4.56,95000
2014-08-01,4.47,4.56,4.47,4.5,125280
2014-08-04,4.54,4.63,4.52,4.54,99250
2014-08-05,4.61,4.61,4.52,4.52,173790
2014-08-06,4.61,4.61,4.52,4.54,108430
2014-08-07,4.54,4.56,4.47,4.54,130890
2014-08-08,4.54,4.59,4.52,4.54,168690
2014-08-11,4.56,4.56,4.52,4.56,156520
2014-08-12,4.59,4.88,4.56,4.88,249170
2014-08-13,4.9,5.04,4.88,4.97,266870
2014-08-14,4.95,5.08,4.95,4.95,273590
2014-08-15,4.9,4.95,4.88,4.93,165840
2014-08-18,4.93,5.15,4.93,4.95,140810
2014-08-19,4.97,5.2,4.63,4.95,151410
2014-08-20,5.02,5.02,4.88,4.95,118370
2014-08-21,4.95,4.97,4.88,4.93,156600
2014-08-22,4.93,4.93,4.84,4.86,261040
2014-08-25,4.86,4.9,4.74,4.74,128030
2014-08-26,4.84,4.84,4.43,4.63,172400
2014-08-27,4.63,4.84,4.61,4.7,209990
2014-08-28,4.86,4.86,4.65,4.74,369540
2014-08-29,4.86,4.86,4.74,4.81,326510
2014-09-03,4.9,5.13,4.88,5.13,434080
2014-09-04,4.99,5.35,4.99,5.24,159760
2014-09-05,5.35,5.35,5.08,5.2,232500
2014-09-08,5.2,5.29,4.97,5.04,275670
2014-09-09,5.04,5.04,4.84,4.84,187910
2014-09-10,4.86,4.88,4.74,4.84,145450
2014-09-11,4.84,5.02,4.84,4.99,183640
2014-09-12,4.99,5.08,4.93,4.97,177390
2014-09-15,4.97,4.97,4.79,4.84,165100
2014-09-16,4.79,4.84,4.68,4.79,168960
2014-09-17,4.81,4.81,4.65,4.81,160870
2014-09-18,4.74,4.84,4.63,4.65,217400
2014-09-19,4.65,4.72,4.65,4.65,110070
2014-09-22,4.72,4.72,4.59,4.63,178040
2014-09-23,4.63,4.74,4.63,4.63,106280
2014-09-24,4.61,4.7,4.59,4.68,157290
2014-09-25,4.68,4.72,4.59,4.63,161930
2014-09-26,4.63,4.74,4.59,4.7,194140
2014-09-29,4.7,4.7,4.61,4.65,139540
2014-09-30,4.63,4.68,4.56,4.68,158830
2014-10-01,4.65,4.77,4.63,4.74,296970
2014-10-02,4.74,4.9,4.72,4.88,255370
2014-10-03,4.95,4.95,4.84,4.93,259960
2014-10-06,4.93,4.95,4.88,4.88,254240
2014-10-07,4.93,4.93,4.77,4.86,201930
2014-10-08,4.86,4.86,4.79,4.79,235030
2014-10-09,4.79,4.81,4.77,4.81,223120
2014-10-10,4.79,4.79,4.68,4.68,160750
2014-10-13,4.68,4.68,4.63,4.68,177470
2014-10-14,4.68,4.68,4.52,4.52,158850
2014-10-15,4.45,4.56,4.45,4.52,101920
2014-10-16,4.52,4.52,4.29,4.29,136360
2014-10-17,4.41,4.41,4.27,4.41,124740
2014-10-20,4.43,4.61,4.38,4.45,169290
2014-10-21,4.43,4.47,4.41,4.47,198400
2014-10-22,4.45,4.56,4.45,4.52,164590
2014-10-23,4.52,4.54,4.43,4.43,154010
2014-10-24,4.47,4.52,4.41,4.41,198820
2014-10-27,4.45,4.45,4.34,4.43,175140
2014-10-28,4.43,4.52,4.43,4.5,186450
2014-10-29,4.5,4.52,4.47,4.5,129140
2014-10-30,4.5,4.5,4.45,4.45,143130
2014-10-31,4.45,4.52,4.45,4.5,179100
2014-11-03,4.47,4.59,4.47,4.52,194240
2014-11-04,4.52,4.7,4.52,4.63,261560
2014-11-05,4.63,4.74,4.63,4.68,272220
2014-11-06,4.68,4.84,4.68,4.74,285530
2014-11-07,4.74,4.79,4.68,4.72,203380
2014-11-10,4.74,4.74,4.65,4.68,188160
2014-11-11,4.74,4.74,4.63,4.63,142810
2014-11-12,4.59,4.63,4.56,4.59,102630
2014-11-13,4.65,4.65,4.5,4.5,97870
2014-11-14,4.5,4.5,4.43,4.5,105270
2014-11-17,4.5,4.52,4.45,4.5,102740
2014-11-18,4.5,4.5,4.41,4.41,112090
2014-11-19,4.45,4.45,4.41,4.41,82570
2014-11-20,4.45,4.5,4.43,4.47,97670
2014-11-21,4.5,4.5,4.38,4.38,97240
2014-11-24,4.43,4.43,4.34,4.38,114130
2014-11-25,4.34,4.38,4.29,4.36,118400
2014-11-26,4.36,4.38,4.29,4.29,113870
2014-11-27,4.29,4.32,4.27,4.32,75710
2014-11-28,4.32,4.36,4.32,4.32,42270
2014-12-01,4.38,4.38,4.29,4.29,104550
2014-12-02,4.29,4.45,4.29,4.41,186970
2014-12-03,4.41,4.45,4.38,4.41,99310
2014-12-04,4.41,4.47,4.38,4.38,117160
2014-12-05,4.38,4.41,4.34,4.38,114130
2014-12-08,4.38,4.38,4.32,4.36,112710
2014-12-09,4.34,4.41,4.27,4.29,368490
2014-12-10,4.25,4.34,4.18,4.34,254810
2014-12-11,4.25,4.34,4.25,4.32,313320
2014-12-12,4.27,4.5,4.27,4.45,345220
2014-12-15,4.5,4.5,4.41,4.41,56500
2014-12-16,4.41,4.43,4.36,4.36,156400
2014-12-17,4.36,4.38,4.07,4.07,178500
2014-12-18,4.23,4.32,4.18,4.32,108680
2014-12-19,4.32,4.34,4.27,4.27,98570
2014-12-22,4.27,4.34,4.27,4.32,139810
2014-12-23,4.27,4.34,4.27,4.32,42180
2014-12-24,4.29,4.34,4.29,4.32,30850
2014-12-25,4.32,4.34,4.27,4.32,25710
2014-12-26,4.32,4.32,4.27,4.27,26070
2014-12-29,4.27,4.29,4.25,4.29,101700
2014-12-30,4.25,4.34,4.25,4.34,115000
2014-12-31,4.32,4.56,4.32,4.56,50790
2015-01-05,4.41,4.5,4.41,4.47,56050
2015-01-06,4.45,4.52,4.45,4.52,75010
2015-01-07,4.43,4.54,4.43,4.54,92340
2015-01-08,4.54,4.54,4.5,4.52,58420
2015-01-09,4.54,4.63,4.54,4.56,64940
2015-01-12,4.59,4.59,4.56,4.56,37300
2015-01-13,4.56,4.65,4.56,4.63,70710
2015-01-14,4.65,4.65,4.59,4.63,122490
2015-01-15,4.65,4.65,4.61,4.63,130830
2015-01-16,4.63,4.68,4.63,4.63,60450
2015-01-19,4.65,4.68,4.63,4.63,57950
2015-01-20,4.63,4.68,4.61,4.68,78350
2015-01-21,4.72,4.81,4.7,4.81,66310
2015-01-22,4.81,4.86,4.77,4.77,43110
2015-01-23,4.77,5.06,4.74,5.02,237120
2015-01-26,5.02,5.02,4.88,4.88,72740
2015-01-27,4.88,4.97,4.86,4.86,164810
2015-01-28,4.88,4.93,4.84,4.93,181480
2015-01-29,4.95,4.97,4.9,4.9,128940
2015-01-30,4.97,4.97,4.86,4.9,88290
2015-02-02,4.88,4.95,4.88,4.93,59800
2015-02-03,4.93,5.06,4.93,4.95,101490
2015-02-04,4.93,4.97,4.9,4.95,46420
2015-02-05,4.95,4.97,4.9,4.9,87640
2015-02-06,4.9,4.93,4.9,4.93,144180
2015-02-09,4.93,4.97,4.9,4.95,57970
2015-02-10,4.97,4.99,4.93,4.97,43560
2015-02-11,4.99,5.11,4.99,5.08,63400
2015-02-12,5.04,5.17,5.04,5.11,90470
2015-02-13,5.13,5.15,5.11,5.15,58100
2015-02-24,5.15,5.17,5.11,5.15,24420
2015-02-25,5.13,5.15,5.06,5.06,81040
2015-02-26,5.02,5.11,5.02,5.11,28970
2015-02-27,5.11,5.11,4.99,4.99,87810
2015-03-02,4.97,5.04,4.97,4.99,96620
2015-03-03,4.97,5.06,4.97,5.06,94030
2015-03-04,5.06,5.11,5.06,5.08,65010
2015-03-05,5.13,5.13,5.06,5.08,126240
2015-03-06,5.11,5.11,5.04,5.08,26320
2015-03-09,5.08,5.08,4.97,5.02,24260
2015-03-10,4.99,5.04,4.97,5.02,26230
2015-03-11,5.02,5.02,4.84,4.97,34950
2015-03-12,4.93,5.11,4.88,5.08,87890
2015-03-13,5.04,5.08,4.97,5.08,40610
2015-03-16,5.08,5.08,4.97,5.02,17330
2015-03-17,4.99,5.04,4.95,4.99,25330
2015-03-18,4.99,4.99,4.88,4.95,17200
2015-03-19,4.9,4.95,4.88,4.88,36470
2015-03-20,4.88,4.99,4.86,4.97,23550
2015-03-23,4.9,4.97,4.86,4.86,60320
2015-03-24,4.86,4.9,4.81,4.86,59020
2015-03-25,4.93,4.95,4.88,4.95,14770
2015-03-26,4.95,4.95,4.9,4.95,15830
2015-03-27,4.95,4.97,4.93,4.93,19180
2015-03-30,4.88,4.95,4.81,4.93,48180
2015-03-31,4.93,4.97,4.84,4.95,98470
2015-04-01,4.88,4.95,4.84,4.84,121250
2015-04-02,4.88,4.9,4.84,4.88,253800
2015-04-03,4.9,4.95,4.86,4.93,245560
2015-04-06,4.93,5.06,4.9,4.93,413230
2015-04-07,4.93,5.15,4.9,5.08,395180
2015-04-08,5.06,5.13,5.02,5.08,128200
2015-04-09,5.08,5.33,5.08,5.33,1404410
2015-04-10,5.29,5.47,5.29,5.47,853650
2015-04-13,5.42,5.49,5.31,5.33,517130
2015-04-14,5.35,5.35,5.13,5.24,613200
2015-04-15,5.24,5.42,5.08,5.42,456460
2015-04-16,5.47,5.51,5.33,5.38,565940
2015-04-17,5.33,5.35,5.2,5.26,930110
2015-04-20,5.2,5.29,5.08,5.2,706420
2015-04-21,5.26,5.26,4.88,4.88,587530
2015-04-22,4.88,4.95,4.84,4.84,579810
2015-04-23,4.84,4.9,4.65,4.77,1007840
2015-04-24,4.77,4.84,4.7,4.74,250830
2015-04-27,4.79,4.79,4.63,4.63,267550
2015-05-04,4.63,4.68,4.47,4.5,682470
2015-05-05,4.5,4.7,4.34,4.63,487210
2015-05-06,4.63,4.63,4.5,4.5,226800
2015-05-07,4.47,4.72,4.47,4.72,390290
2015-05-08,4.72,4.88,4.68,4.86,473060
2015-05-11,4.9,4.9,4.79,4.88,153050
2015-05-12,4.88,4.88,4.68,4.68,54590
2015-05-13,4.74,4.74,4.59,4.65,28010
2015-05-14,4.65,4.79,4.61,4.79,76550
2015-05-15,4.79,4.79,4.61,4.61,222430
2015-05-18,4.72,4.72,4.52,4.54,82580
2015-05-19,4.61,4.63,4.52,4.61,71820
2015-05-20,4.68,4.86,4.63,4.86,258590
2015-05-21,4.86,4.9,4.74,4.86,377920
2015-05-22,4.84,5.11,4.84,5.06,952950
2015-05-25,5.06,5.08,4.74,5.08,470890
2015-05-26,4.86,5.11,4.86,4.93,474920
2015-05-27,4.84,5.04,4.84,5.02,378350
2015-05-28,4.97,4.99,4.86,4.97,177040
2015-05-29,4.86,4.99,4.86,4.86,127040
2015-06-01,4.9,4.9,4.77,4.79,75440
2015-06-02,4.81,4.88,4.74,4.81,81490
2015-06-03,4.81,4.84,4.81,4.81,27380
2015-06-04,4.74,4.81,4.74,4.81,40550
2015-06-05,4.81,4.86,4.81,4.84,58750
2015-06-08,4.84,4.95,4.81,4.93,333480
2015-06-09,4.93,4.93,4.79,4.86,158740
2015-06-10,4.88,4.9,4.84,4.9,110250
2015-06-11,4.9,5.11,4.9,5.04,509190
2015-06-12,5.08,5.38,5.06,5.38,473340
2015-06-15,5.42,5.42,5.02,5.02,980190
2015-06-16,5.04,5.04,4.86,4.9,103630
2015-06-17,4.79,4.97,4.79,4.97,101550
2015-06-18,4.84,4.93,4.84,4.88,55570
2015-06-19,4.88,4.95,4.88,4.95,98030
2015-06-22,4.95,4.97,4.88,4.95,56600
2015-06-23,4.95,4.95,4.9,4.93,83340
2015-06-24,4.9,4.93,4.84,4.84,160050
2015-06-25,4.9,4.9,4.81,4.84,126810
2015-06-26,4.88,4.9,4.84,4.86,160710
2015-06-29,4.86,4.88,4.84,4.86,78410
2015-06-30,4.86,4.93,4.86,4.9,112330
2015-07-01,4.95,5.02,4.9,4.97,285800
2015-07-02,4.99,5.08,4.99,5.06,309340
2015-07-03,5.08,5.17,5.08,5.13,222150
2015-07-06,5.08,5.15,5.08,5.13,199750
2015-07-07,5.13,5.13,5.04,5.08,185930
2015-07-08,5.08,5.08,4.97,5.02,107830
2015-07-09,4.97,5.06,4.97,5.06,157460
2015-07-10,5.08,5.24,5.06,5.2,226900
2015-07-13,5.2,5.31,5.17,5.26,225880
2015-07-14,5.31,5.31,5.13,5.15,127980
2015-07-15,5.2,5.22,4.97,4.97,347720
2015-07-16,5.04,5.04,4.9,4.93,183780
2015-07-17,4.9,4.97,4.9,4.95,180930
2015-07-20,4.9,4.95,4.9,4.93,77000
2015-07-21,4.88,4.9,4.84,4.88,194620
2015-07-22,4.77,4.97,4.77,4.97,39960
2015-07-23,4.97,4.99,4.9,4.9,39380
2015-07-24,4.9,5.02,4.9,4.97,108930
2015-07-27,5.04,5.04,4.93,4.97,120560
2015-07-28,4.97,5.04,4.97,5.02,132150
2015-07-29,5.04,5.04,4.97,4.97,139480
2015-07-30,4.99,4.99,4.93,4.93,51860
2015-07-31,4.95,4.95,4.9,4.9,63210
2015-08-03,4.9,4.93,4.88,4.88,65770
2015-08-04,4.93,4.93,4.86,4.9,39810
2015-08-05,4.9,4.97,4.88,4.93,25660
2015-08-06,4.93,4.99,4.93,4.97,59440
2015-08-07,4.95,5.02,4.9,4.97,69540
2015-08-10,4.97,4.99,4.95,4.97,49130
2015-08-11,4.95,5.02,4.95,4.97,52450
2015-08-12,4.97,4.97,4.88,4.9,32030
2015-08-13,4.95,4.95,4.81,4.86,59400
2015-08-14,4.86,4.86,4.77,4.84,69800
2015-08-17,4.86,4.93,4.84,4.86,74800
2015-08-18,4.88,4.88,4.81,4.84,139970
2015-08-19,4.84,4.84,4.72,4.77,105890
2015-08-20,4.77,4.77,4.68,4.68,45860
2015-08-21,4.63,4.63,4.36,4.52,462380
2015-08-24,4.47,4.47,4.2,4.34,285720
2015-08-25,4.27,4.34,4.18,4.29,239900
2015-08-26,4.27,4.41,4.27,4.41,196120
2015-08-27,4.41,4.47,4.38,4.43,226620
2015-08-28,4.43,4.45,4.34,4.41,377800
2015-08-31,4.41,4.41,4.34,4.41,167580
2015-09-01,4.38,4.5,4.36,4.41,419250
2015-09-03,4.38,4.41,4.29,4.36,169210
2015-09-04,4.38,4.38,4.36,4.38,116380
2015-09-07,4.34,4.38,4.34,4.38,335360
2015-09-08,4.36,4.45,4.36,4.45,272610
2015-09-09,4.54,4.54,4.43,4.52,119840
2015-09-10,4.47,4.5,4.43,4.47,88450
2015-09-11,4.45,4.52,4.43,4.43,94460
2015-09-14,4.43,4.45,4.43,4.45,43230
2015-09-15,4.45,4.47,4.45,4.47,63010
2015-09-16,4.47,4.47,4.45,4.47,44130
2015-09-17,4.47,4.47,4.43,4.47,49740
2015-09-18,4.45,4.52,4.45,4.52,90650
2015-09-21,4.52,4.72,4.5,4.7,111050
2015-09-22,4.72,4.74,4.68,4.7,62860
2015-09-23,4.7,4.72,4.65,4.68,160560
2015-09-24,4.68,4.88,4.68,4.84,198100
2015-09-25,4.84,4.93,4.84,4.88,235790
2015-09-28,4.88,4.95,4.88,4.9,138450
2015-09-29,4.88,4.9,4.86,4.88,92310
2015-09-30,4.88,4.9,4.86,4.88,89510
2015-10-01,4.86,4.88,4.84,4.88,62100
2015-10-02,4.88,4.9,4.86,4.88,71270
2015-10-05,4.9,4.9,4.81,4.88,83760
2015-10-06,4.88,4.95,4.88,4.93,127790
2015-10-07,4.93,4.95,4.88,4.88,95320
2015-10-08,4.9,5.04,4.9,5.02,233910
2015-10-09,5.02,5.02,4.95,4.95,111970
2015-10-12,4.95,4.95,4.93,4.95,50060
2015-10-13,4.93,4.95,4.88,4.93,42190
2015-10-14,4.93,4.95,4.9,4.93,72580
2015-10-15,4.93,4.97,4.93,4.97,49550
2015-10-16,4.95,5.02,4.95,4.97,63930
2015-10-19,4.97,4.99,4.95,4.99,72070
2015-10-20,4.99,4.99,4.97,4.99,99120
2015-10-21,4.99,5.06,4.97,5.02,105610
2015-10-22,5.02,5.06,5.02,5.04,123590
2015-10-23,5.04,5.08,5.02,5.02,88270
2015-10-26,5.02,5.04,4.93,4.97,291070
2015-10-27,4.97,4.99,4.95,4.99,305750
2015-10-28,5.04,5.22,5.04,5.2,72220
2015-10-29,5.22,5.28,5.22,5.25,73300
2015-10-30,5.25,5.28,5.25,5.25,28610
2015-11-02,5.25,5.28,5.2,5.25,62700
2015-11-03,5.25,5.48,5.25,5.46,112830
2015-11-04,5.48,5.56,5.46,5.46,101250
2015-11-05,5.46,5.56,5.46,5.54,254500
2015-11-06,5.56,5.56,5.51,5.56,71560
2015-11-09,5.56,5.59,5.48,5.54,110270
2015-11-10,5.48,5.54,5.48,5.51,74710
2015-11-11,5.54,5.54,5.51,5.51,42270
2015-11-12,5.51,5.54,5.48,5.54,94590
2015-11-13,5.54,5.61,5.54,5.61,110240
2015-11-16,5.61,5.74,5.61,5.72,111710
2015-11-17,5.72,5.74,5.69,5.72,81110
2015-11-18,5.69,5.72,5.64,5.64,58290
2015-11-19,5.61,5.67,5.59,5.64,52200
2015-11-20,5.64,5.67,5.61,5.64,74100
2015-11-23,5.64,5.67,5.64,5.64,182850
2015-11-24,5.67,5.67,5.59,5.61,145370
2015-11-25,5.59,5.61,5.56,5.61,126550
2015-11-26,5.61,5.61,5.54,5.56,42110
2015-11-27,5.56,5.59,5.43,5.43,148310
2015-11-30,5.51,5.54,5.38,5.43,194400
2015-12-01,5.43,5.61,5.43,5.51,174440
2015-12-02,5.51,5.59,5.51,5.54,64140
2015-12-03,5.54,5.59,5.54,5.56,61520
2015-12-04,5.56,5.56,5.51,5.54,66280
2015-12-07,5.54,5.54,5.43,5.46,72760
2015-12-08,5.46,5.48,5.43,5.48,98350
2015-12-09,5.48,5.48,5.43,5.46,129960
2015-12-10,5.46,5.48,5.41,5.46,157300
2015-12-11,5.46,5.51,5.46,5.48,86810
2015-12-14,5.51,5.51,5.46,5.48,62740
2015-12-15,5.48,5.82,5.48,5.77,319200
2015-12-16,5.8,6.0,5.8,5.87,502710
2015-12-17,5.9,5.98,5.87,5.9,75720
2015-12-18,5.98,5.98,5.87,5.9,31510
2015-12-21,5.87,5.87,5.72,5.77,70630
2015-12-22,5.61,5.61,5.51,5.56,348120
2015-12-23,5.54,5.56,5.54,5.56,152750
2015-12-24,5.54,5.61,5.54,5.61,86370
2015-12-25,5.61,5.61,5.59,5.59,58270
2015-12-28,5.56,5.61,5.56,5.56,103600
2015-12-29,5.56,5.56,5.54,5.56,85550
2015-12-30,5.54,5.61,5.54,5.59,202250
2015-12-31,5.59,5.61,5.56,5.61,288550
2016-01-04,5.59,5.64,5.56,5.59,94450
2016-01-05,5.56,5.59,5.54,5.59,35550
2016-01-06,5.59,5.59,5.54,5.59,33500
2016-01-07,5.59,5.59,5.51,5.54,47330
2016-01-08,5.54,5.54,5.46,5.51,71300
2016-01-11,5.51,5.51,5.48,5.48,25450
2016-01-12,5.43,5.43,5.15,5.43,258380
2016-01-13,5.43,5.46,5.41,5.46,98220
2016-01-14,5.46,5.46,5.35,5.41,155180
2016-01-15,5.41,5.43,5.33,5.33,153650
2016-01-18,5.3,5.3,5.2,5.25,108770
2016-01-19,5.28,5.3,5.28,5.28,49690
2016-01-20,5.28,5.28,5.22,5.25,45670
2016-01-21,5.22,5.25,5.2,5.22,103490
2016-01-22,5.22,5.25,5.17,5.22,164240
2016-01-25,5.22,5.28,5.22,5.25,108060
2016-01-26,5.2,5.28,5.2,5.22,182670
2016-01-27,5.25,5.54,5.25,5.48,279950
2016-01-28,5.48,5.56,5.46,5.46,301060
2016-01-29,5.46,5.48,5.41,5.46,122590
2016-02-01,5.43,5.46,5.38,5.38,107210
2016-02-02,5.38,5.41,5.35,5.35,106780
2016-02-03,5.35,5.38,5.35,5.38,99690
2016-02-04,5.38,5.43,5.38,5.41,73610
2016-02-05,5.43,5.46,5.41,5.46,64580
2016-02-15,5.43,5.46,5.41,5.46,41450
2016-02-16,5.46,5.46,5.43,5.46,47690
2016-02-17,5.43,5.48,5.43,5.46,101510
2016-02-18,5.46,5.61,5.46,5.56,305790
2016-02-19,5.56,5.59,5.56,5.59,201550
2016-02-22,5.59,5.59,5.56,5.59,82240
2016-02-23,5.54,5.59,5.54,5.56,181950
2016-02-24,5.56,5.56,5.51,5.51,145490
2016-02-25,5.51,5.54,5.48,5.48,126540
2016-02-26,5.48,5.56,5.48,5.54,128370
2016-02-29,5.54,5.54,5.48,5.48,64700
2016-03-01,5.48,5.51,5.46,5.46,57140
2016-03-02,5.48,5.51,5.43,5.46,225830
2016-03-03,5.46,5.48,5.43,5.46,150560
2016-03-04,5.46,5.51,5.46,5.46,62380
2016-03-07,5.46,5.48,5.46,5.46,97310
2016-03-08,5.48,5.51,5.46,5.48,212230
2016-03-09,5.51,5.69,5.51,5.61,434700
2016-03-10,5.64,5.93,5.64,5.87,424620
2016-03-11,5.87,5.93,5.87,5.9,138260
2016-03-14,5.85,5.93,5.77,5.85,452420
2016-03-15,5.95,6.0,5.9,5.93,930170
2016-03-16,5.93,6.24,5.93,6.24,481380
2016-03-17,6.24,6.29,6.24,6.26,544760
2016-03-18,6.19,6.24,6.13,6.19,93930
2016-03-21,6.19,6.19,6.06,6.06,149000
2016-03-22,6.03,6.11,5.87,6.0,360770
2016-03-23,5.95,6.08,5.95,6.08,414210
2016-03-24,6.08,6.08,5.98,6.03,96050
2016-03-25,6.03,6.03,5.95,5.98,165530
2016-03-28,5.98,6.03,5.98,6.0,95480
2016-03-29,6.03,6.03,5.95,5.98,239730
2016-03-30,5.98,5.98,5.9,5.95,172700
2016-03-31,5.95,5.95,5.93,5.95,114420
2016-04-01,5.95,5.95,5.9,5.95,113270
2016-04-04,5.95,6.06,5.95,6.0,226680
2016-04-05,6.03,6.06,6.0,6.0,78460
2016-04-06,6.0,6.0,5.98,5.98,74060
2016-04-07,5.98,6.06,5.98,6.06,82670
2016-04-08,6.03,6.03,5.95,6.03,88320
2016-04-11,6.03,6.29,6.03,6.19,648980
2016-04-12,6.21,6.24,6.16,6.19,158770
2016-04-13,6.16,6.29,6.16,6.26,614970
2016-04-14,6.19,6.24,6.16,6.16,190470
2016-04-15,6.13,6.19,6.11,6.11,158710
2016-04-19,6.03,6.08,5.87,5.98,227440
2016-04-20,5.93,6.0,5.87,5.95,162640
2016-04-21,5.9,6.0,5.9,5.98,97780
2016-04-22,5.98,6.0,5.95,5.98,161060
2016-04-25,5.98,6.0,5.95,5.98,84670
2016-04-26,5.93,6.0,5.93,5.98,69200
2016-04-27,5.98,5.98,5.9,5.93,96620
2016-04-28,5.95,5.95,5.9,5.93,66260
2016-04-29,5.93,5.95,5.93,5.95,66400
2016-05-04,5.95,5.98,5.95,5.98,65680
2016-05-05,5.95,5.98,5.9,5.95,83840
2016-05-06,5.95,5.95,5.9,5.95,66790
2016-05-09,5.93,5.95,5.85,5.9,149850
2016-05-10,5.87,5.9,5.82,5.9,111270
2016-05-11,5.9,5.98,5.85,5.98,77730
2016-05-12,5.95,6.0,5.9,5.98,148900
2016-05-13,5.95,5.98,5.93,5.98,87720
2016-05-16,5.98,5.98,5.93,5.98,64580
2016-05-17,5.98,6.0,5.95,5.98,75030
2016-05-18,5.95,5.98,5.95,5.95,37680
2016-05-19,5.98,5.98,5.93,5.95,47110
2016-05-20,5.95,5.95,5.9,5.95,46080
2016-05-23,5.95,5.98,5.87,5.87,57370
2016-05-24,5.87,5.93,5.87,5.9,75580
2016-05-25,5.93,5.95,5.9,5.95,60130
2016-05-26,5.93,5.98,5.9,5.98,68220
2016-05-27,5.98,5.98,5.93,5.98,63480
2016-05-30,5.98,6.13,5.95,6.06,114720
2016-05-31,6.06,6.08,5.98,6.03,100000
2016-06-01,6.03,6.06,5.98,6.03,46850
2016-06-02,6.03,6.08,6.0,6.08,104370
2016-06-03,6.08,6.13,6.06,6.11,155860
2016-06-06,6.11,6.11,6.03,6.03,78020
2016-06-07,6.0,6.06,6.0,6.06,73840
2016-06-08,6.06,6.06,5.98,6.0,90150
2016-06-09,6.0,6.03,5.98,6.0,90750
2016-06-10,5.98,6.0,5.95,5.95,46180
2016-06-13,5.93,5.95,5.9,5.9,63300
2016-06-14,5.9,5.95,5.87,5.93,49520
2016-06-15,5.93,5.95,5.9,5.95,39300
2016-06-16,5.93,6.0,5.93,5.95,52730
2016-06-17,5.93,5.95,5.9,5.93,54110
2016-06-20,5.93,5.98,5.93,5.98,85750
2016-06-21,5.95,6.03,5.95,5.98,72330
2016-06-22,5.98,5.98,5.93,5.93,78450
2016-06-23,5.95,5.95,5.9,5.95,76230
2016-06-24,5.95,5.95,5.8,5.85,198280
2016-06-27,5.85,5.95,5.82,5.95,55380
2016-06-28,5.95,5.95,5.93,5.95,42040
2016-06-29,5.95,5.95,5.87,5.93,83610
2016-06-30,5.95,5.95,5.9,5.93,31590
2016-07-01,5.93,5.95,5.87,5.95,75010
2016-07-04,5.95,5.98,5.9,5.93,61670
2016-07-05,5.93,5.93,5.87,5.9,50360
2016-07-06,5.9,6.08,5.9,6.0,236920
2016-07-07,6.0,6.08,5.98,6.06,146190
2016-07-08,6.06,6.16,6.06,6.08,109550
2016-07-11,6.06,6.06,5.93,5.95,114880
2016-07-12,5.95,5.98,5.9,5.93,98270
2016-07-13,5.98,5.98,5.93,5.95,74090
2016-07-14,5.95,5.98,5.9,5.95,81550
2016-07-15,5.93,5.95,5.93,5.93,53790
2016-07-18,5.95,5.98,5.93,5.98,45270
2016-07-19,5.98,5.98,5.93,5.95,54190
2016-07-20,5.95,5.98,5.95,5.95,46780
2016-07-21,5.95,5.98,5.93,5.95,71550
2016-07-22,5.95,5.95,5.9,5.95,109810
2016-07-25,5.95,5.98,5.95,5.98,60620
2016-07-26,5.95,5.98,5.93,5.93,119620
2016-07-27,5.95,5.98,5.95,5.95,35640
2016-07-28,5.95,5.98,5.93,5.93,34060
2016-07-29,5.95,6.03,5.95,6.03,142000
2016-08-01,6.03,6.16,6.03,6.06,139950
2016-08-02,6.06,6.06,5.98,6.0,69970
2016-08-03,6.0,6.0,5.95,5.98,53380
2016-08-04,5.98,6.03,5.98,6.0,43600
2016-08-05,6.0,6.0,5.98,6.0,41960
2016-08-08,6.0,6.03,5.98,6.0,61480
2016-08-09,6.0,6.13,6.0,6.13,152720
2016-08-10,6.24,6.55,6.24,6.44,392760
2016-08-11,6.52,6.52,6.39,6.47,122560
2016-08-12,6.63,6.83,6.6,6.78,641640
2016-08-15,6.81,7.15,6.81,6.94,294800
2016-08-16,6.94,6.96,6.81,6.91,138700
2016-08-17,6.94,6.96,6.78,6.91,394000
2016-08-18,6.91,6.94,6.83,6.91,247880
2016-08-19,6.91,7.12,6.89,6.99,625740
2016-08-22,7.02,7.04,6.96,6.99,325290
2016-08-23,7.02,7.02,6.99,6.99,181490
2016-08-24,6.99,6.99,6.73,6.76,278240
2016-08-25,6.68,6.81,6.68,6.81,73490
2016-08-26,6.81,6.86,6.78,6.81,106610
2016-08-29,6.86,6.86,6.78,6.81,73800
2016-08-30,6.81,6.86,6.78,6.83,84210
2016-08-31,6.83,6.83,6.76,6.78,142630
2016-09-01,6.78,6.81,6.78,6.78,64930
2016-09-05,6.83,6.89,6.81,6.83,70240
2016-09-06,6.83,6.96,6.83,6.96,85190
2016-09-07,6.91,6.96,6.89,6.96,159030
2016-09-08,6.96,6.96,6.91,6.96,58890
2016-09-09,6.96,6.99,6.94,6.96,54510
2016-09-12,6.91,6.94,6.87,6.89,118810
2016-09-13,6.87,6.91,6.83,6.89,144530
2016-09-14,6.89,6.91,6.83,6.86,297060
2016-09-15,6.86,6.94,6.86,6.94,192610
2016-09-16,6.94,6.94,6.89,6.91,77700
2016-09-19,6.91,7.15,6.91,7.02,267140
2016-09-20,7.15,7.15,7.04,7.04,235380
2016-09-21,7.07,7.07,7.04,7.04,243120
2016-09-22,7.1,7.31,7.07,7.23,310630
2016-09-23,7.34,7.34,7.23,7.23,238990
2016-09-26,7.28,7.28,7.23,7.26,186880
2016-09-27,7.26,7.26,7.2,7.26,107620
2016-09-28,7.26,7.26,7.23,7.24,365320
2016-09-29,7.28,7.28,7.23,7.26,345000
2016-09-30,7.28,7.58,7.24,7.36,166800
2016-10-03,7.47,7.47,7.39,7.44,93100
2016-10-04,7.47,7.47,7.39,7.42,94620
2016-10-05,7.42,7.43,7.39,7.42,65410
2016-10-06,7.42,7.44,7.36,7.44,152910
2016-10-07,7.42,7.47,7.36,7.46,212710
2016-10-10,7.42,7.46,7.38,7.42,206730
2016-10-11,7.46,7.48,7.43,7.44,77040
2016-10-12,7.44,7.47,7.42,7.44,69930
2016-10-13,7.47,7.47,7.4,7.4,140090
2016-10-14,7.4,7.43,7.34,7.42,160310
2016-10-17,7.42,7.43,7.39,7.42,57340
2016-10-18,7.42,7.42,7.34,7.36,133230
2016-10-19,7.36,7.36,7.23,7.23,182890
2016-10-20,7.23,7.39,7.18,7.2,177980
2016-10-21,7.46,7.46,7.25,7.32,59330
2016-10-24,7.35,7.35,7.25,7.28,59040
2016-10-25,7.28,7.32,7.21,7.28,65440
2016-10-26,7.28,7.32,7.21,7.32,71310
2016-10-27,7.28,7.35,7.28,7.32,116610
2016-10-28,7.32,7.35,7.25,7.32,91020
2016-10-31,7.32,7.35,7.28,7.35,44620
2016-11-01,7.35,7.39,7.32,7.35,53330
2016-11-02,7.35,7.39,7.32,7.35,43910
2016-11-03,7.35,7.39,7.32,7.35,60170
2016-11-04,7.35,7.37,7.28,7.32,92640
2016-11-07,7.32,7.32,7.25,7.25,84050
2016-11-08,7.28,7.28,7.2,7.2,107990
2016-11-09,7.21,7.21,6.94,7.11,194010
2016-11-10,7.14,7.14,6.94,6.94,270140
2016-11-11,7.04,7.11,7.01,7.11,66930
2016-11-14,7.11,7.14,7.11,7.11,56350
2016-11-15,7.11,7.14,7.08,7.11,55920
2016-11-16,7.11,7.14,7.08,7.11,62780
2016-11-17,7.11,7.11,7.09,7.11,40650
2016-11-18,7.11,7.11,7.04,7.08,63670
2016-11-21,7.11,7.11,7.02,7.02,54120
2016-11-22,7.08,7.08,7.01,7.02,97060
2016-11-23,7.04,7.08,7.01,7.02,107100
2016-11-24,7.02,7.08,7.02,7.02,117860
2016-11-25,7.01,7.02,6.94,6.97,50650
2016-11-28,6.94,6.97,6.9,6.94,52810
2016-11-29,6.94,7.01,6.92,6.97,68710
2016-11-30,6.97,7.04,6.97,7.04,68060
2016-12-01,7.04,7.06,7.01,7.06,56640
2016-12-02,7.06,7.08,7.01,7.04,56600
2016-12-05,7.04,7.06,6.97,7.01,153330
2016-12-06,7.02,7.02,6.97,7.01,43900
2016-12-07,7.01,7.01,6.97,7.01,46950
2016-12-08,7.01,7.01,6.94,7.01,59580
2016-12-09,7.01,7.01,6.97,6.99,64050
2016-12-12,6.99,7.01,6.97,6.99,54570
2016-12-13,6.99,6.99,6.97,6.99,132650
2016-12-14,6.99,7.01,6.97,7.01,48820
2016-12-15,7.01,7.04,6.97,7.01,137270
2016-12-16,6.94,7.04,6.94,7.01,96230
2016-12-19,7.01,7.08,6.99,7.04,68660
2016-12-20,7.04,7.04,6.99,7.01,66730
2016-12-21,7.01,7.11,6.99,7.04,172270
2016-12-22,7.04,7.08,6.99,7.04,79200
2016-12-23,7.04,7.04,6.94,7.01,83530
2016-12-26,7.01,7.01,6.9,6.94,60270
2016-12-27,6.94,6.94,6.9,6.94,120090
2016-12-28,6.94,6.97,6.9,6.94,88150
2016-12-29,6.94,6.94,6.9,6.94,97520
2016-12-30,6.9,6.94,6.9,6.94,66220
2017-01-03,6.87,6.94,6.87,6.92,113370
2017-01-04,6.92,6.94,6.92,6.92,86170
2017-01-05,6.92,6.92,6.69,6.73,250760
2017-01-06,6.76,6.87,6.69,6.83,101780
2017-01-09,6.8,6.9,6.78,6.83,139520
2017-01-10,6.83,6.87,6.83,6.83,52760
2017-01-11,6.83,6.87,6.8,6.87,54130
2017-01-12,6.87,6.87,6.82,6.87,90630
2017-01-13,6.87,6.94,6.83,6.87,91080
2017-01-16,6.87,6.9,6.83,6.87,101470
2017-01-17,6.88,6.88,6.83,6.87,132420
2017-01-18,6.87,6.87,6.83,6.83,53330
2017-01-19,6.85,6.85,6.83,6.83,34690
2017-01-20,6.83,6.87,6.83,6.87,53270
2017-01-23,6.87,6.87,6.82,6.83,33360
2017-01-24,6.83,6.83,6.76,6.76,158190
2017-01-25,6.8,6.83,6.69,6.83,122400
2017-02-02,6.83,6.87,6.83,6.87,35380
2017-02-03,6.83,6.85,6.82,6.83,21850
2017-02-06,6.83,6.83,6.78,6.8,53130
2017-02-07,6.8,6.83,6.73,6.76,122100
2017-02-08,6.76,6.76,6.69,6.73,139250
2017-02-09,6.76,6.87,6.73,6.8,153270
2017-02-10,6.8,6.87,6.8,6.83,136000
2017-02-13,6.83,6.97,6.82,6.97,173920
2017-02-14,7.01,7.04,6.94,7.01,150950
2017-02-15,7.01,7.25,6.97,7.04,309910
2017-02-16,7.11,7.53,7.08,7.46,155430
2017-02-17,7.35,7.46,7.35,7.46,61100
2017-02-20,7.46,7.49,7.21,7.46,290110
2017-02-21,7.39,7.94,7.39,7.73,322340
2017-02-22,7.84,7.84,7.56,7.63,78220
2017-02-23,7.6,7.7,7.49,7.63,84940
2017-02-24,7.63,7.63,7.49,7.6,84870
2017-02-27,7.6,7.63,7.56,7.6,41200
2017-02-28,7.56,7.6,7.56,7.6,73860
2017-03-01,7.6,7.77,7.6,7.77,166560
2017-03-02,8.08,8.08,7.8,8.05,325450
2017-03-03,8.05,8.12,7.91,8.08,143990
2017-03-06,7.94,8.15,7.94,8.12,162440
2017-03-07,8.01,8.15,8.01,8.13,77200
2017-03-08,8.13,8.17,8.05,8.15,99810
2017-03-09,8.15,8.15,8.05,8.06,123850
2017-03-10,7.98,8.12,7.98,8.08,36310
2017-03-13,8.08,8.12,7.94,8.01,282630
2017-03-14,8.01,8.03,7.98,8.01,220060
2017-03-15,8.01,8.12,8.01,8.08,224820
2017-03-16,8.05,8.39,8.01,8.39,276080
2017-03-17,8.39,8.74,8.39,8.43,169140
2017-03-20,8.43,8.71,8.43,8.48,98420
2017-03-21,8.48,8.48,8.32,8.39,114000
2017-03-22,8.32,8.46,8.32,8.39,138840
2017-03-23,8.43,8.43,8.32,8.39,96730
2017-03-24,8.32,8.43,8.32,8.39,42500
2017-03-27,8.32,8.46,8.32,8.39,119660
2017-03-28,8.43,8.97,8.43,8.97,226110
2017-03-29,8.97,8.97,8.72,8.81,41000
2017-03-30,8.74,8.88,8.74,8.81,58460
2017-03-31,8.77,8.84,8.76,8.79,46790
2017-04-03,8.77,8.91,8.77,8.88,64190
2017-04-04,8.91,8.95,8.77,8.77,99890
2017-04-05,8.74,8.77,8.67,8.67,131560
2017-04-07,8.67,8.67,8.57,8.57,112800
2017-04-10,8.57,8.6,8.53,8.58,77660
2017-04-11,8.6,8.95,8.58,8.64,256050
2017-04-12,8.67,8.74,8.64,8.67,128740
2017-04-13,8.67,8.71,8.57,8.67,154320
2017-04-14,8.64,8.67,8.53,8.6,91550
2017-04-17,8.64,8.74,8.6,8.67,145770
2017-04-18,8.67,8.71,8.64,8.71,114790
2017-04-19,8.71,8.91,8.69,8.88,170660
2017-04-20,8.88,8.91,8.72,8.81,148050
2017-04-21,8.74,8.81,8.74,8.77,76870
2017-04-24,8.77,8.77,8.71,8.74,148790
2017-04-25,8.74,8.74,8.57,8.64,169460
2017-04-26,8.64,8.71,8.6,8.67,71080
2017-04-27,8.67,8.74,8.64,8.67,118850
2017-04-28,8.67,8.67,8.6,8.67,56040
2017-05-03,8.67,8.71,8.6,8.67,97150
2017-05-04,8.71,8.86,8.71,8.84,172560
2017-05-05,8.84,8.88,8.76,8.84,167160
2017-05-08,8.84,9.45,8.81,9.45,418380
2017-05-09,9.68,9.69,9.5,9.59,540180
2017-05-10,9.62,9.62,9.5,9.54,146140
2017-05-11,9.5,9.5,9.36,9.43,123910
2017-05-12,9.36,9.78,9.36,9.49,316490
2017-05-15,9.47,9.68,9.47,9.64,320100
2017-05-16,9.64,10.18,9.57,9.71,615970
2017-05-17,9.61,9.78,9.61,9.76,186860
2017-05-18,9.71,9.71,9.47,9.5,169270
2017-05-19,9.36,9.5,9.23,9.24,353240
2017-05-22,9.1,9.5,9.1,9.45,191550
2017-05-23,9.3,9.47,9.3,9.43,136430
2017-05-24,9.36,9.43,9.3,9.43,121340
2017-05-25,9.43,9.62,9.36,9.43,154760
2017-05-26,9.43,9.47,9.33,9.42,167330
2017-05-29,9.42,9.68,9.36,9.64,428270
2017-05-30,9.61,9.82,9.61,9.61,320220
2017-05-31,9.47,9.64,9.47,9.64,87380
2017-06-01,9.64,9.64,9.54,9.64,66230
2017-06-02,9.64,9.78,9.61,9.75,240680
2017-06-05,9.82,10.09,9.82,10.02,269800
2017-06-06,10.06,10.06,9.88,9.9,63020
2017-06-07,9.88,9.92,9.85,9.88,306470
2017-06-08,9.85,9.88,9.71,9.85,155040
2017-06-09,9.88,9.88,9.75,9.85,66610
2017-06-12,9.85,9.85,9.71,9.83,124530
2017-06-13,9.75,9.83,9.71,9.71,102460
2017-06-14,9.71,9.78,9.54,9.54,153990
2017-06-15,9.61,9.64,9.54,9.64,164520
2017-06-16,9.64,9.71,9.61,9.68,70750
2017-06-19,9.71,9.85,9.68,9.71,129290
2017-06-20,9.71,9.78,9.71,9.71,90200
2017-06-21,9.71,9.75,9.69,9.71,78840
2017-06-22,9.71,9.75,9.68,9.68,82890
2017-06-23,9.68,9.99,9.64,9.88,215620
2017-06-26,9.88,9.95,9.71,9.75,83260
2017-06-27,9.75,9.78,9.64,9.71,91600
2017-06-28,9.71,9.75,9.64,9.71,58400
2017-06-29,9.68,9.71,9.64,9.64,93070
2017-06-30,9.61,9.75,9.61,9.66,127600
2017-07-03,9.66,9.71,9.66,9.66,56130
2017-07-04,9.68,9.68,9.66,9.68,60830
2017-07-05,9.68,9.73,9.68,9.71,63130
2017-07-06,9.71,9.78,9.66,9.78,150330
2017-07-07,9.78,9.82,9.78,9.8,81290
2017-07-10,9.78,9.8,9.73,9.78,68300
2017-07-11,9.78,9.8,9.71,9.78,115090
2017-07-12,9.78,10.13,9.76,10.13,530670
2017-07-13,10.2,10.21,10.13,10.16,164480
2017-07-14,10.06,10.13,9.82,10.02,130170
2017-07-17,10.02,10.02,9.82,9.85,73420
2017-07-18,9.82,9.85,9.75,9.76,92970
2017-07-19,9.82,9.87,9.75,9.78,165710
2017-07-20,9.82,9.82,9.71,9.78,49450
2017-07-21,9.78,9.82,9.76,9.76,47390
2017-07-24,9.76,9.85,9.75,9.82,114860
2017-07-25,9.82,9.82,9.71,9.73,55040
2017-07-26,9.54,9.71,9.54,9.57,116580
2017-07-27,9.57,9.64,9.54,9.64,63580
2017-07-28,9.71,9.71,9.68,9.71,50850
2017-07-31,9.71,9.71,9.68,9.71,66110
2017-08-01,9.71,9.88,9.68,9.78,137910
2017-08-02,9.75,9.78,9.71,9.78,50430
2017-08-03,9.78,9.9,9.78,9.9,139850
2017-08-04,9.88,9.88,9.82,9.87,59360
2017-08-07,9.87,10.06,9.75,9.92,156340
2017-08-08,9.92,9.92,9.76,9.78,91780
2017-08-09,9.78,9.83,9.75,9.82,44300
2017-08-10,9.78,9.82,9.78,9.78,46230
2017-08-11,9.82,9.82,9.75,9.8,63160
2017-08-14,9.71,9.82,9.71,9.8,60760
2017-08-15,9.82,9.82,9.78,9.8,51130
2017-08-16,9.8,9.82,9.78,9.8,67060
2017-08-17,9.78,9.8,9.71,9.8,104780
2017-08-18,9.8,9.8,9.68,9.78,79770
2017-08-21,9.75,9.82,9.71,9.8,79590
2017-08-22,9.82,9.88,9.8,9.8,79260
2017-08-23,9.78,9.8,9.78,9.8,77370
2017-08-24,9.8,9.8,9.71,9.8,37340
2017-08-25,9.78,9.8,9.75,9.8,66740
2017-08-28,9.8,9.8,9.75,9.75,61870
2017-08-29,9.78,9.78,9.68,9.71,90240
2017-08-30,9.71,9.75,9.68,9.71,49460
2017-08-31,9.71,9.71,9.68,9.71,30510
2017-09-01,9.75,9.75,9.68,9.71,87370
2017-09-05,9.75,9.75,9.68,9.71,31210
2017-09-06,9.75,9.75,9.68,9.71,71150
2017-09-07,9.71,9.75,9.68,9.69,80210
2017-09-08,9.69,9.75,9.68,9.68,52070
2017-09-11,9.68,9.71,9.54,9.61,53780
2017-09-12,9.64,9.64,9.61,9.61,60230
2017-09-13,9.64,9.71,9.64,9.71,79510
2017-09-14,9.71,9.75,9.69,9.71,52910
2017-09-15,9.71,9.75,9.71,9.71,102510
2017-09-18,9.71,9.75,9.64,9.64,364580
2017-09-19,9.59,10.21,9.59,10.04,127970
2017-09-20,10.04,10.04,9.86,9.88,57220
2017-09-21,9.88,9.92,9.84,9.88,30050
2017-09-22,9.88,9.92,9.84,9.88,45230
2017-09-25,9.88,9.88,9.75,9.75,36670
2017-09-26,9.75,9.84,9.71,9.75,55450
2017-09-27,9.75,9.79,9.61,9.67,130150
2017-09-28,9.67,9.88,9.67,9.88,58420
2017-09-29,9.88,9.96,9.86,9.88,104900
2017-10-02,9.88,10.04,9.88,10.04,90200
2017-10-03,10.0,10.21,10.0,10.21,224680
2017-10-04,10.08,10.33,10.06,10.33,161890
2017-10-05,10.37,10.41,10.29,10.37,93100
2017-10-06,10.37,10.37,10.08,10.37,143430
2017-10-09,10.37,10.37,10.12,10.33,117440
2017-10-10,10.29,10.37,10.25,10.37,78190
2017-10-11,10.37,10.39,10.33,10.39,87460
2017-10-12,10.41,10.74,10.39,10.62,291790
2017-10-13,10.66,10.74,10.62,10.7,190760
2017-10-16,10.7,10.74,10.58,10.66,120300
2017-10-17,10.66,10.66,10.45,10.51,172780
2017-10-18,10.41,10.54,10.33,10.33,188690
2017-10-19,10.33,10.47,10.33,10.45,107230
2017-10-20,10.54,10.54,10.45,10.47,92970
2017-10-23,10.49,10.49,10.41,10.45,115920
2017-10-24,10.49,10.72,10.41,10.62,198020
2017-10-25,10.49,10.66,10.49,10.66,96500
2017-10-26,10.47,10.66,10.47,10.66,92220
2017-10-27,10.66,10.66,10.49,10.66,98880
2017-10-30,10.62,10.7,10.62,10.68,176840
2017-10-31,10.68,10.7,10.6,10.68,144430
2017-11-01,10.7,10.78,10.66,10.7,185550
2017-11-02,10.7,10.7,10.64,10.68,99270
2017-11-03,10.68,10.68,10.66,10.68,79150
2017-11-06,10.66,10.72,10.62,10.7,215600
2017-11-07,10.72,10.72,10.66,10.7,81420
2017-11-08,10.7,10.72,10.66,10.7,102570
2017-11-09,10.72,11.15,10.72,11.07,356380
2017-11-10,11.09,11.09,10.82,10.99,100560
2017-11-13,10.99,11.07,10.91,11.01,93170
2017-11-14,11.01,11.05,10.93,11.01,233650
2017-11-15,11.01,11.01,10.93,11.01,103880
2017-11-16,11.01,11.28,10.95,11.07,586470
2017-11-17,11.15,11.81,11.07,11.81,551780
2017-11-20,11.85,12.49,11.83,12.49,433150
2017-11-21,12.39,12.39,11.93,12.2,652100
2017-11-22,12.02,12.22,12.02,12.14,377170
2017-11-23,12.02,12.06,11.85,11.93,465050
2017-11-24,11.93,12.14,11.89,12.14,283440
2017-11-27,12.35,12.35,12.06,12.14,329610
2017-11-28,12.14,12.22,12.1,12.18,217710
2017-11-29,12.35,12.35,11.93,12.14,318250
2017-11-30,12.18,12.18,11.98,12.14,261200
2017-12-01,12.14,12.14,11.98,12.06,297130
2017-12-04,12.06,12.08,11.93,11.95,518260
2017-12-05,11.95,12.12,11.95,12.02,316050
2017-12-06,12.02,12.06,11.73,11.85,258710
2017-12-07,11.87,11.95,11.73,11.77,233160
2017-12-08,11.89,11.89,11.77,11.77,314570
2017-12-11,11.81,11.81,11.61,11.67,164890
2017-12-12,11.61,11.69,11.28,11.46,444550
2017-12-13,11.46,11.52,11.38,11.46,187350
2017-12-14,11.46,11.69,11.46,11.63,134790
2017-12-15,11.63,11.73,11.61,11.63,163190
2017-12-18,11.73,11.73,11.3,11.32,478790
2017-12-19,11.32,11.48,11.28,11.4,88390
2017-12-20,11.48,11.5,11.36,11.4,177560
2017-12-21,11.4,11.44,11.3,11.4,203390
2017-12-22,11.4,11.44,11.28,11.32,214190
2017-12-25,11.52,11.89,11.52,11.71,305230
2017-12-26,11.83,11.83,11.61,11.73,155800
2017-12-27,11.65,11.69,11.52,11.52,172840
2017-12-28,11.61,11.61,11.23,11.32,356890
2017-12-29,11.23,11.4,11.19,11.28,273160
2018-01-02,11.28,11.38,11.26,11.28,125060
2018-01-03,11.32,11.52,11.32,11.52,204230
2018-01-04,11.61,12.1,11.52,12.1,733900
2018-01-05,12.14,12.14,11.89,12.0,203500
2018-01-08,11.93,11.98,11.85,11.87,106940
2018-01-09,11.65,11.98,11.52,11.93,344060
2018-01-10,11.98,11.98,11.89,11.89,248670
2018-01-11,11.85,11.95,11.85,11.89,220050
2018-01-12,12.08,12.1,11.93,11.93,289000
2018-01-15,11.93,11.95,11.77,11.93,411910
2018-01-16,12.0,12.0,11.73,11.73,156580
2018-01-17,11.73,12.18,11.56,11.77,403230
2018-01-18,11.69,12.02,11.69,12.02,387580
2018-01-19,12.18,12.59,12.06,12.59,1293300
2018-01-22,13.13,13.46,12.76,13.46,1427480
2018-01-23,13.46,13.46,13.46,13.46,0
2018-01-24,13.46,13.46,13.46,13.46,0
2018-01-25,13.79,14.38,13.46,14.38,1048080
2018-01-26,15.0,15.0,13.62,14.36,683150
2018-01-29,14.16,14.44,13.7,14.03,229490
2018-01-30,13.87,14.32,13.66,14.2,219800
2018-01-31,14.44,14.44,14.16,14.2,215340
2018-02-01,14.14,14.28,14.14,14.2,203540
2018-02-02,14.36,14.36,13.56,14.12,193060
2018-02-05,13.7,13.99,13.33,13.37,371750
2018-02-06,13.17,13.17,12.45,12.76,516400
2018-02-07,12.88,13.54,12.88,13.05,202190
2018-02-08,13.17,13.23,13.0,13.05,159330
2018-02-09,12.47,13.05,12.47,12.92,277940
2018-02-12,12.92,13.0,12.8,12.92,329630
2018-02-13,12.92,12.96,12.84,12.92,98880
2018-02-21,13.0,13.35,12.96,13.05,127810
2018-02-22,13.05,13.25,13.05,13.13,78310
2018-02-23,13.13,13.58,13.09,13.54,128760
2018-02-26,13.54,13.79,13.4,13.62,150210
2018-02-27,13.62,13.62,13.21,13.54,298690
2018-02-28,13.54,14.36,13.27,14.2,269890
2018-03-01,14.05,14.57,14.05,14.4,269340
2018-03-02,14.09,15.06,14.09,15.06,479070
2018-03-05,15.14,15.64,15.12,15.41,708870
2018-03-06,14.9,15.23,14.9,15.14,149770
2018-03-07,14.65,14.94,14.65,14.82,347290
2018-03-08,14.82,14.94,14.69,14.73,415190
2018-03-09,14.73,14.73,14.28,14.32,334400
2018-03-12,14.53,14.73,14.34,14.73,307670
2018-03-13,14.49,14.9,14.49,14.82,240040
2018-03-14,14.53,14.65,14.53,14.57,143920
2018-03-15,14.73,14.73,14.53,14.57,272990
2018-03-16,14.77,14.77,14.57,14.75,355080
2018-03-19,14.77,14.77,14.57,14.65,272980
2018-03-20,14.82,15.23,14.67,14.98,220520
2018-03-21,15.21,15.27,15.06,15.16,252250
2018-03-22,15.23,15.39,15.16,15.21,303270
2018-03-23,14.55,15.02,14.53,14.73,102640
2018-03-26,14.53,14.79,14.53,14.73,136110
2018-03-27,15.14,15.14,14.61,14.77,187180
2018-03-28,14.77,15.1,14.63,15.1,198570
2018-03-29,15.21,15.21,14.86,14.94,108350
2018-03-30,15.02,15.02,14.65,14.92,159510
2018-04-02,15.0,15.39,14.92,15.23,477660
2018-04-03,15.23,15.27,14.94,15.21,398060
2018-04-04,15.21,16.26,15.08,16.09,998640
2018-04-05,16.26,16.3,15.91,16.01,263790
2018-04-06,16.26,16.3,15.97,16.11,356770
2018-04-09,16.13,16.38,15.97,16.38,526630
2018-04-10,16.46,16.48,16.17,16.48,582440
2018-04-11,16.46,17.28,16.38,17.0,529290
2018-04-12,16.98,17.7,16.5,17.28,538090
2018-04-13,17.28,17.59,16.46,17.28,669410
2018-04-16,17.28,17.33,16.67,17.28,566180
2018-04-17,17.28,17.33,17.16,17.28,400270
2018-04-18,17.28,17.41,17.12,17.12,859170
2018-04-19,17.02,17.26,16.87,17.0,154560
2018-04-20,16.67,17.2,16.5,16.83,306360
2018-04-23,17.18,17.18,15.7,15.7,754100
2018-04-24,15.7,15.7,15.02,15.23,302360
2018-04-26,15.23,16.05,14.82,15.02,375350
2018-04-27,15.02,15.21,14.98,15.02,267480
2018-05-02,15.02,15.02,14.22,14.22,478580
2018-05-03,14.22,14.22,13.58,13.97,340220
2018-05-04,13.97,14.2,13.87,13.89,229020
2018-05-07,14.03,14.05,13.5,14.05,256880
2018-05-08,14.03,14.03,13.83,13.87,338320
2018-05-09,13.89,14.53,13.83,14.53,297290
2018-05-10,14.53,14.53,14.03,14.28,181140
2018-05-11,14.05,14.28,13.95,14.28,179570
2018-05-14,14.28,14.36,13.99,14.36,204310
2018-05-15,14.4,14.55,14.22,14.55,208630
2018-05-16,14.55,14.77,14.4,14.69,228420
2018-05-17,14.69,14.69,14.53,14.61,98240
2018-05-18,14.61,14.73,14.44,14.59,317550
2018-05-21,14.59,14.59,14.44,14.57,105470
2018-05-22,14.49,14.49,13.56,13.93,298750
2018-05-23,13.95,13.99,13.72,13.99,68760
2018-05-24,13.99,13.99,13.83,13.83,52800
2018-05-25,13.62,13.95,13.62,13.83,110770
2018-05-28,13.83,13.95,12.86,12.86,131110
2018-05-29,13.0,13.56,12.35,13.5,195320
2018-05-30,13.56,13.56,13.13,13.37,30620
2018-05-31,13.37,13.64,13.37,13.64,68030
2018-06-01,13.64,13.7,13.42,13.7,55170
2018-06-04,13.7,13.79,13.54,13.62,157940
2018-06-05,13.77,13.77,13.58,13.6,85500
2018-06-06,13.64,13.99,13.64,13.85,106830
2018-06-07,13.91,13.99,13.79,13.85,149320
2018-06-08,13.85,13.91,13.79,13.85,40990
2018-06-11,13.75,13.85,13.54,13.68,91800
2018-06-12,13.68,13.68,13.29,13.37,72510
2018-06-13,13.58,13.58,13.33,13.37,133320
2018-06-14,13.37,13.48,13.23,13.37,126930
2018-06-15,13.37,13.37,13.21,13.33,97760
2018-06-18,13.37,13.42,12.96,13.17,80240
2018-06-19,12.8,13.13,12.35,12.72,115560
2018-06-20,12.76,12.92,12.72,12.86,61420
2018-06-21,12.92,12.96,12.72,12.9,96270
2018-06-22,12.9,12.92,12.76,12.9,75360
2018-06-25,12.9,12.9,12.76,12.82,51230
2018-06-26,12.82,12.88,12.76,12.84,47300
2018-06-27,12.88,12.96,12.76,12.84,91980
2018-06-28,12.8,12.84,12.72,12.76,44330
2018-06-29,12.84,12.84,12.59,12.76,37250
2018-07-02,12.76,12.8,12.35,12.68,79640
2018-07-03,12.68,12.68,12.26,12.35,92100
2018-07-04,12.35,12.47,12.26,12.35,108210
2018-07-05,12.35,12.35,11.52,12.14,85860
2018-07-06,12.14,12.24,11.85,12.22,163320
2018-07-09,12.22,12.3,12.14,12.22,86830
2018-07-10,12.22,12.26,11.93,12.1,76250
2018-07-11,11.93,11.93,11.61,11.93,75770
2018-07-12,11.93,11.98,11.85,11.98,183480
2018-07-13,11.98,12.12,11.95,12.12,95080
2018-07-16,12.12,12.35,12.12,12.3,135230
2018-07-17,12.3,12.35,12.16,12.35,104390
2018-07-18,12.35,12.43,12.28,12.43,117680
2018-07-19,12.43,12.47,12.28,12.43,71490
2018-07-20,12.45,12.45,12.24,12.43,130120
2018-07-23,12.43,12.43,12.33,12.39,67200
2018-07-24,12.35,12.39,12.3,12.39,135740
2018-07-25,12.35,12.43,12.33,12.39,203820
2018-07-26,12.39,12.39,12.33,12.35,136490
2018-07-27,12.39,13.0,12.37,12.72,508900
2018-07-30,12.76,12.92,12.63,12.72,217650
2018-07-31,12.63,12.72,12.39,12.39,452610
2018-08-01,12.39,12.53,12.22,12.39,193210
2018-08-02,12.35,12.55,12.26,12.35,80590
2018-08-03,12.35,12.43,12.26,12.35,153810
2018-08-06,12.14,12.39,12.14,12.35,92810
2018-08-07,12.3,12.33,12.02,12.1,143250
2018-08-08,12.02,12.22,12.02,12.18,151620
2018-08-09,12.18,12.35,12.18,12.22,82740
2018-08-10,12.22,12.22,12.1,12.22,179130
2018-08-13,12.22,12.22,11.98,12.18,190190
2018-08-14,12.14,12.16,11.98,12.16,75900
2018-08-15,12.16,12.22,11.98,12.1,156260
2018-08-16,12.1,12.1,11.93,11.98,126840
2018-08-17,12.1,12.1,11.77,11.98,153550
2018-08-20,12.02,12.1,11.85,11.98,87870
2018-08-21,11.98,12.06,11.77,11.98,93790
2018-08-22,12.06,12.1,11.91,12.06,144870
2018-08-23,12.06,12.1,11.85,12.1,122520
2018-08-24,12.1,12.3,12.02,12.26,212880
2018-08-27,12.3,12.68,12.22,12.49,304450
2018-08-28,12.68,12.86,12.63,12.76,210650
2018-08-29,12.76,12.8,12.65,12.7,129190
2018-08-30,12.7,12.74,12.57,12.7,276700
2018-08-31,12.74,13.29,12.7,13.17,475470
2018-09-04,13.17,13.21,12.9,13.05,169670
2018-09-05,13.0,13.0,12.76,12.9,219000
2018-09-06,12.84,12.92,12.63,12.76,224110
2018-09-07,12.68,13.02,12.68,13.0,284210
2018-09-10,13.0,13.42,12.88,13.42,378680
2018-09-11,13.42,13.7,13.13,13.7,414080
2018-09-12,13.7,13.7,13.5,13.6,233090
2018-09-13,13.6,13.97,13.54,13.93,459730
2018-09-14,13.93,13.95,13.68,13.75,504210
2018-09-17,13.62,13.75,13.54,13.54,151560
2018-09-18,13.42,13.7,13.4,13.68,259790
2018-09-19,13.68,13.85,13.68,13.83,195640
2018-09-20,13.83,14.28,13.79,14.22,193550
2018-09-21,14.86,14.86,14.25,14.56,153840
2018-09-24,14.56,14.56,14.47,14.49,95070
2018-09-25,14.51,14.51,14.45,14.49,137280
2018-09-26,14.49,14.51,14.45,14.49,130840
2018-09-27,14.49,15.35,14.49,15.08,434130
2018-09-28,14.95,15.3,14.91,14.91,100660
2018-10-01,14.95,15.21,14.78,15.13,469550
2018-10-02,15.08,15.39,14.75,14.95,374720
2018-10-03,14.95,15.0,14.93,14.95,86470
2018-10-04,14.93,15.21,14.91,15.21,157020
2018-10-05,15.24,15.3,15.08,15.21,101660
2018-10-08,15.21,15.21,15.0,15.08,83670
2018-10-09,15.1,15.15,15.06,15.08,83670
2018-10-10,15.08,15.08,14.84,14.91,50310
2018-10-11,14.73,14.73,13.88,14.1,248860
2018-10-12,13.99,14.51,13.99,14.47,311880
2018-10-15,14.47,14.73,14.43,14.73,294940
2018-10-16,14.64,14.64,14.43,14.51,74130
2018-10-17,14.49,14.6,14.47,14.51,73080
2018-10-18,14.51,14.51,14.34,14.43,77110
2018-10-19,14.38,14.45,14.32,14.4,71090
2018-10-22,14.25,14.25,14.03,14.03,83060
2018-10-23,14.03,14.03,13.15,13.35,332440
2018-10-24,13.35,13.5,13.33,13.37,216860
2018-10-25,13.2,13.37,13.13,13.37,163880
2018-10-26,13.37,13.86,13.35,13.86,301930
2018-10-29,13.64,13.77,13.42,13.77,322020
2018-10-30,13.77,13.86,13.53,13.86,233940
2018-10-31,13.81,14.16,13.68,14.12,285270
2018-11-01,14.12,14.21,13.81,13.9,342300
2018-11-02,13.86,13.9,13.59,13.66,205360
2018-11-05,13.61,13.68,13.53,13.66,137860
2018-11-06,13.77,13.77,13.53,13.53,73550
2018-11-07,13.55,13.57,13.5,13.53,55670
2018-11-08,13.55,13.59,13.5,13.53,58220
2018-11-09,13.53,13.55,13.46,13.5,92010
2018-11-12,13.5,13.5,13.37,13.46,43720
2018-11-13,13.46,13.46,13.11,13.18,117930
2018-11-14,13.18,13.24,13.15,13.24,114480
2018-11-15,13.24,13.24,12.91,13.09,148930
2018-11-16,13.09,13.15,13.07,13.11,88350
2018-11-19,13.11,13.18,13.09,13.11,86810
2018-11-20,13.11,13.11,12.98,13.02,58990
2018-11-21,13.02,13.02,12.72,13.0,170490
2018-11-22,13.0,13.04,12.89,12.93,60940
2018-11-23,12.93,12.96,12.72,12.89,111440
2018-11-26,12.78,12.8,12.32,12.32,147170
2018-11-27,12.41,12.5,12.19,12.19,172080
2018-11-28,12.28,12.93,12.19,12.93,285530
2018-11-29,13.02,13.24,13.02,13.15,151660
2018-11-30,13.11,13.2,13.07,13.18,233560
2018-12-03,13.2,13.59,13.15,13.59,293190
2018-12-04,13.59,13.72,13.55,13.59,239670
2018-12-05,13.48,13.55,13.29,13.33,118780
2018-12-06,13.33,13.33,12.93,13.33,239480
2018-12-07,13.31,13.37,13.29,13.33,125810
2018-12-10,13.29,13.31,12.8,13.11,189160
2018-12-11,13.11,13.13,13.02,13.11,93150
2018-12-12,13.11,13.46,13.09,13.46,395100
2018-12-13,13.48,13.5,13.37,13.48,250510
2018-12-14,13.48,13.55,13.42,13.55,356410
2018-12-17,13.55,13.55,13.31,13.5,123290
2018-12-18,13.37,13.46,13.35,13.46,145510
2018-12-19,13.46,13.5,13.37,13.5,292800
2018-12-20,13.48,13.88,13.39,13.86,674090
2018-12-21,13.75,13.77,13.55,13.77,690070
2018-12-24,13.72,13.81,13.68,13.81,731720
2018-12-25,13.64,13.79,13.33,13.79,578100
2018-12-26,13.77,13.79,13.68,13.79,977380
2018-12-27,13.83,14.16,13.79,14.16,1362850
2018-12-28,14.12,14.47,13.94,14.47,2046440
2019-01-02,14.12,14.38,13.66,13.66,87370
2019-01-03,13.59,13.68,13.59,13.66,251400
2019-01-04,13.61,13.66,13.02,13.66,156980
2019-01-07,13.66,13.68,13.29,13.64,131920
2019-01-08,13.59,13.64,13.42,13.64,171050
2019-01-09,13.59,13.61,13.5,13.55,461130
2019-01-10,13.55,13.55,13.44,13.5,170310
2019-01-11,13.48,13.5,13.35,13.37,178890
2019-01-14,13.37,13.37,13.02,13.22,259180
2019-01-15,13.2,13.22,13.09,13.18,169990
2019-01-16,13.18,13.39,13.15,13.18,104570
2019-01-17,13.18,13.18,13.07,13.15,103460
2019-01-18,13.09,13.15,12.98,13.09,165200
2019-01-21,13.04,13.11,13.0,13.09,147440
2019-01-22,13.07,13.18,13.07,13.18,87430
2019-01-23,13.18,13.2,13.13,13.18,98760
2019-01-24,13.18,13.2,13.11,13.18,132340
2019-01-25,13.18,13.18,13.11,13.15,90800
2019-01-28,13.15,13.2,13.13,13.2,82350
2019-01-29,13.2,13.24,13.18,13.2,122630
2019-01-30,13.2,13.24,13.2,13.2,87400
2019-01-31,13.22,13.26,13.18,13.2,67810
2019-02-01,13.2,13.22,13.15,13.22,55400
2019-02-11,13.22,13.26,13.2,13.24,131440
2019-02-12,13.26,13.59,13.24,13.33,252350
2019-02-13,13.33,13.46,13.26,13.33,212390
2019-02-14,13.29,13.33,13.26,13.26,141000
2019-02-15,13.26,13.81,13.22,13.68,267500
2019-02-18,13.68,13.72,13.46,13.64,139080
2019-02-19,13.59,13.64,13.53,13.55,190540
2019-02-20,13.53,13.72,13.42,13.66,275600
2019-02-21,13.68,13.72,13.64,13.68,169000
2019-02-22,13.68,13.68,13.55,13.59,147320
2019-02-25,13.59,13.64,13.53,13.59,92330
2019-02-26,13.59,13.77,13.59,13.68,221550
2019-02-27,13.66,13.94,13.5,13.59,651580
2019-02-28,13.59,13.64,13.5,13.5,125290
2019-03-01,13.5,13.64,13.48,13.59,156220
2019-03-04,13.64,14.29,13.64,14.03,562140
2019-03-05,14.03,14.07,13.94,13.96,190650
2019-03-06,13.96,13.99,13.59,13.77,180970
2019-03-07,13.77,13.81,13.59,13.59,280510
2019-03-08,13.57,13.57,13.29,13.42,553310
2019-03-11,13.42,13.61,13.37,13.61,156780
2019-03-12,13.61,13.81,13.61,13.81,239600
2019-03-13,13.66,13.81,13.57,13.68,188400
2019-03-14,13.68,13.68,13.57,13.68,129830
2019-03-15,13.61,13.68,13.61,13.68,146140
2019-03-18,13.72,13.77,13.68,13.68,101670
2019-03-19,13.68,13.96,13.68,13.81,275540
2019-03-20,13.81,13.92,13.79,13.86,217840
2019-03-21,13.9,13.94,13.72,13.83,209480
2019-03-22,13.81,13.83,13.75,13.77,178570
2019-03-25,13.68,13.68,13.37,13.46,239460
2019-03-26,13.5,13.64,13.5,13.59,110200
2019-03-27,13.59,13.75,13.59,13.64,72790
2019-03-28,13.64,14.21,13.61,14.07,423690
2019-03-29,14.16,14.16,13.9,13.9,194020
2019-04-01,13.9,14.07,13.88,14.03,199600
2019-04-02,14.03,14.62,13.96,14.12,587480
2019-04-03,14.12,14.12,13.99,13.99,129340
2019-04-04,13.99,14.12,13.99,14.01,135620
2019-04-05,14.01,14.51,13.83,14.29,358260
2019-04-08,14.16,14.34,14.03,14.12,206700
2019-04-09,14.16,14.21,13.81,13.81,452470
2019-04-10,13.79,13.9,13.61,13.72,510980
2019-04-11,13.72,13.9,13.57,13.61,498860
2019-04-12,13.77,14.03,13.68,13.99,131130
2019-04-16,13.86,13.94,13.77,13.81,52080
2019-04-17,13.86,13.9,13.75,13.81,274420
2019-04-18,13.81,14.03,13.77,13.88,234820
2019-04-19,13.9,13.94,13.77,13.86,121350
2019-04-22,13.86,13.9,13.75,13.81,150380
2019-04-23,13.81,13.81,13.44,13.59,475240
2019-04-24,13.59,13.72,13.5,13.61,88910
2019-04-25,13.68,13.75,13.46,13.59,201980
2019-04-26,13.59,13.68,13.55,13.59,73550
2019-05-02,13.59,13.68,13.55,13.59,71260
2019-05-03,13.55,13.61,13.55,13.59,80180
2019-05-06,13.55,13.55,13.37,13.37,130240
2019-05-07,13.46,13.64,13.29,13.37,272160
2019-05-08,13.37,13.42,13.11,13.15,201220
2019-05-09,13.2,13.2,12.91,13.02,164450
2019-05-10,13.11,13.11,12.8,12.8,296030
2019-05-13,12.93,13.2,12.87,13.2,125370
2019-05-14,13.15,13.2,12.93,12.93,98810
2019-05-15,12.98,13.2,12.98,13.2,168890
2019-05-16,13.24,13.39,13.24,13.33,128910
2019-05-17,13.33,13.42,13.31,13.33,98990
2019-05-20,13.33,13.33,13.15,13.33,190260
2019-05-21,13.33,13.33,13.24,13.24,95790
2019-05-22,13.33,13.42,13.29,13.33,145780
2019-05-23,13.33,13.55,13.29,13.55,166370
2019-05-24,13.55,13.79,13.55,13.57,255830
2019-05-27,13.55,13.64,13.42,13.57,90380
2019-05-28,13.57,13.57,13.46,13.57,88880
2019-05-29,13.57,13.59,13.5,13.55,137170
2019-05-30,13.59,13.59,13.53,13.57,78230
2019-05-31,13.57,13.59,13.5,13.59,174270
2019-06-03,13.59,13.59,13.5,13.57,139140
2019-06-04,13.57,13.59,13.55,13.57,87810
2019-06-05,13.59,13.59,13.42,13.55,83940
2019-06-06,13.55,13.57,13.46,13.55,69540
2019-06-07,13.46,13.57,13.46,13.55,96650
2019-06-10,13.57,13.64,13.53,13.59,199850
2019-06-11,13.67,13.9,13.67,13.76,115640
2019-06-12,13.79,13.85,13.73,13.79,186670
2019-06-13,13.79,13.85,13.73,13.79,80220
2019-06-14,13.79,14.19,13.79,14.17,227140
2019-06-17,14.19,14.25,13.9,13.9,113000
2019-06-18,13.9,14.05,13.85,14.05,130830
2019-06-19,14.08,14.19,14.02,14.19,346820
2019-06-20,14.19,14.31,14.08,14.25,164350
2019-06-21,14.25,14.25,14.11,14.11,100630
2019-06-24,14.08,14.14,13.85,13.85,197660
2019-06-25,13.85,13.9,13.67,13.9,241340
2019-06-26,13.9,13.9,13.73,13.79,91980
2019-06-27,13.79,14.19,13.7,14.19,193110
2019-06-28,14.14,14.14,13.56,14.14,719810
2019-07-01,13.96,13.96,13.73,13.82,78850
2019-07-02,13.82,13.85,13.73,13.82,61760
2019-07-03,13.79,13.82,13.67,13.7,92340
2019-07-04,13.7,13.79,13.59,13.7,72210
2019-07-05,13.7,13.7,13.5,13.5,101220
2019-07-08,13.5,13.5,13.3,13.38,177290
2019-07-09,13.44,13.44,13.24,13.33,89690
2019-07-10,13.33,13.38,13.24,13.33,160190
2019-07-11,13.44,13.5,13.15,13.21,283070
2019-07-12,13.21,13.33,13.09,13.21,278940
2019-07-15,13.15,13.18,12.75,12.98,504810
2019-07-16,12.89,12.98,12.66,12.8,445970
2019-07-17,12.8,12.8,12.63,12.8,419000
2019-07-18,12.83,13.06,12.69,12.8,470260
2019-07-19,12.86,13.04,12.8,12.98,378850
2019-07-22,13.06,13.06,12.86,12.92,170270
2019-07-23,12.86,12.89,12.75,12.8,290510
2019-07-24,12.8,12.8,12.63,12.69,334560
2019-07-25,12.69,12.69,12.51,12.51,416500
2019-07-26,12.57,12.75,12.57,12.63,254480
2019-07-29,12.72,12.72,12.63,12.66,291530
2019-07-30,12.69,12.72,12.6,12.66,516240
2019-07-31,12.75,12.86,12.69,12.86,206620
2019-08-01,12.86,13.33,12.86,13.27,565270
2019-08-02,13.27,13.27,13.09,13.27,241680
2019-08-05,13.27,13.27,13.09,13.18,183320
2019-08-06,12.98,13.12,12.86,13.04,315300
2019-08-07,13.09,13.3,13.06,13.3,344060
2019-08-08,13.3,13.61,13.3,13.56,432680
2019-08-09,13.61,13.73,13.56,13.67,299050
2019-08-12,13.67,13.67,13.38,13.56,466670
2019-08-13,13.5,13.56,13.5,13.56,279860
2019-08-14,13.56,13.61,13.5,13.59,246290
2019-08-15,13.5,13.61,13.5,13.61,319070
2019-08-16,13.61,14.11,13.61,13.9,370970
2019-08-19,13.9,14.02,13.73,13.9,127450
2019-08-20,13.85,13.9,13.79,13.85,176260
2019-08-21,13.85,13.99,13.79,13.93,501050
2019-08-22,13.96,14.02,13.96,13.99,253590
2019-08-23,13.99,14.02,13.96,13.99,296660
2019-08-26,13.9,13.99,13.9,13.96,135340
2019-08-27,13.99,13.99,13.88,13.9,173530
2019-08-28,13.9,13.93,13.88,13.9,132290
2019-08-29,13.88,13.9,13.85,13.9,80900
2019-08-30,13.9,13.96,13.88,13.93,127360
2019-09-03,13.93,13.96,13.76,13.76,208530
2019-09-04,13.79,13.88,13.79,13.85,130800
2019-09-05,13.88,13.88,13.76,13.82,117140
2019-09-06,13.79,13.82,13.73,13.79,86220
2019-09-09,13.79,13.79,13.7,13.7,99510
2019-09-10,13.7,13.82,13.7,13.76,222920
2019-09-11,13.76,13.82,13.73,13.79,202600
2019-09-12,13.82,13.88,13.79,13.85,297140
2019-09-13,13.82,13.93,13.82,13.88,249960
2019-09-16,13.85,14.83,13.85,14.77,1970760
2019-09-17,14.86,14.95,14.77,14.89,358240
2019-09-18,14.54,14.8,14.54,14.77,431230
2019-09-19,14.69,14.72,14.45,14.72,403780
2019-09-20,14.66,14.83,14.54,14.54,173820
2019-09-23,14.54,14.66,14.48,14.48,256250
2019-09-24,14.48,14.89,14.43,14.69,653270
2019-09-25,14.66,15.12,14.6,15.06,617850
2019-09-26,15.06,15.12,14.83,15.03,540470
2019-09-27,15.01,15.06,14.92,15.03,489320
2019-09-30,15.01,15.03,14.72,14.77,317650
2019-10-01,14.77,14.77,14.48,14.6,323600
2019-10-02,14.6,14.66,14.54,14.6,342880
2019-10-03,14.54,14.92,14.48,14.66,558290
2019-10-04,14.66,14.77,14.51,14.6,377650
2019-10-07,14.6,14.77,14.57,14.6,395830
2019-10-08,14.57,14.74,14.57,14.63,236800
2019-10-09,14.63,14.72,14.6,14.63,200860
2019-10-10,14.66,14.72,14.57,14.6,204820
2019-10-11,14.6,14.63,14.31,14.43,750090
2019-10-14,14.43,14.48,14.34,14.48,248380
2019-10-15,14.48,14.89,14.43,14.74,509910
2019-10-16,14.69,14.72,14.48,14.54,297940
2019-10-17,14.6,14.69,14.48,14.48,178930
2019-10-18,14.48,14.72,14.48,14.66,291340
2019-10-21,14.66,14.72,14.51,14.54,225790
2019-10-22,14.6,15.01,14.54,14.95,760380
2019-10-23,14.95,15.01,14.92,14.98,254760
2019-10-24,14.98,15.44,14.89,15.44,786640
2019-10-25,15.35,15.47,15.29,15.44,296380
2019-10-28,15.44,15.67,15.29,15.44,462280
2019-10-29,15.44,15.56,15.29,15.35,255290
2019-10-30,15.24,15.41,15.24,15.27,196300
2019-10-31,15.35,15.47,15.18,15.18,271510
2019-11-01,15.15,15.24,14.95,15.06,621800
2019-11-04,15.06,15.41,15.06,15.41,395160
2019-11-05,15.47,15.82,15.41,15.76,616040
2019-11-06,15.64,15.73,15.53,15.67,212510
2019-11-07,15.73,15.87,15.64,15.76,422060
2019-11-08,15.87,15.87,15.64,15.64,436180
2019-11-11,15.64,15.7,15.5,15.53,312470
2019-11-12,15.47,15.56,15.21,15.21,281340
2019-11-13,15.21,15.41,15.21,15.21,212730
2019-11-14,15.15,15.21,15.09,15.18,168810
2019-11-15,15.35,15.35,15.15,15.18,118540
2019-11-18,15.12,15.27,15.01,15.09,239510
2019-11-19,15.06,15.09,14.89,15.06,307710
2019-11-20,15.01,15.12,15.01,15.09,151960
2019-11-21,15.06,15.47,15.06,15.21,870410
2019-11-22,15.18,15.82,15.18,15.21,668220
2019-11-25,15.24,15.35,15.24,15.27,199980
2019-11-26,15.27,15.41,15.27,15.38,236240
2019-11-27,15.38,15.38,15.27,15.32,265630
2019-11-28,15.32,15.35,15.24,15.32,409410
2019-11-29,15.35,15.35,15.27,15.29,322100
2019-12-02,15.29,15.35,15.27,15.29,416910
2019-12-03,15.29,15.41,15.12,15.38,388300
2019-12-04,15.35,15.58,15.35,15.5,308340
2019-12-05,15.53,15.7,15.5,15.64,494890
2019-12-06,15.64,15.7,15.58,15.67,252540
2019-12-09,15.61,15.64,15.47,15.56,290730
2019-12-10,15.53,15.58,15.44,15.53,271360
2019-12-11,15.53,15.53,15.47,15.5,215380
2019-12-12,15.5,15.7,15.5,15.64,291020
2019-12-13,15.64,15.82,15.61,15.7,516510
2019-12-16,15.7,15.82,15.64,15.7,316230
2019-12-17,15.82,15.82,15.35,15.41,248870
2019-12-18,15.41,15.41,15.15,15.21,294120
2019-12-19,15.21,15.35,15.12,15.24,142780
2019-12-20,15.27,15.44,15.24,15.41,164640
2019-12-23,15.44,15.47,15.41,15.41,131930
2019-12-24,15.41,15.58,15.41,15.56,265090
2019-12-25,15.56,15.61,15.5,15.56,180530
2019-12-26,15.56,15.64,15.44,15.56,385170
2019-12-27,15.56,15.58,15.5,15.58,156240
2019-12-30,15.58,15.64,15.53,15.64,354580
2019-12-31,15.64,15.64,15.5,15.58,698370
2020-01-02,15.41,15.44,15.24,15.35,343020
2020-01-03,15.35,15.41,15.18,15.29,353970
2020-01-06,15.27,15.35,15.06,15.35,319660
2020-01-07,15.29,15.35,15.12,15.24,128550
2020-01-08,15.06,15.21,14.6,14.77,412780
2020-01-09,14.8,15.01,14.54,14.83,247010
2020-01-10,14.8,14.86,14.6,14.83,283200
2020-01-13,14.8,14.86,14.77,14.83,91330
2020-01-14,14.77,14.86,14.72,14.83,108520
2020-01-15,14.83,14.86,14.74,14.83,72090
2020-01-16,14.8,14.95,14.77,14.95,140170
2020-01-17,14.95,15.01,14.89,14.95,79520
2020-01-20,14.92,14.95,14.86,14.95,75490
2020-01-21,14.92,15.01,14.77,14.98,381440
2020-01-22,14.95,15.06,14.95,15.01,120650
2020-01-30,14.89,14.95,14.6,14.77,185620
2020-01-31,14.77,14.77,14.37,14.48,196240
2020-02-03,14.08,14.37,13.9,14.31,241080
2020-02-04,14.31,14.4,14.14,14.31,252520
2020-02-05,14.28,14.34,14.25,14.34,192860
2020-02-06,14.34,14.45,14.19,14.43,262650
2020-02-07,14.43,14.43,14.31,14.43,110820
2020-02-10,14.4,14.43,14.31,14.43,106900
2020-02-11,14.4,14.48,14.37,14.48,152870
2020-02-12,14.45,14.66,14.43,14.66,153260
2020-02-13,14.54,14.6,14.4,14.43,102180
2020-02-14,14.37,14.4,14.02,14.19,464310
2020-02-17,14.05,14.19,14.05,14.19,296120
2020-02-18,14.19,14.22,14.11,14.19,181170
2020-02-19,14.17,14.19,14.14,14.19,128710
2020-02-20,14.19,14.22,14.17,14.22,287650
2020-02-21,14.22,14.28,14.14,14.22,400170
2020-02-24,14.08,14.19,14.02,14.11,445530
2020-02-25,14.08,14.31,14.08,14.31,152980
2020-02-26,14.19,14.25,14.14,14.19,86790
2020-02-27,14.17,14.37,14.17,14.37,171130
2020-02-28,14.14,14.31,14.14,14.22,102250
2020-03-02,14.22,14.28,14.19,14.25,193070
2020-03-03,14.37,14.37,14.22,14.25,186820
2020-03-04,14.25,14.43,14.25,14.37,205010
2020-03-05,14.37,14.4,14.34,14.37,100370
2020-03-06,14.34,14.34,14.19,14.19,125780
2020-03-09,13.9,14.02,13.33,13.33,582800
2020-03-10,13.33,13.61,13.33,13.61,150820
2020-03-11,13.67,13.7,13.15,13.33,171290
2020-03-12,12.86,13.27,12.4,12.54,263770
2020-03-13,12.46,12.46,11.67,12.22,432310
2020-03-16,12.22,12.22,11.59,11.79,298420
2020-03-17,11.53,12.17,11.53,12.17,201400
2020-03-18,12.2,12.2,12.02,12.17,274660
2020-03-19,12.05,12.17,11.7,12.17,213960
2020-03-20,12.17,12.17,11.56,11.59,566210
2020-03-23,11.59,11.59,10.95,11.01,236800
2020-03-24,11.47,11.47,10.66,11.09,228300
2020-03-25,11.12,11.33,11.09,11.21,364740
2020-03-26,11.24,11.7,11.18,11.21,627430
2020-03-27,11.24,11.33,11.18,11.27,161610
2020-03-30,11.12,11.21,10.83,10.89,173010
2020-03-31,10.89,11.01,10.14,10.72,317340
2020-04-01,10.72,10.75,10.43,10.66,256170
2020-04-03,10.78,10.8,10.49,10.6,455210
2020-04-06,10.6,11.01,10.46,10.83,780740
2020-04-07,10.95,11.01,10.66,10.83,466250
2020-04-08,10.72,11.47,10.72,11.3,945510
2020-04-09,11.3,11.64,11.3,11.59,648850
2020-04-10,11.64,11.64,11.3,11.53,234330
2020-04-13,11.36,11.82,11.36,11.67,735890
2020-04-14,11.64,11.93,11.64,11.7,502130
2020-04-15,11.82,11.96,11.82,11.96,559480
2020-04-16,11.99,11.99,11.88,11.93,517930
2020-04-17,11.96,12.17,11.96,12.11,950520
2020-04-20,12.11,12.17,12.05,12.11,559680
2020-04-21,12.05,12.05,11.41,11.82,694050
2020-04-22,11.7,11.88,11.47,11.85,567860
2020-04-23,11.82,11.91,11.73,11.88,445860
2020-04-24,11.88,11.93,11.82,11.88,378450
2020-04-27,11.91,11.93,11.85,11.88,524000
2020-04-28,11.91,11.96,11.85,11.91,409390
2020-04-29,11.91,12.17,11.91,12.14,876730
2020-05-04,12.11,12.17,12.05,12.11,532680
2020-05-05,12.14,12.22,12.11,12.17,952670
2020-05-06,12.2,12.25,11.99,12.17,1020600
2020-05-07,12.22,12.31,12.2,12.25,1095220
2020-05-08,12.31,12.4,12.28,12.37,1027960
2020-05-11,12.37,12.4,12.31,12.37,769000
2020-05-12,12.4,13.06,12.37,13.06,1426970
2020-05-13,12.92,13.35,12.72,13.33,1050270
2020-05-14,13.33,13.35,13.04,13.3,541760
2020-05-15,13.21,13.21,12.75,12.75,876170
2020-05-18,12.75,12.8,12.57,12.63,267870
2020-05-19,12.75,12.98,12.63,12.98,1375670
2020-05-20,12.92,12.95,12.75,12.86,498750
2020-05-21,12.89,12.92,12.75,12.75,420140
2020-05-22,12.77,12.77,12.31,12.34,654160
2020-05-25,12.4,12.6,12.34,12.57,384940
2020-05-26,12.57,12.77,12.57,12.77,639110
2020-05-27,12.83,12.86,12.48,12.57,438170
2020-05-28,12.63,12.69,12.54,12.6,194020
2020-05-29,12.6,12.77,12.6,12.75,636980
2020-06-01,12.8,12.89,12.72,12.89,500190
2020-06-02,12.98,13.04,12.77,12.89,805820
2020-06-03,12.8,13.44,12.75,13.44,1355550
2020-06-04,13.44,13.67,13.3,13.33,1333970
2020-06-05,13.35,13.59,13.27,13.53,1012930
2020-06-08,13.53,14.02,13.53,13.85,702370
2020-06-09,13.85,13.96,13.61,13.61,891610
2020-06-10,13.41,13.64,13.41,13.64,1454910
2020-06-11,13.73,13.9,13.33,13.53,1061760
2020-06-12,13.27,13.47,13.15,13.44,964400
2020-06-15,13.5,13.56,13.21,13.33,627870
2020-06-16,13.38,13.5,13.38,13.5,367980
2020-06-17,13.53,13.53,13.44,13.5,299130
2020-06-18,13.35,13.61,13.35,13.56,367240
2020-06-19,13.59,14.14,13.59,14.08,876080
2020-06-22,14.05,14.19,13.88,14.05,566040
2020-06-23,14.08,14.08,13.85,13.96,900610
2020-06-24,13.96,14.02,13.79,13.9,696100
2020-06-25,13.79,13.88,13.61,13.82,651610
2020-06-26,13.79,13.82,13.64,13.67,614300
2020-06-29,13.67,13.79,13.21,13.44,735640
2020-06-30,13.44,13.5,13.18,13.44,475130
2020-07-01,13.44,13.53,13.33,13.5,236030
2020-07-02,13.44,13.61,13.27,13.61,699900
2020-07-03,13.64,14.02,13.64,13.9,597160
2020-07-06,13.9,14.05,13.9,13.99,316590
2020-07-07,13.96,13.99,13.9,13.93,271640
2020-07-08,13.88,13.9,13.82,13.9,357990
2020-07-09,13.9,13.9,13.76,13.9,595500
2020-07-10,13.85,13.99,13.79,13.99,436560
2020-07-13,14.05,14.25,13.99,14.02,932440
2020-07-14,13.99,14.08,13.99,14.02,232340
2020-07-15,14.08,14.19,14.05,14.19,543180
2020-07-16,14.31,14.69,14.25,14.69,1176680
2020-07-17,14.69,14.69,14.45,14.51,365900
2020-07-20,14.51,14.51,14.25,14.25,740840
2020-07-21,14.37,14.54,14.19,14.34,529530
2020-07-22,14.37,14.4,14.22,14.34,461050
2020-07-23,14.34,14.4,14.28,14.37,306990
2020-07-24,14.37,14.37,13.88,14.14,1055320
2020-07-27,13.56,13.9,13.33,13.33,712260
2020-07-28,13.18,13.73,13.18,13.73,396620
2020-07-29,13.61,13.61,13.27,13.61,265730
2020-07-30,13.67,13.88,13.67,13.88,273280
2020-07-31,13.79,13.93,13.24,13.24,1471660
2020-08-03,13.38,13.73,13.38,13.67,198590
2020-08-04,13.73,14.11,13.67,14.11,363840
2020-08-05,14.11,14.4,14.02,14.34,318600
2020-08-06,14.25,14.43,14.25,14.34,321800
2020-08-07,14.34,14.34,14.17,14.22,328240
2020-08-10,14.22,14.31,14.19,14.19,549960
2020-08-11,14.19,14.25,13.96,14.14,279810
2020-08-12,14.14,14.17,13.93,13.99,320710
2020-08-13,14.22,14.22,13.99,14.22,369970
2020-08-14,14.22,14.43,14.22,14.22,445490
2020-08-17,14.25,14.31,14.14,14.22,352730
2020-08-18,14.22,14.28,14.19,14.22,360700
2020-08-19,14.41,14.53,14.28,14.47,283990
2020-08-20,14.44,14.59,14.38,14.47,614950
2020-08-21,14.47,14.84,14.47,14.81,901320
2020-08-24,14.87,14.9,14.78,14.84,425800
2020-08-25,14.87,15.28,14.84,15.28,1195060
2020-08-26,15.28,15.34,15.0,15.24,378880
2020-08-27,15.09,15.31,15.09,15.28,550440
2020-08-28,15.21,15.28,15.21,15.21,446000
2020-08-31,15.21,15.28,15.06,15.12,562860
2020-09-01,15.12,15.21,15.03,15.18,492190
2020-09-03,15.24,15.52,15.24,15.52,1166890
2020-09-04,15.4,15.83,15.4,15.49,779920
2020-09-07,15.49,15.49,15.12,15.12,533690
2020-09-08,15.09,15.15,14.93,15.12,420510
2020-09-09,14.9,15.12,14.84,15.03,410220
2020-09-10,15.15,15.15,14.87,14.87,721800
2020-09-11,14.87,15.03,14.78,14.96,753970
2020-09-14,15.03,15.18,15.0,15.15,422740
2020-09-15,15.21,15.31,15.21,15.21,573640
2020-09-16,15.21,15.24,15.06,15.15,282800
2020-09-17,15.15,15.15,14.9,14.96,726490
2020-09-18,15.0,15.12,15.0,15.09,329490
2020-09-21,15.12,15.15,15.09,15.12,714600
2020-09-22,15.12,15.49,15.12,15.37,952030
2020-09-23,15.34,15.4,15.24,15.24,591270
2020-09-24,15.24,15.28,15.03,15.15,556500
2020-09-25,15.18,15.18,15.0,15.03,524660
2020-09-28,15.03,15.09,14.96,15.03,281670
2020-09-29,15.03,15.18,14.96,15.15,458040
2020-09-30,15.12,15.15,14.9,15.06,541530
2020-10-01,15.09,15.15,15.06,15.12,360380
2020-10-02,15.12,15.12,14.81,15.06,928170
2020-10-05,15.06,15.4,15.03,15.34,716860
2020-10-06,15.49,15.62,15.37,15.46,918350
2020-10-07,15.46,15.46,15.24,15.28,406060
2020-10-08,15.28,15.28,15.0,15.06,491910
2020-10-09,15.06,15.09,14.87,15.06,440240
2020-10-12,15.09,15.09,14.9,14.96,687060
2020-10-13,14.9,14.96,14.65,14.81,850770
2020-10-14,14.72,14.93,14.69,14.9,261800
2020-10-15,14.87,14.87,14.65,14.87,541610
2020-10-16,14.84,14.84,14.65,14.75,683570
2020-10-19,14.75,14.78,14.65,14.72,776120
2020-10-20,14.81,15.09,14.75,14.84,811810
2020-10-21,14.9,14.9,14.81,14.87,369330
2020-10-22,14.87,14.9,14.81,14.87,1380110
2020-10-23,14.87,15.15,14.84,15.15,1239270
2020-10-26,15.18,15.37,15.15,15.28,681450
2020-10-27,15.28,15.34,15.09,15.09,461280
2020-10-28,15.09,15.15,14.84,14.9,746210
2020-10-29,14.9,14.93,14.78,14.87,931850
2020-10-30,14.9,15.52,14.81,15.52,2443570
2020-11-02,15.28,15.31,15.09,15.15,397380
2020-11-03,15.15,15.21,15.09,15.12,565540
2020-11-04,15.12,15.15,15.03,15.09,974330
2020-11-05,15.09,15.62,15.09,15.49,3511060
2020-11-06,15.52,15.55,15.28,15.28,1038960
2020-11-09,15.34,15.77,15.21,15.43,1808490
2020-11-10,15.52,15.52,15.18,15.18,1525060
2020-11-11,15.21,15.4,14.87,15.15,2530790
2020-11-12,15.15,15.31,15.09,15.15,1212020
2020-11-13,15.31,15.37,15.15,15.37,1023280
2020-11-16,15.4,15.43,15.03,15.09,2381080
2020-11-17,15.09,15.24,15.03,15.15,1827690
2020-11-18,15.21,15.46,15.18,15.28,1110000
2020-11-19,15.43,15.43,15.24,15.37,1217150
2020-11-20,15.37,16.42,15.31,16.42,6066190
2020-11-23,16.58,16.73,16.33,16.52,1772520
2020-11-24,16.52,16.52,16.02,16.24,1508330
2020-11-25,16.49,16.49,16.08,16.11,1664620
2020-11-26,16.08,16.58,16.08,16.3,2058730
2020-11-27,16.33,16.52,16.27,16.39,2549720
2020-11-30,16.77,16.83,16.49,16.61,3255650
2020-12-01,16.39,16.64,16.3,16.49,1677010
2020-12-02,16.49,17.14,16.46,16.67,2685130
2020-12-03,16.67,16.89,16.55,16.8,2276280
2020-12-04,16.8,16.86,16.7,16.73,1328770
2020-12-07,16.73,16.95,16.73,16.89,1587990
2020-12-08,16.89,16.95,16.7,16.92,1560270
2020-12-09,16.92,17.26,16.77,17.14,1307160
2020-12-10,17.14,17.7,17.08,17.39,3048980
2020-12-11,17.57,17.67,17.32,17.36,1786630
2020-12-14,17.39,17.79,17.36,17.57,2162070
2020-12-15,17.48,17.64,17.11,17.2,3071580
2020-12-16,17.23,17.6,17.17,17.51,1870300
2020-12-17,17.51,17.51,16.89,17.08,3252360
2020-12-18,17.01,17.29,16.98,17.2,2520760
2020-12-21,17.14,17.54,17.14,17.45,1751610
2020-12-22,17.45,18.13,17.29,17.88,2052640
2020-12-23,17.95,18.01,17.7,17.88,1149480
2020-12-24,17.82,17.88,17.08,17.57,1820930
2020-12-25,17.51,17.67,17.14,17.67,1210400
2020-12-28,17.7,17.76,17.51,17.67,1459850
2020-12-29,17.6,18.19,17.51,17.91,2112050
2020-12-30,17.91,18.26,17.85,18.01,1243160
2020-12-31,18.01,18.26,17.98,18.19,591430
2021-01-04,18.32,18.41,18.07,18.22,1284600
2021-01-05,18.13,18.32,18.07,18.26,886200
2021-01-06,18.26,19.13,18.26,18.63,1741400
2021-01-07,18.69,19.06,18.63,18.81,1646400
2021-01-08,19.0,19.06,18.66,18.94,1314900
2021-01-11,18.94,20.24,18.81,20.21,2166900
2021-01-12,20.31,20.99,19.93,20.68,1492200
2021-01-13,20.68,20.74,20.12,20.37,1731100
2021-01-14,20.18,20.55,19.99,20.49,1309700
2021-01-15,20.49,21.27,20.31,21.11,1743600
2021-01-18,21.11,21.11,20.8,20.9,1295500
2021-01-19,20.8,20.9,19.47,19.81,2189800
2021-01-20,19.78,20.55,19.19,20.37,1311200
2021-01-21,20.55,20.71,20.06,20.49,1051600
2021-01-22,20.49,21.21,20.43,21.08,1412300
2021-01-25,21.08,22.11,21.05,22.04,1970600
2021-01-26,22.11,22.23,21.14,21.61,1425600
2021-01-27,21.24,21.73,20.8,21.27,1654300
2021-01-28,19.93,20.49,19.81,19.81,1491900
2021-01-29,18.81,21.17,18.81,19.81,1301000
2021-02-01,19.93,19.99,18.5,18.57,1581100
2021-02-02,18.19,19.47,17.7,18.97,2290100
2021-02-03,19.25,20.27,19.03,19.65,1430500
2021-02-04,19.81,20.43,19.4,20.31,1011500
2021-02-05,20.18,20.62,20.18,20.34,885900
2021-02-08,20.43,20.49,18.94,19.25,2232000
2021-02-09,19.25,19.87,19.13,19.81,1565400
2021-02-17,20.24,21.11,19.99,20.8,742200
2021-02-18,20.86,21.42,20.43,21.3,1236800
2021-02-19,20.8,21.3,20.8,21.05,661100
2021-02-22,21.11,21.36,20.71,21.05,1228100
2021-02-23,21.05,21.17,20.68,20.8,1473800
2021-02-24,20.8,20.99,20.31,20.43,1472000
2021-02-25,20.43,20.55,19.87,20.12,2183500
2021-02-26,19.75,19.93,19.56,19.81,2163800
2021-03-01,19.99,20.18,19.81,20.18,1398800
2021-03-02,20.49,20.49,20.18,20.37,1354400
2021-03-03,20.49,20.49,20.27,20.37,1721500
2021-03-04,20.37,20.46,19.44,19.84,1164500
2021-03-05,19.68,19.68,19.16,19.53,2104000
2021-03-08,19.56,19.81,19.16,19.31,2586100
2021-03-09,19.25,19.28,18.75,19.13,1904700
2021-03-10,19.16,20.18,19.0,19.68,1965600
2021-03-11,19.99,19.99,19.31,19.59,1192000
2021-03-12,19.59,19.68,19.28,19.34,1911700
2021-03-15,19.37,19.59,19.31,19.47,1416300
2021-03-16,19.5,19.5,19.19,19.4,1203000
2021-03-17,19.5,19.75,19.37,19.56,1904400
2021-03-18,19.68,20.06,19.56,19.99,1755000
2021-03-19,20.06,20.34,19.81,20.15,2289800
2021-03-22,20.21,20.21,19.87,19.87,1251800
2021-03-23,19.87,19.87,19.37,19.5,1387800
2021-03-24,19.31,19.44,18.94,19.19,1651900
2021-03-25,19.19,19.28,18.57,19.19,1804200
2021-03-26,19.0,19.06,18.5,18.63,1308100
2021-03-29,18.75,18.94,18.66,18.88,779900
2021-03-30,18.88,19.16,18.81,18.88,1256700
2021-03-31,18.88,19.03,18.75,18.91,1324500
2021-04-01,18.94,19.31,18.91,19.25,2047300
2021-04-02,19.47,19.56,19.37,19.44,1086800
2021-04-05,19.5,19.59,18.97,19.06,2108200
2021-04-06,18.94,19.37,18.91,19.22,1620200
2021-04-07,19.25,19.31,19.06,19.16,1649900
2021-04-08,19.44,20.18,19.44,19.5,3222500
2021-04-09,19.87,19.93,19.68,19.78,1600800
2021-04-12,19.87,20.03,19.75,19.93,1776500
2021-04-13,19.99,19.99,19.47,19.53,2402600
2021-04-14,19.5,19.78,19.25,19.68,1345900
2021-04-15,19.75,19.81,19.25,19.31,3427100
2021-04-16,19.28,19.62,19.13,19.5,2106100
2021-04-19,19.62,20.83,19.37,20.55,7732600
2021-04-20,20.8,21.61,20.58,21.21,5564200
2021-04-22,21.3,21.55,20.49,20.49,5113700
2021-04-23,20.49,21.92,20.12,21.92,7512000
2021-04-26,22.23,22.35,21.36,21.42,3947900
2021-04-27,21.17,21.98,21.17,21.45,4093800
2021-04-28,21.36,22.17,21.27,21.64,8048000
2021-04-29,21.8,22.23,21.7,21.83,11026900
2021-05-04,21.73,23.32,21.42,22.94,6013700
2021-05-05,23.04,23.16,22.6,22.7,4372700
2021-05-06,22.57,23.22,22.51,22.63,4334300
2021-05-07,22.57,22.73,22.11,22.54,6818700
2021-05-10,22.48,22.85,22.23,22.63,4548300
2021-05-11,22.66,23.35,22.48,22.85,5788900
2021-05-12,22.85,23.07,22.48,23.04,3297900
2021-05-13,22.98,23.13,22.7,22.79,3389100
2021-05-14,22.98,23.6,22.76,23.13,4937300
2021-05-17,23.13,23.22,22.54,22.66,4412900
2021-05-18,22.42,22.6,22.23,22.35,3940900
2021-05-19,22.29,22.32,21.73,22.23,5583700
2021-05-20,22.17,22.94,22.17,22.66,2729000
2021-05-21,22.73,23.41,22.7,23.22,4509300
2021-05-24,23.22,23.6,23.22,23.25,4367300
2021-05-25,23.1,23.32,22.91,23.01,2689600
2021-05-26,22.91,23.25,22.66,23.04,2885400
2021-05-27,23.13,24.53,23.04,24.22,8750800
2021-05-28,24.34,24.37,23.97,24.22,2688400
2021-05-31,24.19,24.59,23.78,24.5,3991900
2021-06-01,24.65,24.96,24.22,24.56,4518700
2021-06-02,24.47,24.84,24.34,24.53,3754500
2021-06-03,24.47,24.9,24.4,24.71,3257900
2021-06-04,24.59,24.78,24.16,24.31,4720600
2021-06-07,24.34,24.59,23.78,24.09,4367100
2021-06-08,24.09,24.4,23.81,23.94,5436800
2021-06-09,23.94,24.34,23.6,24.16,3497200
2021-06-10,24.16,24.53,23.91,24.16,2712800
2021-06-11,24.52,25.27,24.38,25.14,3920600
2021-06-14,25.14,25.34,25.1,25.2,2935200
2021-06-15,24.93,25.27,24.9,25.2,1810400
2021-06-16,25.0,25.48,24.93,25.2,2246400
2021-06-17,24.86,25.31,24.73,25.2,1586500
2021-06-18,25.27,25.89,25.27,25.51,2723300
2021-06-21,25.41,25.68,25.2,25.51,2181300
2021-06-22,25.61,25.78,25.41,25.48,1930000
2021-06-23,25.61,25.61,25.14,25.17,1976000
2021-06-24,25.1,25.17,24.66,24.73,1771200
2021-06-25,24.73,25.34,24.66,25.34,2112000
2021-06-28,25.34,25.44,25.24,25.37,1515900
2021-06-29,25.37,26.02,25.37,25.61,3357100
2021-06-30,25.61,26.02,25.55,25.65,2263600
2021-07-01,25.65,25.82,25.41,25.75,2175700
2021-07-02,25.75,25.89,25.61,25.68,2099800
2021-07-05,25.55,25.55,25.14,25.14,1918500
2021-07-06,25.1,25.44,24.66,24.66,2922200
2021-07-07,24.59,25.1,23.77,25.07,4087900
2021-07-08,25.07,25.2,24.52,25.1,2712000
2021-07-09,25.14,25.31,24.9,25.0,3217600
2021-07-12,25.0,25.07,23.97,24.73,3600300
2021-07-13,24.56,24.9,24.49,24.79,1547200
2021-07-14,24.79,25.34,24.25,25.14,2943900
2021-07-15,25.2,25.2,24.66,24.83,1480500
2021-07-16,24.93,25.27,24.83,25.24,1400500
2021-07-19,25.0,26.98,24.93,25.48,8637800
2021-07-20,25.61,26.09,25.03,25.2,3284000
2021-07-21,25.14,25.34,25.0,25.03,1709000
2021-07-22,24.97,26.78,24.79,26.78,14906700
2021-07-23,26.81,27.66,26.23,26.23,6483500
2021-07-26,26.64,27.39,26.26,26.74,6050400
2021-07-27,26.98,27.22,26.57,26.81,4687300
2021-07-28,26.64,26.81,26.33,26.47,3765700
2021-07-29,26.5,27.19,26.09,27.19,5049500
2021-07-30,27.05,28.28,26.91,27.8,7711700
2021-08-02,27.66,28.18,27.29,27.53,3915800
2021-08-03,27.39,28.35,27.36,27.97,4934300
2021-08-04,27.94,28.24,27.46,27.73,4628500
2021-08-05,27.63,28.14,27.46,28.0,3501500
2021-08-06,28.18,28.96,28.07,28.28,5705300
2021-08-09,28.28,28.93,28.28,28.93,3679000
2021-08-10,28.96,28.96,28.59,28.62,5592600
2021-08-11,28.55,28.65,27.25,27.36,9691200
2021-08-12,27.19,28.04,27.19,27.59,4357800
2021-08-13,27.56,28.55,27.32,28.55,4242300
2021-08-16,28.55,28.79,28.35,28.48,3772400
2021-08-17,28.35,28.35,27.9,28.14,2505500
2021-08-18,28.0,28.76,27.9,28.35,2857300
2021-08-19,28.35,28.48,28.11,28.38,2045700
2021-08-20,28.28,28.59,26.57,26.91,4095500
2021-08-23,26.64,26.95,25.89,25.96,4191300
2021-08-24,25.96,26.23,25.61,25.96,2139000
2021-08-25,25.96,26.23,25.75,26.23,1174600
2021-08-26,26.3,26.37,25.89,26.06,1860600
2021-08-27,25.96,26.74,25.89,26.74,2906900
2021-08-30,26.78,27.25,26.6,26.98,1269900
2021-08-31,26.98,27.39,26.84,27.15,2709700
2021-09-01,26.95,27.15,26.71,26.84,1135900
2021-09-06,27.25,28.24,26.98,27.97,4883300
2021-09-07,28.11,28.11,27.53,27.73,1888700
2021-09-08,27.7,27.7,27.22,27.32,1523800
2021-09-09,27.59,27.87,27.32,27.66,1593100
2021-09-10,27.8,27.83,27.59,27.7,1703900
2021-09-13,27.7,28.45,27.7,28.18,5306000
2021-09-14,28.14,28.31,28.04,28.18,2187800
2021-09-15,28.11,28.21,27.87,28.14,1497600
2021-09-16,28.21,29.4,28.21,29.17,6127500
2021-09-17,29.23,29.37,28.69,28.69,5393700
2021-09-20,28.69,29.03,28.48,28.82,3503900
2021-09-21,28.35,28.69,28.0,28.52,2785500
2021-09-22,28.52,29.34,28.35,28.69,2719700
2021-09-23,28.69,29.03,28.69,28.69,1713300
2021-09-24,28.69,28.93,28.52,28.69,2021400
2021-09-27,28.69,28.76,28.21,28.24,2547500
2021-09-28,27.87,28.62,27.87,28.41,2359700
2021-09-29,28.41,28.55,28.11,28.41,960800
2021-09-30,28.31,28.62,28.31,28.41,965400
2021-10-01,28.38,28.41,28.21,28.21,930400
2021-10-04,28.31,28.31,27.9,28.07,1306400
2021-10-05,28.07,28.38,28.04,28.38,1672300
2021-10-06,28.55,28.93,28.48,28.69,1838100
2021-10-07,28.82,29.03,28.72,28.93,3196600
2021-10-08,29.0,29.92,29.0,29.75,6213400
2021-10-11,29.78,29.92,29.51,29.81,2157200
2021-10-12,29.81,30.02,29.44,29.75,2048000
2021-10-13,29.78,29.92,29.68,29.75,2498600
2021-10-14,29.78,30.33,29.75,29.92,4336000
2021-10-15,29.88,30.16,29.81,29.95,2788100
2021-10-18,29.95,30.6,29.92,30.26,3917300
2021-10-19,30.46,30.94,30.26,30.43,4009400
2021-10-20,30.43,30.67,29.71,30.26,2598000
2021-10-21,30.33,31.08,30.29,30.67,4208600
2021-10-22,30.74,31.18,30.67,31.11,2578300
2021-10-25,31.42,32.55,31.21,31.83,4292100
2021-10-26,31.66,31.83,31.08,31.45,2930500
2021-10-27,31.76,32.82,31.66,32.79,4492900
2021-10-28,32.82,34.22,32.72,33.81,4235700
2021-10-29,33.95,34.84,33.64,34.84,4833500
2021-11-01,34.15,34.22,33.2,33.47,5908400
2021-11-02,33.37,34.9,33.26,34.43,3894500
2021-11-03,34.84,34.84,32.07,32.24,5024500
2021-11-04,31.97,33.13,31.86,32.41,3271200
2021-11-05,32.72,33.23,32.48,32.92,2358300
2021-11-08,32.82,33.06,32.44,32.82,2914200
2021-11-09,33.06,33.54,32.79,33.06,3453100
2021-11-10,33.09,33.26,32.72,32.99,2941900
2021-11-11,33.13,34.36,33.13,34.02,6171300
2021-11-12,34.02,34.29,33.4,33.81,2167600
2021-11-15,34.15,34.15,33.57,33.67,2758400
2021-11-16,33.13,33.54,32.38,32.96,2813000
2021-11-17,32.79,33.13,32.72,32.99,1030200
2021-11-18,32.92,33.06,32.51,32.51,2089100
2021-11-19,32.55,32.65,31.01,31.35,3664400
2021-11-22,31.21,31.76,29.37,29.37,2618700
2021-11-23,29.37,31.08,29.37,31.08,1269600
2021-11-24,31.15,32.03,30.94,32.03,1461200
2021-11-25,32.1,32.31,31.9,31.9,1595000
2021-11-26,32.03,32.03,31.59,31.66,1389800
2021-11-29,31.08,31.62,30.74,31.21,1374300
2021-11-30,31.39,31.97,31.35,31.73,1589300
2021-12-01,31.76,31.76,31.39,31.42,1075200
2021-12-02,31.69,32.03,31.39,31.62,1353100
2021-12-03,31.76,32.0,31.45,31.45,1304400
2021-12-06,31.42,31.52,29.37,29.58,1075700
2021-12-07,29.75,31.01,29.75,30.94,1108700
2021-12-08,30.94,31.39,30.87,31.28,989100
2021-12-09,31.28,32.89,31.21,32.85,2830800
2021-12-10,32.82,33.26,32.48,32.65,1759600
2021-12-13,33.26,34.15,32.82,33.88,2491100
2021-12-14,33.84,34.02,33.06,33.13,1928400
2021-12-15,33.2,33.47,32.82,32.92,1405200
2021-12-16,32.82,33.33,32.82,33.06,1208700
2021-12-17,33.33,34.56,33.13,34.43,6014600
2021-12-20,34.49,34.49,33.57,34.15,1745700
2021-12-21,34.02,34.63,33.67,34.29,1767600
2021-12-22,33.95,36.34,33.95,35.31,4010100
2021-12-23,35.52,36.27,34.9,35.31,4170800
2021-12-24,35.52,35.79,34.49,34.84,1106700
2021-12-27,34.84,36.34,34.22,36.2,3508500
2021-12-28,36.27,36.68,35.52,35.86,1635800
2021-12-29,35.93,37.43,35.93,36.2,4299500
2021-12-30,36.54,36.61,35.52,35.59,2210000
2021-12-31,35.79,35.79,34.84,34.84,1812500
2022-01-04,35.38,37.16,35.18,37.16,3045800
2022-01-05,37.29,39.27,36.88,38.05,3718200
2022-01-06,38.11,39.0,37.36,38.8,3195500
2022-01-07,38.93,38.93,38.05,38.66,2063600
2022-01-10,38.25,38.46,36.61,36.95,3201600
2022-01-11,36.88,37.5,36.2,36.2,3459900
2022-01-12,35.11,36.88,34.56,36.68,4388900
2022-01-13,37.02,37.36,36.0,36.54,3651300
2022-01-14,36.2,36.95,35.79,36.54,1200300
2022-01-17,36.27,36.54,34.02,34.02,2508100
2022-01-18,33.54,34.84,33.54,34.49,1918100
2022-01-19,34.22,35.45,34.22,35.45,1145400
2022-01-20,35.52,35.86,34.97,35.31,1078000
2022-01-21,35.59,35.59,34.36,34.7,1540200
2022-01-24,34.9,34.9,33.47,33.54,1344000
2022-01-25,33.2,34.36,32.51,34.08,1688500
2022-01-26,34.43,34.84,33.95,34.43,1357000
2022-01-27,34.15,34.9,34.15,34.22,587300
2022-01-28,34.15,34.7,33.95,34.15,767200
2022-02-07,34.7,34.84,34.36,34.56,641400
2022-02-08,34.63,34.7,34.29,34.43,749500
2022-02-09,34.56,36.54,34.43,36.27,2094400
2022-02-10,36.2,36.54,35.59,36.06,1182100
2022-02-11,36.06,36.2,35.72,36.06,694600
2022-02-14,35.86,36.13,35.24,36.0,1148000
2022-02-15,35.93,36.61,35.79,36.54,1621100
2022-02-16,36.75,36.95,36.47,36.75,776000
2022-02-17,36.82,37.5,36.41,37.5,2016000
2022-02-18,37.16,37.43,36.88,36.88,939600
2022-02-21,36.88,37.43,36.88,37.02,789600
2022-02-22,36.75,37.02,35.65,36.82,1597200
2022-02-23,36.82,37.36,36.47,36.95,1019700
2022-02-24,36.95,36.95,35.18,36.06,1949900
2022-02-25,36.2,36.75,36.2,36.41,790700
2022-02-28,36.41,36.68,35.93,36.13,629500
2022-03-01,36.2,37.09,36.0,36.95,1999200
2022-03-02,37.02,37.36,36.68,36.68,1369300
2022-03-03,37.09,37.43,36.75,37.29,1261000
2022-03-04,37.5,37.84,37.16,37.29,1601600
2022-03-07,36.88,37.09,36.13,36.75,1351300
2022-03-08,36.2,36.47,35.59,35.59,1741700
2022-03-09,35.31,35.86,34.63,34.97,1402500
2022-03-10,35.24,35.65,35.18,35.18,635900
2022-03-11,35.11,35.24,34.7,34.84,1354700
2022-03-14,34.77,34.97,33.61,34.29,1213700
2022-03-15,34.77,34.77,33.81,34.15,1005200
2022-03-16,34.36,34.84,34.12,34.56,701100
2022-03-17,34.77,35.72,34.49,35.11,1101700
2022-03-18,35.24,35.59,34.84,34.84,1361100
2022-03-21,35.24,36.41,35.04,36.41,2032200
2022-03-22,36.47,36.75,36.06,36.06,1390400
2022-03-23,36.27,36.75,35.86,36.2,1330500
2022-03-24,36.2,36.61,36.0,36.27,832700
2022-03-25,36.47,36.82,36.27,36.41,1108300
2022-03-28,35.93,36.54,35.86,36.13,1267100
2022-03-29,36.13,36.61,36.0,36.47,1410000
2022-03-30,36.13,36.54,35.52,35.93,1206900
2022-03-31,35.93,36.41,35.93,36.06,795500
2022-04-01,35.79,36.68,35.18,36.61,1640000
2022-04-04,36.68,36.68,36.0,36.06,1086000
2022-04-05,36.06,36.06,35.24,35.52,1521900
2022-04-06,35.24,35.52,34.7,34.84,1921900
2022-04-07,35.04,35.24,34.84,34.9,611400
2022-04-08,35.11,35.18,34.7,34.77,1043700
2022-04-12,34.77,34.9,34.22,34.22,706700
2022-04-13,34.15,34.77,34.15,34.56,904400
2022-04-14,34.56,34.63,34.02,34.22,1010400
2022-04-15,34.36,34.36,33.74,33.81,1029900
2022-04-18,33.74,33.98,33.4,33.67,1182300
2022-04-19,33.95,34.97,33.88,34.22,1329700
2022-04-20,34.77,34.77,34.08,34.08,1206300
2022-04-21,33.84,34.43,32.44,32.79,1656300
2022-04-22,32.44,33.84,32.44,33.47,2094600
2022-04-25,33.4,33.81,31.21,31.42,1041600
2022-04-26,30.87,32.17,30.6,32.07,1513300
2022-04-27,31.49,32.51,31.08,32.1,976500
2022-04-28,32.1,32.17,31.9,32.1,532800
2022-04-29,32.1,32.85,31.76,32.72,1808500
2022-05-04,32.24,32.38,31.76,31.76,420000
2022-05-05,31.9,31.9,30.43,31.49,788200
2022-05-06,31.21,31.49,30.6,31.49,1285100
2022-05-09,31.08,31.28,29.3,29.3,1264000
2022-05-10,29.17,29.64,28.35,29.64,1439400
2022-05-11,29.64,29.95,28.96,29.78,1603700
2022-05-12,29.44,29.71,28.48,28.86,951900
2022-05-13,28.86,28.86,26.84,26.84,1506300
2022-05-16,27.12,27.39,26.16,26.84,1057400
2022-05-17,26.84,28.62,26.43,28.48,1143400
2022-05-18,28.48,28.55,28.04,28.35,1273400
2022-05-19,28.0,28.48,27.8,28.35,973200
2022-05-20,28.35,28.48,28.11,28.28,1235300
2022-05-23,28.48,28.48,27.39,27.94,529100
2022-05-24,27.87,27.94,26.57,27.39,723100
2022-05-25,27.39,28.0,27.36,27.94,1516700
2022-05-26,28.28,28.62,28.0,28.31,836200
2022-05-27,28.35,29.23,28.35,29.06,1442300
2022-05-30,29.06,29.1,28.55,28.96,971800
2022-05-31,28.93,28.93,28.41,28.72,732000
2022-06-01,28.62,28.89,28.41,28.69,819300
2022-06-02,28.65,28.65,27.8,28.0,745800
2022-06-03,27.94,27.94,27.53,27.87,644000
2022-06-06,27.87,27.94,27.32,27.77,631700
2022-06-07,27.39,27.59,27.25,27.59,652900
2022-06-08,27.59,28.69,27.59,28.21,825000
2022-06-09,28.21,28.35,27.73,28.04,878200
2022-06-10,27.97,28.35,27.87,27.97,629400
2022-06-13,27.59,27.8,27.25,27.25,792700
2022-06-14,27.39,27.39,26.6,26.64,1225100
2022-06-15,26.57,26.64,25.48,26.02,1117100
2022-06-16,25.99,26.91,25.99,26.71,638600
2022-06-17,26.23,26.84,25.55,26.64,836900
2022-06-20,26.57,26.78,25.96,26.33,1020200
2022-06-21,26.3,26.64,26.02,26.4,824100
2022-06-22,26.3,26.6,25.96,26.3,656400
2022-06-23,26.23,26.3,25.96,26.02,471500
2022-06-24,25.89,26.43,25.89,26.26,645400
2022-06-27,26.23,26.78,26.23,26.67,879300
2022-06-28,26.78,27.12,26.71,26.81,712200
2022-06-29,26.71,27.05,26.64,26.84,626400
2022-06-30,26.78,26.91,26.57,26.57,514300
2022-07-01,26.57,26.98,25.96,26.54,830400
2022-07-04,26.97,27.01,26.75,26.9,432600
2022-07-05,26.9,27.05,26.45,26.45,536000
2022-07-06,26.22,26.67,25.92,26.33,1045000
2022-07-07,26.3,26.75,26.22,26.75,828700
2022-07-08,26.79,27.57,26.71,27.09,1076200
2022-07-11,27.05,27.2,26.3,26.3,734900
2022-07-12,26.33,26.75,26.3,26.75,615700
2022-07-13,26.75,26.79,26.48,26.56,670700
2022-07-14,26.52,27.65,26.3,27.65,1659300
2022-07-15,27.8,28.06,27.27,27.31,724100
2022-07-18,27.35,27.35,27.09,27.2,515300
2022-07-19,27.2,27.2,26.79,27.05,673700
2022-07-20,27.27,27.65,27.16,27.57,871200
2022-07-21,27.57,27.87,27.27,27.76,967100
2022-07-22,27.65,27.72,27.35,27.42,637800
2022-07-25,27.27,27.69,27.27,27.27,530000
2022-07-26,27.27,27.87,27.24,27.84,1158500
2022-07-27,27.76,28.25,27.69,28.02,649500
2022-07-28,28.02,28.7,27.99,28.55,692800
2022-07-29,28.66,29.0,28.14,28.18,959300
2022-08-01,28.25,29.15,28.18,28.93,763300
2022-08-02,28.85,29.3,28.48,29.23,1422300
2022-08-03,28.7,29.26,28.7,29.26,933000
2022-08-04,29.26,29.38,29.04,29.3,980100
2022-08-05,29.23,29.23,28.89,29.08,635500
2022-08-08,29.08,29.3,28.7,29.0,657100
2022-08-09,29.0,29.04,28.78,28.81,733100
2022-08-10,28.85,29.19,28.78,29.11,740600
2022-08-11,29.3,29.45,29.23,29.3,853100
2022-08-12,29.15,29.26,29.0,29.15,714700
2022-08-15,29.19,29.23,29.0,29.15,1005200
2022-08-16,29.15,29.53,29.04,29.19,699600
2022-08-17,29.23,29.53,29.19,29.53,1150500
2022-08-18,29.53,29.79,29.49,29.53,1082900
2022-08-19,29.53,29.6,28.93,29.08,790200
2022-08-22,29.0,29.0,28.33,28.33,946500
2022-08-23,28.18,28.33,27.76,28.33,1371400
2022-08-24,28.4,28.55,28.25,28.36,1025600
2022-08-25,28.36,28.78,28.36,28.7,660700
2022-08-26,28.51,28.96,28.51,28.81,676700
2022-08-29,28.55,28.59,28.1,28.25,996400
2022-08-30,28.25,28.59,28.25,28.33,606400
2022-08-31,28.33,28.36,27.8,27.8,1026700
2022-09-05,27.91,28.14,27.5,27.65,927700
2022-09-06,27.65,27.8,27.09,27.2,1503400
2022-09-07,27.2,27.27,26.48,26.52,1257400
2022-09-08,26.67,26.82,26.52,26.67,652700
2022-09-09,26.67,26.71,26.56,26.67,962100
2022-09-12,26.75,26.97,26.75,26.9,744051
2022-09-13,26.97,27.05,26.79,26.9,970584
2022-09-14,26.6,26.94,26.6,26.82,871235
2022-09-15,26.82,26.9,26.37,26.67,763152
2022-09-16,26.71,26.71,25.47,25.47,4362499
2022-09-19,25.55,25.92,25.06,25.28,1231276
2022-09-20,25.32,25.43,24.72,25.09,1024112
2022-09-21,25.06,25.06,23.55,23.63,1689260
2022-09-22,23.48,23.93,22.69,23.63,4044213
2022-09-23,23.97,24.08,23.14,23.52,2783477
2022-09-26,23.07,23.07,21.9,22.24,6889171
2022-09-27,22.46,22.46,21.08,22.09,3048111
2022-09-28,22.01,22.73,21.64,22.09,1666043
2022-09-29,22.54,23.18,21.75,21.75,3953980
2022-09-30,21.6,21.98,20.25,21.08,4391836
2022-10-03,20.66,21.04,19.61,19.61,3851448
2022-10-04,19.53,20.29,19.38,19.65,3042502
2022-10-05,20.25,20.96,20.06,20.66,2712320
2022-10-06,20.66,20.66,19.31,19.72,2310449
2022-10-07,18.78,19.38,18.37,18.78,3114947
2022-10-10,18.56,19.91,18.56,19.46,2539549
2022-10-11,19.61,19.61,18.11,18.33,2266385
2022-10-12,18.56,19.61,18.33,19.61,2144630
2022-10-13,19.61,19.99,19.53,19.91,1449450
2022-10-14,20.29,20.32,19.57,19.91,2591892
2022-10-17,19.8,19.8,18.75,19.23,1981355
2022-10-18,19.42,20.14,19.38,19.76,1556196
2022-10-19,19.72,19.84,19.16,19.42,1010945
2022-10-20,19.38,19.42,18.86,19.16,1389555
2022-10-21,19.08,19.16,17.84,17.92,3272275
2022-10-24,17.92,18.11,16.68,16.68,1224178
2022-10-25,16.38,16.91,15.52,15.78,3443422
2022-10-26,15.85,16.87,15.85,16.3,2968200
2022-10-27,16.6,17.43,16.53,17.28,1666850
2022-10-28,17.58,17.88,17.21,17.28,1681489
2022-10-31,17.28,17.28,16.34,17.06,1503224
2022-11-01,17.21,17.58,16.75,17.13,1567632
2022-11-02,17.13,17.39,16.83,17.28,1554633
2022-11-03,17.13,17.32,17.06,17.32,1194524
2022-11-04,17.17,17.17,16.12,16.12,2120913
2022-11-07,15.44,15.55,14.99,14.99,1865940
2022-11-08,14.2,15.93,14.05,15.25,2207567
2022-11-09,15.18,15.74,15.1,15.25,2203928
2022-11-10,14.24,14.8,14.2,14.28,1751496
2022-11-11,14.43,15.25,14.43,15.18,3558807
2022-11-14,15.14,15.55,14.88,15.25,2813685
2022-11-15,15.25,15.29,14.35,14.58,2099628
2022-11-16,14.2,15.59,13.56,15.21,3951788
2022-11-17,15.36,16.23,15.21,16.19,6040704
2022-11-18,16.23,16.83,16.15,16.6,4561205
2022-11-21,16.91,16.98,16.49,16.83,2963653
2022-11-22,16.83,17.73,16.53,16.87,4371181
2022-11-23,16.75,16.87,16.15,16.42,2312660
2022-11-24,16.27,16.6,15.29,15.78,3818219
2022-11-25,16.15,16.87,16.12,16.87,4958364
2022-11-28,17.24,18.03,17.17,18.03,5669205
2022-11-29,18.56,19.27,18.41,19.27,8516953
2022-11-30,19.69,20.59,19.16,20.59,2716527
2022-12-01,21.94,22.01,19.69,20.44,6111788
2022-12-02,20.44,21.86,20.14,21.86,2560990
2022-12-05,22.92,23.37,22.31,23.37,3502050
2022-12-06,22.95,23.25,22.2,22.2,3309750
2022-12-07,22.2,23.22,21.94,22.46,3292992
2022-12-08,22.39,22.88,21.71,22.77,4646577
2022-12-09,22.69,22.69,21.94,22.58,2463333
2022-12-12,22.54,22.54,21.0,21.0,3709354
2022-12-13,20.59,21.0,19.53,20.96,2344149
2022-12-14,21.64,21.64,20.74,21.04,1398153
2022-12-15,21.0,21.38,20.85,21.19,1052372
2022-12-16,21.11,22.01,20.66,20.66,4008947
2022-12-19,20.66,20.66,20.06,20.06,2347292
2022-12-20,20.06,20.51,18.71,19.38,1975832
2022-12-21,19.42,19.53,18.6,18.86,1300053
2022-12-22,19.01,20.17,18.93,20.17,1515307
2022-12-23,20.29,20.29,19.61,19.72,1106879
2022-12-26,19.69,19.76,18.52,18.52,1390003
2022-12-27,18.86,19.8,18.82,19.8,1083819
2022-12-28,20.17,21.0,19.8,20.32,1123541
2022-12-29,20.36,21.15,20.06,21.0,1415756
2022-12-30,21.26,21.26,19.91,19.91,784297
2023-01-03,20.21,21.19,19.99,21.04,1783746
2023-01-04,21.19,21.19,20.7,20.92,1528488
2023-01-05,20.92,21.08,20.77,20.81,1108599
2023-01-06,20.96,21.45,20.81,20.89,3117028
2023-01-09,20.92,21.41,20.92,21.0,2627778
2023-01-10,21.04,21.11,20.66,20.96,1522990
2023-01-11,21.04,21.3,21.0,21.11,1262671
2023-01-12,21.19,21.26,20.14,20.14,1935629
2023-01-13,20.36,20.51,19.38,19.69,1532943
2023-01-16,19.69,19.95,19.69,19.8,1045014
2023-01-17,19.84,20.17,19.72,20.14,882394
2023-01-18,20.14,20.96,20.06,20.89,818225
2023-01-19,20.85,21.04,20.74,20.74,1444048
2023-01-27,20.77,21.11,20.62,20.77,1104685
2023-01-30,20.77,21.41,20.51,20.85,1299913
2023-01-31,20.85,21.15,20.85,21.04,2429275
2023-02-01,21.41,21.49,19.57,19.91,2836050
2023-02-02,19.95,20.59,19.91,19.99,1348043
2023-02-03,20.14,20.29,19.87,20.25,2075464
2023-02-06,20.21,20.59,20.06,20.55,1615656
2023-02-07,20.66,21.11,20.44,20.44,1773543
2023-02-08,20.44,20.47,20.06,20.29,1501583
2023-02-09,20.29,20.4,20.21,20.25,1182120
2023-02-10,20.32,20.92,20.32,20.66,3018668
2023-02-13,20.59,20.66,19.35,19.53,2904814
2023-02-14,19.95,20.21,19.69,19.99,1101878
2023-02-15,19.99,20.7,19.99,20.66,1757834
2023-02-16,20.7,20.89,20.44,20.89,1161317
2023-02-17,20.96,21.56,20.89,20.89,1839361
2023-02-20,20.96,21.26,20.92,21.26,2334136
2023-02-21,21.41,21.64,21.08,21.11,2003322
2023-02-22,21.04,21.04,20.14,20.14,1595808
2023-02-23,20.17,20.4,19.35,20.02,1852612
2023-02-24,20.02,20.21,19.31,19.53,1058318
2023-02-27,19.23,19.46,18.86,19.12,1126692
2023-02-28,19.31,19.38,18.48,19.12,943284
2023-03-01,18.93,18.93,18.37,18.52,3049142
2023-03-02,18.56,19.12,18.56,18.71,770480
2023-03-03,18.78,19.01,18.03,18.3,1095312
2023-03-06,18.9,19.46,18.48,19.46,2049804
2023-03-07,19.46,19.57,19.35,19.38,691380
2023-03-08,19.23,19.46,18.03,19.46,654900
2023-03-09,19.46,19.76,19.38,19.53,1322924
2023-03-10,19.42,20.02,19.42,19.91,764161
2023-03-13,19.76,20.21,19.46,19.91,1012322
2023-03-14,19.91,19.99,19.08,19.38,819101
2023-03-15,19.84,20.14,18.97,19.95,662167
2023-03-16,19.95,19.95,19.61,19.72,440115
2023-03-17,19.84,20.1,19.72,20.1,1341101
2023-03-20,19.84,19.91,18.75,19.35,870703
2023-03-21,19.53,19.69,19.01,19.69,1173682
2023-03-22,19.76,19.91,19.5,19.61,1236179
2023-03-23,19.53,19.76,19.5,19.65,766274
2023-03-24,19.65,20.06,19.61,19.99,1126056
2023-03-27,20.02,20.17,19.91,20.06,957802
2023-03-28,20.29,20.66,19.91,20.1,1188278
2023-03-29,20.4,20.44,20.1,20.32,670852
2023-03-30,20.44,20.44,20.29,20.29,395078
2023-03-31,20.29,20.89,20.29,20.74,1315702
2023-04-03,21.04,22.01,20.89,22.01,2544554
2023-04-04,22.16,22.16,21.56,21.9,1411321
2023-04-05,21.83,22.16,21.68,21.79,1486075
2023-04-06,21.86,21.86,21.04,21.41,2620709
2023-04-07,21.19,21.56,21.0,21.08,2584704
2023-04-10,21.41,21.71,21.04,21.3,3536382
2023-04-11,21.3,21.45,21.0,21.41,773398
2023-04-12,21.49,22.58,21.41,22.43,3633102
2023-04-13,22.43,22.46,21.9,22.35,1521421
2023-04-14,22.24,22.35,21.41,21.49,1618450
2023-04-17,21.49,21.94,21.41,21.94,979759
2023-04-18,21.94,21.94,21.49,21.79,687551
2023-04-19,21.86,21.86,21.38,21.38,841070
2023-04-20,21.26,21.45,21.26,21.38,574679
2023-04-21,21.38,21.49,21.08,21.34,859058
2023-04-24,21.34,21.41,20.81,21.23,973405
2023-04-25,21.26,21.64,21.19,21.3,1141076
2023-04-26,21.3,21.3,20.74,21.26,1304557
2023-04-27,21.3,21.71,21.26,21.6,1890398
2023-04-28,21.71,22.39,21.6,22.39,1691520
2023-05-04,22.39,23.07,22.31,22.88,3100551
2023-05-05,22.69,22.73,22.46,22.69,1033320
2023-05-08,22.69,22.8,22.43,22.5,1609030
2023-05-09,22.5,22.5,22.09,22.16,763726
2023-05-10,22.2,22.5,22.16,22.39,1812774
2023-05-11,22.39,22.65,22.39,22.5,1452207
2023-05-12,22.5,22.84,22.39,22.77,2014683
2023-05-15,22.84,22.84,22.31,22.39,1480579
2023-05-16,22.39,22.43,21.94,22.13,1622638
2023-05-17,22.13,22.13,21.38,21.41,1858849
2023-05-18,21.45,22.2,21.45,22.01,2353484
2023-05-19,22.01,22.24,21.83,22.13,1136690
2023-05-22,22.13,22.24,21.94,22.24,1332057
2023-05-23,22.24,22.24,21.83,21.94,1809202
2023-05-24,22.01,22.01,21.83,21.98,1677380
2023-05-25,21.94,22.09,21.75,22.09,1800937
2023-05-26,22.16,22.65,22.16,22.39,3207298
2023-05-29,22.54,22.58,22.43,22.5,1420147
2023-05-30,22.54,22.95,22.46,22.62,2561824
2023-05-31,22.62,22.69,22.28,22.31,1441861
2023-06-01,22.31,22.39,21.94,22.09,1601628
2023-06-02,22.16,22.24,21.94,22.09,2184591
2023-06-05,22.16,22.5,22.05,22.43,2217669
2023-06-06,22.43,22.46,22.28,22.39,2119638
2023-06-07,22.39,22.95,22.39,22.88,4710942
2023-06-08,22.92,23.52,22.84,22.84,3588080
2023-06-09,22.8,22.99,22.46,22.88,2562033
2023-06-12,22.92,22.95,22.2,22.95,2876192
2023-06-13,22.92,23.07,22.62,23.03,2939214
2023-06-14,23.03,23.33,22.99,23.18,3647082
2023-06-15,23.03,23.14,22.95,23.03,2168283
2023-06-16,23.07,23.22,22.84,23.07,3320936
2023-06-19,23.03,23.07,22.62,22.84,1802462
2023-06-20,22.69,23.07,22.69,22.99,1736959
2023-06-21,22.99,23.18,22.92,22.99,2170055
2023-06-22,23.03,24.08,22.99,23.55,4821137
2023-06-23,23.7,23.85,23.59,23.78,2144282
2023-06-26,23.67,23.78,23.29,23.63,2872707
2023-06-27,23.67,23.82,23.37,23.67,1607146
2023-06-28,23.7,23.78,23.44,23.63,1503057
2023-06-29,23.37,23.63,22.99,23.1,1836811
2023-06-30,23.14,23.14,22.65,23.14,1399474
2023-07-03,23.03,23.07,22.77,22.84,812954
2023-07-04,22.77,22.88,22.73,22.84,1069988
2023-07-05,22.84,23.29,22.8,23.1,1709646
2023-07-06,23.1,23.1,22.62,22.69,1203137
2023-07-07,22.69,22.77,22.31,22.69,1525934
2023-07-10,22.77,23.03,22.65,22.77,2045179
2023-07-11,22.84,22.95,22.77,22.84,1824585
2023-07-12,22.88,23.14,22.88,22.95,1416933
2023-07-13,23.07,23.89,22.99,23.82,3155725
2023-07-14,23.97,23.97,23.29,23.67,1931851
2023-07-17,23.82,24.72,23.82,24.42,4449150
2023-07-18,24.19,24.87,24.12,24.46,2145072
2023-07-19,24.61,24.61,24.08,24.19,2406143
2023-07-20,24.04,24.31,23.78,24.12,1768673
2023-07-21,24.08,24.68,24.08,24.68,2161523
2023-07-24,24.72,25.81,24.72,25.73,3742112
2023-07-25,24.83,25.85,24.83,25.66,2060189
2023-07-26,25.51,26.3,25.4,26.3,3039842
2023-07-27,26.26,26.82,26.15,26.67,3222740
2023-07-28,26.75,28.51,26.67,27.61,3408622
2023-07-31,27.61,28.18,26.94,28.18,2847482
2023-08-01,28.1,28.1,26.97,26.97,1416892
2023-08-02,26.97,27.31,26.56,26.9,1788692
2023-08-03,26.9,27.01,26.48,26.48,2131447
2023-08-04,26.71,27.12,26.52,27.05,2650950
2023-08-07,27.12,27.72,26.79,27.05,2379844
2023-08-08,26.9,27.05,26.41,26.48,2256408
2023-08-09,26.6,26.71,26.45,26.67,1935016
2023-08-10,26.67,26.86,26.22,26.22,1876787
2023-08-11,26.33,27.57,26.18,27.39,3355968
2023-08-14,27.31,27.72,27.31,27.42,1738839
2023-08-15,27.69,27.69,27.01,27.05,1264079
2023-08-16,27.05,27.09,26.56,26.71,1511699
2023-08-17,27.01,27.01,26.3,26.67,2268538
2023-08-18,26.3,26.45,24.83,24.91,3578883
2023-08-21,24.68,25.88,24.57,25.51,1989592
2023-08-22,25.55,25.7,24.94,25.58,927411
2023-08-23,25.85,25.92,24.64,25.17,2000852
2023-08-24,25.17,26.52,25.17,25.92,1783101
2023-08-25,25.92,26.3,25.81,25.96,1291583
2023-08-28,26.22,26.67,26.03,26.67,1332753
2023-08-29,26.75,27.05,26.48,26.67,1590203
2023-08-30,26.71,27.05,26.67,26.94,1206050
2023-08-31,27.12,27.8,27.12,27.8,2199650
2023-09-05,27.8,27.8,27.05,27.27,2597582
2023-09-06,27.24,27.8,26.97,27.39,1033115
2023-09-07,27.5,27.84,27.31,27.39,2214679
2023-09-08,27.42,27.42,27.12,27.2,2146114
2023-09-11,27.35,27.42,26.15,26.15,1881834
2023-09-12,26.15,26.67,26.11,26.45,1892401
2023-09-13,26.75,27.2,26.45,26.52,1995912
2023-09-14,26.52,26.6,25.85,26.0,903296
2023-09-15,26.22,26.45,26.0,26.0,1172900
2023-09-18,26.07,26.18,25.81,25.92,892845
2023-09-19,26.0,26.07,25.36,25.55,942303
2023-09-20,25.7,26.67,25.55,26.67,1656357
2023-09-21,26.67,26.75,26.07,26.15,948221
2023-09-22,25.77,25.92,24.64,24.79,1828081
2023-09-25,24.79,25.13,23.14,23.67,1958174
2023-09-26,23.67,24.04,23.37,23.67,1304941
2023-09-27,23.67,24.34,23.55,24.34,994732
2023-09-28,24.12,24.79,23.67,24.61,1074089
2023-09-29,24.61,24.83,24.53,24.53,652508
2023-10-02,24.57,24.61,24.23,24.42,450846
2023-10-03,24.5,24.79,23.55,23.72,1000387
2023-10-04,23.31,24.05,23.31,23.97,600608
2023-10-05,23.97,24.05,23.31,23.47,894355
2023-10-06,23.43,24.38,22.48,24.38,1901953
2023-10-09,23.97,24.38,23.6,24.38,1348388
2023-10-10,24.55,24.71,23.97,24.3,1246947
2023-10-11,24.01,24.26,23.72,24.13,1145176
2023-10-12,24.34,24.79,24.13,24.75,1543456
2023-10-13,24.79,26.45,24.71,26.45,3064290
2023-10-16,26.45,26.45,25.95,26.2,1182913
2023-10-17,26.41,26.41,24.46,24.46,2212471
2023-10-18,24.63,24.63,23.14,24.13,1236942
2023-10-19,24.13,24.22,23.55,24.09,1040747
2023-10-20,23.97,24.96,23.55,24.96,1213595
2023-10-23,24.79,25.17,24.55,24.92,1015639
2023-10-24,24.92,25.46,24.63,25.29,784643
2023-10-25,25.29,25.54,24.96,25.0,788033
2023-10-26,24.38,24.71,23.6,24.63,1343012
2023-10-27,24.79,24.79,23.97,24.46,1664664
2023-10-30,24.3,24.3,23.64,23.64,1027684
2023-10-31,23.64,23.8,23.18,23.64,1493373
2023-11-01,23.64,23.64,22.48,23.64,905804
2023-11-02,23.88,25.04,23.47,24.79,1435899
2023-11-03,24.79,24.79,24.13,24.13,1537551
2023-11-06,24.63,24.63,24.26,24.59,1283239
2023-11-07,24.38,24.59,24.05,24.22,823900
2023-11-08,24.09,25.74,24.09,25.66,1615169
2023-11-09,25.79,27.11,25.46,26.36,3809259
2023-11-10,25.87,26.69,25.74,25.91,2376737
2023-11-13,25.95,27.11,25.87,26.28,1809045
2023-11-14,26.36,26.61,26.07,26.41,1587464
2023-11-15,26.86,26.9,26.24,26.41,2108975
2023-11-16,26.36,26.45,25.99,26.45,956173
2023-11-17,26.82,26.82,25.74,26.03,2105786
2023-11-20,25.46,26.2,25.37,26.12,1055078
2023-11-21,26.32,26.65,26.03,26.45,1277952
2023-11-22,26.41,26.86,26.32,26.69,1495196
2023-11-23,26.86,27.07,25.87,25.87,1823787
2023-11-24,25.99,25.99,24.96,25.95,1446301
2023-11-27,25.99,26.32,25.54,25.87,673941
2023-11-28,25.79,25.91,25.08,25.87,1110656
2023-11-29,25.91,26.07,25.7,26.07,748618
2023-11-30,26.12,26.16,25.79,25.79,1870164
2023-12-01,26.28,26.28,25.74,26.07,795310
2023-12-04,26.28,27.19,26.24,26.94,4228448
2023-12-05,27.07,27.07,26.45,26.53,1911971
2023-12-06,26.74,26.74,26.36,26.49,3063649
2023-12-07,26.69,26.69,25.79,26.2,2029323
2023-12-08,26.2,26.32,26.03,26.24,1000777
2023-12-11,26.24,26.28,25.74,25.95,767657
2023-12-12,25.99,26.03,25.74,25.95,1279578
2023-12-13,25.99,26.07,25.74,25.79,1713648
2023-12-14,25.87,25.91,24.84,25.33,1547906
2023-12-15,25.21,25.33,24.88,25.08,1320920
2023-12-18,25.08,25.08,24.55,25.04,1631957
2023-12-19,24.96,25.0,24.63,24.88,1617670
2023-12-20,24.88,24.92,24.63,24.63,979140
2023-12-21,24.63,24.88,24.34,24.84,1699545
2023-12-22,24.84,24.96,24.71,24.84,947924
2023-12-25,24.84,25.17,24.84,25.04,883540
2023-12-26,25.17,25.37,24.88,25.37,2068571
2023-12-27,25.33,25.41,25.21,25.33,1367208
2023-12-28,25.33,25.62,25.29,25.33,1151453
2023-12-29,25.37,25.95,25.33,25.95,1678199
2024-01-02,25.95,25.99,25.29,25.5,1249563
2024-01-03,25.5,25.5,25.25,25.46,1182104
2024-01-04,25.46,25.7,25.41,25.58,1816591
2024-01-05,25.58,25.83,25.54,25.62,1672427
2024-01-08,25.91,25.99,25.7,25.79,2178949
2024-01-09,25.87,26.03,25.41,25.41,2769983
2024-01-10,25.46,25.46,24.79,24.84,2134479
2024-01-11,24.88,25.04,24.84,25.0,1527139
2024-01-12,24.88,24.88,24.59,24.71,2860379
2024-01-15,24.84,24.88,24.67,24.67,717881
2024-01-16,24.55,24.67,24.13,24.46,1951725
2024-01-17,24.55,25.04,24.46,24.92,1599236
2024-01-18,24.96,26.12,24.96,25.87,3499822
2024-01-19,25.91,26.12,25.91,25.95,2159584
2024-01-22,25.95,25.95,25.46,25.79,2108914
2024-01-23,25.79,25.83,25.54,25.66,1162775
2024-01-24,25.66,25.7,25.54,25.54,933136
2024-01-25,25.54,25.79,25.37,25.79,1483234
2024-01-26,25.91,25.91,25.66,25.74,1230472
2024-01-29,25.83,25.83,25.62,25.74,978250
2024-01-30,25.66,25.74,25.46,25.62,1066159
2024-01-31,25.7,25.79,25.46,25.54,1176924
2024-02-01,25.37,25.54,25.12,25.21,1777181
2024-02-02,25.21,25.99,25.21,25.21,2100285
2024-02-05,25.33,25.62,25.21,25.5,1037849
2024-02-06,25.5,25.79,25.46,25.7,919492
2024-02-07,25.87,25.87,25.62,25.79,1066075
2024-02-15,25.87,26.07,25.79,25.99,1539586
2024-02-16,25.99,26.24,25.91,25.95,1201809
2024-02-19,25.95,26.03,25.58,25.87,1587496
2024-02-20,25.95,26.28,25.83,26.2,2357126
2024-02-21,26.28,27.69,26.2,27.11,6970782
2024-02-22,26.86,27.11,26.78,26.78,1660163
2024-02-23,26.94,26.94,26.16,26.24,3855068
2024-02-26,26.24,26.36,25.91,26.24,2269304
2024-02-27,26.41,27.11,26.2,26.94,3757804
2024-02-28,27.15,27.15,26.61,26.78,1789878
2024-02-29,26.9,28.64,26.74,28.64,13933477
2024-03-01,28.84,29.09,28.51,28.88,4665119
2024-03-04,29.09,30.33,29.01,29.71,8782309
2024-03-05,29.71,29.96,29.42,29.75,4623533
2024-03-06,29.71,29.96,29.09,29.71,4640156
2024-03-07,29.67,30.37,29.5,30.17,4750022
2024-03-08,30.17,30.25,29.5,30.12,5974765
2024-03-11,30.12,30.58,29.96,30.12,5156423
2024-03-12,30.08,30.58,30.04,30.25,3833407
2024-03-13,30.33,31.24,30.29,31.08,6840154
2024-03-14,31.08,31.36,30.83,30.99,4582502
2024-03-15,30.91,31.69,30.62,30.74,4147295
2024-03-18,30.83,31.36,28.6,30.74,9115126
2024-03-19,30.95,30.99,30.12,30.25,2640909
2024-03-20,30.17,30.5,29.92,30.21,3464232
2024-03-21,30.41,30.91,30.21,30.74,4355768
2024-03-22,30.99,31.08,30.46,30.66,3415326
2024-03-25,30.66,31.49,30.33,30.5,3513976
2024-03-26,30.5,32.19,30.17,31.9,5456240
2024-03-27,31.9,32.03,31.45,31.74,2236645
2024-03-28,31.78,31.9,31.32,31.32,2094446
2024-03-29,31.32,31.53,30.99,31.24,2927191
2024-04-01,31.24,31.57,31.03,31.41,4735050
2024-04-02,31.32,31.45,30.91,31.45,4228873
2024-04-03,31.45,31.98,31.16,31.2,6063099
2024-04-04,30.79,31.32,30.62,30.87,3138196
2024-04-05,30.58,30.91,30.12,30.17,4086284
2024-04-08,30.08,30.17,29.42,29.63,3133402
2024-04-09,29.63,29.84,29.22,29.75,3431849
2024-04-10,29.88,30.41,29.75,29.75,3063376
2024-04-11,29.26,30.17,29.26,29.96,2746777
2024-04-12,30.04,30.21,29.88,30.12,2248318
2024-04-15,30.0,30.25,28.02,28.02,4064065
2024-04-16,28.02,28.35,27.27,28.31,4883974
2024-04-17,28.43,28.43,28.1,28.1,1880528
2024-04-19,28.02,28.02,26.45,27.27,4255069
2024-04-22,27.6,27.65,26.86,27.65,3409053
2024-04-23,27.69,27.85,27.27,27.65,2792516
2024-04-24,27.93,28.84,27.81,28.55,3041546
2024-04-25,28.35,28.6,27.89,28.6,2053089
2024-04-26,28.1,29.3,28.06,28.93,3718333
2024-05-02,28.93,28.93,28.1,28.93,1506739
2024-05-03,29.26,29.67,28.64,29.67,3635099
2024-05-06,29.67,29.75,29.34,29.5,2486953
2024-05-07,29.63,29.92,29.46,29.84,2991079
2024-05-08,29.46,29.79,29.22,29.75,2292977
2024-05-09,29.75,30.04,29.38,29.75,3070664
2024-05-10,29.71,29.88,29.34,29.75,2145900
2024-05-13,29.88,30.37,29.84,30.0,4320617
2024-05-14,30.08,30.08,29.63,29.67,970532
2024-05-15,29.75,30.37,29.63,30.08,4473805
2024-05-16,30.33,30.58,30.08,30.41,3641849
2024-05-17,30.41,30.5,30.21,30.5,3146903
2024-05-20,30.74,30.79,30.29,30.5,3007236
2024-05-21,30.33,30.46,29.96,30.17,2996718
2024-05-22,30.21,30.66,30.08,30.25,4343372
2024-05-23,30.17,30.54,30.04,30.54,2720136
2024-05-24,30.41,30.66,28.93,29.42,6016711
2024-05-27,29.55,29.59,28.93,29.59,2315454
2024-05-28,29.71,29.96,29.5,29.96,2763973
2024-05-29,29.88,29.92,29.5,29.5,3037855
2024-05-30,29.26,29.79,28.97,29.79,3371060
2024-05-31,29.75,29.92,29.55,29.92,2718552
2024-06-03,30.04,31.82,29.96,31.41,8210059
2024-06-04,31.36,31.36,30.95,30.99,2697127
2024-06-05,31.28,31.28,30.62,30.62,4623982
2024-06-06,30.83,30.83,30.04,30.17,4548876
2024-06-07,30.33,30.99,30.12,30.83,3087828
2024-06-10,30.87,31.24,30.58,30.83,2515050
2024-06-11,30.83,30.91,30.29,30.74,2551632
2024-06-12,30.74,31.53,30.66,31.36,4627671
2024-06-13,31.49,32.52,31.41,31.9,7231379
2024-06-14,31.98,32.07,30.99,30.99,3970077
2024-06-17,30.79,31.2,30.74,31.03,3114262
2024-06-18,31.2,31.69,30.83,31.24,1581888
2024-06-19,31.32,31.32,30.7,31.16,2073800
2024-06-20,30.95,31.12,30.58,31.03,2148040
2024-06-21,31.12,31.16,30.5,30.99,2478974
2024-06-24,30.99,30.99,29.34,30.29,3284880
2024-06-25,30.17,30.66,29.92,30.66,1843905
2024-06-26,30.54,30.58,29.92,30.58,1983753
2024-06-27,30.46,30.99,30.0,30.99,2278126
2024-06-28,30.7,30.74,30.12,30.5,2297306
2024-07-01,30.5,30.58,30.17,30.58,1237793
2024-07-02,30.58,31.36,30.41,31.32,3263912
2024-07-03,31.36,31.41,31.03,31.28,1512312
2024-07-04,31.28,31.36,31.03,31.36,1556441
2024-07-05,31.41,31.94,31.16,31.65,4022299
2024-07-08,31.65,31.86,30.7,30.74,5109162
2024-07-09,30.66,30.99,30.5,30.99,2656962
2024-07-10,31.08,31.36,30.79,31.32,3539370
2024-07-11,31.49,33.06,31.45,31.86,13619895
2024-07-12,31.86,32.23,31.24,31.41,2717218
2024-07-15,31.41,31.61,30.83,31.24,3553037
2024-07-16,31.24,31.36,30.83,31.24,2896283
2024-07-17,31.41,31.41,29.34,30.5,6617896
2024-07-18,30.5,30.5,29.59,30.41,3139068
2024-07-19,30.33,30.5,29.79,30.25,2079329
2024-07-22,29.92,30.17,29.34,29.84,2275734
2024-07-23,29.79,29.92,29.17,29.34,2080591
2024-07-24,29.09,29.92,28.84,29.75,2238739
2024-07-25,29.59,29.75,29.26,29.75,995389
2024-07-26,29.67,29.84,29.63,29.75,1009830
2024-07-29,30.0,30.0,29.67,29.92,1032926
2024-07-30,29.92,30.04,29.63,29.75,1167903
2024-07-31,29.79,30.12,29.75,29.96,1431360
2024-08-01,29.96,29.96,28.6,28.76,2274658
2024-08-02,28.27,28.93,28.1,28.93,2252706
2024-08-05,28.18,28.68,27.69,28.51,2318425
2024-08-06,28.84,29.17,28.27,29.17,1405346
2024-08-07,29.13,29.5,29.01,29.5,1162167
2024-08-08,29.38,29.38,29.05,29.13,1319791
2024-08-09,29.34,29.55,29.05,29.46,1059596
2024-08-12,29.34,29.55,29.22,29.5,688030
2024-08-13,29.46,29.67,29.26,29.59,894062
2024-08-14,29.59,29.63,29.17,29.5,877526
2024-08-15,29.34,29.5,28.93,29.34,830822
2024-08-16,29.34,30.99,29.26,30.7,6302216
2024-08-19,30.83,30.87,30.54,30.66,1975000
2024-08-20,30.62,31.45,30.54,31.2,4064785
2024-08-21,31.03,31.28,30.66,31.16,1792136
2024-08-22,31.16,31.16,30.74,31.08,1614075
2024-08-23,31.03,31.03,30.62,30.91,2207273
2024-08-26,31.12,31.28,30.74,31.16,1884701
2024-08-27,30.99,32.03,30.99,30.99,3745211
2024-08-28,30.99,31.08,30.37,30.95,1944363
2024-08-29,30.95,31.32,30.74,31.16,1776641
2024-08-30,31.24,31.24,30.83,31.16,1282801
2024-09-04,30.91,31.74,30.87,31.41,3806640
2024-09-05,31.41,31.57,30.95,31.36,2600693
2024-09-06,31.08,31.24,30.87,31.24,1752358
2024-09-09,31.24,31.53,30.99,31.08,3178586
2024-09-10,31.16,31.2,30.58,30.83,3656113
2024-09-11,30.83,30.95,30.25,30.83,1844915
2024-09-12,30.91,30.91,30.62,30.7,1133247
2024-09-13,30.58,30.91,30.58,30.79,1461535
2024-09-16,30.74,31.36,30.74,31.12,2263951
2024-09-17,31.36,31.82,31.08,31.65,5794951
2024-09-18,31.69,31.69,31.32,31.41,5044619
2024-09-19,31.49,31.57,31.2,31.41,4044260
2024-09-20,31.61,31.61,31.24,31.28,7832741
2024-09-23,31.28,31.65,31.12,31.32,2250389
2024-09-24,31.41,31.82,31.32,31.82,3758967
2024-09-25,31.94,32.81,31.9,32.4,5417025
2024-09-26,32.65,32.65,32.07,32.52,3582170
2024-09-27,32.65,32.65,32.07,32.19,2703189
2024-09-30,31.94,32.23,31.9,32.15,2997621
2024-10-01,32.23,32.98,32.11,32.48,5014438
2024-10-02,32.19,32.44,31.9,31.9,3127235
2024-10-03,31.9,31.94,30.7,30.91,6725735
2024-10-04,30.91,31.16,30.79,30.95,1867098
2024-10-07,30.95,31.2,30.74,31.2,2098296
2024-10-08,30.91,31.28,30.74,30.99,1814155
2024-10-09,31.24,31.24,30.99,31.16,1162464
2024-10-10,31.2,31.28,30.99,30.99,1405518
2024-10-11,30.99,31.36,30.91,30.99,1596739
2024-10-14,30.99,31.24,30.66,30.87,2580183
2024-10-15,30.91,30.91,30.33,30.46,4006002
2024-10-16,30.41,30.46,29.84,30.08,2360597
2024-10-17,30.41,30.73,29.59,30.32,4806949
2024-10-18,30.32,30.36,29.82,29.82,1827205
2024-10-21,29.82,29.86,29.45,29.55,3087418
2024-10-22,29.59,30.32,29.32,29.73,4395555
2024-10-23,30.09,30.64,29.95,30.27,3612987
2024-10-24,30.5,31.0,30.23,30.59,3211231
2024-10-25,30.59,30.68,30.14,30.14,2213089
2024-10-28,30.09,30.5,30.09,30.45,1522996
2024-10-29,30.64,30.68,30.14,30.45,2236900
2024-10-30,30.45,30.45,30.23,30.45,1563679
2024-10-31,30.45,30.59,30.27,30.45,3205318
2024-11-01,30.27,30.55,30.14,30.14,2006091
2024-11-04,30.27,30.27,29.59,30.0,2604862
2024-11-05,30.0,30.05,29.68,29.95,1452602
2024-11-06,30.18,30.36,29.82,30.36,1659556
2024-11-07,30.5,30.95,30.36,30.55,2149532
2024-11-08,30.64,30.64,30.23,30.5,1276790
2024-11-11,30.5,30.5,30.09,30.45,1149780
2024-11-12,30.32,30.45,30.0,30.41,1649312
2024-11-13,30.05,30.55,30.05,30.45,1749602
2024-11-14,30.36,30.55,30.0,30.32,1610830
2024-11-15,29.86,29.95,29.0,29.68,3478167
2024-11-18,29.68,29.68,28.95,29.64,1418158
2024-11-19,29.45,29.64,28.77,29.09,2427948
2024-11-20,28.82,30.0,28.64,29.59,2184748
2024-11-21,29.45,29.86,29.41,29.82,1645500
2024-11-22,29.64,29.68,29.18,29.64,2004857
2024-11-25,29.64,29.82,29.55,29.82,1657002
2024-11-26,29.82,30.27,29.64,30.18,2270200
2024-11-27,30.18,30.18,29.91,30.14,1510375
2024-11-28,30.14,30.18,29.91,30.05,1643119
2024-11-29,30.0,30.14,29.73,30.14,1425660
2024-12-02,30.14,30.14,29.5,29.86,2673300
2024-12-03,29.64,29.91,29.64,29.91,1384524
2024-12-04,29.91,29.95,29.68,29.86,1505706
2024-12-05,29.86,30.77,29.77,30.27,3815503
2024-12-06,30.41,30.73,30.36,30.73,2271855
2024-12-09,30.64,31.45,30.64,31.27,4058018
2024-12-10,31.27,31.36,31.14,31.36,2358226
2024-12-11,31.64,31.64,31.14,31.36,2366160
2024-12-12,31.36,31.41,31.14,31.41,1836960
2024-12-13,31.18,31.32,31.0,31.32,1409666
2024-12-16,31.32,31.64,31.23,31.45,2003202
2024-12-17,31.45,32.09,31.45,31.82,4373546
2024-12-18,32.05,32.05,31.59,31.82,1959860
2024-12-19,31.45,32.36,31.36,32.36,4803130
2024-12-20,32.32,32.68,32.23,32.59,5116280
2024-12-23,32.64,32.68,32.32,32.64,1913244
2024-12-24,32.59,32.68,31.95,32.68,2560997
2024-12-25,32.68,32.68,32.14,32.64,2260796
2024-12-26,32.41,32.64,32.27,32.59,2450863
2024-12-27,32.64,32.64,32.32,32.55,2506798
2024-12-30,32.36,32.86,32.27,32.86,2777892
2024-12-31,32.91,32.91,32.14,32.82,2589914
2025-01-02,32.36,32.55,31.59,31.95,2537281
2025-01-03,31.77,31.91,31.55,31.64,1608301
2025-01-06,31.5,32.0,31.5,31.64,1640037
2025-01-07,31.45,31.73,30.77,30.77,2149147
2025-01-08,30.91,30.91,30.45,30.73,1753692
2025-01-09,30.86,31.14,30.77,30.86,723122
2025-01-10,30.77,31.14,30.77,30.91,918961
2025-01-13,30.86,31.45,30.5,31.32,1273420
2025-01-14,31.18,31.36,30.91,31.05,832078
2025-01-15,31.23,31.41,31.05,31.09,1117181
2025-01-16,30.95,31.32,30.68,31.23,1847518
2025-01-17,31.0,31.32,30.91,31.27,1152956
2025-01-20,31.27,31.41,31.18,31.41,963692
2025-01-21,31.41,31.41,31.09,31.27,619781
2025-01-22,31.27,31.27,30.95,31.18,911835
2025-01-23,31.32,31.41,31.05,31.41,1473611
2025-01-24,31.55,31.59,31.32,31.59,1954992
2025-02-03,31.36,31.41,31.14,31.41,1247840
2025-02-04,31.41,31.59,31.23,31.59,1986620
2025-02-05,31.64,32.05,31.64,31.68,2721929
2025-02-06,31.68,31.73,31.09,31.45,2191572
2025-02-07,31.45,31.45,31.05,31.41,1670011
2025-02-10,31.18,31.41,30.91,30.91,1731289
2025-02-11,30.91,31.05,30.68,31.05,1802685
2025-02-12,31.18,31.18,30.68,30.91,1506848
2025-02-13,30.91,30.91,30.27,30.73,2487286
2025-02-14,30.73,30.91,30.59,30.77,1068262
2025-02-17,30.77,30.91,30.59,30.77,1003165
2025-02-18,30.77,31.0,30.68,30.77,845525
2025-02-19,30.82,31.09,30.64,31.09,1992147
2025-02-20,31.18,31.32,30.91,31.09,2725062
2025-02-21,31.09,31.09,30.55,30.59,3109553
2025-02-24,30.59,30.64,30.36,30.59,1299110
2025-02-25,30.73,30.82,30.32,30.32,2463433
2025-02-26,30.32,30.45,30.0,30.18,2662804
2025-02-27,30.23,30.45,30.09,30.45,1788025
2025-02-28,30.55,30.77,30.36,30.45,1943841
2025-03-03,30.5,30.77,30.45,30.55,1578142
2025-03-04,30.55,30.91,30.45,30.68,2162079
2025-03-05,30.73,30.91,30.45,30.45,2223177
2025-03-06,30.55,30.59,30.23,30.5,1648457
2025-03-07,30.55,31.09,30.5,30.5,3905513
2025-03-10,30.77,30.77,30.09,30.14,3243406
2025-03-11,30.05,30.23,29.45,29.86,4330508
2025-03-12,30.0,30.0,28.95,29.45,5393540
2025-03-13,29.09,29.41,29.09,29.41,2274252
2025-03-14,29.18,29.73,29.05,29.23,3043010
2025-03-17,29.45,30.18,29.09,30.18,4359127
2025-03-18,30.32,30.32,29.64,29.64,3020187
2025-03-19,29.59,29.64,29.09,29.64,3088988
2025-03-20,29.77,29.77,29.0,29.45,3147199
2025-03-21,29.18,29.5,29.18,29.45,2157506
2025-03-24,29.36,29.64,29.05,29.64,1756483
2025-03-25,29.73,29.82,29.36,29.77,2969097
2025-03-26,29.77,29.82,29.09,29.09,3545088
2025-03-27,29.27,29.64,29.27,29.5,1818865
2025-03-28,29.59,29.59,29.36,29.59,2143464
2025-03-31,29.55,30.0,29.36,29.64,4337044
2025-04-01,29.73,29.77,28.95,29.64,4843735
2025-04-02,29.59,29.59,29.05,29.05,3627291
2025-04-03,27.36,28.27,27.05,27.05,3717049
2025-04-04,25.18,25.91,25.18,25.45,9816280
2025-04-08,23.73,23.91,23.68,23.68,1712113
2025-04-09,22.05,22.05,22.05,22.05,1114291
2025-04-10,23.55,23.55,23.55,23.55,4335110
2025-04-11,23.5,25.18,22.09,25.0,8117186
2025-04-14,25.0,25.5,24.0,25.27,5243040
2025-04-15,24.73,24.95,24.14,24.59,3749388
2025-04-16,24.55,24.55,23.82,24.36,3385558
2025-04-17,23.77,24.45,23.64,24.45,2862893
2025-04-18,24.55,24.86,24.32,24.41,2417747
2025-04-21,24.36,24.59,24.05,24.55,1980627
2025-04-22,24.36,24.55,22.86,23.82,5092225
2025-04-23,24.18,24.64,23.73,24.41,3138342
2025-04-24,24.59,24.95,24.41,24.64,2754849
2025-04-25,24.45,24.73,24.09,24.73,3620404
2025-04-28,24.73,24.73,24.14,24.27,1396268
2025-04-29,24.27,24.41,23.95,23.95,2320530
2025-05-05,24.23,24.91,23.95,24.68,2152419
2025-05-06,24.68,25.0,24.64,24.64,2261673
2025-05-07,24.64,26.27,24.64,26.0,5399213
2025-05-08,26.18,26.18,25.55,26.18,3569652
2025-05-09,26.09,26.18,25.82,25.86,1861346
2025-05-12,25.86,26.0,25.5,25.73,1553192
2025-05-13,26.0,26.55,25.73,26.55,3632296
2025-05-14,26.55,26.64,26.27,26.64,2239973
2025-05-15,26.73,26.73,26.36,26.68,1857836
2025-05-16,26.68,26.73,26.09,26.09,1563368
2025-05-19,25.91,26.64,25.73,26.32,2066045
2025-05-20,26.18,26.45,26.18,26.45,1522971
2025-05-21,26.45,26.55,25.95,26.27,2008636
2025-05-22,26.27,26.27,25.59,25.68,1939220
2025-05-23,25.68,25.82,25.32,25.59,2150711
2025-05-26,25.68,26.41,24.95,26.41,2863186
2025-05-27,26.64,27.41,26.41,27.27,4109132
2025-05-28,27.27,27.27,26.77,26.77,1947137
2025-05-29,27.64,27.64,26.73,27.0,4527719
2025-05-30,27.09,27.09,26.41,26.73,2243164
2025-06-02,26.73,28.55,26.73,27.82,7200646
2025-06-03,28.09,28.14,27.64,27.73,3351978
2025-06-04,27.82,28.05,27.59,27.73,3117397
2025-06-05,28.0,28.0,27.27,27.5,2577278
2025-06-06,27.5,27.64,26.73,26.91,3520780
2025-06-09,26.91,27.45,26.91,27.14,2754800
2025-06-10,27.23,27.23,26.82,27.0,2076858
2025-06-11,27.09,27.09,26.41,26.64,1903874
2025-06-12,26.64,27.18,26.64,27.0,1775988
2025-06-13,26.64,26.95,26.18,26.59,3320641
2025-06-16,26.59,26.77,26.32,26.73,1343476
2025-06-17,26.77,27.14,26.73,27.0,2510441
2025-06-18,27.05,27.45,27.05,27.27,3162706
2025-06-19,27.27,27.27,27.0,27.27,1925723
2025-06-20,27.27,27.45,27.09,27.45,2005408
2025-06-23,27.14,27.18,26.73,26.82,1949145
2025-06-24,27.09,27.14,26.86,26.86,2798160
2025-06-25,26.91,27.14,26.68,26.86,2257173
2025-06-26,26.91,26.91,26.09,26.18,3829298
2025-06-27,26.41,26.64,26.23,26.36,1832489
2025-06-30,26.41,26.73,26.23,26.73,4052277
2025-07-01,26.73,26.95,26.36,26.77,1647530
2025-07-02,26.77,26.77,26.5,26.55,1686686
2025-07-03,26.55,27.0,26.55,26.68,2215125
2025-07-04,26.73,27.36,26.73,27.0,3705117
2025-07-07,27.23,27.32,27.0,27.27,2848413
2025-07-08,27.36,27.55,26.82,27.55,5170774
2025-07-09,27.82,28.18,27.59,28.18,6334317
2025-07-10,28.27,28.82,28.0,28.05,4178161
2025-07-11,28.14,28.14,27.55,27.55,5628834
2025-07-14,27.73,28.55,27.09,28.41,8516860
2025-07-15,28.5,28.86,28.23,28.36,6390538
2025-07-16,28.27,28.64,28.18,28.27,5524304
2025-07-17,29.0,29.45,28.5,28.95,6712054
2025-07-18,29.15,29.7,28.95,29.0,5416304
2025-07-21,29.1,29.2,28.1,28.25,5552168
2025-07-22,28.25,28.45,28.05,28.4,3807030
2025-07-23,28.7,28.7,28.3,28.5,3064359
2025-07-24,28.6,28.9,28.4,28.8,6157381
2025-07-25,29.0,29.0,28.6,28.7,3689643
2025-07-28,29.0,29.8,28.95,29.3,7443470
2025-07-29,29.5,29.55,27.5,27.5,8230173
2025-07-30,27.8,28.05,27.1,27.6,3836400
2025-07-31,27.75,27.75,26.8,27.4,5593000
2025-08-01,27.5,28.15,27.15,27.7,3291700
2025-08-04,27.7,28.35,27.65,27.9,2841800
2025-08-05,28.1,28.5,27.5,27.9,8495800
2025-08-06,27.95,28.35,27.95,28.1,7131500
2025-08-07,28.6,29.9,28.5,29.9,10535300
2025-08-08,30.8,31.9,30.35,31.7,10765600
2025-08-11,32.5,33.0,32.0,32.0,8499300
2025-08-12,32.2,34.2,31.85,34.2,10570600
2025-08-13,35.05,36.55,35.0,36.2,12039400
2025-08-14,36.35,36.6,35.45,36.1,7428400
2025-08-15,36.15,36.2,34.75,35.5,10968200
2025-08-18,35.4,37.4,35.05,37.0,9990700
2025-08-19,37.0,37.3,36.35,36.8,9366600
2025-08-20,36.8,36.8,34.3,36.5,9419400
2025-08-21,36.2,36.4,35.0,35.9,12621400
2025-08-22,35.25,35.8,33.6,34.0,8559400
2025-08-25,34.45,34.5,32.9,33.65,6227800
2025-08-26,33.6,35.5,33.45,35.5,4910200
2025-08-27,35.5,37.6,35.15,36.0,10329500
2025-08-28,36.1,36.15,35.1,35.9,4963000
2025-08-29,36.0,37.25,35.6,36.5,9336700
2025-09-03,36.6,38.1,36.55,37.0,7773600
2025-09-04,37.1,37.6,36.55,36.75,5226700
2025-09-05,36.95,37.5,35.45,35.45,12748300
2025-09-08,35.15,36.1,34.3,34.8,7426000
2025-09-09,35.0,35.15,34.6,34.8,4220800
2025-09-10,34.9,35.05,34.5,34.7,3199300
2025-09-11,34.4,35.0,33.3,35.0,6149900
2025-09-12,35.0,35.5,34.7,34.8,3361100
2025-09-15,34.6,35.1,34.6,34.85,3294200
2025-09-16,35.1,35.1,34.2,34.3,4366500
2025-09-17,34.35,34.4,33.5,33.5,3920100
2025-09-18,33.7,33.75,33.05,33.4,3318900
2025-09-19,33.6,34.3,33.3,34.3,3270600
2025-09-22,34.1,34.65,33.1,34.0,5622300
2025-09-23,34.3,34.3,33.4,33.4,2941200
2025-09-24,33.55,34.15,33.35,33.95,4292500
2025-09-25,34.05,34.35,33.55,33.7,6273200
2025-09-26,33.65,35.0,33.65,34.5,10125300
2025-09-29,34.65,34.95,34.0,34.25,2799400
2025-09-30,34.3,34.9,33.55,33.8,8398800
2025-10-01,34.0,34.0,33.35,33.7,3011300
2025-10-02,33.7,33.9,32.95,33.0,4391000
2025-10-03,33.0,33.0,31.45,31.75,6795900
2025-10-06,31.9,33.0,31.7,33.0,3922700
2025-10-07,33.3,33.3,32.25,32.25,3144100
2025-10-08,32.9,32.9,31.7,32.4,5045000
2025-10-09,32.6,33.05,32.0,32.45,4571600
2025-10-10,32.75,33.0,32.25,32.45,5841600
2025-10-13,32.05,33.0,31.95,32.55,8191200
2025-10-14,33.0,33.05,31.8,31.9,10322700
2025-10-15,31.9,34.1,31.2,34.1,21160400
2025-10-16,34.95,35.0,34.0,34.2,10297400
2025-10-17,34.4,35.2,33.85,33.9,12420700
2025-10-20,33.85,34.15,31.55,31.55,13397700
2025-10-21,31.0,32.2,30.0,31.75,9776400
2025-10-22,31.9,32.3,31.05,32.2,6630800
2025-10-23,32.2,34.1,32.2,33.55,13833800
2025-10-24,33.25,34.0,32.65,33.8,5128500
2025-10-27,33.75,33.9,32.5,32.5,3937800
2025-10-28,32.2,33.5,31.4,33.5,6038100
2025-10-29,33.65,35.3,33.6,34.4,16159700
2025-10-30,34.6,36.45,34.5,35.85,11419700
2025-10-31,35.5,36.3,34.9,35.85,11395100
2025-11-03,35.3,35.45,34.0,34.0,9662000
2025-11-04,33.95,35.95,32.25,35.6,12204600
2025-11-05,35.35,35.35,34.25,34.95,6401200
2025-11-06,34.95,34.95,34.0,34.1,4490600
2025-11-07,34.0,34.0,32.5,32.5,6728100
2025-11-10,32.1,32.45,31.6,32.0,6613000
2025-11-11,32.1,33.05,32.1,33.0,2965900
2025-11-12,33.3,34.45,33.0,34.1,5154100
2025-11-13,34.2,35.2,33.85,34.45,6884900
2025-11-14,34.3,34.95,34.15,34.65,3625700
2025-11-17,34.75,35.35,34.65,35.1,7830000
2025-11-18,35.0,35.45,34.4,35.4,6433600
2025-11-19,35.4,35.45,34.3,34.6,4310900
2025-11-20,34.6,34.8,34.3,34.65,3319400
2025-11-21,34.4,35.3,34.1,34.85,7257300
2025-11-24,35.0,35.15,34.85,34.85,3086900
2025-11-25,34.9,35.75,34.15,34.5,7825000
2025-11-26,34.55,35.4,34.35,35.4,5847000
2025-11-27,35.4,36.2,34.8,35.4,8524700
2025-11-28,35.15,35.35,34.5,35.0,4441800
2025-12-01,35.0,35.0,34.15,34.15,4153100
2025-12-02,34.25,34.25,33.05,33.55,7782800
2025-12-03,33.75,34.2,33.6,34.2,3391900
2025-12-04,34.45,35.0,34.2,34.45,3714000
2025-12-05,34.6,34.6,33.95,33.95,2633000
2025-12-08,34.0,34.0,33.2,33.4,2829300
2025-12-09,33.4,33.6,32.3,33.3,5026000
2025-12-10,33.3,33.6,32.5,32.5,2479500
2025-12-11,32.6,32.8,32.5,32.5,3661000
2025-12-12,32.3,32.5,30.5,30.5,6117000
2025-12-15,30.3,30.6,29.4,29.6,6034000
2025-12-16,29.65,31.65,29.45,31.6,7010500
2025-12-17,31.6,32.25,31.35,31.7,5315000
2025-12-18,31.7,32.25,31.5,32.1,3552200
2025-12-19,32.1,32.7,31.85,32.65,4196200
2025-12-22,32.55,33.15,32.55,33.15,3293800
2025-12-23,33.2,33.2,32.55,33.0,3199500
2025-12-24,32.8,33.05,32.6,32.95,1880500
2025-12-25,32.95,32.95,32.15,32.15,2877000
2025-12-26,31.7,32.05,30.65,32.05,4535100
2025-12-29,32.0,32.05,31.7,31.7,1693100
2025-12-30,31.8,31.85,31.2,31.5,2361200
2025-12-31,31.5,31.6,31.1,31.5,2300200
2026-01-05,31.5,32.5,30.85,31.9,6288800
2026-01-06,32.05,32.05,31.45,31.85,4376900
2026-01-07,31.85,31.85,31.05,31.35,5218500
2026-01-08,31.4,31.6,30.2,30.5,8390100
2026-01-09,30.5,30.6,28.5,28.6,14633500
2026-01-12,28.7,29.85,28.25,29.2,6489400
2026-01-13,30.0,30.35,29.9,30.0,5735900
2026-01-14,29.95,30.05,28.75,29.05,8278700
2026-01-15,28.75,30.3,28.65,30.1,9028300
2026-01-16,30.4,30.85,29.65,29.75,6436700
2026-01-19,29.9,29.95,29.3,29.3,5483700
2026-01-20,29.3,29.65,28.95,29.3,5270000
2026-01-21,29.2,29.55,28.5,28.7,6517100
2026-01-22,28.7,30.3,28.1,29.3,10156500
2026-01-23,29.55,29.55,28.7,28.9,2905900
2026-01-26,29.1,29.1,27.5,27.65,5461600
2026-01-27,27.7,27.8,26.55,26.7,7971400
2026-01-28,26.9,27.4,25.9,26.9,8258500
2026-01-29,27.0,27.35,26.5,26.9,3483500
2026-01-30,27.1,28.0,26.85,27.5,11299600
2026-02-02,27.6,27.6,26.5,27.2,5167100
2026-02-03,27.4,27.4,26.5,26.85,6314100
2026-02-04,26.9,27.1,26.45,26.85,5915200
2026-02-05,27.1,27.2,26.6,26.6,3311800
2026-02-06,26.4,26.4,25.4,25.4,7494700
2026-02-09,25.9,26.95,25.75,26.55,6905800
2026-02-10,26.55,27.6,26.55,27.6,8868300
2026-02-11,27.65,28.75,27.6,28.55,9648800
2026-02-12,28.45,28.7,27.95,28.5,3821800
2026-02-13,28.1,28.4,28.0,28.3,3358900
2026-02-23,28.3,28.3,27.45,28.0,3189000
2026-02-24,27.75,28.4,27.75,28.25,3703000
2026-02-25,28.35,28.35,27.6,27.95,4614100
2026-02-26,28.0,28.15,27.8,28.0,2916900
2026-02-27,28.1,28.25,27.2,27.25,4380200
2026-03-02,26.15,27.45,26.15,27.15,8036700
2026-03-03,27.2,27.5,27.0,27.3,4705900
2026-03-04,27.1,27.2,25.5,26.25,6483800
2026-03-05,26.7,27.45,26.5,26.75,9013400
2026-03-06,26.8,27.0,25.65,25.7,4142300
2026-03-09,23.95,24.4,23.95,23.95,3789600
2026-03-10,24.5,25.35,24.0,25.05,7378700
2026-03-11,25.1,26.5,24.9,25.75,6061900
2026-03-12,25.7,25.8,25.05,25.6,2316000
2026-03-13,25.3,26.7,25.15,26.0,5708700
2026-03-16,26.2,26.75,25.9,26.2,3573400
2026-03-17,26.5,26.5,26.1,26.2,2792700
2026-03-18,26.2,26.25,25.8,26.2,2166500
2026-03-19,25.7,26.65,25.55,26.25,3792700
2026-03-20,26.15,26.4,25.5,25.5,3900700
2026-03-23,25.6,25.6,23.85,24.0,4659400
2026-03-24,24.5,25.45,24.35,25.0,5635600
2026-03-25,25.4,26.2,25.15,25.85,5073300
2026-03-26,26.05,26.1,25.35,25.45,2692100
2026-03-27,25.45,26.5,25.3,26.4,4704200
2026-03-30,25.7,26.25,25.65,26.05,4370900
2026-03-31,26.4,26.4,25.75,26.0,4193600
2026-04-01,26.45,26.8,26.25,26.5,4925000
2026-04-02,26.3,26.45,26.0,26.15,3032100
2026-04-03,26.15,26.3,25.3,25.3,4464600
2026-04-06,25.3,25.5,24.7,25.0,3122700
2026-04-07,25.0,25.05,24.2,25.0,3107500
2026-04-08,25.85,26.4,25.5,26.15,4399100
2026-04-09,26.05,26.95,25.95,26.2,6210500
2026-04-10,26.35,26.85,26.15,26.2,5239200
2026-04-13,25.9,26.6,25.9,26.2,3887500
2026-04-14,26.45,26.6,26.15,26.2,3193000
2026-04-15,26.3,26.95,26.3,26.55,7877300
2026-04-16,26.65,26.65,26.1,26.3,3476600
2026-04-17,26.45,26.45,26.05,26.05,2955900
2026-04-20,26.05,26.25,25.9,26.0,2271300
2026-04-21,26.15,26.15,25.6,25.7,3489600
2026-04-22,25.85,25.85,25.45,25.7,3029200
2026-04-23,25.65,25.75,25.2,25.6,3208400
2026-04-24,25.6,25.75,25.35,25.6,2273900
2026-04-28,25.6,25.75,25.35,25.4,1685600
2026-04-29,25.5,25.55,25.25,25.4,7454800
2026-05-04,25.6,25.75,24.9,25.0,5864100
2026-05-05,25.0,25.0,24.3,24.4,4864500
2026-05-06,24.45,24.5,24.0,24.2,8366600
2026-05-07,24.45,24.9,24.15,24.2,8724100
2026-05-08,24.4,24.4,24.1,24.25,5359000
2026-05-11,24.25,24.35,23.65,23.75,7848700
2026-05-12,23.8,24.2,23.55,23.6,6169400
2026-05-13,23.7,23.7,23.1,23.3,6303000
2026-05-14,23.3,24.05,23.3,23.75,3274400
2026-05-15,23.8,23.8,23.35,23.4,3628300
2026-05-18,23.2,23.3,23.05,23.2,3295500
2026-05-19,23.3,23.55,23.05,23.2,4472300
2026-05-20,23.2,23.2,21.6,22.35,9723100
2026-05-21,22.5,22.6,22.05,22.35,2873000
2026-05-22,22.5,22.5,21.95,22.2,4640100
2026-05-25,22.4,23.65,22.35,22.9,7581400
2026-05-26,23.0,23.45,22.9,23.3,3033000
2026-05-27,23.4,23.45,22.9,23.0,3680400
2026-05-28,23.0,23.4,22.8,23.0,2841500
2026-05-29,23.05,23.05,22.5,22.55,2108300
2026-06-01,22.6,22.95,22.6,22.65,2087200
2026-06-02,22.65,23.1,22.55,22.95,4406100
2026-06-03,22.8,22.95,22.65,22.9,1882500
2026-06-04,22.85,22.85,22.6,22.8,1308300
2026-06-05,22.8,23.25,22.8,22.9,2455500
2026-06-08,22.7,23.35,22.55,23.2,5675700
2026-06-09,23.25,23.75,23.1,23.7,5174400
2026-06-10,23.8,24.15,23.65,23.65,5883700
2026-06-11,23.4,23.75,23.25,23.35,2706200
2026-06-12,23.6,23.6,23.05,23.1,4844700
2026-06-15,23.4,23.4,23.05,23.25,3243100
2026-06-16,23.45,24.05,23.25,23.7,6685700
2026-06-17,23.75,23.95,23.25,23.3,4571000
