time,open,high,low,close,volume
2013-06-06,2.95,3.05,2.86,2.99,44370
2013-06-07,2.99,2.99,2.8,2.8,126190
2013-06-10,2.6,2.88,2.6,2.7,199340
2013-06-11,2.76,2.76,2.59,2.6,50490
2013-06-12,2.6,2.62,2.51,2.51,88910
2013-06-13,2.43,2.68,2.43,2.57,76310
2013-06-14,2.68,2.68,2.59,2.59,34170
2013-06-17,2.68,2.68,2.41,2.51,53940
2013-06-18,2.51,2.68,2.47,2.68,99630
2013-06-19,2.86,2.86,2.72,2.78,105000
2013-06-20,2.76,2.82,2.68,2.68,47200
2013-06-21,2.72,2.78,2.66,2.76,46690
2013-06-24,2.76,2.8,2.68,2.74,52980
2013-06-25,2.74,2.74,2.57,2.57,120020
2013-06-26,2.57,2.68,2.57,2.66,60860
2013-06-27,2.84,2.84,2.62,2.68,84620
2013-06-28,2.68,2.68,2.6,2.6,64920
2013-07-01,2.6,2.6,2.43,2.43,204750
2013-07-02,2.43,2.59,2.41,2.43,145510
2013-07-03,2.43,2.51,2.33,2.43,23690
2013-07-04,2.47,2.47,2.28,2.28,130110
2013-07-05,2.28,2.3,2.12,2.12,148850
2013-07-08,2.2,2.2,2.01,2.01,28070
2013-07-09,2.01,2.1,1.99,2.1,45210
2013-07-10,2.1,2.12,1.97,1.97,28480
2013-07-11,1.95,2.05,1.91,1.95,59150
2013-07-12,2.06,2.08,2.03,2.03,57680
2013-07-15,2.1,2.16,2.08,2.16,132850
2013-07-16,2.18,2.3,2.18,2.3,106250
2013-07-17,2.3,2.3,2.16,2.24,55230
2013-07-18,2.24,2.28,2.14,2.18,47820
2013-07-19,2.26,2.26,2.1,2.1,32420
2013-07-22,2.2,2.2,1.97,2.03,86700
2013-07-23,1.93,2.08,1.93,2.01,11510
2013-07-24,1.93,2.03,1.89,1.89,46150
2013-07-25,1.99,1.99,1.78,1.78,39650
2013-07-26,1.87,1.87,1.72,1.85,34890
2013-07-29,1.87,1.87,1.74,1.74,28550
2013-07-30,1.83,1.85,1.74,1.85,70930
2013-07-31,1.97,1.97,1.91,1.97,148850
2013-08-01,2.01,2.1,1.91,2.06,49600
2013-08-02,1.99,2.06,1.97,1.97,41830
2013-08-05,2.01,2.01,1.89,1.89,57950
2013-08-06,1.89,1.97,1.83,1.89,56610
2013-08-07,1.87,1.91,1.85,1.85,73390
2013-08-08,1.91,1.93,1.85,1.89,35820
2013-08-09,1.91,1.93,1.85,1.89,14840
2013-08-12,1.89,1.91,1.85,1.89,11130
2013-08-13,1.91,1.91,1.85,1.89,13440
2013-08-14,1.89,1.89,1.81,1.85,29570
2013-08-15,1.87,1.87,1.76,1.85,108770
2013-08-16,1.85,1.87,1.78,1.83,13040
2013-08-19,1.83,1.91,1.81,1.87,20640
2013-08-20,1.85,1.85,1.79,1.83,18090
2013-08-21,1.78,1.85,1.78,1.85,53160
2013-08-22,1.85,1.87,1.83,1.85,34770
2013-08-23,1.89,1.93,1.85,1.87,57390
2013-08-26,1.83,1.85,1.79,1.85,18630
2013-08-27,1.83,1.83,1.79,1.83,10580
2013-08-28,1.83,1.83,1.72,1.72,84690
2013-08-29,1.66,1.72,1.64,1.72,53890
2013-08-30,1.72,1.72,1.64,1.7,6590
2013-09-03,1.78,1.78,1.64,1.66,17700
2013-09-04,1.66,1.66,1.58,1.64,6290
2013-09-05,1.64,1.68,1.64,1.66,43580
2013-09-06,1.66,1.68,1.6,1.66,8840
2013-09-09,1.66,1.66,1.56,1.56,28230
2013-09-10,1.54,1.64,1.54,1.58,8830
2013-09-11,1.6,1.62,1.58,1.6,5670
2013-09-12,1.6,1.6,1.56,1.56,6650
2013-09-13,1.58,1.6,1.54,1.58,12520
2013-09-16,1.58,1.68,1.58,1.68,46610
2013-09-17,1.64,1.68,1.62,1.68,5840
2013-09-18,1.6,1.68,1.6,1.64,7210
2013-09-19,1.64,1.66,1.64,1.64,17390
2013-09-20,1.64,1.64,1.6,1.64,9650
2013-09-23,1.64,1.64,1.62,1.64,17600
2013-09-24,1.68,1.68,1.64,1.68,18410
2013-09-25,1.62,1.7,1.62,1.68,32560
2013-09-26,1.68,1.7,1.66,1.7,40340
2013-09-27,1.66,1.7,1.64,1.64,26550
2013-09-30,1.64,1.7,1.64,1.7,56250
2013-10-01,1.76,1.81,1.76,1.81,361580
2013-10-02,1.89,1.93,1.81,1.91,274260
2013-10-03,1.91,1.91,1.79,1.83,135120
2013-10-04,1.79,1.87,1.79,1.83,98550
2013-10-07,1.85,1.93,1.79,1.93,198190
2013-10-08,1.99,1.99,1.89,1.95,179330
2013-10-09,1.93,1.95,1.87,1.87,168680
2013-10-10,1.89,1.89,1.79,1.79,115600
2013-10-11,1.79,1.85,1.78,1.78,250660
2013-10-14,1.74,1.79,1.68,1.72,294820
2013-10-15,1.68,1.76,1.68,1.76,158370
2013-10-16,1.78,1.78,1.68,1.72,116490
2013-10-17,1.68,1.76,1.66,1.7,228130
2013-10-18,1.68,1.7,1.64,1.66,117400
2013-10-21,1.68,1.72,1.66,1.7,110830
2013-10-22,1.72,1.72,1.68,1.7,84740
2013-10-23,1.72,1.76,1.68,1.7,156290
2013-10-24,1.7,1.72,1.68,1.7,52810
2013-10-25,1.7,1.74,1.66,1.74,101380
2013-10-28,1.7,1.72,1.66,1.68,40520
2013-10-29,1.64,1.7,1.64,1.66,13990
2013-10-30,1.66,1.68,1.62,1.64,74460
2013-10-31,1.64,1.66,1.62,1.64,37150
2013-11-01,1.64,1.64,1.6,1.6,148990
2013-11-04,1.62,1.7,1.58,1.66,71470
2013-11-05,1.64,1.7,1.64,1.66,50400
2013-11-06,1.66,1.68,1.62,1.68,99570
2013-11-07,1.66,1.68,1.64,1.66,52750
2013-11-08,1.66,1.66,1.62,1.64,48730
2013-11-11,1.64,1.7,1.64,1.7,63740
2013-11-12,1.7,1.7,1.62,1.68,17950
2013-11-13,1.68,1.68,1.62,1.66,33490
2013-11-14,1.62,1.66,1.58,1.64,75350
2013-11-15,1.64,1.64,1.58,1.6,58560
2013-11-18,1.62,1.64,1.58,1.62,82030
2013-11-19,1.62,1.62,1.6,1.62,63120
2013-11-20,1.62,1.62,1.58,1.6,22270
2013-11-21,1.62,1.7,1.62,1.7,274380
2013-11-22,1.76,1.81,1.76,1.81,457080
2013-11-25,1.89,1.93,1.85,1.87,303720
2013-11-26,1.81,1.87,1.81,1.87,231850
2013-11-27,1.85,1.87,1.81,1.83,110750
2013-11-28,1.83,1.87,1.74,1.79,161430
2013-11-29,1.74,1.79,1.72,1.74,66070
2013-12-02,1.68,1.78,1.68,1.74,52290
2013-12-03,1.78,1.78,1.74,1.74,35620
2013-12-04,1.74,1.74,1.72,1.74,56440
2013-12-05,1.72,1.74,1.68,1.68,133440
2013-12-06,1.68,1.74,1.66,1.7,61050
2013-12-09,1.7,1.7,1.64,1.7,57190
2013-12-10,1.7,1.72,1.66,1.7,44940
2013-12-11,1.7,1.7,1.64,1.68,45060
2013-12-12,1.66,1.68,1.64,1.68,10370
2013-12-13,1.68,1.68,1.64,1.64,5450
2013-12-16,1.66,1.68,1.64,1.68,39440
2013-12-17,1.66,1.68,1.64,1.64,25570
2013-12-18,1.64,1.68,1.64,1.66,29280
2013-12-19,1.68,1.7,1.68,1.7,23430
2013-12-20,1.68,1.72,1.66,1.72,47290
2013-12-23,1.68,1.72,1.68,1.72,21830
2013-12-24,1.72,1.72,1.6,1.64,49390
2013-12-25,1.64,1.74,1.64,1.74,72810
2013-12-26,1.74,1.74,1.66,1.7,12170
2013-12-27,1.66,1.7,1.66,1.7,16910
2013-12-30,1.68,1.68,1.66,1.68,17720
2013-12-31,1.66,1.7,1.64,1.7,16850
2014-01-02,1.66,1.7,1.66,1.7,5110
2014-01-03,1.72,1.72,1.7,1.7,900
2014-01-06,1.66,1.72,1.66,1.72,55040
2014-01-07,1.72,1.72,1.66,1.66,16500
2014-01-08,1.66,1.72,1.66,1.72,6200
2014-01-09,1.68,1.7,1.62,1.7,32620
2014-01-10,1.7,1.7,1.64,1.68,12440
2014-01-13,1.68,1.68,1.64,1.64,13500
2014-01-14,1.7,1.7,1.64,1.66,18020
2014-01-15,1.68,1.68,1.64,1.66,20640
2014-01-16,1.78,1.78,1.76,1.78,356260
2014-01-17,1.87,1.87,1.76,1.78,242950
2014-01-20,1.78,1.87,1.72,1.83,92030
2014-01-21,1.81,1.87,1.78,1.85,202110
2014-01-22,1.97,1.97,1.87,1.89,246940
2014-01-23,1.91,1.93,1.89,1.91,144550
2014-01-24,1.93,2.03,1.91,2.03,373210
2014-01-27,2.05,2.1,2.01,2.05,137050
2014-02-06,2.05,2.06,1.97,2.03,193060
2014-02-07,2.01,2.05,1.95,2.01,141630
2014-02-10,1.99,2.06,1.99,2.05,59710
2014-02-11,2.1,2.18,2.05,2.08,304230
2014-02-12,2.18,2.22,2.16,2.22,513860
2014-02-13,2.37,2.37,2.3,2.33,509410
2014-02-14,2.33,2.33,2.28,2.3,189870
2014-02-17,2.24,2.39,2.22,2.3,341540
2014-02-18,2.3,2.39,2.28,2.39,216230
2014-02-19,2.39,2.49,2.35,2.49,192060
2014-02-20,2.45,2.45,2.32,2.32,319100
2014-02-21,2.22,2.28,2.16,2.22,236700
2014-02-24,2.24,2.3,2.22,2.3,124600
2014-02-25,2.3,2.32,2.26,2.32,131730
2014-02-26,2.32,2.32,2.24,2.24,149580
2014-02-27,2.24,2.32,2.22,2.24,180820
2014-02-28,2.28,2.28,2.22,2.26,59240
2014-03-03,2.26,2.26,2.18,2.18,130560
2014-03-04,2.14,2.18,2.12,2.18,53590
2014-03-05,2.18,2.26,2.18,2.26,69620
2014-03-06,2.22,2.26,2.18,2.24,89030
2014-03-07,2.28,2.39,2.24,2.39,557060
2014-03-10,2.41,2.55,2.41,2.55,586830
2014-03-11,2.6,2.62,2.55,2.55,112150
2014-03-12,2.55,2.55,2.49,2.51,203580
2014-03-13,2.51,2.53,2.47,2.53,198340
2014-03-14,2.64,2.7,2.6,2.7,654290
2014-03-17,2.86,2.88,2.78,2.88,339140
2014-03-18,2.99,2.99,2.86,2.86,100410
2014-03-19,2.86,2.89,2.84,2.88,139690
2014-03-20,2.95,2.95,2.7,2.78,309180
2014-03-21,2.8,2.88,2.78,2.8,66070
2014-03-24,2.84,2.86,2.8,2.86,134920
2014-03-25,2.86,2.86,2.7,2.7,170190
2014-03-26,2.7,2.72,2.59,2.62,197640
2014-03-27,2.59,2.68,2.57,2.68,107620
2014-03-28,2.68,2.68,2.62,2.66,23630
2014-03-31,2.66,2.66,2.59,2.6,52140
2014-04-01,2.59,2.6,2.55,2.57,71530
2014-04-02,2.59,2.59,2.45,2.59,132360
2014-04-03,2.6,2.68,2.6,2.68,29130
2014-04-04,2.68,2.68,2.64,2.68,46170
2014-04-07,2.68,2.68,2.6,2.68,51010
2014-04-08,2.7,2.7,2.66,2.68,68570
2014-04-10,2.66,2.7,2.66,2.66,29420
2014-04-11,2.66,2.68,2.64,2.68,34910
2014-04-14,2.68,2.68,2.6,2.6,42720
2014-04-15,2.64,2.68,2.59,2.6,42380
2014-04-16,2.57,2.6,2.49,2.57,22850
2014-04-17,2.55,2.6,2.55,2.6,66560
2014-04-18,2.45,2.55,2.43,2.47,31670
2014-04-21,2.41,2.45,2.33,2.33,54880
2014-04-22,2.2,2.35,2.18,2.24,42050
2014-04-23,2.3,2.3,2.24,2.24,4670
2014-04-24,2.26,2.26,2.1,2.1,45620
2014-04-25,2.14,2.16,2.1,2.14,24440
2014-04-28,2.14,2.16,2.14,2.16,15950
2014-04-29,2.14,2.16,2.14,2.16,4570
2014-05-05,2.16,2.16,2.06,2.06,13450
2014-05-06,2.03,2.03,2.03,2.03,11090
2014-05-07,1.95,2.06,1.95,1.95,60710
2014-05-08,1.99,1.99,1.81,1.81,24220
2014-05-09,1.83,1.83,1.76,1.81,10200
2014-05-12,1.79,1.79,1.7,1.7,30290
2014-05-13,1.58,1.64,1.58,1.58,238770
2014-05-14,1.52,1.62,1.52,1.62,30820
2014-05-15,1.64,1.72,1.52,1.58,27750
2014-05-16,1.6,1.68,1.58,1.68,24670
2014-05-19,1.7,1.72,1.7,1.72,4900
2014-05-20,1.64,1.72,1.62,1.72,13670
2014-05-21,1.62,1.83,1.62,1.78,28720
2014-05-22,1.81,1.89,1.76,1.81,38670
2014-05-23,1.79,1.79,1.74,1.78,24870
2014-05-26,1.74,1.81,1.74,1.81,18660
2014-05-27,1.76,1.93,1.74,1.93,66750
2014-05-28,1.95,1.99,1.85,1.93,59040
2014-05-29,1.91,1.95,1.85,1.85,35100
2014-05-30,1.83,1.89,1.83,1.83,11890
2014-06-02,1.83,1.83,1.79,1.83,17670
2014-06-03,1.83,1.85,1.83,1.85,5460
2014-06-04,1.85,1.85,1.76,1.81,8730
2014-06-05,1.78,1.85,1.78,1.85,6280
2014-06-06,1.81,1.85,1.81,1.85,10910
2014-06-09,1.83,1.91,1.83,1.85,12630
2014-06-10,1.85,1.89,1.81,1.89,9080
2014-06-11,1.83,1.85,1.81,1.81,5050
2014-06-12,1.85,1.85,1.78,1.81,23680
2014-06-13,1.79,1.83,1.76,1.83,31550
2014-06-16,1.81,1.81,1.76,1.76,10420
2014-06-17,1.78,1.78,1.74,1.76,54250
2014-06-18,1.78,1.79,1.76,1.79,27310
2014-06-19,1.79,1.79,1.74,1.78,24510
2014-06-20,1.78,1.79,1.78,1.79,23500
2014-06-23,1.78,1.78,1.78,1.78,28000
2014-06-24,1.78,1.79,1.76,1.79,20810
2014-06-25,1.79,1.83,1.76,1.83,41730
2014-06-26,1.79,1.79,1.76,1.76,47180
2014-06-27,1.78,1.79,1.76,1.76,30270
2014-06-30,1.76,1.78,1.76,1.78,51190
2014-07-01,1.78,1.81,1.78,1.81,19800
2014-07-02,1.79,1.81,1.78,1.81,17400
2014-07-03,1.81,1.85,1.78,1.83,61490
2014-07-04,1.85,1.95,1.85,1.95,219690
2014-07-07,2.05,2.08,1.99,2.05,171820
2014-07-08,2.05,2.08,2.01,2.05,63120
2014-07-09,2.05,2.06,1.99,1.99,98020
2014-07-10,1.93,1.97,1.91,1.91,84100
2014-07-11,1.97,1.97,1.91,1.93,96080
2014-07-14,1.93,1.95,1.91,1.95,1210
2014-07-15,1.95,1.97,1.89,1.93,41170
2014-07-16,1.95,1.99,1.87,1.91,72990
2014-07-17,1.91,1.93,1.85,1.87,52160
2014-07-18,1.89,1.89,1.87,1.87,13570
2014-07-21,1.89,1.91,1.85,1.85,34860
2014-07-22,1.97,1.97,1.97,1.97,117990
2014-07-23,2.06,2.08,2.01,2.01,196380
2014-07-24,2.01,2.03,1.93,1.97,127940
2014-07-25,1.99,1.99,1.93,1.95,44580
2014-07-28,1.93,1.93,1.85,1.87,73780
2014-07-29,1.85,1.89,1.85,1.87,37230
2014-07-30,1.85,1.89,1.85,1.87,3860
2014-07-31,1.85,1.89,1.85,1.87,27770
2014-08-01,1.87,1.89,1.83,1.87,28500
2014-08-04,1.89,1.95,1.85,1.95,47990
2014-08-05,1.95,1.95,1.89,1.95,19760
2014-08-06,1.95,1.95,1.91,1.93,57250
2014-08-07,1.95,1.95,1.91,1.95,40370
2014-08-08,1.95,1.99,1.95,1.99,117760
2014-08-11,1.99,2.12,1.99,2.12,566160
2014-08-12,2.18,2.24,2.16,2.2,200860
2014-08-13,2.18,2.22,2.16,2.22,103230
2014-08-14,2.18,2.18,2.08,2.08,147610
2014-08-15,2.08,2.12,2.03,2.1,226320
2014-08-18,2.05,2.16,2.05,2.14,63000
2014-08-19,2.18,2.18,2.12,2.14,100340
2014-08-20,2.12,2.16,2.08,2.1,81980
2014-08-21,2.14,2.14,2.08,2.08,108550
2014-08-22,2.08,2.12,2.06,2.1,28120
2014-08-25,2.08,2.14,2.08,2.1,106410
2014-08-26,2.1,2.12,2.06,2.1,69830
2014-08-27,2.12,2.16,2.1,2.14,81000
2014-08-28,2.14,2.2,2.12,2.18,88500
2014-08-29,2.16,2.2,2.1,2.14,90350
2014-09-03,2.16,2.16,2.08,2.14,125880
2014-09-04,2.14,2.28,2.14,2.28,261220
2014-09-05,2.28,2.32,2.28,2.3,115730
2014-09-08,2.28,2.28,2.24,2.24,85190
2014-09-09,2.22,2.24,2.08,2.08,216790
2014-09-10,2.08,2.1,2.03,2.1,96650
2014-09-11,2.08,2.16,2.05,2.16,69790
2014-09-12,2.12,2.16,2.1,2.12,83770
2014-09-15,2.12,2.12,2.05,2.08,153250
2014-09-16,2.06,2.08,2.03,2.08,75800
2014-09-17,2.06,2.06,2.03,2.03,86000
2014-09-18,2.03,2.03,1.99,2.01,35190
2014-09-19,1.99,2.01,1.99,1.99,31860
2014-09-22,2.01,2.01,1.95,1.95,61310
2014-09-23,1.93,1.97,1.93,1.95,20380
2014-09-24,1.93,1.95,1.89,1.89,70080
2014-09-25,1.89,2.01,1.89,1.97,138880
2014-09-26,1.97,1.99,1.91,1.95,51610
2014-09-29,1.93,1.97,1.93,1.97,41920
2014-09-30,1.97,1.97,1.93,1.95,43600
2014-10-01,1.95,2.08,1.95,2.06,143500
2014-10-02,2.06,2.06,1.99,2.05,63720
2014-10-03,2.03,2.08,2.03,2.06,95860
2014-10-06,2.06,2.1,2.06,2.1,61030
2014-10-07,2.1,2.1,2.05,2.05,47150
2014-10-08,2.03,2.08,2.03,2.05,112410
2014-10-09,2.08,2.18,2.08,2.18,260970
2014-10-10,2.18,2.22,2.14,2.14,297600
2014-10-13,2.12,2.16,2.06,2.16,122750
2014-10-14,2.16,2.18,2.1,2.1,100470
2014-10-15,2.14,2.16,2.08,2.12,216700
2014-10-16,2.12,2.12,2.05,2.08,170790
2014-10-17,2.06,2.08,2.05,2.08,79920
2014-10-20,2.1,2.2,2.08,2.2,88360
2014-10-21,2.32,2.33,2.28,2.3,417390
2014-10-22,2.39,2.45,2.39,2.45,207590
2014-10-23,2.51,2.51,2.37,2.41,265040
2014-10-24,2.37,2.43,2.33,2.37,210030
2014-10-27,2.35,2.35,2.24,2.24,219780
2014-10-28,2.22,2.32,2.22,2.28,89770
2014-10-29,2.3,2.37,2.28,2.37,119720
2014-10-30,2.37,2.39,2.33,2.35,132220
2014-10-31,2.33,2.39,2.33,2.37,66440
2014-11-03,2.37,2.53,2.37,2.53,763810
2014-11-04,2.59,2.68,2.55,2.55,852700
2014-11-05,2.53,2.72,2.53,2.72,720780
2014-11-06,2.74,2.82,2.72,2.78,366930
2014-11-07,2.76,2.8,2.72,2.72,423470
2014-11-10,2.76,2.89,2.74,2.82,525280
2014-11-11,2.84,2.84,2.76,2.76,356780
2014-11-12,2.8,2.84,2.76,2.8,214410
2014-11-13,2.8,2.8,2.76,2.76,194120
2014-11-14,2.74,2.76,2.6,2.68,472940
2014-11-17,2.7,2.82,2.7,2.7,263450
2014-11-18,2.7,2.78,2.64,2.64,276650
2014-11-19,2.6,2.62,2.51,2.55,435590
2014-11-20,2.55,2.72,2.55,2.72,475580
2014-11-21,2.78,2.8,2.64,2.74,279760
2014-11-24,2.66,2.74,2.62,2.7,125600
2014-11-25,2.7,2.74,2.66,2.74,196020
2014-11-26,2.74,2.74,2.57,2.57,287300
2014-11-27,2.6,2.64,2.59,2.6,100200
2014-11-28,2.57,2.64,2.57,2.62,113460
2014-12-01,2.62,2.68,2.62,2.64,218020
2014-12-02,2.66,2.7,2.64,2.7,117180
2014-12-03,2.74,2.88,2.7,2.86,401490
2014-12-04,2.88,2.89,2.82,2.86,426990
2014-12-05,2.82,2.84,2.78,2.8,197410
2014-12-08,2.84,2.84,2.8,2.82,364430
2014-12-09,2.8,2.8,2.72,2.72,345390
2014-12-10,2.68,2.78,2.68,2.76,177600
2014-12-11,2.74,2.74,2.66,2.72,108300
2014-12-12,2.68,2.74,2.68,2.7,135530
2014-12-15,2.7,2.72,2.68,2.7,115950
2014-12-16,2.7,2.7,2.6,2.6,106390
2014-12-17,2.6,2.6,2.43,2.43,216780
2014-12-18,2.45,2.53,2.45,2.51,88700
2014-12-19,2.59,2.59,2.43,2.43,72450
2014-12-22,2.49,2.57,2.49,2.57,82500
2014-12-23,2.57,2.59,2.51,2.55,46770
2014-12-24,2.55,2.59,2.55,2.55,31800
2014-12-25,2.53,2.53,2.49,2.53,121840
2014-12-26,2.53,2.53,2.47,2.51,33650
2014-12-29,2.49,2.51,2.43,2.43,23070
2014-12-30,2.43,2.49,2.43,2.49,106130
2014-12-31,2.57,2.59,2.51,2.59,52840
2015-01-05,2.6,2.76,2.57,2.76,171910
2015-01-06,2.68,2.8,2.68,2.8,83990
2015-01-07,2.8,2.8,2.7,2.7,77980
2015-01-08,2.7,2.84,2.7,2.8,340570
2015-01-09,2.8,2.84,2.8,2.8,96110
2015-01-12,2.89,2.89,2.76,2.8,154790
2015-01-13,2.8,2.84,2.78,2.8,212310
2015-01-14,2.82,2.99,2.82,2.97,738960
2015-01-15,3.03,3.03,2.93,2.95,315740
2015-01-16,2.95,2.99,2.93,2.99,188270
2015-01-19,2.97,3.11,2.97,3.09,605430
2015-01-20,3.13,3.13,3.05,3.07,177520
2015-01-21,3.07,3.13,3.07,3.07,222310
2015-01-22,3.07,3.07,2.95,3.01,249360
2015-01-23,3.01,3.09,3.01,3.09,283600
2015-01-26,3.09,3.09,3.03,3.05,169040
2015-01-27,3.01,3.01,2.84,2.91,225800
2015-01-28,2.91,2.99,2.86,2.99,135430
2015-01-29,2.97,3.01,2.95,2.97,135880
2015-01-30,2.93,2.95,2.89,2.91,81000
2015-02-02,2.91,2.93,2.84,2.84,116080
2015-02-03,2.84,2.86,2.74,2.74,234740
2015-02-04,2.7,2.82,2.7,2.8,107340
2015-02-05,2.82,2.86,2.8,2.8,40690
2015-02-06,2.86,2.86,2.8,2.82,66340
2015-02-09,2.86,2.86,2.82,2.82,56250
2015-02-10,2.76,2.84,2.76,2.82,12180
2015-02-11,2.82,2.95,2.82,2.95,53240
2015-02-12,2.97,2.99,2.91,2.95,50260
2015-02-13,2.95,3.01,2.95,3.01,141800
2015-02-24,3.05,3.05,3.01,3.01,41350
2015-02-25,3.03,3.03,2.93,2.93,94760
2015-02-26,2.91,2.95,2.91,2.93,40010
2015-02-27,2.91,2.91,2.89,2.89,36550
2015-03-02,2.91,3.09,2.89,3.07,124330
2015-03-03,3.07,3.09,2.99,3.03,103360
2015-03-04,3.05,3.05,2.99,3.05,133200
2015-03-05,3.03,3.07,3.03,3.07,86980
2015-03-06,3.05,3.05,2.99,3.03,36640
2015-03-09,3.03,3.03,2.93,2.99,30640
2015-03-10,2.99,3.01,2.97,2.99,41640
2015-03-11,2.99,3.01,2.95,2.99,40120
2015-03-12,2.97,3.01,2.91,2.91,39520
2015-03-13,2.97,2.97,2.91,2.95,34970
2015-03-16,2.95,2.95,2.89,2.89,21180
2015-03-17,2.89,2.95,2.88,2.89,48160
2015-03-18,2.89,2.89,2.84,2.88,31780
2015-03-19,2.88,2.89,2.82,2.82,37350
2015-03-20,2.82,2.86,2.82,2.86,22590
2015-03-23,2.89,2.93,2.86,2.89,51040
2015-03-24,2.86,2.89,2.82,2.88,41950
2015-03-25,2.84,2.88,2.84,2.88,13380
2015-03-26,2.89,2.89,2.86,2.86,8610
2015-03-27,2.88,2.88,2.82,2.84,49360
2015-03-30,2.82,2.86,2.66,2.8,31910
2015-03-31,2.8,2.88,2.8,2.84,12100
2015-04-01,2.8,2.8,2.7,2.7,38250
2015-04-02,2.7,2.84,2.7,2.84,18710
2015-04-03,2.8,2.84,2.8,2.82,25470
2015-04-06,2.82,2.89,2.82,2.88,130220
2015-04-07,2.88,2.88,2.84,2.86,29770
2015-04-08,2.86,2.86,2.8,2.84,21710
2015-04-09,2.78,2.84,2.78,2.82,9210
2015-04-10,2.84,2.84,2.76,2.78,48350
2015-04-13,2.8,2.8,2.74,2.76,27950
2015-04-14,2.78,2.8,2.74,2.78,21280
2015-04-15,2.66,2.8,2.66,2.78,6330
2015-04-16,2.78,2.8,2.74,2.78,37350
2015-04-17,2.74,2.78,2.72,2.74,25750
2015-04-20,2.74,2.78,2.74,2.74,41060
2015-04-21,2.76,2.82,2.76,2.78,106640
2015-04-22,2.8,2.8,2.74,2.74,58290
2015-04-23,2.74,2.78,2.74,2.74,23720
2015-04-24,2.72,2.72,2.68,2.68,21870
2015-04-27,2.6,2.66,2.59,2.64,9030
2015-05-04,2.57,2.66,2.47,2.53,61040
2015-05-05,2.43,2.57,2.43,2.55,40510
2015-05-06,2.51,2.7,2.51,2.55,43560
2015-05-07,2.55,2.66,2.55,2.62,66090
2015-05-08,2.62,2.62,2.57,2.6,48310
2015-05-11,2.6,2.62,2.59,2.6,50050
2015-05-12,2.59,2.62,2.55,2.57,10200
2015-05-13,2.53,2.55,2.39,2.39,99840
2015-05-14,2.43,2.49,2.28,2.28,23900
2015-05-15,2.37,2.37,2.26,2.26,53200
2015-05-18,2.26,2.39,2.2,2.32,96880
2015-05-19,2.22,2.37,2.22,2.3,40260
2015-05-20,2.3,2.45,2.3,2.41,42720
2015-05-21,2.35,2.51,2.33,2.47,42000
2015-05-22,2.51,2.51,2.41,2.41,3130
2015-05-25,2.41,2.55,2.41,2.55,60930
2015-05-26,2.45,2.59,2.45,2.51,4310
2015-05-27,2.43,2.55,2.43,2.51,69270
2015-05-28,2.45,2.51,2.45,2.51,10220
2015-05-29,2.49,2.51,2.33,2.51,6280
2015-06-01,2.47,2.51,2.39,2.51,29220
2015-06-02,2.47,2.47,2.41,2.47,55320
2015-06-03,2.51,2.51,2.47,2.51,52410
2015-06-04,2.68,2.68,2.51,2.57,21330
2015-06-05,2.51,2.7,2.51,2.6,57890
2015-06-08,2.6,2.64,2.57,2.6,68850
2015-06-09,2.6,2.64,2.51,2.53,166310
2015-06-10,2.53,2.64,2.51,2.55,75600
2015-06-11,2.57,2.72,2.55,2.72,189230
2015-06-12,2.72,2.76,2.6,2.72,38580
2015-06-15,2.72,2.8,2.64,2.72,64930
2015-06-16,2.78,2.78,2.7,2.76,81240
2015-06-17,2.74,2.74,2.66,2.72,66320
2015-06-18,2.78,2.78,2.64,2.68,39720
2015-06-19,2.68,2.7,2.64,2.68,69870
2015-06-22,2.68,2.68,2.66,2.66,14710
2015-06-23,2.68,2.76,2.68,2.76,66770
2015-06-24,2.78,2.86,2.78,2.8,59050
2015-06-25,2.89,2.91,2.84,2.89,207230
2015-06-26,2.89,2.91,2.86,2.89,76940
2015-06-29,2.86,2.89,2.84,2.89,99510
2015-06-30,2.88,2.99,2.88,2.89,198680
2015-07-01,2.91,2.91,2.89,2.89,52080
2015-07-02,2.89,2.89,2.86,2.89,75100
2015-07-03,3.06,3.06,2.92,2.92,56920
2015-07-06,2.92,2.98,2.92,2.94,49510
2015-07-07,2.96,3.04,2.96,3.04,114180
2015-07-08,3.04,3.04,2.94,2.94,64590
2015-07-09,2.94,2.98,2.94,2.98,77580
2015-07-10,3.02,3.04,2.98,3.02,34620
2015-07-13,3.02,3.08,3.02,3.04,28750
2015-07-14,3.0,3.06,2.98,3.06,23010
2015-07-15,3.11,3.11,3.0,3.0,11450
2015-07-16,3.0,3.02,2.98,3.02,43060
2015-07-17,3.02,3.02,3.0,3.0,20760
2015-07-20,2.98,3.04,2.94,3.04,103630
2015-07-21,3.11,3.19,3.11,3.19,144230
2015-07-22,3.19,3.19,3.11,3.13,79880
2015-07-23,3.08,3.15,3.06,3.15,5030
2015-07-24,3.15,3.21,3.04,3.21,42360
2015-07-27,3.21,3.23,3.15,3.17,52880
2015-07-28,3.19,3.19,3.11,3.11,35660
2015-07-29,3.04,3.11,2.98,2.98,28330
2015-07-30,2.94,3.02,2.94,2.98,5410
2015-07-31,3.06,3.08,3.02,3.08,16230
2015-08-03,3.02,3.02,2.96,2.96,64360
2015-08-04,2.92,3.02,2.86,3.02,17960
2015-08-05,2.98,3.02,2.92,3.02,19140
2015-08-06,3.0,3.0,3.0,3.0,10
2015-08-07,2.94,2.98,2.92,2.98,23350
2015-08-10,2.96,2.96,2.86,2.86,49290
2015-08-11,2.9,2.92,2.88,2.88,17550
2015-08-12,2.86,3.02,2.79,2.88,19560
2015-08-13,2.86,2.86,2.81,2.81,20760
2015-08-14,2.81,2.98,2.81,2.86,17510
2015-08-17,2.86,2.9,2.79,2.86,18340
2015-08-18,2.81,2.92,2.81,2.88,11030
2015-08-19,2.9,2.9,2.73,2.83,14310
2015-08-20,2.77,2.79,2.71,2.79,12820
2015-08-21,2.65,2.75,2.61,2.65,10170
2015-08-24,2.5,2.61,2.48,2.48,74560
2015-08-25,2.35,2.61,2.35,2.5,42350
2015-08-26,2.52,2.65,2.5,2.5,16340
2015-08-27,2.58,2.65,2.58,2.65,3460
2015-08-28,2.52,2.65,2.52,2.65,24080
2015-08-31,2.52,2.52,2.48,2.48,72610
2015-09-01,2.5,2.61,2.48,2.5,46290
2015-09-03,2.5,2.52,2.5,2.5,51040
2015-09-04,2.5,2.52,2.5,2.52,25260
2015-09-07,2.5,2.5,2.48,2.5,5600
2015-09-08,2.52,2.56,2.48,2.56,38300
2015-09-09,2.54,2.58,2.52,2.52,50780
2015-09-10,2.5,2.69,2.48,2.69,96250
2015-09-11,2.77,2.81,2.69,2.81,58840
2015-09-14,2.75,2.77,2.69,2.77,24470
2015-09-15,2.69,2.71,2.67,2.67,37190
2015-09-16,2.71,2.71,2.61,2.67,21190
2015-09-17,2.71,2.75,2.67,2.67,38230
2015-09-18,2.67,2.73,2.67,2.73,6500
2015-09-21,2.73,2.92,2.73,2.9,51680
2015-09-22,2.88,2.92,2.86,2.88,15590
2015-09-23,2.88,2.88,2.79,2.86,13610
2015-09-24,2.9,2.9,2.86,2.88,17950
2015-09-25,2.81,2.88,2.81,2.88,1910
2015-09-28,2.81,2.88,2.81,2.88,2790
2015-09-29,2.73,2.86,2.73,2.86,7500
2015-09-30,2.86,2.88,2.83,2.83,5300
2015-10-01,2.73,2.81,2.73,2.81,4520
2015-10-02,2.75,2.81,2.75,2.81,3370
2015-10-05,2.79,2.83,2.77,2.81,59440
2015-10-06,2.83,2.83,2.77,2.77,32440
2015-10-07,2.81,2.81,2.73,2.77,12470
2015-10-08,2.75,2.96,2.75,2.96,411550
2015-10-09,3.13,3.13,3.02,3.04,281310
2015-10-12,3.06,3.23,3.06,3.19,509080
2015-10-13,3.13,3.27,3.13,3.23,287530
2015-10-14,3.23,3.25,3.21,3.23,221890
2015-10-15,3.23,3.38,3.23,3.31,295380
2015-10-16,3.4,3.4,3.19,3.25,163460
2015-10-19,3.25,3.29,3.17,3.17,153870
2015-10-20,3.17,3.23,3.15,3.23,213920
2015-10-21,3.23,3.25,3.08,3.13,272980
2015-10-22,3.13,3.13,3.02,3.08,220520
2015-10-23,3.06,3.17,3.06,3.08,96870
2015-10-26,3.13,3.29,3.13,3.27,315300
2015-10-27,3.25,3.31,3.25,3.29,218300
2015-10-28,3.31,3.48,3.31,3.38,282080
2015-10-29,3.38,3.42,3.33,3.4,85660
2015-10-30,3.4,3.4,3.31,3.33,123030
2015-11-02,3.29,3.33,3.13,3.13,245850
2015-11-03,3.13,3.19,3.08,3.13,154260
2015-11-04,3.13,3.29,3.13,3.17,80470
2015-11-05,3.17,3.19,3.13,3.19,51410
2015-11-06,3.15,3.15,3.06,3.13,83830
2015-11-09,3.13,3.13,3.04,3.13,37940
2015-11-10,3.11,3.11,2.96,3.02,91400
2015-11-11,2.98,3.04,2.98,3.0,56410
2015-11-12,3.0,3.02,2.92,2.92,108200
2015-11-13,2.92,3.0,2.92,3.0,61890
2015-11-16,3.0,3.02,2.96,3.02,18650
2015-11-17,2.94,3.0,2.94,3.0,44910
2015-11-18,3.02,3.02,2.9,2.9,160340
2015-11-19,2.9,2.9,2.77,2.77,192210
2015-11-20,2.77,2.88,2.77,2.81,65770
2015-11-23,2.83,2.92,2.79,2.88,28480
2015-11-24,2.88,2.88,2.81,2.86,46960
2015-11-25,2.83,2.83,2.75,2.79,49100
2015-11-26,2.75,2.79,2.75,2.75,61640
2015-11-27,2.79,2.81,2.75,2.79,78220
2015-11-30,2.79,2.83,2.75,2.81,58720
2015-12-01,2.81,2.96,2.81,2.92,100280
2015-12-02,2.81,2.98,2.81,2.92,27220
2015-12-03,2.9,2.9,2.88,2.88,20690
2015-12-04,2.83,2.86,2.81,2.81,26560
2015-12-07,2.81,2.88,2.81,2.88,7730
2015-12-08,2.86,2.86,2.73,2.86,4080
2015-12-09,2.79,2.83,2.79,2.79,11940
2015-12-10,2.79,2.79,2.75,2.79,18710
2015-12-11,2.79,2.79,2.71,2.79,17850
2015-12-14,2.79,2.79,2.71,2.77,9520
2015-12-15,2.71,2.75,2.71,2.75,39680
2015-12-16,2.81,2.81,2.75,2.75,27010
2015-12-17,2.75,2.75,2.73,2.73,75190
2015-12-18,2.75,2.75,2.61,2.71,57300
2015-12-21,2.69,2.71,2.63,2.71,27860
2015-12-22,2.71,2.9,2.58,2.9,40210
2015-12-23,2.81,2.81,2.71,2.77,75000
2015-12-24,2.65,2.77,2.65,2.77,1610
2015-12-25,2.71,2.71,2.65,2.65,5710
2015-12-28,2.65,2.65,2.54,2.61,38960
2015-12-29,2.61,2.65,2.54,2.65,12690
2015-12-30,2.65,2.67,2.61,2.65,8430
2015-12-31,2.61,2.65,2.56,2.63,24770
2016-01-04,2.65,2.69,2.63,2.67,11110
2016-01-05,2.67,2.69,2.56,2.63,10610
2016-01-06,2.61,2.67,2.61,2.67,53320
2016-01-07,2.67,2.67,2.56,2.56,50210
2016-01-08,2.42,2.58,2.42,2.5,22750
2016-01-11,2.58,2.58,2.44,2.56,58110
2016-01-12,2.54,2.54,2.48,2.54,29870
2016-01-13,2.58,2.58,2.48,2.5,28870
2016-01-14,2.5,2.61,2.48,2.61,64360
2016-01-15,2.52,2.54,2.5,2.5,28580
2016-01-18,2.48,2.5,2.44,2.44,57100
2016-01-19,2.46,2.5,2.44,2.5,4470
2016-01-20,2.52,2.67,2.5,2.5,61690
2016-01-21,2.58,2.63,2.46,2.46,100330
2016-01-22,2.5,2.61,2.48,2.58,35090
2016-01-25,2.58,2.69,2.58,2.69,88130
2016-01-26,2.71,2.71,2.69,2.71,56150
2016-01-27,2.81,2.81,2.69,2.69,850
2016-01-28,2.71,2.71,2.58,2.67,61170
2016-01-29,2.83,2.83,2.64,2.8,50830
2016-02-01,2.78,2.9,2.76,2.85,12050
2016-02-02,2.8,2.8,2.8,2.8,8600
2016-02-03,2.78,2.78,2.71,2.76,1690
2016-02-04,2.61,2.78,2.61,2.76,36980
2016-02-05,2.71,2.78,2.71,2.78,5600
2016-02-15,2.76,2.78,2.76,2.78,22220
2016-02-16,2.76,2.87,2.76,2.85,21520
2016-02-17,2.8,2.87,2.8,2.87,780
2016-02-18,2.76,2.9,2.73,2.9,42670
2016-02-19,2.78,2.83,2.73,2.83,46870
2016-02-22,2.78,2.78,2.73,2.78,52950
2016-02-23,2.76,2.83,2.68,2.71,37080
2016-02-24,2.71,2.73,2.61,2.68,38650
2016-02-25,2.76,2.76,2.68,2.68,14270
2016-02-26,2.68,2.78,2.68,2.76,11160
2016-02-29,2.73,2.8,2.71,2.78,11320
2016-03-01,2.76,2.76,2.68,2.73,8640
2016-03-02,2.73,2.78,2.66,2.66,18660
2016-03-03,2.73,2.73,2.68,2.73,10740
2016-03-04,2.73,2.73,2.66,2.71,7240
2016-03-07,2.71,2.71,2.66,2.68,37980
2016-03-08,2.73,2.85,2.73,2.85,82440
2016-03-09,2.87,2.9,2.85,2.85,59280
2016-03-10,2.85,2.95,2.85,2.95,61560
2016-03-11,2.99,3.06,2.97,3.04,135580
2016-03-14,3.11,3.11,3.04,3.06,28090
2016-03-15,3.09,3.16,3.04,3.16,45170
2016-03-16,3.11,3.16,3.02,3.04,69910
2016-03-17,3.09,3.09,2.95,3.06,3470
2016-03-18,2.99,3.04,2.97,2.99,26200
2016-03-21,3.02,3.04,2.92,2.92,65870
2016-03-22,2.92,2.99,2.9,2.99,60270
2016-03-23,3.16,3.16,2.99,2.99,29130
2016-03-24,2.99,3.04,2.92,2.95,17680
2016-03-25,2.95,3.09,2.92,3.09,17270
2016-03-28,3.09,3.16,3.04,3.16,44700
2016-03-29,3.16,3.16,2.99,3.09,7290
2016-03-30,3.06,3.09,2.99,3.06,12000
2016-03-31,2.85,3.06,2.85,3.06,25750
2016-04-01,2.92,3.04,2.87,3.04,47660
2016-04-04,2.87,3.04,2.87,2.92,17040
2016-04-05,2.85,2.97,2.85,2.97,8070
2016-04-06,2.87,2.97,2.87,2.97,4770
2016-04-07,3.04,3.16,3.02,3.16,137870
2016-04-08,3.21,3.37,3.21,3.37,956880
2016-04-11,3.59,3.59,3.56,3.59,966730
2016-04-12,3.59,3.61,3.52,3.52,245850
2016-04-13,3.47,3.59,3.44,3.52,312870
2016-04-14,3.52,3.68,3.52,3.63,346160
2016-04-15,3.71,3.71,3.59,3.61,235770
2016-04-19,3.49,3.56,3.4,3.42,255980
2016-04-20,3.49,3.59,3.44,3.56,371110
2016-04-21,3.56,3.8,3.56,3.8,445100
2016-04-22,3.97,4.04,3.8,3.94,152070
2016-04-25,3.94,4.11,3.9,3.99,333340
2016-04-26,3.99,3.99,3.8,3.92,200300
2016-04-27,3.9,3.99,3.83,3.83,176290
2016-04-28,3.83,3.92,3.83,3.9,119850
2016-04-29,3.9,4.16,3.9,4.16,566700
2016-05-04,4.32,4.4,4.28,4.37,385090
2016-05-05,4.42,4.49,4.18,4.21,395600
2016-05-06,4.18,4.21,4.04,4.04,270620
2016-05-09,3.97,4.21,3.97,4.04,226550
2016-05-10,4.04,4.13,3.92,3.99,157750
2016-05-11,4.04,4.13,3.97,4.13,265160
2016-05-12,4.18,4.18,3.99,4.04,182340
2016-05-13,4.02,4.04,3.85,3.92,338380
2016-05-16,3.92,3.92,3.78,3.78,135800
2016-05-17,3.9,4.02,3.83,4.02,165910
2016-05-18,4.02,4.02,3.9,3.94,167110
2016-05-19,3.9,3.99,3.9,3.97,107230
2016-05-20,4.02,4.02,3.87,3.87,123260
2016-05-23,3.92,4.02,3.9,3.97,112810
2016-05-24,4.02,4.11,3.97,4.11,237210
2016-05-25,4.11,4.16,4.04,4.06,101670
2016-05-26,4.11,4.11,3.97,3.97,101660
2016-05-27,3.94,4.06,3.94,4.02,186270
2016-05-30,4.04,4.13,4.04,4.13,117510
2016-05-31,4.18,4.18,4.06,4.16,219410
2016-06-01,4.16,4.28,4.11,4.25,322770
2016-06-02,4.28,4.47,4.28,4.37,231690
2016-06-03,4.4,4.47,4.37,4.37,180520
2016-06-06,4.37,4.4,4.16,4.16,361580
2016-06-07,4.13,4.4,4.13,4.4,373310
2016-06-08,4.4,4.66,4.4,4.59,719750
2016-06-09,4.66,4.66,4.56,4.59,475380
2016-06-10,4.63,4.89,4.59,4.78,602070
2016-06-13,4.78,4.97,4.78,4.87,441920
2016-06-14,4.75,4.89,4.75,4.87,836450
2016-06-15,4.75,5.04,4.75,5.04,524410
2016-06-16,5.04,5.04,4.94,4.99,627640
2016-06-17,4.99,5.11,4.87,4.89,732780
2016-06-20,5.11,5.11,4.99,5.04,199540
2016-06-21,5.04,5.13,4.92,4.94,219470
2016-06-22,5.01,5.13,5.01,5.08,252990
2016-06-23,5.23,5.39,5.2,5.23,422670
2016-06-24,5.35,5.35,4.87,5.23,641360
2016-06-27,5.3,5.58,5.25,5.51,460900
2016-06-28,5.7,5.75,5.58,5.63,405290
2016-06-29,5.63,6.01,5.56,5.84,398920
2016-06-30,5.84,6.11,5.84,5.94,501240
2016-07-01,5.94,6.08,5.94,5.94,553210
2016-07-04,6.11,6.25,6.03,6.22,942730
2016-07-05,6.65,6.65,6.27,6.51,510090
2016-07-06,6.41,6.65,6.37,6.63,419940
2016-07-07,6.77,6.82,6.41,6.53,584760
2016-07-08,6.7,6.87,6.51,6.6,919360
2016-07-11,6.7,6.72,6.41,6.41,598460
2016-07-12,6.41,6.51,6.2,6.39,501660
2016-07-13,6.37,6.53,6.37,6.44,462080
2016-07-14,6.44,6.46,6.01,6.01,396810
2016-07-15,5.89,6.13,5.82,5.82,482810
2016-07-18,6.01,6.22,5.92,6.22,633200
2016-07-19,6.53,6.53,6.08,6.18,645510
2016-07-20,6.18,6.32,6.13,6.27,336130
2016-07-21,6.7,6.7,6.6,6.63,1872830
2016-07-22,6.65,6.65,6.3,6.53,476910
2016-07-25,6.79,6.79,6.41,6.63,562950
2016-07-26,6.53,6.63,6.22,6.32,449070
2016-07-27,6.41,6.41,6.25,6.37,359370
2016-07-28,6.41,6.46,6.34,6.37,376910
2016-07-29,6.37,6.37,6.25,6.27,309660
2016-08-01,6.27,6.27,6.08,6.13,265550
2016-08-02,6.06,6.06,5.8,5.82,434670
2016-08-03,5.77,5.99,5.77,5.96,239240
2016-08-04,6.03,6.18,5.99,6.01,260820
2016-08-05,6.03,6.39,5.94,6.37,757400
2016-08-08,6.51,6.51,6.37,6.44,623070
2016-08-09,6.46,6.51,6.37,6.44,281690
2016-08-10,6.46,6.56,6.41,6.51,454760
2016-08-11,6.53,6.96,6.51,6.96,1197040
2016-08-12,7.29,7.29,6.96,7.17,1003920
2016-08-15,7.13,7.56,7.13,7.44,727460
2016-08-16,7.51,7.65,7.41,7.6,942130
2016-08-17,7.58,7.84,7.46,7.75,627750
2016-08-18,7.79,7.94,7.72,7.84,825760
2016-08-19,7.89,7.89,7.53,7.53,1120850
2016-08-22,7.41,7.7,7.41,7.58,556700
2016-08-23,7.58,7.91,7.48,7.91,475500
2016-08-24,8.08,8.46,8.05,8.46,1296100
2016-08-25,8.79,9.03,8.67,8.96,648610
2016-08-26,8.96,9.03,8.7,8.84,675460
2016-08-29,8.77,9.12,8.7,8.77,900630
2016-08-30,8.91,9.36,8.72,9.36,787160
2016-08-31,9.74,9.81,9.46,9.76,490980
2016-09-01,9.84,9.86,9.55,9.86,487230
2016-09-05,10.12,10.43,9.98,10.0,1297220
2016-09-06,9.91,10.14,9.31,9.31,824460
2016-09-07,8.91,9.5,8.79,9.5,1348290
2016-09-08,9.5,9.69,9.38,9.67,665880
2016-09-09,9.74,9.74,9.53,9.55,243560
2016-09-12,9.31,9.5,9.03,9.03,552510
2016-09-13,8.91,9.24,8.91,9.03,554100
2016-09-14,9.08,9.15,8.79,8.86,402690
2016-09-15,8.79,8.79,8.32,8.48,849300
2016-09-16,8.55,8.74,8.48,8.65,280820
2016-09-19,8.79,9.17,8.79,9.15,595130
2016-09-20,9.27,9.34,9.03,9.25,511220
2016-09-21,9.38,9.5,9.27,9.34,306670
2016-09-22,9.38,9.46,9.34,9.41,362180
2016-09-23,9.38,9.46,9.15,9.34,320440
2016-09-26,9.34,9.38,9.19,9.38,340350
2016-09-27,9.38,10.04,9.31,10.04,864480
2016-09-28,10.28,10.33,10.17,10.26,421220
2016-09-29,10.17,10.26,9.86,9.95,415590
2016-09-30,9.91,10.17,9.81,9.86,885940
2016-10-03,9.74,9.91,9.43,9.53,1025410
2016-10-04,9.43,9.5,9.1,9.15,753370
2016-10-05,9.15,9.43,9.15,9.29,275580
2016-10-06,9.41,9.5,9.12,9.12,461370
2016-10-07,9.27,9.27,8.79,9.22,521280
2016-10-10,9.22,9.22,8.84,8.84,236990
2016-10-11,8.89,9.15,8.54,9.12,348960
2016-10-12,9.27,9.27,8.89,8.91,151270
2016-10-13,8.91,9.03,8.79,8.91,222400
2016-10-14,8.86,9.03,8.74,8.84,311880
2016-10-17,8.9,8.9,8.65,8.7,199430
2016-10-18,8.7,8.7,8.53,8.55,324090
2016-10-19,8.55,8.93,8.55,8.83,293880
2016-10-20,8.83,9.02,8.74,8.87,168240
2016-10-21,8.99,9.08,8.77,9.08,370930
2016-10-24,9.24,9.38,9.1,9.17,439500
2016-10-25,9.17,9.19,8.84,8.89,291410
2016-10-26,8.91,8.93,8.6,8.79,229850
2016-10-27,8.79,8.79,8.67,8.67,165870
2016-10-28,8.67,8.86,8.6,8.86,243680
2016-10-31,8.93,8.93,8.58,8.6,163640
2016-11-01,8.6,8.77,8.55,8.67,166390
2016-11-02,8.6,8.74,8.55,8.58,111710
2016-11-03,8.55,8.59,8.29,8.59,383340
2016-11-04,8.51,8.67,8.46,8.55,107270
2016-11-07,8.62,8.89,8.6,8.81,291080
2016-11-08,8.86,8.86,8.62,8.64,407920
2016-11-09,8.77,8.77,8.13,8.7,424140
2016-11-10,8.86,9.3,8.67,9.29,1567000
2016-11-11,9.29,9.31,9.08,9.27,529340
2016-11-14,9.27,9.48,9.27,9.48,489620
2016-11-15,9.5,9.6,9.43,9.5,619880
2016-11-16,9.5,9.55,9.15,9.15,519820
2016-11-17,9.1,9.22,8.92,8.93,388780
2016-11-18,8.98,9.0,8.8,9.0,322360
2016-11-21,9.0,9.15,8.91,9.03,182090
2016-11-22,9.03,9.24,9.03,9.03,281730
2016-11-23,9.03,9.11,9.0,9.03,137020
2016-11-24,8.43,9.15,8.43,8.99,255040
2016-11-25,8.98,9.08,8.98,9.05,178730
2016-11-28,9.05,9.05,8.81,8.84,209690
2016-11-29,8.79,8.98,8.79,8.86,196580
2016-11-30,8.79,8.96,8.65,8.79,323040
2016-12-01,8.74,9.03,8.7,8.91,225530
2016-12-02,8.91,8.98,8.67,8.73,103900
2016-12-05,8.7,8.79,8.7,8.72,150500
2016-12-06,8.79,8.79,8.39,8.41,214860
2016-12-07,8.41,8.51,8.36,8.36,117260
2016-12-08,8.36,8.55,8.36,8.37,99840
2016-12-09,8.37,8.51,8.36,8.4,124670
2016-12-12,8.32,8.41,8.08,8.08,96190
2016-12-13,8.08,8.46,7.82,8.46,305540
2016-12-14,8.43,8.65,8.43,8.65,214670
2016-12-15,8.72,8.72,8.48,8.53,119470
2016-12-16,8.43,8.55,8.29,8.43,143990
2016-12-19,8.33,8.43,8.29,8.32,185190
2016-12-20,8.43,8.43,8.27,8.36,120060
2016-12-21,8.28,8.54,8.28,8.46,229620
2016-12-22,8.43,8.6,8.41,8.41,149690
2016-12-23,8.34,8.55,8.34,8.34,58760
2016-12-26,8.32,8.41,8.3,8.3,152530
2016-12-27,8.13,8.32,8.13,8.29,128860
2016-12-28,8.29,8.39,8.29,8.34,88220
2016-12-29,8.34,8.43,8.3,8.3,50940
2016-12-30,8.35,8.35,8.29,8.32,90220
2017-01-03,8.27,8.48,8.27,8.48,79460
2017-01-04,8.51,8.79,8.51,8.67,231890
2017-01-05,8.7,8.84,8.62,8.74,208840
2017-01-06,8.77,8.89,8.62,8.62,163300
2017-01-09,8.62,8.79,8.62,8.77,224430
2017-01-10,9.0,9.0,8.89,8.91,450720
2017-01-11,8.89,9.03,8.89,8.94,162020
2017-01-12,9.0,9.0,8.85,8.86,183470
2017-01-13,8.79,8.96,8.79,8.8,119760
2017-01-16,8.79,8.91,8.46,8.48,216790
2017-01-17,8.43,8.67,8.43,8.55,122740
2017-01-18,8.55,8.65,8.49,8.49,73270
2017-01-19,8.42,8.6,8.39,8.39,64680
2017-01-20,8.32,8.58,8.32,8.37,155300
2017-01-23,8.39,8.51,8.27,8.32,355190
2017-01-24,8.36,8.36,8.32,8.32,82850
2017-01-25,8.32,8.39,8.29,8.39,95800
2017-02-02,8.54,8.54,8.32,8.33,127060
2017-02-03,8.32,8.47,8.32,8.36,171610
2017-02-06,8.47,8.48,8.39,8.47,176950
2017-02-07,8.51,8.58,8.48,8.51,292190
2017-02-08,8.51,8.75,8.51,8.75,331660
2017-02-09,8.84,9.05,8.79,8.97,544250
2017-02-10,9.08,9.15,8.96,8.99,522140
2017-02-13,8.98,9.12,8.93,8.98,417080
2017-02-14,9.03,9.22,9.03,9.17,622330
2017-02-15,9.17,9.22,9.12,9.15,333080
2017-02-16,9.19,9.22,8.52,8.96,368620
2017-02-17,8.74,8.91,8.67,8.84,591770
2017-02-20,8.55,8.89,8.55,8.86,518600
2017-02-21,8.86,9.0,8.84,8.96,230500
2017-02-22,8.98,8.98,8.75,8.81,388630
2017-02-23,8.77,8.91,8.67,8.79,222330
2017-02-24,8.77,8.79,8.67,8.71,255480
2017-02-27,8.71,8.93,8.68,8.93,226310
2017-02-28,8.93,9.03,8.67,8.67,236810
2017-03-01,8.67,8.67,8.56,8.62,135620
2017-03-02,8.64,8.77,8.6,8.73,68930
2017-03-03,8.62,8.77,8.61,8.62,86510
2017-03-06,8.74,8.74,8.6,8.66,129990
2017-03-07,8.66,8.75,8.65,8.72,188710
2017-03-08,8.75,8.9,8.72,8.81,199350
2017-03-09,8.86,8.89,8.84,8.87,251520
2017-03-10,8.9,8.9,8.84,8.84,224090
2017-03-13,8.84,8.86,8.72,8.72,207390
2017-03-14,8.74,8.74,8.6,8.6,253330
2017-03-15,8.56,8.56,8.45,8.45,229730
2017-03-16,8.37,8.67,8.37,8.6,68440
2017-03-17,8.51,8.67,8.43,8.52,86640
2017-03-20,8.54,8.67,8.46,8.67,124930
2017-03-21,8.65,8.78,8.65,8.77,189860
2017-03-22,8.77,8.78,8.6,8.6,139800
2017-03-23,8.66,8.66,8.6,8.62,49060
2017-03-24,8.61,8.68,8.58,8.58,177500
2017-03-27,8.58,8.62,8.52,8.52,155510
2017-03-28,8.6,8.71,8.6,8.7,122130
2017-03-29,8.7,8.87,8.67,8.84,227170
2017-03-30,8.84,9.38,8.79,9.32,1098450
2017-03-31,9.62,9.81,9.55,9.62,784710
2017-04-03,9.74,10.1,9.69,9.81,665080
2017-04-04,9.74,9.98,9.65,9.97,728670
2017-04-05,9.98,10.1,9.88,9.98,570060
2017-04-07,9.98,10.26,9.88,10.22,872350
2017-04-10,10.33,10.57,10.31,10.57,988610
2017-04-11,10.69,10.69,10.48,10.57,576240
2017-04-12,10.57,10.57,10.17,10.24,693320
2017-04-13,10.1,10.26,9.93,9.93,913230
2017-04-14,9.81,9.98,9.36,9.76,617180
2017-04-17,9.76,9.91,9.55,9.55,523620
2017-04-18,9.55,9.76,9.5,9.74,420870
2017-04-19,9.72,9.93,9.62,9.85,329650
2017-04-20,9.91,9.91,9.62,9.74,199080
2017-04-21,9.84,10.14,9.84,10.14,559180
2017-04-24,10.14,10.29,10.03,10.14,383250
2017-04-25,10.14,10.32,10.14,10.29,510880
2017-04-26,10.29,10.44,10.29,10.38,293180
2017-04-27,10.41,10.41,10.29,10.38,225850
2017-04-28,10.38,10.38,9.98,10.1,308060
2017-05-03,10.14,10.51,10.14,10.51,499710
2017-05-04,10.67,10.75,10.6,10.71,562420
2017-05-05,10.57,10.76,10.5,10.55,227740
2017-05-08,10.55,10.74,10.55,10.7,256450
2017-05-09,10.7,10.74,10.38,10.57,532630
2017-05-10,10.57,10.71,10.5,10.64,522440
2017-05-11,10.69,10.69,10.55,10.6,297800
2017-05-12,10.6,10.67,10.54,10.64,540710
2017-05-15,10.64,10.67,10.45,10.45,545980
2017-05-16,10.51,10.51,10.1,10.12,500490
2017-05-17,10.51,10.74,10.37,10.65,621540
2017-05-18,10.65,10.65,10.23,10.33,382910
2017-05-19,10.23,10.25,9.91,10.23,317730
2017-05-22,10.01,10.62,10.0,10.49,557040
2017-05-23,10.65,11.23,10.65,11.15,1340350
2017-05-24,11.23,11.39,11.23,11.31,422650
2017-05-25,11.33,11.35,11.15,11.24,587790
2017-05-26,11.14,11.3,11.14,11.3,540620
2017-05-29,11.55,11.94,11.4,11.83,797180
2017-05-30,11.83,11.83,11.37,11.37,691340
2017-05-31,11.37,12.15,11.12,12.12,1537830
2017-06-01,12.19,12.22,11.9,11.94,511420
2017-06-02,11.83,12.04,11.76,11.97,549610
2017-06-05,12.04,12.04,11.83,11.97,506650
2017-06-06,11.97,12.29,11.8,12.1,685630
2017-06-07,12.12,12.22,11.92,11.97,700240
2017-06-08,12.04,12.08,11.8,12.06,319220
2017-06-09,11.99,12.15,11.94,11.94,435680
2017-06-12,11.88,11.94,11.3,11.33,939610
2017-06-13,11.33,11.58,11.33,11.58,242380
2017-06-14,11.76,11.76,11.4,11.51,334820
2017-06-15,11.51,11.58,11.4,11.55,352270
2017-06-16,11.58,11.58,11.39,11.44,266500
2017-06-19,11.55,11.55,11.39,11.47,266770
2017-06-20,11.47,11.58,11.44,11.49,356520
2017-06-21,11.4,11.56,11.4,11.51,208230
2017-06-22,11.44,11.85,11.42,11.85,675890
2017-06-23,11.87,11.87,11.67,11.76,310800
2017-06-26,11.83,11.83,11.58,11.6,310870
2017-06-27,11.6,11.71,11.47,11.65,390070
2017-06-28,11.65,11.76,11.51,11.74,380800
2017-06-29,11.74,11.74,11.55,11.62,187370
2017-06-30,11.62,11.87,11.58,11.8,616780
2017-07-03,11.94,12.4,11.92,12.31,1703090
2017-07-04,12.44,12.44,12.24,12.35,725310
2017-07-05,12.35,12.37,12.24,12.33,403740
2017-07-06,12.29,12.37,12.26,12.28,643630
2017-07-07,12.4,12.45,12.28,12.28,1120120
2017-07-10,12.33,12.65,12.31,12.42,1364640
2017-07-11,12.44,12.47,11.8,12.26,883910
2017-07-12,12.22,12.29,11.94,12.12,493370
2017-07-13,12.12,12.26,11.97,12.13,375880
2017-07-14,12.13,12.31,12.13,12.22,729950
2017-07-17,12.24,12.31,11.78,11.8,743770
2017-07-18,11.51,11.9,11.44,11.49,811920
2017-07-19,11.49,11.74,11.49,11.49,467510
2017-07-20,11.49,11.6,11.4,11.6,364400
2017-07-21,11.65,11.76,10.87,10.87,844850
2017-07-24,10.69,11.01,10.48,10.94,566010
2017-07-25,10.96,11.4,10.96,11.15,345890
2017-07-26,11.19,11.37,11.19,11.35,431310
2017-07-27,11.35,11.39,11.19,11.39,377600
2017-07-28,11.4,11.51,11.39,11.51,241070
2017-07-31,11.44,11.44,11.23,11.33,624540
2017-08-01,11.26,11.4,11.21,11.26,192080
2017-08-02,11.28,11.28,10.82,10.9,686960
2017-08-03,10.94,11.05,10.92,10.96,259160
2017-08-04,11.05,11.05,10.87,10.87,159370
2017-08-07,10.87,11.01,10.85,11.01,218650
2017-08-08,11.05,11.15,10.98,10.98,167420
2017-08-09,10.87,11.05,10.69,10.73,191750
2017-08-10,10.69,10.83,10.69,10.73,80850
2017-08-11,10.73,10.83,10.62,10.76,124250
2017-08-14,10.87,11.12,10.87,11.1,321410
2017-08-15,11.23,11.31,11.12,11.21,225600
2017-08-16,11.21,11.37,11.05,11.37,254970
2017-08-17,11.47,11.47,11.08,11.14,198030
2017-08-18,11.19,11.19,11.05,11.15,234320
2017-08-21,11.08,11.33,11.08,11.17,112900
2017-08-22,11.05,11.23,11.05,11.15,227390
2017-08-23,11.08,11.19,11.01,11.05,81080
2017-08-24,10.94,11.12,10.94,10.94,127660
2017-08-25,10.94,11.12,10.87,10.92,168590
2017-08-28,10.92,11.3,10.92,11.14,262020
2017-08-29,11.39,11.49,11.31,11.44,682440
2017-08-30,11.47,11.69,11.44,11.67,514580
2017-08-31,11.74,11.87,11.72,11.78,728940
2017-09-01,11.81,11.83,11.1,11.8,546830
2017-09-05,11.8,11.94,11.65,11.83,249840
2017-09-06,11.85,11.9,11.76,11.83,326850
2017-09-07,11.94,11.94,11.69,11.83,383350
2017-09-08,11.81,11.81,11.62,11.78,325290
2017-09-11,11.6,11.76,11.53,11.62,212270
2017-09-12,11.58,11.62,11.51,11.62,213170
2017-09-13,11.65,11.8,11.63,11.71,247850
2017-09-14,11.76,11.9,11.76,11.83,388670
2017-09-15,11.87,11.9,11.69,11.83,150130
2017-09-18,11.87,11.94,11.76,11.83,351040
2017-09-19,11.8,12.65,11.72,12.4,908900
2017-09-20,12.61,12.61,12.24,12.29,460240
2017-09-21,12.4,12.47,12.33,12.47,506340
2017-09-22,12.47,12.63,12.4,12.58,581180
2017-09-25,12.72,12.72,12.51,12.6,265460
2017-09-26,12.54,12.54,12.38,12.38,429220
2017-09-27,12.4,12.54,12.33,12.4,436710
2017-09-28,12.4,12.51,12.37,12.44,228760
2017-09-29,12.47,12.58,12.33,12.56,456290
2017-10-02,12.56,13.01,12.56,13.01,1125960
2017-10-03,13.13,13.17,12.67,13.01,955210
2017-10-04,13.01,13.01,12.72,12.94,624180
2017-10-05,12.85,12.9,12.58,12.58,762930
2017-10-06,12.58,12.78,12.51,12.67,458980
2017-10-09,12.76,12.86,12.67,12.81,458300
2017-10-10,12.81,12.99,12.81,12.97,572630
2017-10-11,12.97,13.08,12.9,12.97,596230
2017-10-12,13.01,13.08,12.83,13.01,549790
2017-10-13,12.94,13.01,12.83,12.83,597360
2017-10-16,12.85,12.85,12.6,12.61,645240
2017-10-17,12.61,12.72,12.54,12.63,354590
2017-10-18,12.74,12.74,12.4,12.4,842440
2017-10-19,12.4,12.65,12.4,12.61,275930
2017-10-20,12.65,12.65,12.29,12.44,499400
2017-10-23,12.33,12.51,12.24,12.33,328220
2017-10-24,12.22,12.33,12.04,12.26,307210
2017-10-25,12.26,12.35,12.04,12.22,182760
2017-10-26,12.37,12.61,12.2,12.35,331740
2017-10-27,12.35,12.54,12.35,12.47,201860
2017-10-30,12.51,12.54,12.12,12.29,255040
2017-10-31,12.37,12.37,12.12,12.35,210800
2017-11-01,12.47,12.47,12.19,12.33,183220
2017-11-02,12.15,12.47,12.15,12.38,478730
2017-11-03,12.38,12.47,12.29,12.38,393550
2017-11-06,12.54,12.61,12.44,12.61,338430
2017-11-07,12.61,12.95,12.61,12.95,1361550
2017-11-08,13.01,13.33,12.97,13.24,1841530
2017-11-09,13.33,13.35,13.11,13.24,974500
2017-11-10,13.17,13.31,13.15,13.24,1006850
2017-11-13,13.33,13.36,13.13,13.35,972240
2017-11-14,13.36,13.38,13.15,13.38,521970
2017-11-15,13.42,14.08,13.36,14.08,1151770
2017-11-16,14.22,14.22,13.97,14.08,1151740
2017-11-17,14.08,14.19,13.78,13.89,815460
2017-11-20,13.89,13.89,13.49,13.51,2196940
2017-11-21,13.53,13.71,13.38,13.51,892030
2017-11-22,13.53,13.78,13.51,13.76,541960
2017-11-23,13.78,13.78,13.53,13.56,819860
2017-11-24,13.56,13.86,13.49,13.76,853160
2017-11-27,13.86,14.11,13.75,14.11,1417700
2017-11-28,14.11,14.26,13.97,14.06,631450
2017-11-29,14.11,14.11,13.93,14.04,619510
2017-11-30,14.11,14.37,14.04,14.09,1356420
2017-12-01,14.04,14.19,14.0,14.13,645210
2017-12-04,14.13,14.4,14.13,14.37,1189440
2017-12-05,14.37,14.44,14.08,14.08,1206780
2017-12-06,13.93,14.11,13.82,14.08,924130
2017-12-07,13.97,14.06,13.93,13.97,755130
2017-12-08,13.93,14.11,13.93,14.04,393840
2017-12-11,13.97,14.02,13.71,13.71,500480
2017-12-12,13.71,13.89,13.49,13.71,504210
2017-12-13,13.62,13.89,13.6,13.66,200480
2017-12-14,13.56,13.78,13.56,13.78,266390
2017-12-15,14.04,14.04,13.78,13.97,219880
2017-12-18,14.0,14.0,13.84,13.87,489850
2017-12-19,13.97,14.4,13.89,14.33,994100
2017-12-20,14.33,14.44,14.19,14.26,626090
2017-12-21,14.19,14.33,14.11,14.11,540520
2017-12-22,14.0,14.08,13.73,14.08,636150
2017-12-25,14.08,14.08,13.75,13.78,316970
2017-12-26,13.78,13.97,13.76,13.86,254350
2017-12-27,13.86,14.22,13.82,14.08,774260
2017-12-28,14.08,14.19,14.08,14.15,512010
2017-12-29,14.19,14.22,14.04,14.19,830550
2018-01-02,14.19,14.99,14.09,14.99,1653510
2018-01-03,15.14,15.17,14.73,15.14,1296300
2018-01-04,15.14,15.17,15.04,15.06,689820
2018-01-05,14.99,15.65,14.77,15.65,1459870
2018-01-08,15.54,15.9,15.36,15.81,907850
2018-01-09,15.96,16.1,15.68,16.07,1127150
2018-01-10,16.07,16.53,15.9,16.2,1458900
2018-01-11,16.09,16.2,15.79,15.79,585860
2018-01-12,15.72,16.05,15.63,15.63,930910
2018-01-15,15.54,15.61,15.39,15.61,429180
2018-01-16,15.79,16.01,15.57,15.72,273290
2018-01-17,15.72,15.83,14.99,14.99,335990
2018-01-18,14.81,15.17,14.44,14.99,709080
2018-01-19,14.99,15.79,14.92,15.54,1027610
2018-01-22,15.68,15.98,15.36,15.65,1146670
2018-01-23,15.65,15.65,15.65,15.65,0
2018-01-24,15.65,15.65,15.65,15.65,0
2018-01-25,15.65,15.65,14.88,14.95,1110050
2018-01-26,14.7,14.95,14.44,14.77,1102290
2018-01-29,14.62,14.81,14.46,14.59,436800
2018-01-30,14.59,14.62,14.33,14.51,719460
2018-01-31,14.51,15.14,14.51,15.14,834710
2018-02-01,15.1,15.14,14.51,14.51,282580
2018-02-02,14.48,14.53,13.89,14.51,295310
2018-02-05,14.37,14.51,13.6,13.6,329680
2018-02-06,12.65,13.53,12.65,12.69,841400
2018-02-07,13.34,13.45,13.16,13.27,263650
2018-02-08,13.27,13.27,12.76,12.8,262210
2018-02-09,11.92,12.8,11.92,12.8,201470
2018-02-12,12.8,13.16,12.8,13.09,113990
2018-02-13,13.13,13.16,12.98,13.09,316590
2018-02-21,13.49,13.49,13.05,13.13,269550
2018-02-22,13.05,13.09,12.89,12.94,161770
2018-02-23,12.94,13.05,12.76,12.94,338800
2018-02-26,12.98,13.05,12.61,12.69,700810
2018-02-27,12.72,12.72,12.25,12.32,545720
2018-02-28,12.32,12.43,12.25,12.28,979650
2018-03-01,12.19,12.76,12.19,12.65,796310
2018-03-02,12.43,12.58,12.32,12.58,499220
2018-03-05,12.36,12.54,11.88,11.88,914740
2018-03-06,12.25,12.25,11.63,11.88,891900
2018-03-07,11.74,11.96,11.74,11.86,374860
2018-03-08,11.86,12.17,11.86,12.06,356760
2018-03-09,12.06,12.25,11.92,11.92,295400
2018-03-12,11.99,12.06,11.7,11.7,263850
2018-03-13,11.7,11.7,11.37,11.48,446200
2018-03-14,11.5,11.88,11.5,11.85,490680
2018-03-15,11.85,11.86,11.66,11.7,180080
2018-03-16,11.55,11.66,11.44,11.48,298960
2018-03-19,11.42,11.59,11.26,11.28,454400
2018-03-20,11.28,11.63,11.26,11.33,322320
2018-03-21,11.48,11.48,11.22,11.33,139980
2018-03-22,11.44,11.46,11.22,11.3,100870
2018-03-23,10.91,11.0,10.8,11.0,362130
2018-03-26,11.0,11.0,10.68,10.71,187150
2018-03-27,10.64,10.89,10.57,10.57,253030
2018-03-28,10.44,10.57,10.24,10.57,383380
2018-03-29,10.57,10.91,10.47,10.84,338090
2018-03-30,10.97,11.59,10.86,11.59,696030
2018-04-02,11.88,11.99,11.64,11.94,943510
2018-04-03,11.94,11.94,11.59,11.74,410230
2018-04-04,11.7,11.7,11.26,11.26,424130
2018-04-05,11.13,11.22,10.86,10.88,365740
2018-04-06,10.68,11.33,10.68,11.0,256090
2018-04-09,10.79,10.93,10.38,10.42,728070
2018-04-10,10.53,10.53,10.2,10.22,521200
2018-04-11,10.27,10.27,9.98,9.98,318890
2018-04-12,9.94,10.22,9.65,9.93,192410
2018-04-13,10.05,10.16,9.69,9.74,214160
2018-04-16,9.65,9.69,9.07,9.21,947480
2018-04-17,9.14,9.36,9.14,9.36,343570
2018-04-18,9.36,9.36,8.96,8.96,275980
2018-04-19,8.85,8.92,8.48,8.56,568230
2018-04-20,8.46,9.1,8.46,8.98,413550
2018-04-23,8.96,9.09,8.45,8.45,179340
2018-04-24,8.45,8.46,8.19,8.3,440540
2018-04-26,8.3,8.41,7.93,7.93,309970
2018-04-27,7.93,8.41,7.75,8.41,472070
2018-05-02,8.41,8.41,7.82,7.82,256070
2018-05-03,7.82,7.82,7.29,7.53,311480
2018-05-04,7.53,7.53,7.24,7.39,248350
2018-05-07,7.39,7.39,7.31,7.39,309320
2018-05-08,7.46,7.82,7.39,7.79,344810
2018-05-09,7.79,8.32,7.53,8.3,916200
2018-05-10,8.37,8.37,8.04,8.19,397540
2018-05-11,8.04,8.19,7.86,8.04,282260
2018-05-14,8.04,8.13,7.82,7.93,341440
2018-05-15,7.93,7.95,7.84,7.9,325540
2018-05-16,7.82,8.12,7.81,8.04,216520
2018-05-17,8.04,8.41,8.04,8.08,250890
2018-05-18,8.23,8.23,7.79,7.79,158560
2018-05-21,8.01,8.01,7.75,7.75,239510
2018-05-22,7.82,8.19,7.68,7.81,536200
2018-05-23,7.79,7.86,7.75,7.81,207130
2018-05-24,7.9,7.9,7.75,7.81,100100
2018-05-25,7.79,7.79,7.42,7.42,188520
2018-05-28,7.49,7.49,6.91,6.91,516760
2018-05-29,7.17,7.31,6.95,7.22,181210
2018-05-30,7.28,7.28,7.13,7.28,129820
2018-05-31,7.28,7.53,7.28,7.46,167800
2018-06-01,7.51,7.68,7.49,7.6,245920
2018-06-04,7.82,8.13,7.75,8.13,390340
2018-06-05,8.7,8.7,8.63,8.7,1220600
2018-06-06,8.96,9.25,8.88,9.1,870140
2018-06-07,9.14,9.19,8.96,9.07,373960
2018-06-08,8.92,9.01,8.63,8.98,845790
2018-06-11,9.6,9.6,9.21,9.21,920110
2018-06-12,9.37,9.42,8.6,9.32,378200
2018-06-13,9.21,9.29,8.96,9.21,188470
2018-06-14,9.01,9.26,8.93,9.16,327190
2018-06-15,9.11,9.11,8.93,8.96,139540
2018-06-18,8.96,9.19,8.55,8.55,314810
2018-06-19,8.34,8.39,8.11,8.14,407460
2018-06-20,8.14,8.7,8.11,8.7,154730
2018-06-21,8.96,8.96,8.52,8.68,66670
2018-06-22,8.52,8.7,8.5,8.7,62310
2018-06-25,8.91,8.91,8.45,8.6,104900
2018-06-26,8.45,8.6,8.42,8.5,47030
2018-06-27,8.45,8.68,8.34,8.34,68740
2018-06-28,8.32,8.42,8.14,8.19,219290
2018-06-29,8.21,8.34,7.98,7.98,182090
2018-07-02,8.09,8.09,7.5,7.7,174650
2018-07-03,7.55,7.75,7.32,7.32,84730
2018-07-04,7.63,7.63,7.27,7.37,69140
2018-07-05,7.17,7.4,6.86,6.86,86430
2018-07-06,7.09,7.14,6.86,7.06,87150
2018-07-09,7.17,7.24,7.06,7.11,138200
2018-07-10,7.19,7.19,7.01,7.01,42390
2018-07-11,7.01,7.11,6.7,6.73,177760
2018-07-12,6.76,6.86,6.7,6.78,113860
2018-07-13,6.86,7.04,6.83,7.04,51870
2018-07-16,6.99,7.11,6.99,7.11,200150
2018-07-17,7.14,7.14,7.04,7.09,69110
2018-07-18,7.11,7.58,7.11,7.58,499340
2018-07-19,8.01,8.01,7.68,7.73,519130
2018-07-20,7.83,7.83,7.68,7.73,293070
2018-07-23,7.42,7.68,7.42,7.47,291280
2018-07-24,7.22,7.47,7.22,7.32,302470
2018-07-25,7.42,7.52,7.32,7.34,302160
2018-07-26,7.32,7.37,7.17,7.17,133050
2018-07-27,7.22,7.4,7.17,7.32,312460
2018-07-30,7.32,7.68,7.17,7.47,610920
2018-07-31,7.42,7.47,7.24,7.27,285470
2018-08-01,7.27,7.27,7.14,7.17,174730
2018-08-02,7.11,7.11,6.7,7.04,405060
2018-08-03,7.06,7.14,6.99,6.99,157200
2018-08-06,7.06,7.06,6.73,6.76,139860
2018-08-07,6.76,6.78,6.65,6.73,171520
2018-08-08,6.76,6.86,6.76,6.81,89840
2018-08-09,6.76,7.04,6.76,6.91,190540
2018-08-10,6.91,6.96,6.86,6.91,143240
2018-08-13,6.91,7.17,6.91,7.17,351840
2018-08-14,7.14,7.22,7.06,7.17,160850
2018-08-15,7.27,7.27,6.96,6.96,134200
2018-08-16,6.88,6.99,6.86,6.91,116170
2018-08-17,6.91,6.96,6.86,6.86,98100
2018-08-20,7.06,7.06,6.81,6.86,108630
2018-08-21,6.86,6.96,6.83,6.83,145230
2018-08-22,6.83,6.96,6.76,6.78,221300
2018-08-23,6.81,6.91,6.78,6.81,142920
2018-08-24,6.81,6.91,6.78,6.88,222190
2018-08-27,6.94,6.96,6.88,6.88,177580
2018-08-28,6.91,6.91,6.83,6.86,133520
2018-08-29,6.86,6.86,6.81,6.81,69490
2018-08-30,6.88,6.88,6.81,6.83,141770
2018-08-31,6.88,6.99,6.81,6.83,242260
2018-09-04,6.86,6.88,6.7,6.7,100280
2018-09-05,6.7,6.76,6.63,6.63,185280
2018-09-06,6.63,6.68,6.6,6.6,164180
2018-09-07,6.6,6.76,6.6,6.63,141580
2018-09-10,6.68,6.68,6.45,6.45,357580
2018-09-11,6.4,6.5,6.4,6.45,130200
2018-09-12,6.45,6.58,6.45,6.5,93310
2018-09-13,6.5,6.5,6.42,6.5,294410
2018-09-14,6.55,6.76,6.55,6.7,521270
2018-09-17,6.7,6.73,6.63,6.65,146480
2018-09-18,6.65,7.04,6.5,7.01,896020
2018-09-19,7.06,7.37,7.06,7.27,1697730
2018-09-20,7.29,7.55,7.17,7.45,913400
2018-09-21,7.5,7.78,7.45,7.78,2125300
2018-09-24,7.81,7.83,7.58,7.6,1110000
2018-09-25,7.58,7.63,7.47,7.6,995630
2018-09-26,7.5,7.78,7.5,7.63,1062120
2018-09-27,7.68,7.68,7.5,7.65,768880
2018-09-28,7.6,7.7,7.58,7.63,1153190
2018-10-01,7.65,8.14,7.52,7.98,5723590
2018-10-02,7.96,8.04,7.73,7.73,1375040
2018-10-03,7.73,7.88,7.73,7.81,972230
2018-10-04,7.78,7.86,7.63,7.75,1369750
2018-10-05,7.81,7.81,7.52,7.52,1835660
2018-10-08,7.47,7.78,7.27,7.68,1332360
2018-10-09,7.68,7.73,7.42,7.42,950320
2018-10-10,7.45,7.47,6.91,6.96,3329560
2018-10-11,6.5,6.7,6.47,6.63,1966740
2018-10-12,6.45,6.91,6.45,6.86,1366900
2018-10-15,6.76,6.81,6.55,6.81,869880
2018-10-16,6.7,6.99,6.7,6.78,1029180
2018-10-17,6.96,7.01,6.78,6.99,1158160
2018-10-18,6.99,7.04,6.78,6.78,1147360
2018-10-19,6.7,6.81,6.55,6.7,458770
2018-10-22,6.81,6.83,6.65,6.65,729170
2018-10-23,6.65,6.65,6.19,6.32,858900
2018-10-24,6.35,6.45,5.94,5.99,622510
2018-10-25,5.71,5.86,5.68,5.83,609190
2018-10-26,6.04,6.07,5.68,5.68,347790
2018-10-29,5.73,5.78,5.53,5.58,286240
2018-10-30,5.68,5.68,5.48,5.48,672940
2018-10-31,5.1,5.1,5.1,5.1,1586390
2018-11-01,4.75,4.89,4.74,4.74,2902440
2018-11-02,4.61,4.68,4.42,4.42,3414820
2018-11-05,4.61,4.68,4.42,4.66,750660
2018-11-06,4.66,4.78,4.64,4.75,902360
2018-11-07,4.68,4.71,4.62,4.68,568670
2018-11-08,4.71,4.76,4.62,4.62,500720
2018-11-09,4.62,4.65,4.35,4.43,585480
2018-11-12,4.26,4.35,4.26,4.3,238780
2018-11-13,4.2,4.27,4.15,4.2,326260
2018-11-14,4.15,4.24,4.15,4.18,351690
2018-11-15,4.13,4.18,4.09,4.09,294930
2018-11-16,4.09,4.21,4.09,4.2,142540
2018-11-19,4.25,4.27,4.2,4.26,129870
2018-11-20,4.25,4.27,4.2,4.25,90740
2018-11-21,4.18,4.24,4.18,4.22,83350
2018-11-22,4.22,4.26,4.22,4.23,291330
2018-11-23,4.23,4.25,4.04,4.04,256110
2018-11-26,4.04,4.09,4.04,4.07,159340
2018-11-27,4.09,4.09,4.0,4.0,278520
2018-11-28,3.99,4.04,3.84,3.98,151880
2018-11-29,4.02,4.02,3.84,3.84,451460
2018-11-30,3.84,3.89,3.71,3.89,537960
2018-12-03,4.08,4.16,4.02,4.16,783030
2018-12-04,4.2,4.34,4.2,4.25,947020
2018-12-05,4.12,4.24,4.11,4.22,283960
2018-12-06,4.15,4.24,4.15,4.22,420690
2018-12-07,4.19,4.33,4.19,4.28,804810
2018-12-10,4.29,4.29,4.2,4.2,466690
2018-12-11,4.15,4.19,4.1,4.19,444370
2018-12-12,4.19,4.25,4.14,4.25,441920
2018-12-13,4.25,4.26,4.2,4.23,336070
2018-12-14,4.22,4.22,4.15,4.18,168600
2018-12-17,4.18,4.18,4.07,4.13,216330
2018-12-18,3.97,4.09,3.97,4.09,298910
2018-12-19,4.09,4.09,3.98,4.09,94570
2018-12-20,3.96,4.07,3.96,4.04,115560
2018-12-21,3.98,4.04,3.96,4.04,138620
2018-12-24,3.96,4.04,3.95,4.04,199430
2018-12-25,3.99,3.99,3.84,3.99,205370
2018-12-26,3.99,3.99,3.91,3.98,153160
2018-12-27,3.99,4.07,3.99,4.06,267460
2018-12-28,4.06,4.07,3.85,4.05,299280
2019-01-02,4.04,4.05,3.9,3.9,37950
2019-01-03,3.9,3.98,3.71,3.71,323560
2019-01-04,3.71,3.71,3.49,3.61,67540
2019-01-07,3.61,3.74,3.61,3.61,76720
2019-01-08,3.61,3.67,3.59,3.61,79850
2019-01-09,3.61,3.69,3.61,3.61,302440
2019-01-10,3.63,3.67,3.58,3.58,113700
2019-01-11,3.58,3.65,3.56,3.57,303410
2019-01-14,3.58,3.62,3.54,3.54,245880
2019-01-15,3.53,3.58,3.53,3.58,237420
2019-01-16,3.58,3.62,3.51,3.51,84770
2019-01-17,3.51,3.52,3.38,3.38,226660
2019-01-18,3.38,3.42,3.35,3.35,196690
2019-01-21,3.35,3.36,3.31,3.33,133270
2019-01-22,3.31,3.35,3.28,3.29,251230
2019-01-23,3.31,3.32,3.28,3.29,203620
2019-01-24,3.29,3.32,3.28,3.28,173370
2019-01-25,3.28,3.3,3.26,3.28,260720
2019-01-28,3.28,3.3,3.26,3.27,305740
2019-01-29,3.27,3.28,3.24,3.25,199610
2019-01-30,3.26,3.26,3.2,3.22,307930
2019-01-31,3.15,3.22,3.11,3.13,501950
2019-02-01,2.92,3.17,2.92,3.07,312810
2019-02-11,3.11,3.15,3.11,3.15,163770
2019-02-12,3.15,3.37,3.15,3.37,420480
2019-02-13,3.47,3.6,3.45,3.6,1124020
2019-02-14,3.68,3.85,3.68,3.85,1921910
2019-02-15,3.8,3.94,3.79,3.9,1079820
2019-02-18,3.89,3.93,3.81,3.84,493470
2019-02-19,3.84,3.84,3.74,3.74,487310
2019-02-20,3.72,3.79,3.69,3.79,514040
2019-02-21,3.79,3.81,3.76,3.78,498740
2019-02-22,3.78,4.03,3.72,3.94,1179310
2019-02-25,4.04,4.07,3.97,3.99,1852910
2019-02-26,3.99,4.09,3.99,4.0,1097600
2019-02-27,4.01,4.07,3.99,4.0,1102310
2019-02-28,4.0,4.04,3.91,3.94,652800
2019-03-01,3.93,3.99,3.93,3.94,533120
2019-03-04,4.09,4.12,3.99,4.07,1333130
2019-03-05,4.15,4.2,4.07,4.07,1724800
2019-03-06,4.07,4.09,3.99,3.99,484710
2019-03-07,4.06,4.06,3.84,3.84,898500
2019-03-08,3.72,3.83,3.69,3.71,992340
2019-03-11,3.71,3.83,3.71,3.77,265270
2019-03-12,3.83,3.83,3.73,3.73,824150
2019-03-13,3.79,3.79,3.74,3.74,460020
2019-03-14,3.74,3.76,3.72,3.74,446490
2019-03-15,3.74,3.74,3.63,3.66,472200
2019-03-18,3.67,3.77,3.67,3.75,706390
2019-03-19,3.74,3.74,3.69,3.71,267110
2019-03-20,3.71,3.78,3.7,3.74,516770
2019-03-21,3.72,3.76,3.69,3.69,195100
2019-03-22,3.74,3.74,3.69,3.71,212390
2019-03-25,3.71,3.71,3.58,3.6,239350
2019-03-26,3.6,3.65,3.6,3.65,113130
2019-03-27,3.64,3.7,3.64,3.67,244870
2019-03-28,3.69,3.76,3.67,3.74,413200
2019-03-29,3.74,3.74,3.72,3.74,156910
2019-04-01,3.74,3.76,3.71,3.76,514230
2019-04-02,3.79,3.86,3.76,3.76,305310
2019-04-03,3.74,3.99,3.71,3.99,1839110
2019-04-04,4.12,4.15,4.04,4.07,1429770
2019-04-05,4.15,4.15,3.89,3.89,547430
2019-04-08,3.89,4.02,3.89,3.9,586590
2019-04-09,3.9,3.94,3.63,3.74,734210
2019-04-10,3.74,3.78,3.69,3.74,370010
2019-04-11,3.77,3.81,3.72,3.81,325450
2019-04-12,3.79,3.81,3.77,3.78,223530
2019-04-16,3.79,3.79,3.68,3.69,262400
2019-04-17,3.69,3.73,3.48,3.5,526890
2019-04-18,3.41,3.48,3.34,3.44,608190
2019-04-19,3.47,3.57,3.43,3.48,451080
2019-04-22,3.48,3.57,3.4,3.41,271260
2019-04-23,3.4,3.48,3.4,3.41,210160
2019-04-24,3.43,3.47,3.41,3.47,188420
2019-04-25,3.48,3.48,3.43,3.43,114510
2019-04-26,3.43,3.48,3.4,3.46,236240
2019-05-02,3.23,3.36,3.23,3.36,859760
2019-05-03,3.29,3.39,3.29,3.35,186840
2019-05-06,3.24,3.3,3.2,3.2,285450
2019-05-07,3.22,3.22,3.12,3.12,243720
2019-05-08,3.12,3.17,3.09,3.14,148080
2019-05-09,3.14,3.16,3.12,3.15,66970
2019-05-10,3.15,3.16,3.14,3.16,57500
2019-05-13,3.16,3.21,3.12,3.18,342020
2019-05-14,3.18,3.23,3.15,3.22,85460
2019-05-15,3.22,3.23,3.19,3.22,104080
2019-05-16,3.2,3.3,3.2,3.23,221310
2019-05-17,3.27,3.28,3.18,3.23,79350
2019-05-20,3.23,3.23,3.17,3.23,107110
2019-05-21,3.22,3.22,3.19,3.2,63120
2019-05-22,3.2,3.32,3.2,3.28,221500
2019-05-23,3.24,3.26,3.2,3.22,173260
2019-05-24,3.22,3.24,3.19,3.23,190510
2019-05-27,3.23,3.27,3.09,3.09,288600
2019-05-28,3.22,3.22,3.12,3.16,285680
2019-05-29,3.17,3.22,3.15,3.22,75640
2019-05-30,3.22,3.23,3.16,3.2,100610
2019-05-31,3.18,3.21,3.17,3.17,139520
2019-06-03,3.13,3.21,3.1,3.1,97250
2019-06-04,3.19,3.19,3.1,3.1,114780
2019-06-05,3.1,3.19,3.1,3.14,97560
2019-06-06,3.17,3.17,3.11,3.14,53930
2019-06-07,3.13,3.15,3.12,3.13,24140
2019-06-10,3.17,3.2,3.16,3.18,164680
2019-06-11,3.19,3.22,3.19,3.21,61760
2019-06-12,3.2,3.2,3.17,3.2,66320
2019-06-13,3.2,3.2,3.16,3.16,88700
2019-06-14,3.18,3.18,3.14,3.14,78880
2019-06-17,3.1,3.15,3.1,3.13,44790
2019-06-18,3.13,3.13,3.11,3.12,112140
2019-06-19,3.16,3.33,3.16,3.28,299810
2019-06-20,3.38,3.39,3.31,3.31,186970
2019-06-21,3.21,3.31,3.16,3.21,199800
2019-06-24,3.18,3.24,3.18,3.19,99520
2019-06-25,3.19,3.29,3.19,3.28,110880
2019-06-26,3.28,3.28,3.24,3.28,68780
2019-06-27,3.23,3.27,3.17,3.17,77090
2019-06-28,3.23,3.27,3.17,3.26,134630
2019-07-01,3.25,3.27,3.2,3.2,113290
2019-07-02,3.2,3.21,3.18,3.2,36580
2019-07-03,3.18,3.2,3.15,3.15,56840
2019-07-04,3.17,3.27,3.15,3.16,1057620
2019-07-05,3.2,3.2,3.16,3.2,618470
2019-07-08,3.32,3.33,3.2,3.2,1404650
2019-07-09,3.2,3.32,3.2,3.24,370840
2019-07-10,3.24,3.3,3.21,3.24,367820
2019-07-11,3.23,3.28,3.17,3.22,275570
2019-07-12,3.22,3.23,3.18,3.18,456250
2019-07-15,3.19,3.2,3.16,3.18,483530
2019-07-16,3.18,3.21,3.17,3.17,177240
2019-07-17,3.18,3.2,3.17,3.17,71750
2019-07-18,3.17,3.2,3.16,3.17,126230
2019-07-19,3.17,3.2,3.15,3.16,118130
2019-07-22,3.12,3.17,3.11,3.11,155070
2019-07-23,3.11,3.15,3.11,3.13,91890
2019-07-24,3.14,3.14,3.1,3.1,83440
2019-07-25,3.12,3.22,3.11,3.11,587990
2019-07-26,3.14,3.16,3.12,3.12,237600
2019-07-29,3.12,3.16,3.11,3.12,372580
2019-07-30,3.15,3.15,3.02,3.1,498050
2019-07-31,3.1,3.14,3.1,3.11,146350
2019-08-01,3.16,3.17,3.11,3.14,506750
2019-08-02,3.12,3.14,3.11,3.12,103290
2019-08-05,3.12,3.14,3.12,3.12,491370
2019-08-06,3.13,3.13,3.12,3.13,310520
2019-08-07,3.13,3.16,3.12,3.12,543850
2019-08-08,3.12,3.14,3.12,3.13,209200
2019-08-09,3.12,3.3,3.12,3.17,202010
2019-08-12,3.27,3.28,3.2,3.25,156440
2019-08-13,3.25,3.3,3.25,3.29,556020
2019-08-14,3.29,3.45,3.29,3.33,728260
2019-08-15,3.38,3.38,3.31,3.31,243550
2019-08-16,3.34,3.34,3.26,3.26,248030
2019-08-19,3.26,3.3,3.2,3.21,424850
2019-08-20,3.21,3.27,3.21,3.22,199230
2019-08-21,3.22,3.3,3.22,3.29,122370
2019-08-22,3.28,3.45,3.28,3.4,647920
2019-08-23,3.45,3.45,3.33,3.33,159600
2019-08-26,3.28,3.31,3.27,3.28,174480
2019-08-27,3.32,3.32,3.26,3.28,111440
2019-08-28,3.29,3.29,3.2,3.2,385000
2019-08-29,3.27,3.27,3.19,3.2,330230
2019-08-30,3.2,3.23,3.2,3.21,169970
2019-09-03,3.18,3.22,3.15,3.15,185390
2019-09-04,3.15,3.16,3.1,3.1,523670
2019-09-05,3.12,3.13,3.09,3.09,291190
2019-09-06,3.14,3.14,3.08,3.09,20420
2019-09-09,3.08,3.1,3.06,3.06,177170
2019-09-10,3.05,3.06,2.92,2.94,248250
2019-09-11,3.01,3.01,2.92,2.93,368680
2019-09-12,2.94,2.96,2.93,2.96,179530
2019-09-13,2.96,2.97,2.92,2.96,142380
2019-09-16,2.99,2.99,2.92,2.96,163190
2019-09-17,2.92,2.96,2.91,2.92,174360
2019-09-18,2.94,2.94,2.91,2.93,388000
2019-09-19,2.94,2.95,2.92,2.93,157410
2019-09-20,2.93,3.02,2.93,2.97,328310
2019-09-23,2.96,3.01,2.95,2.95,139230
2019-09-24,2.97,2.97,2.94,2.94,105440
2019-09-25,2.96,2.97,2.9,2.9,167040
2019-09-26,2.9,2.93,2.87,2.91,114520
2019-09-27,2.91,2.93,2.87,2.88,323330
2019-09-30,2.88,2.89,2.84,2.86,316610
2019-10-01,2.89,2.89,2.85,2.86,118710
2019-10-02,2.88,2.91,2.86,2.88,114680
2019-10-03,2.9,2.96,2.88,2.94,806390
2019-10-04,2.97,3.02,2.94,2.94,469550
2019-10-07,2.99,2.99,2.94,2.98,465810
2019-10-08,2.95,3.02,2.95,2.98,480750
2019-10-09,3.0,3.01,2.97,2.98,455420
2019-10-10,3.01,3.02,2.95,2.98,250590
2019-10-11,2.98,3.02,2.96,2.97,512230
2019-10-14,3.0,3.0,2.95,2.97,146520
2019-10-15,2.97,2.99,2.96,2.96,89340
2019-10-16,2.98,2.99,2.96,2.98,314610
2019-10-17,2.99,2.99,2.96,2.99,239660
2019-10-18,3.01,3.01,2.98,2.99,169490
2019-10-21,2.99,2.99,2.89,2.97,169080
2019-10-22,2.97,3.12,2.97,3.07,75860
2019-10-23,3.07,3.22,3.07,3.11,133100
2019-10-24,3.15,3.15,3.11,3.13,203480
2019-10-25,3.13,3.15,3.12,3.12,52180
2019-10-28,3.17,3.2,3.13,3.15,121270
2019-10-29,3.15,3.17,3.11,3.11,175570
2019-10-30,3.07,3.11,3.07,3.1,214580
2019-10-31,3.11,3.17,3.1,3.1,426780
2019-11-01,3.1,3.11,3.09,3.1,144460
2019-11-04,3.14,3.14,3.1,3.1,152110
2019-11-05,3.1,3.12,3.1,3.1,663900
2019-11-06,3.1,3.21,3.1,3.21,232240
2019-11-07,3.22,3.24,3.21,3.22,290250
2019-11-08,3.24,3.27,3.22,3.26,301810
2019-11-11,3.27,3.28,3.22,3.25,207080
2019-11-12,3.25,3.3,3.25,3.28,564750
2019-11-13,3.3,3.3,3.19,3.23,390340
2019-11-14,3.26,3.28,3.22,3.22,357960
2019-11-15,3.15,3.25,3.15,3.19,456080
2019-11-18,3.17,3.22,3.17,3.19,750110
2019-11-19,3.19,3.25,3.18,3.19,515620
2019-11-20,3.19,3.23,3.17,3.18,616140
2019-11-21,3.19,3.19,3.16,3.16,538880
2019-11-22,3.16,3.17,3.12,3.12,880130
2019-11-25,3.1,3.13,3.1,3.12,385200
2019-11-26,3.14,3.14,3.07,3.1,322410
2019-11-27,3.11,3.16,3.11,3.16,410430
2019-11-28,3.17,3.17,3.11,3.11,218000
2019-11-29,3.09,3.15,3.09,3.1,41930
2019-12-02,3.1,3.12,3.1,3.12,283230
2019-12-03,3.15,3.25,3.13,3.17,163290
2019-12-04,3.17,3.22,3.17,3.18,188750
2019-12-05,3.25,3.25,3.16,3.17,63350
2019-12-06,3.13,3.22,3.13,3.22,90950
2019-12-09,3.26,3.35,3.22,3.33,609750
2019-12-10,3.38,3.53,3.36,3.53,1100280
2019-12-11,3.56,3.61,3.55,3.58,1175720
2019-12-12,3.54,3.59,3.54,3.58,514610
2019-12-13,3.58,3.64,3.58,3.64,1215570
2019-12-16,3.64,3.64,3.57,3.58,1114270
2019-12-17,3.58,3.58,3.43,3.45,1464280
2019-12-18,3.35,3.53,3.35,3.45,747970
2019-12-19,3.45,3.5,3.43,3.47,328150
2019-12-20,3.47,3.58,3.47,3.48,478280
2019-12-23,3.45,3.53,3.41,3.41,1251510
2019-12-24,3.38,3.47,3.36,3.41,635300
2019-12-25,3.41,3.48,3.41,3.44,153550
2019-12-26,3.58,3.58,3.41,3.47,322910
2019-12-27,3.48,3.52,3.48,3.5,280070
2019-12-30,3.53,3.58,3.48,3.53,372220
2019-12-31,3.56,3.56,3.52,3.53,388650
2020-01-02,3.48,3.78,3.48,3.78,1041740
2020-01-03,3.86,3.95,3.86,3.88,853560
2020-01-06,3.88,3.99,3.79,3.96,480230
2020-01-07,3.96,3.98,3.92,3.96,1282040
2020-01-08,3.96,4.06,3.82,4.05,1105340
2020-01-09,4.09,4.32,4.09,4.32,1746260
2020-01-10,4.53,4.61,4.41,4.58,1194520
2020-01-13,4.61,4.63,4.4,4.48,1106160
2020-01-14,4.45,4.61,4.41,4.58,1210630
2020-01-15,4.58,4.86,4.58,4.86,1023240
2020-01-16,4.86,5.12,4.86,5.07,553840
2020-01-17,5.07,5.12,4.95,5.07,719550
2020-01-20,5.0,5.06,4.71,4.71,2003870
2020-01-21,4.39,4.71,4.39,4.71,702530
2020-01-22,4.61,4.86,4.61,4.86,433340
2020-01-30,4.76,5.02,4.52,4.52,814540
2020-01-31,4.36,4.49,4.27,4.27,903540
2020-02-03,3.97,4.25,3.97,4.05,783170
2020-02-04,4.19,4.19,3.98,4.04,531330
2020-02-05,4.09,4.2,3.99,3.99,307880
2020-02-06,4.04,4.22,4.01,4.18,398370
2020-02-07,4.18,4.24,4.08,4.11,224010
2020-02-10,4.09,4.21,4.04,4.17,608010
2020-02-11,4.17,4.3,4.11,4.11,204380
2020-02-12,4.11,4.23,4.11,4.17,228950
2020-02-13,4.22,4.22,4.11,4.18,166210
2020-02-14,4.13,4.21,4.13,4.18,115390
2020-02-17,4.18,4.25,4.12,4.16,335680
2020-02-18,4.12,4.19,4.12,4.16,823150
2020-02-19,4.16,4.25,4.16,4.16,321650
2020-02-20,4.2,4.44,4.16,4.44,1861430
2020-02-21,4.61,4.62,4.45,4.5,407130
2020-02-24,4.28,4.5,4.28,4.39,541490
2020-02-25,4.28,4.42,4.28,4.39,652980
2020-02-26,4.39,4.39,4.28,4.29,382700
2020-02-27,4.26,4.37,4.23,4.36,1207420
2020-02-28,4.36,4.36,4.23,4.24,520540
2020-03-02,4.23,4.27,4.19,4.24,731490
2020-03-03,4.24,4.32,4.24,4.24,732870
2020-03-04,4.22,4.25,4.21,4.21,881410
2020-03-05,4.22,4.27,4.22,4.22,658190
2020-03-06,4.22,4.22,4.15,4.15,520560
2020-03-09,3.86,3.92,3.86,3.86,643140
2020-03-10,3.59,3.84,3.59,3.78,499100
2020-03-11,3.78,3.81,3.53,3.56,621580
2020-03-12,3.33,3.4,3.32,3.32,758250
2020-03-13,3.09,3.31,3.09,3.16,2303650
2020-03-16,3.07,3.17,3.07,3.09,654660
2020-03-17,2.89,3.15,2.89,3.12,156870
2020-03-18,3.33,3.33,3.07,3.07,1867210
2020-03-19,3.07,3.07,3.04,3.07,441830
2020-03-20,3.02,3.07,2.86,2.86,2327870
2020-03-23,2.67,2.82,2.66,2.66,1150030
2020-03-24,2.47,2.51,2.47,2.47,1900300
2020-03-25,2.47,2.51,2.33,2.36,2140210
2020-03-26,2.43,2.53,2.4,2.51,1251510
2020-03-27,2.44,2.66,2.44,2.51,418220
2020-03-30,2.36,2.51,2.35,2.41,608850
2020-03-31,2.36,2.49,2.25,2.25,554980
2020-04-01,2.24,2.41,2.24,2.36,922390
2020-04-03,2.41,2.51,2.37,2.48,583700
2020-04-06,2.51,2.65,2.51,2.65,2229770
2020-04-07,2.66,2.76,2.63,2.63,539150
2020-04-08,2.63,2.65,2.53,2.64,956830
2020-04-09,2.62,2.76,2.62,2.7,545170
2020-04-10,2.74,2.74,2.56,2.66,498550
2020-04-13,2.57,2.71,2.57,2.66,444510
2020-04-14,2.69,2.85,2.63,2.82,1152790
2020-04-15,2.94,2.94,2.87,2.88,939290
2020-04-16,2.84,2.99,2.82,2.93,650390
2020-04-17,2.99,2.99,2.91,2.94,934470
2020-04-20,2.96,2.98,2.73,2.9,767020
2020-04-21,2.82,2.84,2.72,2.72,969690
2020-04-22,2.67,2.91,2.67,2.89,1320090
2020-04-23,3.09,3.09,2.96,2.98,769020
2020-04-24,3.07,3.19,2.99,3.19,3029250
2020-04-27,3.38,3.41,3.33,3.41,2943180
2020-04-28,3.48,3.48,3.28,3.38,1263790
2020-04-29,3.28,3.33,3.23,3.31,1757340
2020-05-04,3.31,3.4,3.28,3.35,2342780
2020-05-05,3.35,3.53,3.34,3.35,1226550
2020-05-06,3.35,3.41,3.34,3.4,1643470
2020-05-07,3.43,3.5,3.41,3.47,2035010
2020-05-08,3.48,3.5,3.41,3.41,2009290
2020-05-11,3.41,3.53,3.35,3.4,1376790
2020-05-12,3.4,3.52,3.34,3.51,3064490
2020-05-13,3.51,3.75,3.51,3.72,4270730
2020-05-14,3.72,3.84,3.66,3.71,1526070
2020-05-15,3.7,3.72,3.53,3.58,2391070
2020-05-18,3.6,3.78,3.51,3.72,2880380
2020-05-19,3.79,3.84,3.73,3.73,2703600
2020-05-20,3.73,3.74,3.58,3.67,1152930
2020-05-21,3.69,3.71,3.63,3.65,1728890
2020-05-22,3.76,3.82,3.71,3.81,5508610
2020-05-25,3.89,4.05,3.87,3.94,4025600
2020-05-26,4.04,4.04,3.92,3.96,2691160
2020-05-27,3.96,4.0,3.93,3.95,4445620
2020-05-28,3.94,4.0,3.94,3.95,2488300
2020-05-29,3.95,3.99,3.93,3.93,2704170
2020-06-01,3.94,4.08,3.94,4.07,3767720
2020-06-02,4.08,4.08,3.99,4.02,2787190
2020-06-03,4.02,4.03,3.95,4.01,2343030
2020-06-04,4.04,4.04,3.95,3.95,3221320
2020-06-05,3.94,4.17,3.92,4.11,4588170
2020-06-08,4.2,4.28,4.19,4.25,4261420
2020-06-09,4.3,4.35,4.19,4.3,3712540
2020-06-10,4.27,4.3,4.22,4.29,3624910
2020-06-11,4.28,4.41,4.15,4.15,4256720
2020-06-12,3.92,4.15,3.9,4.15,4074260
2020-06-15,4.2,4.2,3.94,3.94,2586870
2020-06-16,4.02,4.02,3.93,3.98,1624120
2020-06-17,3.94,4.09,3.94,3.98,1815950
2020-06-18,3.98,4.02,3.95,4.01,1236530
2020-06-19,4.13,4.13,4.04,4.09,1233770
2020-06-22,4.07,4.16,4.04,4.07,1850610
2020-06-23,4.09,4.09,3.98,3.99,2539350
2020-06-24,4.07,4.07,3.98,3.98,1441060
2020-06-25,3.94,4.09,3.88,4.05,2407590
2020-06-26,4.06,4.09,4.01,4.02,2072560
2020-06-29,3.95,3.97,3.79,3.88,1967940
2020-06-30,3.98,3.98,3.63,3.65,1677110
2020-07-01,3.61,3.74,3.61,3.71,1301810
2020-07-02,3.71,3.76,3.69,3.7,873690
2020-07-03,3.71,3.71,3.68,3.7,706740
2020-07-06,3.76,3.78,3.71,3.75,885210
2020-07-07,3.79,3.85,3.79,3.81,1840100
2020-07-08,3.81,3.82,3.76,3.76,839650
2020-07-09,3.76,3.81,3.76,3.76,918170
2020-07-10,3.76,3.78,3.71,3.72,929920
2020-07-13,3.72,3.77,3.72,3.75,438300
2020-07-14,3.76,3.76,3.71,3.72,507560
2020-07-15,3.72,3.76,3.71,3.71,797790
2020-07-16,3.74,3.74,3.69,3.69,615540
2020-07-17,3.69,3.71,3.67,3.69,672910
2020-07-20,3.69,3.71,3.64,3.64,1068300
2020-07-21,3.64,3.66,3.56,3.62,862870
2020-07-22,3.62,3.69,3.62,3.64,365490
2020-07-23,3.64,3.65,3.58,3.6,587850
2020-07-24,3.61,3.61,3.35,3.35,2646840
2020-07-27,3.13,3.25,3.12,3.12,2048490
2020-07-28,2.94,3.28,2.94,3.28,1156660
2020-07-29,3.25,3.25,3.13,3.19,848200
2020-07-30,3.19,3.28,3.19,3.22,380310
2020-07-31,3.11,3.21,3.11,3.17,355600
2020-08-03,3.17,3.35,3.17,3.33,1469150
2020-08-04,3.33,3.43,3.32,3.33,1086910
2020-08-05,3.33,3.52,3.33,3.52,1360210
2020-08-06,3.52,3.53,3.45,3.52,768060
2020-08-07,3.53,3.62,3.48,3.56,992710
2020-08-10,3.56,3.66,3.56,3.58,1045650
2020-08-11,3.58,3.63,3.41,3.48,1834810
2020-08-12,3.48,3.56,3.47,3.48,569230
2020-08-13,3.46,3.5,3.45,3.46,1008080
2020-08-14,3.46,3.48,3.4,3.41,752470
2020-08-17,3.47,3.48,3.41,3.48,391150
2020-08-18,3.45,3.57,3.45,3.54,2332070
2020-08-19,3.54,3.57,3.53,3.53,948650
2020-08-20,3.53,3.53,3.49,3.51,683760
2020-08-21,3.48,3.55,3.48,3.55,919020
2020-08-24,3.58,3.59,3.55,3.55,1812390
2020-08-25,3.58,3.59,3.54,3.55,1129410
2020-08-26,3.54,3.79,3.54,3.79,3382660
2020-08-27,3.79,3.79,3.74,3.76,1163990
2020-08-28,3.76,3.93,3.75,3.84,2029030
2020-08-31,3.84,3.91,3.81,3.82,1870220
2020-09-01,3.83,3.9,3.79,3.86,2120410
2020-09-03,3.89,3.92,3.79,3.84,2793140
2020-09-04,3.79,3.82,3.75,3.79,1330060
2020-09-07,3.79,4.01,3.79,3.86,3397840
2020-09-08,3.86,3.94,3.86,3.91,1461000
2020-09-09,3.89,4.0,3.84,3.99,1467400
2020-09-10,4.01,4.02,3.96,3.96,1472740
2020-09-11,3.95,4.0,3.91,3.92,1513770
2020-09-14,3.96,4.06,3.94,4.04,3268040
2020-09-15,4.09,4.14,4.04,4.06,2930630
2020-09-16,4.06,4.08,4.03,4.06,2299170
2020-09-17,4.07,4.16,4.02,4.07,3640570
2020-09-18,4.07,4.12,4.06,4.1,2404360
2020-09-21,4.14,4.2,4.1,4.1,2530260
2020-09-22,4.09,4.13,4.06,4.07,3082220
2020-09-23,4.07,4.12,4.06,4.09,1774000
2020-09-24,4.1,4.34,4.07,4.25,4716260
2020-09-25,4.32,4.33,4.2,4.29,3512610
2020-09-28,4.32,4.39,4.3,4.38,3178250
2020-09-29,4.4,4.41,4.26,4.27,4150540
2020-09-30,4.25,4.32,4.1,4.28,2721150
2020-10-01,4.32,4.33,4.28,4.28,2809520
2020-10-02,4.3,4.31,4.09,4.22,3115260
2020-10-05,4.22,4.3,4.22,4.23,2847370
2020-10-06,4.24,4.27,4.22,4.23,2341540
2020-10-07,4.22,4.41,4.22,4.31,4161530
2020-10-08,4.31,4.35,4.29,4.32,2321860
2020-10-09,4.35,4.5,4.25,4.43,3926980
2020-10-12,4.48,4.48,4.35,4.39,2602050
2020-10-13,4.39,4.39,4.36,4.38,1552650
2020-10-14,4.38,4.38,4.3,4.32,1970970
2020-10-15,4.35,4.4,4.32,4.33,1644980
2020-10-16,4.35,4.41,4.34,4.38,2127020
2020-10-19,4.4,4.44,4.38,4.43,2014720
2020-10-20,4.45,4.58,4.43,4.53,3531750
2020-10-21,4.59,4.59,4.43,4.44,2167430
2020-10-22,4.43,4.44,4.35,4.42,1236660
2020-10-23,4.43,4.52,4.42,4.45,2031120
2020-10-26,4.45,4.5,4.44,4.45,2799160
2020-10-27,4.5,4.59,4.5,4.52,4237000
2020-10-28,4.53,4.53,4.31,4.34,3405210
2020-10-29,4.3,4.35,4.09,4.25,2284110
2020-10-30,4.35,4.35,4.2,4.2,2483370
2020-11-02,4.2,4.32,4.2,4.31,973710
2020-11-03,4.35,4.39,4.3,4.31,1511550
2020-11-04,4.35,4.37,4.3,4.33,1217510
2020-11-05,4.33,4.35,4.25,4.27,1704760
2020-11-06,4.27,4.28,4.22,4.26,1642250
2020-11-09,4.27,4.42,4.27,4.41,2633220
2020-11-10,4.49,4.49,4.4,4.4,1411870
2020-11-11,4.4,4.71,4.39,4.71,8543420
2020-11-12,5.03,5.04,4.96,5.04,8470200
2020-11-13,5.09,5.27,5.07,5.12,3949220
2020-11-16,5.1,5.48,5.09,5.48,9978080
2020-11-17,5.6,5.83,5.6,5.83,8490020
2020-11-18,6.14,6.22,5.94,6.22,11281990
2020-11-19,6.12,6.58,5.89,6.24,6928070
2020-11-20,6.17,6.17,5.96,6.01,6539860
2020-11-23,5.78,6.27,5.78,6.04,7129120
2020-11-24,6.07,6.19,5.81,5.99,5825610
2020-11-25,6.04,6.07,5.81,5.81,4070050
2020-11-26,5.78,6.19,5.53,6.19,6692890
2020-11-27,6.5,6.5,6.22,6.24,6933330
2020-11-30,6.3,6.32,6.04,6.07,4112400
2020-12-01,5.89,6.22,5.86,6.19,4694430
2020-12-02,6.17,6.24,6.01,6.07,4233940
2020-12-03,6.14,6.37,6.01,6.32,5754720
2020-12-04,6.4,6.76,6.27,6.68,8000100
2020-12-07,6.73,7.14,6.7,7.14,7588870
2020-12-08,7.17,7.32,6.99,7.24,5468670
2020-12-09,7.22,7.58,7.11,7.29,6054700
2020-12-10,7.29,7.32,6.96,7.01,8950460
2020-12-11,7.09,7.37,6.99,7.37,5390450
2020-12-14,7.52,7.58,7.45,7.45,5801220
2020-12-15,7.37,7.47,7.24,7.37,5857300
2020-12-16,7.42,7.55,7.34,7.55,4975500
2020-12-17,7.68,7.93,7.52,7.68,5960140
2020-12-18,7.63,7.81,7.63,7.75,4982090
2020-12-21,7.96,7.99,7.65,7.78,5201300
2020-12-22,7.78,8.04,7.68,7.94,5956440
2020-12-23,8.17,8.35,7.88,7.99,5249610
2020-12-24,8.09,8.09,7.52,7.94,4837790
2020-12-25,7.88,7.96,7.62,7.91,5802680
2020-12-28,8.15,8.15,7.83,7.94,4883880
2020-12-29,7.94,7.99,7.86,7.86,3699890
2020-12-30,7.86,7.88,7.7,7.73,4140590
2020-12-31,7.78,7.83,7.65,7.83,2923370
2021-01-04,7.99,8.38,7.91,8.35,9107900
2021-01-05,8.35,8.54,8.22,8.35,4645700
2021-01-06,8.38,8.43,8.28,8.3,4072200
2021-01-07,8.25,8.46,8.15,8.35,4623000
2021-01-08,8.46,8.56,8.3,8.3,4336900
2021-01-11,8.35,8.35,8.2,8.28,3408700
2021-01-12,8.35,8.64,8.25,8.51,6859200
2021-01-13,8.59,8.59,8.38,8.41,3696600
2021-01-14,8.41,8.46,8.33,8.38,2299600
2021-01-15,8.46,8.59,8.43,8.46,4595800
2021-01-18,8.62,8.88,8.51,8.75,6303100
2021-01-19,8.82,8.88,8.15,8.25,5552300
2021-01-20,8.25,8.46,7.7,8.09,3334800
2021-01-21,8.41,8.56,8.15,8.51,4498700
2021-01-22,8.51,8.8,8.51,8.64,5204500
2021-01-25,8.64,9.24,8.62,9.19,8446400
2021-01-26,9.29,9.37,8.67,8.88,5505100
2021-01-27,8.62,8.96,8.35,8.43,5037200
2021-01-28,7.88,8.15,7.86,7.86,6069400
2021-01-29,7.36,8.38,7.34,8.09,5173300
2021-02-01,8.04,8.35,7.55,7.55,4931200
2021-02-02,7.31,7.62,7.23,7.55,5128300
2021-02-03,7.62,7.96,7.47,7.96,4919900
2021-02-04,7.99,8.17,7.81,7.99,3094500
2021-02-05,7.88,8.09,7.88,8.04,2636400
2021-02-08,7.96,8.04,7.49,7.62,3648300
2021-02-09,7.62,7.88,7.52,7.83,2110200
2021-02-17,7.94,8.3,7.94,8.3,2920800
2021-02-18,8.2,8.38,8.15,8.2,2454500
2021-02-19,8.04,8.59,8.04,8.46,5574400
2021-02-22,8.67,8.77,8.43,8.54,4249900
2021-02-23,8.59,8.69,8.51,8.62,3648800
2021-02-24,8.72,8.72,8.35,8.51,4413800
2021-02-25,8.56,8.64,8.49,8.62,4420900
2021-02-26,8.56,9.22,8.49,9.22,15659400
2021-03-01,9.84,9.84,9.61,9.84,8607800
2021-03-02,10.08,10.18,9.79,9.97,6850900
2021-03-03,9.82,10.65,9.74,10.57,10273100
2021-03-04,10.7,10.7,10.08,10.39,7677600
2021-03-05,10.23,10.65,10.13,10.57,5819300
2021-03-08,10.81,11.3,10.57,11.3,10842300
2021-03-09,11.3,11.85,11.02,11.23,7256700
2021-03-10,11.28,11.33,10.97,11.25,7158000
2021-03-11,11.23,11.51,11.12,11.49,6889300
2021-03-12,11.64,11.64,11.17,11.38,5330700
2021-03-15,11.38,11.38,11.17,11.3,4113500
2021-03-16,11.28,11.59,11.28,11.46,5306200
2021-03-17,11.46,11.59,11.38,11.49,3860900
2021-03-18,11.59,11.91,11.59,11.83,4619300
2021-03-19,11.75,12.19,11.75,12.09,3707100
2021-03-22,12.27,12.27,11.91,12.09,3493500
2021-03-23,11.96,12.19,11.38,11.77,6715300
2021-03-24,11.49,11.7,11.12,11.33,4523000
2021-03-25,11.38,11.49,11.17,11.33,2626700
2021-03-26,11.33,11.54,10.7,11.38,4083600
2021-03-29,11.51,11.75,11.41,11.75,3937900
2021-03-30,11.8,12.17,11.75,12.14,5030300
2021-03-31,12.35,12.74,12.22,12.48,6454200
2021-04-01,12.48,12.58,12.43,12.53,4011400
2021-04-02,12.64,12.69,12.43,12.43,3216500
2021-04-05,12.53,12.56,12.19,12.56,4817400
2021-04-06,12.56,12.56,12.24,12.38,3647500
2021-04-07,12.43,12.69,12.32,12.66,3768800
2021-04-08,12.79,12.85,12.58,12.71,2560800
2021-04-09,12.64,12.95,12.64,12.87,3485600
2021-04-12,13.0,13.0,12.85,12.98,4282700
2021-04-13,13.0,13.03,12.66,12.69,5190200
2021-04-14,12.53,12.95,12.51,12.9,4502200
2021-04-15,12.92,13.34,12.85,13.24,6184200
2021-04-16,13.47,13.55,13.0,13.32,4744300
2021-04-19,13.58,14.15,13.32,14.1,5681800
2021-04-20,14.54,14.62,13.89,14.05,9812400
2021-04-22,13.89,14.05,13.11,13.11,6626500
2021-04-23,13.05,13.58,12.53,13.5,3344600
2021-04-26,13.58,13.73,12.9,12.92,3515100
2021-04-27,12.85,13.42,12.43,13.18,3234000
2021-04-28,13.32,13.68,13.18,13.32,2482100
2021-04-29,13.52,13.73,13.39,13.58,3996900
2021-05-04,13.32,14.36,13.05,14.36,6780400
2021-05-05,14.59,14.8,14.36,14.41,5331800
2021-05-06,14.36,14.88,14.18,14.67,6640500
2021-05-07,14.44,15.69,14.44,15.67,8695300
2021-05-10,15.67,16.76,15.64,16.76,10358500
2021-05-11,17.15,17.15,16.34,16.45,9372100
2021-05-12,16.29,16.71,16.21,16.66,7206400
2021-05-13,16.71,16.97,16.5,16.6,5035700
2021-05-14,16.55,16.58,15.8,15.95,9015900
2021-05-17,15.46,15.93,15.35,15.8,6495900
2021-05-18,15.93,16.45,15.93,16.27,4450900
2021-05-19,16.27,16.66,16.27,16.37,5027400
2021-05-20,16.08,16.19,15.93,16.14,4736500
2021-05-21,15.82,16.14,15.72,15.93,3521900
2021-05-24,15.93,16.19,15.93,15.98,3219200
2021-05-25,15.98,16.71,15.93,16.58,6192300
2021-05-26,16.66,16.71,16.21,16.47,4142200
2021-05-27,16.42,16.76,16.24,16.34,4380800
2021-05-28,16.5,16.71,16.32,16.55,4302100
2021-05-31,17.15,17.23,16.71,17.21,5849800
2021-06-01,17.49,17.86,17.39,17.52,3507700
2021-06-02,17.23,17.86,16.89,17.6,4939500
2021-06-03,17.6,17.86,17.6,17.78,4057600
2021-06-04,18.01,18.28,17.86,18.25,3639800
2021-06-07,18.28,18.43,17.0,17.65,3782400
2021-06-08,17.18,17.62,16.42,16.42,5429200
2021-06-09,16.11,16.66,15.98,16.45,4052200
2021-06-10,16.45,16.66,15.67,15.72,3409300
2021-06-11,15.72,16.71,15.72,16.66,3081400
2021-06-14,16.97,17.18,16.66,17.0,3247900
2021-06-15,17.0,17.07,16.81,17.05,2533200
2021-06-16,17.02,17.1,16.19,16.55,2366600
2021-06-17,15.98,16.55,15.98,16.5,2020700
2021-06-18,16.97,17.49,16.63,17.36,4447700
2021-06-21,17.13,17.65,17.13,17.21,2713000
2021-06-22,17.34,17.49,16.76,16.76,2197700
2021-06-23,17.13,17.13,16.74,16.74,2801400
2021-06-24,16.97,17.02,16.66,16.74,3286800
2021-06-25,16.87,17.34,16.76,17.34,4242300
2021-06-28,17.96,18.54,17.81,18.54,10573500
2021-06-29,18.59,19.06,18.15,18.51,3468300
2021-06-30,18.59,18.69,18.38,18.54,2736100
2021-07-01,18.59,19.42,18.54,19.01,8134500
2021-07-02,19.22,19.22,18.9,19.19,4960200
2021-07-05,19.19,19.58,18.9,19.22,3689400
2021-07-06,19.22,19.56,17.88,17.88,7202000
2021-07-07,18.2,18.54,17.34,18.22,5182900
2021-07-08,18.43,18.43,17.49,17.96,3767300
2021-07-09,17.6,17.96,16.76,17.18,4829900
2021-07-12,16.66,16.66,15.98,15.98,5136200
2021-07-13,16.19,16.45,15.67,16.32,4030500
2021-07-14,17.39,17.39,16.45,16.81,9404400
2021-07-15,16.76,17.21,16.74,17.13,3461600
2021-07-16,17.23,17.39,17.07,17.13,2291100
2021-07-19,16.19,16.68,15.95,15.95,6039600
2021-07-20,15.98,16.89,15.61,16.6,6488000
2021-07-21,16.87,16.94,16.19,16.37,3616300
2021-07-22,16.34,16.81,16.14,16.71,3861200
2021-07-23,16.6,16.71,16.29,16.45,6524900
2021-07-26,16.14,16.4,15.64,16.0,5419200
2021-07-27,16.45,16.84,16.34,16.55,5101500
2021-07-28,16.6,16.84,16.47,16.71,3836300
2021-07-29,16.84,17.34,16.68,17.34,7744400
2021-07-30,17.49,17.75,17.44,17.6,6692600
2021-08-02,17.62,18.25,17.57,18.04,6551400
2021-08-03,18.04,18.25,17.7,18.07,7509500
2021-08-04,18.17,19.01,18.12,18.9,10982800
2021-08-05,18.88,19.74,18.85,19.74,8269600
2021-08-06,19.74,20.1,19.58,19.84,7467000
2021-08-09,19.82,20.68,19.63,20.68,9402200
2021-08-10,21.1,21.12,20.42,20.81,8217500
2021-08-11,20.83,21.36,20.55,20.65,6819500
2021-08-12,20.36,20.73,20.1,20.1,9355000
2021-08-13,19.95,20.55,19.71,20.55,8269100
2021-08-16,20.99,21.1,20.5,20.63,6420800
2021-08-17,20.63,21.67,20.42,21.67,14266900
2021-08-18,21.67,22.45,21.51,21.93,8021500
2021-08-19,22.09,22.17,21.72,21.88,5042800
2021-08-20,21.7,21.72,20.42,20.65,13850500
2021-08-23,20.68,21.93,20.68,20.68,7165600
2021-08-24,21.02,21.24,20.68,20.99,5964900
2021-08-25,21.31,22.43,20.93,22.43,11048000
2021-08-26,22.87,23.28,22.4,22.62,8885500
2021-08-27,22.25,23.03,22.25,22.84,6446100
2021-08-30,23.06,23.94,23.0,23.94,9892300
2021-08-31,24.19,24.6,23.81,24.09,10667400
2021-09-01,24.19,24.85,24.13,24.72,10105200
2021-09-06,25.07,26.32,24.81,26.07,8724800
2021-09-07,26.32,26.32,25.38,25.44,11497600
2021-09-08,25.38,26.16,25.07,26.07,9407100
2021-09-09,26.29,26.51,25.85,26.1,6099700
2021-09-10,26.01,26.13,25.54,25.94,5127100
2021-09-13,25.88,25.91,25.25,25.47,8665200
2021-09-14,25.32,26.13,25.25,25.69,6578000
2021-09-15,25.69,27.48,25.47,27.48,12829800
2021-09-16,27.76,28.01,26.98,27.35,6976200
2021-09-17,27.35,29.01,27.32,28.26,8814500
2021-09-20,27.95,28.32,27.2,27.29,11461000
2021-09-21,26.69,28.51,26.69,28.51,9157400
2021-09-22,28.82,29.11,28.26,28.7,4374500
2021-09-23,28.64,29.36,27.95,28.2,7934300
2021-09-24,28.04,28.14,27.45,27.82,7410000
2021-09-27,27.63,28.26,26.32,26.32,8849700
2021-09-28,26.32,27.7,25.82,27.51,7467900
2021-09-29,27.29,27.7,27.07,27.54,5441800
2021-09-30,27.63,28.17,27.51,27.73,5894600
2021-10-01,27.32,28.07,27.26,28.07,9945400
2021-10-04,28.51,29.98,28.51,29.95,11199500
2021-10-05,30.08,30.2,29.64,29.7,6893000
2021-10-06,29.95,30.45,29.83,30.27,6933200
2021-10-07,30.45,30.52,30.02,30.23,5843800
2021-10-08,30.14,30.52,29.89,30.23,7027400
2021-10-11,30.39,31.02,30.02,30.58,7090600
2021-10-12,30.58,30.77,30.33,30.58,7339200
2021-10-13,30.58,30.83,30.27,30.42,5116000
2021-10-14,30.45,31.17,30.39,30.89,6869600
2021-10-15,31.14,32.58,31.08,32.52,9566300
2021-10-18,32.84,34.15,32.52,33.09,10450700
2021-10-19,33.15,33.65,32.52,33.34,5913300
2021-10-20,33.46,34.9,33.09,34.9,7352200
2021-10-21,35.03,35.15,34.34,35.03,6882300
2021-10-22,35.09,35.34,34.46,34.72,5689200
2021-10-25,34.46,34.72,32.71,32.71,15480900
2021-10-26,32.58,34.46,31.96,34.46,10137700
2021-10-27,34.65,35.09,34.03,34.59,5539500
2021-10-28,34.46,35.4,34.15,34.84,6005100
2021-10-29,34.46,34.78,33.52,34.09,19314300
2021-11-01,33.84,33.96,33.02,33.4,13646000
2021-11-02,33.09,34.28,32.96,33.21,10912800
2021-11-03,33.21,33.59,31.64,31.64,18305400
2021-11-04,31.64,32.58,30.7,32.08,12190200
2021-11-05,32.52,32.77,31.46,32.27,8049000
2021-11-08,32.33,32.71,31.9,32.08,6413600
2021-11-09,32.08,32.46,31.71,31.77,6757800
2021-11-10,31.71,31.71,30.7,30.7,13520200
2021-11-11,30.45,30.67,29.45,29.67,12136300
2021-11-12,29.67,31.3,29.67,31.24,8649900
2021-11-15,30.7,30.96,30.14,30.3,6481400
2021-11-16,30.08,30.64,29.8,29.83,5213000
2021-11-17,29.45,30.08,28.82,29.01,9511300
2021-11-18,28.76,28.82,27.26,27.57,12180000
2021-11-19,27.07,27.51,26.07,26.32,9791600
2021-11-22,26.32,27.13,26.32,26.63,4716300
2021-11-23,26.63,27.38,26.63,27.04,4411100
2021-11-24,27.07,27.07,25.69,25.69,9503400
2021-11-25,25.63,26.57,25.63,26.44,6609200
2021-11-26,26.76,27.51,26.6,27.2,7456700
2021-11-29,26.44,27.13,26.44,26.63,4290900
2021-11-30,26.94,27.57,26.48,26.94,7571900
2021-12-01,26.94,27.51,26.94,27.13,3978900
2021-12-02,27.32,27.38,26.82,26.94,3708200
2021-12-03,27.01,27.13,25.82,25.82,5780300
2021-12-06,25.57,25.88,24.03,24.03,8154900
2021-12-07,24.13,24.63,23.37,24.38,5870300
2021-12-08,24.81,24.81,23.66,23.75,4089400
2021-12-09,23.56,24.31,23.25,23.81,3332700
2021-12-10,24.03,24.03,23.22,23.22,3901000
2021-12-13,23.31,23.75,23.06,23.75,5341100
2021-12-14,23.87,25.41,23.75,25.41,9419700
2021-12-15,25.69,26.22,25.5,25.5,4708700
2021-12-16,25.5,25.75,25.03,25.19,4434200
2021-12-17,25.07,25.07,24.25,24.44,6479100
2021-12-20,24.31,24.81,23.84,24.47,3261300
2021-12-21,24.5,24.56,23.75,23.75,3572400
2021-12-22,23.94,24.25,23.06,23.12,4619700
2021-12-23,23.12,23.19,21.52,22.31,7582800
2021-12-24,22.87,23.5,22.56,23.4,3024500
2021-12-27,23.69,23.75,22.87,23.06,1638700
2021-12-28,22.93,23.56,22.62,23.31,3880200
2021-12-29,23.31,24.66,23.0,24.19,4599700
2021-12-30,24.31,24.44,23.59,23.81,1847100
2021-12-31,23.97,24.69,23.72,24.28,4459200
2022-01-04,24.31,24.66,24.19,24.22,3326500
2022-01-05,24.28,24.6,24.16,24.16,4039400
2022-01-06,23.94,24.0,22.93,23.19,5610200
2022-01-07,22.93,23.53,22.93,23.0,2874800
2022-01-10,23.06,23.62,22.81,22.81,4296500
2022-01-11,22.87,23.28,22.15,22.68,3341300
2022-01-12,22.72,23.25,22.5,23.22,2976000
2022-01-13,23.37,24.47,22.93,23.75,5844000
2022-01-14,23.69,24.19,23.37,23.37,2176900
2022-01-17,23.37,23.75,22.12,22.12,4729800
2022-01-18,21.93,22.31,20.58,20.87,5692600
2022-01-19,20.68,21.24,20.11,20.87,4014900
2022-01-20,21.31,21.31,20.74,21.18,1880700
2022-01-21,20.99,20.99,20.43,20.43,3316300
2022-01-24,20.37,20.43,19.02,19.02,6170000
2022-01-25,19.02,19.74,19.02,19.58,2995300
2022-01-26,19.8,20.18,19.61,19.61,2487400
2022-01-27,19.61,19.86,19.27,19.61,1917100
2022-01-28,19.93,19.93,19.33,19.68,1582200
2022-02-07,20.02,20.84,19.83,20.55,3248100
2022-02-08,20.55,21.96,20.43,21.96,6296800
2022-02-09,22.56,23.5,22.25,23.5,5706700
2022-02-10,23.81,24.69,23.56,23.97,7698800
2022-02-11,23.72,25.07,23.72,24.56,8880100
2022-02-14,24.16,25.54,24.16,24.94,8288500
2022-02-15,24.88,25.19,24.13,24.75,6479200
2022-02-16,24.25,25.0,24.19,24.75,6350800
2022-02-17,24.81,25.32,24.56,24.94,6473600
2022-02-18,24.75,26.26,24.69,25.94,9950300
2022-02-21,26.19,26.57,25.57,25.57,7652000
2022-02-22,25.07,25.44,24.66,25.25,9440900
2022-02-23,25.25,26.01,25.1,25.75,9624000
2022-02-24,25.75,26.19,24.31,25.25,9894900
2022-02-25,25.69,25.88,25.25,25.88,8425600
2022-02-28,26.32,27.67,26.26,27.67,19784100
2022-03-01,29.14,29.58,28.23,28.35,15741900
2022-03-02,28.35,29.39,28.29,29.39,11865600
2022-03-03,29.89,31.21,29.51,31.21,15172700
2022-03-04,31.33,31.46,30.39,30.55,9679300
2022-03-07,31.02,32.65,30.8,31.58,14265700
2022-03-08,31.02,31.83,30.7,30.77,15014900
2022-03-09,31.27,32.21,30.7,32.08,14722700
2022-03-10,31.96,32.84,30.7,32.08,9277300
2022-03-11,32.15,32.52,30.77,31.3,13283900
2022-03-14,31.33,32.46,29.26,29.26,15768800
2022-03-15,28.76,29.58,27.67,29.14,15948800
2022-03-16,29.61,29.73,29.11,29.2,5180600
2022-03-17,29.39,29.58,27.88,28.35,12281200
2022-03-18,28.48,29.45,27.95,28.95,7909200
2022-03-21,29.95,30.02,29.45,29.64,6961100
2022-03-22,29.64,30.92,29.14,30.92,10459900
2022-03-23,31.33,31.33,30.58,30.58,8393700
2022-03-24,30.77,31.14,30.58,30.64,6588500
2022-03-25,30.58,31.58,30.17,31.3,13833000
2022-03-28,31.33,32.58,30.7,32.46,17740200
2022-03-29,32.9,32.9,31.64,31.96,9835800
2022-03-30,31.64,32.27,30.49,30.83,14542000
2022-03-31,30.92,31.21,28.76,29.55,17218100
2022-04-01,28.95,30.36,28.86,30.08,7374300
2022-04-04,30.08,30.33,29.61,29.76,4664100
2022-04-05,29.89,30.3,29.2,29.42,5920600
2022-04-06,29.14,30.2,29.14,29.76,5944600
2022-04-07,29.98,29.98,28.98,29.11,4256500
2022-04-08,29.14,29.23,27.88,28.14,6273100
2022-04-12,28.2,28.45,26.19,26.19,7553900
2022-04-13,26.22,26.57,25.19,26.57,6540300
2022-04-14,26.94,27.7,26.44,27.26,5050800
2022-04-15,27.26,27.57,26.94,27.01,2924000
2022-04-18,26.94,26.94,25.19,25.57,5271100
2022-04-19,25.97,26.29,23.78,23.78,5098100
2022-04-20,23.81,24.56,23.5,23.81,5635600
2022-04-21,23.56,24.28,23.15,24.06,4161400
2022-04-22,24.44,24.72,22.56,23.69,5725900
2022-04-25,23.69,23.91,22.06,22.06,5912700
2022-04-26,20.68,22.06,20.58,22.06,5775300
2022-04-27,22.06,22.78,21.62,22.75,4601800
2022-04-28,22.87,23.31,22.75,22.87,4142500
2022-04-29,22.81,23.5,22.56,23.4,3541800
2022-05-04,23.06,23.19,21.96,22.31,5243000
2022-05-05,22.72,22.72,21.09,21.87,4083500
2022-05-06,20.71,23.12,20.71,21.62,5606200
2022-05-09,21.05,21.52,20.11,20.11,4337700
2022-05-10,18.83,20.11,18.83,20.11,4767100
2022-05-11,20.18,20.33,19.46,19.96,4272300
2022-05-12,19.71,19.9,18.58,18.58,4798500
2022-05-13,17.73,18.58,17.29,17.29,5551500
2022-05-16,17.29,17.92,16.1,16.1,5495000
2022-05-17,15.67,17.2,15.35,17.2,7772900
2022-05-18,18.11,18.39,17.58,18.17,6711500
2022-05-19,17.67,18.27,17.67,17.98,3794900
2022-05-20,17.86,18.67,17.86,18.61,6530600
2022-05-23,18.67,19.21,18.36,18.8,7472200
2022-05-24,18.92,19.08,17.48,17.76,9478000
2022-05-25,17.61,18.8,17.17,18.64,9677700
2022-05-26,18.8,19.24,18.7,18.86,4913300
2022-05-27,18.8,20.05,18.52,19.46,12035200
2022-05-30,19.61,19.61,19.27,19.43,5618900
2022-05-31,19.43,19.43,18.67,18.77,7640400
2022-06-01,18.77,18.8,17.86,18.05,10560600
2022-06-02,18.05,18.49,17.86,18.05,5760500
2022-06-03,18.66,18.85,18.35,18.54,5558000
2022-06-06,18.54,18.73,17.53,17.68,5012500
2022-06-07,17.33,17.53,16.51,16.67,5919700
2022-06-08,17.22,17.37,16.67,17.37,5746200
2022-06-09,17.53,18.58,17.37,18.58,13549900
2022-06-10,18.7,19.36,18.35,18.38,10220200
2022-06-13,17.61,17.92,17.1,17.1,8158500
2022-06-14,16.36,16.94,15.93,16.13,9665400
2022-06-15,15.74,16.36,15.03,15.03,9926400
2022-06-16,15.54,15.66,14.96,15.0,5895600
2022-06-17,14.18,14.33,13.98,13.98,6268900
2022-06-20,13.48,14.26,13.01,13.01,10097800
2022-06-21,12.31,13.24,12.15,12.19,7053800
2022-06-22,12.58,13.01,12.27,12.85,7632600
2022-06-23,12.89,13.09,12.62,13.05,2851900
2022-06-24,13.13,13.94,13.09,13.48,7838600
2022-06-27,13.55,14.33,13.17,14.33,8143900
2022-06-28,14.33,14.65,13.98,14.18,5288800
2022-06-29,13.87,14.96,13.87,14.76,9017100
2022-06-30,14.76,15.15,13.87,13.87,8252200
2022-07-01,13.87,14.57,13.32,14.57,6898300
2022-07-04,14.8,14.88,14.41,14.57,6406400
2022-07-05,14.45,15.15,14.41,14.57,12392900
2022-07-06,14.33,15.0,14.1,14.41,9761600
2022-07-07,14.57,14.68,13.98,14.33,4851000
2022-07-08,14.49,15.0,14.45,14.8,8998800
2022-07-11,14.65,15.0,14.29,14.65,6821400
2022-07-12,14.65,15.42,14.41,15.03,8622700
2022-07-13,15.03,15.54,14.92,15.11,10562600
2022-07-14,14.96,15.27,14.72,15.19,6932800
2022-07-15,15.35,16.05,15.31,15.5,13350200
2022-07-18,15.66,15.66,14.88,15.03,8208200
2022-07-19,14.88,14.96,14.53,14.57,7474400
2022-07-20,14.72,15.23,14.65,15.0,11248100
2022-07-21,15.03,15.42,15.03,15.15,6938400
2022-07-22,15.07,15.27,14.96,15.0,6988700
2022-07-25,14.8,14.88,14.41,14.41,7419900
2022-07-26,14.29,14.57,13.63,13.63,11830500
2022-07-27,13.32,13.59,13.28,13.48,6790600
2022-07-28,13.79,14.02,13.67,13.79,4790700
2022-07-29,14.02,14.14,13.87,13.87,5574800
2022-08-01,13.87,14.8,13.87,14.8,15790500
2022-08-02,14.88,15.23,14.84,15.07,8945700
2022-08-03,14.88,16.13,14.8,16.13,20931500
2022-08-04,16.24,16.63,16.05,16.13,14041800
2022-08-05,15.89,16.4,15.81,16.24,8937900
2022-08-08,16.32,16.9,16.2,16.9,17054800
2022-08-09,17.14,17.22,16.79,16.98,11425600
2022-08-10,16.9,17.14,16.48,16.75,12138100
2022-08-11,16.94,16.98,16.01,16.05,16850600
2022-08-12,16.05,17.14,16.01,16.94,14262000
2022-08-15,16.98,17.25,16.83,16.94,10084900
2022-08-16,16.94,17.76,16.83,17.29,19474800
2022-08-17,17.29,17.41,16.83,16.94,14182100
2022-08-18,16.9,17.22,16.83,16.98,8381500
2022-08-19,16.98,17.14,16.55,16.63,12753400
2022-08-22,16.51,17.06,16.36,16.75,8847600
2022-08-23,16.67,17.18,16.63,17.18,8909100
2022-08-24,17.33,17.37,17.02,17.1,11309400
2022-08-25,17.25,17.76,17.1,17.53,16966700
2022-08-26,17.57,17.61,17.02,17.1,10000000
2022-08-29,16.36,16.75,16.09,16.67,14238400
2022-08-30,16.79,16.98,16.4,16.4,8095400
2022-08-31,16.05,16.83,16.05,16.51,6160900
2022-09-05,16.79,17.64,16.75,17.64,27827700
2022-09-06,18.07,18.07,17.53,17.57,14903400
2022-09-07,17.8,18.07,17.41,17.57,29128300
2022-09-08,17.84,17.88,16.98,16.98,13231800
2022-09-09,17.22,17.92,16.36,17.92,16171800
2022-09-12,18.15,18.58,17.92,18.15,17988201
2022-09-13,18.15,18.31,17.72,18.23,13340400
2022-09-14,17.92,18.5,17.76,18.42,17735400
2022-09-15,18.58,18.66,18.07,18.07,10486600
2022-09-16,17.92,17.99,17.22,17.29,15910700
2022-09-19,17.29,17.41,16.09,16.09,21124000
2022-09-20,16.28,16.44,15.58,16.16,9262900
2022-09-21,16.05,16.59,15.89,16.24,6707000
2022-09-22,15.97,16.79,15.97,16.75,8522300
2022-09-23,16.71,16.94,16.44,16.48,8403100
2022-09-26,15.97,16.28,15.35,15.54,13453700
2022-09-27,15.7,15.77,15.03,15.03,6680700
2022-09-28,14.84,15.35,14.65,14.8,9347448
2022-09-29,15.27,15.27,14.26,14.26,6507495
2022-09-30,14.18,14.41,13.28,14.26,8764857
2022-10-03,14.26,14.26,13.28,13.28,7264404
2022-10-04,13.52,13.59,12.93,12.93,7779400
2022-10-05,13.32,13.63,13.09,13.55,3631784
2022-10-06,13.63,13.63,12.62,12.62,8059823
2022-10-07,11.92,12.31,11.76,11.76,8174364
2022-10-10,11.49,12.58,11.37,12.58,8788916
2022-10-11,12.62,13.05,12.23,12.58,8437873
2022-10-12,12.74,13.44,12.74,13.4,7163215
2022-10-13,13.24,13.59,13.17,13.48,5171398
2022-10-14,13.71,13.79,13.4,13.52,6159316
2022-10-17,13.24,13.63,13.05,13.63,5471370
2022-10-18,13.87,13.94,13.48,13.67,5893903
2022-10-19,13.59,13.63,13.24,13.24,3944467
2022-10-20,13.24,13.52,13.09,13.24,4863947
2022-10-21,13.32,13.32,12.35,12.35,9342953
2022-10-24,12.19,12.35,11.49,11.49,6965750
2022-10-25,11.3,12.27,10.91,11.84,8404193
2022-10-26,12.07,12.07,11.33,11.49,2998743
2022-10-27,11.49,12.23,11.33,12.15,8060267
2022-10-28,12.39,12.39,11.33,11.33,11813858
2022-10-31,10.56,10.87,10.56,10.56,10702278
2022-11-01,10.79,10.98,9.97,10.05,11650513
2022-11-02,10.05,10.48,10.05,10.48,6242517
2022-11-03,10.32,10.44,9.97,10.05,4036143
2022-11-04,9.97,10.05,9.35,9.35,8164501
2022-11-07,9.04,9.35,8.72,8.72,7312707
2022-11-08,8.14,8.41,8.14,8.14,7010109
2022-11-09,8.14,8.34,7.57,7.57,8389488
2022-11-10,7.17,7.4,7.04,7.04,4194426
2022-11-11,6.63,7.05,6.55,6.55,10958056
2022-11-14,6.13,6.36,6.1,6.19,9055413
2022-11-15,6.01,6.37,5.76,5.76,7997078
2022-11-16,5.44,6.16,5.37,6.16,8097303
2022-11-17,6.57,6.59,6.39,6.59,3722492
2022-11-18,6.85,7.05,6.54,7.05,17251007
2022-11-21,7.11,7.53,7.09,7.53,7182758
2022-11-22,7.52,7.91,7.09,7.17,12635194
2022-11-23,7.09,7.32,6.78,6.78,6961027
2022-11-24,6.62,7.24,6.56,7.24,6609807
2022-11-25,7.39,7.71,7.28,7.71,6656888
2022-11-28,8.02,8.22,7.87,8.22,12162043
2022-11-29,8.34,8.72,7.91,8.45,12839105
2022-11-30,8.49,8.76,8.22,8.57,10022649
2022-12-01,8.8,9.15,8.72,9.15,27615293
2022-12-02,9.11,9.78,9.08,9.78,12680814
2022-12-05,10.36,10.44,9.97,10.44,13867687
2022-12-06,10.36,10.4,9.74,9.74,22939011
2022-12-07,9.31,9.66,9.08,9.27,14653707
2022-12-08,9.43,9.89,9.39,9.89,12384282
2022-12-09,9.97,10.48,9.62,10.36,11989968
2022-12-12,10.52,10.75,9.66,9.7,12496404
2022-12-13,9.7,10.13,9.31,10.13,9150637
2022-12-14,10.36,10.52,10.05,10.13,10368612
2022-12-15,9.97,10.44,9.97,10.28,11706250
2022-12-16,10.13,10.98,10.13,10.98,15193865
2022-12-19,11.3,11.72,10.98,10.98,20970241
2022-12-20,10.98,11.61,10.4,11.41,25885766
2022-12-21,11.61,11.65,10.63,10.75,13404749
2022-12-22,10.91,11.02,10.05,10.36,10902017
2022-12-23,10.32,10.36,9.66,9.66,12513678
2022-12-26,9.39,9.62,9.0,9.0,12088077
2022-12-27,8.96,9.62,8.8,9.62,9209759
2022-12-28,9.82,9.93,9.62,9.62,5819368
2022-12-29,9.62,9.82,9.35,9.54,5597038
2022-12-30,9.7,9.74,9.43,9.54,3899206
2023-01-03,9.62,10.2,9.62,10.2,8705400
2023-01-04,10.59,10.75,10.32,10.4,7896053
2023-01-05,10.48,10.87,10.2,10.79,9744336
2023-01-06,10.75,10.87,10.2,10.32,8652296
2023-01-09,10.63,10.63,10.2,10.2,7655040
2023-01-10,10.2,10.67,9.82,10.52,9015247
2023-01-11,10.67,11.22,10.59,10.83,13433886
2023-01-12,10.91,11.14,10.75,11.02,6482365
2023-01-13,11.26,11.45,10.83,10.94,7795121
2023-01-16,11.02,11.45,10.87,11.3,9385628
2023-01-17,11.49,12.07,11.37,12.07,16069245
2023-01-18,12.23,12.31,11.92,12.04,8393850
2023-01-19,11.96,12.19,11.76,12.07,11761685
2023-01-27,12.07,12.46,11.72,12.27,13393382
2023-01-30,12.35,12.78,12.0,12.27,12153534
2023-01-31,12.15,12.39,12.04,12.39,9627931
2023-02-01,12.43,12.7,11.53,11.53,26776029
2023-02-02,11.53,11.65,10.94,10.98,11993582
2023-02-03,11.06,11.33,10.67,10.98,8195058
2023-02-06,10.91,11.06,10.67,10.98,6133429
2023-02-07,10.98,11.22,10.24,10.24,13332525
2023-02-08,10.44,10.94,10.01,10.91,11113734
2023-02-09,10.91,11.06,10.63,10.63,4431115
2023-02-10,10.63,10.83,10.36,10.52,6516627
2023-02-13,10.4,10.67,10.05,10.52,7335133
2023-02-14,10.63,10.94,10.59,10.75,6113737
2023-02-15,10.75,11.26,10.67,10.98,9537012
2023-02-16,11.14,11.72,10.98,11.72,13955423
2023-02-17,11.76,11.96,11.61,11.84,10865698
2023-02-20,11.96,12.31,11.92,12.27,13923893
2023-02-21,12.39,12.43,11.92,11.92,13898556
2023-02-22,11.61,12.46,11.61,11.8,20544408
2023-02-23,11.72,12.15,11.3,12.15,13392289
2023-02-24,12.23,12.27,11.61,11.68,7626643
2023-02-27,11.53,11.53,11.06,11.06,10331886
2023-02-28,11.3,11.41,10.87,11.02,6483441
2023-03-01,11.02,11.76,10.87,11.76,8216739
2023-03-02,11.92,12.23,11.76,11.96,10090509
2023-03-03,12.07,12.58,11.96,11.96,18755802
2023-03-06,12.31,12.46,11.68,12.07,8151620
2023-03-07,12.15,12.89,12.07,12.85,24606368
2023-03-08,12.74,13.01,12.66,13.01,13327699
2023-03-09,13.09,13.32,12.97,12.97,14456097
2023-03-10,12.78,13.01,12.54,13.01,14943181
2023-03-13,12.85,13.09,12.62,12.78,8544803
2023-03-14,12.78,12.78,11.96,12.04,21206162
2023-03-15,12.43,12.74,12.31,12.74,8921494
2023-03-16,12.43,12.66,12.19,12.27,9033780
2023-03-17,12.46,12.54,12.15,12.23,6587783
2023-03-20,12.15,12.39,11.76,11.8,9607842
2023-03-21,11.96,12.31,11.68,12.31,8652340
2023-03-22,12.43,12.43,12.15,12.15,4704851
2023-03-23,12.0,12.46,11.96,12.39,7344413
2023-03-24,12.5,12.62,12.27,12.39,7872473
2023-03-27,12.39,12.78,12.27,12.7,9865360
2023-03-28,12.85,12.85,12.5,12.5,8423133
2023-03-29,12.5,12.93,12.5,12.78,9104500
2023-03-30,12.85,12.97,12.23,12.23,26109949
2023-03-31,12.15,12.39,11.68,12.0,20452552
2023-04-03,12.04,12.19,11.76,11.8,14411894
2023-04-04,11.72,12.04,11.72,11.92,7834872
2023-04-05,11.92,12.07,11.84,12.04,9156549
2023-04-06,12.07,12.15,11.8,11.8,13644034
2023-04-07,11.76,11.88,11.45,11.53,12318737
2023-04-10,11.41,11.65,11.22,11.26,12805370
2023-04-11,11.22,11.61,11.22,11.61,5873111
2023-04-12,11.61,11.68,11.45,11.45,4073331
2023-04-13,11.49,11.53,11.3,11.37,3997485
2023-04-14,11.49,11.65,11.37,11.41,6846766
2023-04-17,11.37,11.61,11.37,11.53,2531760
2023-04-18,11.61,11.68,11.53,11.61,3261140
2023-04-19,11.61,11.68,11.41,11.41,3685230
2023-04-20,11.41,11.45,11.3,11.41,3067469
2023-04-21,11.37,11.37,10.94,11.02,7165266
2023-04-24,11.02,11.06,10.75,10.79,5181835
2023-04-25,10.91,11.3,10.83,10.98,3830558
2023-04-26,10.98,11.53,10.91,11.53,5073145
2023-04-27,11.53,11.57,11.3,11.3,2544593
2023-04-28,11.3,11.41,11.26,11.33,3120362
2023-05-04,11.3,11.45,11.14,11.22,3347615
2023-05-05,11.22,11.49,11.14,11.3,3183765
2023-05-08,11.45,11.45,11.3,11.3,2758932
2023-05-09,11.45,11.76,11.37,11.72,11876180
2023-05-10,11.72,11.84,11.65,11.8,4726400
2023-05-11,11.84,12.07,11.72,11.84,8511361
2023-05-12,11.84,12.15,11.84,12.0,7825040
2023-05-15,12.15,12.15,11.68,11.68,8947264
2023-05-16,11.68,11.8,11.45,11.53,5606827
2023-05-17,11.53,11.61,11.3,11.3,7630525
2023-05-18,11.33,11.41,11.22,11.33,5894886
2023-05-19,11.33,11.49,11.3,11.37,3723049
2023-05-22,11.37,11.92,11.37,11.88,8646033
2023-05-23,11.92,12.0,11.68,11.76,5207823
2023-05-24,11.84,11.84,11.53,11.53,6698719
2023-05-25,11.45,11.65,11.37,11.57,4057004
2023-05-26,11.61,11.61,11.37,11.45,4748450
2023-05-29,11.53,11.84,11.41,11.8,6983816
2023-05-30,11.88,12.15,11.8,12.07,16871999
2023-05-31,12.15,12.31,12.0,12.07,12531044
2023-06-01,12.07,12.11,11.72,11.96,9528504
2023-06-02,12.07,12.54,11.96,12.35,15210714
2023-06-05,12.7,12.97,12.46,12.66,13973325
2023-06-06,12.62,12.89,12.5,12.78,10302178
2023-06-07,13.05,13.36,12.97,13.01,13092168
2023-06-08,13.01,13.13,12.7,12.7,16299100
2023-06-09,12.78,13.01,12.58,13.01,10675468
2023-06-12,13.05,13.09,12.54,12.85,10794560
2023-06-13,12.93,13.71,12.78,13.59,21313540
2023-06-14,13.63,13.63,13.28,13.32,8969733
2023-06-15,13.32,13.36,12.97,13.05,13481872
2023-06-16,13.17,13.4,12.97,13.09,15751564
2023-06-19,13.09,13.09,12.78,12.78,7319609
2023-06-20,12.78,13.2,12.78,13.2,5814767
2023-06-21,13.17,13.83,13.13,13.79,17541352
2023-06-22,13.87,13.94,13.71,13.79,11373466
2023-06-23,13.87,14.22,13.79,14.18,16009390
2023-06-26,14.18,14.33,13.63,14.1,12455374
2023-06-27,14.22,14.22,13.83,14.06,7501176
2023-06-28,14.06,14.29,14.02,14.14,10930130
2023-06-29,14.14,14.18,13.44,13.44,14873182
2023-06-30,13.36,13.52,13.32,13.44,5681145
2023-07-03,13.55,13.55,13.4,13.4,4939687
2023-07-04,13.44,13.63,13.28,13.63,10701598
2023-07-05,13.75,14.1,13.59,13.79,18046291
2023-07-06,13.79,13.94,13.4,13.63,8694796
2023-07-07,13.55,14.37,13.4,14.33,15397963
2023-07-10,14.45,14.72,14.33,14.65,11243665
2023-07-11,14.61,14.76,14.45,14.53,11053945
2023-07-12,14.61,14.65,14.22,14.49,8859932
2023-07-13,14.72,14.76,14.49,14.53,5106437
2023-07-14,14.68,15.07,14.57,15.07,14635831
2023-07-17,15.23,15.42,15.03,15.15,6971673
2023-07-18,15.11,15.11,14.84,14.88,8958997
2023-07-19,14.96,15.03,14.72,14.84,10624466
2023-07-20,14.8,15.03,14.65,14.96,8886488
2023-07-21,15.03,15.42,14.96,15.35,8242357
2023-07-24,15.39,15.5,15.15,15.27,7557987
2023-07-25,15.27,15.39,15.11,15.27,7863205
2023-07-26,15.27,15.66,15.19,15.31,8406131
2023-07-27,15.31,15.42,14.96,15.31,7429319
2023-07-28,15.39,15.7,15.19,15.42,8540690
2023-07-31,15.77,15.77,15.03,15.35,10699118
2023-08-01,15.35,15.35,14.84,14.84,12106712
2023-08-02,14.8,15.11,14.65,14.96,6248188
2023-08-03,14.96,14.96,14.53,14.68,12376389
2023-08-04,14.68,15.0,14.65,15.0,6239956
2023-08-07,15.11,15.15,14.88,15.0,7524929
2023-08-08,15.07,15.23,14.96,15.0,9896659
2023-08-09,15.0,15.27,14.76,15.23,10502240
2023-08-10,15.27,15.27,14.8,14.8,5533177
2023-08-11,14.88,15.35,14.53,15.19,10060905
2023-08-14,15.35,15.97,15.27,15.81,17784755
2023-08-15,15.89,15.97,15.58,15.89,7739542
2023-08-16,15.89,15.89,15.58,15.81,6034365
2023-08-17,15.89,16.09,15.58,15.58,15880088
2023-08-18,15.39,15.46,14.49,14.49,15993299
2023-08-21,14.33,14.49,13.79,13.79,10046410
2023-08-22,13.87,14.1,13.17,13.94,9768402
2023-08-23,14.18,14.18,13.94,13.94,4140627
2023-08-24,13.94,14.33,13.83,14.33,5748964
2023-08-25,14.33,14.37,14.06,14.1,6895590
2023-08-28,14.18,14.49,14.14,14.49,6380954
2023-08-29,14.57,14.61,14.26,14.33,5198020
2023-08-30,14.33,14.72,14.26,14.65,7168204
2023-08-31,14.8,15.19,14.8,15.03,10374938
2023-09-05,15.27,15.5,15.11,15.42,12003077
2023-09-06,15.5,16.48,15.23,16.48,21036777
2023-09-07,16.63,16.71,16.2,16.28,12063110
2023-09-08,16.28,17.1,16.13,17.02,16084137
2023-09-11,17.14,17.14,16.36,16.36,15855347
2023-09-12,16.36,16.98,16.16,16.94,12521666
2023-09-13,17.02,17.76,16.55,17.18,16990037
2023-09-14,17.18,17.22,16.36,16.59,11957636
2023-09-15,16.63,17.14,16.28,16.75,10242124
2023-09-18,16.75,17.29,16.67,16.79,11570530
2023-09-19,17.02,17.68,16.36,17.68,14734908
2023-09-20,17.68,17.88,17.53,17.8,8013790
2023-09-21,17.8,18.42,17.45,17.45,17775409
2023-09-22,16.75,17.02,16.24,16.24,27475802
2023-09-25,15.85,16.36,15.11,15.11,13538608
2023-09-26,14.65,15.5,14.65,14.68,9389820
2023-09-27,14.8,15.39,14.49,15.39,6864256
2023-09-28,15.5,15.54,14.88,15.5,6798983
2023-09-29,15.66,15.77,15.27,15.39,4914066
2023-10-02,15.39,15.7,15.23,15.5,4305090
2023-10-03,15.19,15.23,14.45,14.45,11667316
2023-10-04,13.87,15.11,13.87,14.96,7729121
2023-10-05,15.07,15.15,14.45,14.49,5597418
2023-10-06,14.49,14.92,14.26,14.92,5014083
2023-10-09,15.03,15.54,14.84,15.54,9838324
2023-10-10,15.74,15.85,15.54,15.54,7602282
2023-10-11,15.54,15.97,15.46,15.97,7165309
2023-10-12,16.05,16.24,15.66,15.81,7098089
2023-10-13,15.54,16.01,15.42,16.01,7249057
2023-10-16,16.05,16.2,15.5,15.5,8196977
2023-10-17,15.66,15.77,14.49,14.49,7378554
2023-10-18,14.8,14.8,13.48,14.06,12442406
2023-10-19,13.87,14.22,13.44,13.91,5346289
2023-10-20,13.87,14.41,13.63,14.33,6101152
2023-10-23,14.41,14.57,14.06,14.41,5459967
2023-10-24,14.45,14.53,14.14,14.53,4316981
2023-10-25,14.57,15.03,14.37,14.49,5019352
2023-10-26,14.1,14.49,13.48,13.48,10712458
2023-10-27,13.75,14.06,13.36,14.02,4834395
2023-10-30,14.02,14.57,13.98,14.02,7304088
2023-10-31,14.02,14.22,13.55,13.63,6816186
2023-11-01,13.71,13.94,13.44,13.94,5634562
2023-11-02,14.14,14.92,14.1,14.88,10480838
2023-11-03,14.88,15.15,14.61,15.0,9847222
2023-11-06,15.0,15.19,14.92,15.19,7828574
2023-11-07,15.07,15.35,14.84,15.03,7858887
2023-11-08,15.03,16.09,15.0,16.09,15432731
2023-11-09,16.36,16.75,16.13,16.16,14867962
2023-11-10,15.97,16.71,15.93,15.97,15285804
2023-11-13,16.05,16.94,15.97,16.75,19796067
2023-11-14,17.06,17.06,16.44,16.83,13701330
2023-11-15,17.57,17.57,16.59,16.71,17057284
2023-11-16,16.59,16.83,16.44,16.83,9148263
2023-11-17,16.9,17.33,16.63,17.02,21627111
2023-11-20,16.63,17.37,16.63,17.29,13306486
2023-11-21,17.61,18.11,17.29,17.29,17538273
2023-11-22,17.29,17.68,17.1,17.68,11802021
2023-11-23,17.84,17.92,16.48,16.48,17644437
2023-11-24,16.63,17.22,16.2,17.22,17663175
2023-11-27,17.22,17.49,16.94,16.98,8935197
2023-11-28,17.02,17.76,16.87,17.76,17321942
2023-11-29,17.76,18.23,17.61,17.84,16689380
2023-11-30,17.88,18.27,17.68,17.92,12678374
2023-12-01,18.11,18.11,17.29,17.84,15839294
2023-12-04,18.19,18.85,17.88,18.58,14435663
2023-12-05,18.66,18.66,18.19,18.35,10473065
2023-12-06,18.31,18.54,18.03,18.46,12301371
2023-12-07,18.62,18.66,17.61,18.15,15723611
2023-12-08,18.31,19.01,18.07,18.15,13080558
2023-12-11,18.15,18.31,17.8,18.11,7118000
2023-12-12,18.27,18.54,18.15,18.19,6619734
2023-12-13,18.31,18.42,17.68,17.68,10491248
2023-12-14,17.99,18.03,17.61,17.76,7708927
2023-12-15,17.72,18.19,17.64,18.11,7262342
2023-12-18,18.15,18.23,17.72,17.72,5218721
2023-12-19,17.76,18.7,17.72,18.7,11206427
2023-12-20,18.62,18.77,18.5,18.7,6521912
2023-12-21,18.54,19.2,18.46,18.93,12577231
2023-12-22,19.05,19.28,18.7,18.93,7398893
2023-12-25,18.97,19.48,18.77,18.77,11260372
2023-12-26,18.85,19.01,18.62,18.85,9485879
2023-12-27,19.05,19.12,18.77,18.77,6716839
2023-12-28,18.77,19.28,18.73,19.12,9247966
2023-12-29,19.16,19.2,19.05,19.2,5498054
2024-01-02,19.24,19.32,18.5,18.5,10523466
2024-01-03,18.5,18.85,18.38,18.85,6130308
2024-01-04,18.85,19.05,18.54,18.77,9050047
2024-01-05,18.62,18.85,18.54,18.77,7601550
2024-01-08,18.81,19.01,18.58,18.58,8020770
2024-01-09,18.66,18.66,18.11,18.38,12466020
2024-01-10,18.27,18.38,17.88,17.99,11130612
2024-01-11,18.11,18.31,18.11,18.31,5287320
2024-01-12,18.03,18.54,17.99,18.19,7294724
2024-01-15,18.38,18.42,17.92,18.15,3851255
2024-01-16,18.07,19.4,18.07,19.4,20219159
2024-01-17,19.55,19.63,19.16,19.36,12455657
2024-01-18,19.44,19.86,19.24,19.63,11294199
2024-01-19,19.63,19.75,19.32,19.44,6872941
2024-01-22,19.59,20.1,19.48,19.63,13045560
2024-01-23,19.71,19.71,19.4,19.55,5242486
2024-01-24,19.51,19.67,19.36,19.36,5562337
2024-01-25,19.36,19.83,19.16,19.63,6992804
2024-01-26,19.71,19.83,19.55,19.79,4773859
2024-01-29,19.79,19.86,19.28,19.28,9138181
2024-01-30,19.24,19.51,19.09,19.48,6775908
2024-01-31,19.36,19.36,18.85,18.85,19549175
2024-02-01,18.81,18.97,18.62,18.7,8918493
2024-02-02,18.54,19.09,18.54,18.89,7905002
2024-02-05,18.97,19.24,18.89,18.93,10437405
2024-02-06,19.01,19.16,18.89,18.89,6218513
2024-02-07,19.01,19.09,18.89,18.97,4392860
2024-02-15,19.24,19.55,19.09,19.28,8191622
2024-02-16,19.28,19.4,19.12,19.16,5651064
2024-02-19,19.24,19.48,18.81,19.05,11087788
2024-02-20,19.12,19.12,18.89,18.93,6171216
2024-02-21,19.05,19.05,18.7,18.73,8482957
2024-02-22,18.73,18.85,18.54,18.54,7751525
2024-02-23,18.58,18.77,18.19,18.19,10103830
2024-02-26,18.19,18.58,18.11,18.46,7557606
2024-02-27,18.58,19.12,18.54,18.77,11221564
2024-02-28,18.77,18.93,18.62,18.81,6537275
2024-02-29,18.89,18.89,18.54,18.66,8668906
2024-03-01,18.7,18.85,18.54,18.81,5940036
2024-03-04,19.01,19.44,18.93,19.05,16305689
2024-03-05,19.09,19.4,18.93,19.2,11435523
2024-03-06,19.2,19.28,18.85,19.16,8106858
2024-03-07,19.16,19.28,18.93,19.12,7819988
2024-03-08,19.24,19.24,18.66,18.66,13919952
2024-03-11,18.66,18.66,18.27,18.38,6991645
2024-03-12,18.38,18.5,18.31,18.31,6015813
2024-03-13,18.31,19.01,18.27,18.85,10828913
2024-03-14,18.93,18.97,18.62,18.73,6976092
2024-03-15,18.7,19.24,18.5,19.05,10666917
2024-03-18,19.2,19.24,17.84,18.46,10743712
2024-03-19,18.66,19.75,18.42,19.63,29224858
2024-03-20,19.63,19.63,19.32,19.59,7796806
2024-03-21,19.75,20.37,19.55,19.75,16721173
2024-03-22,19.94,20.18,19.36,19.86,17507970
2024-03-25,19.94,20.49,19.55,19.71,11826392
2024-03-26,19.71,20.25,19.48,20.25,7788601
2024-03-27,20.6,20.84,20.18,20.25,11729135
2024-03-28,20.33,20.41,20.06,20.33,6877964
2024-03-29,20.29,20.33,19.94,19.98,6195973
2024-04-01,19.9,20.06,19.71,20.06,7179492
2024-04-02,19.86,20.41,19.63,20.37,10511377
2024-04-03,20.45,20.45,19.86,19.86,8562525
2024-04-04,19.75,19.94,19.59,19.59,6781913
2024-04-05,19.32,19.59,19.05,19.05,10303410
2024-04-08,19.09,19.48,18.97,19.16,4891421
2024-04-09,19.16,19.55,19.16,19.55,3881869
2024-04-10,19.63,19.63,19.32,19.32,3048395
2024-04-11,19.01,20.22,19.01,20.06,9936531
2024-04-12,20.18,20.22,19.94,20.14,6563591
2024-04-15,20.02,20.53,18.73,18.73,19274338
2024-04-16,18.73,18.89,17.84,18.42,10340963
2024-04-17,18.54,18.77,17.92,17.92,8459511
2024-04-19,17.53,18.07,17.1,17.1,12117231
2024-04-22,17.53,17.84,17.33,17.8,5581367
2024-04-23,17.84,17.84,16.59,16.59,8109409
2024-04-24,16.94,17.53,16.87,17.41,6443785
2024-04-25,17.41,17.45,16.98,17.14,4573183
2024-04-26,16.98,17.45,16.79,17.06,4580073
2024-05-02,17.29,17.76,17.02,17.68,4195549
2024-05-03,17.76,18.07,17.61,17.76,5926629
2024-05-06,18.07,18.5,17.88,18.23,7372768
2024-05-07,18.23,18.54,18.07,18.35,6173048
2024-05-08,18.31,18.81,17.88,18.5,8652108
2024-05-09,18.7,18.73,18.35,18.5,4591925
2024-05-10,18.62,18.62,18.19,18.62,4560814
2024-05-13,18.7,19.09,18.54,18.7,7365778
2024-05-14,18.77,18.93,18.62,18.73,3518716
2024-05-15,18.73,19.24,18.73,19.09,7609799
2024-05-16,19.32,19.44,19.01,19.12,5056535
2024-05-17,19.16,19.32,18.85,19.32,6192679
2024-05-20,19.63,20.02,19.4,19.63,11399474
2024-05-21,19.51,19.59,19.24,19.48,7035287
2024-05-22,19.55,19.75,19.12,19.4,8620246
2024-05-23,19.32,19.94,19.24,19.94,8426043
2024-05-24,19.94,20.1,18.81,19.32,12117311
2024-05-27,19.16,19.4,19.16,19.4,4306909
2024-05-28,19.67,19.67,19.36,19.51,4432313
2024-05-29,19.67,19.94,19.28,19.28,8006366
2024-05-30,19.01,19.2,18.81,18.97,6992127
2024-05-31,19.09,19.24,18.93,19.01,4893788
2024-06-03,19.28,19.48,19.12,19.36,4358599
2024-06-04,19.48,20.41,19.44,19.86,15697872
2024-06-05,20.02,20.22,19.75,19.86,6110507
2024-06-06,19.94,20.45,19.79,20.02,7366808
2024-06-07,20.02,20.18,19.71,20.02,5025670
2024-06-10,20.1,20.64,19.83,20.64,9625614
2024-06-11,20.8,21.11,20.41,20.68,11202158
2024-06-12,20.64,20.8,20.37,20.68,7473046
2024-06-13,20.72,20.88,20.57,20.72,4414877
2024-06-14,20.8,21.15,20.02,20.02,9942378
2024-06-17,20.02,21.19,19.83,20.88,15859043
2024-06-18,20.88,21.03,20.72,20.72,3687635
2024-06-19,20.72,20.99,20.53,20.64,5468986
2024-06-20,20.64,20.68,19.98,20.33,10313865
2024-06-21,20.33,20.53,19.79,19.79,9262839
2024-06-24,19.48,19.79,18.85,18.85,13105527
2024-06-25,18.93,19.63,18.89,19.24,5718346
2024-06-26,19.24,19.55,18.81,19.4,4359222
2024-06-27,19.48,19.48,19.01,19.2,2754818
2024-06-28,19.09,19.24,18.31,18.35,7179728
2024-07-01,18.38,18.77,18.35,18.66,3308275
2024-07-02,18.7,19.32,18.7,19.32,4674211
2024-07-03,19.36,19.55,19.32,19.32,3179211
2024-07-04,19.4,19.55,19.09,19.32,3077246
2024-07-05,19.36,19.4,19.01,19.12,3233954
2024-07-08,19.28,19.75,19.16,19.67,5831175
2024-07-09,19.86,19.94,19.55,19.79,4790484
2024-07-10,20.02,20.29,19.71,19.75,6955979
2024-07-11,19.86,19.94,19.48,19.48,4529490
2024-07-12,19.51,20.14,19.24,20.02,7814551
2024-07-15,20.18,20.18,19.71,20.02,2559506
2024-07-16,19.9,20.1,19.63,19.79,3744166
2024-07-17,19.79,19.86,18.62,19.32,7250316
2024-07-18,19.32,19.63,18.85,19.63,4778394
2024-07-19,19.48,19.51,18.93,18.93,4214499
2024-07-22,18.93,18.93,17.92,18.35,7216011
2024-07-23,18.35,18.54,17.92,17.92,4312355
2024-07-24,17.84,18.31,17.41,18.23,3897448
2024-07-25,18.03,18.23,17.68,18.07,2464410
2024-07-26,18.27,18.27,17.99,18.19,1535775
2024-07-29,18.38,18.66,18.31,18.38,3791468
2024-07-30,18.66,18.66,18.03,18.31,3536070
2024-07-31,18.46,18.46,17.25,17.61,6506575
2024-08-01,17.64,17.68,16.4,16.51,9745379
2024-08-02,16.36,17.25,16.28,16.98,4249329
2024-08-05,16.36,16.75,15.81,15.81,9069716
2024-08-06,16.13,16.32,15.81,16.16,3478995
2024-08-07,16.16,16.28,15.89,16.24,2488524
2024-08-08,15.97,16.44,15.74,16.2,3109396
2024-08-09,16.28,16.55,16.2,16.55,2954417
2024-08-12,16.48,16.67,16.2,16.51,1859804
2024-08-13,16.51,16.51,16.05,16.2,3053196
2024-08-14,16.32,16.4,15.89,15.89,3280414
2024-08-15,15.97,15.97,15.46,15.46,4983096
2024-08-16,15.5,16.32,15.42,16.09,6579005
2024-08-19,16.2,16.9,16.16,16.48,6232487
2024-08-20,16.48,16.87,16.36,16.71,6475205
2024-08-21,16.98,17.22,16.79,16.98,5303314
2024-08-22,17.1,17.1,16.63,16.75,5398343
2024-08-23,16.67,17.25,16.44,17.25,7391682
2024-08-26,17.68,17.68,16.98,17.06,5725307
2024-08-27,17.14,17.14,16.79,16.98,3642566
2024-08-28,16.98,17.49,16.9,17.22,7634071
2024-08-29,17.18,17.45,17.1,17.22,2380625
2024-08-30,17.14,17.25,16.98,16.98,3553610
2024-09-04,16.59,16.87,16.59,16.63,4440984
2024-09-05,16.75,16.75,16.09,16.13,6498397
2024-09-06,16.13,16.28,15.93,16.24,3925029
2024-09-09,16.4,16.9,16.4,16.67,4381232
2024-09-10,16.75,16.83,16.32,16.4,2302025
2024-09-11,16.51,16.75,16.2,16.67,4060661
2024-09-12,16.75,16.83,16.4,16.51,2591566
2024-09-13,16.59,16.59,16.36,16.36,2335210
2024-09-16,16.2,16.67,16.05,16.05,2955991
2024-09-17,16.05,16.44,16.05,16.44,3916584
2024-09-18,16.51,16.59,16.36,16.51,2744193
2024-09-19,16.67,16.98,16.59,16.75,5981586
2024-09-20,16.94,17.06,16.67,16.71,5534689
2024-09-23,16.71,16.87,16.51,16.55,2746281
2024-09-24,16.55,16.67,16.44,16.44,3965765
2024-09-25,16.75,17.02,16.67,16.9,9752662
2024-09-26,16.98,17.1,16.75,16.98,6054930
2024-09-27,17.02,17.25,16.87,17.02,6735120
2024-09-30,17.18,17.45,17.06,17.22,7498000
2024-10-01,17.53,17.61,17.22,17.22,10817297
2024-10-02,17.18,17.41,17.1,17.22,4955942
2024-10-03,17.41,17.41,16.75,16.83,7146386
2024-10-04,16.98,17.06,16.79,16.9,4993146
2024-10-07,16.98,17.06,16.83,16.94,2276652
2024-10-08,16.94,17.29,16.75,17.18,5916981
2024-10-09,17.29,17.45,17.18,17.18,3676595
2024-10-10,17.33,17.37,16.9,16.9,5098074
2024-10-11,16.9,17.02,16.83,16.9,1963213
2024-10-14,16.94,17.06,16.87,16.87,2825355
2024-10-15,17.06,17.06,16.75,16.75,3225159
2024-10-16,16.75,16.87,16.4,16.4,2962887
2024-10-17,16.48,16.51,16.01,16.51,4827918
2024-10-18,16.59,16.75,16.28,16.28,3330841
2024-10-21,16.28,16.36,15.97,15.97,4165279
2024-10-22,15.97,16.2,15.74,15.89,3498986
2024-10-23,15.89,16.13,15.81,15.93,3533708
2024-10-24,16.01,16.16,15.89,15.93,2727701
2024-10-25,15.97,16.13,15.93,15.93,2055295
2024-10-28,16.05,16.44,16.05,16.13,3234082
2024-10-29,16.24,16.24,16.09,16.16,1287310
2024-10-30,16.24,16.24,16.01,16.09,1648770
2024-10-31,16.09,16.16,16.01,16.09,2933797
2024-11-01,16.09,16.44,16.05,16.32,4350251
2024-11-04,16.24,16.32,16.09,16.13,2259802
2024-11-05,16.13,16.4,16.13,16.28,2559884
2024-11-06,16.36,16.67,16.32,16.63,4467822
2024-11-07,16.79,16.83,16.51,16.51,2670042
2024-11-08,16.59,16.83,16.4,16.71,4857642
2024-11-11,16.75,16.94,16.44,16.83,6636832
2024-11-12,16.9,16.98,16.51,16.55,3763251
2024-11-13,16.44,16.48,15.93,16.16,6277186
2024-11-14,16.24,16.24,15.27,15.46,6656080
2024-11-15,15.42,15.46,14.84,14.88,7391894
2024-11-18,14.88,15.07,14.88,14.92,3451874
2024-11-19,14.96,15.15,14.72,14.72,2440639
2024-11-20,14.72,15.19,14.65,14.88,3100466
2024-11-21,14.88,15.07,14.88,15.03,1430857
2024-11-22,15.03,15.19,15.03,15.07,1751011
2024-11-25,15.11,15.15,15.0,15.07,1491510
2024-11-26,15.07,15.27,15.03,15.15,2425148
2024-11-27,15.19,15.23,15.03,15.19,1562025
2024-11-28,15.19,15.39,15.11,15.11,1715678
2024-11-29,15.11,15.15,14.88,15.11,1719112
2024-12-02,15.19,15.31,15.07,15.11,1787934
2024-12-03,15.11,15.11,14.96,14.96,1887353
2024-12-04,14.96,15.0,14.57,14.57,4990991
2024-12-05,14.61,15.19,13.87,15.03,9932227
2024-12-06,15.11,15.15,14.76,14.8,3902947
2024-12-09,14.96,15.35,14.92,15.31,6571366
2024-12-10,15.35,15.62,15.27,15.31,5370565
2024-12-11,15.46,15.46,15.07,15.19,3222523
2024-12-12,15.19,15.27,15.07,15.11,4222855
2024-12-13,15.11,15.11,14.8,14.8,4529226
2024-12-16,14.8,14.84,14.53,14.57,5612981
2024-12-17,14.49,14.53,14.18,14.26,7212606
2024-12-18,14.26,14.49,14.14,14.41,9031386
2024-12-19,14.85,14.95,14.65,14.75,8733613
2024-12-20,14.95,14.95,14.7,14.75,1883318
2024-12-23,14.8,14.95,14.7,14.7,1839769
2024-12-24,14.75,14.85,14.35,14.8,3568249
2024-12-25,14.8,15.1,14.6,14.95,5230134
2024-12-26,14.95,15.0,14.75,14.75,1814843
2024-12-27,14.7,14.8,14.6,14.6,2616679
2024-12-30,14.6,14.75,14.5,14.65,1344780
2024-12-31,14.65,14.65,14.45,14.45,2352753
2025-01-02,14.55,14.65,14.5,14.65,1538700
2025-01-03,14.55,14.6,14.35,14.35,2202300
2025-01-06,14.4,14.4,13.9,13.9,3172100
2025-01-07,14.0,14.1,13.45,13.55,2679200
2025-01-08,13.45,13.95,13.45,13.8,3011800
2025-01-09,13.8,13.9,13.55,13.75,1449400
2025-01-10,13.6,13.8,13.45,13.6,2050300
2025-01-13,13.3,13.65,13.3,13.55,2175100
2025-01-14,13.55,13.65,13.25,13.25,1757600
2025-01-15,13.25,14.05,13.25,13.9,4689100
2025-01-16,14.0,14.0,13.75,13.9,1820400
2025-01-17,13.95,14.0,13.75,13.95,2574300
2025-01-20,13.95,14.0,13.7,13.7,2993300
2025-01-21,13.7,13.8,13.45,13.5,3175200
2025-01-22,13.55,13.55,13.3,13.3,2918400
2025-01-23,13.4,13.6,13.25,13.5,4432400
2025-01-24,13.5,13.55,13.3,13.3,4337600
2025-02-03,13.4,13.8,13.3,13.6,3807700
2025-02-04,13.8,14.35,13.6,14.25,9942000
2025-02-05,14.25,14.25,14.05,14.2,4270600
2025-02-06,14.25,14.25,14.05,14.15,3541700
2025-02-07,14.1,14.3,14.0,14.0,3939900
2025-02-10,13.85,13.85,13.4,13.5,10231800
2025-02-11,13.3,13.8,13.3,13.65,5952900
2025-02-12,13.65,13.75,13.45,13.45,2120600
2025-02-13,13.45,13.55,13.4,13.5,2812000
2025-02-14,13.55,13.85,13.5,13.7,4977700
2025-02-17,13.8,13.8,13.6,13.7,3394700
2025-02-18,13.7,14.0,13.7,13.9,5160500
2025-02-19,13.95,14.0,13.8,14.0,5660400
2025-02-20,14.1,14.4,14.05,14.2,8465500
2025-02-21,14.15,14.2,14.0,14.05,5107200
2025-02-24,14.8,14.8,14.3,14.4,10876000
2025-02-25,14.4,14.45,14.1,14.2,6330800
2025-02-26,14.4,14.6,14.3,14.45,7845100
2025-02-27,14.5,15.45,14.45,15.45,28034200
2025-02-28,15.7,15.9,15.45,15.9,17998800
2025-03-03,15.95,16.15,15.65,15.95,11446600
2025-03-04,15.9,16.15,15.6,15.75,13116000
2025-03-05,15.8,15.9,15.5,15.5,9105100
2025-03-06,15.55,16.1,15.5,16.1,12885800
2025-03-07,16.05,16.3,15.9,16.1,9692500
2025-03-10,16.15,16.2,15.7,15.8,9795200
2025-03-11,15.5,16.1,15.4,16.1,14512500
2025-03-12,16.2,16.35,15.9,16.05,10585000
2025-03-13,16.1,16.5,15.9,16.1,14403900
2025-03-14,16.1,16.2,15.8,15.9,7663600
2025-03-17,16.0,16.15,15.8,16.15,7887300
2025-03-18,16.4,16.45,15.7,15.7,11116300
2025-03-19,15.6,15.7,15.15,15.15,15361900
2025-03-20,15.15,15.5,15.0,15.45,7194100
2025-03-21,15.4,15.5,15.25,15.45,3488600
2025-03-24,15.45,15.45,15.1,15.4,3759900
2025-03-25,15.5,15.7,15.25,15.5,6934600
2025-03-26,15.45,15.8,15.45,15.5,8732700
2025-03-27,15.5,15.6,15.2,15.25,4633500
2025-03-28,15.25,15.35,15.0,15.05,5962400
2025-03-31,15.05,15.2,14.9,15.0,4626300
2025-04-01,15.0,15.25,14.95,15.15,6592200
2025-04-02,15.6,15.7,15.2,15.2,10028700
2025-04-03,14.5,14.8,14.15,14.15,12881800
2025-04-04,13.2,13.55,13.2,13.2,15714800
2025-04-08,12.3,12.6,12.3,12.3,4548600
2025-04-09,11.45,11.7,11.45,11.45,8682500
2025-04-10,12.25,12.25,12.25,12.25,1778300
2025-04-11,12.2,12.7,11.8,12.45,19241400
2025-04-14,12.55,12.7,12.15,12.3,7594200
2025-04-15,12.15,12.35,11.8,11.8,8594100
2025-04-16,11.8,12.1,11.7,11.8,5889000
2025-04-17,11.8,11.85,11.45,11.85,5269000
2025-04-18,12.0,12.35,11.9,12.05,8413800
2025-04-21,12.1,12.15,11.85,11.85,3809400
2025-04-22,11.7,11.85,11.05,11.3,15593100
2025-04-23,11.65,12.0,11.35,12.0,9112100
2025-04-24,12.15,12.3,11.8,11.9,6142600
2025-04-25,12.0,12.05,11.75,11.95,4535000
2025-04-28,11.95,12.25,11.9,12.0,5626700
2025-04-29,12.0,12.1,11.9,11.9,3220800
2025-05-05,12.15,12.5,11.9,12.35,7611300
2025-05-06,12.4,12.45,12.15,12.15,5211100
2025-05-07,12.1,12.3,12.05,12.3,5472500
2025-05-08,12.45,12.75,12.35,12.45,9088100
2025-05-09,12.6,12.6,12.35,12.35,4657200
2025-05-12,12.35,12.55,12.05,12.35,6257500
2025-05-13,12.5,12.7,12.45,12.55,8817100
2025-05-14,12.6,12.9,12.5,12.8,12236700
2025-05-15,12.9,13.0,12.55,12.85,7360300
2025-05-16,12.9,13.1,12.7,12.85,12166400
2025-05-19,12.7,12.85,12.6,12.6,6512600
2025-05-20,12.6,12.8,12.55,12.65,5294800
2025-05-21,12.7,12.8,12.45,12.6,6265000
2025-05-22,12.5,13.1,12.5,12.7,9932700
2025-05-23,12.75,12.9,12.6,12.6,3614800
2025-05-26,12.7,12.9,12.2,12.85,7885200
2025-05-27,12.9,13.3,12.9,13.1,11661500
2025-05-28,13.2,13.35,12.95,13.05,7493700
2025-05-29,13.15,13.25,13.0,13.15,7832600
2025-05-30,13.25,13.8,13.2,13.35,16629400
2025-06-02,12.8,13.2,12.7,13.15,11868600
2025-06-03,13.35,13.5,13.05,13.35,12500300
2025-06-04,13.45,13.8,13.25,13.35,13439600
2025-06-05,13.35,13.6,13.2,13.4,8222300
2025-06-06,13.45,13.7,13.35,13.4,12950800
2025-06-09,13.5,13.5,13.1,13.1,7900400
2025-06-10,13.2,13.35,12.85,13.0,7431000
2025-06-11,13.05,13.1,12.8,12.9,5178300
2025-06-12,13.05,13.55,13.0,13.3,9186400
2025-06-13,13.15,13.25,12.85,13.0,8973100
2025-06-16,13.0,13.25,12.95,13.15,4859500
2025-06-17,13.25,13.55,13.25,13.35,8641600
2025-06-18,13.35,13.45,13.25,13.3,5358500
2025-06-19,13.4,13.4,13.05,13.15,4420100
2025-06-20,13.2,13.3,13.05,13.1,4784700
2025-06-23,13.0,13.05,12.85,13.0,5152000
2025-06-24,13.25,13.25,13.1,13.2,3797200
2025-06-25,13.3,13.5,13.25,13.4,10403200
2025-06-26,13.5,13.5,13.25,13.3,2775200
2025-06-27,13.35,13.4,13.2,13.25,3884700
2025-06-30,13.25,13.35,13.15,13.2,5592300
2025-07-01,13.25,13.55,13.2,13.25,8902300
2025-07-02,13.4,13.6,13.15,13.6,12000500
2025-07-03,13.8,14.1,13.4,13.65,21822900
2025-07-04,13.75,13.8,13.6,13.65,8053700
2025-07-07,13.95,14.0,13.6,13.7,11599600
2025-07-08,13.75,14.15,13.7,13.95,20357700
2025-07-09,14.05,14.15,13.85,13.95,15122800
2025-07-10,13.95,14.25,13.85,14.0,14009200
2025-07-11,14.05,14.2,13.75,13.95,19452400
2025-07-14,14.1,14.1,13.75,14.1,9795400
2025-07-15,14.2,14.6,14.15,14.15,23774600
2025-07-16,14.15,14.3,14.1,14.2,9100000
2025-07-17,14.25,14.55,14.2,14.3,14107900
2025-07-18,14.5,14.5,14.2,14.3,14105800
2025-07-21,14.35,14.75,14.35,14.4,15980900
2025-07-22,14.4,14.5,14.25,14.45,8778800
2025-07-23,14.6,15.1,14.55,14.85,28581700
2025-07-24,15.0,15.0,14.55,14.75,13003500
2025-07-25,14.85,15.2,14.55,15.05,18328100
2025-07-28,15.25,16.1,15.15,16.1,36637000
2025-07-29,16.7,16.8,15.8,16.05,48192700
2025-07-30,16.45,16.75,16.1,16.5,26301700
2025-07-31,16.55,16.55,15.85,16.15,26579000
2025-08-01,16.2,16.35,15.5,15.5,20372800
2025-08-04,15.35,15.8,15.25,15.75,12307900
2025-08-05,15.9,16.75,15.6,16.05,42086000
2025-08-06,16.2,16.6,16.0,16.25,13225700
2025-08-07,16.25,16.9,16.1,16.85,28955400
2025-08-08,17.05,17.05,16.3,16.6,21239400
2025-08-11,16.8,16.9,16.55,16.75,16926900
2025-08-12,17.0,17.35,16.75,16.9,17532100
2025-08-13,17.0,17.0,16.25,16.6,23142500
2025-08-14,16.65,16.75,16.4,16.65,15170400
2025-08-15,16.85,17.45,16.45,16.8,25909900
2025-08-18,17.3,17.6,17.05,17.2,19685400
2025-08-19,17.3,17.35,16.9,16.95,18155500
2025-08-20,17.0,17.1,15.8,16.15,29450800
2025-08-21,16.2,16.35,15.9,16.0,13406100
2025-08-22,15.85,16.0,15.05,15.25,20100200
2025-08-25,15.65,15.65,15.2,15.3,7861800
2025-08-26,15.35,15.85,15.3,15.85,7967500
2025-08-27,16.0,16.1,15.7,15.7,7382000
2025-08-28,15.7,16.1,15.7,15.8,5955600
2025-08-29,15.85,16.25,15.7,15.85,10484100
2025-09-03,15.9,16.95,15.9,16.95,32451000
2025-09-04,17.25,18.1,17.0,18.1,38165500
2025-09-05,18.65,18.65,17.9,17.9,27016700
2025-09-08,17.9,18.95,17.75,18.15,43300100
2025-09-09,18.2,18.5,17.35,17.95,25184400
2025-09-10,18.0,18.4,17.5,17.9,19763200
2025-09-11,17.6,19.15,17.35,19.15,38697600
2025-09-12,19.75,20.4,19.45,19.6,23331200
2025-09-15,20.0,20.25,19.45,19.7,20079600
2025-09-16,19.75,20.0,19.4,19.5,22122100
2025-09-17,19.3,20.2,19.2,19.35,16912200
2025-09-18,19.4,20.25,18.9,19.9,22034500
2025-09-19,20.1,20.1,19.5,19.6,10464500
2025-09-22,19.5,19.6,18.25,18.25,44018500
2025-09-23,18.25,18.45,18.0,18.05,10371600
2025-09-24,18.2,18.5,18.0,18.45,10387600
2025-09-25,18.5,18.8,18.45,18.45,10689100
2025-09-26,18.5,19.05,18.2,18.3,16648900
2025-09-29,18.3,18.5,18.15,18.15,8920200
2025-09-30,18.15,18.25,17.0,17.6,21021300
2025-10-01,17.65,17.8,17.5,17.65,6893600
2025-10-02,17.8,17.9,17.1,17.1,8847500
2025-10-03,17.05,17.1,16.6,16.7,12484100
2025-10-06,16.9,17.8,16.85,17.65,7403200
2025-10-07,17.8,17.8,17.3,17.3,7089200
2025-10-08,17.6,17.75,17.2,17.7,10543900
2025-10-09,17.9,18.0,17.6,17.75,7860900
2025-10-10,17.9,18.2,17.8,17.9,9932100
2025-10-13,17.5,17.7,17.15,17.4,16689700
2025-10-14,17.5,17.7,16.95,17.0,16808500
2025-10-15,16.9,17.3,16.85,17.0,7885500
2025-10-16,17.15,17.5,16.85,17.45,10579000
2025-10-17,17.55,18.15,17.45,17.75,22547000
2025-10-20,17.8,17.9,16.55,16.55,14363300
2025-10-21,16.5,16.55,15.55,15.85,18560600
2025-10-22,16.2,16.2,15.4,16.1,9110500
2025-10-23,15.95,16.25,15.9,15.9,5269200
2025-10-24,15.75,15.95,15.5,15.5,6589400
2025-10-27,15.65,16.2,15.6,15.7,5912600
2025-10-28,15.65,16.2,15.65,16.2,5471000
2025-10-29,16.3,16.55,16.1,16.25,5613000
2025-10-30,16.25,16.35,15.9,15.95,4217400
2025-10-31,15.9,16.3,15.9,16.0,5543400
2025-11-03,16.05,16.9,15.9,16.2,12910700
2025-11-04,16.25,16.8,15.8,16.8,12613500
2025-11-05,16.75,17.15,16.65,16.95,10941800
2025-11-06,17.1,17.1,16.6,16.75,6073700
2025-11-07,16.75,17.3,16.5,16.7,13715400
2025-11-10,16.6,17.15,16.05,16.35,8278900
2025-11-11,16.6,16.75,16.3,16.45,4304900
2025-11-12,16.6,17.15,16.6,17.1,12050300
2025-11-13,17.1,17.1,16.85,16.95,5945200
2025-11-14,16.9,17.35,16.85,17.05,9888100
2025-11-17,17.1,17.3,16.95,17.25,7452500
2025-11-18,17.4,17.6,17.2,17.25,11733300
2025-11-19,17.25,17.65,16.8,17.2,10692900
2025-11-20,17.15,17.2,16.6,16.8,6594200
2025-11-21,16.7,16.75,16.2,16.5,9935800
2025-11-24,16.6,16.7,16.4,16.4,2858900
2025-11-25,16.35,16.65,16.0,16.1,5435400
2025-11-26,16.1,16.6,16.1,16.6,3703200
2025-11-27,16.65,16.65,16.35,16.35,3240000
2025-11-28,16.35,16.45,16.1,16.2,3637800
2025-12-01,16.35,16.35,16.0,16.0,3643400
2025-12-02,16.2,16.2,15.6,15.95,5231300
2025-12-03,15.8,16.25,15.8,16.05,3219000
2025-12-04,16.15,16.45,16.15,16.3,4450400
2025-12-05,16.35,16.4,16.1,16.1,2980400
2025-12-08,16.05,16.2,15.7,15.75,3816400
2025-12-09,15.8,15.85,15.2,15.65,7176700
2025-12-10,15.75,15.9,15.6,15.6,2179500
2025-12-11,15.6,15.8,15.5,15.6,2038800
2025-12-12,15.5,15.6,14.55,14.6,7419000
2025-12-15,14.6,14.95,14.5,14.6,3657400
2025-12-16,14.75,15.25,14.3,15.0,4385300
2025-12-17,15.0,15.15,15.0,15.0,2194400
2025-12-18,15.1,15.1,14.9,14.95,1477300
2025-12-19,14.9,15.2,14.9,15.0,2487100
2025-12-22,15.25,15.3,15.0,15.3,3416700
2025-12-23,15.35,15.5,15.1,15.15,3778900
2025-12-24,15.15,15.25,15.1,15.2,1994900
2025-12-25,15.2,15.3,14.95,14.95,3086800
2025-12-26,15.3,15.65,15.0,15.3,6410800
2025-12-29,15.4,15.4,15.15,15.2,1935600
2025-12-30,15.1,15.3,15.0,15.0,2445700
2025-12-31,15.0,15.1,14.85,14.85,2687800
2026-01-05,14.85,15.0,14.4,14.55,3653300
2026-01-06,14.55,14.8,14.25,14.45,3606200
2026-01-07,14.5,15.1,14.5,15.0,3346500
2026-01-08,15.05,15.2,14.8,14.95,4511000
2026-01-09,15.0,15.05,14.65,14.8,4497600
2026-01-12,14.7,15.65,14.65,15.55,10265700
2026-01-13,15.8,15.8,15.35,15.5,5132100
2026-01-14,15.55,15.95,15.35,15.6,7443300
2026-01-15,15.6,16.3,15.55,16.15,14197000
2026-01-16,16.3,16.5,15.9,16.15,7265600
2026-01-19,16.2,16.3,15.75,15.8,6203700
2026-01-20,15.9,15.9,15.45,15.5,6466000
2026-01-21,15.4,15.6,15.1,15.2,5627600
2026-01-22,15.2,15.8,15.2,15.45,3553800
2026-01-23,15.55,15.75,15.25,15.35,2597800
2026-01-26,15.4,15.45,14.65,14.85,5144000
2026-01-27,14.9,14.95,14.7,14.85,2841200
2026-01-28,14.85,15.2,14.85,15.15,3150600
2026-01-29,15.2,15.6,15.2,15.3,4224800
2026-01-30,15.45,15.7,15.2,15.2,3550700
2026-02-02,15.1,15.1,14.65,14.9,5540400
2026-02-03,14.85,15.15,14.85,14.95,3840700
2026-02-04,14.95,15.95,14.95,15.55,11676300
2026-02-05,15.65,15.7,15.3,15.3,3230900
2026-02-06,15.1,15.65,14.65,14.65,7141200
2026-02-09,14.8,14.9,14.7,14.75,3286300
2026-02-10,14.9,14.9,14.65,14.75,2044000
2026-02-11,14.8,15.05,14.75,14.95,3074300
2026-02-12,15.15,15.15,14.95,14.95,1832500
2026-02-13,15.0,15.1,14.9,14.95,1834700
2026-02-23,15.0,15.45,15.0,15.35,4010100
2026-02-24,15.4,16.05,15.4,15.9,12434000
2026-02-25,15.95,16.5,15.9,16.15,11711200
2026-02-26,16.25,16.25,15.75,16.15,6166700
2026-02-27,16.2,16.25,15.75,15.8,6867100
2026-03-02,15.25,16.15,15.2,15.6,12738200
2026-03-03,15.6,15.9,15.35,15.4,7396100
2026-03-04,15.25,15.5,14.4,15.0,12060100
2026-03-05,15.1,15.3,14.7,14.7,6088900
2026-03-06,14.7,14.95,14.35,14.5,6683900
2026-03-09,13.5,13.65,13.5,13.5,4359700
2026-03-10,13.6,14.25,13.5,14.0,10011700
2026-03-11,14.15,14.4,13.9,14.3,4724400
2026-03-12,14.2,14.5,13.9,13.9,6087800
2026-03-13,13.8,14.25,13.6,13.9,4304500
2026-03-16,13.9,14.2,13.9,14.0,2238900
2026-03-17,14.25,14.3,14.05,14.05,3235200
2026-03-18,14.0,14.3,13.8,13.85,3811100
2026-03-19,13.65,13.95,13.55,13.7,4378400
2026-03-20,13.7,13.8,13.55,13.75,3231500
2026-03-23,13.55,13.6,12.85,12.85,6481500
2026-03-24,13.3,13.4,13.05,13.15,3255500
2026-03-25,13.25,13.5,13.25,13.4,2834500
2026-03-26,13.5,13.7,13.35,13.35,3367400
2026-03-27,13.45,13.8,13.3,13.8,3679600
2026-03-30,13.4,14.1,13.35,13.9,4607200
2026-03-31,14.05,14.15,13.8,13.85,3555300
2026-04-01,14.15,14.15,13.85,13.9,2983400
2026-04-02,13.8,14.2,13.7,13.8,5846600
2026-04-03,14.0,14.0,13.6,13.6,2199600
2026-04-06,13.5,13.85,13.4,13.45,2762100
2026-04-07,13.45,13.65,13.4,13.55,2066200
2026-04-08,14.05,14.15,13.8,14.15,5511300
2026-04-09,14.05,14.65,13.9,14.4,7533600
2026-04-10,14.6,14.65,14.25,14.25,3256000
2026-04-13,14.0,14.4,14.0,14.1,3459100
2026-04-14,14.35,15.05,14.15,15.05,13074700
2026-04-15,15.25,15.35,14.75,14.8,7230800
2026-04-16,14.85,14.95,14.5,14.8,6900500
2026-04-17,14.8,14.85,14.65,14.7,3883000
2026-04-20,14.8,15.1,14.7,14.75,3601200
2026-04-21,15.0,15.2,14.5,14.5,10303600
2026-04-22,14.65,14.65,14.45,14.5,3161900
2026-04-23,14.5,14.6,14.2,14.5,5113500
2026-04-24,14.5,14.6,14.3,14.45,2829500
2026-04-28,14.4,14.55,14.3,14.3,2966500
2026-04-29,14.3,14.45,14.25,14.35,2679300
2026-05-04,14.4,14.65,14.35,14.4,2310900
2026-05-05,14.4,14.4,14.05,14.05,2916700
2026-05-06,14.1,14.35,13.9,14.35,2932100
2026-05-07,14.5,14.55,14.2,14.3,2535700
2026-05-08,14.25,14.3,14.1,14.15,1983300
2026-05-11,14.1,14.25,13.8,13.8,5456100
2026-05-12,13.75,13.95,13.75,13.85,2640800
2026-05-13,13.9,13.95,13.75,13.95,2027000
2026-05-14,13.95,14.15,13.9,13.9,1904300
2026-05-15,13.85,14.0,13.8,13.8,1932800
2026-05-18,13.75,13.9,13.7,13.7,1431100
2026-05-19,13.8,13.85,13.7,13.7,1585800
2026-05-20,13.7,13.85,13.15,13.55,3106500
2026-05-21,13.55,13.95,13.55,13.7,2419600
2026-05-22,13.85,14.3,13.7,13.9,4069000
2026-05-25,13.95,14.1,13.8,13.85,1288500
2026-05-26,13.85,14.2,13.8,14.05,3043500
2026-05-27,14.2,14.2,13.95,13.95,3376600
2026-05-28,14.05,14.05,13.7,13.7,1724000
2026-05-29,13.7,13.85,13.6,13.65,1265300
2026-06-01,13.7,13.75,13.6,13.65,1171400
2026-06-02,13.6,13.7,13.45,13.6,1965400
2026-06-03,13.5,13.7,13.45,13.65,1499600
2026-06-04,13.55,13.7,13.5,13.55,822400
2026-06-05,13.55,13.7,13.5,13.6,1227000
2026-06-08,13.45,13.45,13.2,13.25,1546600
