time,open,high,low,close,volume
2013-06-06,30.57,30.8,30.34,30.8,188880
2013-06-07,31.03,31.25,30.8,31.03,146880
2013-06-10,31.25,31.71,31.25,31.48,290650
2013-06-11,31.71,31.94,31.25,31.94,164490
2013-06-12,31.94,31.94,31.71,31.71,108800
2013-06-13,31.48,31.48,31.03,31.48,257630
2013-06-14,31.66,31.9,31.43,31.66,76880
2013-06-17,31.66,31.66,30.51,30.51,390940
2013-06-18,30.51,30.97,30.51,30.74,120890
2013-06-19,31.2,31.43,30.97,31.2,130700
2013-06-20,31.2,31.43,30.74,30.97,112610
2013-06-21,30.74,31.2,30.74,30.97,123320
2013-06-24,31.2,31.2,30.51,30.97,154040
2013-06-25,30.74,30.97,29.35,30.05,419640
2013-06-26,30.05,30.28,29.82,30.05,226880
2013-06-27,30.28,30.51,30.05,30.51,205810
2013-06-28,30.51,30.74,30.28,30.51,100240
2013-07-01,30.05,30.51,30.05,30.28,113300
2013-07-02,30.74,31.2,30.74,31.2,346060
2013-07-03,31.2,31.43,30.97,30.97,149530
2013-07-04,30.97,31.2,30.74,30.97,97200
2013-07-05,30.97,31.2,30.74,30.97,72890
2013-07-08,30.97,31.2,30.74,30.97,130740
2013-07-09,31.2,31.66,31.2,31.43,189580
2013-07-10,31.66,31.9,31.43,31.43,161190
2013-07-11,31.43,31.66,31.2,31.43,112390
2013-07-12,31.43,31.66,31.2,31.66,153350
2013-07-15,31.66,31.9,31.43,31.66,122900
2013-07-16,31.66,32.36,31.66,32.13,506730
2013-07-17,32.36,32.36,31.9,32.36,245830
2013-07-18,32.13,32.59,32.13,32.36,201870
2013-07-19,32.59,33.28,32.59,33.28,422230
2013-07-22,33.28,33.51,32.82,33.51,209600
2013-07-23,33.75,33.98,33.51,33.51,382650
2013-07-24,33.51,33.51,32.82,32.82,386880
2013-07-25,32.82,33.28,32.59,33.05,230340
2013-07-26,33.05,33.28,32.82,33.28,162950
2013-07-29,33.28,33.51,32.59,32.59,253290
2013-07-30,32.82,33.05,32.59,32.82,241950
2013-07-31,32.82,33.51,32.82,33.51,247770
2013-08-01,33.51,33.75,33.28,33.51,183380
2013-08-02,33.75,33.98,33.51,33.75,174920
2013-08-05,33.75,33.98,33.28,33.28,371780
2013-08-06,33.28,33.98,33.05,33.75,291030
2013-08-07,33.75,33.75,33.51,33.51,292010
2013-08-08,33.51,33.75,33.28,33.51,151820
2013-08-09,33.51,33.75,33.28,33.51,159070
2013-08-12,33.75,33.75,33.51,33.51,116260
2013-08-13,33.51,33.98,33.51,33.98,213280
2013-08-14,33.98,34.44,33.75,34.44,206100
2013-08-15,34.67,34.9,34.44,34.9,258740
2013-08-16,34.9,34.9,34.21,34.67,395060
2013-08-19,34.44,34.67,34.21,34.67,587140
2013-08-20,34.67,34.9,33.97,34.2,600930
2013-08-21,33.97,34.2,33.73,34.2,232120
2013-08-22,33.97,34.2,33.5,33.5,479780
2013-08-23,33.5,33.5,31.39,31.86,1332760
2013-08-26,31.62,32.79,30.69,32.79,799920
2013-08-27,32.56,32.79,32.09,32.56,375240
2013-08-28,32.33,32.33,31.15,31.15,704560
2013-08-29,31.15,31.62,30.92,30.92,686640
2013-08-30,30.92,31.15,29.51,30.45,989560
2013-09-03,30.92,31.62,30.69,31.15,240850
2013-09-04,31.62,32.56,31.62,31.86,559630
2013-09-05,32.56,33.26,32.33,32.56,606010
2013-09-06,33.26,33.26,32.33,32.56,622950
2013-09-09,32.33,32.56,31.62,31.86,213380
2013-09-10,31.86,32.33,31.86,32.33,98300
2013-09-11,32.33,32.56,32.09,32.33,145120
2013-09-12,32.33,32.33,32.09,32.09,67390
2013-09-13,32.09,32.33,31.86,32.33,57390
2013-09-16,32.33,32.33,31.86,32.09,62070
2013-09-17,32.09,32.33,31.86,32.09,82100
2013-09-18,32.33,32.33,31.86,31.86,73620
2013-09-19,32.09,32.33,31.86,32.09,58080
2013-09-20,32.09,32.33,31.86,32.33,35340
2013-09-23,32.09,32.33,31.86,32.09,128710
2013-09-24,32.09,32.33,31.86,32.33,61330
2013-09-25,32.09,33.5,32.09,32.79,257540
2013-09-26,32.79,33.03,32.56,32.56,91970
2013-09-27,32.56,32.79,32.33,32.79,57260
2013-09-30,32.79,33.03,32.56,33.03,92160
2013-10-01,33.03,33.26,32.56,32.56,124630
2013-10-02,32.56,33.03,32.56,32.79,98350
2013-10-03,32.79,32.79,32.56,32.56,61720
2013-10-04,32.56,32.79,32.33,32.79,88360
2013-10-07,32.79,33.03,32.56,32.79,153310
2013-10-08,32.79,32.79,32.56,32.79,156730
2013-10-09,32.79,33.5,32.56,33.26,334620
2013-10-10,33.26,33.5,32.79,32.79,129610
2013-10-11,33.03,33.26,32.79,32.79,160730
2013-10-14,32.79,33.26,32.79,33.03,91900
2013-10-15,33.03,33.26,32.79,33.26,100290
2013-10-16,33.26,33.26,33.03,33.26,110980
2013-10-17,33.26,33.5,33.03,33.03,125820
2013-10-18,33.03,33.26,33.03,33.26,139400
2013-10-21,33.26,33.26,33.03,33.26,83200
2013-10-22,33.26,33.26,33.03,33.03,91480
2013-10-23,33.26,33.26,33.03,33.03,35240
2013-10-24,33.03,33.73,33.03,33.26,428810
2013-10-25,33.5,33.73,33.26,33.26,107840
2013-10-28,33.26,33.5,33.03,33.03,55650
2013-10-29,33.03,33.26,32.56,33.03,272690
2013-10-30,33.03,33.03,32.79,33.03,43600
2013-10-31,33.03,33.26,32.79,32.79,78480
2013-11-01,33.03,33.03,32.79,32.79,68120
2013-11-04,32.79,33.03,32.79,32.79,70800
2013-11-05,32.79,33.03,32.79,33.03,50920
2013-11-06,33.03,33.03,32.79,33.03,181420
2013-11-07,32.79,33.03,32.56,32.79,143750
2013-11-08,32.56,33.03,32.56,32.56,150620
2013-11-11,32.56,32.79,32.56,32.56,72900
2013-11-12,32.56,32.79,32.33,32.56,104860
2013-11-13,32.56,32.56,32.33,32.56,60090
2013-11-14,32.56,32.79,32.56,32.56,90640
2013-11-15,32.56,33.26,32.56,33.03,328520
2013-11-18,33.03,33.26,33.03,33.26,118030
2013-11-19,33.26,33.5,33.03,33.26,117700
2013-11-20,33.03,33.26,33.03,33.03,82750
2013-11-21,33.26,33.26,32.79,33.03,189120
2013-11-22,33.03,33.26,32.79,33.03,107010
2013-11-25,33.03,33.03,32.79,33.03,84960
2013-11-26,33.03,33.97,32.79,33.73,796250
2013-11-27,34.2,34.2,33.73,33.73,225960
2013-11-28,33.73,33.73,33.26,33.26,268280
2013-11-29,33.26,33.5,32.79,33.26,295470
2013-12-02,33.26,33.26,33.03,33.03,167110
2013-12-03,33.03,33.5,33.03,33.26,238710
2013-12-04,33.26,33.26,33.03,33.03,164430
2013-12-05,32.79,33.26,32.79,33.26,186610
2013-12-06,33.26,33.26,33.03,33.03,39840
2013-12-09,32.79,33.03,32.56,32.56,307050
2013-12-10,32.56,32.79,32.33,32.79,117220
2013-12-11,32.79,33.03,32.56,33.03,184110
2013-12-12,32.79,33.03,32.79,32.79,65110
2013-12-13,33.03,33.03,32.56,32.79,58920
2013-12-16,32.75,32.98,32.75,32.75,44500
2013-12-17,32.98,32.98,32.51,32.75,81460
2013-12-18,32.75,32.75,32.51,32.51,125480
2013-12-19,32.75,32.75,32.51,32.75,73390
2013-12-20,32.75,32.75,32.51,32.75,75570
2013-12-23,32.51,32.75,32.28,32.51,82920
2013-12-24,32.51,32.75,32.28,32.28,102300
2013-12-25,32.28,32.28,31.8,32.04,241460
2013-12-26,32.04,32.28,31.8,31.8,209560
2013-12-27,31.8,32.28,31.8,32.04,70280
2013-12-30,32.04,32.28,31.8,31.8,137570
2013-12-31,31.8,32.28,31.57,31.8,196990
2014-01-02,31.8,32.28,31.8,31.8,32520
2014-01-03,31.8,32.04,31.8,32.04,30700
2014-01-06,31.8,32.04,31.8,32.04,77090
2014-01-07,32.04,32.04,31.8,31.8,105870
2014-01-08,31.8,32.04,31.8,32.04,38900
2014-01-09,32.04,32.04,31.8,32.04,31100
2014-01-10,32.04,32.75,32.04,32.51,202890
2014-01-13,32.28,32.51,32.28,32.28,61380
2014-01-14,32.28,32.51,32.04,32.28,92090
2014-01-15,32.51,32.51,32.04,32.51,114260
2014-01-16,32.51,32.51,32.28,32.28,74730
2014-01-17,32.28,33.22,32.28,32.75,540090
2014-01-20,32.75,34.16,32.75,33.45,517140
2014-01-21,33.45,33.45,32.98,33.22,99710
2014-01-22,33.45,33.45,32.75,32.98,318980
2014-01-23,32.98,33.45,32.98,33.22,107370
2014-01-24,33.22,33.69,33.22,33.45,261110
2014-01-27,33.45,33.45,32.98,33.22,112900
2014-02-06,33.22,33.45,32.98,32.98,177090
2014-02-07,32.98,33.22,32.75,32.98,241230
2014-02-10,32.98,32.98,32.51,32.98,206320
2014-02-11,32.75,33.22,32.75,32.75,263880
2014-02-12,32.75,32.98,32.75,32.98,87930
2014-02-13,33.22,33.22,32.75,32.75,146350
2014-02-14,32.98,33.45,32.75,32.98,303460
2014-02-17,32.98,33.22,32.75,32.98,151080
2014-02-18,32.98,33.22,32.75,32.98,223130
2014-02-19,32.98,33.22,32.75,32.75,226230
2014-02-20,32.75,32.98,32.51,32.51,340300
2014-02-21,32.51,32.98,32.28,32.51,242430
2014-02-24,32.51,32.98,32.51,32.75,172070
2014-02-25,32.75,32.98,32.51,32.75,301230
2014-02-26,32.75,32.75,32.51,32.75,138990
2014-02-27,32.75,33.92,32.51,33.45,1220670
2014-02-28,33.69,33.69,33.22,33.22,192120
2014-03-03,33.22,33.22,32.75,33.22,160300
2014-03-04,32.98,33.22,32.75,32.75,201430
2014-03-05,32.98,32.98,32.75,32.75,117520
2014-03-06,32.75,32.98,32.51,32.75,265540
2014-03-07,32.75,32.98,32.51,32.75,112590
2014-03-10,32.75,33.22,32.75,32.98,197440
2014-03-11,32.98,33.22,32.75,32.98,318340
2014-03-12,32.98,33.69,32.98,33.22,745520
2014-03-13,33.22,34.4,33.22,34.4,1007020
2014-03-14,34.63,35.81,34.4,35.34,797290
2014-03-17,35.34,35.57,34.63,34.87,396390
2014-03-18,34.87,34.87,34.4,34.63,441500
2014-03-19,34.63,34.87,34.16,34.4,348960
2014-03-20,34.4,34.63,33.69,33.69,441220
2014-03-21,33.69,34.16,33.69,33.92,243070
2014-03-24,34.16,34.4,33.69,33.69,446980
2014-03-25,33.69,33.92,33.45,33.45,328350
2014-03-26,33.45,33.69,32.75,32.98,495510
2014-03-27,33.22,33.22,32.75,32.98,273480
2014-03-28,32.98,33.45,32.98,33.22,208560
2014-03-31,33.45,33.69,33.22,33.22,175880
2014-04-01,33.45,33.45,32.98,33.22,181570
2014-04-02,33.22,33.45,32.98,33.22,209510
2014-04-03,33.22,34.16,33.22,33.92,277300
2014-04-04,33.92,34.16,33.69,34.16,359580
2014-04-07,35.1,35.34,34.63,34.87,761320
2014-04-08,34.87,35.1,34.63,34.63,284200
2014-04-10,34.63,34.87,33.92,33.92,415430
2014-04-11,33.69,34.16,33.45,33.69,200970
2014-04-14,33.69,33.92,33.45,33.45,376180
2014-04-15,33.45,33.69,32.98,33.22,343490
2014-04-16,33.22,33.45,32.75,33.22,267480
2014-04-17,33.22,33.45,32.98,33.22,197770
2014-04-18,33.22,33.22,32.75,32.98,252270
2014-04-21,32.98,32.98,32.75,32.75,254000
2014-04-22,32.98,32.98,32.51,32.98,160270
2014-04-23,32.98,32.98,32.75,32.75,73720
2014-04-24,32.75,32.98,32.51,32.75,148570
2014-04-25,32.98,33.45,32.75,33.22,162140
2014-04-28,32.98,32.98,32.75,32.75,157990
2014-04-29,32.51,32.98,32.51,32.75,80990
2014-05-05,32.75,32.75,32.04,32.28,264620
2014-05-06,32.28,32.28,31.1,31.33,271300
2014-05-07,31.57,32.04,31.33,31.57,96260
2014-05-08,31.33,31.33,29.45,29.45,866350
2014-05-09,29.68,30.86,29.45,30.63,255360
2014-05-12,30.63,30.63,28.74,29.21,444150
2014-05-13,28.97,29.93,28.97,28.97,235060
2014-05-14,28.49,29.69,28.49,29.69,283680
2014-05-15,29.21,29.93,28.49,28.73,303320
2014-05-16,28.73,29.21,28.49,28.97,220610
2014-05-19,28.97,29.45,28.73,29.21,165780
2014-05-20,29.21,29.69,28.97,29.45,141870
2014-05-21,29.45,29.93,29.45,29.93,117900
2014-05-22,29.93,30.65,29.93,30.17,205250
2014-05-23,30.17,30.41,29.93,29.93,76260
2014-05-26,29.93,29.93,29.45,29.45,106630
2014-05-27,29.69,29.93,29.21,29.69,155960
2014-05-28,29.69,29.93,29.21,29.45,109830
2014-05-29,29.21,29.69,29.21,29.45,77340
2014-05-30,29.45,29.93,29.45,29.45,138880
2014-06-02,29.45,29.93,29.21,29.69,145600
2014-06-03,29.69,29.93,29.45,29.69,67150
2014-06-04,29.69,29.93,29.45,29.69,182950
2014-06-05,29.93,29.93,29.21,29.69,85820
2014-06-06,29.69,29.69,29.45,29.69,31640
2014-06-09,29.69,29.93,29.45,29.69,167320
2014-06-10,29.45,29.69,29.21,29.21,159700
2014-06-11,29.45,29.45,28.97,29.21,197300
2014-06-12,29.21,29.45,29.21,29.45,105560
2014-06-13,29.69,29.69,29.21,29.21,140310
2014-06-16,29.21,29.45,29.21,29.21,49920
2014-06-17,29.21,29.45,29.21,29.21,174680
2014-06-18,29.21,29.45,28.97,29.21,97760
2014-06-19,28.97,29.21,28.97,28.97,95070
2014-06-20,29.21,29.21,28.97,28.97,82380
2014-06-23,28.97,29.21,28.97,28.97,53690
2014-06-24,28.97,29.21,28.97,28.97,56020
2014-06-25,29.21,29.45,28.97,29.21,92390
2014-06-26,29.21,29.45,29.21,29.45,80110
2014-06-27,29.45,29.45,29.21,29.21,69240
2014-06-30,29.21,29.45,28.97,29.21,62820
2014-07-01,29.45,29.45,29.21,29.21,96620
2014-07-02,29.21,30.17,29.21,29.93,266720
2014-07-03,30.17,30.41,29.93,30.41,175410
2014-07-04,30.65,31.37,30.65,31.13,468050
2014-07-07,31.13,31.37,30.65,30.89,172450
2014-07-08,30.65,30.89,30.41,30.89,159400
2014-07-09,30.65,30.89,30.41,30.65,115540
2014-07-10,30.65,30.89,30.17,30.41,170560
2014-07-11,30.41,30.65,30.17,30.41,61470
2014-07-14,30.41,30.65,30.41,30.65,103120
2014-07-15,30.65,31.13,30.65,30.89,111170
2014-07-16,31.13,31.13,30.89,30.89,183090
2014-07-17,30.65,30.89,30.65,30.89,77000
2014-07-18,30.89,32.09,30.89,31.85,461270
2014-07-21,32.32,33.28,32.09,33.28,703510
2014-07-22,33.04,33.28,32.56,32.8,160470
2014-07-23,32.8,32.8,32.32,32.56,262350
2014-07-24,32.56,33.04,32.56,32.8,135470
2014-07-25,32.8,32.8,32.56,32.56,153460
2014-07-28,32.32,32.56,31.85,32.32,224320
2014-07-29,32.56,32.8,32.32,32.56,119310
2014-07-30,32.56,32.56,32.09,32.32,110970
2014-07-31,32.56,32.56,32.32,32.56,88370
2014-08-01,32.32,32.56,32.32,32.32,130160
2014-08-04,32.32,32.8,32.32,32.8,104770
2014-08-05,32.8,33.04,32.56,32.8,100530
2014-08-06,33.04,33.04,32.8,33.04,60980
2014-08-07,33.04,33.52,33.04,33.52,247390
2014-08-08,33.52,33.76,33.28,33.52,273930
2014-08-11,33.52,33.52,33.04,33.04,255340
2014-08-12,32.8,33.04,32.56,32.8,265420
2014-08-13,32.95,34.11,32.95,33.24,742340
2014-08-14,33.24,33.82,33.24,33.82,444600
2014-08-15,33.82,34.11,33.53,33.82,237860
2014-08-18,33.82,33.82,33.24,33.53,207280
2014-08-19,33.24,33.53,32.95,33.24,244000
2014-08-20,32.95,33.24,32.66,32.66,215940
2014-08-21,32.95,33.24,32.66,32.95,173720
2014-08-22,32.95,33.24,32.66,32.95,236600
2014-08-25,32.95,33.24,32.66,32.66,376100
2014-08-26,32.95,33.24,32.66,32.66,202450
2014-08-27,32.95,32.95,32.66,32.66,89690
2014-08-28,32.66,32.95,32.37,32.37,178150
2014-08-29,32.37,32.66,32.37,32.37,120030
2014-09-03,32.66,32.95,32.37,32.66,172300
2014-09-04,32.66,32.95,32.37,32.37,64370
2014-09-05,32.66,32.66,32.37,32.37,255710
2014-09-08,32.37,32.66,32.07,32.37,219940
2014-09-09,32.37,32.66,31.49,32.07,326820
2014-09-10,31.78,32.07,31.49,31.78,180560
2014-09-11,31.78,32.07,31.49,31.78,82750
2014-09-12,31.78,32.07,31.49,31.78,95110
2014-09-15,31.78,31.78,31.2,31.49,229470
2014-09-16,31.49,31.78,31.2,31.49,81710
2014-09-17,31.49,31.78,31.2,31.2,100720
2014-09-18,31.2,31.49,30.91,31.2,165280
2014-09-19,30.91,31.2,30.91,30.91,61020
2014-09-22,30.91,31.78,30.91,31.49,138640
2014-09-23,31.2,31.49,31.2,31.49,127910
2014-09-24,31.2,31.49,30.91,30.91,60730
2014-09-25,30.91,31.2,30.62,30.91,114700
2014-09-26,30.91,31.2,30.62,30.91,112450
2014-09-29,30.91,30.91,30.62,30.62,84300
2014-09-30,30.62,30.91,30.32,30.62,217550
2014-10-01,30.91,31.49,30.62,31.2,166100
2014-10-02,31.2,31.49,30.91,31.49,87900
2014-10-03,31.2,31.49,30.91,31.2,195200
2014-10-06,30.91,31.2,30.62,31.2,259250
2014-10-07,31.2,31.2,30.91,30.91,129900
2014-10-08,30.91,32.66,30.91,32.07,424990
2014-10-09,32.07,32.66,31.78,32.07,212200
2014-10-10,32.07,32.07,31.49,32.07,136560
2014-10-13,31.78,32.07,31.49,31.78,89590
2014-10-14,31.78,31.78,31.49,31.49,106900
2014-10-15,31.49,31.49,30.91,30.91,201610
2014-10-16,31.2,31.49,30.62,30.62,292800
2014-10-17,30.62,31.2,30.32,31.2,147420
2014-10-20,31.2,31.2,30.62,30.91,63930
2014-10-21,30.91,31.49,30.62,31.2,172480
2014-10-22,31.2,31.49,30.91,31.2,92200
2014-10-23,31.2,31.49,30.91,31.2,149160
2014-10-24,31.2,31.2,30.62,30.91,95410
2014-10-27,30.62,30.91,30.32,30.32,131430
2014-10-28,30.32,30.62,30.03,30.03,110280
2014-10-29,30.32,30.62,29.74,30.32,238380
2014-10-30,30.32,30.62,30.32,30.32,49530
2014-10-31,30.32,30.62,30.32,30.62,35750
2014-11-03,30.62,30.91,30.62,30.62,81050
2014-11-04,30.62,30.91,30.62,30.62,134860
2014-11-05,30.32,30.62,30.03,30.32,163990
2014-11-06,30.32,30.62,30.32,30.32,57790
2014-11-07,30.32,30.62,30.32,30.32,90070
2014-11-10,30.62,30.62,30.32,30.32,105440
2014-11-11,30.62,30.62,30.32,30.32,82660
2014-11-12,30.62,30.62,30.32,30.32,64430
2014-11-13,30.62,30.62,30.32,30.32,68060
2014-11-14,30.32,30.62,30.03,30.32,113180
2014-11-17,30.32,30.62,30.03,30.32,87210
2014-11-18,30.32,30.32,30.03,30.03,98550
2014-11-19,30.03,30.32,29.45,29.45,136680
2014-11-20,29.74,29.74,29.45,29.45,78550
2014-11-21,29.45,29.74,29.45,29.45,73130
2014-11-24,29.45,29.45,29.01,29.16,93240
2014-11-25,29.16,29.45,29.16,29.16,91590
2014-11-26,29.16,29.45,28.87,29.16,76560
2014-11-27,29.16,29.16,28.87,29.01,90390
2014-11-28,28.87,29.01,28.72,28.87,111560
2014-12-01,28.72,29.01,28.57,29.01,50300
2014-12-02,29.01,29.16,29.01,29.01,40720
2014-12-03,29.01,29.16,29.01,29.16,29930
2014-12-04,29.16,29.45,29.01,29.45,54480
2014-12-05,29.16,29.45,29.01,29.01,48030
2014-12-08,29.16,29.16,29.01,29.01,46290
2014-12-09,29.01,29.16,28.72,28.72,153170
2014-12-10,28.87,28.87,28.57,28.87,51450
2014-12-11,28.72,28.87,28.57,28.87,27620
2014-12-12,28.72,28.87,28.72,28.87,36450
2014-12-15,28.87,28.87,28.72,28.72,46150
2014-12-16,28.72,28.72,28.28,28.43,92140
2014-12-17,28.43,28.57,26.97,26.97,232620
2014-12-18,26.97,27.41,26.97,27.41,103250
2014-12-19,27.41,27.55,26.97,27.41,135270
2014-12-22,27.41,27.41,27.12,27.26,90260
2014-12-23,27.55,28.72,27.12,27.85,245020
2014-12-24,27.99,27.99,27.55,27.7,79670
2014-12-25,27.55,27.99,27.41,27.55,89620
2014-12-26,27.7,27.7,27.26,27.41,109890
2014-12-29,27.41,27.55,27.12,27.41,97060
2014-12-30,27.41,27.41,27.12,27.41,50370
2014-12-31,27.7,27.85,27.55,27.85,102210
2015-01-05,27.99,28.14,27.85,27.99,70290
2015-01-06,27.99,28.28,27.7,27.99,100890
2015-01-07,27.99,28.72,27.99,28.57,194130
2015-01-08,28.57,28.87,28.43,28.72,70650
2015-01-09,29.01,30.03,28.87,30.03,290390
2015-01-12,30.03,30.03,29.16,29.16,148470
2015-01-13,29.16,29.74,29.01,29.74,84550
2015-01-14,30.03,30.03,29.16,29.45,87550
2015-01-15,29.45,29.45,29.01,29.16,86090
2015-01-16,29.16,29.16,29.01,29.16,33740
2015-01-19,29.16,29.16,28.87,29.01,60950
2015-01-20,28.72,29.45,28.72,29.16,70940
2015-01-21,29.45,29.74,29.01,29.16,80930
2015-01-22,29.16,29.45,29.01,29.01,42690
2015-01-23,29.16,29.45,28.87,29.16,82550
2015-01-26,29.16,29.45,29.01,29.01,115330
2015-01-27,29.01,30.32,29.01,29.74,259390
2015-01-28,29.45,30.03,29.45,29.45,82050
2015-01-29,29.45,30.62,29.45,30.62,402090
2015-01-30,30.32,30.62,30.03,30.32,145680
2015-02-02,30.32,30.62,30.03,30.03,87980
2015-02-03,30.03,30.32,29.45,29.45,172560
2015-02-04,29.45,30.03,29.16,30.03,97720
2015-02-05,30.03,30.62,29.74,30.03,155580
2015-02-06,30.03,30.32,30.03,30.03,49540
2015-02-09,30.03,30.32,29.74,30.32,97400
2015-02-10,30.03,30.32,30.03,30.03,77410
2015-02-11,30.03,30.62,30.03,30.62,185920
2015-02-12,30.32,30.62,30.32,30.62,58830
2015-02-13,30.62,30.91,30.32,30.91,145600
2015-02-24,30.91,31.2,30.91,31.2,103010
2015-02-25,31.2,31.78,31.2,31.78,175760
2015-02-26,31.78,32.07,31.49,31.49,157380
2015-02-27,31.78,31.78,31.2,31.49,83040
2015-03-02,31.49,31.78,31.2,31.2,103370
2015-03-03,31.2,31.49,30.91,31.49,115960
2015-03-04,31.49,31.78,31.2,31.78,74470
2015-03-05,31.78,31.78,31.2,31.49,91750
2015-03-06,31.49,31.78,31.2,31.2,114590
2015-03-09,31.2,31.49,31.2,31.2,70350
2015-03-10,31.2,31.49,31.2,31.49,144290
2015-03-11,31.49,31.78,31.2,31.49,163880
2015-03-12,31.49,31.78,31.2,31.78,130340
2015-03-13,31.49,31.78,31.2,31.49,163620
2015-03-16,31.49,31.78,31.49,31.78,153740
2015-03-17,31.78,31.78,31.49,31.78,68270
2015-03-18,31.49,31.78,31.49,31.78,86590
2015-03-19,31.49,31.78,31.2,31.49,116820
2015-03-20,31.2,31.49,31.2,31.2,81770
2015-03-23,31.2,31.49,30.91,31.2,111710
2015-03-24,31.2,31.2,30.91,31.2,95440
2015-03-25,31.2,31.2,30.62,31.2,91770
2015-03-26,30.91,31.2,30.62,31.2,97830
2015-03-27,30.91,31.2,30.62,30.62,80360
2015-03-30,30.91,30.91,30.32,30.62,71360
2015-03-31,30.62,30.91,30.32,30.91,92160
2015-04-01,30.91,30.91,30.32,30.62,151380
2015-04-02,30.32,30.91,30.32,30.91,97120
2015-04-03,30.62,30.91,30.32,30.62,56560
2015-04-06,30.62,30.91,30.32,30.32,85560
2015-04-07,30.32,30.91,30.32,30.91,115100
2015-04-08,30.91,31.2,30.91,30.91,146070
2015-04-09,30.91,31.2,30.91,30.91,74090
2015-04-10,30.91,31.78,30.91,31.49,232440
2015-04-13,32.07,32.37,31.49,32.07,275880
2015-04-14,32.37,32.37,31.78,32.07,200810
2015-04-15,32.07,32.07,31.49,31.78,128590
2015-04-16,31.78,31.78,31.49,31.49,70620
2015-04-17,31.49,31.78,31.49,31.49,60780
2015-04-20,31.78,31.78,31.2,31.49,131470
2015-04-21,31.49,31.78,31.2,31.49,45020
2015-04-22,31.49,31.78,31.2,31.49,45490
2015-04-23,31.49,31.78,31.49,31.49,48320
2015-04-24,31.78,31.78,31.49,31.78,136810
2015-04-27,31.78,31.78,31.49,31.49,75170
2015-05-04,31.2,31.49,30.91,30.91,161370
2015-05-05,30.91,30.91,30.32,30.91,212020
2015-05-06,30.91,31.2,30.62,30.91,118270
2015-05-07,30.91,31.49,30.62,30.91,99090
2015-05-08,30.91,31.2,30.91,30.91,72340
2015-05-11,30.91,31.2,30.62,30.91,86210
2015-05-12,30.91,31.2,30.62,30.62,59710
2015-05-13,30.62,30.91,30.62,30.62,45230
2015-05-14,30.62,30.91,30.32,30.62,90950
2015-05-15,30.62,30.91,30.32,30.62,98340
2015-05-18,30.32,30.62,30.03,30.62,88910
2015-05-19,30.32,30.62,30.32,30.62,46220
2015-05-20,30.32,31.2,30.32,31.2,183590
2015-05-21,31.2,31.2,30.62,30.91,70130
2015-05-22,30.91,31.2,30.91,31.2,46510
2015-05-25,31.2,31.2,30.62,30.91,98370
2015-05-26,30.91,30.91,30.62,30.91,96200
2015-05-27,30.62,30.91,30.62,30.91,59630
2015-05-28,30.62,30.91,30.62,30.91,40000
2015-05-29,30.91,30.91,30.62,30.62,54090
2015-06-01,30.91,31.2,30.62,30.91,124300
2015-06-02,30.91,30.91,30.62,30.91,30810
2015-06-03,30.91,31.2,30.62,30.91,115560
2015-06-04,30.91,31.49,30.91,31.2,89660
2015-06-05,31.2,31.49,30.91,31.2,72050
2015-06-08,31.2,31.49,31.2,31.49,63350
2015-06-09,31.49,31.49,31.2,31.2,64760
2015-06-10,31.2,31.49,30.91,31.2,59460
2015-06-11,31.2,31.49,31.2,31.49,144380
2015-06-12,31.49,31.79,31.19,31.49,86640
2015-06-15,31.19,31.49,31.19,31.49,39900
2015-06-16,31.49,31.49,30.9,31.19,74940
2015-06-17,31.19,31.49,30.9,31.19,101620
2015-06-18,31.19,31.49,31.19,31.49,117570
2015-06-19,31.79,32.08,31.49,31.79,499620
2015-06-22,32.08,33.27,32.08,33.27,736130
2015-06-23,33.27,33.57,32.68,32.98,251260
2015-06-24,32.68,32.98,32.38,32.38,245100
2015-06-25,32.38,32.98,32.08,32.98,258240
2015-06-26,32.68,34.46,32.68,33.87,1019860
2015-06-29,33.87,34.16,33.57,33.87,310320
2015-06-30,33.57,33.87,33.27,33.57,370020
2015-07-01,33.57,34.16,33.57,33.87,365250
2015-07-02,33.87,34.16,33.57,33.87,158820
2015-07-03,33.87,34.16,33.57,34.16,138790
2015-07-06,34.16,35.05,34.16,34.46,634580
2015-07-07,34.46,34.76,34.16,34.76,218990
2015-07-08,34.76,34.76,33.87,34.16,271740
2015-07-09,33.87,34.46,33.87,34.16,171970
2015-07-10,34.16,34.46,33.87,34.16,178760
2015-07-13,34.76,34.76,34.46,34.76,336670
2015-07-14,34.76,35.05,34.46,35.05,311610
2015-07-15,35.05,35.35,34.76,35.05,363400
2015-07-16,35.05,35.05,34.46,34.76,272910
2015-07-17,34.76,35.05,34.46,34.76,304130
2015-07-20,34.76,34.76,34.16,34.46,189980
2015-07-21,34.46,34.76,34.46,34.76,107860
2015-07-22,34.76,35.35,34.46,35.35,490550
2015-07-23,35.65,36.84,35.65,36.24,1141320
2015-07-24,36.54,36.54,35.95,36.24,406120
2015-07-27,35.95,36.24,35.65,36.24,325470
2015-07-28,36.24,36.54,35.95,35.95,341670
2015-07-29,35.95,36.24,35.65,35.95,275430
2015-07-30,35.95,35.95,35.35,35.35,220450
2015-07-31,35.35,35.95,35.05,35.65,403180
2015-08-03,35.65,35.65,35.05,35.35,270000
2015-08-04,35.35,35.35,34.76,34.76,502300
2015-08-05,35.07,35.62,35.07,35.44,433800
2015-08-06,35.62,36.36,35.44,35.81,492470
2015-08-07,35.99,36.91,35.81,36.91,609920
2015-08-10,37.65,39.5,37.65,39.5,954290
2015-08-11,39.87,40.23,38.76,38.76,438130
2015-08-12,38.39,38.76,37.65,38.02,714920
2015-08-13,38.02,38.76,37.65,38.76,612320
2015-08-14,38.76,39.5,38.39,38.76,471740
2015-08-17,38.76,38.76,37.65,38.02,387090
2015-08-18,38.02,38.39,37.28,38.02,510930
2015-08-19,37.65,38.39,37.28,38.39,387520
2015-08-20,38.02,38.39,37.65,37.65,282500
2015-08-21,36.91,37.28,36.17,37.28,696170
2015-08-24,36.73,36.73,34.7,34.88,1180510
2015-08-25,33.96,36.36,33.96,35.44,799280
2015-08-26,35.62,37.28,35.62,36.91,484130
2015-08-27,37.28,37.28,36.54,36.73,254220
2015-08-28,36.91,37.28,36.54,37.28,451290
2015-08-31,37.28,38.02,36.73,36.91,296400
2015-09-01,36.91,37.28,36.73,36.73,296390
2015-09-03,36.73,36.91,36.17,36.54,262480
2015-09-04,36.54,36.54,36.17,36.36,137720
2015-09-07,36.17,36.36,35.81,35.81,338230
2015-09-08,35.62,36.17,35.62,35.81,367250
2015-09-09,36.17,36.17,35.81,35.99,188690
2015-09-10,36.17,36.91,35.99,36.73,273840
2015-09-11,36.73,36.91,36.36,36.36,142810
2015-09-14,36.17,36.36,35.99,35.99,148920
2015-09-15,35.99,36.36,35.81,35.99,290770
2015-09-16,35.99,36.17,35.81,35.99,163800
2015-09-17,35.99,36.17,35.81,35.99,263860
2015-09-18,36.17,36.54,36.17,36.36,224860
2015-09-21,36.36,36.73,36.17,36.54,214630
2015-09-22,36.54,37.65,36.54,37.65,666280
2015-09-23,37.65,38.39,37.28,37.28,388170
2015-09-24,37.28,37.28,36.91,36.91,262400
2015-09-25,36.91,37.28,36.73,37.28,184590
2015-09-28,37.28,38.02,37.28,37.65,365490
2015-09-29,37.28,37.28,36.73,36.91,259210
2015-09-30,36.91,37.65,36.91,36.91,129690
2015-10-01,36.91,37.28,36.91,37.28,201320
2015-10-02,36.91,37.28,36.91,37.28,117330
2015-10-05,37.28,38.39,36.91,38.02,851310
2015-10-06,38.39,38.76,37.65,38.02,378660
2015-10-07,37.65,38.02,37.28,37.65,400070
2015-10-08,37.65,38.02,37.28,37.28,408300
2015-10-09,37.28,38.02,37.28,37.28,319980
2015-10-12,37.28,37.65,36.91,37.28,349150
2015-10-13,37.28,37.65,37.28,37.65,281090
2015-10-14,39.13,40.23,38.76,39.13,2049450
2015-10-15,39.13,39.13,38.39,38.76,416380
2015-10-16,38.76,39.87,38.76,39.13,850360
2015-10-19,39.5,41.34,39.13,40.97,1296760
2015-10-20,41.34,42.45,40.97,41.34,1153180
2015-10-21,40.97,42.08,40.97,41.71,725530
2015-10-22,41.34,42.08,41.34,42.08,496060
2015-10-23,42.08,42.45,41.71,42.45,571020
2015-10-26,42.82,43.19,41.71,41.71,766000
2015-10-27,42.08,42.45,41.71,42.08,393940
2015-10-28,42.45,42.82,42.08,42.08,366330
2015-10-29,42.45,43.93,42.45,43.93,1151780
2015-10-30,43.93,44.3,43.19,43.56,592790
2015-11-02,43.56,43.93,42.82,43.19,715500
2015-11-03,44.66,45.77,43.93,45.4,2358440
2015-11-04,45.77,46.14,45.4,45.4,444780
2015-11-05,45.77,47.62,45.4,47.25,922470
2015-11-06,47.25,49.09,46.88,47.62,1660510
2015-11-09,47.62,47.99,46.51,46.88,733490
2015-11-10,46.88,47.62,46.51,47.25,649930
2015-11-11,46.88,48.72,46.88,47.99,833270
2015-11-12,48.36,48.72,47.25,48.72,546030
2015-11-13,48.72,50.94,48.72,50.57,988430
2015-11-16,50.57,51.68,50.57,51.68,924150
2015-11-17,51.68,51.68,49.09,49.46,1871240
2015-11-18,49.09,49.83,47.99,48.72,1392690
2015-11-19,48.72,49.46,47.99,47.99,966290
2015-11-20,47.99,49.09,47.99,48.36,708850
2015-11-23,49.09,49.09,46.51,46.88,1692040
2015-11-24,46.88,47.25,44.66,45.4,2567070
2015-11-25,45.03,46.51,44.3,46.14,951140
2015-11-26,46.14,46.51,45.4,45.4,244790
2015-11-27,45.4,46.88,45.4,45.77,1118240
2015-11-30,46.14,46.51,45.4,45.77,840700
2015-12-01,45.77,45.77,44.66,45.03,1100600
2015-12-02,44.66,45.77,44.66,45.4,411960
2015-12-03,45.4,45.77,44.66,45.4,383750
2015-12-04,45.4,45.4,44.66,45.4,253990
2015-12-07,45.03,45.4,44.3,44.3,354390
2015-12-08,44.3,46.14,43.56,46.14,867200
2015-12-09,46.14,46.88,45.4,45.4,470630
2015-12-10,45.4,46.14,45.03,45.4,252320
2015-12-11,45.4,46.14,45.03,45.4,321070
2015-12-14,45.4,46.14,45.03,45.77,237100
2015-12-15,45.77,46.88,45.77,46.51,710870
2015-12-16,46.88,47.62,46.51,47.25,662390
2015-12-17,47.25,47.62,46.88,47.25,317610
2015-12-18,47.25,47.62,46.88,47.25,315940
2015-12-21,47.25,47.25,46.14,46.14,513240
2015-12-22,46.51,46.88,46.14,46.14,434910
2015-12-23,46.14,46.14,45.4,45.77,293550
2015-12-24,45.77,46.14,45.4,46.14,316110
2015-12-25,45.77,46.14,45.4,45.77,315630
2015-12-28,46.14,47.25,45.77,46.88,821730
2015-12-29,46.88,46.88,46.14,46.88,399590
2015-12-30,46.88,47.25,46.51,46.88,309040
2015-12-31,46.51,47.99,46.51,47.25,688500
2016-01-04,47.25,47.25,46.14,46.51,469320
2016-01-05,46.51,46.88,46.14,46.14,285680
2016-01-06,46.14,46.51,45.77,46.51,250760
2016-01-07,46.14,46.14,45.03,45.77,731010
2016-01-08,45.4,45.4,44.66,45.03,615950
2016-01-11,44.66,45.4,44.66,44.66,407320
2016-01-12,44.66,45.4,44.66,45.4,288070
2016-01-13,45.4,45.4,44.66,44.66,232630
2016-01-14,44.66,45.03,44.3,44.66,338870
2016-01-15,45.03,45.4,44.3,44.3,495560
2016-01-18,43.93,43.93,42.08,43.19,1244120
2016-01-19,42.82,43.93,42.82,43.93,375380
2016-01-20,43.56,43.93,43.19,43.19,313330
2016-01-21,42.82,43.56,42.45,42.82,333300
2016-01-22,42.82,43.19,41.34,42.08,716530
2016-01-25,42.82,43.56,42.45,43.56,325040
2016-01-26,42.82,43.19,42.08,42.45,289980
2016-01-27,42.82,43.19,42.45,43.19,276700
2016-01-28,42.82,43.56,42.82,42.82,249720
2016-01-29,42.82,43.19,42.45,42.82,178270
2016-02-01,43.19,44.3,42.82,43.93,865310
2016-02-02,43.93,44.66,43.56,43.93,251520
2016-02-03,43.56,44.66,43.56,44.66,269870
2016-02-04,45.4,45.77,45.03,45.03,257320
2016-02-05,45.03,45.77,45.03,45.77,204410
2016-02-15,45.03,46.51,45.03,46.51,473520
2016-02-16,47.25,47.62,46.88,47.25,622180
2016-02-17,48.36,49.09,47.62,47.99,2003290
2016-02-18,48.36,48.36,47.25,47.62,833000
2016-02-19,47.99,47.99,47.25,47.62,373060
2016-02-22,47.62,48.36,47.25,47.99,763080
2016-02-23,48.36,48.72,47.62,47.99,873310
2016-02-24,47.99,48.36,47.62,48.36,489650
2016-02-25,48.36,48.72,47.62,47.62,780490
2016-02-26,47.99,47.99,47.25,47.99,538020
2016-02-29,47.99,47.99,47.25,47.25,476190
2016-03-01,47.25,48.36,47.25,47.99,673510
2016-03-02,48.36,48.72,47.62,48.72,817420
2016-03-03,48.72,49.09,48.36,48.36,430930
2016-03-04,48.36,48.72,47.99,48.72,309870
2016-03-07,48.36,49.09,48.36,48.36,598820
2016-03-08,48.36,48.72,47.99,48.36,395200
2016-03-09,48.36,48.72,47.99,48.36,164840
2016-03-10,48.36,48.36,47.62,48.36,494890
2016-03-11,47.99,50.2,47.99,50.2,2205510
2016-03-14,50.2,50.57,49.46,49.83,440820
2016-03-15,49.83,50.94,49.46,50.2,870660
2016-03-16,50.2,50.94,49.83,50.57,376070
2016-03-17,50.57,51.68,50.57,50.94,739970
2016-03-18,50.57,50.94,50.57,50.94,335290
2016-03-21,50.57,51.31,49.83,49.83,539910
2016-03-22,49.83,49.83,48.72,49.09,1036240
2016-03-23,49.09,49.83,49.09,49.46,389980
2016-03-24,49.46,50.2,49.09,49.83,568030
2016-03-25,49.46,49.83,48.72,49.46,597170
2016-03-28,49.46,49.83,49.09,49.83,177060
2016-03-29,49.83,50.2,49.46,49.46,364550
2016-03-30,49.46,50.57,49.09,50.2,645090
2016-03-31,50.2,50.57,49.46,49.46,499710
2016-04-01,49.46,50.2,49.09,49.46,786790
2016-04-04,49.46,49.83,49.09,49.46,260660
2016-04-05,50.2,50.57,49.83,50.57,590930
2016-04-06,50.57,50.57,49.83,50.57,325000
2016-04-07,50.57,52.42,50.2,52.05,2120080
2016-04-08,52.05,53.15,51.68,52.79,1047870
2016-04-11,53.15,53.52,52.79,52.79,815800
2016-04-12,52.79,53.15,52.42,52.79,686480
2016-04-13,52.79,53.52,52.42,52.42,681500
2016-04-14,52.42,53.15,52.05,52.42,671070
2016-04-15,52.79,53.52,52.79,52.79,624610
2016-04-19,52.79,53.15,51.31,51.31,1117610
2016-04-20,51.31,51.68,49.83,50.2,1698460
2016-04-21,50.57,50.94,49.83,50.57,748780
2016-04-22,50.57,52.05,50.57,51.68,938560
2016-04-25,52.42,52.79,51.31,51.31,886480
2016-04-26,51.31,51.68,51.31,51.68,604360
2016-04-27,52.05,52.05,50.94,50.94,557430
2016-04-28,51.31,51.31,50.94,50.94,483970
2016-04-29,50.94,51.31,50.94,51.31,465510
2016-05-04,51.68,52.79,51.31,52.42,833130
2016-05-05,52.42,53.15,52.42,52.42,615970
2016-05-06,52.79,52.79,52.42,52.42,599150
2016-05-09,53.89,54.26,52.79,53.15,1908180
2016-05-10,52.79,53.15,52.42,52.79,357200
2016-05-11,52.79,53.89,52.79,53.89,444790
2016-05-12,53.89,54.26,53.15,53.52,402470
2016-05-13,53.52,53.89,53.15,53.15,329960
2016-05-16,53.15,54.26,53.15,53.89,656960
2016-05-17,54.63,54.63,53.89,54.26,1078900
2016-05-18,54.26,54.26,53.52,53.52,637860
2016-05-19,53.52,53.89,53.15,53.52,377230
2016-05-20,53.89,54.26,53.52,53.89,397920
2016-05-23,54.26,54.26,53.52,53.89,715290
2016-05-24,53.89,53.89,53.52,53.52,476530
2016-05-25,53.52,53.89,53.15,53.15,450900
2016-05-26,53.15,53.15,52.05,52.05,963010
2016-05-27,52.05,52.79,52.05,52.79,332540
2016-05-30,52.79,52.79,52.05,52.42,282620
2016-05-31,52.79,52.79,52.42,52.42,202240
2016-06-01,52.05,52.42,51.68,52.05,622250
2016-06-02,52.05,52.42,52.05,52.05,365590
2016-06-03,52.42,52.42,51.67,52.05,508090
2016-06-06,52.05,52.05,50.92,50.92,661120
2016-06-07,50.92,51.3,50.55,51.3,439670
2016-06-08,51.67,52.05,51.3,51.67,292560
2016-06-09,51.67,51.67,51.3,51.67,199430
2016-06-10,51.67,51.67,50.92,51.3,333760
2016-06-13,50.92,51.3,50.55,51.3,280500
2016-06-14,50.92,51.3,50.55,51.3,175590
2016-06-15,50.92,51.67,50.55,51.3,267060
2016-06-16,51.67,52.05,51.3,51.3,198930
2016-06-17,51.3,51.67,50.92,51.3,208430
2016-06-20,51.3,51.67,50.92,51.3,276920
2016-06-21,51.67,52.42,51.67,52.05,609500
2016-06-22,52.05,52.42,51.67,52.05,276520
2016-06-23,51.67,52.8,51.67,52.42,1145260
2016-06-24,52.42,52.42,49.43,51.3,1764890
2016-06-27,50.92,51.3,50.18,51.3,681400
2016-06-28,51.3,53.92,50.92,52.42,2005670
2016-06-29,52.8,52.8,52.05,52.05,830840
2016-06-30,52.42,53.17,52.42,52.8,687180
2016-07-01,53.92,53.92,53.17,53.55,1171460
2016-07-04,54.29,54.29,53.55,54.29,878780
2016-07-05,54.29,54.67,53.55,53.92,719200
2016-07-06,53.92,53.92,53.17,53.55,401510
2016-07-07,53.92,55.04,53.55,55.04,1355810
2016-07-08,55.04,55.79,54.67,55.04,654500
2016-07-11,55.04,55.79,54.29,54.67,554950
2016-07-12,54.67,55.04,53.92,55.04,644290
2016-07-13,55.04,55.42,54.67,55.04,444730
2016-07-14,54.67,55.42,54.29,54.67,1249220
2016-07-15,54.67,55.42,54.29,55.04,491430
2016-07-18,55.42,56.54,55.04,56.17,1083560
2016-07-19,56.17,58.04,56.17,57.29,1838230
2016-07-20,57.66,59.54,56.92,59.16,1548000
2016-07-21,59.91,60.66,58.41,58.79,1758070
2016-07-22,59.16,59.54,56.92,58.41,2099510
2016-07-25,58.79,58.79,57.66,57.66,551630
2016-07-26,57.66,59.16,57.29,58.79,1021030
2016-07-27,59.16,59.54,58.79,59.16,594750
2016-07-28,59.16,60.29,59.16,59.91,1316550
2016-07-29,59.91,60.29,59.16,59.16,1004950
2016-08-01,59.54,59.54,57.66,58.04,1706560
2016-08-02,57.66,58.04,56.92,56.92,1681750
2016-08-03,57.29,58.04,56.92,57.66,660790
2016-08-04,58.04,59.16,57.66,58.41,1142360
2016-08-05,58.41,59.16,58.04,59.16,839620
2016-08-08,59.16,59.54,58.79,59.16,657180
2016-08-09,59.54,61.03,59.54,60.66,1906470
2016-08-10,61.03,61.78,60.66,61.41,1339110
2016-08-11,61.78,63.28,61.41,63.28,1682430
2016-08-12,64.4,65.53,62.91,62.91,3172710
2016-08-15,62.91,63.66,62.53,63.28,1144990
2016-08-16,63.28,64.03,63.28,63.28,1086530
2016-08-17,63.66,64.4,63.28,64.03,1335230
2016-08-18,64.4,65.15,64.03,65.15,2115570
2016-08-19,66.68,67.6,65.3,65.76,3527830
2016-08-22,65.76,66.22,64.38,64.38,1276220
2016-08-23,64.38,65.76,63.93,65.76,1074520
2016-08-24,66.22,67.14,65.76,66.68,1173980
2016-08-25,66.68,67.14,65.76,66.68,609070
2016-08-26,66.22,67.14,66.22,67.14,961360
2016-08-29,67.14,71.28,67.14,69.44,3289040
2016-08-30,69.9,70.36,68.98,69.9,1752690
2016-08-31,70.36,71.74,70.36,71.74,2108900
2016-09-01,71.74,71.74,69.9,70.82,2630100
2016-09-05,70.82,71.74,69.44,70.82,2682460
2016-09-06,70.82,70.82,68.98,68.98,1732660
2016-09-07,68.52,68.52,65.76,67.14,4166500
2016-09-08,66.68,68.06,66.22,67.6,2287900
2016-09-09,68.06,68.06,65.76,65.76,1741810
2016-09-12,66.22,67.05,64.8,64.94,2182400
2016-09-13,64.94,67.05,63.97,66.64,2425810
2016-09-14,66.22,66.45,65.4,66.22,875800
2016-09-15,66.27,66.5,65.53,65.76,1445440
2016-09-16,65.76,65.76,63.47,63.47,6624630
2016-09-19,64.38,64.38,62.45,62.55,3028480
2016-09-20,62.09,62.55,61.17,62.55,2676170
2016-09-21,63.47,63.88,63.01,63.37,1460260
2016-09-22,63.47,64.16,63.1,63.1,952970
2016-09-23,62.96,64.57,62.78,64.38,1718800
2016-09-26,64.38,64.89,64.2,64.84,1518050
2016-09-27,64.84,65.03,64.38,64.38,1074130
2016-09-28,64.61,64.71,64.06,64.38,1476100
2016-09-29,64.38,64.8,64.25,64.38,2074740
2016-09-30,64.38,64.8,64.38,64.38,989150
2016-10-03,64.8,64.8,64.48,64.61,1069050
2016-10-04,64.61,65.21,64.43,64.61,1378590
2016-10-05,64.84,65.03,64.57,64.57,821370
2016-10-06,64.57,65.49,64.57,65.3,1526360
2016-10-07,65.3,65.58,64.66,65.12,1175020
2016-10-10,65.12,65.12,64.43,64.43,742680
2016-10-11,64.38,64.84,63.1,64.61,2006450
2016-10-12,64.61,65.07,64.38,65.07,1243190
2016-10-13,64.89,65.53,64.89,65.3,771080
2016-10-14,65.3,66.59,65.3,66.22,2094790
2016-10-17,65.9,66.32,65.35,65.4,711870
2016-10-18,65.4,66.22,65.26,66.22,877320
2016-10-19,66.22,67.37,65.81,67.14,1959520
2016-10-20,67.14,67.37,66.45,66.64,855020
2016-10-21,66.68,67.1,66.27,66.32,585660
2016-10-24,66.32,66.32,64.84,64.84,1645610
2016-10-25,64.84,65.21,64.61,64.84,1247450
2016-10-26,64.84,65.07,64.8,64.89,405530
2016-10-27,65.03,65.53,64.89,65.53,378630
2016-10-28,65.53,66.27,65.3,65.9,833450
2016-10-31,65.76,66.04,65.3,65.3,354450
2016-11-01,65.76,65.76,65.03,65.26,560760
2016-11-02,65.26,65.58,64.89,64.89,803900
2016-11-03,64.84,65.03,64.71,65.03,1438620
2016-11-04,65.03,65.26,64.61,64.8,1048780
2016-11-07,64.84,64.89,64.43,64.48,1259230
2016-11-08,64.61,64.8,64.52,64.57,487900
2016-11-09,64.48,64.52,62.82,64.38,2730910
2016-11-10,64.57,64.98,64.57,64.84,970990
2016-11-11,64.84,64.94,64.61,64.61,789590
2016-11-14,64.38,64.52,63.51,63.56,1635670
2016-11-15,63.51,63.97,63.1,63.14,1937180
2016-11-16,63.14,64.02,63.14,63.93,1694320
2016-11-17,63.93,64.06,63.79,63.93,876780
2016-11-18,63.51,63.7,63.1,63.1,1269760
2016-11-21,63.47,63.88,63.42,63.7,972500
2016-11-22,63.74,64.8,63.74,64.71,1242000
2016-11-23,64.71,64.75,63.83,63.93,903770
2016-11-24,63.88,63.88,62.78,62.87,2085820
2016-11-25,62.87,62.91,61.49,61.86,2750970
2016-11-28,61.63,61.63,59.1,59.42,3125070
2016-11-29,60.25,61.9,60.02,61.76,2857650
2016-11-30,62.09,65.3,61.63,63.47,5410310
2016-12-01,63.47,63.56,62.18,62.18,1458640
2016-12-02,62.09,62.78,61.72,62.09,1698140
2016-12-05,62.27,62.41,61.86,62.09,1059840
2016-12-06,62.09,62.09,61.53,61.63,921260
2016-12-07,61.3,61.35,60.61,60.94,2071090
2016-12-08,62.18,62.64,61.9,62.18,2784980
2016-12-09,62.32,62.91,62.09,62.45,1512330
2016-12-12,60.94,61.76,60.94,61.49,1685520
2016-12-13,61.49,62.09,60.25,60.25,1451120
2016-12-14,60.25,60.8,59.79,60.15,1192770
2016-12-15,59.97,60.02,58.36,58.68,2740830
2016-12-16,58.87,59.74,58.87,59.74,1677380
2016-12-19,60.02,60.2,59.1,59.23,618600
2016-12-20,59.1,59.19,57.16,57.3,3022290
2016-12-21,57.03,58.27,55.88,57.99,2363690
2016-12-22,57.99,58.41,56.61,56.61,1433510
2016-12-23,56.57,57.03,55.92,57.03,1446200
2016-12-26,57.03,57.26,56.15,56.34,625660
2016-12-27,56.29,57.58,56.15,57.49,1728320
2016-12-28,57.95,58.31,57.49,57.95,1060440
2016-12-29,59.79,59.79,59.0,59.14,1999150
2016-12-30,59.14,59.14,57.67,57.76,1065850
2017-01-03,57.76,58.41,57.76,58.27,652370
2017-01-04,58.64,58.68,58.31,58.36,659370
2017-01-05,58.45,58.45,58.04,58.27,822360
2017-01-06,58.27,58.68,57.95,57.95,1371760
2017-01-09,58.27,58.31,57.95,57.95,911300
2017-01-10,57.95,58.18,57.95,57.99,915320
2017-01-11,58.08,58.5,58.04,58.41,838220
2017-01-12,58.41,58.59,58.22,58.41,474780
2017-01-13,58.41,58.54,58.18,58.36,612600
2017-01-16,58.41,58.45,58.13,58.18,602630
2017-01-17,58.27,58.27,57.99,57.99,582380
2017-01-18,57.95,58.04,57.58,57.95,852000
2017-01-19,58.08,58.08,57.9,57.95,862790
2017-01-20,57.95,59.0,57.95,58.41,1594930
2017-01-23,58.41,59.37,58.41,58.87,1825560
2017-01-24,59.33,59.42,58.87,58.87,932170
2017-01-25,58.87,59.42,58.87,59.33,1485910
2017-02-02,59.56,61.35,59.33,61.17,1700550
2017-02-03,62.04,62.96,61.4,61.58,1608110
2017-02-06,61.67,61.72,61.07,61.26,1331990
2017-02-07,61.26,61.76,60.94,61.53,738710
2017-02-08,61.53,61.81,61.4,61.58,448850
2017-02-09,61.76,61.86,61.63,61.67,814060
2017-02-10,61.67,61.67,61.49,61.53,2093370
2017-02-13,61.53,61.63,61.35,61.53,694280
2017-02-14,61.53,61.58,61.03,61.12,673070
2017-02-15,61.17,61.26,61.07,61.17,862020
2017-02-16,61.17,61.35,60.52,60.71,666900
2017-02-17,60.71,60.75,59.69,59.79,953520
2017-02-20,59.79,60.06,59.79,59.79,484790
2017-02-21,59.79,60.38,59.46,59.92,817670
2017-02-22,59.92,60.34,59.88,59.97,590120
2017-02-23,59.97,60.02,59.37,59.92,613250
2017-02-24,59.79,60.66,59.56,60.66,1319730
2017-02-27,60.71,60.98,60.61,60.61,759760
2017-02-28,60.61,60.66,60.2,60.43,769690
2017-03-01,60.11,60.57,60.11,60.15,587180
2017-03-02,60.15,60.15,59.65,59.65,482040
2017-03-03,59.65,59.83,59.46,59.74,508470
2017-03-06,59.65,60.25,59.56,60.2,736590
2017-03-07,59.79,60.15,59.74,59.79,444700
2017-03-08,59.79,60.52,59.79,60.06,639360
2017-03-09,60.2,60.2,59.97,60.02,409260
2017-03-10,60.02,60.06,59.74,59.74,427360
2017-03-13,59.79,60.06,59.65,59.65,342480
2017-03-14,59.69,60.2,59.69,60.11,489770
2017-03-15,60.15,61.17,60.11,61.17,1182810
2017-03-16,61.17,61.81,61.17,61.63,905990
2017-03-17,61.67,61.9,61.44,61.63,1035520
2017-03-20,61.26,61.99,60.89,61.58,730260
2017-03-21,61.4,62.55,61.4,62.36,819240
2017-03-22,62.22,63.79,62.22,62.82,1472340
2017-03-23,62.82,64.57,62.82,64.48,2051790
2017-03-24,64.75,65.3,64.71,65.17,1083750
2017-03-27,65.72,66.13,65.07,65.3,1066240
2017-03-28,65.63,65.76,63.93,64.75,1026200
2017-03-29,64.43,65.3,64.38,65.21,773630
2017-03-30,65.21,66.22,65.21,66.22,1175100
2017-03-31,66.55,66.73,65.9,65.9,1382240
2017-04-03,65.9,66.5,65.9,66.36,802030
2017-04-04,66.36,66.36,66.04,66.22,1063990
2017-04-05,65.99,66.22,65.53,65.95,788830
2017-04-07,65.17,65.86,64.98,65.58,905370
2017-04-10,65.58,65.67,65.26,65.58,604270
2017-04-11,65.58,66.09,65.53,65.99,465400
2017-04-12,66.22,66.41,65.95,66.22,758300
2017-04-13,65.99,66.18,65.81,65.81,322970
2017-04-14,65.58,65.76,64.75,65.17,622350
2017-04-17,64.71,65.58,64.71,65.3,884170
2017-04-18,65.35,66.5,65.3,66.41,1900380
2017-04-19,66.41,67.1,66.41,66.87,968630
2017-04-20,66.91,66.91,66.5,66.64,427660
2017-04-21,66.64,66.82,66.32,66.55,445370
2017-04-24,66.32,66.55,65.99,66.22,562400
2017-04-25,66.13,66.13,65.72,65.95,472730
2017-04-26,65.95,66.18,65.53,66.18,272660
2017-04-27,66.32,67.37,66.13,67.37,1185660
2017-04-28,67.6,68.34,67.47,68.06,1414090
2017-05-03,68.11,68.39,68.11,68.2,879460
2017-05-04,68.53,69.46,68.34,69.23,999850
2017-05-05,68.76,69.14,68.34,68.34,524400
2017-05-08,68.34,68.39,67.64,68.02,813270
2017-05-09,67.97,67.97,66.8,67.13,937160
2017-05-10,66.94,67.83,66.8,67.32,643400
2017-05-11,67.5,67.5,67.08,67.36,465950
2017-05-12,67.36,67.74,67.18,67.5,594730
2017-05-15,67.6,67.74,66.85,67.08,820620
2017-05-16,67.13,67.32,66.9,66.9,531270
2017-05-17,66.9,68.76,66.9,68.53,1231010
2017-05-18,67.36,68.3,67.36,68.06,580440
2017-05-19,68.06,69.0,67.92,68.95,816280
2017-05-22,68.95,70.11,68.9,70.07,1210850
2017-05-23,70.07,70.86,70.07,70.63,730180
2017-05-24,70.63,70.81,69.93,70.63,702140
2017-05-25,70.63,70.63,69.79,69.93,619520
2017-05-26,69.69,70.86,69.69,70.86,427910
2017-05-29,70.86,71.0,70.58,70.72,356250
2017-05-30,70.58,70.67,69.6,69.79,460930
2017-05-31,69.93,71.0,69.74,69.79,1328060
2017-06-01,70.39,70.81,69.97,70.81,597180
2017-06-02,70.39,70.86,70.02,70.35,496020
2017-06-05,70.35,72.49,70.35,71.65,749080
2017-06-06,71.79,72.17,71.65,71.89,239400
2017-06-07,72.03,72.07,71.33,71.79,740420
2017-06-08,71.79,71.79,71.51,71.61,207740
2017-06-09,71.75,71.79,71.56,71.65,329670
2017-06-12,71.65,71.7,71.09,71.19,505720
2017-06-13,71.14,71.14,70.67,71.0,636190
2017-06-14,71.0,71.65,70.95,71.56,536000
2017-06-15,71.56,71.93,71.47,71.7,414540
2017-06-16,72.26,72.26,71.33,71.33,1161370
2017-06-19,71.42,71.98,71.37,71.98,740530
2017-06-20,71.98,71.98,71.19,71.33,894760
2017-06-21,71.14,71.7,70.63,71.7,912700
2017-06-22,71.37,71.7,71.23,71.28,244120
2017-06-23,71.28,71.37,71.14,71.33,344920
2017-06-26,71.33,71.56,71.0,71.51,267450
2017-06-27,71.51,71.65,71.47,71.56,542230
2017-06-28,71.56,72.49,71.56,72.45,918320
2017-06-29,72.49,72.68,72.17,72.17,312720
2017-06-30,72.17,73.61,72.17,73.47,1344660
2017-07-03,73.66,73.66,73.05,73.19,562340
2017-07-04,73.14,73.14,72.77,72.96,324350
2017-07-05,72.77,73.05,72.68,73.0,438550
2017-07-06,73.42,73.75,73.05,73.42,549800
2017-07-07,73.66,73.66,71.89,71.89,976360
2017-07-10,71.89,72.12,70.49,70.72,992910
2017-07-11,70.72,71.33,70.72,71.33,518150
2017-07-12,71.7,72.68,71.23,72.45,541660
2017-07-13,73.19,73.19,72.73,72.86,500840
2017-07-14,72.86,72.86,72.26,72.31,690430
2017-07-17,71.79,72.26,70.67,70.81,553330
2017-07-18,70.86,71.33,70.39,70.86,637870
2017-07-19,71.33,71.98,71.19,71.33,375820
2017-07-20,70.86,71.28,70.81,70.86,727990
2017-07-21,70.49,70.86,70.49,70.63,464940
2017-07-24,70.44,70.86,69.93,70.77,704570
2017-07-25,70.63,70.86,70.49,70.77,175170
2017-07-26,70.86,71.65,70.81,71.33,338260
2017-07-27,71.33,71.33,71.19,71.28,214220
2017-07-28,71.28,71.37,71.28,71.33,342150
2017-07-31,71.33,71.33,71.09,71.14,682960
2017-08-01,71.14,71.14,70.44,70.44,811580
2017-08-02,70.44,71.09,70.44,71.05,1066000
2017-08-03,71.42,71.93,71.33,71.79,702810
2017-08-04,71.79,71.93,71.7,71.79,290860
2017-08-07,71.79,71.79,71.33,71.65,384100
2017-08-08,71.65,71.65,70.77,70.86,1197600
2017-08-09,70.86,70.86,69.18,69.93,1116820
2017-08-10,69.93,70.77,69.93,70.63,392360
2017-08-11,70.63,70.86,69.93,70.63,691600
2017-08-14,70.86,70.86,70.53,70.72,927460
2017-08-15,70.72,70.86,70.15,70.15,537150
2017-08-16,70.01,70.01,69.02,69.68,427170
2017-08-17,69.68,70.44,69.45,70.3,842250
2017-08-18,69.97,70.58,69.97,70.49,355880
2017-08-21,70.53,70.53,70.34,70.34,247430
2017-08-22,70.39,70.39,70.01,70.15,418410
2017-08-23,70.11,70.15,69.82,70.15,403240
2017-08-24,69.97,70.15,69.97,70.06,244450
2017-08-25,70.15,70.15,69.97,70.15,274610
2017-08-28,70.15,70.15,69.78,70.06,323280
2017-08-29,69.92,70.06,69.63,69.68,670760
2017-08-30,69.68,69.97,69.68,69.92,515460
2017-08-31,70.15,71.1,70.06,70.11,591080
2017-09-01,70.34,71.57,70.34,71.57,549830
2017-09-05,71.57,72.19,71.38,72.09,860140
2017-09-06,72.0,72.0,71.19,71.34,325420
2017-09-07,71.19,71.19,70.58,70.63,433550
2017-09-08,70.39,70.67,70.3,70.44,303590
2017-09-11,70.44,70.44,70.01,70.11,664250
2017-09-12,69.82,70.15,69.78,69.97,676440
2017-09-13,70.01,70.01,69.92,70.01,991330
2017-09-14,69.92,70.11,69.92,70.06,805690
2017-09-15,69.87,70.06,69.73,69.92,1520080
2017-09-18,69.68,70.86,69.68,70.39,555240
2017-09-19,70.39,70.49,70.11,70.11,343070
2017-09-20,70.11,70.49,69.92,70.34,367110
2017-09-21,70.15,70.15,69.92,69.92,741410
2017-09-22,69.92,70.15,69.78,69.78,353760
2017-09-25,69.78,69.92,69.54,69.92,254360
2017-09-26,69.92,70.2,69.78,69.97,338160
2017-09-27,69.92,70.15,69.87,69.92,310820
2017-09-28,69.92,70.39,69.87,70.39,440360
2017-09-29,70.39,71.34,70.34,70.49,996610
2017-10-02,70.44,70.63,70.11,70.15,297110
2017-10-03,70.2,70.2,69.78,69.87,634960
2017-10-04,69.82,70.15,69.78,70.15,305930
2017-10-05,70.2,70.67,70.06,70.39,465810
2017-10-06,70.67,71.01,70.39,70.39,910760
2017-10-09,70.39,70.49,69.97,70.34,146010
2017-10-10,70.01,70.3,70.01,70.15,396010
2017-10-11,70.15,70.3,70.01,70.15,626740
2017-10-12,70.15,70.2,69.92,69.92,397590
2017-10-13,69.92,70.58,69.92,70.58,500040
2017-10-16,70.82,70.91,70.2,70.2,681780
2017-10-17,70.2,70.49,70.15,70.44,398020
2017-10-18,70.39,70.67,70.39,70.39,385670
2017-10-19,70.39,70.39,70.15,70.3,387120
2017-10-20,70.2,70.3,70.15,70.15,260000
2017-10-23,70.15,70.15,69.82,69.92,589480
2017-10-24,69.87,70.39,69.73,70.39,676220
2017-10-25,70.39,71.15,70.39,71.1,904450
2017-10-26,71.15,71.76,71.15,71.71,974570
2017-10-27,71.81,72.0,71.71,72.0,768310
2017-10-30,72.09,72.09,71.62,71.76,557510
2017-10-31,71.76,71.76,71.34,71.34,962120
2017-11-01,71.34,73.46,71.34,73.23,1499790
2017-11-02,73.23,74.55,72.85,73.65,1117310
2017-11-03,73.65,73.7,72.52,73.32,469800
2017-11-06,73.32,74.64,73.32,74.64,1120090
2017-11-07,74.64,74.88,74.17,74.55,561000
2017-11-08,74.55,75.87,74.55,75.68,2431670
2017-11-09,75.68,77.0,75.26,76.77,2051860
2017-11-10,76.67,82.11,76.53,82.11,9270450
2017-11-13,82.67,87.49,82.2,87.16,4495140
2017-11-14,85.51,86.08,82.67,85.04,1489540
2017-11-15,83.05,86.93,83.05,85.89,1215870
2017-11-16,85.51,86.93,85.13,86.55,637980
2017-11-17,86.55,86.88,86.08,86.55,645550
2017-11-20,86.41,88.63,85.74,88.34,964830
2017-11-21,88.34,92.45,88.34,89.29,1128220
2017-11-22,89.19,89.29,85.04,87.35,1829730
2017-11-23,87.35,89.29,86.03,87.35,664960
2017-11-24,85.74,87.87,85.56,87.4,678800
2017-11-27,86.93,87.63,86.5,87.4,693370
2017-11-28,86.45,87.4,86.45,87.4,380450
2017-11-29,86.93,87.59,86.93,87.4,464670
2017-11-30,87.4,89.52,87.35,88.2,1076240
2017-12-01,88.34,92.59,88.34,92.59,1252580
2017-12-04,92.59,96.89,92.59,95.9,1419300
2017-12-05,95.9,96.85,93.54,94.01,710070
2017-12-06,92.12,93.07,88.44,92.12,949920
2017-12-07,92.12,93.49,87.87,87.87,1188910
2017-12-08,87.87,91.27,87.87,88.86,839440
2017-12-11,88.86,91.74,88.86,90.23,843650
2017-12-12,91.18,92.08,89.76,91.89,757020
2017-12-13,91.89,92.31,90.94,92.03,652890
2017-12-14,92.36,94.96,92.12,94.96,837490
2017-12-15,94.96,94.96,92.12,93.07,1865860
2017-12-18,94.96,97.08,93.73,96.85,1218260
2017-12-19,96.85,97.27,95.9,95.9,1086070
2017-12-20,94.96,96.7,94.48,95.43,554110
2017-12-21,94.96,96.7,94.96,96.33,467120
2017-12-22,95.9,96.37,95.43,95.85,442910
2017-12-25,95.48,95.81,94.39,94.48,377420
2017-12-26,94.48,95.85,94.3,95.85,415160
2017-12-27,96.7,97.08,96.37,96.85,754980
2017-12-28,97.56,97.8,97.08,97.65,652970
2017-12-29,96.84,101.13,96.84,99.27,893540
2018-01-02,100.41,100.84,99.27,100.65,372760
2018-01-03,101.6,102.32,100.94,101.79,557370
2018-01-04,101.41,102.32,101.41,102.22,704350
2018-01-05,101.84,102.32,101.13,101.6,518860
2018-01-08,101.37,101.37,99.22,99.94,674800
2018-01-09,99.99,100.89,98.27,98.51,810590
2018-01-10,97.65,100.41,97.65,100.41,902750
2018-01-11,100.89,100.89,99.51,99.94,794780
2018-01-12,99.94,100.41,99.61,99.89,585640
2018-01-15,99.46,99.7,98.99,99.22,405160
2018-01-16,98.61,99.22,98.61,99.13,701460
2018-01-17,98.51,98.99,95.18,95.7,891480
2018-01-18,95.18,97.84,94.94,97.84,921800
2018-01-19,98.22,99.65,97.84,97.84,1094050
2018-01-22,98.51,100.75,98.03,100.7,1031780
2018-01-23,100.7,100.7,100.7,100.7,0
2018-01-24,100.7,100.7,100.7,100.7,0
2018-01-25,99.46,100.79,98.51,98.51,1059420
2018-01-26,98.56,100.99,98.56,100.79,672410
2018-01-29,100.79,100.89,98.27,98.27,573230
2018-01-30,97.08,97.56,96.56,97.32,843170
2018-01-31,96.32,98.75,95.7,96.84,1120270
2018-02-01,97.08,98.32,95.66,96.61,451270
2018-02-02,95.89,98.51,95.89,98.51,677340
2018-02-05,96.37,97.56,95.99,96.65,504920
2018-02-06,91.37,96.13,90.18,94.18,1484810
2018-02-07,96.99,96.99,95.27,95.32,507670
2018-02-08,95.18,95.32,93.47,93.8,234230
2018-02-09,90.42,91.37,88.99,90.9,856530
2018-02-12,89.94,91.37,89.94,91.37,970250
2018-02-13,91.37,92.8,91.37,92.09,541650
2018-02-21,94.18,96.7,92.32,96.7,649890
2018-02-22,96.7,96.7,94.75,95.66,449840
2018-02-23,96.61,96.84,94.7,96.13,481780
2018-02-26,96.13,97.08,95.18,95.18,889620
2018-02-27,96.13,96.13,94.23,95.18,457260
2018-02-28,94.7,94.99,93.28,93.28,886780
2018-03-01,93.28,94.7,93.28,93.28,732890
2018-03-02,93.28,94.94,92.8,94.85,412780
2018-03-05,95.08,97.56,94.47,96.32,712070
2018-03-06,96.32,96.84,94.8,96.13,786240
2018-03-07,95.7,99.94,95.7,98.08,1981110
2018-03-08,98.51,99.61,98.51,99.46,592410
2018-03-09,99.46,100.22,98.99,98.99,1021150
2018-03-12,99.22,100.27,98.03,98.03,828230
2018-03-13,98.03,100.41,98.03,99.94,1265790
2018-03-14,99.94,101.84,99.56,101.37,1133180
2018-03-15,101.37,101.37,99.84,100.03,623080
2018-03-16,100.41,101.84,99.46,101.84,1730500
2018-03-19,102.08,102.08,100.18,100.89,801280
2018-03-20,100.89,100.89,99.46,99.46,684730
2018-03-21,99.46,100.46,99.46,99.46,907550
2018-03-22,100.84,100.84,99.46,99.46,478650
2018-03-23,98.08,98.99,97.61,98.51,685220
2018-03-26,98.51,100.18,98.32,99.22,643500
2018-03-27,99.94,102.17,99.46,101.37,1660410
2018-03-28,101.37,101.84,100.41,100.41,585030
2018-03-29,100.41,100.56,98.51,98.51,758530
2018-03-30,98.51,98.51,95.7,96.61,1529690
2018-04-02,96.37,96.56,94.47,95.04,1768080
2018-04-03,95.18,95.42,91.66,92.18,2017950
2018-04-04,92.18,95.18,92.18,95.18,991130
2018-04-05,95.18,95.18,93.18,93.89,452710
2018-04-06,93.85,95.04,93.75,94.32,621180
2018-04-09,94.7,94.8,93.75,94.13,699250
2018-04-10,94.13,94.13,92.8,93.75,1093850
2018-04-11,93.28,93.99,92.99,93.28,846970
2018-04-12,93.51,93.66,92.99,93.42,751180
2018-04-13,93.75,93.75,93.04,93.13,727110
2018-04-16,93.13,93.13,90.42,90.42,653380
2018-04-17,89.23,89.94,86.23,87.8,1217530
2018-04-18,88.04,89.23,87.71,89.23,756500
2018-04-19,89.23,89.61,88.71,89.23,845170
2018-04-20,88.99,88.99,88.04,88.52,739700
2018-04-23,88.04,88.47,86.61,86.8,636940
2018-04-24,85.19,86.14,83.81,85.66,1469750
2018-04-26,86.57,86.57,85.66,86.14,959520
2018-04-27,86.8,89.94,86.61,88.04,997890
2018-05-02,88.52,88.52,87.8,87.8,619230
2018-05-03,88.99,88.99,87.56,88.04,878320
2018-05-04,87.95,88.04,87.42,87.56,735730
2018-05-07,88.04,90.66,87.8,90.42,771810
2018-05-08,90.66,90.66,88.09,88.09,514230
2018-05-09,88.04,88.52,87.56,88.04,555260
2018-05-10,88.52,88.52,85.19,85.66,451010
2018-05-11,85.66,86.14,84.23,84.71,1006620
2018-05-14,85.19,85.66,83.76,84.71,575000
2018-05-15,85.66,85.9,83.76,83.76,1240740
2018-05-16,83.76,84.28,80.47,80.47,1644010
2018-05-17,80.43,80.66,78.52,78.52,1028400
2018-05-18,79.0,81.43,78.81,81.43,1153810
2018-05-21,81.85,81.85,78.57,79.0,1042490
2018-05-22,78.52,79.0,76.14,77.1,1185350
2018-05-23,76.19,80.66,76.19,79.62,971280
2018-05-24,80.43,80.62,79.38,79.95,807290
2018-05-25,79.47,79.95,79.0,79.0,512860
2018-05-28,78.52,78.76,77.1,78.52,464830
2018-05-29,77.81,80.66,77.1,80.24,703120
2018-05-30,79.95,80.0,78.57,78.76,491920
2018-05-31,78.76,79.0,77.81,78.14,2231710
2018-06-01,79.0,80.52,78.76,80.05,1051610
2018-06-04,80.9,83.38,80.43,83.28,965230
2018-06-05,84.0,86.36,83.28,84.96,879160
2018-06-06,84.96,84.96,83.28,84.0,463720
2018-06-07,84.39,85.4,84.34,85.11,401900
2018-06-08,84.05,84.96,84.05,84.96,505520
2018-06-11,84.96,87.36,84.72,86.45,721050
2018-06-12,85.92,86.88,85.44,86.88,873690
2018-06-13,86.88,86.88,86.12,86.88,472470
2018-06-14,86.45,86.88,85.78,86.4,767750
2018-06-15,85.73,86.64,85.44,86.4,1114730
2018-06-18,85.49,86.31,82.9,82.9,356320
2018-06-19,82.56,82.56,79.25,79.83,1076550
2018-06-20,79.68,81.51,79.59,81.03,569890
2018-06-21,81.03,81.84,80.64,81.6,381390
2018-06-22,80.88,85.68,80.88,85.44,1123650
2018-06-25,87.36,87.36,85.68,86.02,637320
2018-06-26,84.72,85.44,83.52,84.44,250240
2018-06-27,83.81,84.44,83.81,84.0,320100
2018-06-28,83.52,83.81,81.12,81.6,748160
2018-06-29,81.6,82.8,81.6,81.6,1164710
2018-07-02,81.6,82.08,81.12,82.08,974640
2018-07-03,81.6,81.65,81.12,81.6,1055480
2018-07-04,81.6,81.6,80.16,80.16,856350
2018-07-05,80.16,80.64,78.72,79.2,880690
2018-07-06,78.72,81.6,78.72,79.68,449020
2018-07-09,81.08,81.36,80.07,80.16,320530
2018-07-10,80.16,81.08,80.16,80.16,701800
2018-07-11,80.16,80.88,79.68,80.16,729620
2018-07-12,80.16,81.03,80.16,80.79,158530
2018-07-13,80.79,81.03,79.59,79.83,384360
2018-07-16,80.26,80.79,79.59,80.64,557460
2018-07-17,79.92,80.64,79.88,80.6,588420
2018-07-18,80.64,81.12,80.4,81.12,503880
2018-07-19,83.04,83.04,81.12,81.84,970590
2018-07-20,81.99,81.99,81.22,81.36,620700
2018-07-23,81.12,82.47,80.74,81.6,685300
2018-07-24,81.51,82.08,81.27,81.56,566120
2018-07-25,81.6,81.8,81.56,81.56,427050
2018-07-26,81.56,82.32,81.12,82.32,519640
2018-07-27,82.08,82.32,80.93,81.03,290680
2018-07-30,81.12,81.56,80.55,80.88,453180
2018-07-31,80.64,81.12,80.16,80.74,634220
2018-08-01,80.64,80.74,79.97,80.12,684770
2018-08-02,79.83,80.12,77.62,79.2,1590510
2018-08-03,79.06,79.06,77.43,77.57,1232510
2018-08-06,77.76,77.76,76.56,76.76,1238870
2018-08-07,76.8,76.8,73.44,73.44,2337260
2018-08-08,72.96,75.12,72.96,74.64,1267410
2018-08-09,75.84,76.71,74.88,75.36,770210
2018-08-10,75.36,75.75,74.88,75.46,908450
2018-08-13,75.36,75.36,74.6,74.93,1245500
2018-08-14,76.32,76.76,75.75,75.89,995480
2018-08-15,76.08,77.0,75.94,76.08,1081050
2018-08-16,75.84,76.13,74.69,76.13,1038700
2018-08-17,76.32,76.56,76.08,76.08,408930
2018-08-20,76.32,77.72,76.13,76.85,1290170
2018-08-21,77.14,78.24,76.95,78.24,664240
2018-08-22,78.63,78.68,77.72,78.24,640010
2018-08-23,78.24,78.39,78.0,78.39,410280
2018-08-24,78.39,78.39,77.86,77.86,453010
2018-08-27,78.24,78.24,76.8,76.95,1141160
2018-08-28,76.85,76.9,76.32,76.47,1057220
2018-08-29,76.56,76.61,75.32,75.65,1124120
2018-08-30,75.65,75.7,74.64,75.12,899040
2018-08-31,75.36,76.23,75.22,75.22,726110
2018-09-04,75.75,75.75,75.17,75.22,690780
2018-09-05,75.85,75.85,73.05,73.23,1250390
2018-09-06,73.23,73.75,71.18,71.24,1234110
2018-09-07,71.18,74.45,71.18,74.16,882130
2018-09-10,74.39,74.92,74.28,74.45,603870
2018-09-11,74.39,77.25,74.39,77.02,1533670
2018-09-12,77.6,78.65,77.14,77.25,1342390
2018-09-13,77.02,77.31,76.32,77.08,655170
2018-09-14,77.08,78.19,77.08,77.6,969270
2018-09-17,78.19,79.35,77.78,79.35,1148720
2018-09-18,79.41,80.99,78.89,80.52,1310670
2018-09-19,80.52,80.64,79.88,80.4,929630
2018-09-20,80.05,80.11,79.35,79.35,771520
2018-09-21,79.35,80.4,78.71,80.4,1840850
2018-09-24,80.4,80.4,79.47,79.94,639720
2018-09-25,79.94,79.99,79.47,79.88,480150
2018-09-26,79.88,79.88,79.53,79.64,418120
2018-09-27,79.94,81.69,79.82,80.81,980840
2018-09-28,80.81,81.04,80.11,80.11,520020
2018-10-01,79.82,79.94,79.35,79.53,514820
2018-10-02,78.77,80.29,78.77,79.94,581340
2018-10-03,79.94,79.99,79.64,79.88,701280
2018-10-04,79.88,79.94,79.29,79.88,304620
2018-10-05,79.35,79.41,78.77,78.89,519180
2018-10-08,78.24,78.59,77.6,77.6,566750
2018-10-09,77.14,77.6,76.32,76.38,660630
2018-10-10,76.14,76.38,75.73,75.85,636650
2018-10-11,71.77,75.27,71.77,74.1,1182360
2018-10-12,74.1,75.09,72.7,74.98,957810
2018-10-15,75.27,75.27,73.28,73.34,692180
2018-10-16,73.52,73.75,73.05,73.52,988520
2018-10-17,74.39,74.39,73.69,74.04,444290
2018-10-18,74.04,74.1,73.46,73.52,349110
2018-10-19,72.99,73.98,72.41,73.98,1087950
2018-10-22,73.52,73.98,73.4,73.4,316450
2018-10-23,73.34,73.34,71.01,72.06,1197220
2018-10-24,72.06,72.06,71.13,71.53,742160
2018-10-25,70.02,70.54,68.32,70.02,1154690
2018-10-26,71.13,71.18,70.54,70.89,643020
2018-10-29,70.89,70.89,69.26,70.02,488810
2018-10-30,70.02,70.02,68.44,68.44,535070
2018-10-31,68.44,68.85,66.81,67.74,1075800
2018-11-01,68.27,68.27,65.06,66.69,1724930
2018-11-02,66.69,69.32,66.69,69.14,1601100
2018-11-05,68.32,68.91,67.04,67.97,841100
2018-11-06,67.97,69.32,67.39,68.67,1599760
2018-11-07,68.67,70.31,68.67,69.73,1339350
2018-11-08,70.48,70.6,69.73,70.02,815890
2018-11-09,68.85,69.55,68.21,68.27,728150
2018-11-12,67.27,68.27,67.16,68.27,596940
2018-11-13,67.22,68.15,66.98,67.68,483810
2018-11-14,67.68,69.02,67.57,68.56,674260
2018-11-15,68.56,68.85,67.1,68.27,556360
2018-11-16,68.27,68.56,67.1,67.1,566540
2018-11-19,67.68,67.86,67.04,67.33,739450
2018-11-20,67.33,68.03,67.27,67.97,715090
2018-11-21,67.68,69.55,67.51,69.55,1113540
2018-11-22,69.55,70.19,69.55,70.08,933880
2018-11-23,69.96,69.96,68.56,68.85,416930
2018-11-26,68.97,72.0,68.85,71.83,1817580
2018-11-27,72.64,74.39,71.88,73.81,1882720
2018-11-28,73.52,75.27,73.52,74.68,1330740
2018-11-29,74.98,74.98,73.69,73.69,970820
2018-11-30,73.52,74.98,73.52,74.68,1417590
2018-12-03,74.68,78.19,74.68,77.95,1282310
2018-12-04,78.19,79.64,77.95,79.64,1001800
2018-12-05,78.48,78.89,77.08,77.6,1107160
2018-12-06,77.02,77.49,75.79,76.84,1089360
2018-12-07,77.08,78.54,77.08,78.13,509830
2018-12-10,78.13,79.64,77.89,78.77,1003810
2018-12-11,78.65,79.06,77.89,78.65,443060
2018-12-12,78.24,78.71,77.6,78.19,782440
2018-12-13,78.19,79.35,78.19,78.77,643110
2018-12-14,78.77,79.0,78.42,78.77,260170
2018-12-17,78.77,78.77,78.13,78.13,1043020
2018-12-18,76.14,77.02,76.14,76.84,811850
2018-12-19,76.49,76.73,75.27,75.33,484090
2018-12-20,75.27,75.27,73.63,73.63,539710
2018-12-21,72.7,72.93,71.24,71.48,1901570
2018-12-24,71.77,73.81,71.77,73.28,459230
2018-12-25,72.47,72.76,71.77,72.7,349610
2018-12-26,72.7,72.7,71.48,72.35,670520
2018-12-27,72.94,74.06,72.47,72.47,772610
2018-12-28,72.94,73.65,70.59,70.59,1013580
2019-01-02,71.47,72.94,71.18,72.94,403570
2019-01-03,72.94,72.94,71.53,72.29,449730
2019-01-04,72.06,73.53,71.18,73.53,498470
2019-01-07,75.12,77.06,73.82,77.06,897430
2019-01-08,77.29,77.29,75.71,76.47,448350
2019-01-09,76.47,77.94,75.88,77.59,636050
2019-01-10,77.59,77.65,77.0,77.47,301700
2019-01-11,77.47,78.82,77.47,78.82,954110
2019-01-14,78.24,79.41,78.18,79.41,611420
2019-01-15,79.41,79.53,78.82,79.35,598510
2019-01-16,78.82,79.24,77.65,78.24,562220
2019-01-17,78.24,78.47,77.41,77.77,514870
2019-01-18,78.24,79.35,78.24,78.82,545600
2019-01-21,78.88,78.88,77.82,78.71,279380
2019-01-22,78.94,79.41,78.24,78.82,399040
2019-01-23,79.35,79.41,78.71,79.12,1028650
2019-01-24,79.41,79.71,79.0,79.71,1077600
2019-01-25,80.0,80.18,79.77,79.94,813810
2019-01-28,80.29,80.35,79.94,80.29,487650
2019-01-29,80.59,80.59,79.71,80.29,371010
2019-01-30,80.35,80.35,79.71,79.71,279280
2019-01-31,80.29,80.29,78.53,79.41,812290
2019-02-01,79.88,79.88,78.24,79.41,731430
2019-02-11,79.41,81.12,79.35,80.59,1357210
2019-02-12,81.18,81.29,80.59,81.18,957440
2019-02-13,81.18,81.41,80.12,81.35,764480
2019-02-14,81.35,82.53,81.18,82.0,1341090
2019-02-15,82.35,82.53,82.06,82.47,910160
2019-02-18,82.59,83.82,82.53,83.53,1082650
2019-02-19,84.12,84.29,83.77,83.88,1974200
2019-02-20,84.12,84.41,84.0,84.12,983460
2019-02-21,84.41,87.71,84.12,87.35,1859260
2019-02-22,87.65,87.94,87.24,87.59,814320
2019-02-25,87.65,89.77,87.47,89.18,1211040
2019-02-26,88.24,89.41,85.29,85.94,806810
2019-02-27,86.06,88.24,86.06,86.88,484610
2019-02-28,87.35,87.35,83.0,83.0,976450
2019-03-01,84.65,84.65,83.18,83.18,868720
2019-03-04,83.24,84.65,83.24,84.06,876760
2019-03-05,83.82,84.0,83.29,83.53,532510
2019-03-06,83.53,84.0,81.47,82.94,711250
2019-03-07,83.12,83.53,82.06,82.18,708000
2019-03-08,81.77,82.06,79.77,80.59,980860
2019-03-11,80.29,81.71,80.29,80.94,423100
2019-03-12,81.18,82.06,81.18,81.77,560360
2019-03-13,82.06,82.41,81.29,81.35,616010
2019-03-14,81.77,81.77,80.41,80.88,920860
2019-03-15,80.71,81.18,80.29,80.59,1254050
2019-03-18,81.18,81.53,80.88,81.18,910690
2019-03-19,81.18,81.18,80.35,80.53,936230
2019-03-20,80.29,81.47,79.53,81.47,1269860
2019-03-21,81.77,82.29,80.0,80.0,885480
2019-03-22,80.0,80.59,79.71,80.29,526570
2019-03-25,79.24,80.29,79.18,80.29,582580
2019-03-26,80.29,80.82,80.0,80.29,684470
2019-03-27,80.35,80.71,80.18,80.29,682000
2019-03-28,80.24,80.29,79.53,79.53,816770
2019-03-29,79.53,80.29,79.29,79.29,1357400
2019-04-01,79.71,81.53,79.41,81.53,796720
2019-04-02,82.29,82.29,80.77,81.77,1233340
2019-04-03,81.77,81.77,80.94,81.47,683970
2019-04-04,81.41,82.24,81.18,81.18,469730
2019-04-05,81.18,81.18,80.18,80.18,1017700
2019-04-08,80.82,81.0,80.29,80.71,546190
2019-04-09,81.12,81.12,79.41,79.65,1148040
2019-04-10,79.41,80.29,79.41,79.59,873110
2019-04-11,79.59,80.12,79.59,79.77,383850
2019-04-12,79.77,80.06,79.35,79.82,684520
2019-04-16,79.41,80.24,79.41,80.0,514140
2019-04-17,80.24,80.53,79.35,79.41,864260
2019-04-18,79.41,79.71,79.35,79.53,601240
2019-04-19,79.71,79.77,77.94,78.24,599290
2019-04-22,77.06,77.65,76.0,76.24,1417290
2019-04-23,75.35,76.18,74.53,74.71,974950
2019-04-24,75.18,76.18,74.94,76.18,482490
2019-04-25,76.24,76.29,75.47,76.18,414330
2019-04-26,76.35,76.65,76.06,76.35,565240
2019-05-02,76.47,77.12,76.29,76.47,736990
2019-05-03,77.06,77.06,76.41,77.06,486390
2019-05-06,76.65,76.65,75.29,75.94,368910
2019-05-07,76.41,76.47,76.0,76.18,723470
2019-05-08,75.35,75.94,75.29,75.29,628830
2019-05-09,75.59,75.94,75.29,75.41,287680
2019-05-10,75.59,76.53,75.59,76.53,366690
2019-05-13,76.35,78.77,76.35,78.77,974030
2019-05-14,77.77,80.24,77.77,79.71,1097910
2019-05-15,79.71,80.24,79.06,79.77,355850
2019-05-16,79.59,80.24,79.41,80.24,702130
2019-05-17,80.29,80.29,79.71,79.77,435380
2019-05-20,79.41,80.94,79.24,80.88,450900
2019-05-21,80.59,80.59,78.53,78.53,762310
2019-05-22,78.82,79.41,77.59,77.71,619370
2019-05-23,77.18,78.24,77.18,77.71,429290
2019-05-24,77.06,78.53,76.71,76.77,765150
2019-05-27,77.06,78.82,76.41,78.82,320060
2019-05-28,78.82,79.12,77.47,77.65,608790
2019-05-29,77.88,78.65,77.53,78.18,271730
2019-05-30,78.12,78.24,77.35,77.35,542710
2019-05-31,77.29,77.53,76.18,76.18,711390
2019-06-03,76.18,76.53,74.77,75.29,717990
2019-06-04,75.59,75.88,75.29,75.65,472650
2019-06-05,76.54,76.9,75.59,75.89,358780
2019-06-06,75.89,76.07,74.94,75.29,548650
2019-06-07,75.17,75.83,75.17,75.35,362030
2019-06-10,75.59,76.07,74.94,75.53,561260
2019-06-11,75.59,75.59,74.64,74.7,565400
2019-06-12,74.52,74.88,74.46,74.52,699880
2019-06-13,74.52,74.52,73.09,73.33,1125310
2019-06-14,73.21,73.92,73.15,73.63,665880
2019-06-17,73.63,73.69,73.09,73.63,632730
2019-06-18,73.21,73.63,73.21,73.21,1039070
2019-06-19,73.21,73.63,73.21,73.45,929690
2019-06-20,73.51,73.51,73.27,73.39,1010200
2019-06-21,74.7,74.7,73.39,74.7,2613920
2019-06-24,74.94,74.94,73.27,73.27,615090
2019-06-25,73.27,73.92,73.27,73.45,704890
2019-06-26,73.27,73.75,73.21,73.51,497730
2019-06-27,73.51,73.69,73.15,73.27,802160
2019-06-28,73.21,73.33,72.32,73.21,919970
2019-07-01,73.21,74.46,73.21,74.4,991440
2019-07-02,74.4,75.06,74.16,74.46,716810
2019-07-03,74.52,75.17,74.28,75.0,657870
2019-07-04,75.11,75.35,75.06,75.11,613870
2019-07-05,75.11,75.35,74.82,75.11,520290
2019-07-08,74.82,74.82,73.81,73.92,969080
2019-07-09,73.92,74.4,73.57,74.4,951440
2019-07-10,74.4,74.7,74.28,74.4,420940
2019-07-11,74.7,74.7,74.4,74.52,277200
2019-07-12,74.52,74.58,73.81,73.81,370730
2019-07-15,73.75,73.81,73.33,73.33,703320
2019-07-16,73.69,73.92,73.51,73.81,512540
2019-07-17,73.81,74.94,73.75,74.64,965170
2019-07-18,74.4,74.64,74.1,74.16,707720
2019-07-19,74.16,75.65,74.16,75.53,1381230
2019-07-22,75.29,75.29,74.7,74.7,721980
2019-07-23,74.7,74.76,74.28,74.64,764550
2019-07-24,75.0,75.53,74.52,74.76,593800
2019-07-25,74.4,74.7,74.4,74.46,686030
2019-07-26,74.58,74.94,74.1,74.1,526110
2019-07-29,73.86,74.04,73.21,73.51,1095840
2019-07-30,74.4,74.76,73.51,73.51,921500
2019-07-31,73.51,73.81,73.15,73.33,816150
2019-08-01,73.51,74.1,73.33,73.92,502790
2019-08-02,73.51,73.92,73.39,73.81,471510
2019-08-05,73.51,74.04,72.61,72.61,882750
2019-08-06,72.02,72.02,70.95,71.54,938500
2019-08-07,71.54,72.5,71.54,72.02,731780
2019-08-08,72.02,72.38,71.54,71.96,570640
2019-08-09,71.96,72.44,71.9,72.02,726150
2019-08-12,72.02,72.02,71.66,71.78,442330
2019-08-13,71.42,71.54,70.23,70.23,1178780
2019-08-14,70.95,71.36,70.65,70.65,677360
2019-08-15,69.82,72.61,69.82,72.61,673120
2019-08-16,72.02,74.82,71.72,73.86,1074270
2019-08-19,74.1,74.52,74.04,74.34,758210
2019-08-20,74.34,74.34,73.86,74.04,787020
2019-08-21,73.81,73.98,73.51,73.75,580860
2019-08-22,73.75,73.98,73.69,73.81,525610
2019-08-23,73.86,73.92,73.21,73.21,621830
2019-08-26,72.61,72.73,71.54,71.72,839870
2019-08-27,72.32,72.5,70.83,70.83,943130
2019-08-28,71.42,71.48,70.95,71.07,521700
2019-08-29,71.42,73.21,71.31,73.21,561530
2019-08-30,73.21,73.92,73.03,73.21,797090
2019-09-03,73.21,73.98,73.21,73.81,744840
2019-09-04,73.81,73.81,72.97,73.69,405800
2019-09-05,73.92,73.92,72.61,72.61,587180
2019-09-06,72.61,73.27,72.61,73.09,315980
2019-09-09,73.21,74.1,72.91,74.1,498850
2019-09-10,73.98,73.98,73.39,73.63,647890
2019-09-11,73.69,73.81,72.67,72.67,401410
2019-09-12,72.91,73.39,72.26,72.61,600870
2019-09-13,72.73,72.91,72.32,72.67,503530
2019-09-16,73.52,73.52,72.68,73.52,604710
2019-09-17,73.52,74.43,73.04,74.13,482570
2019-09-18,73.83,74.98,73.64,74.85,972940
2019-09-19,74.73,74.98,74.13,74.79,725700
2019-09-20,74.85,74.85,73.89,73.89,1623350
2019-09-23,74.43,75.7,74.25,75.34,1560140
2019-09-24,75.34,77.21,75.22,76.79,1340450
2019-09-25,76.43,76.79,75.94,76.49,617630
2019-09-26,76.91,78.73,76.55,78.67,1613560
2019-09-27,78.67,79.33,78.3,78.73,1183530
2019-09-30,78.73,79.09,78.3,78.48,885490
2019-10-01,78.36,78.48,77.27,77.46,1207380
2019-10-02,77.15,77.34,76.37,76.85,2070220
2019-10-03,76.25,78.06,75.94,78.06,825310
2019-10-04,78.12,79.21,77.76,77.82,641540
2019-10-07,77.7,78.67,77.58,78.12,833680
2019-10-08,77.82,78.24,77.82,78.06,537440
2019-10-09,77.94,77.94,76.73,76.85,663150
2019-10-10,76.67,77.76,76.67,76.85,442150
2019-10-11,76.85,77.46,76.79,77.46,631310
2019-10-14,78.06,78.06,77.4,77.82,586040
2019-10-15,77.76,78.36,77.27,77.64,1165130
2019-10-16,77.64,79.21,77.64,78.91,1321580
2019-10-17,78.91,80.12,78.79,79.27,1409580
2019-10-18,79.57,80.48,79.57,80.18,1116920
2019-10-21,80.18,81.99,79.82,80.84,2006630
2019-10-22,81.09,81.33,80.06,80.18,1398920
2019-10-23,80.18,80.3,79.39,80.06,847820
2019-10-24,80.0,80.72,80.0,80.24,520890
2019-10-25,80.24,81.39,80.18,81.39,816560
2019-10-28,81.39,81.93,80.84,80.97,558360
2019-10-29,80.91,81.63,80.84,81.15,520280
2019-10-30,81.33,81.57,79.27,79.88,1301690
2019-10-31,79.88,79.88,77.94,78.67,2550480
2019-11-01,78.79,80.48,78.79,80.12,969370
2019-11-04,80.48,80.48,79.03,79.45,1407970
2019-11-05,79.45,79.45,78.18,78.18,1876790
2019-11-06,78.06,78.97,77.76,78.73,1184100
2019-11-07,78.36,78.55,77.88,78.12,866170
2019-11-08,78.12,78.85,78.0,78.18,1193130
2019-11-11,78.18,78.79,78.06,78.24,645500
2019-11-12,78.24,78.24,77.03,77.15,1934480
2019-11-13,77.15,77.15,75.88,75.94,1956940
2019-11-14,76.25,76.49,76.0,76.19,695470
2019-11-15,76.25,76.25,72.62,74.43,2384360
2019-11-18,74.43,74.67,72.86,73.1,1671470
2019-11-19,72.86,75.28,72.86,75.28,1078610
2019-11-20,75.34,75.52,74.61,75.04,1150700
2019-11-21,74.73,74.91,73.64,73.83,1395000
2019-11-22,74.07,74.55,73.4,73.52,719680
2019-11-25,73.95,74.61,72.98,74.37,680740
2019-11-26,74.37,75.04,74.25,74.43,971390
2019-11-27,74.85,74.85,73.89,73.89,366920
2019-11-28,73.89,74.01,72.86,73.89,1107720
2019-11-29,73.83,74.07,73.34,73.52,549840
2019-12-02,73.52,73.52,71.59,71.59,1489150
2019-12-03,71.28,71.28,70.26,70.44,1422610
2019-12-04,70.44,71.89,70.44,71.89,693700
2019-12-05,72.43,72.43,71.28,71.28,694150
2019-12-06,71.34,71.34,70.38,70.38,937120
2019-12-09,70.38,71.53,70.38,71.47,766050
2019-12-10,71.47,71.83,71.1,71.53,850090
2019-12-11,71.22,71.77,70.98,71.77,793940
2019-12-12,72.01,72.31,71.95,72.13,701380
2019-12-13,72.19,72.55,71.4,71.4,564680
2019-12-16,71.71,71.89,71.22,71.83,751280
2019-12-17,71.89,71.89,70.86,70.86,829630
2019-12-18,71.04,72.01,70.98,71.77,1400340
2019-12-19,71.77,72.62,71.77,72.43,1582510
2019-12-20,72.62,72.8,72.31,72.62,1822570
2019-12-23,72.62,72.62,71.4,71.4,786100
2019-12-24,71.4,71.89,71.4,71.77,577000
2019-12-25,72.31,72.31,71.22,71.4,541190
2019-12-26,71.9,72.02,71.41,71.41,345150
2019-12-27,71.41,72.32,70.8,72.14,383460
2019-12-30,71.9,72.02,71.1,71.1,672140
2019-12-31,72.63,72.63,71.04,71.1,387640
2020-01-02,71.41,72.14,71.1,71.96,352700
2020-01-03,72.14,72.63,72.14,72.2,625390
2020-01-06,72.14,72.14,71.28,71.65,495910
2020-01-07,71.71,72.51,71.71,72.32,459520
2020-01-08,72.32,72.51,71.71,72.51,837710
2020-01-09,72.63,72.93,72.26,72.38,624130
2020-01-10,72.38,72.75,72.26,72.57,596280
2020-01-13,72.63,72.63,71.65,71.65,412880
2020-01-14,71.65,72.08,71.47,71.9,335180
2020-01-15,71.9,71.96,71.53,71.9,681740
2020-01-16,71.9,72.32,71.53,72.14,545090
2020-01-17,72.14,72.38,71.9,72.38,375030
2020-01-20,72.63,72.75,72.26,72.63,493600
2020-01-21,72.63,74.4,72.38,73.85,853940
2020-01-22,74.4,74.4,73.85,74.03,794440
2020-01-30,72.63,73.12,70.92,71.16,1533720
2020-01-31,71.04,71.16,66.22,66.22,1915820
2020-02-03,61.95,67.44,61.64,66.1,2289150
2020-02-04,67.07,67.13,63.53,64.08,1869040
2020-02-05,64.94,65.73,63.05,65.06,1545750
2020-02-06,64.69,66.28,64.63,65.61,2137020
2020-02-07,65.73,67.44,65.67,67.26,1523380
2020-02-10,66.52,66.77,65.49,66.52,910510
2020-02-11,66.52,66.52,65.3,65.43,885960
2020-02-12,65.91,65.91,65.43,65.43,838170
2020-02-13,65.43,65.61,65.06,65.24,713560
2020-02-14,65.43,65.55,65.06,65.06,708080
2020-02-17,65.18,65.67,65.18,65.61,623350
2020-02-18,65.79,65.79,64.27,64.39,1078500
2020-02-19,64.08,65.12,64.08,64.94,747510
2020-02-20,65.3,65.61,64.88,64.94,624620
2020-02-21,65.61,66.77,65.61,66.22,1484500
2020-02-24,65.3,65.79,64.69,64.94,954600
2020-02-25,64.88,66.22,64.69,65.91,1200220
2020-02-26,65.12,65.12,64.08,64.08,1346630
2020-02-27,64.08,65.55,63.35,65.55,863890
2020-02-28,64.27,64.75,62.86,63.78,1437350
2020-03-02,63.78,64.39,63.35,63.78,909240
2020-03-03,64.39,64.82,63.84,64.27,741380
2020-03-04,64.27,64.69,63.78,63.96,612800
2020-03-05,64.08,64.63,63.78,63.78,438020
2020-03-06,63.78,63.96,63.23,63.59,664920
2020-03-09,61.03,62.56,59.2,59.2,2356790
2020-03-10,58.59,62.13,58.59,62.07,1761300
2020-03-11,62.25,64.08,60.54,62.01,2292410
2020-03-12,59.32,61.95,59.2,61.58,2431600
2020-03-13,58.1,61.4,58.1,60.48,2159130
2020-03-16,60.48,60.54,58.9,59.2,1087080
2020-03-17,58.59,58.83,57.98,58.59,1788240
2020-03-18,58.71,59.69,57.98,57.98,1322150
2020-03-19,56.76,57.37,54.32,54.32,2774560
2020-03-20,54.32,55.72,54.32,54.93,2316660
2020-03-23,54.38,54.38,51.08,51.08,2187710
2020-03-24,51.08,53.89,51.08,52.55,1739530
2020-03-25,55.29,56.21,54.99,56.15,2993020
2020-03-26,56.33,57.98,54.2,57.37,2556450
2020-03-27,57.37,58.16,56.15,57.43,2755950
2020-03-30,54.93,56.45,54.32,55.66,1559900
2020-03-31,56.33,57.0,54.93,55.54,1293290
2020-04-01,55.54,57.37,55.54,57.37,1155730
2020-04-03,57.67,58.29,57.37,57.98,1934430
2020-04-06,58.9,58.96,57.98,58.71,1840550
2020-04-07,58.9,60.42,58.47,60.12,2273090
2020-04-08,59.81,60.42,58.9,60.42,904920
2020-04-09,60.97,61.58,60.54,61.09,1220550
2020-04-10,61.03,61.03,59.87,60.79,1111470
2020-04-13,60.79,60.91,59.99,60.48,1127670
2020-04-14,60.73,60.85,60.24,60.42,1059560
2020-04-15,60.85,60.85,60.54,60.54,886130
2020-04-16,60.6,60.73,60.36,60.6,1155660
2020-04-17,61.03,61.09,60.42,60.6,1767310
2020-04-20,61.03,61.76,61.03,61.03,1471680
2020-04-21,61.03,61.03,58.47,59.08,2129360
2020-04-22,58.65,59.57,58.47,59.51,1085950
2020-04-23,60.18,60.18,58.53,58.65,1443180
2020-04-24,60.6,62.74,59.51,62.74,3624460
2020-04-27,65.0,65.0,62.74,62.74,1950560
2020-04-28,62.74,62.86,60.85,61.34,1401520
2020-04-29,60.73,60.97,60.42,60.42,1769090
2020-05-04,59.2,60.42,59.2,59.57,1235970
2020-05-05,60.3,61.58,59.81,61.34,1163800
2020-05-06,61.46,61.95,60.85,61.95,1105020
2020-05-07,62.01,63.35,61.95,63.11,1583260
2020-05-08,63.78,65.67,63.47,64.08,3184170
2020-05-11,64.08,66.22,63.9,66.22,1792200
2020-05-12,66.22,69.82,65.55,69.51,2944650
2020-05-13,69.09,70.19,67.13,69.39,2507730
2020-05-14,68.72,69.51,68.66,68.97,1397750
2020-05-15,68.97,69.27,66.77,67.62,2320230
2020-05-18,67.62,68.23,66.52,67.81,898370
2020-05-19,69.45,69.82,68.54,68.72,1432400
2020-05-20,68.66,69.82,68.66,69.58,1199680
2020-05-21,69.58,70.19,69.27,70.19,1582090
2020-05-22,69.82,70.06,69.27,69.82,1083060
2020-05-25,69.88,71.77,69.64,71.77,1581860
2020-05-26,72.02,72.02,70.31,71.77,983170
2020-05-27,71.83,71.9,70.19,70.19,1108350
2020-05-28,70.19,70.8,70.06,70.06,1004500
2020-05-29,69.27,70.31,69.27,70.19,1203680
2020-06-01,70.25,71.41,70.25,70.86,1047020
2020-06-02,70.86,71.41,70.61,70.8,891910
2020-06-03,70.92,72.08,70.55,71.16,1322080
2020-06-04,71.41,71.96,71.41,71.9,735420
2020-06-05,71.9,72.75,71.22,72.75,1076470
2020-06-08,72.75,75.31,72.69,74.95,1419750
2020-06-09,75.13,76.9,75.13,76.29,1704320
2020-06-10,76.9,76.9,74.95,75.07,1242180
2020-06-11,75.07,76.29,73.85,74.64,1098260
2020-06-12,72.02,73.12,69.94,72.02,2394330
2020-06-15,73.24,73.79,68.36,68.36,2058870
2020-06-16,69.94,71.71,69.58,71.41,844740
2020-06-17,71.41,71.53,70.43,70.55,513570
2020-06-18,70.55,71.16,69.64,70.31,523160
2020-06-19,70.31,71.1,70.19,70.19,1251600
2020-06-22,70.43,70.74,70.06,70.43,867620
2020-06-23,70.8,71.04,70.55,70.8,1063470
2020-06-24,71.04,72.26,71.04,71.47,750960
2020-06-25,71.1,71.1,70.37,71.04,572770
2020-06-26,71.16,71.47,70.43,70.74,495750
2020-06-29,70.49,70.67,68.07,69.19,1519040
2020-06-30,69.87,70.18,69.19,69.68,797960
2020-07-01,69.68,71.1,69.25,70.92,450020
2020-07-02,70.98,71.04,69.87,69.87,720480
2020-07-03,69.87,70.61,69.74,70.55,729290
2020-07-06,70.79,72.09,70.67,72.03,1319980
2020-07-07,72.03,72.4,71.72,71.72,1024960
2020-07-08,71.72,71.72,71.41,71.41,551310
2020-07-09,71.41,72.15,71.41,71.66,1560410
2020-07-10,71.72,71.97,71.29,71.29,677180
2020-07-13,71.29,71.6,70.67,70.98,943850
2020-07-14,70.61,71.23,70.42,71.23,731170
2020-07-15,71.72,72.34,71.72,71.72,1015000
2020-07-16,72.15,72.65,71.85,72.65,1112460
2020-07-17,72.15,72.59,72.03,72.22,583510
2020-07-20,71.72,72.15,71.41,71.54,474700
2020-07-21,71.54,71.91,70.86,71.72,1618780
2020-07-22,71.35,71.72,70.55,70.55,1051320
2020-07-23,70.61,70.86,70.18,70.61,766500
2020-07-24,70.61,70.61,67.39,68.69,2313270
2020-07-27,66.22,66.53,63.93,63.93,2553780
2020-07-28,64.3,67.95,64.3,67.95,1390810
2020-07-29,67.08,67.33,65.23,65.54,1497450
2020-07-30,66.78,67.7,66.03,67.39,1028620
2020-07-31,66.16,67.52,65.85,66.16,839830
2020-08-03,66.78,68.01,66.59,67.52,860190
2020-08-04,68.63,68.82,67.95,68.82,765170
2020-08-05,68.94,70.24,68.01,69.31,888080
2020-08-06,69.43,71.72,69.31,70.98,1360570
2020-08-07,71.1,71.72,70.98,71.41,1148200
2020-08-10,71.72,72.03,70.79,70.79,1412680
2020-08-11,71.04,71.1,70.49,70.79,852250
2020-08-12,70.79,71.66,70.79,71.47,1451960
2020-08-13,71.97,72.09,71.66,71.97,1238980
2020-08-14,72.09,72.96,71.85,72.15,1623690
2020-08-17,72.34,72.9,71.29,72.34,906890
2020-08-18,72.34,72.59,71.47,71.47,604570
2020-08-19,71.72,71.72,71.04,71.29,981840
2020-08-20,71.29,71.6,70.86,71.23,1254280
2020-08-21,71.41,71.72,71.17,71.47,884990
2020-08-24,72.03,72.71,71.72,72.03,1526860
2020-08-25,72.34,72.9,72.22,72.53,1693030
2020-08-26,72.96,73.08,72.28,72.4,1922780
2020-08-27,72.65,72.9,72.34,72.46,799570
2020-08-28,72.83,74.19,72.46,73.76,1341270
2020-08-31,74.38,74.81,73.89,74.81,1634090
2020-09-01,74.81,76.17,74.32,76.17,1448060
2020-09-03,76.36,77.16,76.36,77.1,2016680
2020-09-04,76.48,77.29,76.11,77.29,1711980
2020-09-07,77.29,79.39,77.22,77.9,2178380
2020-09-08,77.84,78.77,76.61,76.79,1809570
2020-09-09,75.74,76.61,75.12,76.54,1621920
2020-09-10,77.29,77.53,76.92,77.1,848330
2020-09-11,76.79,77.1,76.36,76.54,956670
2020-09-14,76.92,77.29,76.67,76.79,1194170
2020-09-15,76.79,77.22,76.67,77.16,882030
2020-09-16,77.29,77.29,76.61,76.79,724510
2020-09-17,76.67,77.78,76.67,76.98,1376570
2020-09-18,77.04,78.15,76.79,78.15,1224030
2020-09-21,78.21,80.5,78.15,80.44,2614310
2020-09-22,80.44,80.5,79.45,80.13,1244610
2020-09-23,80.32,80.5,79.82,79.88,1042800
2020-09-24,79.26,79.7,78.71,78.71,1506610
2020-09-25,79.02,79.14,78.83,78.96,1011140
2020-09-28,79.14,79.51,78.71,79.33,2169790
2020-09-29,82.91,84.87,81.4,82.31,5191680
2020-09-30,82.91,83.97,81.78,82.08,1432380
2020-10-01,82.16,82.46,81.33,82.38,1702500
2020-10-02,82.53,82.99,80.42,81.4,2864220
2020-10-05,81.4,82.16,80.65,80.88,1427600
2020-10-06,80.88,81.4,80.27,80.65,2044710
2020-10-07,80.5,81.4,80.27,81.4,2153700
2020-10-08,81.33,81.33,80.5,80.57,1325810
2020-10-09,80.65,80.73,80.35,80.42,980970
2020-10-12,80.57,81.25,80.35,80.65,1209250
2020-10-13,80.65,81.4,80.57,80.73,858550
2020-10-14,80.73,81.18,80.5,80.95,1299160
2020-10-15,81.25,81.33,80.65,81.03,1854560
2020-10-16,81.03,81.4,80.57,80.95,1637740
2020-10-19,80.95,81.63,80.95,81.18,1617740
2020-10-20,80.88,81.1,79.9,80.05,2150990
2020-10-21,80.27,80.57,79.9,80.2,805550
2020-10-22,80.5,80.5,79.22,80.42,2422540
2020-10-23,81.03,82.91,80.73,82.91,2946790
2020-10-26,83.66,84.8,82.91,83.29,2313520
2020-10-27,82.91,83.66,82.23,82.61,1721090
2020-10-28,82.01,82.16,80.27,80.95,2609180
2020-10-29,80.27,80.8,79.59,80.57,1723240
2020-10-30,80.65,81.4,79.37,81.4,2683620
2020-11-02,80.65,81.4,80.65,81.1,867340
2020-11-03,81.1,81.4,80.65,81.18,870230
2020-11-04,81.4,82.46,80.95,81.4,1342780
2020-11-05,81.4,82.46,81.4,82.01,1891270
2020-11-06,82.31,82.46,81.4,82.01,1011020
2020-11-09,82.16,82.46,81.78,82.01,1066640
2020-11-10,82.23,82.31,81.03,81.03,2297200
2020-11-11,81.33,81.33,79.9,81.03,2429710
2020-11-12,80.65,81.03,80.42,80.65,1074590
2020-11-13,80.65,80.95,80.65,80.95,1089500
2020-11-16,81.03,81.93,80.65,80.73,2571160
2020-11-17,80.88,81.18,80.65,81.1,1648330
2020-11-18,81.48,82.53,81.25,82.46,3396750
2020-11-19,82.46,82.68,82.16,82.68,3140680
2020-11-20,82.84,84.04,82.23,83.59,2801420
2020-11-23,83.66,83.89,82.76,83.36,2104330
2020-11-24,83.36,83.59,82.16,82.61,1937130
2020-11-25,82.84,83.66,82.23,83.29,2190900
2020-11-26,83.59,83.59,82.38,82.84,1490270
2020-11-27,82.84,82.84,81.93,82.76,2823860
2020-11-30,82.76,82.91,81.4,81.55,2687040
2020-12-01,80.88,82.76,80.8,82.68,2493230
2020-12-02,82.61,82.76,81.93,82.16,1332460
2020-12-03,82.16,82.84,82.01,82.53,1108730
2020-12-04,82.53,82.68,82.01,82.16,1571130
2020-12-07,82.16,83.59,82.01,82.91,1970400
2020-12-08,82.99,83.14,82.16,82.31,1468350
2020-12-09,82.91,82.99,82.38,82.68,1701940
2020-12-10,83.14,85.85,83.14,84.42,6077770
2020-12-11,84.42,85.02,84.27,84.87,2297940
2020-12-14,85.02,85.47,84.72,85.47,2535300
2020-12-15,85.17,85.4,83.51,83.82,4572910
2020-12-16,83.82,84.64,83.44,84.12,2106480
2020-12-17,83.66,83.66,83.14,83.21,2951870
2020-12-18,83.29,83.66,82.91,83.21,3342900
2020-12-21,83.21,83.97,83.06,83.66,2341080
2020-12-22,83.59,83.59,82.76,82.84,2266760
2020-12-23,82.84,83.97,82.84,83.06,2432590
2020-12-24,83.06,83.29,81.4,81.93,2511360
2020-12-25,82.01,82.23,81.48,82.16,1755510
2020-12-28,82.16,82.68,81.63,81.93,2305300
2020-12-29,82.16,82.46,81.86,82.31,1299700
2020-12-30,82.31,83.06,81.86,82.01,1856600
2020-12-31,82.16,82.84,82.01,82.01,993810
2021-01-04,82.68,82.76,82.16,82.38,2299600
2021-01-05,82.76,85.19,82.46,84.28,4013900
2021-01-06,84.43,84.66,83.52,83.52,2823100
2021-01-07,83.67,84.28,83.52,83.98,2453000
2021-01-08,84.81,85.88,84.36,85.19,3323000
2021-01-11,85.57,88.24,85.57,88.16,4603900
2021-01-12,88.62,88.77,87.78,88.46,2344900
2021-01-13,88.46,89.15,86.87,87.1,2521600
2021-01-14,87.02,87.02,85.65,86.03,3680400
2021-01-15,86.33,87.7,86.03,86.64,2125700
2021-01-18,86.79,87.55,86.18,86.18,2624000
2021-01-19,86.18,86.18,81.39,81.92,3668300
2021-01-20,82.76,83.29,80.63,82.91,3363700
2021-01-21,83.6,84.2,82.76,83.9,2531200
2021-01-22,83.82,84.28,82.68,82.68,2429000
2021-01-25,82.84,83.44,82.15,82.3,2554800
2021-01-26,82.23,82.53,79.87,81.16,2596900
2021-01-27,80.63,81.24,77.97,78.58,3153800
2021-01-28,76.07,77.51,73.1,73.1,4565600
2021-01-29,73.02,78.2,73.02,78.2,4140500
2021-02-01,78.35,80.02,77.59,78.12,2934800
2021-02-02,77.82,81.39,77.82,80.93,3350900
2021-02-03,80.93,83.44,80.93,83.44,3056500
2021-02-04,83.44,83.44,81.39,82.76,1896800
2021-02-05,82.61,83.67,82.61,83.37,2231200
2021-02-08,83.29,83.37,78.96,80.1,4331600
2021-02-09,80.1,82.84,79.79,82.15,1931700
2021-02-17,82.15,82.84,81.62,82.68,2872300
2021-02-18,82.68,82.91,81.77,82.91,2847400
2021-02-19,82.0,82.38,81.47,82.15,2696500
2021-02-22,81.69,82.0,81.62,81.77,3006200
2021-02-23,81.77,82.15,80.78,81.39,3048400
2021-02-24,81.47,82.08,80.25,80.48,2801000
2021-02-25,80.55,80.86,79.26,79.56,4282900
2021-02-26,78.8,79.79,78.65,79.72,3357800
2021-03-01,80.25,80.55,79.87,80.33,2179000
2021-03-02,80.78,81.01,79.11,79.79,3050100
2021-03-03,79.72,79.79,79.11,79.49,2551300
2021-03-04,80.02,80.25,78.35,78.65,2755100
2021-03-05,78.42,78.42,77.36,78.35,4187600
2021-03-08,78.73,78.8,77.36,77.74,3208200
2021-03-09,76.9,77.21,76.22,76.45,4141900
2021-03-10,76.45,77.97,75.91,76.9,3391300
2021-03-11,77.97,78.96,77.66,78.2,2417000
2021-03-12,78.35,78.58,77.36,77.74,2704600
2021-03-15,78.2,78.35,77.66,77.74,2379400
2021-03-16,77.74,77.82,76.14,76.83,4121100
2021-03-17,76.83,76.83,76.14,76.45,3568400
2021-03-18,76.83,77.97,76.83,77.97,2553400
2021-03-19,77.74,77.74,77.13,77.36,2339400
2021-03-22,77.36,77.44,76.52,76.67,3416300
2021-03-23,76.52,76.6,75.84,76.22,4554300
2021-03-24,75.76,76.07,74.92,75.08,3192200
2021-03-25,75.38,75.84,74.77,74.92,3152700
2021-03-26,74.54,74.92,73.48,74.09,3653700
2021-03-29,74.54,75.99,74.39,75.31,2790300
2021-03-30,75.76,76.14,75.0,75.46,2590400
2021-03-31,75.38,75.38,74.54,74.85,2815600
2021-04-01,74.92,76.83,74.54,76.83,5594000
2021-04-02,77.97,79.11,77.66,78.12,3840000
2021-04-05,79.49,79.49,77.74,78.04,2822700
2021-04-06,78.04,78.12,76.67,77.21,3452600
2021-04-07,76.83,76.83,76.07,76.14,3503700
2021-04-08,76.37,76.45,75.61,75.99,3603800
2021-04-09,76.07,76.07,75.46,75.91,2716700
2021-04-12,76.07,76.29,75.69,76.07,3632400
2021-04-13,76.67,77.36,75.84,76.07,3799100
2021-04-14,75.99,76.07,75.23,75.53,3498500
2021-04-15,75.76,76.45,75.23,75.38,3549400
2021-04-16,75.08,75.08,73.33,73.71,4876400
2021-04-19,73.71,74.16,72.34,73.1,5722900
2021-04-20,73.78,76.83,73.71,75.53,6987200
2021-04-22,75.53,75.69,73.78,74.54,3166300
2021-04-23,74.54,75.99,73.63,75.69,3556800
2021-04-26,73.78,75.31,73.02,73.02,5045600
2021-04-27,73.02,73.4,72.26,72.8,3149400
2021-04-28,72.8,72.87,71.12,71.27,5027100
2021-04-29,71.27,71.65,69.6,71.12,6499700
2021-05-04,70.67,70.74,69.6,69.68,4112800
2021-05-05,69.83,70.74,69.68,69.98,3792300
2021-05-06,69.98,69.98,68.16,68.16,7448600
2021-05-07,67.7,67.85,66.03,66.18,6744500
2021-05-10,66.18,70.74,65.49,70.74,8176900
2021-05-11,71.12,71.88,69.37,69.37,4197000
2021-05-12,68.61,70.13,68.46,69.83,3199300
2021-05-13,69.3,69.75,68.84,68.84,3118400
2021-05-14,69.37,69.37,68.08,68.08,4391200
2021-05-17,68.08,68.46,66.33,66.33,5001300
2021-05-18,66.56,66.94,66.03,66.18,2970100
2021-05-19,66.71,67.7,66.25,66.56,3526100
2021-05-20,66.79,67.01,66.18,66.94,2800500
2021-05-21,66.86,69.07,66.25,67.85,3942800
2021-05-24,68.46,69.9,68.08,69.37,4349800
2021-05-25,69.37,69.37,68.46,68.84,2791200
2021-05-26,68.46,69.9,67.93,69.22,3773300
2021-05-27,69.52,69.68,68.46,68.84,2924300
2021-05-28,69.22,69.75,68.76,69.3,3122200
2021-05-31,69.75,69.98,68.61,68.84,3095900
2021-06-01,68.84,68.99,68.38,68.38,2339900
2021-06-02,68.16,68.16,67.7,68.0,3672400
2021-06-03,68.46,69.07,68.31,68.61,3629000
2021-06-04,68.69,69.22,67.77,68.08,4564400
2021-06-07,68.93,69.0,67.77,68.85,3736600
2021-06-08,68.85,70.31,68.85,69.08,5477700
2021-06-09,69.16,69.39,68.39,68.62,3013500
2021-06-10,68.85,72.08,68.23,71.01,5619300
2021-06-11,71.01,71.24,70.24,70.85,2940400
2021-06-14,71.24,72.01,70.47,71.24,4875100
2021-06-15,71.31,71.78,70.93,71.55,4534800
2021-06-16,71.47,71.62,70.31,70.7,3041200
2021-06-17,70.08,71.01,69.93,70.08,2388800
2021-06-18,70.39,71.39,70.39,70.93,2971800
2021-06-21,70.85,70.93,69.77,69.77,4193600
2021-06-22,70.08,70.47,69.77,69.77,2242800
2021-06-23,69.77,69.93,69.08,69.31,3357300
2021-06-24,69.23,69.47,68.0,68.31,4225000
2021-06-25,68.39,69.23,68.31,69.08,2079300
2021-06-28,69.31,69.47,68.54,68.7,1847900
2021-06-29,69.16,70.62,68.54,70.08,4368100
2021-06-30,70.08,70.16,69.47,69.62,2115600
2021-07-01,69.77,70.31,69.62,70.0,3811500
2021-07-02,70.08,70.08,69.39,69.39,2750900
2021-07-05,69.39,69.62,68.23,68.7,2931000
2021-07-06,68.85,69.16,67.0,67.0,4706900
2021-07-07,67.0,69.16,66.69,69.16,4738700
2021-07-08,67.93,68.85,67.77,68.08,1908900
2021-07-09,68.0,68.08,66.92,67.0,3058100
2021-07-12,67.39,67.77,64.92,66.46,4833100
2021-07-13,66.31,66.62,64.85,64.92,2883300
2021-07-14,65.46,66.0,64.92,65.46,4180200
2021-07-15,65.46,66.46,65.08,65.62,3284100
2021-07-16,65.85,66.39,65.69,66.15,1449600
2021-07-19,65.0,65.46,64.69,65.46,4111700
2021-07-20,65.46,66.23,64.92,66.15,3207300
2021-07-21,65.77,66.15,65.62,65.69,1696200
2021-07-22,65.85,67.08,65.69,66.85,2152400
2021-07-23,66.85,69.16,66.31,67.46,4126700
2021-07-26,67.77,68.7,67.69,68.46,2791500
2021-07-27,68.46,68.93,67.39,67.39,2388200
2021-07-28,67.08,67.31,66.69,66.92,1665500
2021-07-29,67.0,67.54,66.23,66.85,2648300
2021-07-30,66.85,67.16,66.15,66.31,4405200
2021-08-02,66.39,66.92,66.23,66.62,2574300
2021-08-03,66.69,67.39,66.69,67.08,2714600
2021-08-04,67.39,67.39,67.0,67.08,2873000
2021-08-05,66.92,67.08,66.69,66.69,2833600
2021-08-06,66.92,68.08,66.69,67.16,3960600
2021-08-09,67.16,67.69,67.0,67.54,2731300
2021-08-10,67.77,69.31,67.77,68.85,5965600
2021-08-11,69.23,70.39,69.16,70.0,5330400
2021-08-12,69.93,70.47,69.54,69.7,4287800
2021-08-13,69.62,69.7,68.7,69.23,4105500
2021-08-16,69.23,69.77,68.54,68.93,3270800
2021-08-17,69.0,69.39,68.62,68.77,2202200
2021-08-18,68.93,70.0,68.85,69.31,4710100
2021-08-19,69.7,69.7,69.16,69.54,3061300
2021-08-20,69.54,69.54,67.0,67.62,4326800
2021-08-23,67.54,67.62,66.23,66.23,4356500
2021-08-24,66.31,67.0,66.0,66.46,2375700
2021-08-25,66.54,67.08,66.23,66.92,1675500
2021-08-26,66.92,67.54,66.77,67.0,1896000
2021-08-27,67.31,67.39,66.77,67.0,2346900
2021-08-30,67.08,67.46,67.0,67.31,4306000
2021-08-31,67.39,67.46,67.08,67.31,2957200
2021-09-01,67.31,68.39,67.16,67.85,3430100
2021-09-06,68.0,68.39,67.93,68.0,3212200
2021-09-07,68.79,68.79,67.61,67.61,2622200
2021-09-08,67.61,67.61,66.83,66.91,3682200
2021-09-09,66.91,66.98,66.59,66.75,2452400
2021-09-10,66.75,68.16,66.59,67.77,3962100
2021-09-13,67.77,68.47,67.61,68.32,2956200
2021-09-14,68.32,68.4,67.85,68.16,2482900
2021-09-15,68.0,68.0,67.46,67.46,2425000
2021-09-16,67.77,67.77,67.3,67.69,1825400
2021-09-17,67.69,69.26,67.61,67.77,5292600
2021-09-20,68.63,69.81,68.4,69.49,5447700
2021-09-21,68.94,69.65,68.71,69.57,3096300
2021-09-22,69.34,71.84,69.34,71.69,10050100
2021-09-23,71.69,72.39,70.82,71.14,3941300
2021-09-24,71.29,71.61,70.9,71.06,2990000
2021-09-27,70.98,71.61,69.57,69.57,5053900
2021-09-28,69.57,70.43,68.94,69.96,3757200
2021-09-29,69.96,70.59,69.49,70.2,2763400
2021-09-30,70.43,71.06,70.2,70.2,2799400
2021-10-01,69.96,70.82,69.81,70.35,3805400
2021-10-04,70.9,71.37,70.59,70.67,3060200
2021-10-05,70.75,70.75,70.2,70.2,2268000
2021-10-06,70.2,70.59,69.88,69.96,2498500
2021-10-07,69.96,70.04,69.57,69.57,2981800
2021-10-08,69.65,70.51,69.49,70.2,2618600
2021-10-11,70.51,70.82,70.12,70.51,2474800
2021-10-12,70.82,71.53,70.59,70.82,3616300
2021-10-13,71.29,71.53,70.51,70.59,3793100
2021-10-14,70.67,70.9,70.2,70.51,2006400
2021-10-15,70.51,71.06,70.2,70.51,3206000
2021-10-18,70.51,70.59,69.88,70.35,2305800
2021-10-19,70.35,70.9,70.35,70.75,5984500
2021-10-20,70.82,70.98,69.73,70.51,3480500
2021-10-21,70.51,70.59,69.81,69.81,2936500
2021-10-22,70.12,70.9,69.88,70.9,4487700
2021-10-25,70.9,70.98,70.43,70.59,2769500
2021-10-26,70.51,70.67,70.04,70.2,1641200
2021-10-27,70.51,70.98,70.28,70.82,3549900
2021-10-28,70.9,71.69,70.9,70.98,4093700
2021-10-29,70.98,71.29,70.75,71.06,3748500
2021-11-01,71.14,71.53,70.35,70.51,5083800
2021-11-02,70.51,70.51,69.73,69.88,4888900
2021-11-03,69.81,70.12,69.1,69.1,5547900
2021-11-04,69.26,69.49,69.02,69.26,2513000
2021-11-05,69.41,70.04,69.34,69.88,2654600
2021-11-08,70.28,71.37,70.2,71.14,6171800
2021-11-09,71.29,71.37,70.28,70.35,3695000
2021-11-10,70.51,70.59,69.96,70.28,2666100
2021-11-11,70.35,70.82,69.96,70.2,3380600
2021-11-12,70.51,70.59,69.81,69.96,2120400
2021-11-15,70.12,70.2,69.73,69.73,3268000
2021-11-16,69.73,69.96,69.34,69.41,3251700
2021-11-17,69.41,70.2,69.41,69.57,2514400
2021-11-18,69.57,69.57,68.94,68.94,3900000
2021-11-19,68.94,69.26,67.38,67.46,5151200
2021-11-22,67.38,67.77,67.3,67.53,3497600
2021-11-23,67.77,67.93,67.38,67.61,2198800
2021-11-24,67.77,68.55,67.77,68.55,2124500
2021-11-25,68.55,69.1,68.32,68.55,2175400
2021-11-26,68.63,69.57,68.55,69.18,3015700
2021-11-29,68.79,68.87,68.32,68.55,2835900
2021-11-30,68.63,69.57,68.63,68.63,3177100
2021-12-01,68.94,69.41,68.47,68.55,1894500
2021-12-02,68.55,68.94,68.47,68.47,1254100
2021-12-03,68.63,68.94,67.22,67.22,2900400
2021-12-06,67.38,67.85,66.83,66.83,3168200
2021-12-07,67.22,67.77,66.91,67.77,1530000
2021-12-08,67.61,67.77,67.14,67.38,1294500
2021-12-09,67.3,68.24,67.14,68.16,1449900
2021-12-10,67.77,68.16,67.22,67.61,1485000
2021-12-13,67.61,68.0,67.38,67.69,1495700
2021-12-14,67.69,68.08,67.53,67.61,1671200
2021-12-15,67.69,67.93,67.61,67.61,1214100
2021-12-16,67.61,67.85,67.38,67.85,1610300
2021-12-17,67.85,67.93,67.14,67.14,2660200
2021-12-20,67.38,67.61,67.06,67.14,1807000
2021-12-21,67.22,67.38,66.98,66.98,1192900
2021-12-22,67.14,67.53,66.83,66.91,1844400
2021-12-23,66.91,66.91,66.2,66.36,2147800
2021-12-24,66.36,67.38,66.36,67.38,1148400
2021-12-27,67.38,67.69,67.14,67.46,1138300
2021-12-28,67.53,67.53,66.75,66.98,1544400
2021-12-29,66.98,67.06,66.67,66.75,945400
2021-12-30,66.83,67.06,66.67,66.83,893100
2021-12-31,66.98,68.55,66.83,67.69,2325100
2022-01-04,68.32,68.47,67.93,67.93,1885600
2022-01-05,68.0,68.16,67.38,67.53,3124600
2022-01-06,67.46,67.46,66.83,66.91,2848200
2022-01-07,66.83,67.06,66.59,66.75,2553900
2022-01-10,67.54,67.7,66.51,66.67,2146400
2022-01-11,66.59,66.91,66.51,66.67,1829000
2022-01-12,66.75,66.75,65.87,66.19,2183600
2022-01-13,66.43,66.67,66.03,66.19,1711600
2022-01-14,66.19,67.78,65.87,67.46,2516600
2022-01-17,67.7,67.7,66.03,66.03,2100400
2022-01-18,66.03,66.51,65.79,66.43,2100400
2022-01-19,66.03,66.51,65.87,66.43,1764900
2022-01-20,66.11,66.35,66.03,66.11,1488400
2022-01-21,66.11,66.35,65.71,65.79,1576400
2022-01-24,65.79,65.87,64.52,64.52,2222200
2022-01-25,64.12,64.52,63.0,63.08,3758600
2022-01-26,63.16,64.12,63.16,63.48,1452100
2022-01-27,63.8,66.43,63.8,66.19,2039000
2022-01-28,66.11,67.07,65.95,66.19,2257400
2022-02-07,66.27,66.91,66.03,66.51,1324200
2022-02-08,66.43,66.51,65.31,65.31,2708900
2022-02-09,65.31,66.67,65.31,65.95,1799300
2022-02-10,65.95,66.35,65.55,65.87,1612500
2022-02-11,65.71,65.79,65.23,65.31,1624600
2022-02-14,64.92,65.31,64.52,64.6,2971800
2022-02-15,64.6,64.92,64.52,64.68,1465300
2022-02-16,64.68,64.76,63.96,64.04,2825100
2022-02-17,64.12,64.68,64.04,64.36,1787700
2022-02-18,63.8,64.36,63.8,64.2,1808100
2022-02-21,64.44,65.0,64.44,64.52,1280600
2022-02-22,64.44,64.52,63.48,63.72,3204500
2022-02-23,63.72,64.12,63.56,63.72,2200300
2022-02-24,63.72,63.72,62.53,62.61,2723500
2022-02-25,62.92,63.32,62.84,62.84,1347700
2022-02-28,62.84,62.92,61.97,62.45,2258900
2022-03-01,62.45,63.24,62.29,63.08,1273100
2022-03-02,63.08,63.08,62.13,62.53,2037100
2022-03-03,62.69,62.92,62.29,62.45,1486600
2022-03-04,62.45,62.45,61.97,62.05,2511600
2022-03-07,62.05,62.05,61.09,61.17,3530800
2022-03-08,60.77,60.93,60.53,60.61,2383000
2022-03-09,60.53,61.17,59.74,59.82,3003700
2022-03-10,60.53,62.05,60.53,61.41,2971800
2022-03-11,61.49,62.53,61.41,62.13,2322900
2022-03-14,62.13,62.13,61.25,61.49,1654700
2022-03-15,61.33,61.73,60.77,61.49,1482600
2022-03-16,61.49,62.13,61.33,61.57,1850400
2022-03-17,61.81,61.97,60.85,60.85,1354400
2022-03-18,61.01,61.33,60.53,60.53,4233000
2022-03-21,60.53,62.05,60.53,61.81,1884100
2022-03-22,62.05,62.05,61.17,61.25,2390200
2022-03-23,61.17,61.33,60.46,60.61,3226000
2022-03-24,60.53,60.61,59.9,60.22,3389800
2022-03-25,60.22,60.38,59.82,59.9,2699500
2022-03-28,59.98,60.22,58.46,58.46,4038700
2022-03-29,58.54,60.14,58.54,60.14,2139300
2022-03-30,60.14,61.01,59.82,60.69,3413800
2022-03-31,60.69,64.52,60.53,64.44,9645800
2022-04-01,64.52,65.87,63.96,65.08,6112000
2022-04-04,65.31,65.71,64.92,65.47,3808700
2022-04-05,65.15,65.15,64.04,64.04,2202100
2022-04-06,63.72,64.68,63.0,63.16,4306700
2022-04-07,63.64,63.72,62.53,62.53,1760300
2022-04-08,62.53,63.0,61.57,61.57,2738300
2022-04-12,61.57,61.97,60.93,61.17,1776300
2022-04-13,61.17,62.53,61.09,61.49,2118800
2022-04-14,61.73,62.13,60.77,60.77,1810200
2022-04-15,60.93,61.81,60.53,60.93,1362400
2022-04-18,60.93,62.05,60.85,61.33,2564300
2022-04-19,61.41,61.89,60.53,60.53,1670200
2022-04-20,60.53,61.09,60.22,60.22,1931100
2022-04-21,59.98,60.93,59.74,59.74,4615600
2022-04-22,60.3,60.93,60.14,60.46,2800400
2022-04-25,60.53,60.77,58.15,58.54,2659800
2022-04-26,58.54,60.53,56.47,60.46,3883000
2022-04-27,59.9,60.38,58.7,59.74,1826000
2022-04-28,59.66,59.66,58.78,59.18,1911000
2022-04-29,59.26,59.74,58.94,59.1,1630100
2022-05-04,59.1,59.26,57.75,57.75,1763900
2022-05-05,58.3,58.3,56.95,57.43,1548200
2022-05-06,56.87,57.03,55.36,55.92,2109800
2022-05-09,55.92,56.95,55.44,55.76,2392100
2022-05-10,55.76,57.27,55.76,56.23,3106500
2022-05-11,56.23,56.63,55.36,55.36,1793700
2022-05-12,55.6,55.6,52.97,52.97,3189100
2022-05-13,53.37,54.0,52.49,52.65,4590600
2022-05-16,53.05,53.84,52.33,52.41,1977800
2022-05-17,52.25,55.76,51.93,55.76,2105100
2022-05-18,55.76,56.15,55.36,55.99,1983200
2022-05-19,55.36,55.76,54.96,54.96,1449400
2022-05-20,54.96,55.68,54.16,54.24,1296200
2022-05-23,54.56,54.72,52.73,52.81,2022200
2022-05-24,53.13,54.88,52.97,54.88,2033000
2022-05-25,54.88,57.59,54.88,57.27,2362100
2022-05-26,57.27,57.27,56.31,56.79,1530800
2022-05-27,56.79,58.38,56.31,58.15,3456900
2022-05-30,58.07,58.07,57.35,57.75,2124400
2022-05-31,57.43,57.67,57.11,57.11,2058700
2022-06-01,56.95,57.83,56.79,57.27,1229600
2022-06-02,57.35,57.35,56.39,56.63,1487800
2022-06-03,56.55,56.79,55.76,55.99,1052800
2022-06-06,55.92,56.71,55.76,56.39,1432000
2022-06-07,55.99,56.31,55.76,56.23,1322200
2022-06-08,56.31,56.87,56.31,56.55,1698600
2022-06-09,56.55,56.63,55.92,55.92,1045100
2022-06-10,55.76,55.92,55.36,55.36,1483300
2022-06-13,54.48,54.48,52.73,52.89,2379700
2022-06-14,52.17,53.76,52.09,52.65,1393200
2022-06-15,52.65,52.97,51.38,51.38,2680600
2022-06-16,51.85,54.4,51.77,54.16,2215500
2022-06-17,53.29,54.64,51.93,53.13,2502800
2022-06-20,52.89,55.52,52.89,54.96,2588200
2022-06-21,55.12,58.78,54.8,58.7,4839300
2022-06-22,58.23,58.46,56.23,56.23,2214000
2022-06-23,56.23,57.35,55.76,56.31,1103100
2022-06-24,56.55,58.07,56.47,56.95,1684400
2022-06-27,57.19,57.43,55.99,56.63,1804300
2022-06-28,56.23,57.91,55.84,56.39,3037200
2022-06-29,56.23,57.91,56.23,57.59,1941000
2022-06-30,57.59,59.58,57.51,57.51,3582600
2022-07-01,57.59,58.86,57.35,58.7,2859000
2022-07-04,58.94,60.38,58.78,59.82,3139300
2022-07-05,59.98,60.06,58.15,58.23,2590800
2022-07-06,58.51,58.92,57.28,58.27,2360100
2022-07-07,58.27,60.16,57.69,60.16,3049600
2022-07-08,60.16,60.41,59.75,60.16,1704200
2022-07-11,59.5,61.56,59.34,60.16,2556900
2022-07-12,60.16,60.9,59.83,60.41,976100
2022-07-13,60.33,60.66,59.67,59.75,1423500
2022-07-14,59.58,60.33,59.5,59.67,982300
2022-07-15,59.67,60.16,59.01,59.01,1475000
2022-07-18,59.34,59.5,58.92,59.09,1106700
2022-07-19,59.34,60.08,59.01,60.0,1530100
2022-07-20,60.33,60.66,60.0,60.16,1167800
2022-07-21,59.75,60.66,59.5,60.33,1720500
2022-07-22,60.33,60.33,59.34,59.34,712300
2022-07-25,59.34,60.08,59.17,60.08,1242600
2022-07-26,60.08,60.16,59.17,59.34,1154000
2022-07-27,59.34,59.83,59.17,59.5,789500
2022-07-28,59.75,60.0,59.58,59.83,1219400
2022-07-29,59.91,60.66,59.67,60.0,2582800
2022-08-01,60.0,60.57,59.5,60.57,2527600
2022-08-02,60.49,61.15,59.91,60.49,2600900
2022-08-03,60.0,60.57,59.75,60.49,3134700
2022-08-04,60.49,60.49,60.0,60.41,1720600
2022-08-05,60.41,60.49,59.83,59.83,2135400
2022-08-08,59.75,59.75,59.42,59.5,2795800
2022-08-09,59.5,59.67,59.34,59.34,2129800
2022-08-10,59.34,59.83,59.34,59.75,1544800
2022-08-11,59.83,59.83,58.27,58.6,3884600
2022-08-12,58.51,59.25,58.51,59.25,1796100
2022-08-15,59.34,59.34,58.76,58.92,2525800
2022-08-16,59.17,59.67,59.09,59.17,1688300
2022-08-17,59.17,59.83,59.09,59.83,1316400
2022-08-18,59.83,60.66,59.83,60.49,4230600
2022-08-19,60.49,61.4,60.08,61.07,5225600
2022-08-22,61.07,61.64,60.74,60.74,2071700
2022-08-23,60.74,62.55,60.66,62.47,4551200
2022-08-24,62.47,64.53,62.47,64.03,5443600
2022-08-25,64.2,64.53,63.46,64.2,2182100
2022-08-26,64.12,64.36,62.8,63.37,2463000
2022-08-29,62.72,62.88,62.14,62.22,3311500
2022-08-30,62.22,62.96,62.22,62.63,2234900
2022-08-31,62.55,62.96,62.22,62.22,1657100
2022-09-05,62.22,64.12,62.22,63.87,3169400
2022-09-06,63.87,65.11,63.7,64.12,2649000
2022-09-07,64.12,64.12,62.39,62.39,2916400
2022-09-08,62.63,63.05,61.97,62.39,1351100
2022-09-09,62.55,63.05,62.22,62.55,1188500
2022-09-12,62.63,62.8,62.06,62.06,1391890
2022-09-13,61.97,62.63,61.97,62.39,1561638
2022-09-14,61.73,61.81,60.82,60.98,2040943
2022-09-15,61.07,61.97,61.07,61.4,1210034
2022-09-16,61.56,62.63,61.31,62.63,2310120
2022-09-19,62.3,62.39,61.73,61.97,1419408
2022-09-20,62.06,62.8,62.06,62.47,1140495
2022-09-21,62.39,63.95,62.3,63.37,2480307
2022-09-22,63.13,63.54,62.63,63.37,1034545
2022-09-23,63.46,63.7,63.05,63.21,1399756
2022-09-26,62.47,62.8,60.74,60.98,3387326
2022-09-27,61.4,61.73,59.58,59.67,2416742
2022-09-28,59.34,60.16,58.43,59.17,2146817
2022-09-29,60.08,60.57,59.5,59.91,2034120
2022-09-30,59.25,60.41,59.25,59.58,2346199
2022-10-03,59.25,59.75,58.51,58.51,2040145
2022-10-04,59.17,59.17,57.69,58.43,1632502
2022-10-05,58.51,59.34,58.51,59.01,1494257
2022-10-06,58.76,58.84,57.69,57.69,1503513
2022-10-07,57.11,58.76,54.8,57.52,2686766
2022-10-10,56.45,58.92,55.55,58.1,1663239
2022-10-11,58.1,58.92,57.36,57.85,1719285
2022-10-12,58.1,59.09,57.77,59.01,1274959
2022-10-13,58.51,60.82,58.35,60.82,3172239
2022-10-14,60.98,61.4,60.74,60.98,1437871
2022-10-17,60.82,61.89,60.74,61.07,1681156
2022-10-18,61.81,63.46,61.56,63.05,3138948
2022-10-19,62.72,63.29,62.72,63.13,1038904
2022-10-20,63.13,63.87,62.47,63.87,2291524
2022-10-21,63.87,64.61,63.05,63.46,2098990
2022-10-24,63.62,63.62,60.98,60.98,1579414
2022-10-25,61.07,63.29,61.07,62.63,1658734
2022-10-26,62.63,62.96,62.3,62.63,825157
2022-10-27,62.63,64.69,62.63,64.69,2285350
2022-10-28,64.69,64.78,64.03,64.28,1440253
2022-10-31,64.03,64.69,63.7,64.69,1573511
2022-11-01,64.69,67.99,64.69,66.09,3182949
2022-11-02,66.09,66.18,64.53,64.53,1831325
2022-11-03,64.28,66.51,64.28,65.93,1279244
2022-11-04,65.85,66.75,64.28,65.93,2910873
2022-11-07,66.01,67.74,65.93,67.74,2640530
2022-11-08,67.74,67.91,65.6,67.91,2303484
2022-11-09,67.58,67.74,65.93,66.67,2702165
2022-11-10,66.67,66.75,63.46,64.61,2639743
2022-11-11,65.02,66.26,64.61,64.61,1565416
2022-11-14,64.28,67.58,62.72,65.11,2597912
2022-11-15,65.11,65.44,63.05,63.46,2090963
2022-11-16,62.22,64.94,60.82,61.4,3544510
2022-11-17,63.29,64.53,61.89,62.63,2600851
2022-11-18,63.46,64.12,62.39,63.46,2230809
2022-11-21,63.46,64.2,63.37,64.2,1788236
2022-11-22,63.87,66.09,63.79,65.52,2282682
2022-11-23,65.52,65.68,64.53,65.44,773770
2022-11-24,65.11,66.92,65.02,66.92,2883664
2022-11-25,67.0,68.15,66.75,67.74,2597228
2022-11-28,67.58,68.73,67.33,67.33,2300555
2022-11-29,67.0,68.65,66.34,68.4,2405600
2022-11-30,68.4,68.4,67.17,68.24,1996463
2022-12-01,67.25,68.32,67.25,67.91,2218159
2022-12-02,67.83,69.23,67.58,69.23,2523394
2022-12-05,69.31,70.54,69.31,70.05,2067794
2022-12-06,70.05,70.13,67.99,67.99,1396651
2022-12-07,68.4,69.47,67.41,67.99,1840655
2022-12-08,68.4,69.23,66.75,66.75,1597948
2022-12-09,66.75,67.41,65.93,65.93,2409728
2022-12-12,66.18,67.5,64.61,64.69,3144784
2022-12-13,64.78,65.44,63.62,64.28,3611310
2022-12-14,65.44,65.44,63.87,63.87,3523110
2022-12-15,63.87,65.27,63.7,63.95,2596282
2022-12-16,64.03,64.94,63.95,64.28,3003287
2022-12-19,64.69,64.69,63.46,63.46,2425078
2022-12-20,63.7,65.68,63.37,64.86,3031345
2022-12-21,65.68,66.42,65.52,65.68,2306984
2022-12-22,66.52,66.69,64.59,64.59,1588107
2022-12-23,64.68,65.6,63.92,63.92,1562595
2022-12-26,64.09,65.1,63.67,63.76,1658620
2022-12-27,64.43,65.43,63.76,64.26,1587728
2022-12-28,64.34,65.43,64.26,64.59,1189135
2022-12-29,64.93,65.6,64.59,64.59,1330412
2022-12-30,65.43,65.43,63.84,63.84,1199657
2023-01-03,64.17,65.85,63.92,65.85,1496887
2023-01-04,66.02,66.52,65.94,66.52,1090697
2023-01-05,66.52,68.29,66.27,68.12,2471156
2023-01-06,67.95,68.12,66.78,66.94,1270661
2023-01-09,67.03,67.7,66.78,67.7,949900
2023-01-10,67.87,68.37,67.61,67.95,1196828
2023-01-11,67.95,68.45,66.61,66.61,1535421
2023-01-12,67.03,67.28,66.52,67.11,685545
2023-01-13,67.28,68.03,67.19,67.61,1449667
2023-01-16,67.61,67.78,66.61,66.61,655271
2023-01-17,67.28,67.95,66.61,67.87,1672065
2023-01-18,67.87,68.37,67.7,68.2,1299292
2023-01-19,67.78,68.37,67.11,68.2,2628489
2023-01-27,68.29,68.7,66.78,67.11,2333482
2023-01-30,67.11,67.11,66.61,66.61,1614712
2023-01-31,66.44,66.69,64.51,64.68,4819134
2023-02-01,65.18,65.27,64.51,64.76,1811677
2023-02-02,64.93,65.01,64.34,64.34,1494960
2023-02-03,64.59,64.68,63.67,63.76,1857505
2023-02-06,63.67,65.01,63.67,64.93,1911471
2023-02-07,65.1,65.1,63.84,63.84,1275373
2023-02-08,63.92,64.26,63.5,63.59,1551091
2023-02-09,63.59,63.76,62.92,62.92,1594747
2023-02-10,62.92,63.67,62.92,63.67,1236884
2023-02-13,63.67,63.67,62.16,63.17,1570936
2023-02-14,63.17,63.5,62.41,62.66,1074782
2023-02-15,62.66,63.76,62.41,63.76,1444301
2023-02-16,63.76,64.17,63.42,64.17,692037
2023-02-17,63.84,64.09,63.17,63.76,777880
2023-02-20,63.76,65.01,63.34,65.01,1386188
2023-02-21,65.01,65.1,64.34,64.76,889193
2023-02-22,64.01,64.34,63.34,63.34,1296443
2023-02-23,63.34,64.51,62.41,63.5,2328809
2023-02-24,63.5,63.76,62.5,62.66,1681692
2023-02-27,62.66,63.67,62.08,63.08,1113616
2023-02-28,63.34,63.67,63.0,63.34,1035315
2023-03-01,63.0,64.59,62.92,64.51,1636044
2023-03-02,64.51,64.51,63.84,64.17,1089291
2023-03-03,62.92,64.43,62.92,63.76,704604
2023-03-06,63.76,64.26,62.92,62.92,892543
2023-03-07,63.67,63.92,63.34,63.59,1171596
2023-03-08,63.08,64.17,62.92,64.17,1245092
2023-03-09,63.92,64.68,63.92,64.17,1390428
2023-03-10,64.17,64.76,63.84,64.51,1428506
2023-03-13,64.43,64.68,64.26,64.51,1825388
2023-03-14,64.01,64.51,63.42,64.26,1735682
2023-03-15,64.26,64.85,64.17,64.68,1960620
2023-03-16,64.59,64.68,63.67,64.09,1530353
2023-03-17,64.09,64.09,62.5,62.5,2433870
2023-03-20,62.92,62.92,62.16,62.33,1610450
2023-03-21,62.41,63.0,62.25,62.41,1351452
2023-03-22,62.58,62.66,62.41,62.41,901008
2023-03-23,62.33,63.17,62.08,63.17,1285502
2023-03-24,62.92,63.34,62.75,62.92,932820
2023-03-27,62.92,62.92,62.33,62.58,1371841
2023-03-28,62.5,63.17,62.41,62.41,1650696
2023-03-29,62.66,62.83,62.41,62.83,907785
2023-03-30,62.66,63.25,62.58,62.92,839461
2023-03-31,62.92,63.25,62.41,62.41,1076689
2023-04-03,62.58,62.83,62.25,62.41,851274
2023-04-04,62.41,62.5,62.25,62.25,1819637
2023-04-05,62.25,62.75,62.16,62.5,964016
2023-04-06,62.41,62.58,62.33,62.33,906247
2023-04-07,62.41,62.66,62.33,62.66,795228
2023-04-10,62.66,62.66,62.41,62.41,833066
2023-04-11,62.33,62.5,62.16,62.41,783565
2023-04-12,62.41,62.41,62.08,62.33,979996
2023-04-13,62.33,62.41,61.66,61.66,891570
2023-04-14,61.74,61.83,61.07,61.07,1294816
2023-04-17,61.07,61.15,60.15,60.15,1366872
2023-04-18,60.23,61.24,60.23,61.24,932467
2023-04-19,61.32,61.32,60.4,60.4,817480
2023-04-20,60.48,60.9,60.23,60.32,822994
2023-04-21,60.4,60.4,59.39,59.48,1109508
2023-04-24,59.56,59.64,58.89,59.14,1135168
2023-04-25,59.14,59.9,58.55,58.64,1371733
2023-04-26,58.72,59.56,58.72,59.56,942125
2023-04-27,59.56,59.56,58.3,58.3,1370570
2023-04-28,58.55,58.89,58.47,58.72,1117094
2023-05-04,58.72,58.72,57.38,57.55,2659616
2023-05-05,57.55,58.05,57.55,57.72,712871
2023-05-08,57.88,59.06,57.88,59.06,1228760
2023-05-09,59.39,59.56,59.14,59.31,872498
2023-05-10,59.39,59.64,59.14,59.14,952494
2023-05-11,59.14,59.48,58.72,58.72,447884
2023-05-12,59.06,59.06,58.3,58.39,1214899
2023-05-15,58.64,58.64,57.88,57.88,1539719
2023-05-16,57.88,58.47,57.88,58.47,1381060
2023-05-17,58.47,58.47,57.72,57.88,1869705
2023-05-18,57.88,58.72,57.46,58.05,2498777
2023-05-19,58.22,58.3,57.55,57.55,1204484
2023-05-22,57.63,57.88,57.21,57.21,1699621
2023-05-23,57.04,57.38,56.21,56.21,2940962
2023-05-24,56.29,56.54,55.45,55.62,2354186
2023-05-25,55.53,56.62,55.37,56.29,1306722
2023-05-26,56.54,57.04,56.29,56.29,906227
2023-05-29,56.46,56.79,56.29,56.29,1044750
2023-05-30,56.29,56.54,55.79,55.79,1772267
2023-05-31,56.04,56.04,55.45,55.45,1468744
2023-06-01,55.45,55.79,55.37,55.45,1217050
2023-06-02,55.53,55.62,54.95,55.28,2972493
2023-06-05,55.79,56.37,55.53,55.79,3326155
2023-06-06,56.12,56.12,55.37,55.7,3425841
2023-06-07,55.79,55.95,55.37,55.53,3720457
2023-06-08,55.79,55.79,54.95,54.95,5040797
2023-06-09,55.03,55.79,54.95,55.2,2081714
2023-06-12,55.37,57.04,55.37,56.96,5452337
2023-06-13,57.13,57.3,56.62,56.71,4946444
2023-06-14,56.79,57.21,56.29,56.29,4911944
2023-06-15,56.46,56.54,55.53,55.62,4689964
2023-06-16,55.79,55.87,55.37,55.45,5994312
2023-06-19,55.62,55.87,55.03,55.2,3284579
2023-06-20,55.28,55.28,54.95,54.95,2964627
2023-06-21,55.03,55.62,54.95,55.62,3492784
2023-06-22,55.79,56.46,55.62,56.12,5613113
2023-06-23,56.21,58.3,56.21,57.97,11963164
2023-06-26,58.13,59.31,57.3,59.23,10742723
2023-06-27,59.39,59.39,58.39,59.14,5982210
2023-06-28,59.14,59.48,58.47,59.23,6157222
2023-06-29,59.23,60.74,58.81,60.32,7702292
2023-06-30,60.32,60.4,59.39,59.56,3646759
2023-07-03,59.64,59.9,58.97,59.31,3187816
2023-07-04,59.14,59.73,58.81,59.23,4783357
2023-07-05,59.39,59.39,58.39,58.55,6661035
2023-07-06,58.64,59.31,58.55,59.14,7632376
2023-07-07,59.31,59.73,59.06,59.48,5782449
2023-07-10,59.9,60.99,59.73,60.48,6174583
2023-07-11,60.48,61.57,60.15,61.07,5705271
2023-07-12,61.15,61.66,60.9,61.66,4197529
2023-07-13,61.57,61.91,61.15,61.32,3785836
2023-07-14,61.41,61.57,60.48,61.49,5211888
2023-07-17,61.24,61.74,60.57,60.65,3924388
2023-07-18,60.82,60.9,60.57,60.74,2931448
2023-07-19,60.82,61.24,60.74,60.9,2946641
2023-07-20,60.9,61.07,60.65,60.9,2601742
2023-07-21,60.9,61.66,60.82,61.66,3343300
2023-07-24,61.66,62.08,61.49,61.74,2537340
2023-07-25,61.74,62.66,61.32,62.5,4249028
2023-07-26,62.41,63.08,62.33,62.92,3191917
2023-07-27,62.92,63.59,62.75,63.5,4180261
2023-07-28,63.59,65.18,63.42,64.93,5476424
2023-07-31,64.85,65.77,64.76,65.43,3366889
2023-08-01,65.43,65.43,63.76,63.76,5735402
2023-08-02,63.76,64.17,63.17,63.84,2680830
2023-08-03,64.23,64.23,62.93,62.93,2921459
2023-08-04,62.84,63.28,62.41,63.28,3167057
2023-08-07,63.19,64.92,62.67,64.92,4320043
2023-08-08,64.75,64.92,64.06,64.58,3433019
2023-08-09,64.58,64.58,63.1,63.36,3707004
2023-08-10,63.36,64.14,63.19,63.36,2734314
2023-08-11,63.36,63.71,62.76,63.71,2182946
2023-08-14,63.62,63.71,62.84,63.62,3068103
2023-08-15,63.19,63.62,63.02,63.1,2221214
2023-08-16,63.1,63.71,62.84,63.36,2085184
2023-08-17,63.36,64.58,63.19,63.8,4583142
2023-08-18,63.71,64.84,62.5,63.54,7109124
2023-08-21,63.02,63.97,63.02,63.19,3057188
2023-08-22,63.45,63.45,61.63,63.02,3077286
2023-08-23,62.76,63.8,62.06,63.71,3074249
2023-08-24,63.71,64.92,63.28,64.75,4422381
2023-08-25,65.27,65.27,64.4,64.92,2753310
2023-08-28,65.01,67.7,65.01,67.52,5471972
2023-08-29,67.18,67.26,66.05,67.09,4202862
2023-08-30,66.74,68.04,66.31,67.44,2662115
2023-08-31,67.18,68.39,66.83,67.44,3838621
2023-09-05,68.04,69.78,67.7,69.43,6845824
2023-09-06,69.43,69.43,68.91,69.34,2283065
2023-09-07,69.26,69.34,68.13,68.91,3529590
2023-09-08,68.65,69.43,68.56,69.34,2776520
2023-09-11,69.34,70.3,67.26,68.91,4237647
2023-09-12,68.48,69.95,67.87,69.6,2670725
2023-09-13,69.0,69.6,68.22,68.56,2508754
2023-09-14,68.04,69.34,67.96,68.82,2484286
2023-09-15,68.82,70.38,68.48,68.91,5618032
2023-09-18,68.56,69.17,68.22,68.39,1323228
2023-09-19,68.04,68.39,67.09,68.39,2573801
2023-09-20,67.96,68.3,67.61,67.87,1843700
2023-09-21,67.7,67.87,67.0,67.61,2539608
2023-09-22,66.83,67.87,65.7,67.18,4246836
2023-09-25,66.92,68.04,66.48,67.26,2757237
2023-09-26,67.26,67.61,65.88,65.96,2535904
2023-09-27,66.14,66.4,64.84,66.4,2274868
2023-09-28,65.96,66.22,64.84,64.84,1890909
2023-09-29,65.01,66.22,64.32,64.32,1404507
2023-10-02,64.32,65.53,64.32,65.53,1160811
2023-10-03,64.66,65.1,64.06,64.14,1995033
2023-10-04,63.8,64.66,63.62,64.49,1078838
2023-10-05,64.23,64.49,63.02,63.02,2574586
2023-10-06,63.02,64.32,62.93,64.32,1228077
2023-10-09,64.14,64.23,63.8,63.88,832217
2023-10-10,64.4,65.01,64.14,64.49,1025137
2023-10-11,64.66,64.84,64.14,64.49,1135163
2023-10-12,64.58,65.79,64.58,65.44,2536450
2023-10-13,65.36,66.14,65.01,65.7,1488140
2023-10-16,65.1,65.7,64.75,65.18,1345442
2023-10-17,65.27,65.96,64.84,64.84,1423057
2023-10-18,64.84,64.84,62.76,64.06,2574510
2023-10-19,63.62,63.62,61.46,61.89,3908340
2023-10-20,61.8,62.84,60.85,62.67,2373599
2023-10-23,62.15,62.41,60.76,60.85,2727972
2023-10-24,60.85,61.37,60.76,60.94,1100884
2023-10-25,60.94,61.37,59.81,59.81,2427114
2023-10-26,59.38,59.46,57.12,58.08,5207092
2023-10-27,58.34,58.94,57.73,58.94,1812684
2023-10-30,58.86,58.94,58.16,58.6,1048393
2023-10-31,58.86,60.24,58.6,58.94,2185475
2023-11-01,59.81,61.11,58.86,61.02,2338586
2023-11-02,61.11,61.46,60.5,61.46,2391399
2023-11-03,61.46,61.46,60.5,60.68,1694064
2023-11-06,60.85,61.98,60.76,61.54,1138171
2023-11-07,61.11,61.37,60.5,61.37,1475825
2023-11-08,61.37,61.98,60.5,61.89,2340935
2023-11-09,62.06,62.5,61.28,61.28,3421983
2023-11-10,61.37,61.37,60.33,60.33,2835087
2023-11-13,60.42,60.68,59.46,59.55,1733685
2023-11-14,59.81,60.16,59.12,59.72,3000746
2023-11-15,60.68,62.24,60.68,61.28,3952659
2023-11-16,61.2,61.8,60.59,60.94,2339920
2023-11-17,61.54,61.63,59.98,60.68,2337926
2023-11-20,59.98,60.59,59.81,60.07,1771341
2023-11-21,60.16,60.5,59.72,60.24,2961268
2023-11-22,60.24,60.85,59.81,60.16,1303748
2023-11-23,60.5,60.59,59.55,59.55,1624542
2023-11-24,59.46,59.72,58.6,59.2,3131505
2023-11-27,59.2,59.29,58.86,59.03,1335046
2023-11-28,59.03,59.38,58.51,59.38,1777650
2023-11-29,59.38,59.64,59.12,59.29,1263921
2023-11-30,59.29,59.55,58.42,58.42,2583323
2023-12-01,58.94,59.38,58.68,59.29,1393194
2023-12-04,59.38,60.24,59.29,59.64,3008642
2023-12-05,59.64,59.81,58.94,59.03,2304277
2023-12-06,59.03,59.46,59.03,59.38,1607662
2023-12-07,59.64,59.64,58.51,59.29,3877491
2023-12-08,59.29,60.07,58.94,59.81,3730770
2023-12-11,61.11,61.11,60.59,60.68,4737231
2023-12-12,60.68,60.76,59.81,60.16,2791599
2023-12-13,60.33,60.42,59.03,59.12,4516351
2023-12-14,59.29,59.72,59.12,59.29,1463160
2023-12-15,59.38,59.46,59.03,59.03,3741675
2023-12-18,59.03,59.12,58.08,58.08,3518371
2023-12-19,58.16,58.42,57.47,58.08,3066185
2023-12-20,58.08,59.12,58.08,59.03,2605917
2023-12-21,58.86,59.2,58.77,58.77,2587654
2023-12-22,58.77,59.03,58.51,58.6,2147607
2023-12-25,58.6,59.55,58.6,58.86,2675110
2023-12-26,59.2,59.38,58.94,58.94,1977559
2023-12-27,59.38,59.56,58.94,58.94,1628408
2023-12-28,58.94,59.82,58.94,59.82,2410778
2023-12-29,59.99,59.99,59.03,59.03,1956751
2024-01-02,59.56,59.82,59.29,59.64,2144983
2024-01-03,59.73,60.25,59.38,60.25,1891530
2024-01-04,60.34,60.69,60.25,60.25,3403997
2024-01-05,60.52,60.52,59.82,60.08,1477880
2024-01-08,60.25,60.34,59.56,59.56,2399171
2024-01-09,59.56,59.82,59.38,59.47,2461700
2024-01-10,59.47,59.47,58.86,58.94,3010809
2024-01-11,58.94,59.82,58.94,59.29,2085776
2024-01-12,59.03,59.29,58.51,58.68,3286730
2024-01-15,58.68,58.94,58.51,58.51,2228627
2024-01-16,58.51,58.86,58.25,58.86,2074925
2024-01-17,58.94,59.29,58.51,58.6,1829118
2024-01-18,58.77,59.21,58.77,58.86,1230002
2024-01-19,58.86,59.91,58.86,59.38,2621840
2024-01-22,59.38,59.99,59.38,59.64,1961559
2024-01-23,59.64,59.64,59.03,59.12,2113751
2024-01-24,59.21,59.38,58.68,58.77,2085392
2024-01-25,58.86,58.94,58.42,58.42,2662473
2024-01-26,58.51,58.94,58.51,58.51,1677432
2024-01-29,58.6,58.77,58.42,58.51,1734356
2024-01-30,58.77,58.77,58.42,58.42,1791324
2024-01-31,58.68,59.56,58.42,58.51,4021787
2024-02-01,58.68,59.21,58.68,58.94,2500699
2024-02-02,58.94,59.12,58.51,58.86,2613144
2024-02-05,58.86,59.56,58.68,59.38,3568444
2024-02-06,59.47,59.56,59.03,59.03,2394933
2024-02-07,59.03,59.29,58.68,59.03,2737292
2024-02-15,59.03,59.38,58.68,59.03,3880447
2024-02-16,59.21,61.39,58.94,61.13,11120422
2024-02-19,61.91,63.4,61.74,62.79,6660129
2024-02-20,62.61,63.22,62.26,62.44,4390643
2024-02-21,62.44,62.79,62.0,62.26,3593123
2024-02-22,62.26,63.49,62.09,62.53,4652126
2024-02-23,62.7,63.49,62.0,62.0,6146121
2024-02-26,62.0,62.61,61.74,62.0,3050150
2024-02-27,62.18,63.22,62.09,62.87,5285311
2024-02-28,63.22,63.4,62.44,63.05,3422219
2024-02-29,63.4,64.01,62.53,62.87,6543917
2024-03-01,62.96,62.96,62.18,62.44,4399953
2024-03-04,62.7,63.49,62.53,62.87,5018814
2024-03-05,62.87,63.75,62.61,63.75,5443242
2024-03-06,64.01,64.18,62.7,62.7,4837251
2024-03-07,62.61,62.96,62.26,62.87,5070038
2024-03-08,62.96,63.66,61.13,61.13,7364624
2024-03-11,61.56,62.26,61.13,61.39,4214115
2024-03-12,61.48,61.65,61.13,61.13,3847561
2024-03-13,61.22,61.91,61.13,61.83,5648587
2024-03-14,62.0,62.26,61.39,61.56,5449322
2024-03-15,62.01,62.01,60.77,60.86,4857330
2024-03-18,60.86,61.12,59.8,60.06,6803665
2024-03-19,60.59,60.59,59.97,59.97,3166304
2024-03-20,59.97,60.68,59.71,60.15,3551272
2024-03-21,60.33,60.59,60.06,60.51,4910550
2024-03-22,60.68,60.77,59.97,59.97,6070254
2024-03-25,60.06,60.33,59.36,59.53,5459681
2024-03-26,59.62,60.06,59.53,59.89,2507194
2024-03-27,60.15,60.15,59.71,59.89,2639932
2024-03-28,59.89,60.51,59.8,59.89,4474441
2024-03-29,60.51,60.51,59.71,59.8,3487674
2024-04-01,59.8,59.89,59.27,59.27,4996398
2024-04-02,59.27,59.62,59.0,59.53,4325527
2024-04-03,59.53,59.53,59.0,59.0,5054063
2024-04-04,59.0,60.51,59.0,60.33,7477825
2024-04-05,60.33,60.33,59.89,60.06,4237214
2024-04-08,60.15,60.15,59.18,59.27,3671802
2024-04-09,59.36,59.53,59.09,59.27,2518780
2024-04-10,59.36,59.53,59.09,59.09,2767420
2024-04-11,59.0,59.18,58.82,58.91,2950689
2024-04-12,59.09,59.36,58.91,59.0,2511089
2024-04-15,59.0,59.0,57.41,57.41,5766677
2024-04-16,57.41,57.5,55.73,56.61,7137771
2024-04-17,56.97,57.41,56.79,56.79,4593232
2024-04-19,56.79,56.97,55.99,56.79,4521513
2024-04-22,57.23,57.76,56.61,56.61,2038048
2024-04-23,56.79,56.88,55.91,56.17,2020719
2024-04-24,56.61,56.88,56.17,56.61,2403394
2024-04-25,56.61,57.32,56.52,57.23,1918445
2024-04-26,57.23,58.21,57.06,57.5,2944790
2024-05-02,57.85,57.94,57.41,57.85,2566088
2024-05-03,58.03,58.38,57.94,58.03,1969178
2024-05-06,58.21,58.74,57.94,58.21,2264163
2024-05-07,58.38,60.59,58.29,60.15,8490375
2024-05-08,60.15,60.15,59.36,60.06,2967447
2024-05-09,60.06,60.06,58.91,58.91,3001858
2024-05-10,59.0,59.71,58.47,58.82,2422429
2024-05-13,58.91,59.09,57.85,58.21,2737626
2024-05-14,58.29,59.27,58.29,58.82,2435304
2024-05-15,59.18,59.53,59.0,59.27,3237247
2024-05-16,59.36,59.89,59.27,59.44,2914420
2024-05-17,59.53,59.97,59.09,59.27,4173675
2024-05-20,59.36,59.8,58.74,58.74,4925028
2024-05-21,58.74,58.91,58.21,58.56,3803505
2024-05-22,58.74,59.0,58.21,58.21,3621204
2024-05-23,58.38,59.27,58.21,59.27,2993637
2024-05-24,59.0,59.18,58.12,58.38,4109865
2024-05-27,58.47,58.91,58.21,58.47,2339390
2024-05-28,58.65,59.53,58.47,59.09,5350287
2024-05-29,59.27,59.53,58.38,58.65,3362126
2024-05-30,58.47,58.56,57.94,58.12,4416677
2024-05-31,58.29,58.29,57.76,57.85,4149784
2024-06-03,58.21,58.91,58.12,58.47,3193327
2024-06-04,58.47,58.91,58.38,58.38,2447656
2024-06-05,58.56,61.21,58.56,60.59,11876432
2024-06-06,61.04,61.04,59.44,59.44,4893549
2024-06-07,59.8,60.68,59.71,59.97,4131178
2024-06-10,60.51,60.59,59.44,59.44,4569222
2024-06-11,59.62,59.71,58.74,58.82,6181560
2024-06-12,58.82,59.53,58.65,59.27,3427814
2024-06-13,59.27,59.62,59.09,59.18,2807130
2024-06-14,59.27,59.53,58.56,58.56,4127632
2024-06-17,58.65,58.91,58.38,58.38,3621867
2024-06-18,58.82,58.82,58.29,58.29,2754686
2024-06-19,58.38,58.38,57.59,57.76,6160999
2024-06-20,57.85,59.09,57.67,58.38,4400155
2024-06-21,58.82,59.36,58.38,58.38,3970969
2024-06-24,58.47,58.91,57.76,57.94,3851919
2024-06-25,58.21,58.56,57.94,57.94,2436399
2024-06-26,58.21,58.21,57.59,57.67,2488180
2024-06-27,57.67,58.03,57.59,57.76,2710114
2024-06-28,57.94,58.38,57.76,57.94,2735071
2024-07-01,58.21,58.38,57.76,58.38,1911478
2024-07-02,58.38,58.65,58.21,58.56,2044987
2024-07-03,58.56,58.65,58.38,58.56,1334249
2024-07-04,58.65,59.18,58.65,58.74,2691198
2024-07-05,58.74,59.71,58.74,59.44,4183952
2024-07-08,59.53,59.89,59.27,59.8,4946406
2024-07-09,59.8,59.97,59.44,59.71,5048980
2024-07-10,59.71,59.97,59.09,59.09,3884733
2024-07-11,59.18,59.27,58.65,58.65,3789635
2024-07-12,58.74,58.91,58.47,58.65,2081812
2024-07-15,58.65,59.18,58.56,58.56,2157757
2024-07-16,58.74,59.0,58.47,58.47,2245463
2024-07-17,58.56,58.82,58.03,58.12,3468308
2024-07-18,58.38,58.38,57.94,58.29,2284658
2024-07-19,58.29,58.29,57.59,57.76,3396038
2024-07-22,57.76,58.38,57.67,57.85,2657788
2024-07-23,58.03,58.65,57.94,58.29,3780379
2024-07-24,58.21,58.47,58.03,58.03,3615591
2024-07-25,58.03,58.12,57.76,58.03,1958885
2024-07-26,57.85,58.56,57.85,58.21,2976837
2024-07-29,58.56,59.8,58.29,59.44,5785374
2024-07-30,59.53,60.51,59.18,59.89,6381582
2024-07-31,60.59,63.69,60.59,63.34,21167413
2024-08-01,63.51,63.6,62.01,62.19,8872145
2024-08-02,61.92,63.6,61.92,63.25,10298482
2024-08-05,62.81,62.98,60.59,61.39,12162219
2024-08-06,62.19,64.84,61.92,64.31,13505235
2024-08-07,64.75,65.28,64.04,65.28,10709270
2024-08-08,65.37,65.81,63.87,64.31,5817168
2024-08-09,64.4,64.93,64.13,64.84,4530433
2024-08-12,64.84,65.81,64.4,64.57,5808119
2024-08-13,64.4,65.81,64.31,65.28,6740336
2024-08-14,65.46,65.55,64.84,65.46,5459112
2024-08-15,65.46,65.99,65.19,65.28,4258433
2024-08-16,65.46,65.55,64.75,65.28,7396631
2024-08-19,65.46,67.23,65.28,67.23,7924678
2024-08-20,67.23,67.41,66.61,66.87,4181936
2024-08-21,66.52,67.32,66.43,66.61,3994706
2024-08-22,67.23,67.23,65.11,65.64,6031982
2024-08-23,66.26,66.87,65.81,66.26,3310515
2024-08-26,66.26,66.34,64.84,64.93,6329637
2024-08-27,64.93,65.28,64.22,65.02,4269971
2024-08-28,65.11,65.46,64.75,65.37,3355013
2024-08-29,65.19,65.46,64.93,65.02,2044649
2024-08-30,65.11,66.17,64.93,65.37,3679027
2024-09-04,64.84,65.9,64.66,65.72,2842048
2024-09-05,65.72,66.7,65.55,66.08,5862150
2024-09-06,66.26,66.79,66.17,66.7,3645061
2024-09-09,66.43,66.43,65.64,66.17,2641519
2024-09-10,66.17,66.79,65.72,66.26,3335353
2024-09-11,66.17,66.43,65.37,65.99,3167882
2024-09-12,66.34,66.52,65.81,66.08,2054428
2024-09-13,66.17,66.17,64.49,64.49,5350666
2024-09-16,64.57,64.57,63.6,63.6,4039871
2024-09-17,63.69,64.93,63.42,64.93,2392584
2024-09-18,65.11,65.37,64.57,64.84,2847879
2024-09-19,64.84,65.02,64.57,64.84,1574276
2024-09-20,65.02,65.46,64.31,64.31,5234412
2024-09-23,64.66,64.75,64.22,64.49,2933886
2024-09-24,64.99,64.99,64.17,64.35,2080216
2024-09-25,64.35,64.44,63.71,63.71,4525095
2024-09-26,63.71,65.08,63.71,64.71,3987434
2024-09-27,64.81,65.17,64.71,64.99,2971446
2024-09-30,64.99,64.99,64.17,64.17,2046753
2024-10-01,64.26,64.71,64.17,64.17,2042595
2024-10-02,64.26,64.26,63.71,64.17,2142472
2024-10-03,64.26,64.53,63.98,64.35,2949988
2024-10-04,64.53,64.53,62.61,62.7,6140641
2024-10-07,62.88,63.43,61.42,61.42,5995180
2024-10-08,61.51,62.43,61.51,62.43,2890240
2024-10-09,62.52,62.79,62.06,62.06,3532506
2024-10-10,62.52,62.98,61.97,61.97,2625177
2024-10-11,62.33,62.43,61.79,61.97,2373079
2024-10-14,62.33,62.33,61.42,61.51,2825429
2024-10-15,61.51,61.69,61.05,61.14,3078240
2024-10-16,61.14,62.33,61.14,61.79,2006161
2024-10-17,61.88,62.15,61.6,61.88,1658879
2024-10-18,61.88,62.24,61.69,61.69,1599576
2024-10-21,61.69,62.15,61.51,61.6,1862336
2024-10-22,61.6,62.06,61.51,61.6,2253327
2024-10-23,61.6,61.88,61.51,61.6,1637360
2024-10-24,61.6,63.16,61.6,62.61,4369950
2024-10-25,62.79,62.79,62.15,62.24,2172351
2024-10-28,61.97,62.24,61.05,61.51,2927947
2024-10-29,61.6,61.6,61.14,61.33,2033574
2024-10-30,61.33,61.6,60.69,60.69,3437020
2024-10-31,60.96,60.96,59.77,60.5,5177693
2024-11-01,60.5,60.69,60.05,60.23,2182658
2024-11-04,60.32,60.96,60.05,60.05,2121224
2024-11-05,60.14,60.41,59.95,59.95,1063141
2024-11-06,60.41,60.41,59.77,60.23,2598835
2024-11-07,60.41,60.6,60.05,60.32,1154788
2024-11-08,60.41,60.6,60.05,60.14,1597360
2024-11-11,60.14,60.23,59.22,59.68,2742114
2024-11-12,59.68,60.14,59.31,59.41,1734699
2024-11-13,59.59,60.05,59.22,59.5,2773315
2024-11-14,59.5,59.5,59.22,59.5,1781237
2024-11-15,59.41,59.41,58.31,58.31,3697005
2024-11-18,58.31,58.76,57.85,57.85,3752034
2024-11-19,57.94,58.12,57.67,57.67,2736295
2024-11-20,57.67,58.4,57.57,58.22,2820172
2024-11-21,58.31,58.67,58.03,58.49,2255565
2024-11-22,58.49,59.31,58.49,58.86,2179029
2024-11-25,58.86,59.13,58.76,58.86,2450009
2024-11-26,59.04,59.5,58.95,59.31,1678113
2024-11-27,59.31,59.5,59.04,59.13,1588583
2024-11-28,59.5,59.5,59.04,59.04,1275083
2024-11-29,59.04,59.31,58.86,59.13,1107140
2024-12-02,59.13,59.31,58.76,59.04,1232443
2024-12-03,59.13,59.13,58.49,58.49,2427726
2024-12-04,58.4,58.49,57.94,57.94,2749303
2024-12-05,58.12,59.22,57.85,58.86,2221363
2024-12-06,59.04,59.31,58.67,58.67,1681167
2024-12-09,59.04,59.04,58.58,58.67,1764954
2024-12-10,58.67,58.95,58.49,58.49,1714418
2024-12-11,58.49,59.13,58.49,58.76,2027577
2024-12-12,58.76,59.41,58.76,59.13,2252448
2024-12-13,58.86,59.04,58.67,58.76,1399402
2024-12-16,58.76,59.68,58.76,59.5,2389158
2024-12-17,59.41,59.5,59.04,59.13,1206503
2024-12-18,59.5,59.59,59.22,59.22,1616812
2024-12-19,58.95,59.04,58.49,58.49,2629962
2024-12-20,58.58,59.5,58.58,59.5,3801451
2024-12-23,59.22,59.5,58.86,58.95,1350461
2024-12-24,58.95,59.22,58.67,58.86,1290269
2024-12-25,58.95,59.41,58.95,58.95,1304582
2024-12-26,59.23,59.23,58.86,58.86,1711855
2024-12-27,58.95,59.13,58.77,58.86,2445187
2024-12-30,58.67,58.77,58.4,58.4,1492983
2024-12-31,58.49,58.86,58.4,58.49,1643941
2025-01-02,58.67,58.86,58.21,58.21,1339894
2025-01-03,58.3,58.4,58.03,58.12,1779619
2025-01-06,58.12,58.3,57.66,57.66,2108984
2025-01-07,57.75,58.12,56.83,56.92,2811099
2025-01-08,57.2,57.29,56.46,56.92,2057556
2025-01-09,57.01,57.1,56.55,57.01,1504291
2025-01-10,56.92,57.1,56.55,56.55,1192540
2025-01-13,56.46,57.1,56.37,56.64,1104262
2025-01-14,56.64,57.01,56.55,56.83,1149837
2025-01-15,57.29,57.47,56.92,56.92,1219841
2025-01-16,57.47,57.75,56.92,57.1,1687939
2025-01-17,57.38,57.38,57.2,57.2,890720
2025-01-20,57.2,57.38,56.83,57.1,1638012
2025-01-21,57.2,57.29,56.83,57.01,1405722
2025-01-22,57.2,57.2,56.83,56.83,1762572
2025-01-23,56.83,57.47,56.83,57.2,1783676
2025-01-24,57.1,57.66,57.01,57.38,1578694
2025-02-03,57.38,57.38,55.81,55.81,7286722
2025-02-04,55.91,56.18,55.35,55.54,7132840
2025-02-05,55.72,56.74,55.72,56.74,3204519
2025-02-06,56.74,56.83,55.81,56.0,3033470
2025-02-07,56.0,56.46,55.91,56.09,2555237
2025-02-10,56.46,56.46,55.91,55.91,2597063
2025-02-11,55.91,56.0,55.44,55.72,3438061
2025-02-12,55.91,56.27,55.81,56.27,2759083
2025-02-13,56.27,56.27,55.72,56.0,2579334
2025-02-14,56.0,56.0,55.63,55.63,6406440
2025-02-17,55.72,55.91,55.35,55.35,3616591
2025-02-18,55.72,55.81,55.35,55.63,2442358
2025-02-19,55.63,56.18,55.63,56.09,3075728
2025-02-20,56.18,56.18,55.91,56.0,2632849
2025-02-21,56.09,57.29,55.91,56.64,4723060
2025-02-24,56.83,58.95,56.83,58.86,11520294
2025-02-25,59.04,59.04,57.75,58.03,3891802
2025-02-26,58.12,58.49,58.03,58.21,3639672
2025-02-27,58.3,58.3,57.38,57.38,3525626
2025-02-28,57.47,58.3,57.38,57.38,4180628
2025-03-03,57.94,58.3,57.47,58.3,3614305
2025-03-04,58.3,58.86,58.03,58.58,6046776
2025-03-05,58.67,58.67,57.84,57.84,2281264
2025-03-06,57.84,58.03,57.38,58.03,3129517
2025-03-07,58.03,58.12,57.57,57.84,2659929
2025-03-10,58.12,58.12,57.66,57.66,2533190
2025-03-11,57.47,57.66,57.29,57.57,2290854
2025-03-12,57.66,57.94,57.38,57.38,2761535
2025-03-13,57.47,58.03,57.1,57.2,5106563
2025-03-14,57.57,57.84,57.29,57.29,2700423
2025-03-17,57.57,58.49,57.57,58.12,4066437
2025-03-18,58.21,58.21,57.66,57.66,3285983
2025-03-19,57.84,57.94,57.1,57.47,3042976
2025-03-20,57.38,57.38,56.55,57.01,3895453
2025-03-21,57.01,57.01,56.46,56.55,3331858
2025-03-24,56.64,57.2,56.37,56.64,2493893
2025-03-25,56.92,56.92,56.46,56.64,2327043
2025-03-26,56.74,57.1,56.46,56.46,1849811
2025-03-27,56.46,56.74,56.37,56.37,2233560
2025-03-28,56.27,56.37,55.54,55.63,5443940
2025-03-31,56.09,56.83,55.91,55.91,5308209
2025-04-01,56.46,56.46,55.63,56.09,3137933
2025-04-02,56.0,56.64,55.81,55.81,4687947
2025-04-03,54.89,54.98,51.94,52.12,16961756
2025-04-04,49.82,54.24,49.63,53.97,9790843
2025-04-08,52.31,52.49,50.28,50.28,13341671
2025-04-09,47.42,50.92,47.42,47.97,9895364
2025-04-10,51.29,51.29,51.29,51.29,1515755
2025-04-11,51.29,53.88,51.29,53.05,9178387
2025-04-14,53.41,53.41,52.12,52.49,5487359
2025-04-15,52.31,53.05,51.94,51.94,4173838
2025-04-16,52.03,52.77,51.66,51.66,3741175
2025-04-17,51.2,52.22,50.55,51.66,7226501
2025-04-18,52.31,52.86,52.22,52.22,3042348
2025-04-21,52.4,52.68,52.12,52.31,3024998
2025-04-22,52.22,52.22,49.72,51.66,6966814
2025-04-23,52.4,52.86,52.03,52.03,3589382
2025-04-24,52.12,52.4,51.85,51.94,1959766
2025-04-25,52.12,53.78,52.12,53.78,8125834
2025-04-28,53.78,53.78,53.05,53.05,2670118
2025-04-29,53.05,53.41,52.77,53.14,2560129
2025-05-05,53.05,53.14,52.49,52.49,4242785
2025-05-06,52.58,52.95,52.49,52.49,2505912
2025-05-07,52.49,53.23,52.49,52.77,2910910
2025-05-08,52.77,53.32,52.77,52.95,3266128
2025-05-09,53.23,54.06,53.23,53.23,3839463
2025-05-12,53.51,54.15,53.51,54.06,5868031
2025-05-13,54.34,54.43,53.78,53.97,4359100
2025-05-14,54.45,54.45,53.59,53.68,5045042
2025-05-15,53.68,54.45,53.68,54.26,4097846
2025-05-16,54.26,54.26,53.68,53.68,3204963
2025-05-19,53.68,54.45,53.49,53.49,2803390
2025-05-20,53.59,53.78,53.3,53.4,3228264
2025-05-21,53.49,53.49,52.92,52.92,4473493
2025-05-22,52.92,53.11,52.54,52.54,2674376
2025-05-23,52.73,53.01,52.63,52.82,1671303
2025-05-26,52.92,53.3,52.54,53.2,2735753
2025-05-27,53.4,53.49,52.82,52.92,3691308
2025-05-28,53.2,53.2,52.63,52.73,3908641
2025-05-29,53.01,53.01,52.63,52.63,2185775
2025-05-30,52.92,52.92,52.34,52.44,3289850
2025-06-02,52.44,52.73,52.06,52.15,2650910
2025-06-03,52.25,53.49,52.25,53.01,4318030
2025-06-04,53.3,55.21,53.01,54.35,8429633
2025-06-05,54.45,54.54,53.78,53.78,2800586
2025-06-06,53.87,53.87,52.63,52.82,4131010
2025-06-09,52.92,53.78,52.82,52.82,3041347
2025-06-10,53.01,53.59,52.63,52.82,3006169
2025-06-11,52.82,53.11,52.63,52.73,1724703
2025-06-12,53.11,53.68,53.01,53.4,3287375
2025-06-13,53.01,53.2,52.73,53.01,3550452
2025-06-16,52.92,54.06,52.92,53.78,4739919
2025-06-17,53.87,54.16,53.59,53.68,3412338
2025-06-18,53.78,54.26,53.49,53.49,4104359
2025-06-19,53.49,53.87,53.2,53.59,2633373
2025-06-20,53.78,54.16,53.4,54.06,4666374
2025-06-23,53.49,53.87,53.3,53.4,3026667
2025-06-24,53.68,53.97,53.59,53.87,2808803
2025-06-25,53.97,55.21,53.87,54.26,6276981
2025-06-26,54.26,54.45,53.78,53.87,3122709
2025-06-27,54.26,55.97,53.78,55.21,8906332
2025-06-30,55.5,56.07,55.31,55.4,4495276
2025-07-01,55.78,55.78,54.64,54.92,4022091
2025-07-02,55.02,55.4,54.73,55.12,3779271
2025-07-03,55.12,55.78,54.73,54.92,5300539
2025-07-04,54.92,55.31,54.73,55.21,2700639
2025-07-07,55.4,55.69,55.12,55.31,3769261
2025-07-08,55.4,56.55,55.31,56.36,7172064
2025-07-09,56.64,57.89,56.45,57.5,9648148
2025-07-10,57.79,57.89,57.03,57.03,5254397
2025-07-11,57.6,58.08,57.12,57.12,6240382
2025-07-14,57.31,58.08,56.64,57.6,6092143
2025-07-15,57.89,58.46,57.41,57.41,6562134
2025-07-16,57.31,57.5,56.93,57.41,4966353
2025-07-17,57.6,57.89,57.12,57.41,6363587
2025-07-18,57.41,58.36,57.31,57.5,5833240
2025-07-21,57.6,58.08,57.31,57.31,5509591
2025-07-22,57.31,57.5,56.83,57.5,4741106
2025-07-23,57.69,58.94,57.5,58.94,9237999
2025-07-24,59.32,61.13,59.32,60.85,13435605
2025-07-25,60.94,60.94,60.27,60.37,5132723
2025-07-28,60.46,61.04,60.18,60.46,8472643
2025-07-29,60.46,61.32,59.99,60.37,10723928
2025-07-30,60.18,60.66,59.99,60.08,6086980
2025-07-31,60.18,60.66,57.69,58.46,10582428
2025-08-01,58.65,58.65,57.31,57.31,5339082
2025-08-04,57.12,58.08,57.12,57.69,3752196
2025-08-05,57.79,58.74,57.31,57.41,9574374
2025-08-06,57.69,58.94,57.69,58.55,5382357
2025-08-07,59.13,59.22,58.08,58.17,4748027
2025-08-08,58.27,59.03,57.89,58.08,6510574
2025-08-11,58.27,59.32,58.17,58.74,5795341
2025-08-12,59.32,59.6,58.65,59.03,5217050
2025-08-13,59.22,59.32,58.08,58.36,6218119
2025-08-14,58.55,59.41,58.27,58.94,6541163
2025-08-15,59.22,59.41,58.27,58.27,5667842
2025-08-18,58.36,58.55,57.89,57.98,4783737
2025-08-19,58.08,58.46,57.69,57.79,5264209
2025-08-20,57.79,58.17,56.93,57.31,6346136
2025-08-21,57.41,58.17,56.93,57.41,5816129
2025-08-22,57.12,57.22,55.88,56.07,7210343
2025-08-25,56.26,56.93,56.07,56.07,3365985
2025-08-26,55.97,57.41,55.88,57.03,2994293
2025-08-27,57.03,58.46,56.83,57.79,4854223
2025-08-28,58.27,58.74,57.98,58.27,3666449
2025-08-29,58.55,58.55,57.6,57.6,4172198
2025-09-03,57.6,58.74,57.6,58.74,4773459
2025-09-04,58.94,59.7,58.74,59.03,4233882
2025-09-05,59.13,59.22,58.17,58.17,5364137
2025-09-08,58.17,59.13,57.89,57.89,6965675
2025-09-09,57.89,58.27,57.41,57.6,3522635
2025-09-10,57.79,57.89,57.03,57.12,3127098
2025-09-11,57.12,58.46,56.74,58.46,5005742
2025-09-12,58.55,60.66,58.27,60.37,13687337
2025-09-15,60.56,60.66,59.99,60.27,3536437
2025-09-16,60.66,62.47,60.37,61.8,12690318
2025-09-17,61.9,63.23,61.9,62.18,9878719
2025-09-18,62.18,62.37,60.66,60.75,5070426
2025-09-19,60.94,61.04,59.22,59.22,5310507
2025-09-22,59.32,59.99,58.65,58.65,5294211
2025-09-23,58.74,59.7,58.74,58.84,3431691
2025-09-24,59.13,59.22,58.27,59.22,3219465
2025-09-25,59.51,59.6,58.74,58.74,2757739
2025-09-26,58.74,59.03,58.36,58.36,2494919
2025-09-29,58.36,58.46,57.5,57.6,5139527
2025-09-30,57.69,58.08,57.31,57.31,3035907
2025-10-01,57.98,59.7,57.5,59.32,4530998
2025-10-02,59.7,59.8,58.46,58.46,3409526
2025-10-03,58.55,59.51,58.46,58.55,4003694
2025-10-06,59.89,59.89,59.03,59.6,4058047
2025-10-07,59.89,59.89,58.65,58.65,3722157
2025-10-08,59.51,60.66,58.94,60.56,5927644
2025-10-09,60.56,60.66,59.8,60.08,3303747
2025-10-10,60.56,60.56,59.6,59.6,4980079
2025-10-13,59.41,61.23,59.03,61.13,6315036
2025-10-14,61.51,61.51,60.46,60.66,5368265
2025-10-15,60.94,61.51,60.75,60.75,4653477
2025-10-16,60.8,61.2,60.2,61.2,5180885
2025-10-17,61.0,61.2,58.8,58.8,6054177
2025-10-20,58.9,59.4,55.0,55.0,8762669
2025-10-21,56.1,58.0,56.1,56.5,7079112
2025-10-22,57.1,57.3,55.7,56.3,3863715
2025-10-23,56.5,57.1,56.3,56.6,2331775
2025-10-24,56.9,58.1,56.1,58.1,3966518
2025-10-27,58.4,58.4,57.0,57.0,3010562
2025-10-28,57.2,57.4,56.8,57.4,2083083
2025-10-29,57.5,57.9,57.1,57.5,1973000
2025-10-30,57.8,57.9,57.0,57.1,1905200
2025-10-31,57.4,57.7,57.1,57.6,2641500
2025-11-03,57.7,58.3,57.3,57.3,2642700
2025-11-04,57.6,57.9,56.3,57.3,4175200
2025-11-05,57.3,58.5,57.1,58.0,3831600
2025-11-06,58.0,58.5,57.6,58.0,2241200
2025-11-07,57.6,58.4,57.5,57.6,3251100
2025-11-10,57.7,57.9,57.0,57.0,2675800
2025-11-11,57.0,59.0,57.0,58.9,5152700
2025-11-12,58.8,60.0,58.5,59.8,5161900
2025-11-13,59.8,62.0,59.7,61.8,9741800
2025-11-14,61.7,63.3,61.6,62.8,10146900
2025-11-17,62.9,63.3,61.8,62.1,4198400
2025-11-18,62.0,62.3,60.5,60.7,5559900
2025-11-19,60.7,61.9,60.5,60.9,4458500
2025-11-20,61.4,61.6,60.5,60.7,2656100
2025-11-21,60.3,60.7,59.7,59.9,4191100
2025-11-24,60.1,63.4,60.1,63.0,9900300
2025-11-25,63.0,63.2,61.9,61.9,4907900
2025-11-26,62.3,63.2,62.3,62.8,3651000
2025-11-27,63.0,63.4,62.0,62.0,3962300
2025-11-28,62.2,64.5,62.2,64.0,11898300
2025-12-01,64.3,65.9,64.3,64.9,9107300
2025-12-02,64.8,65.6,64.5,65.0,6764300
2025-12-03,65.1,65.2,64.0,64.6,5383600
2025-12-04,65.0,65.1,63.4,63.4,5918000
2025-12-05,63.6,64.5,63.4,63.4,3598900
2025-12-08,63.3,64.5,63.2,63.5,3322000
2025-12-09,63.5,64.1,62.5,62.5,5389200
2025-12-10,62.4,64.5,62.3,63.1,3470500
2025-12-11,63.0,63.5,61.5,61.5,4852300
2025-12-12,61.7,62.0,60.2,60.2,4396400
2025-12-15,60.3,62.6,60.3,62.0,4242600
2025-12-16,62.0,64.4,61.7,64.2,6863300
2025-12-17,64.1,64.1,62.9,62.9,2090400
2025-12-18,63.6,64.0,62.9,63.9,3065000
2025-12-19,63.7,64.0,63.0,64.0,2685700
2025-12-22,63.9,63.9,63.1,63.2,2650700
2025-12-23,63.5,64.1,62.3,62.6,4394700
2025-12-24,62.8,62.9,61.5,61.5,4870200
2025-12-25,61.6,62.3,61.3,61.3,2059600
2025-12-26,61.6,62.3,61.2,61.5,2399200
2025-12-29,61.5,62.2,61.4,62.1,1943000
2025-12-30,62.1,62.3,61.7,61.8,1581000
2025-12-31,61.9,62.0,61.2,61.2,1879600
2026-01-05,61.3,61.5,60.0,60.3,2814700
2026-01-06,60.5,60.9,60.3,60.8,2963300
2026-01-07,60.8,61.5,60.5,60.9,3228100
2026-01-08,61.1,63.4,61.1,62.2,5636400
2026-01-09,62.4,62.5,61.0,61.0,4184100
2026-01-12,61.1,62.7,61.1,62.7,4146300
2026-01-13,62.9,64.9,62.8,63.3,6761300
2026-01-14,63.6,67.7,63.4,67.7,24838300
2026-01-15,70.0,72.4,69.5,71.0,19260600
2026-01-16,71.1,73.0,69.1,69.6,13372500
2026-01-19,69.8,71.0,68.3,70.6,10385300
2026-01-20,71.5,75.5,71.1,73.4,21521900
2026-01-21,73.0,73.0,70.0,70.3,11234100
2026-01-22,71.1,72.8,70.0,70.9,8055200
2026-01-23,69.4,70.1,67.2,67.2,16050400
2026-01-26,67.4,69.3,67.4,68.9,8864800
2026-01-27,68.4,68.6,66.1,67.7,8357800
2026-01-28,67.7,69.5,67.2,67.7,9816800
2026-01-29,68.5,71.1,67.9,71.1,10036800
2026-01-30,71.5,72.5,70.5,70.6,7844800
2026-02-02,70.9,72.6,70.3,72.6,10777700
2026-02-03,72.9,73.6,71.3,71.6,7261000
2026-02-04,71.8,72.6,70.8,72.0,7672500
2026-02-05,71.9,72.2,69.1,69.1,8057000
2026-02-06,68.3,70.7,68.2,69.1,6695900
2026-02-09,69.4,70.4,69.3,69.6,2573300
2026-02-10,69.6,70.5,68.1,68.4,5090400
2026-02-11,68.4,69.9,68.4,69.1,2672900
2026-02-12,69.3,69.8,69.0,69.0,1951100
2026-02-13,69.0,69.8,68.6,69.5,3341400
2026-02-23,70.0,71.3,69.8,70.6,4211800
2026-02-24,70.6,71.3,70.2,70.2,3552500
2026-02-25,70.4,73.4,70.4,72.3,9804200
2026-02-26,71.2,71.4,69.6,70.6,14298200
2026-02-27,70.2,70.6,68.0,68.2,13371400
2026-03-02,66.9,69.8,66.5,66.6,12468700
2026-03-03,66.6,67.3,63.4,63.4,17815700
2026-03-04,63.4,64.9,62.0,64.9,13382500
2026-03-05,65.0,65.2,63.0,63.2,8165700
2026-03-06,63.0,63.0,62.2,62.4,6471800
2026-03-09,59.0,59.1,58.1,58.1,18046300
2026-03-10,60.0,62.1,59.5,62.1,10762100
2026-03-11,61.7,63.7,61.6,63.0,7507500
2026-03-12,62.0,62.7,61.3,61.6,6298800
2026-03-13,62.0,63.2,61.6,63.1,5388500
2026-03-16,62.6,62.9,61.7,61.8,2965000
2026-03-17,62.7,63.0,61.5,61.5,3816100
2026-03-18,61.8,62.7,61.6,61.7,2596400
2026-03-19,61.4,62.0,60.8,61.0,6400100
2026-03-20,61.0,61.5,60.0,60.0,5734800
2026-03-23,59.2,61.0,59.2,60.8,5908000
2026-03-24,61.8,61.8,60.9,61.2,2689900
2026-03-25,61.5,62.2,61.4,62.1,3445600
2026-03-26,62.1,62.1,61.0,61.0,2044000
2026-03-27,61.0,61.9,60.9,61.5,2137400
2026-03-30,60.6,61.5,60.2,60.6,4075600
2026-03-31,61.0,61.5,60.5,60.5,5323200
2026-04-01,61.3,62.2,61.0,61.3,5446200
2026-04-02,61.5,61.7,60.8,60.8,2855300
2026-04-03,61.0,61.7,60.0,60.0,3788600
2026-04-06,60.0,61.0,60.0,60.9,2587400
2026-04-07,60.9,61.2,60.3,61.0,1825200
2026-04-08,62.2,62.7,61.7,62.6,5568500
2026-04-09,61.8,62.1,61.4,61.8,2921000
2026-04-10,62.6,64.0,62.5,62.8,6158400
2026-04-13,62.4,62.8,62.2,62.8,3418300
2026-04-14,63.4,63.5,62.0,62.0,4247700
2026-04-15,62.1,62.6,61.2,61.3,4403200
2026-04-16,61.5,61.7,61.1,61.1,2272100
2026-04-17,61.3,62.7,61.3,61.3,3115500
2026-04-20,61.4,62.4,61.3,61.5,3251900
2026-04-21,61.9,62.7,61.5,61.6,5306600
2026-04-22,61.6,62.3,61.5,61.8,3939900
2026-04-23,62.0,62.5,61.0,62.0,4234100
2026-04-24,62.1,62.1,60.5,61.4,5855700
2026-04-28,61.2,61.3,60.5,61.2,3220800
2026-04-29,60.3,61.3,60.3,60.9,2407200
2026-05-04,61.1,61.6,60.7,60.9,1873800
2026-05-05,61.1,61.2,60.4,61.1,2751900
2026-05-06,61.2,61.7,60.7,61.5,2590900
2026-05-07,61.6,61.8,61.1,61.5,4751300
2026-05-08,61.8,61.8,60.9,60.9,2787000
2026-05-11,61.1,61.1,60.5,60.6,3875800
2026-05-12,60.6,60.7,59.9,60.1,4102800
2026-05-13,60.1,60.1,58.7,59.3,8534300
2026-05-14,59.3,60.1,59.3,60.1,3058300
2026-05-15,60.1,60.3,59.8,59.8,2010300
2026-05-18,59.5,60.7,59.5,60.5,4850600
2026-05-19,60.5,60.7,59.7,59.8,2739700
2026-05-20,59.8,59.9,58.6,59.1,5727600
2026-05-21,59.5,59.6,58.8,59.0,3271300
2026-05-22,59.1,59.7,58.7,59.5,6005000
2026-05-25,59.5,59.8,59.1,59.1,1587500
2026-05-26,59.1,59.4,59.0,59.1,1880800
2026-05-27,59.1,59.2,58.7,58.8,2976500
2026-05-28,59.0,59.8,59.0,59.0,3798600
2026-05-29,59.0,59.3,58.9,59.2,1960700
2026-06-01,59.2,59.3,58.8,59.1,2259500
2026-06-02,59.1,59.2,58.6,58.6,2961900
2026-06-03,58.6,58.8,58.1,58.3,3814300
2026-06-04,58.6,58.8,58.2,58.6,2126500
2026-06-05,58.8,58.9,58.3,58.4,1866100
2026-06-08,58.2,58.8,57.8,58.0,3179800
