time,open,high,low,close,volume
2013-01-02,24.054133516614662,24.081601041490806,23.855000509881,24.06786727905273,30443000
2013-01-03,24.01979354714219,24.06099482266693,23.76572556335608,23.868724822998047,25374800
2013-01-04,23.75199628058193,24.06099935662839,23.655862572355726,23.99233055114746,31420300
2013-01-07,23.971723046177413,24.012924315418587,23.66958826341407,23.87558937072754,28135100
2013-01-08,23.81379512456746,23.889329495254835,23.64212705280411,23.83439445495605,20132600
2013-01-09,23.930528156032025,24.136531937705563,23.800061364492763,23.83439445495605,24589300
2013-01-10,24.05413397015512,24.308204650878903,23.95800025072337,24.308204650878903,37523100
2013-01-11,23.98545891442355,24.157126955540555,23.710789000857773,24.102191925048828,44149200
2013-01-14,24.02665807183231,24.074724909557247,23.703921344725284,23.87558937072754,23145600
2013-01-15,23.77946172303255,24.170864711977085,23.758859773466565,24.10906410217285,24837500
2013-01-16,24.01293505083932,24.23267001280304,23.97173376317836,24.095335006713867,16799200
2013-01-17,24.16399610466512,24.184598053875025,23.98546246800906,24.054128646850582,22912100
2013-01-18,24.026661556588955,24.088462159690994,23.690191024267502,23.98546028137207,31399000
2013-01-22,23.896190723079044,24.067858763646345,23.83439012369696,24.06099319458008,20931100
2013-01-23,24.05413133890592,24.115931954558533,23.944263868795407,23.99919891357422,18180200
2013-01-24,24.074730199852024,24.34939753014461,23.951128984413987,24.14339637756348,22090700
2013-01-25,24.22580482715592,24.24640678326588,23.99920426552793,24.12967109680176,19431600
2013-01-28,24.170864711977085,24.205197801991247,23.93052784298424,24.10906410217285,22067900
2013-01-29,24.102195550489093,24.26013247718639,24.06786246099061,24.21893119812012,16846900
2013-01-30,24.198190401942515,24.23276859572087,24.018379573259743,24.18435859680176,27810800
2013-01-31,24.108287971405503,24.1981933968742,24.059877966494845,24.087541580200195,16751600
2013-02-01,24.246592001493383,24.37799014759176,24.17051841864573,24.29500198364257,21009300
2013-02-04,24.15669063123363,24.20510062142475,23.94230164742537,24.039121627807617,22241600
2013-02-05,24.17744156022238,24.274261558801708,24.101367950439453,24.101367950439453,17534100
2013-02-06,24.087538598963533,24.1912731802986,24.004547768118982,24.18435859680176,24087000
2013-02-07,24.1636068624062,24.170524083275016,23.8938932877514,23.96996688842773,27095000
2013-02-08,23.99072285077256,24.14978469833769,23.98380826529052,24.12212371826172,18425800
2013-02-11,24.170524221974507,24.4748159882792,24.14977519739576,24.384910583496094,24198900
2013-02-12,24.433325048934897,24.58546962443104,24.357251442113327,24.55780601501465,19559000
2013-02-13,24.51630551293782,24.56471549508701,24.17051841864573,24.29500198364257,21344300
2013-02-14,24.21893218614765,24.39182576031649,24.14285859140992,24.350330352783203,22296200
2013-02-15,24.371077327464967,24.4540654974106,24.218930150776018,24.315750122070312,21105000
2013-02-19,24.322677775325065,24.391836819236296,24.26043859302662,24.301931381225582,25413400
2013-02-20,24.26734117066763,24.42640293573675,24.246594786833622,24.27425575256348,27539300
2013-02-21,24.239680406715465,24.67537298530062,24.21893402045081,24.52322578430176,38030800
2013-02-22,24.599298420854257,24.77910922192445,24.4748148318508,24.772192001342773,20521000
2013-02-25,24.78602616037901,24.86209976512855,24.04604177660116,24.059873580932617,27023500
2013-02-26,24.26043405606522,24.274263224113486,23.87315139703167,24.03221321105957,29601900
2013-02-27,24.08061303544887,24.357243766141,23.92846586975358,24.29500198364257,32171300
2013-02-28,24.253510254680595,24.460982015038727,24.218932067645333,24.260427474975582,22097000
2013-03-01,24.16361015550956,24.592388210821248,24.10136834994155,24.47481918334961,20624800
2013-03-04,24.46098475833937,24.81368916483592,24.43332378849692,24.792940139770508,16880500
2013-03-05,24.889763791573333,25.097235583733788,24.76528018864767,24.813690185546875,23312000
2013-03-06,24.95892085780748,24.99349905108729,24.765280864922847,24.931257247924805,18491700
2013-03-07,24.98658493110701,25.22863492670201,24.952006737185883,25.1871395111084,21509700
2013-03-08,25.207880161075504,25.32544650896796,25.05573299260649,25.24245834350586,24042200
2013-03-11,25.297794299109928,25.68507429736519,25.26321346656817,25.67815971374512,18989900
2013-03-12,25.65049032794477,25.71273211910066,25.332366790102025,25.35311317443848,22688600
2013-03-13,25.40844138950036,25.491429568278363,25.26320877895556,25.429187774658203,15812000
2013-03-14,25.553678798012573,25.60900338724847,25.449941565742584,25.5675106048584,21874700
2013-03-15,25.837210396517925,26.418132781982425,25.79571499821832,26.418132781982425,56046200
2013-03-18,26.07234924472005,26.210664619654843,26.0170220394876,26.113842010498047,29754300
2013-03-19,26.22449471391067,26.231411933883496,25.816468432493007,25.927120208740234,23724800
2013-03-20,26.037778335312336,26.16917652723172,25.83030389586994,25.89254570007324,19049900
2013-03-21,25.69889802418372,25.85104519746847,25.65740262106616,25.68506622314453,24008300
2013-03-22,25.774974397145844,25.851047992011907,25.65740539467649,25.72656440734864,15646600
2013-03-25,25.83030426764334,25.86488510014618,25.546758852891045,25.73348426818848,20304500
2013-03-26,25.88562836642263,25.899460170125742,25.63666117606016,25.79572296142578,18635500
2013-03-27,25.650494534860883,25.698904531683308,25.44993732622685,25.57442092895508,14840800
2013-03-28,25.608999854174368,25.615917075716663,25.47068708109285,25.58133888244629,16967500
2013-04-01,25.60208440663548,25.65049440320944,25.415359003501507,25.53984260559082,10903800
2013-04-02,25.60899502779016,25.65740501687453,25.429186873783408,25.505260467529297,17094700
2013-04-03,25.498348448654063,25.5536756692632,25.27704484251171,25.36003303527832,26277200
2013-04-04,25.42918806789195,25.92020520203164,25.41535626491168,25.87870979309082,24102400
2013-04-05,25.45685260833028,25.726566180979663,25.32545179426752,25.691987991333008,24520900
2013-04-08,25.664323092317325,25.664323092317325,25.325450519288,25.602081298828125,20087000
2013-04-09,25.69198806226767,26.03777523598246,25.57441905136832,25.899459838867188,21250100
2013-04-10,25.96861868039192,26.17609047666149,25.726568691101928,25.98245048522949,23566000
2013-04-11,25.996285248718408,26.21758887501224,25.691993422101223,25.94095802307129,30560000
2013-04-12,25.53984426927876,25.878714267370768,25.311623437866185,25.73348426818848,36662500
2013-04-15,25.602085405920008,25.878713591690254,25.27013000010748,25.290876388549805,23092300
2013-04-16,25.484514766418872,25.740399185668096,25.41535838389831,25.62974739074707,20352400
2013-04-17,25.45685393781665,25.505263933479537,25.069571334366653,25.283960342407227,31790200
2013-04-18,25.304702371931395,25.3392805574292,25.028071611656085,25.083398818969727,19322200
2013-04-19,25.180215665570685,25.401519191040578,25.097227503056004,25.373855590820312,18107000
2013-04-22,25.456858446122176,25.491436643698336,25.17331300496185,25.401531219482425,14432000
2013-04-23,25.48451707647036,25.68507429736519,25.38769707690654,25.67815971374512,19883100
2013-04-24,25.72656335566236,25.899456923055048,25.68506794975537,25.823383331298828,16740700
2013-04-25,25.91328502142194,26.141503125926537,25.816465059623265,26.030851364135746,14861200
2013-04-26,25.97554046100272,26.19684410095215,25.90638142467634,26.19684410095215,17814600
2013-04-29,26.24525410730687,26.26600049913104,26.1138532573605,26.19684410095215,16016500
2013-04-30,26.252155595875006,26.307482797335915,25.961695702643738,26.265987396240234,20585300
2013-05-01,26.21066258447348,26.25215534702968,25.78880191084448,25.906368255615234,17639200
2013-05-02,25.94095394468445,26.03777657434464,25.85105117436321,25.871797561645508,13205400
2013-05-03,26.100017547607425,26.224498505505142,26.00319492101414,26.100017547607425,15878400
2013-05-06,26.183003051728164,26.272908448144307,26.1000148755768,26.21066665649414,14228700
2013-05-07,26.293660402229523,26.667111231235754,26.21758679208228,26.556459426879883,23273300
2013-05-08,26.58434359398572,26.95376336007636,26.521611684751424,26.8004207611084,18741300
2013-05-09,26.793436446515564,26.8422276130492,26.33340354854196,26.410076141357425,27766600
2013-05-10,26.514641137768923,26.598282792323705,26.361295888651608,26.50766944885254,16390500
2013-05-13,26.5146346953378,26.688889651023896,26.36826117070218,26.62615776062012,12774700
2013-05-14,26.667980976188943,27.037403341950306,26.633130511963905,27.016490936279297,21730600
2013-05-15,26.97465737160885,27.448630882799883,26.911925505159488,27.392868041992188,25696800
2013-05-16,27.378940488018934,27.69957165889686,27.246507665841445,27.364999771118164,22959500
2013-05-17,27.47651665226932,27.818057492031187,27.41378742873924,27.79714775085449,24390400
2013-05-20,27.81109718264505,28.08293453883287,27.77624405786601,28.02020263671875,18939000
2013-05-21,28.1108109692133,28.438408480653973,27.99928524405265,28.354766845703125,23049200
2013-05-22,28.38265092209693,28.647516567278547,27.873826718770285,27.950496673583984,30388300
2013-05-23,27.46257281796886,28.1874711683728,27.46257281796886,27.887752532958984,24730000
2013-05-24,27.546225292349003,28.08989993438833,27.53228457602495,28.048080444335938,17121900
2013-05-28,28.438401192926307,28.5638649426606,28.16656395480832,28.243236541748047,20993200
2013-05-29,28.131725194691853,28.50811660031044,28.02717114015778,28.403562545776367,22848100
2013-05-30,28.43144285911765,28.98905825713953,28.36871096065769,28.752071380615234,22022700
2013-05-31,28.759034008922697,28.82176589342044,28.26415061950684,28.26415061950684,26904700
2013-06-03,28.459315763561246,28.54992641057336,27.873819106400777,28.389612197875977,23638000
2013-06-04,28.438402717387515,28.696299257257653,28.173534491647885,28.187475204467773,18708700
2013-06-05,28.048078840303745,28.26415328367018,27.643806066785256,27.75532913208008,21099300
2013-06-06,27.671686059280063,28.41052533135361,27.6019824852697,28.382646560668945,24721900
2013-06-07,28.738130663299696,28.84268471370628,28.44538357643319,28.752071380615234,23459300
2013-06-10,28.926324535065863,29.058757352834565,28.69630670224048,28.766010284423828,16340600
2013-06-11,28.424473408148103,28.71722317697544,28.29204057160727,28.3408317565918,18368500
2013-06-12,28.43143170186322,28.54295473770297,27.964427161277506,28.068981170654297,18320100
2013-06-13,28.0829266079464,28.570840968940093,28.02019472354836,28.535987854003903,17377700
2013-06-14,28.46629285226728,28.61963808128277,27.95049695580056,27.992319107055664,19475700
2013-06-17,28.29202471298547,28.37566631765788,28.117769818882067,28.305965423583984,15494200
2013-06-18,28.382657395185326,28.55691240835042,28.319925484089072,28.46629905700684,15784400
2013-06-19,28.424473408148103,28.70328245856269,28.31295031976631,28.3408317565918,20898800
2013-06-20,28.082933646956857,28.34083027682664,27.866856511221624,27.94352912902832,29302200
2013-06-21,28.32689390987755,28.717226088244683,27.98535558036169,28.54994010925293,38847800
2013-06-24,28.215362011521865,28.22930272700061,27.462581988106702,27.74138832092285,31047900
2013-06-25,27.992324313679035,28.25022098042169,27.804128586406154,28.089906692504883,22263000
2013-06-26,28.38962041009848,28.786921543214152,28.38962041009848,28.59175682067871,19405900
2013-06-27,28.84267778898829,29.09360532258398,28.682363566728668,28.968141555786133,18800400
2013-06-28,28.96814668437588,29.00996617476611,28.61266506254024,28.766010284423828,20249300
2013-07-01,28.96814174056678,29.24694804495874,28.76600537511206,28.828737258911133,16177100
2013-07-02,28.71721658764248,28.982084858868745,28.584781122569566,28.731157302856445,15558700
2013-07-03,28.5638713792084,28.78691750479276,28.43143857305504,28.731157302856445,8074400
2013-07-05,28.898437381597148,29.323619842529297,28.877527640541228,29.323619842529297,14933800
2013-07-08,29.52575718010404,29.95093965511454,29.47696601007851,29.85335731506348,22830100
2013-07-09,29.937005602740484,30.02761893534573,29.435150417751327,29.76275062561035,22540600
2013-07-10,29.65818899402035,29.67910139399553,29.09360471415637,29.323619842529297,25414800
2013-07-11,29.60243681557304,29.637287279744683,28.88450449082132,29.19816398620605,32231700
2013-07-12,29.69304061739024,30.00670004017015,29.41423430963428,29.71395301818848,35799500
2013-07-15,29.957912273232555,30.22278055577276,29.950943244787663,30.215808868408203,21926700
2013-07-16,30.21581307767953,30.28551666643697,29.86730311065245,29.98579788208008,21829100
2013-07-17,30.111249522984387,30.58522309944828,30.09033712534227,30.32732391357422,23959200
2013-07-18,30.47371190364127,31.080118492536275,30.438858780333284,30.95465469360352,23443500
2013-07-19,30.9616239100228,31.198610791781302,30.75949015178292,30.98253631591797,18904400
2013-07-22,31.0034457499752,31.212551194376307,30.857072204786416,31.107999801635746,18409400
2013-07-23,31.12193450527379,31.21951684987666,31.01738047381673,31.066171646118164,13431500
2013-07-24,31.142843392330345,31.17769384888534,30.843124679902488,30.88494682312012,17947800
2013-07-25,30.822218319003547,30.822218319003547,30.26460031727441,30.424917221069336,29467400
2013-07-26,30.355205337817733,30.45975934927143,30.111249522984387,30.32732391357422,18503800
2013-07-29,30.2576297829826,30.320361672109264,30.11822528948784,30.146106719970703,12402400
2013-07-30,30.313389234965506,30.41794059913927,30.10428118877946,30.15307235717773,18579200
2013-07-31,30.18095189990592,30.703716664889,30.18095189990592,30.320356369018555,25488500
2013-08-01,30.801298861715978,31.184661814839245,30.752507696576487,30.85009002685547,19822300
2013-08-02,30.836153472114315,31.05222788283095,30.703718024081063,31.01040840148925,13506500
2013-08-05,30.99646657600578,31.05222676876726,30.8222116528826,30.90585327148437,14162200
2013-08-06,30.85707094772004,30.89192141054714,30.647965511837537,30.68978500366211,13788000
2013-08-07,30.416076879212515,30.535381848242544,30.36695098876953,30.36695098876953,18578700
2013-08-08,30.53537997490365,30.57748902576864,30.17044557604736,30.331859588623047,18704100
2013-08-09,30.32484990614744,30.4441575836975,30.17747219608056,30.338886260986328,10716100
2013-08-12,30.212552120855552,30.479237423524008,30.07219129433741,30.31782341003418,11087600
2013-08-13,30.352929825332303,30.430128456702125,30.219588438432712,30.402055740356445,12733900
2013-08-14,30.49328617678731,30.54942892393412,30.247653961181644,30.24765396118164,13772000
2013-08-15,30.10729367321812,30.2616882250684,30.044131413819045,30.170455932617188,17748800
2013-08-16,29.952888269271508,30.303789019682693,29.92481556672015,30.00201416015625,16238000
2013-08-19,30.14939254591741,30.163428897525083,29.798491787206565,29.81954765319824,15873700
2013-08-20,29.805499794729062,29.94585790229777,29.58794044454268,29.88971519470215,15113700
2013-08-21,29.79147951407309,29.945874051090264,29.56690320826561,29.728317260742188,14586200
2013-08-22,29.76340652581729,29.91780373853888,29.60199247486324,29.81253242492676,14037600
2013-08-23,29.95289427861609,30.058165595723768,29.72129845184352,30.009037017822266,12161600
2013-08-26,29.96692812205607,30.058163077428272,29.73533231468677,29.74936866760254,10107000
2013-08-27,29.398463251765428,29.41249960247325,28.80193307106362,28.851058959960938,19230000
2013-08-28,28.837020275968825,29.1809041475856,28.759821691902207,28.949308395385746,13927000
2013-08-29,28.81596709019064,29.23704686871409,28.794911227252506,28.949308395385746,10512600
2013-08-30,29.033535641286587,29.068625190929183,28.71772434018116,28.83001518249512,15031800
2013-09-03,29.23003919940459,29.37039738482381,28.815976127231995,29.047569274902344,15949300
2013-09-04,29.026511702936208,29.300213871232,28.949313106307063,29.12476348876953,12465000
2013-09-05,29.15985180513376,29.4756630157344,29.12476226554708,29.34933853149414,11331000
2013-09-06,29.48268518377464,29.489704699257388,28.91422757906665,29.07564163208008,14548700
2013-09-09,29.13881009917303,29.27917098999023,28.69667423010529,29.279170989990234,27418600
2013-09-10,29.559887077628755,29.79849976451717,29.40549252293228,29.79148292541504,18702300
2013-09-11,29.81954985842441,29.84761988655527,29.6511163038366,29.826566696166992,14707900
2013-09-12,29.84060629488048,29.938858096927667,29.52479501889964,29.65813636779785,14499500
2013-09-13,29.559877178270344,29.749363896503123,29.52478764018875,29.6090030670166,9986500
2013-09-16,30.016053877688503,30.22659381611491,29.973944819139,30.10026931762696,19286200
2013-09-17,30.15641890390472,30.212561645915944,29.8756971623658,30.072200775146484,16850300
2013-09-18,30.03710308860071,30.75294092613361,30.00201354970561,30.395023345947266,23921600
2013-09-19,30.759968178152707,30.759968178152707,29.995004258301137,30.149398803710938,15953300
2013-09-20,30.149399387927733,30.24765119431808,29.826571259170628,30.072200775146484,32062300
2013-09-23,29.770425610317712,29.840607383741453,29.51777925747499,29.69322967529297,16474300
2013-09-24,29.524795070594333,29.68620912812031,29.265129210849143,29.286182403564453,22392800
2013-09-25,29.35636919656418,29.447601498711585,28.977395599892365,29.34233283996582,19188200
2013-09-26,29.419514430855635,29.616020650190112,29.06159688230065,29.20195770263672,20495000
2013-09-27,29.17389470637292,29.314255573393,29.13178564311864,29.187931060791016,20034100
2013-09-30,28.815978250080587,29.15284273879266,28.703690087176565,28.99844551086425,20358800
2013-10-01,29.033524439210755,29.17388526078641,28.83702089530083,29.11774253845215,12771100
2013-10-02,28.914226777314465,28.95633316040039,28.7738659203198,28.95633316040039,17782400
2013-10-03,28.92826386778644,28.92826386778644,28.521217639846924,28.773866653442383,19049600
2013-10-04,28.773873147181643,28.984413146972656,28.71772771941799,28.984413146972656,12329500
2013-10-07,28.626490750929463,28.70368936294584,28.50718307495117,28.50718307495117,15290200
2013-10-08,28.45806013806467,28.612457378188296,28.21944743840143,28.240503311157227,19256200
2013-10-09,28.37383865068763,28.458054092336223,28.12118964858123,28.3247127532959,17031000
2013-10-10,28.745792419169184,29.103712728473376,28.37383843399792,29.08265686035156,26580700
2013-10-11,28.38085684312939,29.131784370138305,28.282605043656936,29.07564163208008,46034600
2013-10-14,28.872111633845915,29.40548224261478,28.844038932929635,29.30021095275879,17183700
2013-10-15,29.37742749499068,29.461642972045624,29.06863295051964,29.152851104736328,17256600
2013-10-16,29.41250502255635,29.91780303251292,29.30021687336163,29.623044967651367,25931800
2013-10-17,29.503743468286896,30.009038860818222,29.47567075837933,29.952896118164062,18826200
2013-10-18,29.980968828071628,30.1353633782413,29.74235614817926,29.952896118164062,17581300
2013-10-21,29.92482012111213,30.07921733148273,29.8406046778012,29.910783767700195,16457100
2013-10-22,30.002017474316755,30.21255741238862,29.875692976041524,30.135358810424805,18654300
2013-10-23,30.11430833492994,30.15641739720517,29.96693063270784,30.009037017822266,13612900
2013-10-24,30.12833724737837,30.16342678536028,29.861651939827617,29.959903717041016,13956600
2013-10-25,29.924815004747995,30.12833807868289,29.875689114785807,30.079212188720703,19831600
2013-10-28,30.05816650390625,30.170454662872093,29.875696572361203,30.05816650390625,12704500
2013-10-29,30.18448835143312,30.2195805763162,29.94587567889701,30.149398803710938,13105700
2013-10-30,30.254673477800733,30.45819662517541,30.19151121403484,30.24765396118164,16039700
2013-10-31,30.205535837234653,30.33887715242996,29.952886880308693,29.959903717041016,18760200
2013-11-01,29.980971211298414,30.205547554088863,29.88271939597274,29.945878982543945,15538700
2013-11-04,30.00202566451444,30.06518793089461,29.847628418438195,29.966936111450195,11921600
2013-11-05,29.94586520333627,30.051136486838075,29.82656024738351,29.91779518127441,16603700
2013-11-06,30.122764210376747,30.13690004070085,29.875393920039787,29.99554443359375,14751500
2013-11-07,30.08035576764261,30.108624728728643,29.47959518432617,29.47959518432617,22432500
2013-11-08,29.486662985613656,30.36306274692787,29.479593723592213,30.186368942260746,23461300
2013-11-11,30.17224360930911,30.292396840265656,29.99554974318169,30.21465110778809,11764400
2013-11-12,30.165174697494592,30.21464876047598,29.734041266256035,29.882463455200195,13376800
2013-11-13,29.797647990243394,30.24291720582968,29.5432084384798,30.22171211242676,24062300
2013-11-14,30.30653195040337,30.476156548005548,30.09449985533348,30.454954147338867,17831300
2013-11-15,30.37720929906818,30.843681000225104,30.36307346616834,30.77300453186035,23401200
2013-11-18,30.80125781992557,30.900205895052103,30.64576644693653,30.68110466003418,13116600
2013-11-19,30.75886632161492,30.97089840645572,30.65284893112741,30.78713798522949,14700500
2013-11-20,30.90728597317374,31.147589701894503,30.730592134294767,30.829540252685547,15790600
2013-11-21,30.96383907816916,31.37376751188744,30.949703243056828,31.1546688079834,16441600
2013-11-22,31.09810909346077,31.36668442691257,31.048635044684577,31.352548599243164,11035100
2013-11-25,31.43736457824707,31.606991834159867,31.380823957031986,31.43736457824707,12363900
2013-11-26,31.47270753433163,31.62819898427985,31.303082949055543,31.31721878051757,13429900
2013-11-27,31.437368333301865,31.437368333301865,31.147590537610725,31.2889461517334,13655800
2013-11-29,31.373767023652967,31.45857933687228,31.06985331380438,31.112260818481445,9770200
2013-12-02,31.17586391892655,31.437370066987693,31.16172808712132,31.22533798217773,16740500
2013-12-03,31.147587494650857,31.29600966171924,30.794199841935384,30.907283782958984,22404100
2013-12-04,30.67404508480104,31.14758317969507,30.631637601741826,30.92141532897949,18009600
2013-12-05,30.829531642578903,31.062768738904754,30.5397539355922,30.56802558898925,19048900
2013-12-06,30.86487847673515,31.23240198508592,30.695253901271112,31.17586135864257,16909700
2013-12-09,31.197061920327823,31.43736563486962,31.197061920327823,31.324281692504883,14011200
2013-12-10,31.25360707911944,31.409095823939133,31.13345386670956,31.17586135864257,14352400
2013-12-11,31.14759514538497,31.218271614834684,30.730597504908896,30.75886917114257,18230100
2013-12-12,30.79420023735501,30.94262240632924,30.72352378435792,30.74472618103028,13744200
2013-12-13,30.7588616158906,30.97796293118237,30.7376592194905,30.907283782958984,14097300
2013-12-16,31.07691589979145,31.197066426349654,30.95676267709901,31.083982467651367,13254200
2013-12-17,30.928488682787503,30.97089617515411,30.73766170747292,30.808338165283203,13376100
2013-12-18,31.08396667546984,31.84728503098075,30.85779887297761,31.75540351867676,28008400
2013-12-19,31.536310054106004,31.946240982253546,31.451497781298546,31.819021224975582,17713600
2013-12-20,31.875557508289607,31.946236639465614,31.66352550702793,31.776609420776367,29401400
2013-12-23,31.889709647030426,32.17948749274885,31.875573813564337,31.953319549560547,13037300
2013-12-24,31.98158776123407,32.13000995239078,31.932113697515167,32.080535888671875,4355300
2013-12-26,32.158278479261,32.25722659704652,32.10880442036824,32.18655014038086,7309800
2013-12-27,32.22188548801388,32.250157146606206,32.080529891186046,32.15827560424805,6843900
2013-12-30,32.207749658717724,32.23602131731005,32.03812509943132,32.15827560424805,11321400
2013-12-31,32.17241299175875,32.19361538866301,31.9109068774486,32.08760070800781,13243500
2014-01-02,31.91090275992823,32.01691742690417,31.741275518179773,31.819021224975582,17333100
2014-01-03,31.79783000853285,32.144148483647406,31.79076074390264,32.04520034790039,14693800
2014-01-06,32.17949135078599,32.377390346903006,32.05934079612108,32.10174560546875,18438900
2014-01-07,32.37030921922223,32.37030921922223,31.96038093431446,32.08760070800781,16897000
2014-01-08,32.087610622242,32.47633663035169,32.05226968830361,32.45513153076172,20850700
2014-01-09,32.49046189157247,32.65301988947705,32.37030868677892,32.62474822998047,14229900
2014-01-10,32.55407615933993,32.55407615933993,32.25016251917775,32.469261169433594,15386700
2014-01-13,32.483395943864586,32.58941332972991,32.12294168496391,32.200687408447266,20950900
2014-01-14,32.144139967624334,32.39857950421281,31.74834483336073,32.221885681152344,28487500
2014-01-15,32.469261449478296,33.034683935860414,32.34204165965574,32.79438018798828,27394500
2014-01-16,32.72370165782171,32.83678561804389,32.56114363351071,32.78731155395508,12892600
2014-01-17,32.85092145008845,32.90746477826668,32.61061769759952,32.78731155395508,15168200
2014-01-21,32.872117836193574,33.10535497805704,32.68129087883919,32.86505126953125,15533900
2014-01-22,33.03468336241758,33.098293256224665,32.865056080220626,32.985206604003906,11817300
2014-01-23,32.7943779429024,32.82971617184849,32.5116667190656,32.759037017822266,19825200
2014-01-24,32.53993345035708,32.62474572620408,32.14413833618164,32.14413833618164,20115400
2014-01-27,32.17948913574219,32.42686218982706,31.967457015194217,32.17948913574219,21323600
2014-01-28,32.36324030617958,32.681289717356485,32.26429219962091,32.48339080810547,16117300
2014-01-29,32.250157339914125,32.66008560742485,32.15120923038167,32.221885681152344,20428800
2014-01-30,32.40565288699662,32.65302590899364,32.349112253714154,32.5470085144043,12623600
2014-01-31,32.094674415773895,32.30670652039385,31.967454613775026,32.04520034790039,27251200
2014-02-03,32.02399210081468,32.24309073393744,31.324283317541447,31.402029037475582,29540200
2014-02-04,31.500980268430723,31.6776741235133,31.26067651767305,31.64233589172364,20744800
2014-02-05,31.734829782943137,31.75617792747285,31.42886594979895,31.471559524536133,21998800
2014-02-06,31.57118044126664,31.870030085857024,31.50002718577129,31.862913131713867,21043100
2014-02-07,32.05502502031629,32.3040668031186,31.905601579228264,32.282718658447266,16773000
2014-02-10,32.2969486878546,32.46060331472668,32.17598763446653,32.38945007324219,12501500
2014-02-11,32.40368427968988,32.7950325729154,32.34675950974747,32.70964813232422,13561100
2014-02-12,32.70253643319993,32.90888468591124,32.5958065438934,32.72388458251953,12175700
2014-02-13,32.41791186207697,32.780797729919875,32.33252471667218,32.716758728027344,14597400
2014-02-14,32.75233799726016,32.93022382642507,32.59580031333423,32.82349395751953,11165300
2014-02-18,32.93734077961218,32.965803163715925,32.78080038136391,32.82349395751953,12120400
2014-02-19,32.76658274589541,32.90889201096971,32.361003104743936,32.39657974243164,16187900
2014-02-20,32.296952247997304,32.62426153782126,32.19733661320935,32.46772384643555,13388500
2014-02-21,32.4606079937498,32.773688815783714,32.36099235558357,32.44637680053711,15411100
2014-02-24,32.53887250992916,33.03695332799484,32.51752708100361,32.78791427612305,14106700
2014-02-25,32.87329870614737,32.91598956399847,32.69541289357549,32.78791427612305,13751600
2014-02-26,32.98003350914394,33.03695828057515,32.595802159273234,32.766571044921875,13910700
2014-02-27,32.69541779495536,32.78791919136983,32.45349294501769,32.766571044921875,13799700
2014-02-28,32.802133558791304,33.19348440821986,32.7380945756413,33.02982711791992,16347300
2014-03-03,32.80926039627187,32.90176178076824,32.702527820751264,32.83772277832031,16067600
2014-03-04,33.243306648877706,33.30022870623188,33.03695842303351,33.257537841796875,14881900
2014-03-05,33.31445950741993,33.60619217302627,33.22195811169427,33.50657653808594,13643700
2014-03-06,33.648886875070055,33.79831033247093,33.56349971570735,33.68446350097656,14726300
2014-03-07,33.98331999803127,34.495632241373535,33.86947313443558,34.11851501464844,20491600
2014-03-10,34.08293261750078,34.353317176384,33.85523892879762,34.26081848144531,11810200
2014-03-11,34.39600750817579,34.410238701664305,33.95485136732238,34.018890380859375,13373600
2014-03-12,33.94060935175523,34.24657312839411,33.84099374342103,34.23945617675781,13497400
2014-03-13,34.31773123553471,34.367539046779726,33.96907655681959,34.04022979736328,14813900
2014-03-14,33.862334539047424,34.20387488419727,33.63464097561419,33.727142333984375,15347300
2014-03-17,33.940621955687945,34.27504552009578,33.85523750459687,34.246585845947266,11085700
2014-03-18,34.27503286940327,34.474266800843495,34.23945625410665,34.438690185546875,9757400
2014-03-19,34.42446989515282,34.44581532822428,33.78407975978284,34.018890380859375,28293000
2014-03-20,33.94061553930106,35.121777294335814,33.94061553930106,34.886966705322266,25208400
2014-03-21,35.427735555288926,35.55581354473219,34.89407817071594,34.95100021362305,30999100
2014-03-24,35.207162491995255,35.21427944508319,34.73754401811684,34.85139083862305,19677600
2014-03-25,35.04350640496721,35.05773759623104,34.80158158212652,34.837158203125,14659400
2014-03-26,35.0008057031106,35.00792265445421,34.48137954221414,34.50984191894531,17399800
2014-03-27,35.22851170069598,35.42774569369044,34.616586671300624,34.9367790222168,29075100
2014-03-28,34.96523170036476,35.29965786612497,34.90119270509838,35.071964263916016,15008000
2014-03-31,35.399280376635005,35.513127199926664,35.19293216119313,35.39216613769531,17901800
2014-04-01,35.491791033367974,35.5273676659979,35.22140373959897,35.41352081298828,16397000
2014-04-02,35.41351954275518,35.49178976032743,35.22851671679842,35.406402587890625,13036800
2014-04-03,35.44197226916782,35.498894320947734,35.264086446581935,35.45620346069336,9598900
2014-04-04,35.61273852900192,35.92581929097564,35.26408386230469,35.26408386230469,18702400
2014-04-07,35.27830493223803,35.34234119955623,34.61656969340398,34.62368392944336,19653700
2014-04-08,34.623699457037546,34.86562430569075,34.467159050755335,34.74466323852539,19086900
2014-04-09,34.91543358930841,34.9367790222168,34.588124284541045,34.9367790222168,15928100
2014-04-10,35.02216294724539,35.02216294724539,33.947731018066406,33.947731018066406,24910800
2014-04-11,33.76273685097404,34.77312723529646,33.24331046426032,34.21100997924805,36426700
2014-04-14,34.417345628452395,34.637925009173,33.7556102006126,34.23234558105469,24321400
2014-04-15,34.346190095260226,34.78023187530313,34.182535487334874,34.709075927734375,21749600
2014-04-16,34.90831917901244,35.029280250665025,34.6023553086502,34.929664611816406,17866000
2014-04-17,34.87986544463553,35.07198253049523,34.723324993715046,34.815826416015625,19399900
2014-04-21,34.92254054933041,35.100426344188065,34.837153413487016,34.95100021362305,12478000
2014-04-22,34.89408554600318,35.214280587288435,34.79446991411942,35.02927780151367,14203800
2014-04-23,35.00793703627084,35.342360600122845,35.00793703627084,35.285438537597656,13309900
2014-04-24,35.392176261682025,35.392176261682025,34.986593953720515,35.09332656860352,12617100
2014-04-25,35.057758899008064,35.18583698388671,34.86564177169009,34.90121841430664,16274500
2014-04-28,35.05773614225836,35.10042971427919,34.53119294462319,34.82292556762695,18411700
2014-04-29,35.057741141297406,35.22851002508723,34.958125506699595,35.200050354003906,14745800
2014-04-30,35.18582973387525,35.3992922599146,35.12890494595901,35.321022033691406,14982800
2014-05-01,35.39217801858671,35.46333128915874,35.18582973387525,35.321022033691406,11851000
2014-05-02,35.41351640007378,35.58428530114698,35.221399350624374,35.278324127197266,13369700
2014-05-05,35.06484990986994,35.321005909913154,34.93677190984833,35.26408386230469,9127000
2014-05-06,35.14312708282382,35.171589469444164,34.91543341850623,34.929664611816406,16213000
2014-05-07,35.11597560323811,35.424136424175614,35.02281000453751,35.395469665527344,15504500
2014-05-08,35.36682012392346,35.46715382803622,35.259323827380655,35.35248947143555,12901800
2014-05-09,35.3094876476873,35.34531974484542,35.0514921740468,35.17332458496094,15174600
2014-05-12,35.388318417221065,35.725143396954465,35.35248632156606,35.66064453125,16450500
2014-05-13,35.67498216505586,35.80397991182803,35.57465119174728,35.69648361206055,9707100
2014-05-14,35.73231009609345,35.73231009609345,35.25215128439171,35.32381820678711,13262500
2014-05-15,35.18766626144096,35.29516532040968,34.87233988031513,35.13750076293945,17370900
2014-05-16,35.12315636836304,35.20915668211906,34.92249443722655,35.17332458496094,13923400
2014-05-19,35.00132241950352,35.5029799199334,34.98698903562685,35.46714782714844,10533800
2014-05-20,35.37397677163866,35.44564094621359,35.02281575507025,35.08731460571289,15095400
2014-05-21,35.24498726547649,35.69647932495542,35.23065388046612,35.59614562988281,12933500
2014-05-22,35.603314229784736,35.861309696260726,35.54598068887287,35.825477600097656,12159000
2014-05-23,35.768144370481615,35.997473068497555,35.667813406826355,35.94730758666992,13167200
2014-05-27,36.04763960449999,36.33430185230991,35.97597540945441,36.22680282592773,13322200
2014-05-28,36.21246333573288,36.33429572734934,36.06196691121843,36.14796447753906,12458400
2014-05-29,36.26980421915855,36.26980421915855,35.94014453661346,36.02614212036133,13026600
2014-05-30,36.06197619417525,36.42030266886603,36.06197619417525,36.39163589477539,15489200
2014-06-02,36.50629720717968,36.671127043708026,36.45613172361948,36.61379623413086,11828300
2014-06-03,36.46329978345026,36.66396171769106,36.37013414234682,36.61379623413086,9293500
2014-06-04,36.51347352810869,36.599471128838125,36.42030786592672,36.577972412109375,10129200
2014-06-05,36.62812980980276,37.065288512076194,36.56363094006055,37.000789642333984,11862900
2014-06-06,37.022292513449976,37.28028802140241,36.98646041152639,37.25162124633789,13152400
2014-06-09,37.194287045886085,37.67444318236604,37.17995365965795,37.63144302368164,11049600
2014-06-10,37.55262245207305,37.71745233226847,37.40212322770806,37.68878555297852,12331700
2014-06-11,37.51677583716658,37.62427485886023,37.30894858707318,37.43794631958008,11735400
2014-06-12,37.351955996475816,37.46662037449682,37.01513092380973,37.0581283569336,13420600
2014-06-13,37.18711065862513,37.32327643039411,37.0796143867064,37.194278717041016,11111900
2014-06-16,37.17995267295464,37.1871179989716,36.50629720717968,36.61379623413086,16310500
2014-06-17,36.57080471303892,37.08679579015739,36.534972606864464,37.02229690551758,15470800
2014-06-18,37.0437941278832,37.36628853807082,36.92912975246253,37.29462432861328,18077100
2014-06-19,37.26595912172792,37.409290280497466,37.21579362623076,37.28029251098633,16335000
2014-06-20,37.53827112444017,37.91809620017846,37.45943888597074,37.90376281738281,29836500
2014-06-23,37.76761879967908,38.01844629037564,37.64578635147317,37.96828079223633,13122500
2014-06-24,37.93244518521263,37.97544535128624,37.56695060812282,37.61711883544922,11226300
2014-06-25,37.473785065084606,37.80344478051493,37.31612053430742,37.695945739746094,12815300
2014-06-26,37.71027206806707,37.73893883808089,37.26594806810746,37.53110885620117,12545900
2014-06-27,37.43078318045125,37.91094207763672,37.37345236614176,37.91094207763672,16864500
2014-06-30,37.796268377996654,37.81059902767324,37.55260632629409,37.66727066040039,12914600
2014-07-01,37.78911341692138,37.94677795614354,37.7102811473103,37.78194808959961,12482600
2014-07-02,37.81060538831901,37.86793893192371,37.6601089370774,37.73894119262695,14436000
2014-07-03,37.90377272140094,38.03993852663224,37.86077529559228,37.98260498046875,8741500
2014-07-07,37.91093360172152,37.96826440321331,37.588439300163216,37.624271392822266,13551800
2014-07-08,37.48094241573775,37.58844143362982,37.33761130315285,37.44511032104492,17282100
2014-07-09,37.48095477215976,37.48095477215976,37.20146051407525,37.402122497558594,16116300
2014-07-10,37.10828218675356,37.23727991320455,36.92911898155091,37.12978363037109,20059900
2014-07-11,36.642471382335465,37.02946195343579,36.42030795162933,36.90046691894531,29998900
2014-07-14,36.84311803942423,37.15127894289829,36.64962146744191,36.77145385742188,21252400
2014-07-15,36.91478564951308,37.02228466631279,36.69262502438689,36.80012130737305,19293100
2014-07-16,36.96496532122814,37.02229614316384,36.58513734891972,36.67113494873047,21599400
2014-07-17,36.60663527547089,36.63529931677233,36.26980750239816,36.31997299194336,24398000
2014-07-18,36.52780877475538,36.80730304170005,36.39881100019406,36.74996948242188,15487400
2014-07-21,36.54930049809261,36.65679953425968,36.44180146192554,36.58513259887695,15236900
2014-07-22,36.69262502438689,36.89328693967856,36.58512600758718,36.80012130737305,11920800
2014-07-23,36.85746132038787,36.99362439628325,36.74279695810385,36.78579711914063,9109000
2014-07-24,36.87179122658262,37.0222876752829,36.85028978118702,36.97212219238281,9939600
2014-07-25,36.90046048283183,37.10112242794508,36.90046048283183,36.97929000854492,10040200
2014-07-28,36.77146273702647,37.05812226807197,36.67112903065589,36.97929000854492,13468000
2014-07-29,37.01512299656354,37.37344944286594,36.89329058323753,36.9362907409668,14511800
2014-07-30,37.07245136476741,37.48094326794343,37.04378459483591,37.33761215209961,11439600
2014-07-31,37.16562834480536,37.17996173414632,36.47047399774845,36.47764205932617,19638900
2014-08-01,36.190968410365976,36.62812708005978,35.99747181555985,36.08346939086914,18813700
2014-08-04,36.22681186268106,36.57080500557353,36.20531314556731,36.54214096069336,13380100
2014-08-05,36.35579867539814,36.499129791857136,36.01897096179157,36.11930465698242,12766000
2014-08-06,35.98940406174367,36.458487038616354,35.9605395770053,36.12652206420898,15271500
2014-08-07,36.328594621389705,36.37911092113507,35.79456162745484,35.866729736328125,14109100
2014-08-08,35.8883792976389,36.112096308897016,35.70074771779124,36.083229064941406,14563200
2014-08-11,36.14095175832698,36.26363337570356,35.92445025224663,36.00383377075195,14666400
2014-08-12,35.98218821001898,36.27807051036133,35.90280468381692,35.92445373535156,15219900
2014-08-13,36.097656896045336,36.16982224142552,35.96775707201584,36.07600784301758,12283100
2014-08-14,36.16261026728955,36.43684356124337,36.12652759114788,36.357460021972656,11904300
2014-08-15,36.44405891849798,36.530657891641845,35.98940949186217,36.23477554321289,13297200
2014-08-18,36.42240102696356,36.61003254874238,36.37188474214114,36.5811653137207,9913700
2014-08-19,36.63890750585277,36.86983992883589,36.62447388529987,36.703857421875,8718400
2014-08-20,36.6533380948053,36.76158611060139,36.5450873260778,36.69663619995117,8402900
2014-08-21,36.80489203492117,37.09355895597562,36.73272668112346,37.01417541503906,10102200
2014-08-22,37.050246301941804,37.23066238195653,36.898697455432846,36.93478012084961,9210400
2014-08-25,37.15129917646597,37.34614897975571,37.10078286667963,37.1296501159668,8665600
2014-08-26,37.21623795566548,37.302836924637305,37.14407260701089,37.209022521972656,7025200
2014-08-27,37.27397947895761,37.31006216010186,36.99974614698351,37.05026245117188,8315800
2014-08-28,36.956429811947615,37.00694609499542,36.804880962804205,36.91313171386719,7718000
2014-08-29,36.99973961981398,37.14407307186105,36.93478970403938,37.12242126464844,8860700
2014-09-02,37.31726869879273,37.31726869879273,36.9780882733782,37.21623611450195,9990300
2014-09-03,37.34613473851341,37.54819990060501,37.09355328589891,37.20180130004883,7735500
2014-09-04,37.15850438902071,37.46881757522888,37.09355447727215,37.21623611450195,8306200
2014-09-05,37.07911422781666,37.273963928222656,36.92034719350119,37.273963928222656,12102500
2014-09-08,37.15128128931518,37.33169738109677,37.050248718386456,37.1440658569336,7746900
2014-09-09,36.97085479749936,37.0646719096554,36.80487237010347,36.85538864135742,10745000
2014-09-10,36.862621525278655,37.25231823708545,36.848187905888565,37.180152893066406,11381400
2014-09-11,37.09355566772164,37.33170351648831,37.03582118745605,37.23067092895508,8981900
2014-09-12,37.28840297230388,37.54820262983768,37.18015495028583,37.310054779052734,12523700
2014-09-15,37.33170459333259,37.6420205513824,37.281188298108816,37.48325347900391,10414800
2014-09-16,37.36778301190976,37.87294865954109,37.36778301190976,37.750267028808594,10524600
2014-09-17,37.80799714343492,38.13996210381553,37.6492300958915,37.89459609985352,16919100
2014-09-18,37.98119393127789,38.52244217126161,37.98119393127789,38.4214096069336,16388300
2014-09-19,38.68121260165454,38.82554603919166,38.4069820985585,38.50801467895508,22553800
2014-09-22,38.43585283450282,38.60905353830107,38.11832142262644,38.176055908203125,13445700
2014-09-23,38.13995733400219,38.27707531352567,37.59149367470079,37.59870910644531,20596500
2014-09-24,37.6853226901247,37.73583898706065,37.439956639465045,37.6203727722168,18245200
2014-09-25,37.598716519441744,37.64923281040575,37.10076904296875,37.10076904296875,16684900
2014-09-26,37.129637685867,37.46881811617838,37.05746958680921,37.432735443115234,10753400
2014-09-29,37.28841137777839,37.468827541409055,37.07913072019528,37.3028450012207,9995300
2014-09-30,37.38221915024053,37.65645242079714,37.31726923755426,37.432735443115234,16669900
2014-10-01,37.41108994891989,37.49768892309622,36.94922508273708,36.992523193359375,16527000
2014-10-02,36.94200381709582,37.172936230942334,36.72550502323114,37.09355545043945,15434400
2014-10-03,37.36777674958885,37.670877188544736,37.22344609125169,37.59870910644531,14018800
2014-10-06,37.71419268003257,37.858526157872426,37.51934565082069,37.54821014404297,10872300
2014-10-07,37.41108507629729,37.41108507629729,36.84818768806828,36.86262130737305,11889700
2014-10-08,36.98529714040353,37.66366062372847,36.86983095700926,37.634796142578125,15267200
2014-10-09,37.569853488678426,37.67810150796531,36.8265372088373,36.89148712158203,18735700
2014-10-10,36.81212402784368,37.33894180867936,36.52345972987494,36.545108795166016,20211500
2014-10-13,36.52343662244648,36.79045168619066,36.19147165098816,36.22755432128906,19298900
2014-10-14,35.72238633483775,35.98218594865101,34.7914386363173,35.23887252807617,45851500
2014-10-15,34.733714669314054,35.015163396108896,33.51409984929411,34.531646728515625,38470600
2014-10-16,34.04812571544964,35.130622286938035,33.95430857509992,34.73370742797852,28973400
2014-10-17,34.99352858180286,35.38322549514365,34.935794074384766,35.13785934448242,28314000
2014-10-20,35.13062665743605,35.534759752123946,35.080110364716504,35.491458892822266,15018500
2014-10-21,35.816213331495966,36.5017952226554,35.77291246629904,36.40797805786133,17660200
2014-10-22,36.458478612048346,36.58116021439238,36.18424542343194,36.20589447021485,20078200
2014-10-23,36.63170542852959,36.790472571500416,36.4368583477072,36.516239166259766,14394500
2014-10-24,36.50179135019098,36.98530523873411,36.48013954342362,36.94922256469727,10888600
2014-10-27,37.02859878540039,37.06468145231014,36.81209727807986,37.02859878540039,11654500
2014-10-28,37.2090144947007,37.37499696314337,37.02138022398744,37.36777877807617,13267200
2014-10-29,37.41109071433551,37.72140669382572,37.29562449542742,37.64923858642578,16546900
2014-10-30,37.533774701346815,37.973990548597484,37.46882477711423,37.858524322509766,14107600
2014-10-31,38.277077276192514,38.37089165833586,38.089443006043865,38.31315994262695,21126300
2014-11-03,38.406987871154826,38.6812184154679,38.313170709715216,38.515235900878906,14349500
2014-11-04,38.52244535083201,38.601828873050735,38.18326221150878,38.44306182861328,14931500
2014-11-05,38.81354207661027,38.90071376976496,38.59561145815447,38.88618469238281,14496900
2014-11-06,38.90070994899703,39.31477891473528,38.84985956872306,39.27119445800781,15328100
2014-11-07,39.37290322354509,39.409224535248505,38.96609732750688,39.11138534545898,13312700
2014-11-10,38.9951478475647,39.22034436983942,38.95156061937472,39.1041145324707,11837300
2014-11-11,39.140454199449465,39.30026856884572,38.88619940576676,38.92252349853516,12520500
2014-11-12,38.719105528411774,38.987886539558296,38.65372606395579,38.89345169067383,10687900
2014-11-13,38.91525527443102,38.98789791340143,38.5883578567861,38.78449630737305,13494400
2014-11-14,38.78449792355544,39.00242862068706,38.668268033675965,38.75543975830078,9488400
2014-11-17,38.5738309884679,38.85714394744517,38.4067506923362,38.82081985473633,9657900
2014-11-18,38.57381182930501,38.86438779981483,38.522961450136464,38.69730758666992,12580400
2014-11-19,38.69006514899534,38.79903189686617,38.44307625547569,38.76271057128906,12490600
2014-11-20,38.61741283819721,38.90798891240927,38.55929928603809,38.84987258911133,10245900
2014-11-21,39.22761406890941,39.292993536536464,39.00968343386537,39.08959197998047,14587500
2014-11-24,39.27120324919797,39.48913389503457,39.17676561991799,39.30025863647461,11028000
2014-11-25,39.39469767662048,39.43101899037096,39.08232939031686,39.14044570922852,14390400
2014-11-26,39.36563173966194,39.53271196681485,39.20581743650676,39.43101119995117,11792500
2014-11-28,39.46007933099223,39.76518447986596,39.42375801523408,39.57630920410156,11054300
2014-12-01,39.53273186289361,39.65622769276553,39.00969868848511,39.09687042236328,13858500
2014-12-02,39.04601323690071,39.54725408363415,39.04601323690071,39.3874397277832,12925300
2014-12-03,39.35111199546992,39.67074621986212,39.3002615999782,39.510929107666016,14781300
2014-12-04,39.46007662661024,39.69253635689736,39.35110991566502,39.59083557128906,12310000
2014-12-05,39.87414835920627,40.20830889743395,39.84509019819375,39.97584915161133,14261400
2014-12-08,39.91773098419359,40.06301900131469,39.65621310760329,39.78697204589844,18939300
2014-12-09,39.4382857440764,39.88141298609907,39.26393955481848,39.830562591552734,12895800
2014-12-10,39.75792277775918,40.01944071282253,39.38017495723869,39.41649627685547,23309500
2014-12-11,39.6562155232877,40.08481367577715,39.49639841760528,39.53998565673828,17007700
2014-12-12,39.13318618693778,39.67075114027487,38.98063498154151,39.00969314575195,18792900
2014-12-15,39.2348805304596,39.525456582442246,38.61740988391973,38.63920211791992,24852800
2014-12-16,38.37042776536247,39.06054393086823,38.30504828081689,38.3341064453125,24243300
2014-12-17,38.530245124826735,39.11865771804733,38.45759971316184,39.0750732421875,19782600
2014-12-18,39.53998152131374,40.10660171508789,39.4891311332129,40.10660171508789,21404700
2014-12-19,39.88140936715924,40.25915432918632,39.55451202392578,39.55451202392578,36186100
2014-12-22,39.56178159587,39.93226623535156,39.47460988057858,39.93226623535156,17395500
2014-12-23,40.01216871083384,40.41897183442188,39.99763963197163,40.29547882080078,13205700
2014-12-24,40.41170966723086,40.49161821735479,40.18651309607603,40.20104217529297,4297000
2014-12-26,40.25189689853661,40.34633453804003,40.14293017825277,40.1574592590332,5826000
2014-12-29,40.01217973390655,40.64417959726264,40.01217973390655,40.46983337402344,11385600
2014-12-30,40.33179684713389,40.49887708373199,40.24462515219972,40.25915145874024,8749400
2014-12-31,40.31727321652464,40.44076623677108,39.82329559326172,39.82329559326172,10090800
2015-01-02,40.033965166289775,40.0920787167299,39.36564132382648,39.73612594604492,11700900
2015-01-05,39.32931925484658,39.48913636498758,38.57382371562927,38.64646911621094,15000500
2015-01-06,38.75542817094623,38.84260264064621,37.665772239941504,37.840118408203125,20211200
2015-01-07,38.23239549136927,38.23965864499552,37.85464776662224,38.06531524658203,15714700
2015-01-08,38.50118354611998,38.92978173795065,38.47212538403072,38.907989501953125,16721600
2015-01-09,38.89345914287587,38.92978045872451,38.2614566083267,38.26872253417969,14550800
2015-01-12,38.19607166862101,38.27597743780736,37.56406927031151,37.8110580444336,16967500
2015-01-13,37.99266111573735,38.15974132209359,37.22990268806311,37.66576385498047,25080900
2015-01-14,37.04830627441407,37.5786052277661,36.62697126506828,37.22991561889648,37590100
2015-01-15,37.20085092470489,37.44057654746256,36.65602298695185,36.84489822387695,32144700
2015-01-16,36.70687962678076,37.55681279547617,36.692350546762015,37.51322555541992,23174900
2015-01-20,37.76020923372646,37.992668940107805,37.556807683427344,37.77473831176758,17691000
2015-01-21,37.767487237812986,38.28325720311357,37.56408285131904,37.84739303588867,17928300
2015-01-22,38.13070026239166,39.09686056129874,38.12343433656976,39.06053924560547,21488700
2015-01-23,39.03148232201427,39.213091677376966,38.675529537341134,38.69005584716797,17779700
2015-01-26,38.43580892105862,38.93704981027546,38.42127983817911,38.92252349853516,13429400
2015-01-27,38.45034246563475,38.74818177137743,38.1888244857359,38.479400634765625,14351600
2015-01-28,38.72638399760475,38.76270531825968,37.88371661117037,37.8909797668457,18775100
2015-01-29,37.94909440369645,38.42854301991255,37.70210555466761,38.32683944702149,16700000
2015-01-30,37.92003338766333,38.33410249001548,37.702102718710414,37.71662902832031,21754800
2015-02-02,37.91276223726203,38.43579798758463,37.76747699207324,38.36315536499024,17714500
2015-02-03,38.50842986389431,38.88617749247424,38.47937448564789,38.82806396484375,20258900
2015-02-04,38.77687454223633,39.12055130613281,38.68181726705888,38.77687454223633,14435600
2015-02-05,38.93044484956449,39.36917901128863,38.91582000558652,39.24486923217773,13281900
2015-02-06,39.57392176386949,40.27590033694104,39.36186849693498,39.81522750854492,19317000
2015-02-09,39.68359543680055,39.81521620755502,39.54466364073883,39.63972091674805,9739200
2015-02-10,39.93954534478756,40.00535576671387,39.64705675020752,39.90298461914063,12342500
2015-02-11,39.53005903995486,39.67630193619959,39.237567668656496,39.413063049316406,18296800
2015-02-12,39.62510965054344,40.14428188609957,39.46424193405082,40.11503219604492,20159500
2015-02-13,40.20278289946728,40.62689508370388,40.0784758871661,40.45871353149414,18809000
2015-02-17,40.44407382225856,40.553755947616985,40.18083225835313,40.48794555664063,11908600
2015-02-18,40.28322683116537,40.36366211027384,39.77868206594622,39.86642837524414,13231600
2015-02-19,39.78597547030675,40.0857777845452,39.58123324284742,39.89566040039063,10784600
2015-02-20,39.78598150955672,40.17353015304741,39.50811502339528,40.09309768676758,15049100
2015-02-23,39.98340637543529,40.29783353065564,39.68360406341165,40.29051971435547,13715000
2015-02-24,40.35632477468791,40.61225531266408,40.23201780806771,40.48794555664063,11957800
2015-02-25,40.50258528199842,40.64151993034007,40.39290311633344,40.45871353149414,10516900
2015-02-26,40.37826914460357,40.473326442150345,40.18814897070271,40.32708358764648,13579100
2015-02-27,40.08578246094912,40.42214552798773,40.063846588134766,40.063846588134766,12937000
2015-03-02,40.06384911671724,40.626893132854576,40.012663550650586,40.61957931518555,12988500
2015-03-03,40.54645156860352,40.64151165768694,40.319770675990334,40.54645156860352,11759600
2015-03-04,40.34170890288729,40.36364756435936,39.97609615826339,40.08578109741211,16653300
2015-03-05,40.173528081176926,40.2247136431716,39.96147480551497,40.10040664672852,9576100
2015-03-06,40.20277237087862,40.57569888892605,39.859095538443455,39.91759490966797,17298400
2015-03-09,40.05654000370979,40.22472156759669,39.946857830429366,39.976104736328125,11937900
2015-03-10,39.603164318981705,39.61047534504723,38.96699905395508,38.96699905395508,18723200
2015-03-11,39.39112602511397,39.47887511380338,39.19369475966963,39.26681900024414,16612900
2015-03-12,39.866415519131245,40.68538731708807,39.63242357685787,40.64882659912109,26266900
2015-03-13,40.57570744091717,40.692703418621456,40.232030536046494,40.46602249145508,17591400
2015-03-16,40.58301248144588,40.817004402330745,40.45870549383992,40.75119400024414,15505200
2015-03-17,40.5830139806506,40.93400187494398,40.40751863880199,40.88281631469727,13107700
2015-03-18,40.71463049836195,41.15336462263512,40.57569867653627,41.07292938232422,20000500
2015-03-19,40.912065392205314,40.93400126358233,40.39289598065471,40.59032440185547,14841100
2015-03-20,40.604971240893136,41.10220505040936,40.59766020960846,40.95595932006836,26487200
2015-03-23,40.970568082015326,41.1606882936159,40.75120096735668,40.78776168823242,16477400
2015-03-24,40.72926973491938,40.85357675794591,40.47333908081055,40.47333908081055,13927400
2015-03-25,40.40752298381931,40.480647213037535,39.88104248046875,39.88104248046875,15413700
2015-03-26,39.74210643658304,40.03459776432143,39.464242743576,39.85179138183594,15038600
2015-03-27,39.88104503660037,39.92491678753908,39.45693284816406,39.57392883300781,13600300
2015-03-30,39.77135835553633,40.23203124624334,39.77135835553633,40.049224853515625,11706700
2015-03-31,39.82984919107891,39.99071688535594,39.62510417837532,39.77866363525391,13306200
2015-04-01,39.79330215717736,39.79330215717736,39.32531814487317,39.44231414794922,15436900
2015-04-02,39.449619544198505,39.83716819862808,39.35455944030675,39.75673294067383,13498900
2015-04-06,39.35455753579212,39.75673101669651,39.16444012661324,39.544677734375,10786100
2015-04-07,39.690910819323534,39.77134605354834,39.471543773785264,39.50079345703125,10853700
2015-04-08,39.47155831949149,39.74942483391863,39.36187615100493,39.48618316650391,9828700
2015-04-09,39.530053315308486,39.69823485315784,39.28874755052198,39.6251106262207,10279400
2015-04-10,39.72748288447304,39.837165036191145,39.53005166409574,39.72016906738281,9531500
2015-04-13,39.72747753199539,40.01996601990733,39.690914030278286,39.91759490966797,14931600
2015-04-14,39.43499321499223,39.829855672240654,39.1717515768266,39.6251106262207,29289600
2015-04-15,39.756734904439206,40.15159739604365,39.62511407390439,40.07847595214844,16899900
2015-04-16,39.87373088831412,40.26859337991856,39.734799029151496,40.07847595214844,15643200
2015-04-17,39.78598488808823,39.89566984413574,39.47155765611663,39.522743225097656,17569700
2015-04-20,39.73479150742692,39.97609445812634,39.61048172905153,39.74941635131836,13327200
2015-04-21,39.88834151477344,40.10770855765899,39.62509994754948,39.69091033935547,10954200
2015-04-22,39.71286584681243,40.15160011874307,39.603180884127525,39.976104736328125,13563800
2015-04-23,39.78598015644005,40.3051496025922,39.78598015644005,40.11503219604492,14657800
2015-04-24,40.04190717571496,40.15890314420615,39.93222502429416,39.9980354309082,15268100
2015-04-27,40.06385568639806,40.58302524986718,40.00535629306962,40.19547653198242,19852400
2015-04-28,40.15159531998479,40.53183294526895,40.12234562817736,40.517208099365234,13028300
2015-04-29,40.34171207992013,40.77313526412838,40.275904458533,40.55376815795898,18144500
2015-04-30,40.69269592875612,40.69269592875612,40.056527802015246,40.29051971435547,16577800
2015-05-01,40.40752024856515,40.64151497681984,40.18815315456807,40.3563346862793,12069400
2015-05-04,40.41483096264761,40.78044368770568,40.407517146080366,40.75119400024414,9981800
2015-05-05,40.75119988319943,41.09487678697735,40.65613977992816,40.74388885498047,17068100
2015-05-06,40.80646078700018,40.9316100487129,40.085004668086704,40.43100738525391,15670700
2015-05-07,40.46046196295862,40.62978306712836,40.20280002363608,40.35003662109375,14723100
2015-05-08,40.61506567260434,41.26290512084961,40.55617270911202,41.26290512084961,17477500
2015-05-11,41.16719401929031,41.19664190027,40.81382787244756,40.865360260009766,12922100
2015-05-12,40.7181182904742,40.9610562389833,40.4899014711926,40.83590698242188,11705900
2015-05-13,40.8359125276251,41.10093782257175,40.76229282997085,40.93161392211914,11448100
2015-05-14,41.18926737604138,41.32177998723986,41.01994633024411,41.25552368164063,11025400
2015-05-15,41.2555366441076,41.2555366441076,40.71076209264557,40.87272262573242,13323200
2015-05-18,40.916892505880455,41.21136286953331,40.89480519258587,41.04204177856445,10637300
2015-05-19,41.15246736561904,41.74141086467088,41.14510399220983,41.52055740356445,17194100
2015-05-20,41.46165092971696,41.49845936233396,41.17454122367958,41.284969329833984,13292000
2015-05-21,41.15984256221949,41.358611590364895,41.10094959553111,41.23345947265625,13466700
2015-05-22,41.255533540879696,41.39540674910339,41.21872509748443,41.2260856628418,8568800
2015-05-26,41.2040049799586,41.22608948638316,40.828551520914246,40.97578811645508,15859100
2015-05-27,41.167194073234114,41.45430670070554,41.01259691034493,41.27762222290039,12526100
2015-05-28,41.30706320228733,41.4469364012972,41.14510269205187,41.38068008422852,10348700
2015-05-29,41.41012909505645,41.41748966013065,40.99050667822421,41.19663619995117,17291500
2015-06-01,41.40276022833933,41.58680520963684,41.07883926394146,41.25552368164063,15746200
2015-06-02,41.23345994141545,41.55738109095197,41.03469371931551,41.35861206054688,13148700
2015-06-03,41.48374191180606,42.10949659731824,41.48374191180606,41.89600372314453,16197700
2015-06-04,41.61625710751853,41.88128237344408,41.17455020317862,41.32914733886719,17627100
2015-06-05,41.99171330525673,42.1242259470604,41.52055849364556,41.67515563964844,16890300
2015-06-08,41.91809000896698,41.91809000896698,41.31442260742188,41.31442260742188,14248400
2015-06-09,41.39540756346344,41.91073420604768,41.22608647387084,41.74141311645508,14669900
2015-06-10,41.94755356118932,42.38190005470667,41.89602116435718,42.11687469482422,18622400
2015-06-11,42.15366744995117,42.38188427114908,42.01379425468379,42.15366744995117,13943300
2015-06-12,42.05798182188775,42.17577055894624,41.77087195082675,42.02853393554688,13439000
2015-06-15,41.70460611168451,42.0138004229237,41.5794540273941,41.94754409790039,12920600
2015-06-16,41.8518331713528,42.13894573920976,41.763492354945065,42.12422180175781,10476100
2015-06-17,42.19048135792477,42.36716300431589,42.03588140695237,42.0874137878418,17497700
2015-06-18,42.17575495103213,42.580653409311495,42.10213526242426,42.47758865356445,18299900
2015-06-19,42.27147039032207,42.38189855580262,41.99908447265625,41.99908447265625,36241100
2015-06-22,42.38925272467941,42.72789490642239,42.35244147197771,42.6321907043457,15111200
2015-06-23,42.698442412106445,42.88984798726558,42.52175796647156,42.617462158203125,13354200
2015-06-24,42.45551510393952,42.808884107186856,42.35981369018555,42.35981369018555,16166600
2015-06-25,42.51439958184457,42.54384745901114,42.05796871897937,42.0874137878418,14053600
2015-06-26,42.212557903436426,42.38924232482187,42.17574946806968,42.28617477416992,16975900
2015-06-29,41.815035455789776,42.10214528897522,41.23345241465255,41.270263671875,19289700
2015-06-30,41.62362446942813,41.873925821421565,41.21872596693105,41.40277099609375,17346700
2015-07-01,42.02851634792105,42.10949659731824,41.67515028461828,41.89600372314453,12165300
2015-07-02,41.84447564895632,42.06532911018408,41.60889824920616,41.77085876464844,10106800
2015-07-06,41.29970171013199,41.61625937184419,41.23344539004562,41.55000305175781,11682100
2015-07-07,41.46166956700229,41.57209772279486,40.54880767122842,41.41013717651367,15831800
2015-07-08,41.10830041855744,41.35123841205456,40.644506129493614,40.673954010009766,12906600
2015-07-09,41.27025593174275,41.33651225069047,40.81382226419,40.85799407958984,13623200
2015-07-10,41.4690143012224,41.56471566436593,41.1230088563551,41.284969329833984,13269600
2015-07-13,41.63834612625096,41.78557989486672,41.53527855659415,41.77085876464844,15521800
2015-07-14,41.56472220907331,42.23464589807999,41.51318983363464,42.14630508422852,20066300
2015-07-15,42.26409792367309,42.81623297901194,42.15366978928367,42.53648376464844,17159400
2015-07-16,42.87513214725444,42.95610960284398,42.68372374017722,42.8235969543457,13194500
2015-07-17,42.67636129946524,42.73525424715231,42.32299518843022,42.654273986816406,12963900
2015-07-20,42.69108337361126,42.911936832322695,42.61010311681277,42.73525238037109,10084900
2015-07-21,42.713172552966974,42.970834481620216,42.51440357587544,42.66164016723633,12504300
2015-07-22,42.74996771154083,43.13278160677433,42.691074778283735,43.08124923706055,14871100
2015-07-23,43.23585658845837,43.26530446621467,42.7499778386962,42.85304260253906,13582200
2015-07-24,42.83095691748414,42.9487456169576,42.47759081906376,42.53648376464844,13157300
2015-07-27,42.31563761796273,42.580662939660726,42.21257283914786,42.3966178894043,15495300
2015-07-28,42.499693899075695,42.5806741919169,42.08007129826704,42.25675582885742,16730600
2015-07-29,42.40398100999426,42.79415844968764,42.27146834116326,42.66900634765625,13718400
2015-07-30,42.58802354514063,42.83832492605151,42.49232214089868,42.80887985229492,9864800
2015-07-31,42.86777420140496,42.88249814291411,42.543855913117696,42.60274887084961,12369800
2015-08-03,42.74997941139996,42.74997941139996,42.330356967000135,42.6321907043457,13085900
2015-08-04,42.52912097274065,42.81623073715514,42.4849491596369,42.5659294128418,12324700
2015-08-05,42.83638061721047,42.99198692231416,42.59185400064537,42.71782302856445,12032500
2015-08-06,42.717849504757176,42.94014476791587,42.54001159824764,42.6289291381836,12556600
2015-08-07,42.65856249394261,42.873449105787344,42.26584083043386,42.58446502685547,13596200
2015-08-10,42.82897880956403,42.96235648011502,42.7400613047422,42.932716369628906,12397500
2015-08-11,42.406616166967616,42.64373139220788,42.22136972058389,42.39179611206055,15425500
2015-08-12,42.162090889295584,42.19913961198117,41.64340029178819,42.02871322631836,21663200
2015-08-13,42.05094079326928,42.332516166250656,41.962023295825375,42.15467834472656,11868600
2015-08-14,42.1546849340346,42.51035780604266,42.102816150198215,42.48072052001953,9742500
2015-08-17,42.251012946787824,42.60668581088227,42.18432410810532,42.49553680419922,11462500
2015-08-18,42.53999688569466,42.76970351327542,42.43625932054098,42.63632583618164,10581500
2015-08-19,42.44366987708201,42.64373640187608,42.19914600898045,42.28065490722656,13744600
2015-08-20,41.83605698552928,41.92497731542363,41.5767130899286,41.58412170410156,20857700
2015-08-21,40.9987617378232,41.332203217186645,39.983608758815805,39.99102020263672,31954400
2015-08-24,36.456508133686775,39.45009195387176,35.38207797538944,37.975528717041016,40198100
2015-08-25,39.67979283777838,39.753893120881095,37.049293560322816,37.06411361694336,31041800
2015-08-26,38.20522364894096,38.83506036228669,37.47905800329003,38.7535514831543,30235800
2015-08-27,39.598283468602176,40.08733402471496,39.18333319471056,40.03546524047852,26452500
2015-08-28,39.82799636128902,39.96137406360664,39.30189699472352,39.67238998413086,18342200
2015-08-31,39.568645822338745,39.6872034461772,39.31671051835245,39.51677703857422,13842200
2015-09-01,38.61277464007142,38.76838099640206,37.44201559346156,37.78287124633789,28031700
2015-09-02,38.89434620504371,38.89434620504371,37.99034261709813,38.52385330200195,20919600
2015-09-03,38.82024773588427,39.2722495509018,38.69428149977075,38.84988784790039,15719000
2015-09-04,38.38306664161965,38.39788669788437,37.61244067567423,38.005165100097656,22303800
2015-09-08,39.01291893297431,39.257442873849534,38.51645678073805,39.22039413452149,19685400
2015-09-09,39.72424793395124,39.79093676690761,38.546080436146255,38.67204666137695,16221500
2015-09-10,38.58313983792197,39.16851944181138,38.38307328368241,38.94622421264648,17996200
2015-09-11,38.78320932326148,39.02032462917602,38.55350263400292,38.990684509277344,12549400
2015-09-14,38.998088141880366,39.18333461418904,38.83507034172494,39.10182571411133,16225600
2015-09-15,39.30188220946529,39.85762148450874,39.13886445092899,39.62050628662109,14305500
2015-09-16,39.657569300570586,39.93173331695427,39.198158792401706,39.80576705932617,15218500
2015-09-17,39.79093681231684,39.946543147180485,38.55348909418895,38.68686676025391,25025800
2015-09-18,37.99035749321118,38.14596389502768,37.56799564448773,37.81993103027344,39561600
2015-09-21,38.175593898329744,38.346020316093735,37.92365857932278,38.19782257080078,16673300
2015-09-22,37.69394360712648,37.90142153536463,37.29381345784231,37.56056594848633,21761300
2015-09-23,37.70136239952677,37.74581974331892,37.41978697341701,37.62726211547852,12521200
2015-09-24,37.115987644627296,37.55316948345883,36.90110103323072,37.45684051513672,17064300
2015-09-25,38.05704422635812,38.43494587058134,37.84215759207556,38.14596176147461,18394800
2015-09-28,37.84215032937819,38.012576750075375,37.19749337689111,37.32345962524414,17647900
2015-09-29,37.39755425781428,37.76063571716279,37.04929002703645,37.70876693725586,20816400
2015-09-30,38.25709953841003,38.32378837677524,37.56798248418177,38.04962158203125,20514800
2015-10-01,38.168182721543474,38.42752948426688,37.73100092454273,38.11631393432617,15556600
2015-10-02,37.25677474148348,38.005172175682496,36.68621518893328,37.982940673828125,21630300
2015-10-05,38.316384623355006,38.95363302300631,38.16077824482728,38.83507537841797,15240700
2015-10-06,38.6646425097233,38.93139787233576,38.47198460266464,38.55349349975586,14490700
2015-10-07,38.89434465565581,39.07217965911519,38.4645715484622,38.67204666137695,13863500
2015-10-08,38.70168606553938,38.96844139250357,38.36083329292352,38.93139266967773,15384100
2015-10-09,39.28708599824659,39.32413474040587,38.516459724127145,38.63501739501953,16983100
2015-10-12,38.620182164872126,38.84988879866363,38.34601818860512,38.664642333984375,10639000
2015-10-13,38.54607835674248,38.76096489874704,38.31637176080973,38.427520751953125,16002200
2015-10-14,38.30896814825218,38.45716588024459,37.59762242665256,38.160770416259766,26269100
2015-10-15,38.51643849130967,39.049949129537865,38.35342072370966,39.04253768920898,18262400
2015-10-16,39.38339704435504,39.41303432859569,38.90916375022928,39.18333053588867,15676300
2015-10-19,39.09441914766495,39.279665643075234,38.864715302404015,38.94622421264648,15515700
2015-10-20,38.990683437859175,39.48714553928875,38.96104614541231,39.331539154052734,13583300
2015-10-21,39.30188670009071,39.909494817432495,39.294475259327065,39.36116409301758,17666700
2015-10-22,39.56864296509632,40.34667749201928,39.56864296509632,40.05769348144531,18263200
2015-10-23,40.265169468902094,40.606022266837705,40.09474306993429,40.568973541259766,16924800
2015-10-26,40.57637644517083,40.61342799217087,40.131786147532125,40.22811508178711,12661400
2015-10-27,39.998404795899454,40.25775146774768,39.87984720571155,40.102142333984375,12443900
2015-10-28,40.191080829173885,41.12472192095631,40.13920921002862,41.08767318725586,16681600
2015-10-29,41.043202766126704,41.176580435465965,40.68752992343418,40.82090759277344,11334900
2015-10-30,40.80609483085557,40.80609483085557,40.03546878730442,40.11697769165039,18450500
2015-11-02,40.16884729899684,40.769046930526144,40.10956989339724,40.6430778503418,10992300
2015-11-03,40.51711555665822,40.86537988849284,40.34668911227713,40.70236206054688,10709100
2015-11-04,40.70609400031352,40.84784806490437,40.571799477620246,40.72101593017578,12823600
2015-11-05,40.549410514409416,41.09405093075261,40.549410514409416,40.92991256713867,12263900
2015-11-06,41.81028640491357,42.03410963506776,41.45216866745351,41.66852951049805,22376800
2015-11-09,41.84011848494868,41.94456910655096,41.13880228950591,41.385009765625,17609700
2015-11-10,41.25817859274191,41.75059074376165,41.20595327718422,41.713287353515625,13475900
2015-11-11,41.87742545372106,41.9072664581127,41.41485430982275,41.63121795654297,10808500
2015-11-12,41.42231563397701,41.59391350061304,41.16118621826172,41.16118621826172,17552200
2015-11-13,41.04927915752199,41.30294620697784,40.53448551865557,40.71354293823242,16550200
2015-11-16,40.64640214913039,41.23580551147461,40.586717281815446,41.23580551147461,11955400
2015-11-17,41.28056030394895,41.39993285285804,40.91498027200266,41.00450897216797,11331900
2015-11-18,41.07912711283829,41.608842730593416,41.01197986227309,41.53423309326172,16612600
2015-11-19,41.608844022093976,41.83266724890304,41.3775584082868,41.758060455322266,12167600
2015-11-20,41.974422567843085,41.974422567843085,41.57154188579769,41.64614868164063,16264100
2015-11-23,41.70583212976904,41.81028277169335,41.45216506535292,41.48200607299805,9638100
2015-11-24,41.1388087918201,41.3924758469766,40.95228898203052,41.24325942993164,14156500
2015-11-25,41.37755137008293,41.4223171462569,41.108962405171575,41.19849395751953,10034400
2015-11-27,41.2880254339563,41.38501653247425,41.01943645102439,41.3253288269043,4914000
2015-11-30,41.377559660817816,41.54915756810139,41.10897064208984,41.10897064208984,15998900
2015-12-01,41.4148628476832,41.608845069583445,41.23580540015494,41.56407928466797,15543400
2015-12-02,41.63123427900065,41.63123427900065,41.03437126616087,41.09405899047852,12779900
2015-12-03,41.131346239901376,41.1984934803515,40.31065742928136,40.43749237060547,15410100
2015-12-04,40.64639975451439,41.69091190862496,40.51956764015048,41.53423309326172,19647700
2015-12-07,41.37009778480086,41.45216696323221,41.04928345787833,41.34771347045898,17991600
2015-12-08,41.01944021910906,41.19103811928616,40.4971841316628,40.58671569824219,19949500
2015-12-09,40.3778076171875,40.98959236547319,40.07191524304466,40.3778076171875,18499600
2015-12-10,40.4747991650348,41.02689906029253,40.19875064043916,40.54194641113281,14075300
2015-12-11,39.87795303283455,40.243530423268176,39.53475711844896,39.77350234985352,17815700
2015-12-14,39.78094640950492,39.967466226821074,39.3556814537094,39.6914176940918,22055100
2015-12-15,40.16144480421073,41.12388481164708,40.146522878644845,40.96720886230469,19056700
2015-12-16,41.19103919388464,41.81028640491357,40.90006871007751,41.66852951049805,21086800
2015-12-17,41.8624999478446,41.95949103050357,41.385009765625,41.385009765625,18800500
2015-12-18,41.03436624468839,41.14627929105525,40.13161087036133,40.13161087036133,31468600
2015-12-21,40.51210103872893,40.69116130362991,39.952541624254586,40.303199768066406,12993400
2015-12-22,40.55686833760642,40.66131897685523,40.06445614824312,40.54194641113281,10318100
2015-12-23,40.73592467347533,41.07912328105492,40.63147403702056,41.06420135498047,13033600
2015-12-24,41.01197940745554,41.10150812519407,40.81799719861101,40.90006637573242,4999400
2015-12-28,40.69862504448341,40.870222941106654,40.41511411498705,40.79561614990234,8288800
2015-12-29,41.116434094335176,41.29549154741399,41.02690536779577,41.25072860717773,7894900
2015-12-30,41.23579281101381,41.2656366585129,40.87767517922251,40.9522819519043,8016900
2015-12-31,40.66878351473793,40.997060245365496,40.45242266944873,40.5568733215332,10929800
2016-01-04,39.60934254107013,39.74363701695473,39.01993932425066,39.47504806518555,25985400
2016-01-05,39.4899650003368,39.743631995394274,39.20645415972768,39.46012115478516,14759600
2016-01-06,38.88564998727974,39.25868961491,38.669289166264726,38.70659255981445,20026400
2016-01-07,38.05749618000075,38.19179065465346,37.41587050185188,37.60239028930664,30425600
2016-01-08,37.90082170738663,37.94558748269085,36.90107549412186,36.975685119628906,22981400
2016-01-11,37.43824861070372,37.55016161157431,37.0353652228486,37.37110137939453,19046400
2016-01-12,37.96052386200211,38.438014262796166,37.639709465331,38.318641662597656,28961500
2016-01-13,38.59467845796769,38.646903776695765,36.93092210661193,37.10251998901367,22013500
2016-01-14,37.363657171939856,38.05004884379417,37.00553656063577,37.78145980834961,24569800
2016-01-15,36.25199751106581,37.035380297832745,35.90880167626384,36.4235954284668,41090400
2016-01-19,36.744406139217695,36.96076982289042,35.804347457773055,35.968482971191406,29918500
2016-01-20,35.274630124670445,35.99832799193359,34.97620009766237,35.71481704711914,40241100
2016-01-21,35.83419683360506,36.59519825152777,35.74466809210456,35.81927490234375,24272900
2016-01-22,36.58027066815336,36.75933096955467,36.229615298929,36.57281112670898,18298700
2016-01-25,36.49074285327945,36.54296818289727,35.52829975706476,35.558143615722656,23440800
2016-01-26,35.625287693079535,36.22961296962994,35.558140440129485,36.00578689575195,18895100
2016-01-27,36.03562644151389,36.78170567569044,35.90879433781576,36.23706817626953,20441500
2016-01-28,36.63249014126247,36.856316193755305,36.259450515196384,36.49819564819336,21306600
2016-01-29,36.774230812511576,37.4904658958239,36.684699292548615,37.47554397583008,25358300
2016-02-01,37.39349555809456,37.43826134288012,36.9756929510299,37.25920104980469,17385400
2016-02-02,36.75186079022105,36.79662656759725,36.393743109410494,36.43104934692383,25593200
2016-02-03,36.427304306236,36.47241368270886,34.96870661428297,35.78822708129883,47149700
2016-02-04,35.63783869062553,36.5475802686864,35.615281146941065,36.27691268920898,30851700
2016-02-05,36.3520986060592,36.585174114756896,35.78820874432244,35.98369216918945,23733700
2016-02-08,35.419801060156644,35.592726934162,34.63035585514366,34.9611701965332,31172100
2016-02-09,34.29201590344977,35.15664513548319,34.10405265282187,34.9235725402832,29896200
2016-02-10,35.246884133309216,35.502514374574794,34.667956737852094,34.71306610107422,19885500
2016-02-11,33.780767482822284,34.231878295345425,33.45747034888008,33.95369338989258,32570900
2016-02-12,34.55517535739157,35.63032575536377,34.532620677240125,35.5701789855957,28533900
2016-02-16,36.12655519849498,36.39722288065649,35.76566591164399,36.2694091796875,20410600
2016-02-17,36.57766296058066,36.8107356401532,36.08143991401337,36.18669891357422,18060500
2016-02-18,36.15661959998651,36.19421168542947,35.69798870054257,35.88595199584961,17162800
2016-02-19,35.63784987692077,36.216774431519184,35.59273764348367,36.1566276550293,18234900
2016-02-22,36.15662419440567,37.0964407903633,36.15662419440567,36.98366165161133,17572800
2016-02-23,36.74307774575636,36.78066984509536,36.07392862600484,36.16415023803711,15224700
2016-02-24,35.59272609366905,35.84835626400831,35.00628158975216,35.79572677612305,18595700
2016-02-25,35.870910905269874,36.20924537570498,35.870910905269874,35.90098571777344,16646200
2016-02-26,36.18669471277108,36.494954404882606,35.96113933016865,36.14158248901367,20325600
2016-02-29,36.11150444376289,36.11150444376289,35.26942975224322,35.276947021484375,24018100
2016-03-01,35.44236148226616,36.63029098510742,35.44236148226616,36.63029098510742,24758500
2016-03-02,36.720518421038136,37.26937103271485,36.54759249144901,37.26937103271485,18667700
2016-03-03,37.31447976731396,37.434776179575536,36.89344089035209,37.41973876953125,14268100
2016-03-04,37.60018982612671,37.96108200656315,37.35207967868162,37.67537689208984,18685600
2016-03-07,37.41973877494164,37.71296110061584,37.17162581131412,37.645294189453125,14386100
2016-03-08,37.29945315287621,37.33704525482088,36.780672394521766,36.878414154052734,18098200
2016-03-09,37.12651977577018,37.21674137604001,36.47240528655831,36.68292617797852,17920100
2016-03-10,36.79569395054239,36.93854789169525,36.05887817122768,36.47239685058594,18542700
2016-03-11,36.931032986756186,37.6904064195925,36.75058980238408,37.645294189453125,18318400
2016-03-14,37.57011213594382,37.64529632234317,37.17162791736728,37.50244522094727,12803900
2016-03-15,37.06636859550632,37.585149228787486,36.9911844097432,37.57762908935547,12945600
2016-03-16,37.40470323904291,37.81070472636174,37.05133125547732,37.2468147277832,16629700
2016-03-17,37.16410449165249,37.54003109758214,36.7205109819318,37.3896598815918,16002800
2016-03-18,37.92348161544496,38.11896509089635,37.540037672202445,37.9986686706543,35812100
2016-03-21,37.96859134600472,38.1565546694998,37.72047838230673,38.09640502929688,13543200
2016-03-22,37.75055319707885,38.02874098083903,37.59266469370752,37.870849609375,13907000
2016-03-23,37.72799988753524,37.84077903295318,37.36711063752778,37.4122200012207,13648100
2016-03-24,36.855854234873625,36.900966471659736,36.47992753260208,36.76563262939453,20871100
2016-03-28,36.87087598275718,36.87087598275718,36.50246670908663,36.6152458190918,18478100
2016-03-29,36.55511261808705,36.57767017107727,35.968667866018805,36.126556396484375,24459500
2016-03-30,36.389688715307294,36.96109577053149,36.20172545307552,36.57765197753906,16794200
2016-03-31,36.54006612584769,36.72051216446558,36.29195604935212,36.359622955322266,16397600
2016-04-01,36.26187563651911,36.52502594939676,35.92354115887186,36.427284240722656,14321400
2016-04-04,36.40473606989397,36.592699398304646,36.23933029119568,36.46488571166992,12110200
2016-04-05,36.14910957494381,36.15662684630206,35.68295844413242,35.720550537109375,18297700
2016-04-06,35.630320742093765,36.186693341651534,35.502507081762445,36.14910125732422,17214400
2016-04-07,35.870918039179486,35.92354753748154,35.051397878071406,35.28447341918945,17593100
2016-04-08,35.6002580284996,35.82581634731883,35.314555796023406,35.389739990234375,12236500
2016-04-11,35.419803102853955,35.87091385513682,35.33709879571391,35.35965347290039,15113500
2016-04-12,35.442358758454255,35.96113929280233,35.299507685509354,35.9160270690918,18772600
2016-04-13,36.306995355701865,37.02877381170971,36.29195794602346,36.86336517333984,26311900
2016-04-14,36.31451676906287,37.066370130195,36.216775029049664,36.68292617797852,30067900
2016-04-15,36.555097537853214,36.795690304479365,36.13406163030346,36.27691268920898,24885200
2016-04-18,36.27693016924868,36.75059866157135,36.021299873021434,36.72052383422852,18225800
2016-04-19,36.84833075328294,37.53251717465128,36.82577607098171,37.50244522094727,18673400
2016-04-20,37.577627785232174,37.98362925768564,37.41221914058238,37.930999755859375,22647700
2016-04-21,38.00618329845092,38.17910921126448,37.54003506094946,37.63025665283203,20255400
2016-04-22,37.63023997236423,38.149020348936304,37.63023997236423,38.05879592895508,16365700
2016-04-25,37.82574778615021,38.0437831050786,37.6828937962634,37.97611618041992,11689100
2016-04-26,37.97610688590928,38.33699897449077,37.93099752590603,38.284366607666016,13333500
2016-04-27,38.24677695969836,38.65277843419931,38.13400068439882,38.29188919067383,15342700
2016-04-28,37.97610886526969,38.29188874221417,37.74303617819131,37.90092468261719,15506300
2016-04-29,37.93851834358554,37.93851834358554,37.35207366397328,37.57762908935547,17887000
2016-05-02,37.80318693248619,38.11896684269162,37.7054480583617,38.03626251220703,14780300
2016-05-03,37.487403814302525,37.690404537654544,37.24681100175774,37.5926628112793,16246400
2016-05-04,37.16840718674464,37.32750484801728,36.88051411630551,37.07749176025391,22402500
2016-05-05,37.100213837288166,37.26688630212395,36.94869105011826,37.09263610839844,15953600
2016-05-06,36.90323916874277,37.21385963091848,36.85778434846068,37.13809967041016,14189600
2016-05-09,37.13810093197424,37.28962374819529,36.97900327546795,37.03203582763672,13877000
2016-05-10,37.12294923348526,37.509329678371785,37.12294923348526,37.42599487304688,14234400
2016-05-11,37.39567812143481,37.66841853435538,37.18354797363281,37.18354797363281,17344300
2016-05-12,37.38052873649232,37.56235665726633,37.1608208418236,37.27446365356445,13589600
2016-05-13,37.19871199259112,37.44872509751822,36.5244384284776,36.54716873168945,25251700
2016-05-16,36.456253850392656,36.84263722020484,36.319883589289255,36.56989669799805,19655300
2016-05-17,36.47140031416453,36.49412772385595,36.02440961987138,36.07744216918945,21495600
2016-05-18,36.12288930169337,36.91080536093836,36.077431605563575,36.85777282714844,30028200
2016-05-19,36.69869121862188,37.09264945095117,36.48656097431297,36.65323638916016,13604100
2016-05-20,36.835050094104375,37.28204074925743,36.78959527870175,36.93354034423828,13222800
2016-05-23,36.94110757703928,37.03202296923833,36.63048721216671,36.895652770996094,10644000
2016-05-24,37.1608208418236,37.40325614281778,36.88808040569096,37.27446365356445,16597700
2016-05-25,37.56236791965727,38.50938200125342,37.50933247223488,38.259368896484375,22478600
2016-05-26,38.27451380234985,38.380578895834944,38.1836012779422,38.2972412109375,14983300
2016-05-27,38.335121906789816,38.53210241842992,38.25178711038818,38.5245246887207,13430500
2016-05-31,38.65332342939508,38.78211594502996,38.25179042176004,38.42604064941406,19725000
2016-06-01,38.07753105756032,38.66846965663832,38.00934594574581,38.63816452026367,16774300
2016-06-02,38.60785758564521,38.72150039672852,38.41845482721086,38.72150039672852,14206700
2016-06-03,38.00935685739435,38.11542486515538,37.58509638658104,38.02450942993164,25452600
2016-06-06,38.06238250546086,38.53967541222568,38.0244996388434,38.25178527832031,14528500
2016-06-07,38.433606267682414,38.433606267682414,38.085105895996094,38.085105895996094,15310100
2016-06-08,38.06995697021485,38.21390203575138,37.68357658900786,37.88055419921875,18168500
2016-06-09,37.61537942432682,37.638106824746544,37.00928843927812,37.22899627685547,19464400
2016-06-10,36.73656763847962,36.9032401339688,36.49412940038594,36.6229248046875,16815300
2016-06-13,36.46382325188178,36.75171339061716,36.3350278613469,36.34260559082031,16150100
2016-06-14,36.25926994789943,36.456247574440326,35.23649316569521,35.51681137084961,25311700
2016-06-15,35.812274538413895,36.03198243565701,35.410741608322994,35.441043853759766,20142000
2016-06-16,35.206185663162486,35.501653503915755,34.81980241751841,35.494075775146484,15619300
2016-06-17,35.49408650097508,35.607729346401534,35.24407628711754,35.304683685302734,25661300
2016-06-20,35.978954596898284,36.28957505117096,35.54711358480488,35.554691314697266,19490100
2016-06-21,35.827432502567746,35.86531248261187,35.433474351982994,35.78197479248047,11731600
2016-06-22,35.72136550272772,36.04713851588527,35.55469013132886,35.58499526977539,17072100
2016-06-23,36.09259809647765,36.29715347290039,35.903195291277775,36.29715347290039,16270000
2016-06-24,34.66827394939986,35.58498534639856,34.30462105962244,34.630393981933594,46744100
2016-06-27,34.24401889771214,34.342509140148394,33.713690602360295,34.10007095336914,35030100
2016-06-28,34.766775155104305,34.9334505326542,34.35008960128675,34.925872802734375,27525700
2016-06-29,35.327407373094005,35.60014783899866,34.96375438190683,35.58499526977539,20856400
2016-06-30,35.78954575826326,35.88045827119804,35.25163973909552,35.85773086547852,22538800
2016-07-01,35.66833025291166,35.81985015354962,35.501654894141666,35.63044738769531,19013600
2016-07-05,35.38043553936163,35.42589035134591,34.70616218773212,35.00920486450195,22213000
2016-07-06,34.76678500392988,35.35014610055338,34.62283988530512,35.34257125854492,19024100
2016-07-07,35.28953096250256,35.77440166643464,35.183462967217224,35.45620346069336,17946200
2016-07-08,35.9486574597684,36.30473281243058,35.9486574597684,36.20624542236328,19775700
2016-07-11,36.44109496165007,36.706260596748514,36.31987729390874,36.42594528198242,16008700
2016-07-12,36.68352952665416,36.84263006039445,36.532009612702815,36.630496978759766,15067900
2016-07-13,36.60020184270051,36.72141953145268,36.35018873399172,36.56989669799805,14389600
2016-07-14,37.16082945617504,37.236592311583976,36.8729363857359,37.07749176025391,17578400
2016-07-15,37.00931009961282,37.032040403391846,35.918350890123335,36.145633697509766,35121000
2016-07-18,36.22138978541991,36.615347926566855,36.19865948589219,36.57746505737305,24139200
2016-07-19,36.42595909590165,36.78203450427012,36.403228787665775,36.64566421508789,15982900
2016-07-20,36.81232393246543,36.88808388740549,36.668378862056485,36.82747650146485,16569900
2016-07-21,36.85779419171274,36.97901189493283,36.58505363695303,36.59262847900391,15532000
2016-07-22,36.60776138305664,36.63806651509259,36.441086046915366,36.60776138305664,13588500
2016-07-25,36.54715318703176,36.56230286265253,36.25168249141157,36.45623779296875,12122200
2016-07-26,36.38806040743273,36.4941254996044,36.21381020028543,36.34260559082031,16130100
2016-07-27,36.32744214718059,36.53199743087316,36.19864679520106,36.36532211303711,17886800
2016-07-28,36.31987725861284,36.53201034449688,36.12289963249605,36.46382522583008,12562600
2016-07-29,36.3274530219305,36.4941254996044,36.3274530219305,36.34260559082031,13111700
2016-08-01,36.35018610579204,36.40321866015814,36.08502333396155,36.22139358520508,16026600
2016-08-02,36.107737318709184,36.23653268145946,35.903182017910304,36.13804244995117,17033100
2016-08-03,36.14568668944952,36.38243028112358,36.14568668944952,36.32897186279297,14913500
2016-08-04,36.35188720950749,36.65736642838365,36.32897728773478,36.53517532348633,14662600
2016-08-05,36.95519784171301,37.19194432292134,36.7566384382833,37.17667007446289,19064700
2016-08-08,37.25304426548327,37.45924228222122,37.22249867702486,37.352325439453125,14871600
2016-08-09,37.43633980260504,37.5356209963059,37.27596450658015,37.36760711669922,10449800
2016-08-10,37.2835908570475,37.36759777585147,36.71845817043674,36.79482650756836,16782700
2016-08-11,36.83301769738912,37.03921574286917,36.59627114592704,36.84065628051758,14614100
2016-08-12,36.69554998724987,36.7184628219042,36.52753904162374,36.580997467041016,13227500
2016-08-15,36.69555727473397,36.91702960302594,36.68028301968629,36.86357116699219,11758900
2016-08-16,36.77956302186907,37.11558788216501,36.70319466238651,36.9933967590332,13957600
2016-08-17,36.939930434197365,37.16140270796192,36.89411059360163,37.12321853637695,13062900
2016-08-18,37.03921242416982,37.16140352388389,36.90938565527734,37.0621223449707,12189200
2016-08-19,36.9933770572625,37.214849260383886,36.81009192681106,37.15375518798828,12557700
2016-08-22,37.14613206867903,37.22250333254067,37.039215212538565,37.13849639892578,9212600
2016-08-23,37.14612757358883,37.23013449703796,36.95520380693736,36.97047805786133,15430200
2016-08-24,37.039215212538565,37.24541325506625,36.92465977337902,37.13849639892578,16315800
2016-08-25,37.130867499408986,37.18432594142085,36.88648521785,36.94758224487305,13643200
2016-08-26,37.100301994320304,37.29886139908204,36.87119117917173,37.04684066772461,15527300
2016-08-29,37.23012662854895,37.99382153374995,37.18430388546153,37.84872055053711,21201400
2016-08-30,37.97854192433112,38.67350407342028,37.94035776711479,38.65822982788086,25055800
2016-08-31,38.71933936344428,38.88735029232073,38.3680403419344,38.79570770263672,24533600
2016-09-01,38.88734287189408,38.94843986220192,38.2687518679839,38.51313400268555,17017100
2016-09-02,38.528417576084514,38.68879284456422,38.32221955378251,38.60478591918945,12684000
2016-09-06,38.61242619268908,38.6200618620278,37.90218950029556,38.17712020874024,21832200
2016-09-07,38.02438375027785,38.20766896223641,37.91746689109103,38.00910949707031,12437300
2016-09-08,38.03966193290185,38.17712731270362,37.84873811798453,38.108394622802734,14169200
2016-09-09,37.79527136975654,38.07783773796884,37.20722579956055,37.20722579956055,32147200
2016-09-12,36.93993349353382,37.14613153308844,36.64209285193241,37.06976318359375,35588400
2016-09-13,36.50462114737717,36.55044389706903,35.52709246007314,35.86311721801758,59000500
2016-09-14,35.95477381338354,36.33662143886162,35.5118291694612,35.527103424072266,44841700
2016-09-15,35.221605453647655,35.39725491849548,34.51136901437429,35.2445182800293,60827800
2016-09-16,34.90086967530942,35.030696455185826,34.557206267892674,34.694671630859375,51871400
2016-09-19,34.83976319206441,35.351440329172064,34.73284636399373,35.137603759765625,33562400
2016-09-20,36.00821251394793,36.04639667291606,35.22160485553456,35.55763244628906,51510400
2016-09-21,35.51945877496321,35.542371609600394,34.61830121291815,35.00014877319336,64530200
2016-09-22,35.00014461471443,35.22161395927865,34.64884268691861,34.9161376953125,36964400
2016-09-23,34.74812365523378,35.06123849911297,34.69466523651772,34.93141174316406,28710500
2016-09-26,34.64884812151247,34.748129306674535,34.0989895948232,34.27463912963867,30938000
2016-09-27,34.20590865508225,34.44265230223141,34.10662746351899,34.43501663208008,24359000
2016-09-28,34.64121151754684,34.7328541173124,34.33573230064069,34.60302734375,28220300
2016-09-29,34.51138454611199,34.56484297628688,33.76296361039765,33.885154724121094,45266700
2016-09-30,33.854589503230706,34.160065653804644,33.67893714790197,33.816402435302734,54117700
2016-10-03,33.69423246236969,33.7247809705092,33.266565001480856,33.47276306152344,38197700
2016-10-04,33.3123780661216,33.67131568049546,33.25891964439768,33.411659240722656,44008300
2016-10-05,33.472767559977946,34.42738671813474,33.472767559977946,34.3586540222168,40459000
2016-10-06,34.503746032714844,34.66412131002349,34.23645390386711,34.503746032714844,29878200
2016-10-07,34.51900499467451,34.709928691643654,34.3128070523561,34.6182861328125,24893600
2016-10-10,34.90087415247608,35.06888512955921,34.70231175237841,34.86268997192383,21804900
2016-10-11,34.977230131828414,34.992504381295554,34.48083013383965,34.709938049316406,25442600
2016-10-12,34.75575773770868,35.00014281488594,34.61065673828125,34.61065673828125,21780500
2016-10-13,34.549562009430275,34.549562009430275,33.81641261810541,34.175350189208984,44174600
2016-10-14,34.49610879544906,34.76340384798761,33.846969078206264,34.14480972290039,45418600
2016-10-17,34.01496926950699,34.1829801552466,33.846955470502735,33.98442077636719,18861300
2016-10-18,34.17534728808127,34.366271015947646,33.9156909016524,34.328086853027344,23877600
2016-10-19,34.2593621221091,34.77103643282569,34.2593621221091,34.56483840942383,26977000
2016-10-20,34.34337275527641,34.58775497681532,34.10662620360677,34.31282424926758,27210600
2016-10-21,34.167724477793605,34.59539192465196,34.10662746351899,34.43501663208008,21490800
2016-10-24,34.70994260797074,34.88559213001414,34.58775150945074,34.76340103149414,19303800
2016-10-25,34.72521393785916,34.97723178279959,34.67939118729483,34.9161376953125,20402000
2016-10-26,34.7175669722212,35.2597896132642,34.702292725721655,35.2445182800293,25181900
2016-10-27,35.45073183149229,35.74857542382426,35.32854070897128,35.44309616088867,25661000
2016-10-28,35.565278536485586,35.618736957361826,35.03832999644887,35.30562210083008,20882000
2016-10-31,35.435447240731904,35.557638317564844,35.12996809201704,35.137603759765625,20115900
2016-11-01,35.22161177678428,35.34380285745228,34.824490036296986,35.12233352661133,20020200
2016-11-02,34.945225228983176,35.04533063208842,34.70650624361585,34.83741760253906,19566600
2016-11-03,34.906729423702714,35.26095538726395,34.84512337567221,34.9144287109375,14982700
2016-11-04,34.929823380804855,34.9760249702396,34.25987389616378,34.34457778930664,27391600
2016-11-07,34.822010258627955,35.183935381398,34.81430803657967,34.96062088012695,25769400
2016-11-08,34.79120680010185,35.28404325355019,34.55248785779038,35.06842803955078,19462600
2016-11-09,35.6767858731121,37.4325170413636,35.422665342161004,36.95508193969727,67615000
2016-11-10,37.678930399741326,39.98910392302387,37.57112277199415,39.758087158203125,100988800
2016-11-11,39.342250335392016,40.03530348136209,39.06502907700399,39.835086822509766,46594900
2016-11-14,39.97369110734748,41.62931617243007,39.97369110734748,40.98246765136719,59154400
2016-11-15,40.335622118748674,40.49733352661133,39.68877354976113,40.49733352661133,39437900
2016-11-16,39.88130337466241,40.17392329119453,39.550178209210415,39.79659652709961,26996200
2016-11-17,39.57326854811977,40.736057432241054,39.24214347019415,40.42033386230469,29205900
2016-11-18,40.38954452896383,40.79767434755924,40.03531853782297,40.67446517944336,29673400
2016-11-21,40.697555998786086,40.79766434130784,40.058409513926144,40.13541412353516,23587200
2016-11-22,40.374136688956376,40.48964655113711,39.89670160451577,40.2124252319336,22816900
2016-11-23,40.38953145214561,40.52814208859064,40.00450255925106,40.16621398925781,19986800
2016-11-25,40.35102463685337,40.52043533325195,40.07380339497222,40.52043533325195,9635500
2016-11-28,40.135410571645245,40.41263184176434,39.57326874614255,39.71958160400391,26518500
2016-11-29,39.70418676750776,40.14311953977193,39.70418676750776,39.935203552246094,16267300
2016-11-30,40.412629058149314,40.93626854618667,40.27401843263724,40.7514533996582,26567200
2016-12-01,40.91317469976699,41.94505234400525,40.85927088486584,41.84494400024414,35623100
2016-12-02,41.76793497402807,41.79103576724706,41.05178100886642,41.25969696044922,21894700
2016-12-05,41.50611838441683,41.99125270430491,41.48301465189537,41.85264205932617,24793900
2016-12-06,41.92965931665101,42.792123467081375,41.752546326498056,42.7767219543457,30706700
2016-12-07,42.77671367208156,44.11661564527651,42.53029539109774,44.10891342163086,46617000
2016-12-08,44.11660385131836,44.67874558812806,43.66996900047576,44.11660385131836,39828600
2016-12-09,43.82399330444888,44.07811381180035,43.5005704087699,44.00110626220703,20331200
2016-12-12,43.50826178097264,43.9702952443398,42.77670634936036,42.95381927490234,27886200
2016-12-13,43.00773361895193,43.28495493991284,42.5765030641575,43.00003433227539,24355600
2016-12-14,42.1529648819638,42.83061362478698,41.60622161639727,42.122161865234375,54590600
2016-12-15,42.48409113541081,43.31575504223988,42.27617809624118,42.49949264526367,31345900
2016-12-16,42.73050770632946,42.8537168342093,42.29157206712413,42.61499786376953,33171800
2016-12-19,42.49180286939618,42.71512040593807,42.08367304833145,42.522605895996094,16801400
2016-12-20,42.71511056530268,43.36965857329641,42.46869228434944,43.20024490356445,19245300
2016-12-21,43.19254037724602,43.19254037724602,42.84601379371637,42.89991760253906,14058400
2016-12-22,42.93842438363257,43.14634035544412,42.73821063533492,42.93072509765625,14515500
2016-12-23,42.953827092396246,43.10783925406085,42.83061795057209,43.09243774414063,8313000
2016-12-27,43.04622213277708,43.20023130674687,43.00001761806413,43.08472442626953,8893900
2016-12-28,43.1078436898168,43.18485124734193,42.561103250309145,42.599605560302734,10609100
2016-12-29,42.49948807425131,42.70740402859627,41.95274775219824,42.2299690246582,15933500
2016-12-30,42.26846403164417,42.63039206795356,42.1914594414892,42.4378776550293,15095500
2017-01-03,42.86912091329058,43.39276050844897,42.70740946295752,43.12324142456055,22063800
2017-01-04,43.2464308891206,43.36194069396053,42.82289983393481,43.16172409057617,15036100
2017-01-05,42.73050975336012,42.98462730661336,41.9527497096105,42.491790771484375,18831600
2017-01-06,42.55339050696583,42.7921094699776,42.12216004157327,42.38397979736328,18715900
2017-01-09,42.106764929446406,42.206873275919605,41.721735991128526,41.76794052124024,21794100
2017-01-10,41.85264994185929,42.49179947380959,41.78334460631695,42.06056594848633,17978200
2017-01-11,42.04515700301036,42.19916915893555,41.36750821699962,42.19916915893555,21100600
2017-01-12,42.08367241586563,42.18377784450342,41.50612889471947,41.96816253662109,20566600
2017-01-13,42.43789151836497,43.27725475041395,42.083665587876936,42.59190368652344,37231600
2017-01-17,42.199163158199084,42.32237227791134,41.25969472196955,41.41370391845703,26974400
2017-01-18,41.41370510618128,41.80643620608421,41.07488075163955,41.79103469848633,21186700
2017-01-19,41.76794625128755,42.17607604188282,41.47532339551116,42.02976608276367,20906900
2017-01-20,42.16066714255137,42.437888437604286,42.060558799885015,42.40708541870117,24160800
2017-01-23,42.1298606411172,42.35317810339862,41.69863016227011,41.775634765625,17227400
2017-01-24,41.86034209810898,42.40708242613815,41.683229158220826,42.122161865234375,18523300
2017-01-25,42.64580360777855,43.76238805297183,42.56879606196737,43.60067367553711,32252100
2017-01-26,43.5929809614122,44.14742362468547,43.577579449928166,44.03191375732422,23769800
2017-01-27,43.91638856127263,43.97799458570563,43.438953622064645,43.57756423950195,17186200
2017-01-30,43.21564123428067,43.369653375803765,42.93072068186215,43.18484115600586,15961400
2017-01-31,43.10784307114178,43.4158674217457,42.969232407123805,43.37736511230469,22409100
2017-02-01,43.83478003013983,44.24568168437629,43.23780797243496,43.34634780883789,21157700
2017-02-02,43.082749421138736,43.38511123634288,42.95095189450666,43.2223014831543,13044400
2017-02-03,44.09837595890855,44.41624387513138,43.74949581732529,44.40073776245117,19879800
2017-02-06,44.25343388693872,44.50927735104577,43.79601391657657,43.842529296875,13940200
2017-02-07,44.08286805844807,44.33871151357434,43.6254481041426,43.679718017578125,14937400
2017-02-08,43.57892640164594,43.57892640164594,42.772626382190325,43.1292610168457,18592200
2017-02-09,43.12925563474632,44.01308314068867,43.12925563474632,43.98207092285156,15907800
2017-02-10,44.20691260371294,44.22241871527545,43.92780851056437,44.08286666870117,12268100
2017-02-13,44.24567487858368,44.58680044873423,44.106122836820205,44.2534294128418,15325300
2017-02-14,44.29218991562804,44.96668942896587,44.18365010399759,44.9511833190918,16382900
2017-02-15,45.04422441748713,45.74973626642406,44.88141467330673,45.393104553222656,25350400
2017-02-16,45.245808582239256,45.245808582239256,44.58681200149695,45.05973815917969,14694500
2017-02-17,44.64108437202199,45.0442315286408,44.54029610412278,45.03647994995117,15783200
2017-02-21,45.16051864624024,45.455128866364,44.88916907342133,45.16051864624024,16916800
2017-02-22,44.96669591529333,45.42411587135189,44.96669591529333,45.24580001831055,12344200
2017-02-23,45.30007360935423,45.424119558821936,45.01321790573929,45.34659194946289,13841400
2017-02-24,44.73411482587432,44.89692458382777,44.439504579942735,44.81939697265625,16379100
2017-02-27,44.8193959450517,45.16052156686945,44.74186537816899,45.01321792602539,10101000
2017-02-28,44.95895082081661,45.21479431381464,44.75737429179861,44.8736686706543,15558900
2017-03-01,45.827260038217865,46.5095140961778,45.81175392809513,46.30793762207031,25912700
2017-03-02,46.34670867671208,46.35446321173189,45.408611048537416,45.51715087890625,17578600
2017-03-03,45.62568028686491,45.9280449763076,45.486128263272256,45.65669250488281,14740000
2017-03-06,45.38535105924457,45.64894904428159,45.10624696244204,45.43962097167969,13225500
2017-03-07,45.30007950051304,45.36985554100586,44.98221152882108,45.19929122924805,13099900
2017-03-08,45.70322719565961,45.842779269218,45.098500557743606,45.129512786865234,14711300
2017-03-09,45.315569846025845,45.641189283350336,45.12174790738373,45.50939178466797,15721500
2017-03-10,45.72647871249246,45.881536879668,45.36984699823071,45.62569046020508,15120200
2017-03-13,45.610180020858536,45.76523520578177,45.3698397522466,45.50939178466797,14063500
2017-03-14,45.34657551283668,45.59466732184706,45.16050517733507,45.55590057373047,10885000
2017-03-15,45.664457469397,45.98232538297224,45.24580130298418,45.51715087890625,17777300
2017-03-16,45.63343867812451,46.05984636071301,45.55590812652506,45.99007034301758,18468200
2017-03-17,46.028843344603416,46.05985557144481,45.369849790411855,45.486141204833984,20985700
2017-03-20,45.33108974755622,45.33108974755622,44.6720931811869,44.67984771728516,17663200
2017-03-21,44.91243572381692,44.935693418273445,43.12927384991511,43.299835205078125,31766400
2017-03-22,43.0517226458752,43.08273486195158,42.52452680252768,42.89666748046875,27740900
2017-03-23,42.81914583576197,43.40836623367012,42.625323881250566,42.83465194702149,19000000
2017-03-24,43.0284668443169,43.45487448280806,42.811387237264206,43.2843132019043,21127500
2017-03-27,42.3539740911939,43.09049810571814,42.05161231704427,42.94319152832031,16854800
2017-03-28,42.91218664203939,43.6099469766615,42.826907452242295,43.38511276245117,14878900
2017-03-29,43.36961025279229,43.48590463739004,43.067248401825,43.160282135009766,10329100
2017-03-30,43.16802964503818,43.74949555840617,43.11375972972292,43.60219192504883,12106500
2017-03-31,43.43162330983603,43.55566924067591,43.12150700399218,43.15251922607422,11864600
2017-04-03,43.183538822442095,43.27657254708695,42.47802691578367,43.020729064941406,14550700
2017-04-04,42.87342223334221,42.89668288249506,42.62533033062939,42.795894622802734,11937400
2017-04-05,43.25330845200221,43.57117634184578,42.58656044952828,42.62532424926758,17411700
2017-04-06,42.60206911233555,43.144771213652845,42.4159987219596,42.92768859863281,10387500
2017-04-07,42.594312267886735,42.88117089405767,42.338468822166696,42.51678466796875,15848800
2017-04-10,42.63308272053021,42.83465627228125,42.11363829209444,42.2842025756836,14607700
2017-04-11,42.04385578424603,42.06711347115563,41.29958022825711,41.98958587646485,28086800
2017-04-12,41.82678276502638,41.88105268138646,41.12902247255594,41.183292388916016,25601300
2017-04-13,40.15991147805622,40.89643555345502,39.811031341552734,39.811031341552734,47982000
2017-04-17,40.03586427350074,40.90418584114958,39.74125406113315,40.87317657470703,31959100
2017-04-18,40.59407285120476,40.83441019518031,40.38474477395966,40.663848876953125,22257500
2017-04-19,40.99721888320828,41.19879240593633,40.35372860231018,40.43125915527344,17414600
2017-04-20,40.87317410142327,41.54767366492126,40.64833992776117,41.47789764404297,31552900
2017-04-21,41.39261368053794,41.74149376949167,41.05148812549882,41.09025192260742,26177300
2017-04-24,41.98183256257315,42.12913616938475,41.54767036080335,41.59418869018555,23856700
2017-04-25,42.12138585891597,42.71060326135549,42.09037363839597,42.29970169067383,27061300
2017-04-26,42.33071795667073,42.6951042143426,42.14465051774494,42.2842025756836,15915500
2017-04-27,42.28419941208538,42.36948154749936,41.795767245843386,42.206668853759766,13978000
2017-04-28,42.121389379194056,42.31521133741051,41.65621490498154,41.74149703979492,16501900
2017-05-01,41.94307528844731,42.4470136194361,41.84228998824052,42.2221794128418,13915800
2017-05-02,42.22217812438259,42.33847249182767,41.9120647403434,42.2842025756836,15634900
2017-05-03,42.167083940167615,42.85412485962378,42.12024220404374,42.82289505004883,15737100
2017-05-04,43.15080147008009,43.40843994975119,42.83850933532391,43.08053588867188,17054100
2017-05-05,43.13518406831263,43.24448541567801,42.846315796241534,43.02588272094727,13078800
2017-05-08,43.03368618599004,43.16641137025775,42.74481793068479,42.971229553222656,14242800
2017-05-09,43.04931568249182,43.22888265764886,42.5106147570207,42.69018173217773,14402900
2017-05-10,42.49499336455402,42.869742165729065,42.44034268385592,42.72140502929688,15897200
2017-05-11,42.3778932844495,42.487194672213576,41.42540763519151,41.956302642822266,32200100
2017-05-12,41.61278692132731,41.62840183313148,41.01943516396861,41.39418411254883,29642300
2017-05-15,41.425411012614944,41.70647047053479,41.39418119121062,41.62839889526367,15245000
2017-05-16,41.69084731423868,41.72207414899656,41.33951936362228,41.58154296875,12650100
2017-05-17,41.58154137967979,41.58154137967979,40.32457272610429,40.78520202636719,33173100
2017-05-18,40.83985386403566,41.34732491813068,40.55879150632698,40.89450454711914,19790100
2017-05-19,41.04283823792972,41.64399867952351,40.9023070708954,41.42539596557617,16895000
2017-05-22,41.58935480351168,41.628390583353,40.98819426359034,41.3863639831543,13947000
2017-05-23,41.386367123458186,41.81576966901203,41.26145083154416,41.68304443359375,11751700
2017-05-24,41.76111036125952,41.85479681630576,41.22240654370655,41.44881820678711,11304400
2017-05-25,41.57372990381585,41.57372990381585,41.04283508650336,41.206787109375,16643800
2017-05-26,41.089687785626055,41.230218969188414,40.88669697459645,40.91792678833008,14247700
2017-05-30,40.722747802734375,40.98819528178407,40.51975995557363,40.722747802734375,19379700
2017-05-31,40.777392226135625,40.793007131708656,39.68437564017182,39.92639923095703,30519700
2017-06-01,40.230891029800205,40.761786019627934,39.86395109435997,40.66029357910156,21001800
2017-06-02,40.34019285935528,40.78521032247619,40.23089147404956,40.44949722290039,19477300
2017-06-05,40.37141774186637,40.73836061473698,40.34018792752866,40.37922668457031,13663800
2017-06-06,40.06693939609097,40.62125526627822,40.00448273801887,40.44949722290039,14887500
2017-06-07,40.47290896822389,40.83985180318687,40.36360760757246,40.6680908203125,17022400
2017-06-08,40.66809134003513,41.40197404110112,40.50413929696275,41.0350341796875,22644200
2017-06-09,41.26925295963445,42.12024598846126,41.22240824106312,42.00313568115234,25750000
2017-06-12,42.14366510191353,42.61990929703443,42.112435290834426,42.22954559326172,22791400
2017-06-13,42.43254175942757,42.69798924936203,42.37789106840335,42.51061630249024,17966000
2017-06-14,42.22954013924327,42.65893956228783,41.82356158236384,42.57305908203125,16575000
2017-06-15,42.19050480825158,42.51060288820281,42.01093788322903,42.08120346069336,17232300
2017-06-16,42.10463221800844,42.34665880313055,41.88602948192326,42.07340240478516,23492700
2017-06-19,42.40130366113133,42.65894213922615,42.25296355782239,42.34665298461914,15367300
2017-06-20,42.206124384933,42.23735121752249,41.71426528822478,41.73768615722656,13622200
2017-06-21,41.74549566952223,41.7533016332166,41.222406754837614,41.362937927246094,12653700
2017-06-22,41.22239307920813,41.2926586421016,40.76957287919069,40.98036956787109,15362200
2017-06-23,41.14434342150428,41.24583883923219,40.84766611181311,40.949161529541016,21868500
2017-06-26,41.16775088224375,41.71426059732519,41.05844953487513,41.30047607421875,12532800
2017-06-27,41.39417761666939,41.893842803031866,41.30829710434344,41.50347900390625,13496300
2017-06-28,41.854795045282565,42.48718231288454,41.78452946241139,42.41691970825195,20961700
2017-06-29,43.44748447241674,44.189173179081045,43.103962482899206,43.54897689819336,32552100
2017-06-30,43.74415914473435,43.75977405150648,43.06492708046062,43.26010894775391,16750700
2017-07-03,43.57240074726705,44.07206584666827,43.49432621408628,43.54897689819336,11825000
2017-07-05,43.69731702211735,43.73635279958828,43.20545788691474,43.54897689819336,14086900
2017-07-06,43.70512042453364,43.97056786531116,43.33037162194868,43.37721633911133,14481200
2017-07-07,43.548949899169806,43.58798863067682,43.13516555368166,43.517723083496094,11503500
2017-07-10,43.35379386167901,43.57239957044202,43.2054567200003,43.400638580322266,10979000
2017-07-11,43.45527962556299,43.49431539332237,42.79946860119556,42.971229553222656,14842700
2017-07-12,42.88535810209494,43.12738467831679,42.62771661983568,43.072731018066406,11951500
2017-07-13,43.14299979981643,43.463097951682144,42.98685668436117,43.408447265625,14201800
2017-07-14,42.40130651092235,43.096153426053824,42.25296639764348,42.93220138549805,17949600
2017-07-17,42.861947943392366,42.92440460491122,42.50281097126065,42.71360778808594,14953600
2017-07-18,42.401319632040064,42.87756099556501,42.33885999064947,42.78387451171875,13603300
2017-07-19,42.783856610523245,43.10395469311871,42.69797612866425,42.893157958984375,12366200
2017-07-20,42.90878539060512,43.18204181977727,42.6901826298588,42.84632873535156,15123500
2017-07-21,42.49499826506694,42.643335418605325,42.23735675928865,42.29200744628906,17384500
2017-07-24,42.237357628179616,42.47938423147394,42.19051588306655,42.37008285522461,18489900
2017-07-25,42.94000602342484,43.260104131015375,42.86974043989333,42.98685073852539,20167800
2017-07-26,43.18984531964713,43.197654262507626,42.79167560269466,42.869747161865234,19686900
2017-07-27,42.830718123513165,42.90878969497162,42.46377518553143,42.71360778808594,17352600
2017-07-28,42.39350525790857,42.60430205324314,41.51909123811421,41.61277770996094,32590600
2017-07-31,41.7064595645283,42.33104391633071,41.69084763614826,42.1124382019043,20378100
2017-08-01,42.33885187515435,42.463768155752,42.04217459189528,42.22174453735352,19350300
2017-08-02,42.103780500238,42.43406646238572,42.033004508367405,42.166690826416016,19422100
2017-08-03,42.07232915835922,42.198152826501456,41.946505490216985,41.993690490722656,19374700
2017-08-04,42.20601980194697,42.22961380454485,40.821959311089614,41.55331039428711,44664600
2017-08-07,41.46679746527486,41.639806115762376,41.23087848725624,41.3173828125,22673700
2017-08-08,41.14438905454079,41.91505959495044,41.065750366694886,41.45108413696289,24877800
2017-08-09,41.11292725190504,41.52972064515261,41.00283190270226,41.51399230957031,14631600
2017-08-10,41.19943081952644,41.45894385192287,40.82982244000664,40.85341644287109,18373000
2017-08-11,40.75904538673624,41.05787472788471,40.68826938491204,40.84554672241211,14714500
2017-08-14,41.18370201894319,41.749910083321424,41.16011101621849,41.55331039428711,16313200
2017-08-15,41.836402326224274,41.96222597081961,41.54543571057363,41.561161041259766,11028100
2017-08-16,41.68699202956657,41.84427236298581,41.25447336256829,41.43534469604492,11224400
2017-08-17,41.26233941654898,41.38816308449107,40.72758807782691,40.735450744628906,16814300
2017-08-18,40.6017596198576,41.0028215766471,40.40515997440005,40.64107894897461,17130600
2017-08-21,40.68826079032366,40.82194709893473,40.42088517322925,40.75117111206055,13503100
2017-08-22,40.85341447635563,41.105061829059565,40.8298204746269,41.06574249267578,12984100
2017-08-23,40.75903587060664,41.27019309788636,40.735441875591846,40.91631317138672,10019500
2017-08-24,41.04214568774438,41.30952135671453,40.92418768664962,41.0185546875,12345000
2017-08-25,41.10506000285334,41.34097901054779,40.703994989887136,40.71186065673828,15307800
2017-08-28,40.853419693188,40.908467371129305,40.43662627465224,40.60177230834961,12425900
2017-08-29,40.27146820337792,40.49952449819147,40.20855788059591,40.43661117553711,10715500
2017-08-30,40.46808112311147,40.68827482482212,40.26361875710157,40.389442443847656,11427500
2017-08-31,40.10633309963613,40.29507010475498,40.00410043020205,40.161380767822266,25231100
2017-09-01,40.153512961871385,40.49166459452128,40.051280305521466,40.08273696899414,16217700
2017-09-05,39.81536048217157,39.84681414510254,39.13119156562265,39.39856719970703,31251300
2017-09-06,39.51652584866497,39.53225417913668,38.97391194681644,39.22555923461914,26854000
2017-09-07,39.27274923382917,39.27274923382917,38.745863555020975,39.06828689575195,23367300
2017-09-08,39.01323791140666,39.30420457496229,38.87168591294764,38.98964691162109,18975700
2017-09-11,39.31993570887219,39.949054080239534,39.27275070606725,39.838958740234375,17987100
2017-09-12,39.988376426381386,40.68040818691957,39.98051375859183,40.55458450317383,17129500
2017-09-13,40.41302713172775,40.50739413207089,40.24788413115902,40.468074798583984,12617300
2017-09-14,40.53098456823358,40.67253655623828,40.169241932164944,40.33438491821289,13739400
2017-09-15,40.3265337951743,40.64109454859595,40.30294278862346,40.6253662109375,28494300
2017-09-18,40.63322858392151,41.55331683106148,40.58604657116343,41.45108413696289,20943400
2017-09-19,41.45893981642521,42.14310583543509,41.30952214569606,41.96223449707031,17047000
2017-09-20,41.98583210484493,42.552040209608194,41.89932775552016,42.26893615722656,21560400
2017-09-21,42.111645594272304,42.65426256319231,42.08805459557932,42.51271057128906,16210900
2017-09-22,42.40261165229904,42.7486289609524,42.26892532840852,42.66212463378906,18047800
2017-09-25,42.5205656985684,42.72503098389767,42.111638127782,42.48910903930664,11595900
2017-09-26,42.54415793475864,42.68570990569568,42.276782322974455,42.3082389831543,12052500
2017-09-27,42.83513396208031,42.88231595954985,42.512710646590186,42.63066864013672,15840800
2017-09-28,42.69358129818894,42.725037962588814,42.26106266224487,42.66212463378906,14531700
2017-09-29,42.662124542841575,43.432794819759806,42.536300885382936,43.3698844909668,20872300
2017-10-02,43.37775916800528,43.621543884277344,43.141840119930656,43.621543884277344,11764400
2017-10-03,43.51143107284648,43.73948436123462,43.13395714751167,43.7080307006836,17405100
2017-10-04,43.495707925461815,43.527161589760766,43.1732846173848,43.22046661376953,14697800
2017-10-05,43.25192924924498,43.857456618719176,43.07892057228863,43.558624267578125,14560700
2017-10-06,43.6293890496254,43.786669351869534,43.4249267566186,43.7080307006836,11151200
2017-10-09,43.7394857075894,43.8023990303725,43.18900613272663,43.36201477050781,11377000
2017-10-10,43.54289142629094,43.818132747493046,43.36988576711506,43.73162841796875,12800500
2017-10-11,43.59795304704282,43.8102811056981,43.4564010079393,43.77096176147461,12843100
2017-10-12,43.794543319018416,43.81027165328904,43.29911428892245,43.41707229614258,15067500
2017-10-13,42.064463398946216,42.23746905500178,41.55330309727064,42.22174072265625,35310000
2017-10-16,42.19028100728824,42.441928288982496,42.00940671119028,42.3082389831543,22802400
2017-10-17,42.44979642113937,42.46552475325492,41.77349313953384,41.82854080200195,18614700
2017-10-18,42.00154876708984,42.520571718906886,41.93077277366604,42.00154876708984,21604000
2017-10-19,41.76564139738072,42.41048818341738,41.67913704805596,42.26893615722656,12669700
2017-10-20,42.63066832183026,43.30697161265562,42.496981996834506,43.18901062011719,28407700
2017-10-23,43.05532867219148,43.2833850143516,43.016009337305626,43.18115234375,18102100
2017-10-24,43.25192077103418,43.69230504429333,43.25192077103418,43.58220672607422,18779400
2017-10-25,43.63726146696968,43.70803746393759,43.149692154580585,43.448524475097656,17096900
2017-10-26,43.60580038021445,44.17200529867402,43.60580038021445,43.73948669433594,15979200
2017-10-27,43.432805255342544,44.06978936170316,43.35416657548864,43.93610000610352,17258600
2017-10-30,43.60581428755963,44.00687635770856,43.49571893496476,43.920372009277344,12249200
2017-10-31,43.99899616380898,44.44724306361162,43.959676839240224,44.14841079711914,14619200
2017-11-01,44.28996118955872,44.69888875024233,44.18772854941981,44.20345687866211,11678300
2017-11-02,44.187628699922165,44.75779262535086,43.83127624652924,44.72611618041992,15630000
2017-11-03,44.54397704642098,44.69443561472278,44.266815730909286,44.623165130615234,10049200
2017-11-06,44.42519538981009,44.68652152568089,44.34600729939398,44.488548278808594,10414900
2017-11-07,44.48063122430707,44.57566056542552,43.29279164781677,43.593711853027344,18679100
2017-11-08,43.39573589149903,43.54619749516324,42.801816140189736,42.96811294555664,24047100
2017-11-09,42.68303419783479,42.91268087356002,42.1366260907962,42.76222229003906,24438800
2017-11-10,42.77806363344567,42.86517235372449,42.59592859142282,42.61176681518555,13671700
2017-11-13,42.38211000649739,42.690947766085806,42.29500130080182,42.540489196777344,13447000
2017-11-14,42.38210724715292,42.8414035461467,42.22372806718446,42.79389190673828,20830100
2017-11-15,42.46922843315596,42.85725436628537,42.35836388083327,42.56425476074219,18238600
2017-11-16,42.72262943788489,43.44325197207818,42.65135894457645,43.23735809326172,26361800
2017-11-17,42.92852743380541,43.12650072359882,42.73847476727001,42.88101577758789,15814800
2017-11-20,42.85724729998065,42.92851778912737,42.6434358325405,42.80181503295898,16943100
2017-11-21,42.82557179376494,43.22151826513851,42.75430130808442,43.17400360107422,13757000
2017-11-22,43.12648971479484,43.253192467086194,42.78597550160586,42.80973434448242,11421700
2017-11-24,42.91268037032838,43.00770970485762,42.76222178857184,42.833492279052734,5386500
2017-11-27,42.77806945681303,43.12650136452794,42.65136667029554,42.72263717651367,11066800
2017-11-28,42.6592781763798,44.25890251558043,42.54049603021327,44.005496978759766,25685200
2017-11-29,44.21930830920073,45.33587739584591,44.10844376484099,44.884498596191406,29631800
2017-11-30,45.1616549976368,45.39922530469848,44.64692638094437,44.71819686889648,30984400
2017-12-01,44.797394143655694,45.28044943651774,43.90255406049865,44.50439453125,31242400
2017-12-04,45.35171668847378,45.921880668143466,45.29628441498726,45.44674301147461,28720400
2017-12-05,46.4524384467404,47.04635813521091,45.486328120162206,46.36532974243164,39754900
2017-12-06,46.46828089240429,46.8008744981873,46.02481973052826,46.38117218017578,26758300
2017-12-07,46.28614854591365,47.51358214721698,46.15944578102103,47.00677108764648,32990600
2017-12-08,46.9671745300293,47.45022671854528,46.84047177190785,46.9671745300293,22017100
2017-12-11,46.69000675211818,46.95925047102167,46.42076303321468,46.61873626708984,15876600
2017-12-12,46.49204845974377,47.95705267373852,46.49204845974377,47.77491760253906,25040400
2017-12-13,47.75905152203428,47.90951005288301,47.02259104319125,47.03842926025391,18227000
2017-12-14,47.15722382486584,47.50565865070491,46.887980105277386,46.89590072631836,14731000
2017-12-15,47.078050840805865,48.02832327481207,46.99885970915288,47.41064453125,36467500
2017-12-18,47.862018137272656,48.40842631258248,47.80658586163723,48.24212646484375,19970900
2017-12-19,48.463858231273136,48.51929050650029,47.735315009836704,47.79866790771485,17062700
2017-12-20,48.2104606316672,48.36091925769081,47.56110842549574,47.62445831298828,16544500
2017-12-21,48.052075221487904,49.192400237662255,48.052075221487904,48.788536071777344,22130700
2017-12-22,49.097368862884906,49.287424523133225,48.45593440798309,48.74101638793945,11653200
2017-12-26,48.701423968491966,48.87564141114317,48.14709821346461,48.408424377441406,11662800
2017-12-27,48.38465890214512,48.49552645462703,48.03622708541204,48.26587677001953,10010800
2017-12-28,48.32923355053205,48.550965666386006,48.23420722707028,48.54304504394531,10550900
2017-12-29,48.66974755904662,48.764776902840005,48.04415130615234,48.04415130615234,10711400
2018-01-02,48.337153082534485,48.590558619937546,48.06790932143969,48.376747131347656,13819300
2018-01-03,48.479695743796896,48.91523633739948,48.38466639837523,48.74893951416016,14203700
2018-01-04,49.08153159980286,49.92885693412311,49.02609932715255,49.35869598388672,18740500
2018-01-05,49.699205595576274,49.73880266403038,49.16863871161178,49.691287994384766,14217900
2018-01-08,49.620024110241424,49.67545638846271,49.049860081870975,49.129051208496094,15569400
2018-01-09,49.33492961646541,49.70712026537392,49.15279460254877,49.303253173828125,15766500
2018-01-10,49.47747242952803,50.20601553314978,49.38244611891022,49.984283447265625,18107500
2018-01-11,50.40398887477022,50.41982407587767,49.64376932583848,49.89717483520508,22075000
2018-01-12,50.04763722689504,50.2060164279688,49.13695908634486,49.53290557861328,25886100
2018-01-16,49.72297786184075,50.00805991499825,49.23992249630532,49.49332809448242,17907800
2018-01-17,49.77046884321886,50.71282335191071,49.485389929348266,50.58612060546875,23892900
2018-01-18,50.57822194847093,50.92665389728688,50.570304344993936,50.64157485961914,16305900
2018-01-19,50.799944920462245,50.88705364710542,50.54653936340896,50.855377197265625,16524000
2018-01-22,50.68115461857685,51.275074399263296,50.6573987940157,51.259239196777344,12245200
2018-01-23,50.92663094052195,51.35425383550883,50.85536347885584,51.06917190551758,12937100
2018-01-24,51.433448672428,51.97193616183258,51.31466955405246,51.85315704345703,20180300
2018-01-25,52.02736873576333,52.14615389649899,51.789804455956265,51.98777770996094,17568700
2018-01-26,52.17783435514596,52.296619525017405,51.6710232692482,52.209510803222656,16251900
2018-01-29,52.09071811826082,52.51042042181368,51.99569482940437,52.12239456176758,16105200
2018-01-30,51.81355214036668,52.20949858617671,51.694766998291016,51.694766998291016,16158900
2018-01-31,51.686850219265,52.34412281815974,51.59974755304324,52.09071731567383,18147900
2018-02-01,52.07480310631743,52.648361664216765,51.82784795184069,52.18632888793945,15717600
2018-02-02,52.04293794557539,52.20225875492711,50.848013642339644,51.03919982910156,18905300
2018-02-05,46.76137313794859,47.70934535419969,45.80543305767073,46.331199645996094,103394400
2018-02-06,45.33542939085736,46.602049314286845,44.50694778483499,45.63017654418945,83076900
2018-02-07,45.35932400294287,46.29933133446629,45.20796802337029,45.83729553222656,45551000
2018-02-08,45.66998758320268,45.75761277300343,44.0926855452168,44.13251876831055,43569700
2018-02-09,44.72202274544639,45.0406703680516,43.59082945901086,44.71405792236328,48904600
2018-02-12,44.89727476146381,45.50270153737943,44.51489947580416,45.0088005065918,24401300
2018-02-13,44.65830484675349,46.27543474514071,44.57067657936016,46.203739166259766,24234200
2018-02-14,46.08423262124205,47.47831056790356,46.04440243053576,47.43848037719727,23681800
2018-02-15,47.65357290727078,47.87662443370409,47.11984160077704,47.812896728515625,22397300
2018-02-16,47.53407132653914,48.13950113817776,47.53407132653914,47.75712585449219,18661900
2018-02-20,47.68543029887311,48.80865864433966,47.6216995655012,47.75712585449219,18517600
2018-02-21,47.68543195862445,48.18730086542621,47.58187103271485,47.58187103271485,19987800
2018-02-22,47.701370331704666,47.93238667864962,46.745430455782,46.84899139404297,17948600
2018-02-23,47.05611231141767,47.19153862725952,46.48254775274488,47.135772705078125,21099200
2018-02-26,47.5978185650632,47.79697261763669,46.96052620459798,47.773075103759766,16478300
2018-02-27,47.82086567448597,48.17934354347712,47.16764068603516,47.16764068603516,17024400
2018-02-28,47.37476007015168,47.653574487438654,46.45865034675293,46.53034591674805,17869100
2018-03-01,46.40287049472516,46.95253430445417,45.45489878375386,45.654052734375,28491000
2018-03-02,45.34338708890154,45.90101896833838,44.94507903771085,45.73373031616211,22428500
2018-03-05,45.25576891689864,46.17984361799169,45.08051237465435,45.87712860107422,20560900
2018-03-06,45.97272069791161,46.10017916981383,45.1203415972812,45.462886810302734,23975900
2018-03-07,44.929157271035,45.20000691490936,44.61847438397488,45.088478088378906,24788700
2018-03-08,45.20796046663593,45.42304716303335,44.79371975937227,45.18406295776367,16828400
2018-03-09,45.53457253047954,46.41881681732095,45.407114086177565,46.3869514465332,19051500
2018-03-12,46.41881571707592,46.649835091537824,46.1718636575978,46.21966171264648,12414800
2018-03-13,46.51440390906293,46.538301414656,45.741685480501545,45.853214263916016,13810600
2018-03-14,46.09220305519175,46.12406842507476,44.96897459703165,45.11236572265625,12212900
2018-03-15,45.22389993428517,45.50271437577141,44.80169434036329,45.27169799804688,13277700
2018-03-16,45.399157399152585,45.54254551569684,44.50694509029117,44.53084564208984,37095000
2018-03-19,44.51490618374618,44.602534436365325,43.78998569232753,44.19625854492188,17982200
2018-03-20,44.42727752554886,44.52287060078384,43.54303322279034,43.734222412109375,26874600
2018-03-21,43.82981633180496,44.27592242291169,43.44744098464881,43.6465950012207,18997300
2018-03-22,43.18456410542626,43.24032699713534,41.56743416816359,41.84624862670898,32656300
2018-03-23,41.99760169095372,42.02149920148015,40.57962296901709,40.61148834228516,30975800
2018-03-26,41.384206408093895,41.86217484568596,41.041661246908205,41.65505599975586,26718000
2018-03-27,41.74268418552123,42.061328797097055,40.38046836686093,40.70708084106445,23669300
2018-03-28,40.7548754446948,41.36827014450154,40.58758680988813,41.00979232788086,23342500
2018-03-29,41.47182650851631,42.021490407539375,41.20097697011756,41.75064086914063,17706800
2018-04-02,41.71877962194272,41.74268016867666,40.16537779358863,40.90623092651367,23359800
2018-04-03,41.20098778359991,41.575395303440025,40.675221252111136,41.487770080566406,16646400
2018-04-04,40.73097697502557,42.2525134151208,40.63538086695076,42.14895248413086,15952700
2018-04-05,42.491499448753366,42.98540053981159,42.26048006916924,42.42776870727539,16488800
2018-04-06,41.94184587037334,42.15692957903085,41.39217872490484,41.60726547241211,22943800
2018-04-09,41.82233819550875,42.483530905628,41.55148864564103,41.62318420410156,17032000
2018-04-10,42.21268837669932,42.26845126046008,41.51963018335974,41.91793823242188,14594700
2018-04-11,41.67895448430318,41.79844811591919,41.20098603553773,41.3682746887207,14673200
2018-04-12,41.55149316736578,42.43573747165488,41.44793222968666,41.981666564941406,19967800
2018-04-13,41.432008047406335,41.6630274793164,40.47607101950896,40.539798736572266,32054900
2018-04-16,40.300805234449854,40.898267259250645,40.07775371762257,40.46809387207031,31879100
2018-04-17,40.58759275982792,40.75488141915828,40.221150066385405,40.28487777709961,25507100
2018-04-18,40.45216693239016,40.60352594503473,40.03792617169618,40.14148712158203,21055700
2018-04-19,40.237081392837936,41.11336100278248,40.22115174363216,41.05759811401367,23678400
2018-04-20,41.36826735160011,42.0772550750234,41.28063910913679,41.87013626098633,31149300
2018-04-23,41.86217508495916,42.09319448128376,41.56742798138766,41.90997314453125,17723900
2018-04-24,42.180820009999245,42.81811223550203,41.567425293312496,41.83030700683594,23052100
2018-04-25,41.77454281877468,42.610992067329,41.368269987380266,42.30827713012695,20978500
2018-04-26,42.21268115762808,42.3082742221772,41.63114883126172,41.774539947509766,17025800
2018-04-27,41.64709230696923,42.1728588565018,41.59132941829528,41.71082305908203,12304300
2018-04-30,41.87014913155316,42.26048937306994,41.39217758178711,41.39217758178711,17050500
2018-05-01,41.23284105719804,41.901998590096746,41.10538262421013,41.87013626098633,13903800
2018-05-02,41.72674885389937,42.11708901013324,41.47183196525916,41.57538986206055,16397200
2018-05-03,41.4309258077158,41.56737175341901,40.78081055299037,41.36671829223633,19216100
2018-05-04,41.0697447696618,42.45826927351924,40.98948461807944,42.06498718261719,16660500
2018-05-07,42.514455462468014,42.530508106440585,42.04091318132788,42.26564407348633,16259100
2018-05-08,42.31379083317434,43.10837659878283,42.241555485234656,42.691017150878906,20786200
2018-05-09,42.89969790589017,43.32508213784123,42.81943470815455,43.14850616455078,16286700
2018-05-10,43.44547548658112,43.92704242700316,43.0441686823201,43.86283493041992,20699000
2018-05-11,43.89494185631967,44.08757049018792,43.55784557421057,43.70231628417969,14424000
2018-05-14,43.96717815452491,43.99928343781308,43.606004433582186,43.72639465332031,12809100
2018-05-15,43.686271421907925,44.368491959120206,43.64614134237699,43.94310760498047,14991100
2018-05-16,43.90296877112908,44.4005883938899,43.79060334615679,44.17585754394531,16450200
2018-05-17,43.66218999127359,43.87889301325722,43.365220694115166,43.51771926879883,21622400
2018-05-18,43.461533839322456,43.67823684778915,43.09232920395591,43.10035705566406,21492700
2018-05-21,43.40534982898103,43.8467867461776,43.39732197751244,43.77455139160156,11491400
2018-05-22,43.84679536072348,44.66546185285195,43.69429677014154,44.35243988037109,17398200
2018-05-23,44.16782863949024,45.09083557128906,43.84678501318535,45.09083557128906,23566100
2018-05-24,44.84202807608284,44.8661085698713,43.69429020138415,43.87889099121094,24673400
2018-05-25,43.8227128579892,44.135734816146176,43.76653013615483,44.0634994506836,17741900
2018-05-29,43.37324691966734,43.54981985916994,42.24958646738912,42.49839782714844,31604000
2018-05-30,43.06825200264365,43.69428972318107,42.843521141266805,43.52574157714844,16416200
2018-05-31,43.50968372423346,43.64612963210472,43.18061226160371,43.33311080932617,17515900
2018-06-01,43.79061326942598,44.159814909921046,43.56587930682686,43.89495086669922,14100200
2018-06-04,43.97520749028654,44.28019850663198,43.8227089203854,44.0073127746582,10593700
2018-06-05,43.83074254158739,44.087578726909975,43.5739063562648,43.742454528808594,11883900
2018-06-06,43.9190274701412,44.64940589493545,43.8708695406268,44.60927581787109,15848200
2018-06-07,44.76176805063408,44.93834405083382,44.344408543989125,44.6494026184082,17299600
2018-06-08,44.59322044224399,44.76176859262363,44.127703003982006,44.68953323364258,12965900
2018-06-11,44.7778115781899,45.03464767435008,44.54505290925481,44.55307769775391,13518400
2018-06-12,44.65742393376015,44.90623527270636,44.21598702933726,44.44874572753906,13608300
2018-06-13,44.45677946301783,44.89019166514747,44.25612600592768,44.27217864990234,14901100
2018-06-14,44.40861604256708,44.424665621722845,43.72639258277584,43.93507385253906,18189100
2018-06-15,43.78257667013976,44.440719658412085,43.64613381093299,44.12770080566406,35715800
2018-06-18,43.75046943134533,44.32835224856897,43.68626193039167,44.20796203613281,17856700
2018-06-19,43.88691534618009,44.32835224856897,43.82270478349829,44.20796203613281,16654800
2018-06-20,44.51295572351044,44.61729636333282,43.69428937003215,43.72639465332031,16545600
2018-06-21,43.54180212280154,43.95113384628836,43.24483585040017,43.63811492919922,21191600
2018-06-22,44.11165427736435,44.18388964275737,43.16456973631304,43.29298782348633,24015000
2018-06-25,43.16456553814792,43.4535069716177,42.618787955311305,43.30903625488281,21069600
2018-06-26,43.26087731707047,43.29297953642231,42.55457644195183,42.88364791870117,14409100
2018-06-27,42.73115004074101,43.29297711963638,42.58667934567421,42.76325225830078,19520900
2018-06-28,42.97996743680904,43.2287788115848,42.554583111874,43.0441780090332,13837300
2018-06-29,44.64136934980591,45.84528979767781,44.47282122191858,44.49689865112305,43888500
2018-07-02,44.30427484789912,45.2513592159887,44.199934214335855,45.20320129394531,21204900
2018-07-03,45.29150059087697,45.45202397602424,44.48888672686955,44.59322738647461,12830400
2018-07-05,44.88216992449194,45.01059109377807,44.1838966560092,44.33639526367188,16788600
2018-07-06,44.38454335898553,45.05071429509281,44.167837261519146,44.85808563232422,12389100
2018-07-09,45.09885944899056,45.72490017182604,44.95438874846914,45.56437683105469,16684000
2018-07-10,45.79714080281228,45.8131934449132,45.21925793409275,45.44398880004883,15581400
2018-07-11,45.267416035568246,45.5483296191004,44.93031667360123,45.0025520324707,15641400
2018-07-12,45.3155640106007,45.33161665032312,44.62531581117664,44.97043991088867,18236100
2018-07-13,43.93507763283613,44.77782145052259,43.044175888354175,44.43269729614258,34323400
2018-07-16,44.73768451336832,45.93357709226405,44.649396525316696,45.74095153808594,25538700
2018-07-17,45.708858597496366,45.77306611231244,45.29149903514109,45.39583969116211,21649000
2018-07-18,45.15504303401373,45.60450778453762,45.0587302523758,45.40385437011719,19913900
2018-07-19,45.15504545584841,45.6526681547447,44.962419882241306,45.21123123168945,22219400
2018-07-20,45.00254763471965,45.47608981620426,44.82597164991002,45.27543640136719,17250400
2018-07-23,45.25939267400175,46.62383677594836,45.18715730796549,46.55160140991211,24584100
2018-07-24,46.55159072553256,47.10539303021766,46.43119745586152,46.83250427246094,27245000
2018-07-25,46.63185778021832,46.9529045058041,46.431204342159326,46.73619842529297,15531100
2018-07-26,46.92881783287701,47.13749602020985,46.71211179503451,46.80039978027344,14165300
2018-07-27,46.85659751366262,47.27395708390183,46.6800214865575,47.0572509765625,17662900
2018-07-30,47.21776257371463,47.57091147805035,46.79237525656758,46.94487380981445,22699900
2018-07-31,47.04118106508404,47.12144119609199,45.90949607219668,45.98173141479492,21633800
2018-08-01,46.519483917795085,46.77632002704655,45.91752371266297,46.27067565917969,19192700
2018-08-02,45.81319701837745,46.91277706336715,45.81319701837745,46.78435897827149,13489100
2018-08-03,46.59976418119337,47.2980374175831,46.57568368219438,47.21777725219727,13720400
2018-08-06,47.01710665785095,47.3782803323112,46.70408477866922,47.26591491699219,13360500
2018-08-07,47.30606012101002,47.48263615113842,47.11343450789624,47.209747314453125,13810900
2018-08-08,47.161578297165946,47.75551376510242,47.161578297165946,47.5067024230957,13778600
2018-08-09,47.41776282094333,47.6198845668397,47.21564107504695,47.24797821044922,15859500
2018-08-10,46.39099708572574,47.231821442220586,46.39099708572574,46.93268203735352,16170100
2018-08-13,46.61736618212456,46.981185994883816,46.53651870557075,46.576942443847656,19541100
2018-08-14,46.62545262953664,47.10246017313527,46.62545262953664,46.948848724365234,14860400
2018-08-15,46.633542203235535,47.09437966307916,46.609288574022905,46.88417434692383,17378400
2018-08-16,47.00544006212919,47.54712802935036,46.93267609889451,47.42585372924805,19992500
2018-08-17,47.304586365981386,47.733086694147744,47.304586365981386,47.58755874633789,13737600
2018-08-20,47.54713338716428,47.87052641698916,47.43394258838496,47.72499847412109,11403400
2018-08-21,47.7007438530384,48.12924107360896,47.65223351171322,47.66840362548828,17943500
2018-08-22,47.73308705150809,48.10499043908024,47.56330547250351,47.83818817138672,20829600
2018-08-23,47.70073868600922,47.74116242400117,47.35308898783813,47.39351272583008,19655600
2018-08-24,47.61990752560356,47.63607455903269,47.43395271568825,47.45012283325195,14366600
2018-08-27,47.59563783296498,48.08881548975029,47.50670375267468,47.78158950805664,19915200
2018-08-28,47.8543494347545,47.96754021728852,47.69265448511571,47.75733184814453,19330200
2018-08-29,47.74116759540912,47.84627179288007,47.555215913196726,47.66840362548828,14436600
2018-08-30,47.43393789672787,47.76542057702257,47.2399027148516,47.264156341552734,14800900
2018-08-31,47.110545286689,47.32883718119691,46.94884724437199,47.28032684326172,16720200
2018-09-04,47.25606657592751,47.66031008284882,46.94884064711002,47.53903579711914,19003700
2018-09-05,47.60373785613582,47.86245357132124,47.54714398619743,47.66033172607422,22332300
2018-09-06,47.6279760332294,47.83009781287883,46.83565902709961,46.83565902709961,20756900
2018-09-07,46.82756460060493,46.948838881774535,46.36672726677336,46.40715408325195,21482400
2018-09-10,46.58502339422644,46.76289153381681,46.334394380221866,46.455665588378906,15623000
2018-09-11,46.40716895527886,46.53652679071942,46.34248849549154,46.39099884033203,22160300
2018-09-12,46.35057209337148,46.39907935093657,45.11358459518591,45.22677230834961,23868800
2018-09-13,45.28336372130037,45.47740199349143,44.45870954585605,44.466793060302734,26954800
2018-09-14,44.62040416836634,44.91954663089045,44.2242471966854,44.24850082397461,20997600
2018-09-17,44.26467260647771,44.27275612116778,43.60979688776494,43.908939361572266,21959500
2018-09-18,43.86043539834679,44.22425529497559,43.69065380796476,44.06255722045898,22055200
2018-09-19,44.05447323492222,44.830620283366216,43.88468856221604,44.64466857910156,17046200
2018-09-20,44.97615278986994,45.121680761690335,44.45872137190166,44.91147232055664,20308000
2018-09-21,45.07315859351929,45.121668932787,44.40211277891769,44.45870971679688,36158500
2018-09-24,44.30509885179416,44.59615474322463,43.85234798435472,43.86851501464844,19604700
2018-09-25,43.900851207963925,44.21616069998446,43.82000372739127,43.84425735473633,15207400
2018-09-26,43.96553475218426,44.02212860939257,42.8659916679076,42.97917938232422,22025100
2018-09-27,43.07620335316543,43.33491904841719,42.65578957734772,42.70429992675781,19991000
2018-09-28,42.599192156016414,42.83365419905977,42.37281671260026,42.49409103393555,18588600
2018-10-01,42.63961019321555,42.68811744443976,42.17068620382515,42.24345016479492,17209000
2018-10-02,42.23536886134555,42.32429985462192,41.94431300223414,42.14643478393555,17509600
2018-10-03,42.44558205902644,42.78514523511424,42.30814070226735,42.566856384277344,18444900
2018-10-04,42.63152700664899,43.54511834879019,42.63152700664899,43.26214599609375,21417500
2018-10-05,43.41575187446113,43.54510966918187,42.833640256151256,43.00342178344727,14793000
2018-10-08,42.833651141837606,43.62596822137716,42.833651141837606,43.39150619506836,12858200
2018-10-09,43.15704907882361,43.634056666539045,42.83365295408521,43.2783203125,15918300
2018-10-10,43.415767714390114,43.71490714554572,42.372818379116765,42.38898849487305,21875900
2018-10-11,42.3485571541113,42.72046049741778,41.24092755441976,41.58857727050781,33147900
2018-10-12,42.12218149788342,43.11662345875023,41.12774262115049,42.13026809692383,32067300
2018-10-15,42.45365547371455,43.65021907347825,42.45365547371455,43.043853759765625,34118900
2018-10-16,43.10046211997128,43.48853568130729,42.469839884182576,43.44002532958984,28227200
2018-10-17,43.30257201735814,44.47487589462275,43.00342955713261,44.03020858764648,23524200
2018-10-18,43.79574891010141,43.9817036749018,42.65578211357411,42.93066787719727,22533300
2018-10-19,42.91450168651784,43.35916902585861,42.73663351712798,42.760887145996094,19521000
2018-10-22,42.90641990851894,42.98726740325276,41.685605466886656,41.75836944580078,17621500
2018-10-23,41.10348852186952,42.00090978878372,40.8043491276094,41.68560028076172,25529800
2018-10-24,41.483488117629854,41.62901609114529,40.440538668814085,40.57798004150391,31161500
2018-10-25,40.85285691420809,42.53451175763119,40.76392282943211,41.92814636230469,29366100
2018-10-26,41.4915647155168,41.98474242306576,41.06306746724891,41.43497085571289,30053800
2018-10-29,41.94432178718324,42.971101023374274,41.709859731111074,42.22729110717773,30541300
2018-10-30,42.40515835336831,42.77706176110382,41.93623425168372,42.59919357299805,24910900
2018-10-31,42.882162769871975,43.68256338833355,42.87407617057941,43.03577423095703,23667400
2018-11-01,43.19746996151799,43.6259671768942,42.97109453967906,43.30257415771485,17654800
2018-11-02,43.82808958224621,44.16765580387857,42.93875491192111,43.34299850463867,18285600
2018-11-05,43.44002052827435,43.90085802418406,41.36220849678413,43.383426666259766,18990000
2018-11-06,43.14087554869616,43.42384482233898,42.81747944956113,43.29448699951172,20696800
2018-11-07,43.512779855843206,43.80383573460612,42.6800390459312,43.31874465942383,20668500
2018-11-08,43.1149869187857,43.68550409073489,43.08238504922135,43.3268928527832,22429200
2018-11-09,43.26985006450348,43.51435791852055,42.97643939604857,43.22909927368164,18972200
2018-11-12,43.3024415277707,43.66920477514304,42.609665814048434,42.66671752929688,19003300
2018-11-13,42.886779194517096,43.46545152789331,42.886779194517096,42.98458480834961,28102000
2018-11-14,43.31059545845527,43.43285092477275,41.96580087439124,42.503719329833984,24788400
2018-11-15,42.0065468793904,43.123134448941535,41.79463784310211,43.049781799316406,23220100
2018-11-16,42.91123103461919,43.34319493599335,42.77267463984217,43.147586822509766,18872500
2018-11-19,43.1720396858967,43.58770265115196,42.87047704872072,43.457298278808594,20215500
2018-11-20,43.23723810881667,43.392095430560026,42.67486986476717,42.82157516479492,22999200
2018-11-21,42.886776364379024,43.35949413945104,42.601517782239256,42.7319221496582,16946300
2018-11-23,42.357015740849945,42.61782451114755,42.0636050969937,42.24291229248047,11139400
2018-11-26,42.65041006605124,43.34318251413605,42.65041006605124,43.09867477416992,20581700
2018-11-27,42.9438272189176,43.45729576554914,42.74822222625769,43.351341247558594,18044600
2018-11-28,43.31874085849773,44.304924024527736,42.85417513205103,44.29677200317383,23713300
2018-11-29,43.987061448822296,44.35382155566696,43.84035616245042,44.04411315917969,14978400
2018-11-30,44.076720076768126,44.45978116034656,43.905561816993306,44.239723205566406,18939000
2018-12-03,44.6472432922073,44.85915236288005,43.68550977844218,44.207130432128906,21261700
2018-12-04,43.9707607971428,44.003362663008346,41.98209050653513,42.2021484375,33280500
2018-12-06,41.281185867291015,41.68054800508899,40.76771715246444,41.63979721069336,40310200
2018-12-07,41.476782669028985,41.93319955904518,40.79215888854755,40.96331405639648,28510500
2018-12-10,40.80844702015709,40.80844702015709,39.36584725290027,39.77336120605469,34524600
2018-12-11,40.27054079509526,40.41724611092397,38.75458793758907,38.925743103027344,32388600
2018-12-12,39.35771159389594,39.36586050770556,38.18406902382199,38.909446716308594,42820000
2018-12-13,39.09690473167245,39.21915709929396,38.24927463618528,38.33077621459961,35227100
2018-12-14,37.93956447237565,38.70569301833554,37.80101116202991,37.93141555786133,25913000
2018-12-17,37.67060007669558,38.558980837128864,37.58909540059568,37.98846054077149,29443300
2018-12-18,38.25742958538432,38.73014752019787,37.75211287951424,37.91511917114258,26740000
2018-12-19,37.80914935542117,38.65677924251538,36.92076868913853,37.22232818603516,34287600
2018-12-20,37.00228152776465,38.118869291345256,36.94522980248515,37.52389907836914,43969900
2018-12-21,37.157131126160266,37.92325641929769,36.61921270564135,36.77406692504883,55577900
2018-12-24,36.24428605674442,36.75775131514459,35.53520965576172,35.53520965576172,18049900
2018-12-26,35.73082835211899,37.15712738037109,35.06250562760767,37.15712738037109,27770000
2018-12-27,36.4480635274577,37.10823440551758,35.738986727124235,37.10823440551758,27005300
2018-12-28,37.23049106312228,37.84176225644094,37.10823558082412,37.31199264526367,23635000
2018-12-31,37.47498337967772,37.88249733958168,37.140822056919866,37.556488037109375,16544500
2019-01-02,37.10823003873663,38.26557160862992,37.01042753295648,38.25741958618164,20295200
2019-01-03,38.02106388134055,38.591581090672165,37.7928538885223,37.95586013793945,22262000
2019-01-04,38.6486337012636,39.21100511924379,38.46932962095436,39.08060073852539,23343600
2019-01-07,38.94203769015922,39.30880091993522,38.746432707002114,38.82793426513672,21858000
2019-01-08,39.03984384605035,39.251749765665146,38.24111364136294,38.74643325805664,19702900
2019-01-09,38.72198460492935,39.10504881615488,38.37152537376292,38.958343505859375,18837700
2019-01-10,38.71383786825609,39.16210273754508,38.55898363605392,38.91759490966797,16208400
2019-01-11,38.71383657747298,39.19470330353554,38.45302782188843,39.01539611816406,20006900
2019-01-14,38.72198196503641,39.520712204007154,38.6323314895994,39.46365737915039,23827600
2019-01-15,38.795342376818354,39.32511196821102,38.31447559833586,38.85239410400391,27447600
2019-01-16,39.24360422452321,40.21348654340941,39.113199852999976,39.887474060058594,32026400
2019-01-17,39.64296600271614,40.22978722542205,39.44736100120447,40.12383270263672,25738800
2019-01-18,40.01787659009068,40.88180745485525,39.82227159634967,40.759552001953125,36380300
2019-01-22,40.56394593599907,40.83290357255503,40.44984250781864,40.637298583984375,33975200
2019-01-23,40.75140632714592,41.0122150789128,40.34389226387446,40.84920883178711,16806700
2019-01-24,40.580241788797125,41.02850653298616,40.466138374903714,40.7350959777832,17862100
2019-01-25,41.077418807023605,41.191522247246,40.71880444165544,40.85736083984375,20183400
2019-01-28,40.56393977774931,40.669894277439234,40.09937411406589,40.60469055175781,19913100
2019-01-29,40.57211009918123,40.841070945922965,40.52321038820012,40.6291618347168,11927600
2019-01-30,40.62100339811848,41.03666638946298,40.41724635922525,40.82476043701172,16885100
2019-01-31,40.528692858856445,40.64383069173059,40.018795397297794,40.22439956665039,24934700
2019-02-01,40.29841719310815,40.36421203319089,40.125710443796926,40.22439956665039,21123500
2019-02-04,40.17504557932489,40.421773044110616,40.0599077689689,40.347755432128906,17547800
2019-02-05,40.52046585083008,40.56158605296233,40.092808846659935,40.52046585083008,14784900
2019-02-06,40.37243218946985,40.734294374539154,40.35598348052073,40.47934722900391,12145700
2019-02-07,40.37243714966528,40.5451439089443,39.23750119090025,39.54179763793945,24189700
2019-02-08,39.42665458123622,39.50889813174767,38.70293016035948,39.18815612792969,20641200
2019-02-11,39.36908566451354,39.44310329133851,38.96610324745478,39.18815612792969,15995900
2019-02-12,39.48422071804539,40.676725449701614,39.48422071804539,40.33953475952149,22033000
2019-02-13,40.49579394989478,40.88232761077647,40.20794626332214,40.31486129760742,13770900
2019-02-14,39.99412998549565,40.22440568627744,39.500678021614654,39.90366363525391,16456500
2019-02-15,40.37243218946985,40.643828043954215,39.87898347007801,40.47934722900391,19346200
2019-02-19,40.32308371255646,40.80830961782954,40.150376984561866,40.610931396484375,15121700
2019-02-20,40.65205749855014,41.02214563887917,40.54514244972826,40.964576721191406,16742600
2019-02-21,40.92344150540275,41.030356523210365,40.60269958924971,40.75896072387695,16938800
2019-02-22,40.7918612846328,40.91522502705968,40.25729238774695,40.31486129760742,15848200
2019-02-25,40.51224150719933,41.30998663619632,40.50401872136048,40.84120941162109,16564100
2019-02-26,40.70139759805621,41.235966488405246,40.57803385713783,40.78363800048828,16997800
2019-02-27,40.783642993849526,41.145505201033785,40.59448753528021,41.03859329223633,17455000
2019-02-28,41.10437879052431,41.22774252792636,40.89877465303433,41.03036117553711,17786600
2019-03-01,41.30998412531879,41.81165873729782,41.01391365678887,41.14550018310547,19051400
2019-03-04,41.35931983443928,41.86099432009123,40.86586813205579,41.21128463745117,16697000
2019-03-05,41.14549899056827,41.16194769803989,40.56980991541246,41.03036117553711,14235400
2019-03-06,41.09615732045111,41.30176146452017,40.85765576038613,40.97279357910156,14211000
2019-03-07,40.88232606417713,40.99746387954235,40.53691261808147,40.8576545715332,19047300
2019-03-08,40.51223890324912,41.0385881439466,40.43822128637528,40.95634460449219,17400000
2019-03-11,41.12082801012091,41.20306841123307,40.81653476128167,40.92344665527344,19471500
2019-03-12,40.93988917274833,41.16194198690054,40.74251098501508,40.83297729492188,18299300
2019-03-13,41.01391062455823,41.18662047661212,40.80008371157869,41.05503082275391,21647300
2019-03-14,41.17839670104866,41.77053762519605,41.06325888519115,41.40867233276367,20160700
2019-03-15,41.30176542566223,41.77876545426972,41.120832757602194,41.66362762451172,46117300
2019-03-18,41.81164811233276,42.82321986457435,41.80342532908325,42.54359817504883,23843300
2019-03-19,43.111076858796025,43.111076858796025,42.22286855820674,42.28043746948242,19911900
2019-03-20,42.09949370098713,42.4120128063332,41.39221824381166,41.44978713989258,20632400
2019-03-21,41.104380640321104,41.2359671687456,40.43822207545756,41.00569152832031,24132800
2019-03-22,40.50401992170514,40.684952588226125,39.47599911150957,39.73094940185547,27975800
2019-03-25,39.82141631261737,40.20795317723587,39.35263903041958,39.54179763793945,17227600
2019-03-26,39.90365442692842,40.331311442029,39.81318809756305,40.306636810302734,16989600
2019-03-27,40.24906222826883,40.45466635249077,39.84607990166502,40.1092529296875,16912000
2019-03-28,40.07635464494439,40.47934010005059,39.76383550449079,40.3724250793457,15881600
2019-03-29,40.95635413560432,40.95635413560432,39.31152061098349,39.73917770385742,53590800
2019-04-01,39.82963172747729,40.216168490106,39.615801678558,40.14215087890625,42015500
2019-04-02,39.944767327841646,40.19971756060314,39.44309278381378,39.64869689941406,35393600
2019-04-03,39.86253136145243,40.19149610056775,39.54178940747519,40.18327331542969,30366300
2019-04-04,40.25730285979312,40.85766674541674,40.19973393495736,40.438232421875,19260100
2019-04-05,40.5122408280152,40.63560457442279,39.9694459909085,40.11748123168945,23734900
2019-04-08,40.00234473140949,40.38065563157623,39.95300174103065,40.19972610473633,18875200
2019-04-09,40.03524267523368,40.05169138466598,39.49244781304975,39.59113693237305,22903500
2019-04-10,39.54179289535436,39.63225608893322,38.982549338531705,39.30329132080078,30977800
2019-04-11,39.45132815415845,39.68982660105164,38.96610219963622,39.26217269897461,33662700
2019-04-12,39.27039740873016,40.15038302638391,37.88051431572345,38.234153747558594,70271400
2019-04-15,37.72425169171343,38.70292953471982,37.551544944337216,38.46442794799805,34954000
2019-04-16,38.55489490670954,39.36908566451354,38.54666898302306,39.18815612792969,25217100
2019-04-17,39.443086567041554,39.443086567041554,38.58777282800881,39.10589599609375,25144000
2019-04-18,39.015439949948,39.36907931695253,38.75226690528466,39.13058090209961,22416800
2019-04-22,38.990764848871386,39.06478245691212,38.735814612893336,38.86740112304688,15972600
2019-04-23,38.8180723192737,39.01545058795356,38.61246812599076,38.94143295288086,16434300
2019-04-24,38.70292637717783,39.22104657703609,38.678251745800985,39.04833984375,17831800
2019-04-25,38.79338015952349,39.44308986976471,38.57955327549542,39.073001861572266,23042800
2019-04-26,39.08123401586707,39.4595448680174,38.98254491036483,39.44309616088867,13035500
2019-04-29,39.45131950696236,40.12570076885317,39.44309358530009,39.69804382324219,16918700
2019-04-30,39.763840521125424,39.93655038782865,39.56646229813643,39.81318664550781,18525100
2019-05-01,39.7391634816321,40.17504320573317,39.467767678580245,39.66514587402344,17542100
2019-05-02,39.76383748369873,39.878978431795744,39.35262922373382,39.72271728515625,16883000
2019-05-03,39.90365548519485,40.10925964383419,39.76384302593945,40.01057052612305,16571300
2019-05-06,39.467769670663,40.07635613081192,39.37730335265627,39.82963180541992,19279900
2019-05-07,39.5171119458275,39.60757826221444,38.57955764376279,38.79338455200195,23919100
2019-05-08,38.70292583670829,38.908529984112086,38.49732168930449,38.65357971191406,19814400
2019-05-09,38.19687885300529,38.886084926669824,38.01419711442463,38.81135177612305,23246900
2019-05-10,38.53732914031596,39.334480633838055,38.28821969454012,39.15180206298828,19983400
2019-05-13,38.42937298740878,39.018935799725625,38.41276527194655,38.47089385986328,23304700
2019-05-14,38.51241128564899,38.96911237095859,38.18026331400683,38.60375213623047,21267600
2019-05-15,38.213488372345296,38.48750782552946,37.77339489149872,38.06402206420898,20123300
2019-05-16,38.18856369173636,38.6369592761196,37.99757657442812,38.11383056640625,20764100
2019-05-17,37.731864404359726,38.38785490446677,37.70695441521064,37.94776153564453,22273500
2019-05-20,37.88132652362352,38.1221336176711,37.615609443156345,37.74016571044922,18854000
2019-05-21,37.88133104754643,38.49580384925771,37.79829563783311,38.47089385986328,18416300
2019-05-22,38.25499723683573,38.45428665744353,38.16365638437373,38.2799072265625,13155000
2019-05-23,38.055723378620286,38.08063337646027,37.42464264748339,37.83152389526367,17643700
2019-05-24,37.99759286654565,38.48750952763707,37.85643199572887,38.33804321289063,13425500
2019-05-28,38.25499039727882,38.40445664411234,37.84811252236326,37.85641479492188,19984600
2019-05-29,37.690353978208925,37.93116114514453,37.474459972831134,37.76508712768555,16058800
2019-05-30,37.93946968789911,38.07232829029381,37.26687439910049,37.40803527832031,13775900
2019-05-31,36.97624238555346,37.250265022590405,36.71883063662655,36.8433837890625,17540500
2019-06-03,36.73542815271309,37.45784637248332,36.70221272091728,36.96792984008789,20172500
2019-06-04,37.49937257940453,37.997591498894415,37.37481626573274,37.9311637878418,21082000
2019-06-05,38.088929716859326,38.11384287841538,37.61562082607364,38.08062744140625,13705400
2019-06-06,37.980980456769736,38.35464299873765,37.74017331420519,38.13044357299805,16020500
2019-06-07,38.11384407827477,38.32973809043384,37.82321374669316,37.889644622802734,14979900
2019-06-10,38.24669384070965,38.86946890639096,38.24669384070965,38.42107009887695,15242700
2019-06-11,38.06401297891919,38.57883949095282,38.00588755825077,38.41276550292969,15078300
2019-06-12,38.20517700897148,38.421074161759385,37.1838261733619,37.29177474975586,22470400
2019-06-13,37.44955093349918,37.88964760334851,37.30008461809357,37.60732269287109,15629400
2019-06-14,37.62391315211298,38.02248875446993,37.23363982231464,37.85641479492188,16147500
2019-06-17,37.848113041396935,38.213473223335214,37.48274969186131,37.5906982421875,13420400
2019-06-18,37.57409673178904,38.52071435258088,37.416328184189695,38.2799072265625,18611100
2019-06-19,38.59545287526634,38.81965231688744,37.88964228199863,37.90625,17787600
2019-06-20,38.07232199835476,38.188576027886725,37.56580083815836,38.08062744140625,19205200
2019-06-21,38.06401707050088,38.9359016418457,38.02249936093174,38.9359016418457,39186200
2019-06-24,38.65357177643335,38.769822615211545,38.38785466848381,38.42107009887695,21854400
2019-06-25,38.3048309634101,38.63697586602867,37.72357342432916,38.313133239746094,20814000
2019-06-26,38.371257834193614,38.429383270065294,38.01419977521118,38.03080749511719,17106800
2019-06-27,38.37956910486406,38.6369808834916,38.28822821531268,38.43769454956055,13391600
2019-06-28,38.86947162536453,39.60849758151993,38.86116618338637,39.2929573059082,31030900
2019-07-01,39.75796857870448,39.95725486345478,39.35939284160549,39.600196838378906,15089100
2019-07-02,39.45903070392649,39.691532394223344,38.960808723521566,39.218223571777344,12107200
2019-07-03,39.27636184212109,39.68324310083429,39.01064463269169,39.575294494628906,10438400
2019-07-05,39.94064923905679,40.01538239165571,39.58359119526177,39.666629791259766,10801600
2019-07-08,39.35938933917964,39.8493058996929,39.28465619714886,39.46733474731445,13189300
2019-07-09,39.27634936091348,39.76626590403845,39.20161622153516,39.71644592285156,12595000
2019-07-10,39.58359007961391,39.69984411073453,39.06046119376416,39.15180206298828,12784900
2019-07-11,39.201619079698325,39.50885710154191,39.077065950052045,39.14349365234375,19751400
2019-07-12,39.12689004140668,39.37599949444258,38.9608160168499,39.32617950439453,12792600
2019-07-15,39.35938544699679,39.40090315121981,38.5622309549651,38.78643035888672,21338400
2019-07-16,38.79474623016532,39.00233797468873,37.5491957630249,37.61562347412109,37548300
2019-07-17,37.53258746408084,37.989288661463966,37.482764305828674,37.54088973999024,24502100
2019-07-18,37.54918644671601,38.21347923085384,37.52427328958731,38.04740524291992,19409100
2019-07-19,38.16365726189528,38.53732295437817,38.08062184916483,38.22178268432617,21847900
2019-07-22,38.10552724728217,38.653569141012014,38.005884130494266,38.59544372558594,17972100
2019-07-23,38.76153002780653,39.51716383629331,38.74492230845974,39.193321228027344,21150200
2019-07-24,39.276354251265055,40.24788518414979,39.25974653293558,40.23127746582031,29357200
2019-07-25,40.28940438225198,40.47208612301604,39.865915468225936,39.93234634399414,20562000
2019-07-26,39.98217169285951,40.9453972711182,39.9157408134492,40.93709182739258,21641500
2019-07-29,41.00352012223088,41.16128869948772,40.00707916707562,40.09011459350586,19148600
2019-07-30,39.86591687147527,40.347531234951695,39.7662737219141,40.31431579589844,14207000
2019-07-31,40.07350659036844,40.67137179273928,39.94895345160681,40.19806289672852,23422800
2019-08-01,40.19807025016234,40.38905429861231,38.9857350725587,39.07707595825195,22668600
2019-08-02,39.11858160825488,39.53376502049686,38.50410876439361,39.3926010131836,20159000
2019-08-05,38.61206586942193,38.86117533828556,38.07232604721847,38.313133239746094,27113500
2019-08-06,38.70339907447939,39.05215162823136,38.04740850802425,38.9691162109375,19446100
2019-08-07,38.25500610983339,38.32143698797682,37.5574977273204,38.03911209106445,27830000
2019-08-08,38.36658738537176,39.16431748786688,38.24902776667425,38.96278762817383,20671300
2019-08-09,38.64370683164992,39.18112422713012,38.41698326732039,38.87882614135742,19786100
2019-08-12,38.215441396053485,38.55132879298456,38.06429559102008,38.14826583862305,17364400
2019-08-13,38.29941983109183,38.97958725366583,38.00551751971464,38.59331893920898,16649100
2019-08-14,37.80399141824792,37.87116699117333,36.897097159302106,36.92229080200195,28786700
2019-08-15,37.19938587725153,37.36732957216034,36.3932599856007,36.426849365234375,27900000
2019-08-16,36.72915784828962,37.40092961621284,36.63678862958884,37.27497100830078,21196600
2019-08-19,37.896362566801095,38.181865973632206,37.72841882103094,37.99712753295898,15378100
2019-08-20,37.820784093125454,37.820784093125454,37.47650089170478,37.51848602294922,13345800
2019-08-21,37.75360391329224,38.02231258715296,37.62764852425381,37.78719329833984,13513700
2019-08-22,38.06429673041885,38.48415438752071,37.83757321119269,38.30781173706055,14703900
2019-08-23,37.95513193254103,38.333004455523714,37.02304744360363,37.30015182495117,21152500
2019-08-26,37.5436698588202,37.787188061778416,37.35893467317917,37.77039337158203,15973100
2019-08-27,37.98031816115816,38.06429160322328,37.30854664093362,37.57725524902344,15038200
2019-08-28,37.48489652840763,38.44217161236135,37.35894113503804,38.181861877441406,14740000
2019-08-29,38.626904674932696,39.03836659068692,38.44216627970513,38.78644943237305,16196600
2019-08-30,39.08035841979394,39.38265649901872,38.97119451268271,39.10554885864258,15250600
2019-09-03,38.88721871680445,38.91240915207028,38.19025344402458,38.70248031616211,17224200
2019-09-04,39.08034993909795,39.21470425590204,38.86202217225406,39.04676055908203,17123100
2019-09-05,39.72693773651377,40.44909030812303,39.71853878847475,39.987247467041016,19243400
2019-09-06,39.95366443322351,40.1132092226764,39.550598180350256,39.592586517333984,18846100
2019-09-09,39.73532965752989,40.843753650766224,39.37425180484201,40.65061950683594,27651400
2019-09-10,40.36510970232559,41.087265292117394,40.36510970232559,40.56664276123047,25822400
2019-09-11,40.54986102435237,41.12926354846884,40.130003287185566,41.02009963989258,19190000
2019-09-12,40.742989883741394,41.21323164119436,40.49107591495799,40.85215377807617,24305900
2019-09-13,41.154454832430346,41.44835717643621,40.86055569168486,41.078880310058594,25142400
2019-09-16,40.692608612678185,41.146055709689854,40.64222773740587,41.1292610168457,17759700
2019-09-17,40.89413436206838,41.02848867737591,40.56664591870998,40.94451522827149,18346100
2019-09-18,40.83537005170615,41.32240342836671,40.66742629300015,41.087284088134766,20511700
2019-09-19,41.13765911667111,41.40636779011669,41.03689096168397,41.07048034667969,16887500
2019-09-20,41.20483126049592,41.39796540328742,40.81856297491292,40.835357666015625,30229400
2019-09-23,40.57504380053271,41.22162497804744,40.566648056809534,41.11246109008789,20603400
2019-09-24,41.12925818275995,41.33079127974262,40.70100475615415,40.85215377807617,21629300
2019-09-25,40.91932796479659,41.59949854056076,40.85215240356915,41.364376068115234,21313100
2019-09-26,41.35598085142141,41.45674579617709,40.99490299584871,41.036888122558594,19984000
2019-09-27,42.321656680909896,43.16976781023745,42.19569809186898,42.58196640014648,59467400
2019-09-30,42.63235898212849,42.69953456062873,42.036161708673625,42.35525131225586,26897100
2019-10-01,42.5315893608809,42.64075006441198,41.14605756958071,41.19644165039063,27249300
2019-10-02,40.91093670013525,41.17964538098506,40.61703437821442,40.70100784301758,23515900
2019-10-03,40.55824735574679,40.73458679564448,39.73532676629796,40.70939636230469,20212200
2019-10-04,40.86055248128226,41.35598471051323,40.751388579042185,41.32239532470703,15779500
2019-10-07,41.10407087797215,41.389574251877605,40.93612715157008,40.98651123046875,15691900
2019-10-08,40.51626353750872,40.60023378685253,39.92006643869247,40.15518569946289,19734000
2019-10-09,40.44909205791112,40.659020922326086,40.37352074185158,40.43230056762695,13467800
2019-10-10,40.58344511760588,41.20483269372096,40.44069183989735,40.85215377807617,18267800
2019-10-11,41.53232418110558,41.91859250809647,41.272014449257874,41.32239532470703,23024600
2019-10-14,41.22163461246689,41.52393270931045,41.12926539362464,41.37278366088867,16870500
2019-10-15,41.38117117028276,43.03541142472508,40.96131349784641,42.0781364440918,38478400
2019-10-16,42.01935969502399,42.22088959868632,41.52392747723566,41.64148712158203,23728400
2019-10-17,41.9689770476109,42.12852182705189,41.54911933020392,41.65828323364258,20560100
2019-10-18,41.43156109427404,42.17051159901437,41.414766400614,41.9605827331543,21199500
2019-10-21,42.22089456247221,42.40563299859856,42.13692429328412,42.37204360961914,19409100
2019-10-22,42.355236799312266,42.84227319041454,42.178897362503314,42.506385803222656,18526900
2019-10-23,42.590365098309945,42.800293943308304,42.46440651000695,42.76670455932617,14173700
2019-10-24,42.53998829788364,42.993435449414825,42.53998829788364,42.909461975097656,16695400
2019-10-25,42.8926717295042,43.4384849137491,42.82549294809896,43.30413055419922,17433300
2019-10-28,43.61481476423931,43.70718396661295,43.30412097710428,43.37129974365234,23914800
2019-10-29,43.24535260614687,43.96750852141201,43.24535260614687,43.80796051025391,21063000
2019-10-30,43.564436151608206,43.90032039198598,43.34610835226559,43.690391540527344,16155900
2019-10-31,43.4720823911452,43.69040706480388,42.951459551450505,43.354522705078125,18814700
2019-11-01,43.77437152304236,43.908725879856895,43.58963308119967,43.81635665893555,16359300
2019-11-04,44.152238631703376,44.3369738471858,43.86673525876492,44.269798278808594,17559900
2019-11-05,44.28658975385214,44.92477202173591,44.28658975385214,44.75682830810547,25965300
2019-11-06,44.7484356913579,45.210278533674845,44.64766753418101,45.17668914794922,22051100
2019-11-07,45.59208854893223,46.117696967756345,45.59208854893223,45.778594970703125,23452500
2019-11-08,45.63447126703752,45.97356997476353,45.40557794151668,45.86336135864258,14722100
2019-11-11,45.60056984287584,45.89728167764831,45.54970357095065,45.82098388671875,10659400
2019-11-12,45.5666587727341,45.982058573306446,45.456450134391815,45.96510314941406,15187600
2019-11-13,45.6175242746606,45.69382206393066,45.10887126822137,45.17669296264648,16846800
2019-11-14,45.11734764448315,45.40558335909485,45.01561510950289,45.34624099731445,16491400
2019-11-15,45.59209151168904,45.727731672541495,45.29537967042318,45.60904693603516,15225300
2019-11-18,45.6429548186651,45.871848181588575,45.4818831487188,45.778594970703125,14374600
2019-11-19,45.86336610351509,46.05835184217697,45.66838359876934,45.80402374267578,14434100
2019-11-20,45.54970158318943,45.65991021725967,45.14278112729504,45.38862991333008,14994700
2019-11-21,45.64295570487202,45.719253493994586,45.21907981728366,45.40558624267578,16186100
2019-11-22,45.69382116760562,46.075306872556375,45.6175233798322,46.01596450805664,13823400
2019-11-25,46.22789955023599,46.22789955023599,45.812503024777634,45.95661926269531,15561000
2019-11-26,45.87185190955718,45.88032800491001,45.549705309567656,45.61752700805664,18078900
2019-11-27,45.90576181636405,46.11769976891621,45.787073846444976,46.06683349609375,16352900
2019-11-29,45.83793735942778,46.41440881437442,45.83793735942778,46.16856002807617,10508600
2019-12-02,46.04139451051533,46.151599899551535,45.397101428242834,45.45644378662109,20252700
2019-12-03,44.93932125141016,44.97323209936624,44.22720961391466,44.57479095458984,25560700
2019-12-04,44.59174021670821,45.33776265317513,44.540877182030265,45.13430404663086,18867400
2019-12-05,45.2784118887673,45.380141173163736,45.01560773400125,45.12581634521485,13499700
2019-12-06,45.65991029355503,46.12617311459335,45.51579081277369,46.092262268066406,18325700
2019-12-09,45.92270374381084,46.2448502651927,45.70228974533848,45.71076583862305,15070800
2019-12-10,45.34624887478865,45.66839225643981,45.25299565181505,45.51579666137695,15959100
2019-12-11,45.55818412748562,45.76164275283577,44.990188727723655,45.0749626159668,16834200
2019-12-12,45.24450660347815,46.24485385227182,45.01561326005085,46.08378219604492,19119500
2019-12-13,45.82099239286575,46.13465970984206,45.29538708773195,45.60057830810547,19179300
2019-12-16,45.982058573306446,46.25333888775174,45.96510314941406,45.96510314941406,19793500
2019-12-17,45.87185096781575,46.210949751549286,45.77012165608733,46.06683349609375,16723400
2019-12-18,46.168561200218754,46.168561200218754,45.464928903882864,45.498836517333984,18857000
2019-12-19,45.558177061596766,45.63447484274872,45.286893546677305,45.46492385864258,18133300
2019-12-20,45.820988592237136,45.820988592237136,44.99019213564036,45.21060943603516,66318000
2019-12-23,45.21908261422531,45.77859869109311,45.14278482038348,45.61752700805664,17637700
2019-12-24,45.73620043712365,45.812498212099015,45.55817337348639,45.62599182128906,4635500
2019-12-26,45.82098078990708,46.10921651016983,45.73620690967766,45.905757904052734,12517100
2019-12-27,46.02443626672035,46.04986778048983,45.66837890436865,45.71076583862305,9892000
2019-12-30,45.92272106342367,45.99901886742338,45.35472881558344,45.43950271606445,10900500
2019-12-31,45.38015355823728,45.62600236038128,45.3208111899841,45.60904693603516,12566000
2020-01-02,45.65142043878184,45.81249530568643,45.36318477759609,45.56664657592773,16803100
2020-01-03,45.02409099345108,45.456442915336446,44.84606392172864,45.28689193725586,15608800
2020-01-06,44.71042945208385,45.1003944873473,44.69347402873549,45.01561737060547,13200300
2020-01-07,44.97323131962652,44.97323131962652,44.48153696845405,44.642608642578125,13278600
2020-01-08,44.79521088885409,45.21061074614833,44.76130003643888,44.77825546264648,16585600
2020-01-09,45.100386739292425,45.100386739292425,44.49000453927759,44.701942443847656,20817400
2020-01-10,44.75281824977858,44.84607146510445,44.490014027852645,44.5069694519043,13777600
2020-01-13,44.50697234560469,44.50697234560469,43.93898015556936,44.17634963989258,25197600
2020-01-14,42.58256828982948,43.01492347581215,41.751771996546815,41.79415893554688,56668300
2020-01-15,41.39573040893366,41.4042065057432,40.675139291271165,40.963375091552734,47148000
2020-01-16,41.08204917323499,41.81111619822376,40.556443991884414,41.75177383422852,37020200
2020-01-17,41.85350024659172,41.89588718452805,41.14138869394655,41.69242858886719,29669200
2020-01-21,41.61613959949411,42.285864355699495,41.37029078003896,41.48897552490234,30858300
2020-01-22,41.56526544680278,41.61613171378436,40.93793099027746,41.16682434082031,20367700
2020-01-23,41.02270587256298,41.07357214079017,40.67512779113444,40.87858963012695,17297900
2020-01-24,40.85315800497675,40.870113429016506,39.99693011142607,40.32755279541016,21239600
2020-01-27,39.751080567813474,40.20038797772835,39.62391974077612,39.929107666015625,18156200
2020-01-28,40.27668567791566,40.51405837557352,40.08170315642568,40.15800094604492,16673300
2020-01-29,40.20037627463759,40.60729985765992,40.06473615826863,40.07321548461914,16166300
2020-01-30,39.98844601243299,40.64969453544072,39.8782406201951,40.61578369140625,14760200
2020-01-31,40.200388952780656,40.22582370593817,39.63239679695448,39.7934684753418,23080400
2020-02-03,40.04780801323431,40.45472860660684,39.86977762607594,39.946075439453125,15471100
2020-02-04,40.43775970174566,40.55644443102124,40.05627076199105,40.06474685668945,14973300
2020-02-05,40.607309308923504,41.03118517547212,40.50557677253216,40.95488739013672,20141800
2020-02-06,41.50323369463143,41.55464267663587,40.99772347772523,41.109107971191406,18259200
2020-02-07,40.89491426629797,41.12624981371057,40.68071504851822,40.98916244506836,13174600
2020-02-10,40.843498511293326,41.00629198162692,40.62929932899768,40.92918014526367,18124800
2020-02-11,41.19478379446728,41.41754948154275,41.074829520051495,41.117671966552734,13686100
2020-02-12,41.31475016110688,41.546085730860064,40.92062107833053,40.946327209472656,16668100
2020-02-13,40.80065517632036,41.28046247246488,40.74067967285477,41.22905349731445,12530000
2020-02-14,41.2461939202842,41.40041759263819,40.912043719657255,41.31473922729492,15526400
2020-02-18,41.10053212577176,41.229049649022365,39.86674298468114,40.26087188720703,22423800
2020-02-19,40.48365261676972,40.56933099747925,40.25231706674912,40.34656524658203,15602500
2020-02-20,40.26944566904947,40.62073219202139,39.99527098128699,40.56075668334961,15965500
2020-02-21,40.68071294177172,40.99772685251064,40.35512923244984,40.86920928955078,21729100
2020-02-24,39.909592938202046,40.22660681064989,39.63541497981296,39.74679946899414,23075900
2020-02-25,39.6611185034279,39.98669888365494,38.52157736737357,38.65866470336914,31110100
2020-02-26,38.96711957526696,39.11277673646549,37.81044515800688,37.81901168823242,27372600
2020-02-27,37.11644445155546,37.97324142092364,36.35389567176516,36.38816833496094,41180000
2020-02-28,35.394281651861554,35.874085831341375,34.057677290980266,35.000152587890625,71703000
2020-03-02,35.11153397459354,36.22536920858257,33.80920239064218,36.20823287963867,44231200
2020-03-03,36.03688038898736,36.75658994764571,34.297580382317456,34.72597885131836,45091000
2020-03-04,35.13723248538853,35.49708881183526,34.23759657190191,35.47138595581055,33881500
2020-03-05,34.27187434603441,34.28044087651584,33.04665457669003,33.32939910888672,45037900
2020-03-06,31.701481221538263,32.28410330005638,31.127428941233266,31.77859306335449,56766500
2020-03-09,28.89118765517939,29.54235175156608,27.6059925213144,27.828758239746094,53277200
2020-03-10,29.67087540074999,30.056434631347656,27.6574008713713,30.056434631347656,40078700
2020-03-11,29.173931316686566,29.36242766459233,27.426065004525373,27.70024299621582,44769500
2020-03-12,25.541108853550007,26.440746357950047,23.236326935684843,23.30487060546875,68447600
2020-03-13,25.832425955891583,27.21186947436797,23.79325007285772,26.466455459594727,78365700
2020-03-16,22.568030804069767,25.044173358037096,22.53375814315168,22.70511817932129,57466700
2020-03-17,23.673296679994603,26.235120746516305,22.1824703297972,25.38689041137696,58112800
2020-03-18,23.73326594558998,24.752852700271863,23.04782770031592,24.09312057495117,51904100
2020-03-19,23.699001834459217,24.94135797800361,22.52519101092149,24.238784790039062,53123500
2020-03-20,24.57293570988629,24.63291123228253,22.43094342881825,22.70511817932129,73915800
2020-03-23,22.49948399127124,23.02213055820369,21.51416800568217,21.63411903381348,47064100
2020-03-24,23.099240034106057,24.992761737342825,22.559458790411043,24.778562545776367,48630300
2020-03-25,24.847109905881528,25.96094521349551,23.79325011932532,24.8214054107666,53341100
2020-03-26,25.129854239736627,26.894855482413963,24.91565500426864,26.47502517700196,45494700
2020-03-27,25.72103645665736,26.80916862108119,24.91564712830641,25.943803787231445,38942800
2020-03-30,26.012351773181788,26.11516647561392,24.75285941181146,25.63536071777344,41232800
2020-03-31,25.198393760803235,25.489704803580977,24.127397760652773,24.590068817138672,36920300
2020-04-01,23.150652099578267,23.450531334546863,22.44807891915549,22.765092849731445,48497400
2020-04-02,22.679410537749497,23.58761631557574,22.60229869559048,23.32200813293457,33113500
2020-04-03,23.13351557008783,23.441962967302977,22.199606847817822,22.47378158569336,32735800
2020-04-06,23.484798881145977,24.70145033640397,23.47623071750633,24.53009033203125,36056100
2020-04-07,26.346498662867084,26.3722031523172,24.59863260129997,24.650041580200195,39229900
2020-04-08,25.1384144588805,26.115162140912314,24.57292878673472,25.943803787231445,42213700
2020-04-09,26.663520243695345,29.053982744604955,26.64638391348701,28.44565773010254,62462000
2020-04-13,28.462789937903977,28.47992626563038,26.91198659707829,26.929122924804688,36068900
2020-04-14,27.511745673617693,27.84589590148829,25.32691286082096,25.85812759399414,64267100
2020-04-15,24.650039036809822,24.941350017013548,24.178799917440333,24.36729621887207,41883900
2020-04-16,24.23021530938741,24.23021530938741,22.842203704615788,23.03926658630371,52962100
2020-04-17,24.11882840379726,24.65861127633691,23.818949211743025,24.31589126586914,46985000
2020-04-20,23.41625770976456,24.75286033045891,23.06497113403213,23.716136932373047,45441600
2020-04-21,23.04783297771052,23.34771217654487,22.705114593704188,22.99642562866211,41918700
2020-04-22,23.56191478023002,23.630458466949545,22.87647791303476,22.962156295776367,28043300
2020-04-23,23.09067636121664,23.313442109900347,22.63657343060065,22.73082160949707,38331500
2020-04-24,22.96214988331048,23.38198168571102,22.59372869146072,23.064966201782227,35135900
2020-04-27,23.450530631663607,24.48725404140632,23.270602442391297,24.341598510742188,39606100
2020-04-28,25.36118865719856,25.63536340470172,24.4958235890102,24.735727310180664,35188000
2020-04-29,25.78958511611818,26.09803086612228,25.404025885850206,25.70390510559082,38515200
2020-04-30,25.121283433433028,25.369755304877263,24.504390288449528,24.88994789123535,29506100
2020-05-01,24.41871169143178,24.44441618679113,23.373420059973952,23.639026641845703,35197600
2020-05-04,23.09923972540401,23.519071573368493,22.790794004933325,23.43339157104492,34343900
2020-05-05,23.57904870639542,23.818950768348685,22.49091636073239,22.550891876220703,56753400
2020-05-06,22.670847780889336,22.83363966807559,21.762643420659188,21.94257164001465,57732900
2020-05-07,22.3709280210987,22.81677320839956,21.977534718358136,22.05621337890625,52387000
2020-05-08,22.414634805074165,22.53702474341765,22.056210582428168,22.23105239868164,53725300
2020-05-11,21.95130673714328,22.056210492535705,21.50546160818764,21.662818908691406,51444200
2020-05-12,21.82018092774908,22.091185987892235,20.98094396933517,21.015913009643555,53560500
2020-05-13,20.937228322690736,20.937228322690736,19.232526447847302,19.69585609436035,90209900
2020-05-14,19.346172667480108,21.496719696615123,19.250011168058712,21.033390045166016,87965500
2020-05-15,20.709941400307965,20.832329711423863,20.17667518630467,20.42145347595215,51616700
2020-05-18,21.461750263326177,22.37092503384853,21.27816785817173,22.21356773376465,55684400
2020-05-19,21.85514655206329,21.9862770978926,20.91100428771077,20.937231063842773,48234300
2020-05-20,21.40929912077896,21.627850563417468,21.295653104269604,21.43552589416504,45297100
2020-05-21,21.321881567324088,21.72401715215021,21.26068742053685,21.383075714111328,28376500
2020-05-22,21.36559072025377,21.4093003443134,20.9110032934065,21.12955474853516,30415300
2020-05-26,21.89885237443789,23.175193578437828,21.890111784660792,22.956642150878903,57720300
2020-05-27,24.30292121363182,24.705056759287583,23.463684423869783,24.434053421020508,61963000
2020-05-28,24.757506000241417,24.80121728717888,23.70846012496896,23.795879364013672,51490200
2020-05-29,23.16645504727912,23.66475211547188,22.80803078182765,23.14022827148437,51336900
2020-06-01,23.26261545220742,24.11933668375503,23.05280627309873,23.682233810424805,34201700
2020-06-02,24.11059675731727,24.46902101470888,23.743430241524,23.95323944091797,39058000
2020-06-03,24.818702851749308,25.51806851258093,24.77499322744152,25.203353881835938,50814000
2020-06-04,25.77158875388593,26.444727676746435,25.03725568665908,26.418500900268555,61839200
2020-06-05,29.626832357693647,29.626832357693647,27.502512116703105,27.68609619140625,107651200
2020-06-08,28.76136951541824,29.22469747976765,28.210618978190524,29.1285343170166,69051300
2020-06-09,28.35923408069824,28.918728576776708,27.546224112290297,28.52533531188965,51480400
2020-06-10,28.23685171721323,28.26308016358336,25.92020626685499,25.97265815734864,82090000
2020-06-11,23.778397605639583,24.85367030231908,23.341294720737498,23.41997337341309,75621300
2020-06-12,24.47776486284581,24.67883181689663,23.909531369155683,24.4515380859375,51301200
2020-06-15,23.4811680459818,24.818701837137827,23.218905308610747,24.66134452819824,48311400
2020-06-16,25.727881250641296,25.920205958439944,24.27669951406516,24.932353973388672,52985600
2020-06-17,24.914865582996207,24.95857520652659,23.90952923506012,23.996950149536133,38660800
2020-06-18,23.690981793500026,24.4165726718888,23.54236671395459,24.084373474121094,33670200
2020-06-19,24.47776428889172,24.5214739152986,23.612300680195748,24.128082275390625,71903000
2020-06-22,23.83959043390308,24.15430335991196,23.50739132586332,23.90952682495117,32808300
2020-06-23,24.28543487687293,24.73127998268872,23.7696533819536,23.80462074279785,47279100
2020-06-24,23.56858652396585,23.62978232788475,22.720607535785927,22.83425521850586,57380900
2020-06-25,22.69438168944209,23.961980762040387,22.633187550439384,23.9270133972168,45102200
2020-06-26,22.81677281509416,23.07903390079023,22.07369751573487,22.15237617492676,81172300
2020-06-29,22.37092363298153,22.641926928702915,22.082435823364563,22.467086791992188,43769200
2020-06-30,22.03872403130053,22.61570130466763,22.00375667172933,22.37966537475586,46610000
2020-07-01,22.493311828152454,22.69437873510524,21.79394794857102,21.933820724487305,37509300
2020-07-02,22.510800436838533,22.87796695726222,21.94256697288684,22.15237617492676,37013300
2020-07-06,22.571994250465405,22.74683608332813,21.83766122030644,22.283506393432617,46983100
2020-07-07,22.029989553501853,22.047472404430035,21.278171938880472,21.383075714111328,36920500
2020-07-08,21.365590432746,21.66282054111449,21.042133549845484,21.46175193786621,38413400
2020-07-09,21.41804696869632,21.662825248608183,20.727423429346207,21.015913009643555,38118900
2020-07-10,21.13829527229617,22.31847336663272,21.112068499563307,22.266019821166992,56483300
2020-07-13,22.57199195399343,22.764318284058223,21.80269163597962,22.21356773376465,51038800
2020-07-14,20.911003641972467,21.321879784193744,20.39522206587804,21.19949150085449,118952600
2020-07-15,21.837658791762166,22.335955792365937,21.71527052281812,22.161115646362305,61714300
2020-07-16,21.77646779468069,22.80803097415793,21.697789134048342,22.257280349731445,48676800
2020-07-17,22.28350792001669,22.414638469939494,21.73275894337476,21.811437606811523,39184100
2020-07-20,21.610369060512724,21.750241869907725,21.33062344172272,21.47923851013184,38682200
2020-07-21,21.63659293017226,22.974128366125104,21.601623898814708,22.904191970825195,58395200
2020-07-22,22.84299447479583,23.03532079819332,22.571991171498983,22.956642150878903,41030500
2020-07-23,22.86922073388364,23.17519305909244,22.467086916546087,23.035320281982425,50791000
2020-07-24,23.140224549669167,23.472423653311164,22.904190275140984,22.956642150878903,39357000
2020-07-27,22.74683608332813,22.74683608332813,22.073697194446524,22.283506393432617,34761000
2020-07-28,22.14363199567616,22.46708886289896,22.14363199567616,22.31847381591797,30505200
2020-07-29,22.24853761296658,22.571992815560645,21.855144347741167,22.53702545166016,31442100
2020-07-30,22.021249201468528,22.06495883369759,21.418046605697025,21.549177169799805,51019200
2020-07-31,21.41804207126738,21.55791486568652,21.05087556906333,21.208232879638672,45537900
2020-08-03,21.19949179643809,21.41804325825704,20.89351941640849,21.23446083068848,27863700
2020-08-04,21.155780701309386,21.234459355491484,21.00716565090045,21.173263549804688,28106900
2020-08-05,21.330625534057617,21.636597959903,21.278173642243303,21.330625534057617,32935400
2020-08-06,21.24284664477647,21.506187040872103,21.17262242753248,21.27795791625977,44670300
2020-08-07,21.18139326890248,22.138199016855697,21.0672795745555,22.00652885437012,46272400
2020-08-10,22.13819814823272,22.366427202248754,21.260394867068072,21.68174171447754,50602600
2020-08-11,22.19964391928427,22.94577530616919,22.1206414966744,22.225976943969727,55000100
2020-08-12,22.80533368061499,22.945782101453048,21.69930111080733,22.11186981201172,42868500
2020-08-13,21.90119479419284,22.146978666737883,21.664187482001207,21.9626407623291,27387800
2020-08-14,21.76074538885588,22.37520671626396,21.62907354972552,22.20842361450196,26743400
2020-08-17,21.971423879268723,22.06798113310598,21.45351964092573,21.4798526763916,36661700
2020-08-18,21.435960589933693,21.46229529651006,21.07606130477617,21.10239601135254,29680700
2020-08-19,21.076063030737213,21.40962763663464,20.92683636313846,21.12873077392578,33667800
2020-08-20,20.83905158420445,21.01461292607296,20.716159649462725,20.847829818725582,36022100
2020-08-21,20.751270294189453,20.98827759635809,20.64593483163249,20.751270294189453,27198000
2020-08-24,20.89171745733673,21.514958658641543,20.724936039112773,21.49740219116211,36906700
2020-08-25,21.71685494165816,21.8485251109008,21.33062099417298,21.60274124145508,35077300
2020-08-26,21.514963035385563,21.57640900978652,21.10239601135254,21.10239601135254,28348200
2020-08-27,21.0585054841336,21.751971043567725,21.04094901254044,21.585187911987305,36706600
2020-08-28,21.725629913653272,21.74318638005639,21.37450895697484,21.672962188720703,25797300
2020-08-31,21.49740114197081,21.514957608593395,21.1462801809032,21.19894790649414,27615500
2020-09-01,21.084836786203955,21.36573358921892,20.83905124642736,21.11116981506348,30508800
2020-09-02,21.07605943460779,21.64663129891528,21.005835230912663,21.56762886047364,40334000
2020-09-03,21.76952273116952,22.26109381989468,21.33062104970016,21.523738861083984,42349300
2020-09-04,21.94508197982627,22.11186507167048,21.28672952043148,21.76074409484864,48745000
2020-09-08,21.31306528875566,21.55007091355493,20.839050690603184,21.040945053100582,49082900
2020-09-09,21.07605691605247,21.12872464396083,20.803938368536244,20.926830291748047,49427900
2020-09-10,21.093617841125248,21.655411522275664,20.944391185285014,21.023393630981445,54211700
2020-09-11,20.99705358039835,21.348174541754148,20.81271402926356,21.30428504943848,34861100
2020-09-14,21.40084739461988,21.918751564553364,21.26917721185041,21.778303146362305,49787100
2020-09-15,21.9099745027742,21.980200389908696,21.55885343848819,21.839750289916992,41954800
2020-09-16,21.830973557964548,22.82289076611765,21.725636402362,22.56832695007324,51768200
2020-09-17,22.14698052590296,22.32254188469612,21.85730545588829,22.041645050048828,51531300
2020-09-18,21.892416941459388,22.296205695842648,21.85730400232497,22.0591983795166,115153200
2020-09-21,21.46229529651006,21.523741270911017,20.821497497369656,21.10239601135254,56188400
2020-09-22,21.04972680537709,21.383293061518533,20.65471624850717,20.76005172729492,39839500
2020-09-23,20.87416464558365,21.18139448425265,20.04025077819824,20.04025077819824,45697700
2020-09-24,20.154363422730697,20.82149414681691,19.80324242960031,20.470373153686523,43329100
2020-09-25,20.29481383264765,20.81271625972717,20.198254930072952,20.751270294189453,30229900
2020-09-28,21.05850360897965,21.304289166566026,20.856609226467885,20.90927696228028,41103500
2020-09-29,20.821494261646247,20.821494261646247,20.25092243537808,20.417705535888672,38416300
2020-09-30,20.505485374294228,20.953165252760886,20.40892647670037,20.63715553283692,43071500
2020-10-01,20.68982376624719,20.90049635991145,20.329924542786124,20.68104553222656,38879800
2020-10-02,20.32114724821424,21.14628286725308,20.25970128150613,21.058502197265625,26238600
2020-10-05,21.260397572071977,21.593963798949915,21.260397572071977,21.46229362487793,22607500
2020-10-06,21.664188183844885,21.9450850040119,21.10239454351085,21.22528648376465,30991300
2020-10-07,21.43596033630625,21.883640297144204,21.40962563004147,21.778303146362305,34647300
2020-10-08,21.839746148346315,22.234758317183424,21.65540825240699,22.20842361450196,26483400
2020-10-09,22.28742604826937,22.392763184718262,21.95386151902236,22.20842361450196,28211300
2020-10-12,22.120645074271923,22.59465801231704,22.076753902236348,22.541990280151367,25855600
2020-10-13,22.31376062532928,22.3839848244742,21.68174283302501,21.716854095458984,29939600
2020-10-14,21.30428972864813,21.44473814403811,20.39137335433606,20.4089298248291,75388100
2020-10-15,20.242148985883485,20.26848369459213,19.970030359670258,20.145591735839844,60328600
2020-10-16,20.198255711198243,20.39137184953902,19.84713469863453,20.066585540771484,43141200
2020-10-19,20.09292210863886,20.11047858092799,19.75935750653213,19.78569221496582,37423600
2020-10-20,19.95246753343476,20.30358849968385,19.917356273948258,20.02269172668457,34751200
2020-10-21,20.03147147756145,20.145586846659967,19.838355350064607,19.926136016845703,29528300
2020-10-22,19.8910256652246,20.470375797277573,19.84713616326917,20.4089298248291,32238300
2020-10-23,20.69860108456605,20.70737931819833,20.29481238314231,20.43526077270508,24558300
2020-10-26,20.163141640594617,20.207032811123643,19.838355350064607,19.926136016845703,34034100
2020-10-27,19.847130873766123,19.847130873766123,19.15366554260254,19.15366554260254,49636500
2020-10-28,18.63576266189053,18.855213475170288,18.258306995165054,18.591873168945312,54835900
2020-10-29,18.477760258115968,18.76743530307756,18.22319815158708,18.5567626953125,46184000
2020-10-30,18.521650715106897,18.83765877739904,18.29342164694885,18.828882217407227,34592400
2020-11-02,19.04833255395265,19.29411640995401,18.600652663594104,19.223892211914062,38401200
2020-11-03,19.58379456263262,19.75057768745766,19.30289772562869,19.39067840576172,38427000
2020-11-04,19.09222327382109,19.80324353384168,18.58309738682361,19.206336975097656,47203200
2020-11-05,19.303343549601244,19.90299087123841,19.27688960903557,19.69135093688965,38319700
2020-11-06,19.84126023426176,19.902988330320703,19.259250068613905,19.32097816467285,29502900
2020-11-09,21.190462164201566,21.93120252802641,20.54672235333093,21.358009338378903,102118900
2020-11-10,21.48147002770809,21.490288566772666,21.04055316626557,21.331558227539062,49029100
2020-11-11,21.366830701833003,21.64020036694169,21.17282788830546,21.331558227539062,38309200
2020-11-12,21.084647498195626,21.29628742316291,20.77600531021493,20.99646377563477,34505900
2020-11-13,21.08464525707612,21.322740778093507,20.9259149097312,21.225738525390625,30056100
2020-11-16,22.037022020921025,22.072296173158183,21.507921511112663,21.95765686035156,36954800
2020-11-17,21.63137848431609,22.178114366095848,21.622559946614604,22.081113815307617,29490400
2020-11-18,22.17811814634094,22.88358614502998,22.098752975463867,22.098752975463867,44318300
2020-11-19,22.21339504480567,23.12168282944684,22.019390522288464,23.06877326965332,44560000
2020-11-20,22.962948059271056,23.13049523450367,22.45148294972687,22.46912002563477,38469100
2020-11-23,22.883582186268992,23.315680440757266,22.813035566800785,23.192222595214844,40691400
2020-11-24,24.21515134987444,25.335080494975777,24.109332253214088,25.22926139831543,80523400
2020-11-25,24.98234530505604,25.299805932731783,24.69134029034129,25.21162223815918,38875500
2020-11-27,25.211622263581827,25.24689473226799,24.85007062923724,25.096982955932617,20281400
2020-11-30,25.07053098764353,25.185168622303465,24.056422624553125,24.11815071105957,48211000
2020-12-01,24.823614499218003,25.29098689381471,24.726613950878345,24.74424934387207,41924200
2020-12-02,24.682525355611183,25.5643590661309,24.559069174367007,25.458539962768555,35508000
2020-12-03,25.520266836505,26.00527468137843,25.38799212262717,25.714269638061523,41264600
2020-12-04,26.01409075623309,26.42855193565584,25.87299751719709,26.058181762695312,47168800
2020-12-07,25.94354199026822,26.128726220445166,25.63489992467603,25.87299537658692,31713000
2020-12-08,25.59963265331344,25.837726471572694,25.044076486125192,25.520267486572266,32209500
2020-12-09,25.784816477990898,25.784816477990898,25.22926200231335,25.61726760864257,35276000
2020-12-10,25.326259655546814,26.06699999272529,25.16753102497776,26.005271911621094,31730200
2020-12-11,25.590812986006988,25.917090495363546,25.28217087139852,25.643722534179688,29779100
2020-12-14,26.04936602252422,26.26100589014159,25.141076785614388,25.255714416503903,28378000
2020-12-15,25.687816450478447,26.252191195379616,25.48499509123109,26.216917037963867,38866200
2020-12-16,26.13755139488696,26.37564690726088,25.996458131694496,26.14636993408203,35204800
2020-12-17,26.27864545526729,26.36682916792881,25.961186444436013,25.98764038085937,42870500
2020-12-18,25.98763962948922,26.119916035639253,25.396810958293184,25.58199691772461,53716400
2020-12-21,26.075818838065832,26.35800531613784,25.432080724718563,26.058181762695312,52731600
2020-12-22,26.14636854853263,26.20809663766269,25.52908597526777,25.53790283203125,25655900
2020-12-23,25.820092863362365,26.887110895910325,25.81127432400688,26.763654708862305,38383700
2020-12-24,26.71074492514751,26.79010841473606,26.155188724276936,26.31391906738281,14443700
2020-12-28,26.52555856728159,26.878291723369568,26.37564676569865,26.39328384399414,21658500
2020-12-29,26.587288687187453,26.60492576682814,26.2345555041962,26.261011123657227,19584400
2020-12-30,26.278641484760943,26.490283035956903,26.1463667767366,26.23455047607422,18519300
2020-12-31,26.234552166806168,26.666650471247262,26.1640055391824,26.613740921020508,21081200
2021-01-04,26.73719807600072,26.8430188622858,25.925910987696227,26.19046211242676,31421600
2021-01-05,26.534373191949456,27.29275062713236,26.29627771597844,26.92238044738769,37360000
2021-01-06,28.13049868297663,29.100516226934005,28.03349810595607,28.827146530151367,73507500
2021-01-07,29.6119745697032,30.158710472118663,29.382695944738828,29.479698181152344,50634100
2021-01-08,29.63842681060939,29.6737009607339,28.809501102323843,29.268054962158203,32324700
2021-01-11,28.78304876581304,29.59433744396869,28.500862277044547,29.312150955200195,33739300
2021-01-12,29.982343143609643,30.440897030653893,29.68251957761641,29.929431915283203,59146400
2021-01-13,29.82361776140259,30.211623408266007,29.656070556515203,29.805980682373047,35734800
2021-01-14,30.044071580461736,30.952359145186445,29.99116035151461,30.643718719482425,55856900
2021-01-15,29.17106183379992,29.54143039118267,28.05994943379413,28.25395393371582,91993100
2021-01-19,28.58022838544208,29.13578452535498,28.46558906934898,28.774232864379883,43806800
2021-01-20,28.90650942383223,28.950603802742656,28.48322962493691,28.62432289123535,29949800
2021-01-21,28.50086017400099,28.59786240309404,28.14812708906811,28.218673706054688,28240600
2021-01-22,27.63666678986342,28.27158809579788,27.469117925023586,28.1304931640625,24476100
2021-01-25,28.112854606835985,28.527315795966388,27.88357934950538,28.430316925048828,28515500
2021-01-26,28.65077744464188,28.6860482348885,27.654304454730205,27.67193984985352,28026500
2021-01-27,27.26629657976399,27.36329881968637,26.38446292800185,26.604921340942383,45074900
2021-01-28,26.922385791134445,27.38093807643551,26.72838128392588,27.16929817199707,28770200
2021-01-29,27.1340248455661,27.50439508722218,26.29628211168837,26.34919166564941,39500800
2021-02-01,26.57847033673559,26.64901697383648,26.172827593896617,26.446195602416992,23713400
2021-02-02,26.86065005320333,27.504389845225457,26.790103434045783,27.11638259887696,25302900
2021-02-03,27.08992628588178,28.01585253060572,26.99292573827445,27.9541244506836,28507800
2021-02-04,28.192974379530828,29.05990401507627,28.131049267368425,28.891826629638672,30825400
2021-02-05,29.19260301410278,29.36068042267066,28.75913560574747,28.803369522094727,24908100
2021-02-08,28.99798209892121,29.69683607267613,27.219888825058927,29.54645156860352,29223800
2021-02-09,29.37836544785328,29.555290942146108,29.1129788937006,29.422595977783203,23539800
2021-02-10,29.61722539099856,29.80299571064518,29.27222240463358,29.369531631469727,22687000
2021-02-11,29.36952740064552,29.493374262569187,28.63528761270678,28.944908142089844,22393200
2021-02-12,28.88298439484776,29.74106766073991,28.88298439484776,29.66145133972168,34473100
2021-02-16,30.139144887539786,30.89992220573554,30.077221466251608,30.77607536315918,36468200
2021-02-17,30.37799606465198,33.12917794824336,30.103761339665777,32.36840057373047,80157700
2021-02-18,32.23570048407705,33.04955639810339,32.00569970649293,32.69570541381836,43334700
2021-02-19,32.84610196144757,33.48302917742749,32.757637504662874,33.46533966064453,39023000
2021-02-22,33.32380509093872,33.54496122785626,32.81956936873272,32.96110916137695,34690000
2021-02-23,33.253031609419985,33.41226427271922,32.37725196127415,32.854949951171875,36792500
2021-02-24,32.94341374289222,33.9164992213087,32.85494927921621,33.87226867675781,42764300
2021-02-25,34.21727222323814,34.21727222323814,32.996489600603574,33.22649383544922,37233100
2021-02-26,32.81956140378924,33.0937961618602,31.784552553996253,31.99686050415039,39468000
2021-03-01,32.82841524575954,33.10264667694547,32.50110513051766,32.81072235107422,28066100
2021-03-02,32.86379808500756,33.12918473231486,32.72225831480538,32.854949951171875,19701200
2021-03-03,33.04071927474833,34.19957842850259,33.04071927474833,33.34149169921875,35365100
2021-03-04,33.27955734479241,33.61571544411402,32.164932475405,32.87263107299805,42932500
2021-03-05,33.500717966050345,33.7218740190668,32.14724400145325,33.11148452758789,34558300
2021-03-08,33.7307252461311,34.39419346606128,33.412259960632795,34.20841979980469,38255200
2021-03-09,33.76610674081422,34.32342097537746,33.15571720981796,33.7307243347168,35854100
2021-03-10,34.217272054122326,35.1195893468644,33.86342094437373,35.01343536376953,38437200
2021-03-11,34.694964121550825,35.02227414876158,34.15534278979269,34.39419174194336,30598700
2021-03-12,34.94266582718515,35.40267094682108,34.87189425128371,35.35844039916992,28754000
2021-03-15,35.446889304735755,35.58842903329044,34.650726222507345,35.11957931518555,25892200
2021-03-16,34.82765229980316,34.93380962889559,34.25264861946605,34.809959411621094,24668300
2021-03-17,35.10189134293281,35.774204304074345,34.686116855702906,35.243431091308594,33537000
2021-03-18,35.517672361786374,36.74729978465944,35.517672361786374,36.101524353027344,57420600
2021-03-19,35.33189818957726,35.4469003092847,34.69497090063271,35.05766677856445,60291800
2021-03-22,34.74803964782831,34.77458067018179,34.16418777465758,34.47380828857422,32206000
2021-03-23,34.05803811245515,34.544580839146825,33.65995647258955,33.82803726196289,32494400
2021-03-24,33.93418937285559,34.51804128765704,33.71303329339181,33.72187805175781,24201700
2021-03-25,33.58918701762744,34.81881430106909,33.42110623456124,34.7657356262207,28773000
2021-03-26,35.29651489291703,35.58843918999853,34.6507361116011,35.172664642333984,29156100
2021-03-29,34.12880552261588,34.809963232233386,33.527260756695654,34.00495529174805,38426900
2021-03-30,34.09341910216064,35.4557412449614,34.03149567517639,34.8453483581543,36134200
2021-03-31,34.73919281878812,35.0576580714518,34.42957232333242,34.5622673034668,25832800
2021-04-01,34.46496666121783,35.07535967194824,34.42958087445025,35.05766677856445,22706900
2021-04-05,35.41150369841208,35.67689364347376,34.78342136085588,34.92496109008789,21293400
2021-04-06,34.87188865131893,35.296511289389834,34.73034889681994,35.25227737426758,20969600
2021-04-07,35.24342274723675,35.46457876262489,35.057652504208235,35.37611770629883,19393200
2021-04-08,35.26996311234128,35.56189069498779,34.79226864689657,35.411502838134766,20845000
2021-04-09,35.68573840794421,36.08381995105006,35.60612209932304,35.82727813720703,28363600
2021-04-12,35.791900641231,36.172289384355246,35.73882533958751,36.06613540649414,21093000
2021-04-13,35.82728984891728,35.83613460851167,35.11959097126097,35.1992073059082,29333200
2021-04-14,35.119580318731536,37.31344786130579,34.55342138833475,37.14537048339844,64926900
2021-04-15,37.24267353312664,37.38421325518107,36.29612600915513,37.36652374267578,44146300
2021-04-16,37.746920554724525,39.03847471009225,37.66730760036902,38.78193283081055,57060200
2021-04-19,38.57845760620181,39.27731145628174,38.374994467806346,38.81730651855469,39124200
2021-04-20,38.3927012174542,38.3927012174542,37.46384287583605,37.63192367553711,29734000
2021-04-21,37.36652783520322,38.35730599809815,36.95075337975533,38.25115203857422,27258000
2021-04-22,38.26884786404003,38.49885208460831,37.75576749624957,37.7734603881836,24638300
2021-04-23,37.78230602169784,39.08270492507938,37.71153782689721,38.79962539672852,28024200
2021-04-26,39.03846130486896,39.5250038703349,38.914614474521954,39.047306060791016,24606600
2021-04-27,39.26847287474166,40.00271267733012,39.10039546943087,39.88771057128906,29130200
2021-04-28,39.94078771816003,40.40078937559003,39.74616929608084,39.87886428833008,20795100
2021-04-29,40.35655979876745,41.037720917714765,40.26809871820761,40.905029296875,26880700
2021-04-30,40.51578980954505,40.71040822361346,39.684244232789126,39.85232162475586,34176500
2021-05-03,40.20617033131264,40.38309584519938,39.87001219238516,40.23270797729492,16522700
2021-05-04,40.03809253437796,40.55117622512189,39.516164085843926,40.46271514892578,26137600
2021-05-05,40.63078842181806,40.8696373528065,40.2238621132778,40.63963317871094,19620200
2021-05-06,40.87901068159411,41.39321030840252,40.51552363062997,41.34001922607422,34271500
2021-05-07,40.71942867990151,41.331149770317886,40.38253718657267,41.26022720336914,25140400
2021-05-10,41.52619764655575,41.978338787256185,41.30455910304978,41.31342315673828,28193100
2021-05-11,40.79922209747526,41.56165920214022,40.34707759032014,40.53325653076172,31478500
2021-05-12,41.51733926967787,41.80990042850205,40.32048894193465,40.46233749389648,33392900
2021-05-13,40.32934436536246,41.48186392947891,40.16976436919946,41.1361083984375,23553400
2021-05-14,41.31341978575049,41.765564271493766,41.198170187524994,41.6325798034668,17078500
2021-05-17,41.59711639607384,42.53686495160486,41.49073085191756,42.4659423828125,25212800
2021-05-18,42.46594332737091,42.66985036734568,41.51733069786691,41.54392623901367,24126000
2021-05-19,40.728294347275074,41.06518585396045,40.22295877821476,40.93220138549805,28911100
2021-05-20,40.84354659796073,40.94106808883244,40.13430400335125,40.542118072509766,26107000
2021-05-21,40.754896058733856,41.04745717465957,40.5864486028976,40.675106048583984,27312700
2021-05-24,40.781488225216286,41.23362932400947,40.56871375512007,40.9942626953125,25707400
2021-05-25,41.12724792661768,41.68577800774095,40.81695531595797,40.86128234863281,29415300
2021-05-26,40.87900691773765,41.31341649912061,40.42686246796408,41.1361083984375,26170600
2021-05-27,41.65918311553581,42.00493871051288,41.05632599231678,41.45527267456055,42572900
2021-05-28,41.53505702874912,41.56165595069456,41.02972147694604,41.41980743408203,15760100
2021-06-01,41.80989786959385,42.0315364298402,41.48187374737134,41.89855194091797,17878600
2021-06-02,42.00493503319649,42.07585760398848,41.29569241559872,41.49959945678711,18492600
2021-06-03,41.39320373011494,41.66803667889789,41.09177524439445,41.18929672241211,20206400
2021-06-04,41.72123724279661,41.75669683659303,41.23362978132141,41.6325798034668,18190300
2021-06-07,41.75669653000812,41.82762248095122,41.47299949010669,41.76556396484375,16644300
2021-06-08,41.437537671612695,41.676904288354336,41.047451726242,41.32228469848633,21271700
2021-06-09,40.99425256625154,41.08290660075753,40.45345416273494,40.71055221557617,22617500
2021-06-10,41.19816939979234,41.35774940559923,39.90379786581026,39.97472381591797,21640000
2021-06-11,40.05451424321963,40.50665534317287,40.05451424321963,40.4977912902832,19389300
2021-06-14,40.43572614466396,40.67509611666496,39.753079198276254,40.02791213989258,25452300
2021-06-15,40.072250842661326,40.53325943624724,39.89493932483045,40.30275344848633,23865400
2021-06-16,39.850605980197535,40.74602409963982,39.29207597115551,40.4002685546875,38287700
2021-06-17,40.59531211021096,40.74602468039043,37.82039689455424,37.93564987182617,48910400
2021-06-18,36.95158282809607,37.51011297396457,36.76540724011864,37.01364135742188,61292200
2021-06-21,37.50123736390204,38.39665888948074,37.43917884810178,38.370059967041016,26444700
2021-06-22,38.48531388246434,38.89312796248746,37.99770979705099,38.60056686401367,26455200
2021-06-23,38.5650978188713,39.28320775437447,38.5650978188713,38.9729118347168,18778500
2021-06-24,39.23888428093236,40.267286935804535,39.19455725084752,40.05451583862305,27951000
2021-06-25,40.40026394122785,41.3577438473902,40.08997140604652,41.11837387084961,49074700
2021-06-28,40.78148957968685,40.84354809762283,39.97472546458351,40.595314025878906,27127500
2021-06-29,40.81695586398788,41.11838442493408,39.5403156614224,39.708763122558594,39534000
2021-06-30,39.55804928880434,40.24069646024681,39.407336691154775,40.152042388916016,18168100
2021-07-01,40.32047754944298,40.462326061325726,39.8683364746715,40.258419036865234,18658000
2021-07-02,40.1609078089655,40.25842931990727,39.75309365587825,39.95700073242188,13218500
2021-07-06,39.65556137081493,39.735351368822016,38.38778883688865,38.55623626708984,25486900
2021-07-07,38.37006293964915,38.981787474122434,38.22821440941136,38.4764518737793,21884000
2021-07-08,37.74947261891985,38.07749666653807,37.208674113805735,37.51896667480469,29148700
2021-07-09,38.2814085567098,39.105904188684846,37.9888440631993,38.928592681884766,25055900
2021-07-12,38.37005808446112,39.23001659255103,38.08636105988337,39.15022659301758,17618900
2021-07-13,38.82220469633765,39.12363322441682,38.13069020137044,38.32573318481445,25387800
2021-07-14,38.65376612110585,40.01019649960776,37.68742179898139,39.850616455078125,49618000
2021-07-15,39.53144477215214,40.24068732764442,39.33640180116603,39.89493179321289,33388100
2021-07-16,40.25841394650393,40.36479947148055,39.10589451044176,39.25660705566406,27838200
2021-07-19,37.86472442778196,38.3877914769267,37.49237333276475,38.16615295410156,43362200
2021-07-20,38.12183372258729,40.02792676149112,38.00658072020478,39.75309371948242,34556200
2021-07-21,40.15203448178229,40.91447152005029,40.08110853313626,40.60417556762695,29654600
2021-07-22,40.63963786186349,40.73715934865212,39.71762083650683,39.92152786254883,23309500
2021-07-23,39.98359719426986,40.347084318510994,39.38074000548902,39.53145599365234,23946500
2021-07-26,39.42505675383352,40.1077037274,39.42505675383352,39.90379333496094,22976700
2021-07-27,39.531457835574415,40.23183657016435,39.24776071962798,40.01906204223633,22124500
2021-07-28,40.231826815686695,40.81695239820063,39.877203815766194,40.347076416015625,23252800
2021-07-29,40.683963469149525,41.41093749557472,40.49778793646544,41.22476196289063,24487400
2021-07-30,41.0119875743791,41.53505458269659,40.5421150248844,40.72829055786133,25794000
2021-08-02,40.81695255620329,41.49959963543466,40.40027103697406,40.595314025878906,23960700
2021-08-03,40.763764645644486,41.61485592726859,39.992463383043656,41.517337799072266,24050300
2021-08-04,41.02085621143758,41.64144472149492,40.81694918620673,40.91447067260742,22178000
2021-08-05,41.00350965383837,41.849402511595294,40.96789232586525,41.84049987792969,28092600
2021-08-06,42.29461684193911,43.62133368582541,42.250096871963,43.42544174194336,33583900
2021-08-09,43.3274908911663,43.93297192529871,42.998039074453416,43.31858825683594,29795200
2021-08-10,43.38981217724344,44.24460758780959,43.354194852639424,44.191184997558594,28708100
2021-08-11,44.19118663518076,45.17063932150215,43.78159418036612,45.10831069946289,29203900
2021-08-12,45.19734906368541,45.633652799614815,45.01926923349874,45.54461288452149,21729900
2021-08-13,45.59803300708944,45.77611622429304,44.68090902397496,44.8500862121582,15843300
2021-08-16,44.45831925330635,44.50283922186379,43.57680893058313,43.995304107666016,22615500
2021-08-17,43.52337740068368,43.959677758383165,42.76652450380806,43.37200546264648,16887000
2021-08-18,43.0603608601809,43.61241581061384,42.65077181297759,42.71310043334961,16319300
2021-08-19,42.161046149940894,42.6952958860368,41.698034467308645,42.07200622558594,20259400
2021-08-20,41.96515628213127,42.25008810685422,41.706935754521325,42.22337341308594,15357400
2021-08-23,42.51721631504576,42.73091690728339,42.25009312224048,42.39255905151367,15551900
2021-08-24,42.51721141531578,43.06926640304802,42.48159408793813,43.06036376953125,15109100
2021-08-25,43.29186847809717,44.1822812594456,43.158308598888034,43.88844680786133,21357400
2021-08-26,44.10214905846812,44.404889574900366,43.53228535616167,43.67475128173828,21627600
2021-08-27,43.826112084737424,44.38706961331544,43.73706878100341,44.35145568847656,16873300
2021-08-30,44.30693714589663,44.351460500922094,43.05145529858358,43.10488128662109,16054100
2021-08-31,43.10488583098131,43.62132691315803,40.255564038369656,40.69186782836914,73514300
2021-09-01,40.69186729714856,40.93227917054175,38.52816383326521,38.688438415527344,84960500
2021-09-02,38.89322885109873,39.96172482107168,38.76857161065532,39.68569564819336,37629000
2021-09-03,39.61447553524063,39.62337817063797,39.01789706393844,39.32954025268555,21687500
2021-09-07,39.46309193331149,40.03295553721194,39.400763313925815,39.45418930053711,19733500
2021-09-08,39.28502178825805,39.65899702574578,38.84872130728785,39.01789855957031,21252400
2021-09-09,39.044605763642245,39.81926746114787,38.96446846378497,39.49871826171875,19776900
2021-09-10,40.06858279828901,40.29118603605728,39.3473470851237,39.47200775146485,23367400
2021-09-13,39.67679990472471,40.78981602573931,39.67679990472471,40.74529266357422,28027200
2021-09-14,40.97679059949399,41.795968607877306,40.74528140814761,41.00350189208984,36053200
2021-09-15,40.84323607479431,41.75145758041727,40.825427410371645,41.52885437011719,31535600
2021-09-16,41.760363768100206,42.089815569520525,40.96789348325932,41.20830535888672,24102400
2021-09-17,40.727478685151056,41.573368038904775,40.727478685151056,41.377479553222656,34912100
2021-09-20,40.0952934104382,40.84324041234461,39.92611617543949,40.789817810058594,30603100
2021-09-21,40.94118645666347,41.27954432396066,40.71858322229928,40.82543182373047,23049100
2021-09-22,41.39529531533488,42.46378802896268,41.37748665055369,41.92063903808594,29430700
2021-09-23,42.25899653071498,42.89118889115178,41.99187333301761,42.56173706054688,21852800
2021-09-24,42.543933265566544,43.24736037081157,42.49941329362894,42.6685905456543,20384700
2021-09-27,43.07817212781814,43.5768011209489,41.10145462889186,42.3480339050293,48927500
2021-09-28,41.85829867729941,41.87610733853416,40.13089929738624,40.88774871826172,49349100
2021-09-29,41.3596799892497,41.98296970016195,40.89666487247648,41.87611770629883,21730200
2021-09-30,41.974071102977575,41.98297713570467,41.06584937422118,41.32406997680664,22947500
2021-10-01,41.448719060575,42.12543475437407,41.39529646140785,41.86721420288086,18021700
2021-10-04,41.86721420288086,42.46378920461802,41.5555676555649,41.86721420288086,22315200
2021-10-05,42.294607858499226,43.14050069500026,42.16104458028397,42.70419692993164,20250500
2021-10-06,42.36584444302905,42.81995349567266,41.90282935988248,42.624061584472656,17425700
2021-10-07,42.97132183406348,43.26515969940286,42.33022690390962,42.52611541748047,19272300
2021-10-08,42.62406775099832,43.04256293214105,42.437081843249565,42.73982238769531,14295400
2021-10-11,42.91789829053014,43.14940412751449,42.04529414088863,42.09871673583984,15387900
2021-10-12,42.10761764673672,42.32131479387132,41.42199945609128,41.53775405883789,18995700
2021-10-13,41.46651687812791,41.46651687812791,40.264461158148784,41.00350189208984,24150300
2021-10-14,41.56448084611762,41.75146676872264,39.91721808604375,40.3446159362793,53257700
2021-10-15,40.70967654829482,43.39872376020936,40.70077051767665,43.07817459106445,60096600
2021-10-18,42.90899759397637,44.26242564634564,42.86447762709797,44.01311111450195,33842700
2021-10-19,44.200093652428535,44.83228596533526,43.87954448062922,44.82338333129883,26500300
2021-10-20,44.68982012449639,44.86790337544451,44.26242236021419,44.6631088256836,24227900
2021-10-21,44.47612578381276,45.05489214057235,44.30694515610222,44.814483642578125,20448300
2021-10-22,45.00146211834632,45.51789975762237,44.95694215926901,45.10831069946289,21517200
2021-10-25,45.313108558461785,45.51790310259124,44.98365676109314,45.072696685791016,19330300
2021-10-26,45.17064010891575,45.50009188781701,44.84118833001448,45.08160018920898,18196300
2021-10-27,44.75214854281446,45.40215291522306,44.47612273196294,44.565162658691406,21988300
2021-10-28,44.85899758319683,45.76721904210106,44.83228288960933,45.73160171508789,26785500
2021-10-29,45.63366131453305,45.98092180351044,45.42886675428114,45.553524017333984,19788500
2021-11-01,45.90968733465666,46.30146776215587,45.651466795401184,46.04324722290039,18699000
2021-11-02,45.89188511579943,46.05215972152703,45.60695323820725,45.678184509277344,21672500
2021-11-03,45.44667612459867,46.80900680144987,45.4288674586499,46.30147171020508,24225700
2021-11-04,46.07800462998569,46.21208360391872,44.612089972608416,45.24672317504883,32005700
2021-11-05,45.586384479899216,46.13163393786901,45.05007543816124,45.0858268737793,23443200
2021-11-08,45.18415237387207,45.917109677861546,45.18415237387207,45.47018432617188,19509500
2021-11-09,45.13946492084178,45.19309719578975,43.98639658273682,44.594215393066406,28324800
2021-11-10,44.460137679535634,45.380802858304975,44.406505407170144,45.01432418823242,19827800
2021-11-11,45.0679494652106,45.50593779692402,44.889182057755065,45.21990585327149,16069700
2021-11-12,45.300351569277126,45.58638350673389,45.02325663809167,45.550628662109375,17124700
2021-11-15,45.75622631334122,46.21209218151245,45.56851844280982,45.65790557861328,20110200
2021-11-16,45.68471308952557,45.74728237021838,44.84449118918772,45.02326202392578,19244900
2021-11-17,45.06795021301388,45.30929030880704,44.27242364341964,44.54951858520508,17802700
2021-11-18,44.361809326061646,44.853426508387976,44.04002254206051,44.6031494140625,19198200
2021-11-19,43.7986917354216,44.013217440138966,42.69925559694979,43.63779830932617,30548400
2021-11-22,45.2556660620545,45.68471402838106,44.45119899408587,44.9964485168457,28549400
2021-11-23,45.32717235747664,46.24784098199878,45.31823534995144,45.94393157958984,28024400
2021-11-24,46.0422546815587,46.24784337273758,45.74728568119696,45.86348724365234,18901900
2021-11-26,43.888070566962085,43.888070566962085,42.627741142812624,43.28919219970703,29919300
2021-11-29,44.39756233534153,44.48694945060553,43.18192825567938,43.94169998168945,27677000
2021-11-30,43.00316332408086,43.36070160479129,42.29702036075514,42.70819091796875,40671700
2021-12-01,43.5215909985482,44.20091946566591,42.171877890891366,42.198692321777344,29365100
2021-12-02,42.66349470211093,44.15622718618737,42.46684645145214,43.718238830566406,29184900
2021-12-03,44.03108673736377,44.03108673736377,42.341709354198144,42.681373596191406,29221900
2021-12-06,43.78081347885741,44.60315801994508,43.53947334429158,43.62886047363281,31650100
2021-12-07,44.209861207281385,45.15734431403776,44.102600062480576,44.9160041809082,28370200
2021-12-08,44.85343042680165,44.96963197779117,44.08471824448163,44.165164947509766,19990300
2021-12-09,43.81657256925158,44.71936049942332,43.56629540242589,44.41545104980469,16927200
2021-12-10,44.95176171829127,45.22885330973039,44.317128409792645,44.871315002441406,20040900
2021-12-13,44.60315570053765,44.6567845655833,43.28919395059666,43.4053955078125,19598900
2021-12-14,43.450086037229234,44.236675661635005,43.44114562014812,43.70036315917969,17602900
2021-12-15,43.81656967270436,44.04003238824665,43.02104295093709,43.745059967041016,20284300
2021-12-16,44.44225414085542,45.42548846388852,44.07577552120459,44.96068572998047,32781100
2021-12-17,44.424384433332825,44.45119886559756,42.78863586978153,42.860145568847656,74833400
2021-12-20,42.0646224341733,42.16294316394687,41.3406020146162,41.87691116333008,29134900
2021-12-21,42.538352377116446,43.02996955043462,42.31488971562913,42.73500061035156,21249400
2021-12-22,42.6724417247935,43.190873452555074,42.56517716613625,42.93165588378906,15688000
2021-12-23,43.262378384096266,43.7361181983562,43.10148497363627,43.22662353515625,16025600
2021-12-27,43.3964570427609,43.63779717563412,42.97634947199964,43.59310531616211,11900400
2021-12-28,43.405396340986016,43.96851989339555,43.226625497938606,43.28025436401367,14320500
2021-12-29,43.44115491215042,43.67355806918945,43.235569602320986,43.30707931518555,14390700
2021-12-30,43.342829244267904,43.71824496481604,42.9405956795589,42.99422454833984,13701300
2021-12-31,42.93164711332238,43.2266194747145,42.76181671146524,42.88695526123047,12649300
2022-01-03,43.73611636951835,45.41655669196015,43.72717595277216,45.34504699707031,38978100
2022-01-04,46.10481966369768,47.50816495707358,46.0511873954357,47.1506233215332,43855100
2022-01-05,47.3025758292398,47.49922406780572,46.4802348493636,46.73945236206055,35072600
2022-01-06,47.50816597175485,47.9729653342069,47.07017762935181,47.93721389770508,29720800
2022-01-07,48.14280695918579,49.3316268075333,48.08917468107772,48.95621109008789,35149300
2022-01-10,49.608711224996846,50.1092688180274,48.69698315006779,49.4746322631836,34733500
2022-01-11,49.66235420976199,50.17184891897962,49.36738179401999,50.10927963256836,25073700
2022-01-12,50.42211068096761,50.69026517088412,49.84110644467408,50.41317367553711,34159400
2022-01-13,50.59195410713073,51.11038920977808,49.84111929590472,50.05564498901367,34037300
2022-01-14,50.81541819266322,52.62099727385456,50.40424763025132,51.89698028564453,56739600
2022-01-18,51.59306620146293,51.94166744718579,50.51150420630407,50.67239761352539,41689600
2022-01-19,51.04781463477725,51.557309267106014,49.58190001475978,49.67128372192383,34970200
2022-01-20,49.80536640595688,50.39530778262759,49.08134604877321,49.16179275512695,26972800
2022-01-21,48.71486295520137,49.16178830341422,47.490288455833685,47.97296524047852,38357600
2022-01-24,47.132749836615154,47.812078318944295,45.74728185024049,47.66012191772461,48451400
2022-01-25,47.07912182859575,48.026604940928,46.07800984843264,47.901466369628906,40858700
2022-01-26,48.18750018913378,49.09028806610763,47.75845218138448,48.39308547973633,39687100
2022-01-27,48.80425200948431,49.61765609598338,47.57967737591323,48.05341720581055,34209200
2022-01-28,47.91934673008807,48.46459631822848,47.16851184654185,48.43777847290039,35519700
2022-01-31,48.10704978845562,48.31263506330558,47.4009068380339,48.08917236328125,34657500
2022-02-01,48.911514827536045,49.88581229529904,48.2590041799179,49.69810104370117,35870200
2022-02-02,49.403131153640615,50.10033364457836,49.12603619479023,49.993072509765625,29037100
2022-02-03,50.13673850642854,50.54077809306066,49.14010866776274,49.5351676940918,25227400
2022-02-04,50.31630544573276,51.21416955393607,49.80452317806325,50.57668685913086,33622100
2022-02-07,50.64851537490082,51.977353874680425,50.19958331044501,51.474552154541016,37480100
2022-02-08,52.076121228806514,52.956027693731926,51.89654771196705,52.74951934814453,39099600
2022-02-09,52.70461950433935,53.31516732173821,52.38138790394237,53.02785110473633,25883100
2022-02-10,53.46780717801516,54.14120526193242,52.79440909409789,53.01887512207031,36092000
2022-02-11,52.54301232606674,54.08733981467435,51.99531462719637,52.35446166992188,38650500
2022-02-14,52.53403465247114,52.65973852188738,51.33987700619883,51.941444396972656,32680500
2022-02-15,53.0817147556027,53.26128822720385,52.15691600071354,52.41729736328125,18224600
2022-02-16,51.99531203304911,52.86624134190407,51.67208039573882,52.20182037353516,22057200
2022-02-17,51.312929779545584,51.654115638871005,50.06489592278992,50.41506576538086,24946500
2022-02-18,50.41507089825405,50.9268531644273,49.71473456684873,49.94818115234375,22137900
2022-02-22,49.89430780282858,50.38813237320689,49.11316699422725,49.63392639160156,26887800
2022-02-23,50.14570951028353,50.298348191050245,48.269173370776144,48.43976974487305,21860700
2022-02-24,46.47344068738216,47.434158350588696,45.50374931598974,47.32641220092773,40917600
2022-02-25,47.739436724103065,48.879724641743096,47.667609370868746,48.58343124389648,27493500
2022-02-28,47.25458882768438,47.94594459987331,46.877484122363256,47.91900634765625,31094800
2022-03-01,47.08399314103249,47.33539742326633,44.90218305907475,45.153587341308594,54135500
2022-03-02,46.07838412649739,47.425180241087325,45.7910678960579,46.8864631652832,34894300
2022-03-03,47.00317982979472,47.19173387606354,45.737191705255285,46.00655364990234,24159700
2022-03-04,44.92911950108776,44.94707719374363,43.25909175996814,43.80678939819336,35871600
2022-03-07,43.618245011390975,43.618245011390975,41.09524534562724,41.131160736083984,56332500
2022-03-08,41.91228333341655,43.27703674893121,41.61598662919016,41.714752197265625,60018100
2022-03-09,43.806787388076856,44.6687360455293,43.41172501793486,44.13899612426758,34560200
2022-03-10,43.33091640287203,44.50711951037179,42.96279228908652,44.00431442260742,26178800
2022-03-11,44.59690430049884,44.89320107160958,43.4835548319674,43.51947021484375,23707100
2022-03-14,44.587932136437,45.23439539993892,44.26470050468604,44.76750564575195,28166600
2022-03-15,45.036874037214936,45.45887136254459,44.29164843459253,44.991981506347656,25080600
2022-03-16,45.83596361651367,46.886466440313086,45.54864736600509,46.32978820800781,34672800
2022-03-17,45.80903299325218,46.23103027339493,45.09971943622761,46.222049713134766,29930300
2022-03-18,45.656384887442925,46.27591326469847,44.9291172099057,46.16816711425781,60963400
2022-03-21,46.383668399367394,46.509368850098085,45.44091159380684,45.916778564453125,23411500
2022-03-22,47.05705949516824,48.66423712965806,46.9582938916405,47.93696594238281,28625600
2022-03-23,47.37131183759249,47.63169326745744,45.88085746072,45.8988151550293,27988700
2022-03-24,46.42855391907043,46.52731952261444,45.710263291132016,46.08736801147461,19677800
2022-03-25,46.21306612681416,47.21867295552224,46.1591930480142,47.19173812866211,19130900
2022-03-28,46.715872671735525,46.78770345091562,45.59354243514699,46.51834487915039,24115400
2022-03-29,47.6406724541681,47.85615792950959,46.25796085792061,46.32978820800781,20915000
2022-03-30,46.2669471933973,46.4016282110797,44.7046651987004,44.991981506347656,30913800
2022-03-31,44.668735847402026,45.27928366665931,43.48355559239189,43.51049041748047,31238500
2022-04-01,44.219809932372335,44.41734114383187,42.94484446770069,43.734962463378906,29989900
2022-04-04,43.5015132841441,43.690063909923104,42.74730735594861,43.51049041748047,23778300
2022-04-05,43.016668630970855,43.90555559157082,42.89096820575221,43.20521926879883,21757300
2022-04-06,42.81914092844927,43.16931083095107,42.55876292285356,42.99871444702149,26001200
2022-04-07,43.24113016718576,43.366830579359664,41.82250682612116,42.86402893066406,29486500
2022-04-08,43.09747033041479,43.89656871144522,43.034620126855934,43.75291061401367,23659800
2022-04-11,43.94146376223416,45.06379378356801,43.92350607088329,44.29163360595703,27041000
2022-04-12,44.60588956174991,44.80342076331698,43.09747757269906,43.47457885742188,25791900
2022-04-13,42.68446086632748,43.65415232987692,42.60365295894171,43.58232498168945,20645300
2022-04-14,41.20298822747672,42.93586643429408,40.43082445551704,41.616004943847656,65583200
2022-04-18,41.49928096655389,42.720376724950015,41.43643075179054,42.35224914550781,26120900
2022-04-19,42.549780880130704,43.26807150430475,42.49591122399257,42.94484329223633,19753300
2022-04-20,43.52845262540309,44.32755115334757,43.384794501560044,43.68109130859375,25893000
2022-04-21,44.13002447537765,44.43529842429982,42.73833229862428,42.89994812011719,19027600
2022-04-22,42.81914038764791,43.02564873261976,41.53519436993072,41.607025146484375,21676800
2022-04-25,41.08625906432883,41.27481312543104,39.9818866496658,41.149112701416016,30045500
2022-04-26,40.547546247762654,41.301752296262826,40.00882910958254,40.02678680419922,21527400
2022-04-27,39.8741481124975,40.57448107714765,39.63172437279244,40.02678680419922,19520900
2022-04-28,40.43979869119348,40.68222240204045,39.78435832856855,40.5565185546875,17431000
2022-04-29,40.439801149770105,40.76303278388391,39.06606670478645,39.17381286621094,27149400
2022-05-02,39.38930559939187,39.54194431033866,38.257998096543474,39.20973205566406,25009300
2022-05-03,39.416241709436505,40.08065933242024,39.20075278368918,39.64968490600586,21545300
2022-05-04,39.78435919698918,41.41847157237138,39.66763590586768,41.283790588378906,29468000
2022-05-05,40.624774738112414,40.67894234419964,39.2254776303384,40.40810775756836,29978600
2022-05-06,40.27268107759952,40.51643006162888,39.28865893191229,40.21851348876953,27035300
2022-05-09,39.6949122228667,40.20949232805111,39.0268589852952,39.685882568359375,27132700
2022-05-10,40.07407505880272,40.36296201454731,38.08797465520555,38.89144515991211,25276100
2022-05-11,38.91852445312943,40.18240393319292,38.358806446869934,38.43102645874024,25291600
2022-05-12,38.12408161377198,38.286580936514376,36.941448419103104,37.74491882324219,30171700
2022-05-13,38.32269898771361,38.990748808093095,38.16922584921283,38.49422454833984,21253200
2022-05-16,38.27755850354076,38.52130406789943,37.64561701317113,38.10602951049805,16837400
2022-05-17,38.810195884183614,39.5594953570992,38.78311036419096,39.46018981933594,23340500
2022-05-18,39.08102272057395,39.099078584000914,37.817139831116975,38.015750885009766,27351300
2022-05-19,37.645608037611446,38.1962997272962,37.5282466667434,37.91643905639648,25211900
2022-05-20,38.3768632401076,38.62964191996809,36.77895870497613,37.618534088134766,35410400
2022-05-23,38.575479212238,40.01088802315978,38.575479212238,39.55950164794922,27979100
2022-05-24,39.44212342055182,39.51434686283868,38.49421312525807,39.081016540527344,23996000
2022-05-25,38.90047140591337,40.13726890155493,38.84630381023555,39.830326080322266,22343900
2022-05-26,40.471295767366136,41.310871085043146,40.39907230909489,41.16642761230469,23502500
2022-05-27,41.25670094815015,41.57266992272472,41.03100783951017,41.42822647094727,19482600
2022-05-31,40.93171181498462,41.771290649373526,40.6247689782854,41.31990432739258,40727400
2022-06-01,41.49142433036818,41.59072985890633,40.083101398529415,40.76920700073242,20417900
2022-06-02,40.73310264906836,41.01296342164235,40.182410759315545,40.92268753051758,14633300
2022-06-03,40.47129466858921,40.92268093911746,40.27268360753951,40.46226501464844,12572400
2022-06-06,40.931708142284144,41.42823236315044,40.58865360409485,40.733097076416016,11867200
2022-06-07,40.40810108606938,41.112266073724186,40.29074312463046,41.049072265625,13281600
2022-06-08,40.5164302743707,40.68795580752737,39.929626778944375,40.29073715209961,12364400
2022-06-09,40.245608037043446,40.29074598262981,38.49422682033487,38.52130889892578,20142400
2022-06-10,37.04075959312552,37.41089623053808,36.12896075982288,36.1831283569336,27619300
2022-06-13,35.190082282214846,35.82202391214641,35.00050082637683,35.19911193847656,27553800
2022-06-14,35.00049455056726,35.47896293250077,33.41161282627557,33.79077911376953,36817600
2022-06-15,34.30535828573873,34.901188055054654,33.70050230583194,34.45882797241211,31358100
2022-06-16,33.72758643438008,34.061611347439474,32.987313143921774,33.9893913269043,37991500
2022-06-17,34.15188929571656,35.181049514273504,33.85397268307945,34.73868942260742,59114300
2022-06-21,35.98452328680896,36.056743317878514,35.09077672616498,35.19911193847656,24884700
2022-06-22,34.657437785791195,35.27132339781606,34.585217772272735,34.84701919555664,18631700
2022-06-23,34.35953138986744,34.630362520471444,33.53800834221267,34.215087890625,23143800
2022-06-24,34.9192433556797,37.1039513265944,34.765770227682616,36.7970085144043,39407700
2022-06-27,36.869237936812254,37.0046552220192,36.02063282175536,36.32757568359375,16996800
2022-06-28,36.98659434478151,37.51923031395254,36.18312728568375,36.27340316772461,18136600
2022-06-29,36.354655956940725,36.58937533665952,35.704658530328004,35.84910202026367,15778700
2022-06-30,35.27132309144095,35.84909696978591,34.55813195369465,35.36159896850586,20425700
2022-07-01,34.955352950521,36.18312412430764,34.720630167636216,36.03867721557617,15333900
2022-07-05,35.20813845239724,36.21924300266226,34.76577827451606,36.20118713378906,19144500
2022-07-06,35.75882473673017,36.13798759160622,35.1359094125705,35.65951919555664,17014100
2022-07-07,36.300476488921504,36.55325509652029,35.867146160785005,36.2192268371582,21060400
2022-07-08,36.38173491493447,36.74284533070621,35.98451621262888,36.27340316772461,14437500
2022-07-11,35.812979073118626,36.119921823597984,35.42479011355682,35.92131423950195,13111600
2022-07-12,35.2803552793294,36.53520865719897,35.21715802828027,35.749794006347656,15127300
2022-07-13,35.28035762765053,35.52410321821697,34.67549814744033,35.27132797241211,14116800
2022-07-14,34.3866117512696,34.98244158634287,33.79078191619633,34.97341537475586,24355300
2022-07-15,35.56924245311976,37.74492432024554,35.41576931759913,37.13103866577149,40328300
2022-07-18,37.85325293340561,38.62963786995669,37.03173005854889,37.18519973754883,17991300
2022-07-19,37.80812565026423,38.88242403743664,37.69076422255139,38.72895431518555,25724200
2022-07-20,38.403960257137584,38.84631705265469,38.24146085851345,38.56645965576172,19111200
2022-07-21,38.34977743174271,39.15324444857893,38.16922223335386,39.07199478149414,17809000
2022-07-22,38.972694396972656,39.29769310823153,38.53936392989564,38.972694396972656,15965400
2022-07-25,39.29768906984928,39.6407436124583,39.00880212148507,39.270606994628906,20297900
2022-07-26,38.91853577577981,39.433115993852766,38.64770462581588,38.72895431518555,15446700
2022-07-27,38.801166229584666,39.69491262564988,38.53936134708227,39.46018981933594,19498400
2022-07-28,39.31574580399838,39.56852447225989,38.55741668682216,39.10810852050781,14527300
2022-07-29,39.099086641078486,40.03796762612741,39.099086641078486,39.604637145996094,17512700
2022-08-01,39.21644140528578,39.86643879423776,38.963666173495234,39.30672073364258,13668300
2022-08-02,39.26157971545372,39.3067176541937,38.69283204467875,38.71088790893555,17764000
2022-08-03,39.171298228705446,40.236570054337946,39.04491062969884,39.622684478759766,17359500
2022-08-04,39.5408784898972,39.63177567413622,38.75915022242253,38.8773193359375,15062800
2022-08-05,38.70462150182322,40.26807490062092,38.65916943256543,39.7772216796875,16021000
2022-08-08,39.96810938182484,40.16808391316098,39.20456112057133,39.25909805297852,12879700
2022-08-09,39.28637537885461,39.80449711287182,39.07730901841839,39.44999313354492,10489500
2022-08-10,40.03174236147424,40.63167295413911,40.03174236147424,40.29534912109375,14037600
2022-08-11,40.90436060784272,41.4588424953277,40.80437161600042,41.13160705566406,14038800
2022-08-12,41.377031968729824,41.77698445248314,41.077065005285725,41.75880432128906,10706000
2022-08-15,41.27704242615047,41.64972644185653,40.82254955492331,41.58609771728516,11070300
2022-08-16,41.431572838444026,42.10422036282765,41.22250306106222,41.86788558959961,12234100
2022-08-17,41.55882522377996,42.09512689851178,41.40429585944787,41.94059753417969,13151700
2022-08-18,41.94059753417969,41.99513792173897,41.59518201464773,41.94059753417969,7885900
2022-08-19,41.72245247517948,41.831529807776334,40.94072407863927,41.22250747680664,13142900
2022-08-22,40.54076329616792,40.66802421460444,40.10445054975912,40.36805725097656,12391400
2022-08-23,40.41350823284185,40.86800113730702,40.24989050983393,40.33169937133789,10475100
2022-08-24,40.29533459416172,40.63165830595852,40.013547800896575,40.57711791992188,11706700
2022-08-25,40.71347149323732,41.37703065701067,40.386236077128736,41.25886154174805,11783200
2022-08-26,41.43156900261318,41.55882644314691,39.94082957313248,39.96810150146485,13405200
2022-08-29,39.81357207289461,40.28624504238623,39.61359758128656,39.92264938354492,12504900
2022-08-30,40.23171221885755,40.39532994935384,39.58633309718101,40.12263488769531,14365000
2022-08-31,40.24988733995551,40.53167416683385,39.64086856033816,39.73176574707031,22609100
2022-09-01,39.68632649732256,39.75904703783369,38.90459802435895,39.722686767578125,13173000
2022-09-02,40.26806602623838,40.722558878605646,39.24091120898689,39.43180084228516,13025900
2022-09-06,39.73177044343138,39.88629984014817,38.50464093997147,38.97731399536133,14708700
2022-09-07,38.66825659755849,39.913566167290185,38.40464988449316,39.84993743896485,19475800
2022-09-08,39.64995855518535,41.14069467215848,39.39544364765498,41.113426208496094,18500300
2022-09-09,41.36794470802248,41.64064323834704,41.13160991158116,41.20433044433594,12875500
2022-09-12,41.52246909122309,41.940601701542775,41.14069327538372,41.3861198425293,12127900
2022-09-13,40.31352083179924,40.4771385612715,39.122751594258204,39.28636932373047,21124900
2022-09-14,39.31362814738975,39.64086352607633,38.40464252548479,39.34089660644531,15067800
2022-09-15,39.44998730010467,40.62257641198691,39.40453523357338,40.12263488769531,13173200
2022-09-16,39.72267560549345,40.04991101082786,39.38635186890208,39.94083023071289,21238800
2022-09-19,39.47725424706983,40.549857786828326,39.45907411465799,40.286251068115234,11324100
2022-09-20,39.89538872314919,40.25898445308113,39.16820073079117,39.459075927734375,19503900
2022-09-21,39.68631833193378,39.82266758358544,38.39556021098828,38.422828674316406,19207100
2022-09-22,38.62280225306725,38.64097891487874,37.66836453522383,37.74108505249024,15499000
2022-09-23,37.10479303841169,37.25023060011644,36.08673010647846,36.73210906982422,23316200
2022-09-26,36.48668794936388,36.85028364134031,35.7595000329165,36.3685188293457,21420000
2022-09-27,36.55031739437129,36.89573296179356,35.82312946361829,36.38669967651367,17541400
2022-09-28,36.26853756684818,37.32296103638407,36.26853756684818,37.0957145690918,16033500
2022-09-29,36.50486380564779,36.98662509371808,36.15035995461455,36.81391906738281,14811300
2022-09-30,36.94118246795677,37.39567536931944,36.52304983090447,36.55941009521485,21182200
2022-10-03,37.53202469323262,37.995605927741465,36.941182533412,37.795631408691406,16827600
2022-10-04,38.32283500312435,39.62268476469954,38.32283500312435,39.57723617553711,18601300
2022-10-05,38.931862746890594,39.57724182056286,38.686436169401375,39.3681755065918,15873400
2022-10-06,38.96820815343157,39.213634659188514,38.36827785074944,38.39554977416992,15634800
2022-10-07,38.20467351836248,38.286482382176125,37.62292313902357,37.98651885986328,17186700
2022-10-10,38.12286078877949,38.277390168093646,37.404764687572055,37.67745971679688,10973700
2022-10-11,37.46839804066224,37.55929523913069,36.41397458790129,36.56850051879883,19135900
2022-10-12,36.57758261203496,37.468388097142274,36.32306428235792,36.82300567626953,16469900
2022-10-13,36.1321858727848,38.786422768093566,36.1321858727848,38.52281951904297,23808700
2022-10-14,39.81357925820938,40.840734232431394,39.20456040736912,39.24091720581055,33954200
2022-10-17,40.59530564539103,41.07706700926814,39.8953861640474,39.959014892578125,24507000
2022-10-18,41.00434896656481,41.177055015940375,39.83175648171051,40.60439300537109,24810400
2022-10-19,40.15898126871621,40.46803648973979,39.35907302591907,39.64994812011719,17876800
2022-10-20,39.7044992988629,40.386238636456696,39.54088158043994,39.67723083496094,17572700
2022-10-21,39.66813319632539,40.795276927605,39.60450447824965,40.74982833862305,18632800
2022-10-24,40.85890471580381,41.38611457750512,40.74982741122854,41.08615112304688,16154300
2022-10-25,40.704378986943695,41.449746991793546,40.33169498451877,41.24068069458008,16362200
2022-10-26,41.50428915190884,42.00423062025258,41.331583107937135,41.5406494140625,15010800
2022-10-27,41.831521023738006,42.25874539899784,41.40429664847817,41.49519729614258,14655500
2022-10-28,41.7315325334628,42.25874589357112,41.331580081574046,42.13148498535156,14990400
2022-10-31,41.94060222208961,42.28601778023038,41.795164639847,41.80425643920898,14000000
2022-11-01,42.340556140188,42.77686886595892,42.04967752216874,42.6768798828125,22409100
2022-11-02,42.61325073242188,43.22226948909909,42.25874686301212,42.61325073242188,29246700
2022-11-03,42.26561379117439,42.26561379117439,41.54288926652162,41.66181945800781,17140100
2022-11-04,42.384540208990536,42.915145610973454,41.99115871742356,42.75962448120117,27082500
2022-11-07,43.11641128054902,43.74764964036153,42.82366275224429,43.061519622802734,17713300
2022-11-08,43.226193677628494,43.427459611499984,42.74132955312493,43.16215515136719,14842700
2022-11-09,42.814514104418336,42.99748281436192,42.03690144945545,42.0551986694336,18318700
2022-11-10,43.015783180724775,44.01295905852585,42.933447429719614,43.86658477783203,23091900
2022-11-11,44.00380988380782,44.24167027746719,43.29938603832903,43.50064849853516,18076600
2022-11-14,43.18045805307775,43.51894794925754,42.87855911254883,42.87855911254883,13929900
2022-11-15,43.34511851082976,43.464045193574734,42.30220150929685,42.73217391967773,19076000
2022-11-16,42.69559067117976,42.86026218718565,42.11009349864254,42.27476501464844,14713300
2022-11-17,41.826490526214975,42.23816577971331,41.5977805010101,42.0734977722168,11350900
2022-11-18,42.741331709406126,42.78707301763784,42.05520161641611,42.54006576538086,10515300
2022-11-21,42.43028296097635,43.079818566030895,42.43028296097635,42.85110855102539,11656800
2022-11-22,43.116418865534,43.36342613408889,42.91515290822889,43.098121643066406,11684900
2022-11-23,43.107265991033984,43.45490621793213,42.988339286699954,43.29938507080078,10878500
2022-11-25,43.32682376862039,43.58297785666263,43.01577802321008,43.40000915527344,4913300
2022-11-28,43.10726023988654,43.68361042261699,42.924291540148886,42.97918319702149,12492600
2022-11-29,43.16215670182375,43.59213267059905,43.034079644700405,43.51894378662109,13344900
2022-11-30,43.29023452079593,43.86658477783203,42.21072289198969,43.86658477783203,26417000
2022-12-01,43.848290978984224,44.0770010285346,42.50347477087976,42.87855911254883,15980300
2022-12-02,42.439430655632194,42.558360842914446,41.05802367352456,42.02775192260742,29820400
2022-12-05,41.80819599753716,41.97286750547526,39.90532679018056,39.94192123413086,32574600
2022-12-06,39.96022137692332,40.11574254032224,39.02708392701423,39.70406723022461,25961400
2022-12-07,39.42046575730984,39.64917581543072,38.82581821026012,38.83496856689453,24114900
2022-12-08,39.07282610294416,39.23749762655388,38.523923350804125,38.95389938354492,17161400
2022-12-09,38.72517803620602,39.26493027426905,38.71602768209516,38.88069915771485,16023700
2022-12-12,38.97218828654593,39.274087205687465,38.52391857549343,39.21004867553711,18428900
2022-12-13,40.14318275876148,40.32615146849572,38.52391543584593,38.990482330322266,31496000
2022-12-14,38.96304362587591,39.54854078600895,38.37754646574287,38.58795928955078,22044400
2022-12-15,37.89268040014296,38.1579849026445,37.51759604792437,37.84693908691406,16766600
2022-12-16,37.535888144410976,37.92012280069845,37.37121664740749,37.6822624206543,29836200
2022-12-19,37.81949074706446,38.340949336920914,37.60907793798537,38.25861358642578,17454200
2022-12-20,37.77374447891768,38.93559169897025,37.480995957784174,37.490142822265625,25415400
2022-12-21,37.83779210093405,38.09394624607928,37.43526017017614,37.61822891235352,20170800
2022-12-22,37.24314233042672,37.270589908504206,36.61190387205684,37.2156982421875,17382700
2022-12-23,37.22483838441412,37.50844004106617,37.005278738482815,37.490142822265625,10167500
2022-12-27,37.51758874145518,37.63651892455973,37.1516548170503,37.54503631591797,10297400
2022-12-28,37.45355739337773,37.85608932413564,37.38037199040988,37.61822891235352,11889400
2022-12-29,37.64567698959015,37.87438704787481,37.563341229014135,37.81034851074219,11597100
2022-12-30,37.6090825984768,37.901831194328224,37.49930274749216,37.77375411987305,10021500
2023-01-03,38.06650294659916,38.55136715707407,37.92012864778569,38.23117446899414,15944300
2023-01-04,38.66114231012598,39.39301720508508,38.633698223008366,39.0179328918457,18943600
2023-01-05,38.95388812339593,38.99962942454569,38.359240738936286,38.80751037597656,12380700
2023-01-06,38.9630433963896,39.33812773050553,38.51477017276893,39.15515899658203,15247000
2023-01-09,39.4479041123841,39.45705446768819,38.56965845444529,38.78007125854492,21225600
2023-01-10,39.03622653220415,39.22834561109323,38.441582543736224,38.752628326416016,18348800
2023-01-11,38.770926307180886,39.18260507023847,38.44158329673482,39.10026931762695,18272100
2023-01-12,39.383864371306174,39.84128440695395,39.15515435348228,39.18260192871094,20940400
2023-01-13,37.856085179304976,40.58230832075659,37.01443045337654,40.45423126220703,41649700
2023-01-17,40.10658927187351,40.591453397828566,39.502794958289456,40.36274337768555,25473900
2023-01-18,40.216369753322105,40.81101721122442,39.612575429995175,39.68576431274414,20278000
2023-01-19,39.255783035504656,39.52108746478737,38.89899600501154,39.29237747192383,18565300
2023-01-20,39.411312909614615,40.198072458690696,39.11856086899528,40.17977523803711,23237200
2023-01-23,40.19807554657078,41.332478885367976,40.13403701428302,41.19525146484375,19692000
2023-01-24,41.0854717882257,41.35077627439672,40.59145726014965,40.66464614868164,13697200
2023-01-25,40.29870301591029,41.55203289205906,40.2804057963516,41.47884750366211,17285300
2023-01-26,41.652671118993226,41.991164488852775,41.31418123897191,41.90882873535156,16724600
2023-01-27,41.90882657438547,42.42113480100928,41.90882657438547,42.19242477416992,18161800
2023-01-30,42.00030975902239,42.67729298318056,41.90882714298069,42.34794998168945,19427400
2023-01-31,42.37539770150569,42.88770946884035,42.1375407855022,42.87855911254883,22840400
2023-02-01,42.68644036837938,43.729357559235645,42.51262199984938,43.29938507080078,21874600
2023-02-02,43.566381475813614,43.79655044113896,42.746980521191325,43.4835205078125,19058000
2023-02-03,43.27176574135808,44.22926948577292,43.22573265043615,43.80575942993164,17346900
2023-02-06,43.51113388234887,43.97147175187565,43.40986250121632,43.89781951904297,15948900
2023-02-07,43.67686138538366,44.56991809041592,43.5940004177817,44.312129974365234,21764800
2023-02-08,43.91624020468932,44.75405511550649,43.83337923495577,44.422611236572266,18070500
2023-02-09,44.6251565497314,44.77246453526635,43.722894699317386,43.79654693603516,17362100
2023-02-10,43.64923632185671,43.92543833908889,43.25334547605421,43.741302490234375,18929000
2023-02-13,43.584795204536896,44.33054391295452,43.39145411749889,44.312129974365234,16451700
2023-02-14,44.12799367312577,44.96580855427466,43.962271739527125,44.65277862548828,16844400
2023-02-15,44.11878502260076,44.43181495191736,43.91623872393683,44.16482162475586,12854000
2023-02-16,43.82416225390896,44.01750682159876,43.44668535447513,43.474308013916016,12631700
2023-02-17,43.35462484023422,43.7965488158067,43.2901778133028,43.72289657592773,13463800
2023-02-21,43.336214999121445,43.336214999121445,42.32347289837189,42.57205581665039,13652700
2023-02-22,42.305056038747146,42.56284415305092,42.06567835080823,42.360294342041016,13402900
2023-02-23,42.461571829903846,42.7561878390541,42.15775060701134,42.58126068115234,14783600
2023-02-24,42.20379075827597,43.050811048217504,42.07489667172838,42.92191696166992,16040300
2023-02-27,43.21652568609767,43.66765842455587,43.013979375367335,43.069217681884766,15468200
2023-02-28,42.967943118940646,43.29938700913267,42.84825777911566,43.06001281738281,18627200
2023-03-01,42.81142802553788,43.19811020576712,42.58125905765864,42.977149963378906,13382200
2023-03-02,42.77459997275832,42.92190797111432,41.78027186188024,42.166954040527344,19115000
2023-03-03,42.369496536160206,43.2533443736154,42.26822164626656,43.1336555480957,14947200
2023-03-06,43.16128315031256,43.43748519213493,42.82063057036879,42.931114196777344,14236000
2023-03-07,42.526011777188586,42.59966752325438,40.62021324897712,40.92403793334961,24056800
2023-03-08,40.74910505240587,41.02531057286957,40.14145922916409,40.362422943115234,14852000
2023-03-09,39.99416022523274,40.07702119753218,37.59119905274869,37.86740112304688,33599800
2023-03-10,37.361028905554,38.99983084849203,36.57845230009837,38.07915496826172,55435400
2023-03-13,36.64289804641697,37.33340493238751,35.17902330767543,35.3631591796875,78806900
2023-03-14,38.2080438360681,38.300110006736986,36.24700349434717,36.983543395996094,52855100
2023-03-15,35.26188234023383,35.88794216347344,35.05933605302062,35.768253326416016,47324600
2023-03-16,35.565705087701225,36.88227168679415,35.123781150621674,36.18255615234375,40388800
2023-03-17,35.68539291368676,35.68539291368676,34.55296208682645,34.76471710205078,47403800
2023-03-20,35.09616330182401,35.39998802577773,34.47931215260848,34.50693130493164,34283700
2023-03-21,35.538080962287104,35.86952477946041,35.3171207589043,35.4276008605957,34664700
2023-03-22,35.63936065574706,35.63936065574706,34.23993296800864,34.249141693115234,22994400
2023-03-23,34.516143714222714,34.6542430026771,33.61387817157353,33.70594787597656,30239900
2023-03-24,33.14432411892127,33.58624801905501,32.453817366443744,33.3560791015625,35694800
2023-03-27,34.083414053125004,34.70026507215868,34.02817224803732,34.49771881103516,27454600
2023-03-28,34.396446249081045,34.60820124807998,33.94531359062299,34.2307243347168,15270000
2023-03-29,34.6174048663336,34.99488176231722,34.34120285914299,34.95805740356445,20789100
2023-03-30,35.26188366612882,35.44601953496413,34.221518992493934,34.41486358642578,22340400
2023-03-31,34.737098722812895,34.939648529741696,34.35041655914836,34.41486358642578,30287900
2023-04-03,34.543757958816165,35.132989934831,34.43327784133828,34.7278938293457,21541000
2023-04-04,34.7094843545101,34.80155054556421,33.50339758394087,33.89008331298828,21942700
2023-04-05,33.60466685666045,34.07420997152563,33.39291184312521,33.96372985839844,15486900
2023-04-06,34.16628470171374,35.07775191570789,34.12025160712515,34.89361953735352,23484900
2023-04-10,34.709475637943754,35.63935657763017,34.62661468196384,35.565704345703125,27005800
2023-04-11,35.69460514099905,36.40352600697132,35.639363322524645,36.24700927734375,25116100
2023-04-12,36.29303474615868,36.6889255818132,35.805077744486454,36.08127975463867,20252900
2023-04-13,36.20096626290577,36.53241005871226,35.94317820487801,36.51399612426758,22397800
2023-04-14,36.59686511561304,37.29657721778268,36.01683834548712,36.49559020996094,40963100
2023-04-17,36.67051578139135,38.02390670776367,36.42193291440073,38.02390670776367,31445100
2023-04-18,37.94104497091001,38.72362142764148,37.876597952509655,38.54869079589844,27892300
2023-04-19,38.64076419063182,39.04586027555823,38.47504226677569,38.889347076416016,23310500
2023-04-20,38.54869503731606,38.71441696346497,38.16201288436824,38.364559173583984,19265500
2023-04-21,37.9410396064832,38.11597021349306,37.02036403139494,37.96866226196289,23975300
2023-04-24,37.86739802176558,38.3001132753574,37.784537056252326,38.16201400756836,17327800
2023-04-25,37.47150349279334,37.8029473226539,37.18609274772469,37.33340072631836,20728000
2023-04-26,37.04799787022161,37.241338956448615,36.12732201721719,36.32986831665039,26915600
2023-04-27,36.3943073064266,36.624476218836776,36.20096626290577,36.51399612426758,21695800
2023-04-28,36.13652489620185,36.75337599206177,35.86952807317318,36.59686279296875,20193000
2023-05-01,37.27816205747345,37.91342705030181,37.00195652727927,37.18609237670898,26564300
2023-05-02,36.8362335400106,36.8362335400106,35.28029285749763,35.7590446472168,36239500
2023-05-03,35.9339759855767,36.52320794606064,35.54729382854644,35.58412170410156,25202700
2023-05-04,34.9624479391218,35.33360060395311,33.77476507498023,34.071685791015625,53247000
2023-05-05,34.75830103302653,35.51916053479582,34.637679469273166,35.20368194580078,27039700
2023-05-08,35.658354560392624,35.98311046949225,35.39854983311292,35.611961364746094,22735400
2023-05-09,35.20368527523435,35.88103569869645,35.04594773560503,35.76041412353516,18999100
2023-05-10,36.37282236423489,36.40065757467552,35.166581537628886,35.51917266845703,17941600
2023-05-11,35.03667703470238,35.70475042865645,34.71192110129371,35.56557083129883,18536200
2023-05-12,35.68618341858576,35.75113458884594,34.498500831458614,34.7861442565918,17658600
2023-05-15,34.8882083557188,36.2800252349029,34.75830601332669,35.97382736206055,24405800
2023-05-16,35.890320356045585,35.97382951537825,35.55628371871493,35.62123489379883,21821200
2023-05-17,36.17796435911621,37.68112571065576,36.08517443644486,37.54194259643555,29241600
2023-05-18,37.412041819860335,37.412041819860335,36.716133298598685,37.30997467041016,27213900
2023-05-19,37.42132201598025,37.54194360934703,36.76252593574654,37.1429557800293,19774900
2023-05-22,37.30068955958739,38.25640259401912,37.20789965263046,38.02443313598633,27519400
2023-05-23,38.05227388780383,39.082218998007576,38.0244386814438,38.23785018920898,26116600
2023-05-24,37.940925077871,38.31207763719942,37.746071577031486,37.92236709594727,21193700
2023-05-25,37.69040233152992,38.31208241499713,37.59761594991324,37.95021057128906,17691800
2023-05-26,37.95021079857848,38.52549415510922,37.82030490813409,38.25640869140625,17399400
2023-05-30,38.26568335450133,38.43269810787775,37.43059188975407,38.02443313598633,14752600
2023-05-31,37.38420856679966,37.55122690380311,36.46560771328067,36.93882751464844,27221100
2023-06-01,37.30996353555309,37.60688413284527,36.81818945995779,37.17078399658203,17079400
2023-06-02,37.69039919044135,38.55332591794043,37.46771047729058,38.26568603515625,16906100
2023-06-05,38.19145389178742,38.19145389178742,37.52338067690759,37.53266143798828,18443900
2023-06-06,37.48627616964247,38.61828503005027,37.35637026408512,38.28424835205078,18825100
2023-06-07,38.46054426102191,39.100778814318055,38.03372122549115,39.03582763671875,17781800
2023-06-08,38.692517103595705,39.34203247522697,38.562614737184255,39.31419372558594,17157300
2023-06-09,39.277075627971286,39.406977975649845,38.99870940914752,39.09149932861328,11098900
2023-06-12,39.072941752511966,39.67606030725317,38.4234264677669,38.81313705444336,19433400
2023-06-13,38.67395844689504,40.21423590972165,38.53477531982363,39.57400131225586,18864000
2023-06-14,39.6667814943677,39.88947375490627,38.96159582521346,39.04510498046875,14826100
2023-06-15,38.80385006651474,39.36057534149876,38.618273794995744,39.30490493774414,14188200
2023-06-16,39.50904628645726,39.65750662242232,39.02654930967742,39.13789367675781,36422100
2023-06-20,39.08222026099975,39.10077824569734,38.35847655566183,38.86880874633789,16679600
2023-06-21,38.83169475604634,38.933761907298255,38.53477406489922,38.646121978759766,11686500
2023-06-22,38.55332146499861,38.62755338719053,37.96875746624226,38.098663330078125,11504400
2023-06-23,37.60689751005184,37.80175459724058,37.39348597605844,37.681129455566406,18952000
2023-06-26,37.83886267963719,38.24713125387581,37.541942010867416,37.66256713867188,13618500
2023-06-27,37.6904062397428,38.09867485616717,37.43060151261742,37.95949172973633,11749600
2023-06-28,37.96876183099542,37.98731981367676,37.46771045689235,37.69039916992188,13959600
2023-06-29,38.488381078759446,39.44409433733529,38.38631392695545,39.38842391967773,23956300
2023-06-30,39.85236466721302,40.10289217622292,39.54616319856515,39.601837158203125,20062200
2023-07-03,39.78741189285224,40.45548168391951,39.65750953179954,40.2699089050293,9249100
2023-07-05,40.11215819734888,40.47402998499864,39.68533524471444,40.3441276550293,15722200
2023-07-06,40.10288952826364,40.186398692419566,39.19356948499565,39.796688079833984,14978600
2023-07-07,39.51832256492978,40.29774019502203,39.51832256492978,39.685340881347656,13506500
2023-07-10,39.62966740614547,39.88947564568439,39.2306795942995,39.26779556274414,16675800
2023-07-11,39.29563722239308,39.83380823449775,39.03583247976278,39.65751266479492,15401100
2023-07-12,40.18639611976667,40.687447533052136,39.90802989735151,40.13999938964844,13998300
2023-07-13,40.33485218666665,40.60393407919193,40.17711110801221,40.55754089355469,18034800
2023-07-14,41.52253898395419,42.04215191922892,40.17711522516275,40.418365478515625,30897600
2023-07-17,40.41836365393191,41.8751317118153,40.40908289252846,41.51325988769531,25173900
2023-07-18,41.54109290974473,42.40401961710192,41.38335183033599,42.31122970581055,24183200
2023-07-19,42.61743189671607,43.21127318173797,42.25556008487917,42.92362976074219,18932700
2023-07-20,43.02569539593265,43.83295168297828,42.87723507985066,43.73088455200195,18927200
2023-07-21,43.77728749053356,43.80512269988391,42.635997892707984,42.6452751159668,16215400
2023-07-24,42.65454415048509,43.45251963514017,42.64526339020421,43.07208633422852,12053200
2023-07-25,43.04425895755743,43.276228452728205,42.15349694559932,42.19989013671875,13537400
2023-07-26,43.12777225280151,43.45253170092501,42.78445835810997,43.09065628051758,19520900
2023-07-27,43.20199563162824,43.76799816865311,42.29267572840808,42.468971252441406,19509600
2023-07-28,42.72878483763984,42.89580317505548,42.28340378438944,42.812294006347656,12616400
2023-07-31,42.99786318882692,43.31334182492999,42.55248220954731,42.83084487915039,11696600
2023-08-01,42.69166607287353,42.830849191475096,42.069989499487015,42.41330337524414,12699200
2023-08-02,41.8473014831543,41.912252667902536,41.34624999217848,41.8473014831543,13911700
2023-08-03,41.80988989228407,42.44578205216544,41.62286215692061,42.22135162353516,12145400
2023-08-04,42.17459495089507,42.73567819605403,41.809892803533415,41.94081115722656,10840800
2023-08-07,42.24939934359227,42.51123600057159,42.00626224731983,42.137184143066406,10860300
2023-08-08,41.127239145297104,41.66026583938037,40.566159541185385,41.59480667114258,14520000
2023-08-09,41.351677067467705,41.37972998016916,40.74383779904811,40.88410949707031,11973800
2023-08-10,41.14594523956859,41.51064736524904,40.7905928954857,40.83734893798828,11982200
2023-08-11,40.68772465185802,41.005670713079525,40.56615966319769,40.89345550537109,7316000
2023-08-14,40.70642427273308,41.061776561650376,40.46329074910976,40.90280532836914,10677000
2023-08-15,40.332372217534406,40.45393719509678,39.76193931560224,39.95831680297852,13835900
2023-08-16,39.8928614927685,39.95832066154832,39.40659083379192,39.48140335083008,10076700
2023-08-17,39.71519088745117,39.977027587437135,39.518809795204206,39.71519088745117,12686000
2023-08-18,39.36919246024644,40.01443806353217,39.32243641136173,39.74324798583984,10797300
2023-08-21,39.883512001352805,40.08923929018718,39.387887990519246,39.73389053344727,12600400
2023-08-22,39.70583818422375,39.80870362296518,38.74265010738591,38.80810928344727,13634500
2023-08-23,38.86421655304933,38.93902550706268,38.54627047216355,38.91097259521485,11927400
2023-08-24,38.76135602575124,39.44400431608752,38.705246627696745,38.742652893066406,10363300
2023-08-25,38.93903507783021,39.08865658988952,38.1254683289614,38.55562973022461,12534700
2023-08-28,38.72394135854608,39.34113033420441,38.61172615404194,39.163455963134766,10314500
2023-08-29,39.15410435475046,39.62167188942424,38.94837706522889,39.275672912597656,14404800
2023-08-30,39.331779201248246,39.39723836556318,38.78004941112452,38.84550857543945,12536300
2023-08-31,38.97642693131291,39.0044798396798,38.44340026880043,38.611724853515625,21534900
2023-09-01,38.85486005788859,39.26632175704357,38.8174538002823,38.9483757019043,12890300
2023-09-05,38.94837399572205,39.53750647455653,38.6304279545108,38.84550857543945,14337200
2023-09-06,38.53691969930115,38.71459766556693,37.966486671883295,38.35924530029297,18775400
2023-09-07,38.08805017766684,38.35924019844552,37.68594182058317,37.80751037597656,13801000
2023-09-08,37.82622197482497,38.452760886647965,37.71400674247388,38.34054565429688,13921200
2023-09-11,38.69589545069535,39.01384156036568,38.53692061223134,38.64913940429688,15053800
2023-09-12,38.72394363545252,40.18275564881033,38.59302529462372,39.78064727783203,18393900
2023-09-13,39.93962176601518,40.098596597944535,39.38789187977366,39.50946044921875,15274200
2023-09-14,40.03313791621512,40.57551445989947,39.93027247674286,40.257568359375,20764500
2023-09-15,39.90221460636044,40.50070409087948,39.84610878115307,40.16405487060547,47371800
2023-09-18,40.20145312996488,40.77188245381876,39.995722299136325,40.612911224365234,15849700
2023-09-19,40.7251347956773,40.90281275602942,40.11729909261195,40.416542053222656,15318100
2023-09-20,40.58486892200656,40.884111899262656,40.04248879619384,40.0892448425293,16788100
2023-09-21,39.97702521486066,40.36978024153018,39.54686392833958,39.57491683959961,14990500
2023-09-22,39.58428074698327,39.64038658446911,38.48082075782408,38.55562973022461,16780300
2023-09-25,38.22832370054815,38.920321673512,38.12545826928824,38.86421585083008,10624000
2023-09-26,38.38729654220003,38.63043367473556,37.74205458386948,38.01324462890625,15219400
2023-09-27,37.9945331942788,38.52755981885162,37.835558401249074,38.20961380004883,11815500
2023-09-28,38.19091899985511,38.52756821872059,38.078703782652426,38.256378173828125,12454600
2023-09-29,38.52755981885162,38.70523417129034,37.947777161243,38.20961380004883,13124500
2023-10-02,38.06000024732842,38.11610607170464,36.88172799382435,37.04070281982422,15102000
2023-10-03,36.82561539694228,36.90977768528592,35.974642733581746,36.16166687011719,19252900
2023-10-04,36.012046351108275,36.57312947698356,35.89983115283596,36.44221115112305,14343500
2023-10-05,36.24583490568856,36.86302392898604,36.09621343238182,36.75080871582031,11820600
2023-10-06,36.36740170296766,37.30253675757627,36.24583314703654,37.115509033203125,13976800
2023-10-09,36.5731328416869,37.21837475018561,36.56377949340388,37.12486267089844,12096600
2023-10-10,37.33059552829725,37.76076043206509,37.143571341819936,37.237083435058594,14429700
2023-10-11,37.414751965297306,37.60177968967046,36.7040508933879,37.115509033203125,14835900
2023-10-12,37.11550617465307,37.41474908370026,36.76950722992792,37.16226577758789,14878100
2023-10-13,38.18156611445162,38.9390232280702,37.844916922951306,38.303131103515625,28077900
2023-10-16,38.78005110993309,39.43464278175771,38.71459194275062,38.9483757019043,18419000
2023-10-17,38.74264964627341,39.62167540524775,38.74264964627341,39.25697326660156,16982300
2023-10-18,38.99513357110344,39.219563992764,38.667834152567366,38.836158752441406,16053200
2023-10-19,38.78939750006133,39.48139893626033,38.49015459988251,38.50885772705078,16120300
2023-10-20,38.38729843355111,38.42470469690073,37.34929781277349,37.65789413452149,17498900
2023-10-23,37.64854033772633,37.76075912644186,36.86302665300552,36.91913604736328,13785800
2023-10-24,37.050055176665694,37.246436277404285,36.69470637339283,36.73210906982422,15097800
2023-10-25,36.53572779305968,36.66664613530035,36.07751359521734,36.498321533203125,13849000
2023-10-26,36.4889736039674,37.38670248254782,36.45156734221218,37.07810974121094,15480300
2023-10-27,36.825616796403374,36.853669704498415,36.11491220843596,36.24583053588867,13582800
2023-10-30,36.56377164243786,37.02198929397382,36.18036649207365,36.87236785888672,14141900
2023-10-31,37.0687505134829,37.22772531710233,36.69469865702327,37.1903190612793,11919200
2023-11-01,37.36799868621013,37.386701816754666,36.73210651672545,37.04070281982422,19850300
2023-11-02,37.49356928052861,38.24834596780168,37.16335200549348,38.22003936767578,19998500
2023-11-03,38.84273657532164,39.493734492734426,38.74839082450862,39.26729965209961,16147500
2023-11-06,39.42768726557812,39.42768726557812,38.82386589126837,39.00312423706055,15148600
2023-11-07,38.85216297025914,38.87103283521191,38.43703673847426,38.72007751464844,13796900
2023-11-08,38.74838382193409,38.86159942226143,38.14456248810958,38.66347122192383,19418700
2023-11-09,38.96538295279349,39.04086242111206,37.99360819207635,38.11626052856445,14006500
2023-11-10,38.33325880029838,38.63516947702095,38.078520991990125,38.57855987548828,14706600
2023-11-13,38.437040474690846,38.73895114516459,38.23890867295695,38.4653434753418,12159700
2023-11-14,39.1540748271692,39.98433091557818,39.11633509609178,39.701290130615234,20183800
2023-11-15,39.69185744470434,40.5975894885442,39.69185744470434,40.41833114624024,17268100
2023-11-16,40.399462177892765,40.53154765400999,39.61638245560098,40.1258544921875,16931200
2023-11-17,40.408895000912025,40.55985033030335,40.04093801140292,40.53154373168945,13893800
2023-11-20,40.43720515790796,40.52211777066141,40.106987842062495,40.37116241455078,10369100
2023-11-21,40.2296342644804,40.31454686471925,39.76733512911478,40.19189453125,16078400
2023-11-22,40.24850163052287,40.40889368725762,40.003200577883575,40.36171722412109,11862200
2023-11-24,40.380589331755935,40.673066863772,40.314546598568285,40.49380493164063,5287200
2023-11-27,40.22963357766153,40.59758697272835,40.11641797896228,40.58815383911133,15715000
2023-11-28,40.54097896849044,40.99384493995595,40.371153779308514,40.918365478515625,15332900
2023-11-29,41.220278440680254,41.64484143747429,41.1636724404804,41.30519104003906,16746000
2023-11-30,41.33350529998144,42.22036759172149,41.02215784494077,42.06941223144531,23247500
2023-12-01,41.99392883064238,42.68266642159324,41.87128008622371,42.47510147094727,18116100
2023-12-04,42.18262327008783,42.76757837679845,42.00336492393674,42.5694465637207,13424000
2023-12-05,42.40906335638415,42.42793322659682,41.89958765782118,41.97506713867188,14531700
2023-12-06,42.267530222955095,42.69209319554018,41.9184467117446,41.98448944091797,18923800
2023-12-07,42.25809983046178,42.87135429813837,42.12601436354864,42.8336181640625,18787800
2023-12-08,42.795878193737245,43.72048005606379,42.56944339524182,43.49404525756836,20238400
2023-12-11,43.30535443014726,43.60726509989068,42.99400702750364,43.39970016479492,21116900
2023-12-12,43.34309710201797,44.11674375980711,43.22044834828869,43.8431396484375,19787100
2023-12-13,43.87143830785263,45.07908104935907,43.72991609949391,45.06021118164063,26549100
2023-12-14,45.70176848074283,47.692494370964944,45.70176848074283,47.65475463867188,41115400
2023-12-15,47.26793645155617,47.90006443857782,47.09811123707628,47.466068267822266,44099200
2023-12-18,47.560413762982826,47.626456501709264,46.73015756305991,46.85280990600586,20531700
2023-12-19,46.86223914701271,47.47549721173124,46.5225923470928,47.25849914550781,20556400
2023-12-20,47.01320227864622,47.71136940641625,46.50372663466742,46.550899505615234,20481500
2023-12-21,46.81506298544846,47.01319477028108,46.35276388530952,46.6546745300293,11127700
2023-12-22,46.85280649432445,47.04150156225663,46.31502789010613,46.399940490722656,10450400
2023-12-26,46.38107635378277,46.86224541734569,46.25842400461594,46.83394241333008,8856600
2023-12-27,46.61694163198986,46.767896976474205,46.37164054685004,46.541465759277344,12536700
2023-12-28,46.3621952712343,46.84336781747663,46.31502240959804,46.68297576904297,9872600
2023-12-29,46.56033184803452,46.77733352900936,46.428246372004125,46.43768310546875,11733600
2024-01-02,46.27729120713526,46.94715532334334,46.060293124380216,46.541465759277344,14916000
2024-01-03,46.315026843708544,46.315026843708544,45.5885531879713,45.92820358276367,21653600
2024-01-04,46.06028945258297,47.041500913041446,46.01311658601572,46.494285583496094,15917500
2024-01-05,46.60750425861772,47.617018707865554,46.50372179390008,47.098106384277344,15074800
2024-01-08,46.58863439239097,47.16415271560046,46.3716363293718,47.098106384277344,15119700
2024-01-09,46.64523792044759,46.66410778567449,46.27728454616992,46.503719329833984,13625200
2024-01-10,46.23011593010679,46.34333153281131,45.86216252202274,46.30559539794922,11849800
2024-01-11,46.12633819539793,46.30560015039218,45.607429397431424,46.267860412597656,21049200
2024-01-12,45.23947071915028,46.02255039298786,44.34317184502415,44.72056198120117,30454100
2024-01-16,44.12617460500135,44.39978227891459,43.60726585730809,44.17334747314453,25209900
2024-01-17,43.62614402620239,44.39979072796067,43.59783742068257,44.03183364868164,17445600
2024-01-18,43.91860943413389,43.98465216899704,43.5129162919407,43.81482696533203,17901300
2024-01-19,43.99408946590677,45.45646998371372,43.75822152435536,45.39986038208008,25606900
2024-01-22,45.50364132833517,46.16407226237372,45.43759859483722,45.78668212890625,19372200
2024-01-23,45.89990111743235,46.43767971576356,45.66403318486396,46.34333038330078,16422100
2024-01-24,46.57920175216479,47.25850259977482,46.46598614391621,46.692420959472656,17776000
2024-01-25,46.87168013051572,47.11698121921369,46.70185491562506,47.06037521362305,17979600
2024-01-26,47.022628412779646,47.64531957414272,46.95658568347287,47.475494384765625,19211100
2024-01-29,47.32454870878727,47.80571777741204,47.1641602189322,47.50380706787109,16725200
2024-01-30,47.76797994545036,48.37180134313703,47.75854321164058,48.29632186889648,14736800
2024-01-31,48.126494014156016,48.53218716832324,47.324544439114334,47.34341430664063,20394400
2024-02-01,47.333909256558,47.47642548814751,45.49071938267226,46.298301696777344,27566100
2024-02-02,46.07977943507251,47.0963845883322,45.66173738001097,46.706844329833984,19329000
2024-02-05,46.184293075366455,46.47882131891667,45.83275761161048,46.26980209350586,14202700
2024-02-06,46.09878653491927,46.66884427026209,45.61423419797305,45.88026428222656,13926600
2024-02-07,46.03227396105997,46.17478656427806,45.0821754422531,46.06077575683594,15839600
2024-02-08,45.775752276075,46.07978354767962,45.66174145530794,45.9372673034668,10839200
2024-02-09,45.813751150759465,45.86125535122465,45.10117727076717,45.66173553466797,16594000
2024-02-12,45.60473184673463,46.830359884956856,45.49072103193256,46.47882080078125,14101900
2024-02-13,45.984775494169256,46.27930375214983,45.215194293209166,45.83275985717773,13660100
2024-02-14,46.17479060877684,46.28880505054383,45.566728083373725,46.10828399658203,12683400
2024-02-15,46.29830291912478,49.83267076220979,46.19379149644497,49.44313049316406,46473600
2024-02-16,49.34812384023657,49.70916235129902,48.75906367696328,49.31962203979492,24359700
2024-02-20,48.93007270177755,49.63314718579343,48.71155048191349,49.18659973144531,19839100
2024-02-21,49.06309122138256,50.05119463718291,48.57854252913081,50.03219223022461,18562500
2024-02-22,50.19370614959969,51.21981065833226,50.11769652892562,50.70675659179688,20467900
2024-02-23,50.85877560577341,51.32432550265168,50.75426418253512,51.17230987548828,20863500
2024-02-26,51.06780213751304,51.83738334425424,51.001295522350816,51.42884063720703,18099900
2024-02-27,51.57134689684244,52.15090757833097,51.53334571025135,52.07490158081055,19548200
2024-02-28,52.0083937319152,52.65445738059497,51.84687510149163,51.9893913269043,20045200
2024-02-29,52.29342174472367,52.92048660297367,52.19840972114755,52.81597518920898,28335600
2024-03-01,52.635461173052704,52.96799421615421,52.1604118975715,52.31242752075195,17761000
2024-03-04,52.13190656684976,53.737575440335775,51.998893349378605,53.025001525878906,19483500
2024-03-05,52.92999039881525,54.25062682957327,52.66396395933548,53.775577545166016,21786100
2024-03-06,53.98460237102967,54.52615828517897,53.46204886387455,54.2601318359375,25418600
2024-03-07,54.20312096236892,54.8016840571654,54.032102935284215,54.15561676025391,18116300
2024-03-08,54.35514305326639,54.668677348352325,54.04161238251918,54.222129821777344,17872500
2024-03-11,53.94659515537053,54.48815104541008,53.6995711241206,54.24112701416016,16622000
2024-03-12,54.3931438316326,55.21022919222901,54.25062759456542,54.73517990112305,23622800
2024-03-13,54.74467576843092,55.52375626574977,54.74467576843092,54.934696197509766,17444900
2024-03-14,54.98220183026993,55.22922948180577,54.26962792092461,54.50715255737305,24851100
2024-03-15,54.02260911121845,55.39074984453438,54.02260911121845,54.64017105102539,40782800
2024-03-18,54.72567694335592,54.944202806912855,54.2601306672109,54.8871955871582,16376500
2024-03-19,54.77318917239195,55.048715029161976,54.07961396150742,54.16512298583984,14504800
2024-03-20,53.79457981019976,54.640166954330034,53.47154615267756,54.44064712524414,22841600
2024-03-21,54.71617558742238,55.21972665865509,54.58316237044305,54.96319961547852,18141700
2024-03-22,54.925196306700485,55.12471612446366,54.269626013566906,54.27912902832031,13736600
2024-03-25,54.23162263905918,54.46914725757432,53.55704996797927,53.89908599853516,15028200
2024-03-26,54.28862984553345,54.29813286053662,53.76607637484659,53.8515853881836,11445900
2024-03-27,53.566559079923,54.76368169880109,53.566559079923,54.73517990112305,13762800
2024-03-28,54.78268962733324,55.18173295674089,54.68768120927081,55.067718505859375,14619000
2024-04-01,54.99170695324088,54.99170695324088,54.4026432227458,54.73517990112305,11039500
2024-04-02,54.49765456562432,55.10571707064766,54.33613592403713,54.48815155029297,14632900
2024-04-03,54.34563563424137,55.06770890895781,54.01309898029788,54.27912902832031,13226500
2024-04-04,54.84918812755637,55.105715167567375,53.71857217284566,53.8515853881836,12361900
2024-04-05,53.80407592350446,54.74467135387174,53.74706871207635,54.53565216064453,11081000
2024-04-08,54.51665633002333,55.08671401568576,54.450149720840656,54.90619659423828,15308800
2024-04-09,54.82068729482821,55.096216745350326,54.03210375526595,54.7066764831543,10643800
2024-04-10,53.95609731696714,54.440645980895965,53.60455824529463,54.098609924316406,16475200
2024-04-11,54.13661726020142,54.155619666935,52.85398561256204,53.861087799072266,18995600
2024-04-12,53.17702357280629,54.15562404041485,52.578460397544745,53.65207290649414,27876700
2024-04-15,54.73517580955268,55.0867112438783,53.90859111963203,54.12711334228516,19407500
2024-04-16,54.06061216782429,54.117615764646295,52.88248830087578,53.595062255859375,25620000
2024-04-17,54.0416046233395,54.75417851058271,53.8230823995055,54.32663345336914,18867700
2024-04-18,54.75418211187984,56.179329980101215,54.36464183953954,55.80879211425781,24468500
2024-04-19,56.05581967321918,57.81350070476262,55.92280644371929,57.33845138549805,34334300
2024-04-22,57.38595170083727,58.42155922617009,57.328944485230046,58.05101776123047,21753400
2024-04-23,58.11752812735087,58.67808643190508,57.7754956845934,57.89900588989258,21731200
2024-04-24,57.57596969604492,57.90850635746345,57.05341622734527,57.57596969604492,19731600
2024-04-25,57.58547852142168,57.91801159205472,56.62587687587151,56.93941116333008,24002500
2024-04-26,56.796892510125566,57.41445804292293,56.41685524899823,56.920406341552734,18785900
2024-04-29,56.8728946638025,57.29093668341301,56.397845431561365,56.81588745117188,15338400
2024-04-30,56.62587830035682,56.99641981967613,56.34084942916706,56.3598518371582,18007700
2024-05-01,56.6068767585493,57.14843267472431,56.36935210674137,56.54986953735352,16365400
2024-05-02,57.1199243260214,57.1484297473284,56.3598462040383,56.84439849853516,15329500
2024-05-03,57.03441877996693,57.25294102680781,56.16982918405795,56.94890975952149,17298500
2024-05-06,57.452461950130974,57.84200222063686,56.85389883348198,57.186431884765625,16240100
2024-05-07,57.27193972291092,57.5854739856738,57.06292050540736,57.25293731689453,16268200
2024-05-08,57.14842929354919,58.36455427906568,57.10092146652754,58.17453384399414,18718400
2024-05-09,58.04075508877216,58.64275566963804,57.792307280169936,58.55675506591797,14224300
2024-05-10,58.72875706366091,59.21609503969082,58.72875706366091,59.1396484375,14428200
2024-05-13,59.20654047056806,59.40720734399169,58.48986994104808,58.53764724731445,15203500
2024-05-14,58.82431531639943,59.23520669023853,58.30831168713527,59.1396484375,14499600
2024-05-15,59.43587464625356,59.77031942405228,59.12053787417932,59.56965255737305,17489600
2024-05-16,59.67476735372081,59.70343300870186,58.26053793358318,58.34653854370117,21104100
2024-05-17,58.68098331721855,58.89120784081284,58.184091308379664,58.36565017700195,15795800
2024-05-20,58.27009261039703,59.044098110405685,57.89742451063634,58.00253677368164,15029000
2024-05-21,58.11720527563447,58.9580997671677,58.078981970297725,58.728763580322266,18422100
2024-05-22,58.5758655227837,58.719201074455015,57.82097175497385,58.22230911254883,10340500
2024-05-23,58.05031608358942,58.07898173989075,56.72208721239456,57.02786636352539,13056100
2024-05-24,57.37186581643673,57.70631060636077,57.2094186004916,57.53430938720703,9913000
2024-05-28,57.3049725315345,57.505639390337215,56.55963275642159,56.83674621582031,11276300
2024-05-29,56.25386075874657,56.32074972014017,55.8238576889484,56.13919448852539,12835000
2024-05-30,56.20607492537796,56.7507441827896,55.9958504242105,56.57874298095703,13580800
2024-05-31,56.63608603395894,57.32409093973512,56.34941853827719,57.25719833374024,25386600
2024-06-03,57.52475520209535,57.52475520209535,55.99585588613836,56.702972412109375,13206500
2024-06-04,56.20608549436276,56.836755471281776,55.7474167516194,56.0914192199707,12520700
2024-06-05,56.24430116810918,56.30163247493735,55.54674232202754,56.07229995727539,11199100
2024-06-06,56.167858296738885,56.37808282287336,54.94474173415624,55.16452026367188,18587400
2024-06-07,55.01162388436308,56.07229674195844,55.01162388436308,55.76651763916016,14466700
2024-06-10,55.32696712684834,55.546745654951,54.82051746670538,55.35563278198242,12787500
2024-06-11,55.18362931012206,55.18362931012206,53.99873246218369,54.59118270874024,19197800
2024-06-12,55.690076832453705,55.85252404811988,54.61984986135971,54.75362777709961,16929800
2024-06-13,54.89696154036449,55.05940510552704,54.17073338563567,54.72496032714844,15963700
2024-06-14,54.45740620022812,55.049852816879365,54.1038461147328,54.84918594360352,15375400
2024-06-17,54.66762923931008,55.66141328700153,54.53385131850064,55.65185928344727,18361100
2024-06-18,55.6231901856781,56.42586135864258,55.32696868713911,56.42586135864258,15547400
2024-06-20,56.12963432926973,56.56919135455858,55.98629877333117,56.3398551940918,11985500
2024-06-21,55.70918307280149,55.86207262524999,54.77273410840768,55.51807022094727,62732600
2024-06-24,55.89074214905462,56.81763346976874,55.680517646644965,56.38763046264648,16198300
2024-06-25,56.15829953129031,56.37807804216934,54.6389579602791,54.6580696105957,26726900
2024-06-26,54.67718725135533,55.23141059055923,54.30451914228848,54.47651672363281,30425700
2024-06-27,53.90317530941224,54.91607089543031,53.826732354053554,54.868289947509766,13832200
2024-06-28,55.50852326830663,56.80808645175152,55.50852326830663,56.75075149536133,31074500
2024-07-01,56.960977497667415,57.91653825784925,56.92275419241813,57.89742660522461,14470200
2024-07-02,57.80187128663834,58.46120689090874,57.46742283752366,58.26054000854492,9543700
2024-07-03,58.28920046372532,58.42297837336494,57.486529360712936,57.96430969238281,6698800
2024-07-05,57.81142208167176,57.96431164715514,56.48319329806462,56.97052764892578,11436300
2024-07-08,57.30497142623213,57.725416785876966,56.0531857044261,56.38763046264648,12480000
2024-07-09,56.45453477258383,57.734982766964514,56.30164154261872,57.2189826965332,12233800
2024-07-10,56.894080795686286,57.32408380830164,56.74119124066466,57.06608200073242,12097200
2024-07-11,56.76030955828416,58.01209179795266,56.64563964466685,57.48653411865234,16852800
2024-07-12,53.7025101979716,54.39051139928191,53.12917161084256,54.02740097045898,53042800
2024-07-15,54.51473867850613,55.651858275133634,54.50518467512496,55.16452026367188,27277300
2024-07-16,55.46073894148572,57.92608343145229,54.97340098678367,57.56297302246094,25577300
2024-07-17,57.48653831421392,58.28920954224196,57.22853645750756,58.20320892333984,17371100
2024-07-18,57.92609311904501,58.1172060029454,56.36853168141828,56.607421875,17739000
2024-07-19,56.66475120389847,57.11386591855814,56.48319597539826,56.59786224365234,12362800
2024-07-22,56.62652233609014,56.75074624084628,55.93852114898409,56.51185607910156,13638600
2024-07-23,56.56919566998037,57.2476429101396,56.416306099730754,57.01830673217773,10927800
2024-07-24,57.11385970910255,57.5343050771064,56.73163399624483,56.79852294921875,10777100
2024-07-25,56.91319246239532,58.03119665034847,56.808080209816914,57.04697036743164,14119600
2024-07-26,57.1903103983301,57.763649045148405,56.922754550253245,57.70631408691406,12538900
2024-07-29,58.04076419892362,58.12676481614245,56.71253163406055,56.94186782836914,8986200
2024-07-30,57.7731960761209,58.03119788927391,57.22852679674497,57.34319305419922,11503900
2024-07-31,57.161641113344025,57.44830859596883,56.56919449656279,56.702972412109375,11535800
2024-08-01,56.62652284281267,56.70296944493887,54.0082886879591,54.35229110717773,17752700
2024-08-02,52.72784023103722,53.10050832443801,50.45360472224352,50.89316177368164,27642600
2024-08-05,49.02026209863508,50.07138103253205,47.921369505002666,49.8038215637207,28594000
2024-08-06,49.95671455408903,50.60649615193812,49.73693602028344,50.03316116333008,18723500
2024-08-07,50.78805324136245,51.11294402886877,49.832492530482064,49.966270446777344,18407500
2024-08-08,50.616049078505554,50.95049384979605,50.31026996041864,50.41537857055664,16176000
2024-08-09,50.35761065314943,50.86792928915055,50.13615314708254,50.8005256652832,11669000
2024-08-12,50.9449559477906,51.48415922458683,49.76063780990088,50.12652587890625,18090100
2024-08-13,50.41538720513072,50.99310216010959,49.88581455089641,50.90644454956055,12268600
2024-08-14,51.06049957011981,51.78264506435166,50.76201511657134,51.6671028137207,13217200
2024-08-15,52.47590449289832,53.121019353888975,52.40850454243726,52.543304443359375,16549400
2024-08-16,52.74550156076304,53.37136240891445,52.58181702470532,53.27507781982422,19173900
2024-08-19,53.294336175351866,54.36311209791274,53.20767856884634,54.35348510742188,12792900
2024-08-20,53.94907886846096,54.61345504090184,53.84316361354883,54.06462478637695,12533500
2024-08-21,54.34384857260516,54.353479235077465,53.14990353754706,53.40024566650391,13691700
2024-08-22,53.6313373892784,54.276452243079504,53.59282208286651,53.88167953491211,15683000
2024-08-23,54.324589060214535,55.2681956070214,54.2283044769182,54.59419250488281,17074400
2024-08-26,54.90231418373381,55.02748709549432,54.44014151687409,54.61345672607422,9478800
2024-08-27,54.60382789348427,54.80602775332299,54.07425525784964,54.17053985595703,7638500
2024-08-28,53.97796711206652,55.22968517030399,53.94907879611539,54.95045471191406,11905200
2024-08-29,55.18153918144632,55.624454150823496,54.41124780667723,55.22005081176758,9283300
2024-08-30,55.31633988773762,56.40437334861256,55.24893994240233,56.298458099365234,20377300
2024-09-03,56.44289030300218,56.76063608071284,55.74963313230765,56.20217514038086,15933600
2024-09-04,56.31771736066269,56.80877464399823,55.57631426776655,55.961456298828125,10985800
2024-09-05,56.44288979687832,56.50066275767727,54.44014157179894,54.74825668334961,18301000
2024-09-06,54.57493520662926,54.6712197905484,51.69598060198122,51.99446868896485,21853800
2024-09-09,52.69735328439519,53.034356654000085,52.40849587689186,52.56255340576172,17134800
2024-09-10,53.92019851415599,54.01648311372246,51.39750454068986,51.94633483886719,24650000
2024-09-11,51.72487389489968,51.85967379457164,50.482782808456406,51.734500885009766,17322000
2024-09-12,51.73449505830888,52.32184056046156,48.3548562649512,49.65471649169922,42594200
2024-09-13,49.9339485031154,51.07012424123421,49.82803325537223,50.81977844238281,24762000
2024-09-16,50.84867149288759,51.92707437641026,50.84867149288759,51.792274475097656,18066200
2024-09-17,51.96558890924288,53.024734123511344,51.96558890924288,52.48553085327149,15885200
2024-09-18,52.4373848570044,53.14027262022872,52.09075447009454,52.24481201171875,20109000
2024-09-19,52.96696219859505,53.929822838746375,52.62033545347892,53.72762298583984,21399000
2024-09-20,53.2943371684218,54.19942855834961,52.841795146479896,54.19942855834961,45276000
2024-09-23,54.17053904919342,54.42088487737941,52.86105163853398,53.06325149536133,14759300
2024-09-24,53.07287821363494,53.14027816556506,51.792275453940725,52.14853286743164,16365600
2024-09-25,52.26406849818159,52.3122144631956,51.42638086384227,51.618953704833984,10555700
2024-09-26,52.0329904568958,54.988972361358776,51.33972961287101,54.295711517333984,34463400
2024-09-27,54.51716690353083,54.51716690353083,53.72762149436619,53.82390975952149,13530400
2024-09-30,53.5928259683243,54.42088675110504,53.419510749927305,54.39200210571289,16284200
2024-10-01,53.920193143930405,53.94907778631915,53.14990540505002,53.33284759521485,11069400
2024-10-02,53.275081249132825,53.73725391795486,52.880304858594926,53.246192932128906,9007200
2024-10-03,53.03436428432251,53.15953351933591,52.38924576416144,52.93807601928711,8135300
2024-10-04,53.91056734525311,55.00822785653732,53.900936682229634,54.844539642333984,14582800
2024-10-07,55.1045093202509,55.48965501284594,54.690478986268765,55.037109375,11177800
2024-10-08,56.11551611989147,56.11551611989147,55.14302850355347,55.171913146972656,12073000
2024-10-09,55.19117697050984,55.58594972446795,54.95046178704704,55.40300750732422,12415300
2024-10-10,55.57631707748245,56.22143194046137,55.22005599763676,55.605201721191406,12744000
2024-10-11,57.73311987287292,59.42775656164864,57.69460456789582,58.72486877441406,37049200
2024-10-14,58.99447215520578,60.99722038667461,58.67672637933063,59.85141754150391,30758800
2024-10-15,60.57355992981126,61.449762924995404,59.91881443088007,60.68910217285156,24693400
2024-10-16,60.89130514518727,61.70010818528347,60.77575923015806,61.51716232299805,17412600
2024-10-17,62.09487551549564,62.31633667676141,61.14164561709752,61.98896026611328,15073500
2024-10-18,62.01785727407064,62.37411100897511,61.45939634049038,61.96971130371094,19234000
2024-10-21,62.085256336423065,62.28745618616139,61.54604939107726,61.642333984375,15603400
2024-10-22,61.642327735620704,62.78813411402977,61.62307375733039,62.40298843383789,26164900
2024-10-23,62.36448089077632,62.634088042685896,61.4882815217124,62.16228103637695,18380900
2024-10-24,62.21042408262712,63.13476937901781,61.94082428943526,62.99996948242188,18393300
2024-10-25,63.40436411878095,63.500648702097806,61.86378874758278,62.13338851928711,14855500
2024-10-28,62.58593330832451,63.308078692651335,62.40298746022805,63.17327880859375,16158900
2024-10-29,63.05774015884744,63.54880113359011,62.81702500303839,62.87480163574219,13205500
2024-10-30,62.711109560938574,63.93394666260878,62.711109560938574,62.980716705322266,16021700
2024-10-31,62.68222251698792,63.30808336547504,62.2296768673735,62.508907318115234,12963200
2024-11-01,62.79776231846432,63.14439268246656,62.22004749380808,62.27781677246094,13313900
2024-11-04,62.16227791596915,62.248939189815104,60.708360027719486,61.33422088623047,12607400
2024-11-05,61.62307551886016,62.10450579635125,61.257187479520894,61.69047546386719,13447200
2024-11-06,70.57768713349581,71.51165577413194,67.35209814542608,69.77851104736328,63689100
2024-11-07,68.97933475895623,69.00821940241113,67.14989809769537,67.2269287109375,18681200
2024-11-08,67.79828809652763,67.91449239987023,67.16882102939388,67.82733917236328,14270900
2024-11-11,68.77638047486869,70.93593505929815,68.77638047486869,70.26773071289062,17117800
2024-11-12,70.48077899808031,71.05214393245352,69.83194698837181,70.30646514892578,17848200
2024-11-13,70.45173492984826,71.62350860358883,70.36458169078671,70.47109985351562,18823000
2024-11-14,70.54856095267355,71.1489769097666,70.2193055941318,70.5001449584961,13654800
2024-11-15,70.6938367132969,72.05929655787651,70.58731116279613,71.99150085449219,18837000
2024-11-18,72.14644072097113,72.34011948567891,71.39108319489097,71.7493896484375,18439600
2024-11-19,71.29426005000444,71.81720169986242,70.81973440816465,71.11026000976562,15412900
2024-11-20,71.34266165271035,71.44918719256316,70.1418370260812,71.25550842285156,14415400
2024-11-21,71.60413559758621,73.63779221823414,71.60413559758621,72.46601867675781,20068200
2024-11-22,72.21423809030377,73.67653732899053,72.19487316675121,73.5603256225586,14997400
2024-11-25,73.79272878155321,74.86766286642815,73.56999895185605,74.47061920166016,28636600
2024-11-26,75.05167299753542,75.6617678085402,73.94768768902853,74.90641021728516,19139100
2024-11-27,74.92577717182543,75.33250701675053,74.0154707098176,74.77082824707031,19793900
2024-11-29,75.23567245991637,75.57461401909967,73.73463605562647,73.76368713378906,9785000
2024-12-02,74.519027139614,74.519027139614,72.43695488651323,72.90178680419922,18274500
2024-12-03,73.41506181463281,73.45379904957088,71.68160934010767,71.79782104492188,15047900
2024-12-04,71.71066007430693,71.90433883973886,70.4129887031249,70.7519302368164,14301100
2024-12-05,71.08119660579968,72.25297018929088,70.79067105455948,71.3329849243164,17766700
2024-12-06,71.65254876428988,72.35949027856167,71.40076785312118,71.9818115234375,14798100
2024-12-09,71.96244952152708,72.1948729336405,70.13215763427397,70.32584381103516,15517500
2024-12-10,71.17803135792204,71.17803135792204,69.62857909175037,69.77384185791016,12277100
2024-12-11,70.2967732399765,70.61634983533058,69.19278808181777,69.33805084228516,11867400
2024-12-12,69.60920727331276,69.78352111625945,68.55364544929263,68.5633316040039,12446700
2024-12-13,68.61175011817315,68.80543627764871,67.80796918018554,68.21470642089844,16794500
2024-12-16,68.24374815483955,70.00625132872881,67.61428115237113,69.70604705810547,24602500
2024-12-17,68.80542904320238,69.27994715437481,68.15658971264494,68.57300567626953,15595900
2024-12-18,68.37933058356568,69.24121363069627,66.44251341907068,66.58777618408203,21201200
2024-12-19,67.20756210255112,68.45681015350863,66.50062053385548,66.67493438720703,16444600
2024-12-20,66.98482257282568,68.79574935476003,66.59745764656942,68.11785888671875,50113400
2024-12-23,67.51745153672675,68.45680909930151,67.42061215043867,68.3115463256836,11817000
2024-12-24,68.43743498881555,69.328369140625,68.31154452878967,69.328369140625,4442700
2024-12-26,69.17342723106042,69.57047091876663,68.8635367717392,69.49300384521484,6964300
2024-12-27,68.9313289603211,69.47363544757741,68.39870124007169,68.86354064941406,7219500
2024-12-30,68.18565368652344,68.56333245285525,67.56586537963982,68.18565368652344,8443800
2024-12-31,68.30187368840011,68.67955254153146,67.84672035555641,68.02103424072266,7031500
2025-01-02,68.25344222833805,68.96037637764836,67.55618684552088,67.97260284423828,8303300
2025-01-03,68.12754901477518,69.16374600462655,67.5368191301675,69.05722045898438,9152800
2025-01-06,69.65763906090966,70.9359382672557,69.27027409781677,69.75447845458984,15565600
2025-01-07,70.66477775671055,70.81971929302154,69.2509020666552,69.328369140625,13522000
2025-01-08,69.25090358346188,69.8028962100832,68.81511526452617,69.30900573730469,16544700
2025-01-10,68.66017682288648,68.68922790111873,67.14945425946313,67.74987030029297,14466600
2025-01-13,67.69176223984786,68.37933145540559,67.36249947573259,68.3018569946289,10439800
2025-01-14,69.20248424684706,69.20248424684706,68.06944785036507,68.9410171508789,21909800
2025-01-15,72.97927114658808,74.39314678613876,71.32329336214781,73.55062866210938,33482900
2025-01-16,73.45378928182777,74.02515418572018,72.33043917149304,73.55062866210938,22897900
2025-01-17,73.57969516113235,74.809570940599,73.11485574129742,74.64494323730469,20673700
2025-01-21,75.2356605899372,75.81670422663294,74.88703293024562,75.3906021118164,21057700
2025-01-22,75.11945177048727,75.35186775635015,74.43188257888016,75.09040069580078,11669500
2025-01-23,75.25503997543909,75.8264049563529,74.5965217570347,74.98388671875,12981800
2025-01-24,74.56747460428929,75.19694177667533,74.56747460428929,74.87736511230469,10393200
2025-01-27,74.9548264186086,75.5746073257585,74.4609359684709,75.47776794433594,10637100
2025-01-28,75.40998370878111,75.68113694674838,74.73209322549133,75.41966247558594,11562000
2025-01-29,75.29377190944064,76.48491778988829,75.15819529064127,75.8941879272461,9175400
2025-01-30,76.64954794878899,76.73670118294412,75.61335096417109,76.32997131347656,11276000
2025-01-31,76.204074744187,76.78511842381285,75.83607474933935,76.31060028076172,14980600
2025-02-03,74.7902073064332,76.02976926285515,74.58683497724554,75.67145538330078,12395200
2025-02-04,77.31774097149652,77.32742712647774,75.96197480898375,76.95943450927734,14665200
2025-02-05,77.14343177588215,77.8116286784572,76.67859240209971,77.52111053466797,17931000
2025-02-06,77.95689752754014,78.92530619247852,77.38553996164494,78.84783172607422,16988900
2025-02-07,79.09112978755388,79.12033171769168,76.96957577998059,78.50721740722656,17951400
2025-02-10,78.30283999852271,78.40989145626702,76.15209171766996,76.97930145263672,18357400
2025-02-11,76.65815166974676,77.82598379920215,75.72389042109148,77.50482940673828,16682800
2025-02-12,77.07661983356532,77.5826826260487,76.71654440317897,77.12528228759766,13440500
2025-02-13,77.30045950817934,77.52429640999328,76.5024442373378,76.73600769042969,10093400
2025-02-14,77.10582396529466,78.18605771218489,76.77493560308059,77.8357162475586,17521300
2025-02-18,77.84544466186101,78.77970591453698,77.35884979537258,78.61426544189453,15318300
2025-02-19,78.16659864799419,78.48775304016505,77.82598372819861,78.19579315185547,13917400
2025-02-20,77.96223579805118,78.12767628277936,75.92826524662301,76.52191162109375,14807100
2025-02-21,76.79439636059706,77.31991222072693,75.25675498138693,75.42219543457031,18205400
2025-02-24,75.8796039012421,76.41485379406038,74.36143030909437,75.14971160888672,12989700
2025-02-25,75.782285024389,75.94772549232584,72.92110491486567,73.96241760253906,15683000
2025-02-26,74.30303498922599,75.68496263481126,74.22517802824552,74.40035247802734,13466800
2025-02-27,74.92587132786383,75.83093802657672,74.33222502952268,74.5657958984375,13744400
2025-02-28,74.97453325108022,76.31753232601834,74.53659344360078,76.22021484375,24698800
2025-03-03,76.7457446357704,76.86253007925879,74.27384176829696,74.96480560302734,18013400
2025-03-04,73.44662037233194,73.62179479749841,69.42734256846998,71.33480072021484,28858200
2025-03-05,71.24721071256963,72.62913818176102,70.49785797711577,72.17174530029297,20422000
2025-03-06,71.81166801184156,71.90898549573068,69.70957472056583,70.70223236083984,19460400
2025-03-07,70.3129586898102,70.3129586898102,66.27421978528739,69.14513397216797,21256900
2025-03-10,67.6853405198134,67.6853405198134,63.76338014453756,64.9896011352539,27582900
2025-03-11,65.03827908778054,66.18664340124711,64.0261607585516,65.47621154785156,24310700
2025-03-12,66.9554582194399,67.62695410255091,65.88494354737423,67.08197021484375,18462300
2025-03-13,67.76319527708115,67.8507862098893,66.47858518639684,66.62456512451172,17471500
2025-03-14,67.5977596894595,69.16459579359007,67.39339073129229,68.95049285888672,15762300
2025-03-17,68.58068229886908,69.64145555360042,68.20113889352038,68.94075775146484,11185000
2025-03-18,69.10621185994661,69.56361226770935,68.502831492814,69.20352935791016,11102100
2025-03-19,69.23271050331013,71.85059301493376,68.9310240903921,70.80928039550781,14453200
2025-03-20,69.91393725734416,71.40292358130596,69.85554825733101,70.5757064819336,12388300
2025-03-21,70.03072268221784,70.82873785673623,69.24244148265079,70.5757064819336,32647100
2025-03-24,71.66569520310718,72.53183351812815,71.37373529754667,72.28853607177734,10688900
2025-03-25,72.4734325226521,72.65834092725365,71.85059175697572,72.24959564208984,9499100
2025-03-26,72.39558455366743,73.35904032248749,71.15963684415875,71.50025177001953,10848100
2025-03-27,71.5975633864964,71.5975633864964,70.28375882317576,70.34214782714844,10457600
2025-03-28,70.33242647982527,70.60492587193723,68.07462634769954,68.79479217529297,13555200
2025-03-31,68.0259524572629,70.13777204310898,67.69506414239989,69.86528015136719,14855300
2025-04-01,68.94075486489044,69.70957561977349,68.2303305409726,69.39815521240234,10661000
2025-04-02,68.66826585395614,70.52706182603427,68.33738490543773,70.32269287109375,8854100
2025-04-03,65.96279749405709,66.87759819932559,63.65634262842652,63.909366607666016,25880300
2025-04-04,61.067658188734434,61.86567350472474,58.10916039107924,59.34511184692383,31050800
2025-04-07,59.062883976187656,62.60529774774782,56.85374282119371,60.503204345703125,41305800
2025-04-08,62.95564463011301,63.87043790737036,59.24779050359,60.415618896484375,27374200
2025-04-09,59.01422217972544,65.38861761615252,57.83666354636366,64.55167388916016,42744800
2025-04-10,63.20866858154661,63.2573310368989,59.841436794372974,61.41800308227539,29026000
2025-04-11,59.890095873956014,61.91432854805488,58.05076790899325,60.83408737182617,33867000
2025-04-14,61.466660692745975,62.293874156980905,60.72703816156175,61.40826797485352,28057800
2025-04-15,61.73915100636262,63.66606609742304,61.60290504726096,62.809661865234375,20903300
2025-04-16,62.17709173021274,63.23787240492919,61.67103262125988,62.264678955078125,17351000
2025-04-17,62.65395089916408,63.94829499630172,62.3522644648118,62.97510528564453,18961800
2025-04-21,62.47877764760892,63.41304632155099,61.70023031912172,62.29387664794922,17859100
2025-04-22,62.97510837131922,64.62953541540953,62.97510837131922,64.45436096191406,17536600
2025-04-23,65.63192013211462,67.63668867220241,65.63192013211462,66.11851501464844,20678800
2025-04-24,65.88493505164787,67.97729424335908,65.6903000953784,67.695068359375,18420900
2025-04-25,67.21821821594489,68.30819344911185,67.15009522792501,67.86052703857422,17775900
2025-04-28,67.93837480469762,68.66826712507417,66.82893907171317,67.56856536865234,16694100
2025-04-29,67.10142726793794,69.42735007160819,67.10142726793794,69.19378662109375,24563600
2025-04-30,67.80212314133695,69.49547852837209,67.47124221446563,69.106201171875,23953000
2025-05-01,68.86290563048806,70.52705913567807,68.54175124575448,69.88475036621094,19672500
2025-05-02,71.04285631286885,72.17176005930224,70.91634431018883,71.8214111328125,18347400
2025-05-05,71.38346131390561,72.88217430727684,71.08177489002533,71.87005615234375,16070400
2025-05-06,71.17909090381654,72.20094301338781,70.6146391209134,71.50997924804688,18095100
2025-05-07,71.62675544166682,72.30799263908419,71.02338262163299,71.218017578125,14310300
2025-05-08,71.71435267226046,72.00630513265739,70.68276652261605,71.34453582763672,19957500
2025-05-09,71.56959644644452,71.66744783416438,70.48342887191468,70.8944091796875,11136900
2025-05-12,73.37987081826533,73.6342903903758,72.47962613612934,73.27223205566406,20425500
2025-05-13,73.82022724679776,74.93574966569508,73.36031744038537,74.35841369628906,13635100
2025-05-14,74.6030393456113,74.84767156438089,74.20184638893225,74.64218139648438,14067100
2025-05-15,74.42689733539058,74.87701968266052,73.70278812157217,73.96698760986328,15303900
2025-05-16,73.93763621827354,74.71067489206477,73.75172081663541,74.54432678222656,13864600
2025-05-19,73.97677280759932,74.76938618027417,73.81042471003845,74.42689514160156,12720500
2025-05-20,73.85936394924425,74.24098961934143,73.45816352060811,73.89849853515625,10655600
2025-05-21,73.33095579328706,73.516871201703,71.52067141412272,71.6185302734375,17711300
2025-05-22,71.56959965948526,72.30349629870524,70.92377449907468,71.8142318725586,9717000
2025-05-23,70.35622610675993,71.618529224488,70.35622610675993,71.2662582397461,9260900
2025-05-27,72.02950604047277,72.49919568684554,71.48153229784376,72.4013442993164,11014100
2025-05-28,72.60684447006786,72.7634126841814,71.75552906897137,72.14694213867188,8711100
2025-05-29,72.8123429947644,73.46795560170145,71.75552993351508,72.91019439697266,14016600
2025-05-30,72.60684412510523,73.19396745965818,72.14694179589429,73.17439270019531,17042000
2025-06-02,72.66555450467031,73.14503155089497,71.69680556777338,73.11567687988281,11237500
2025-06-03,73.11567890507388,74.20184655610456,72.77319529114142,74.02571105957031,13193500
2025-06-04,76.03168399158044,77.10807163297277,73.7614974975586,73.7614974975586,29578000
2025-06-05,73.98657134032216,74.13335216965702,72.58727470308492,73.29181671142578,20138400
2025-06-06,74.51497321248195,75.1118764065613,74.2018442799799,74.69110870361328,10988000
2025-06-09,74.90639271399085,75.05316608129122,74.29970208867728,74.81832122802734,13453200
2025-06-10,74.52476391329618,74.71067932596796,73.51687288459475,73.83000183105469,14892900
2025-06-11,73.91806249612844,74.09419796933534,72.96888841637919,73.32115936279297,16442400
2025-06-12,72.73405025493899,72.91996565739584,71.59895322039908,72.4209213256836,14522500
2025-06-13,71.35431680612183,72.20563953185727,70.38557540482432,70.80634307861328,21168300
2025-06-16,71.82401605227463,72.13714497243785,71.36410631768875,71.57938385009766,16231500
2025-06-17,71.21732335047925,71.63809102412779,70.74763371722355,70.9433364868164,14156800
2025-06-18,71.0901170885527,73.52665165108218,71.01183299471204,73.13523864746094,23498300
2025-06-20,73.62450632924026,74.15291278793026,73.45815822157371,73.78107452392578,27677500
2025-06-23,73.51687483539787,75.3760812705312,73.2135332601607,75.35651397705078,17375700
2025-06-24,76.05126617759451,77.0591497351933,76.05126617759451,76.43289184570312,16342300
2025-06-25,76.59923006126547,77.60711348855867,76.31545582528105,77.37226867675781,13954500
2025-06-26,77.73432477785305,78.38014985819581,77.48969259510862,78.24315643310547,18214800
2025-06-27,78.28230947818396,78.42909030157212,77.26463855909763,77.79304504394531,21324200
2025-06-30,78.75199781820271,79.3586808708798,78.19423672413207,78.39972686767578,21685800
2025-07-01,78.33124175314552,79.75989305714678,78.19424830382918,79.74031829833984,20967100
2025-07-02,80.16107398622977,80.63077107447235,79.50546151074238,80.59162902832031,15195100
2025-07-03,80.86562116237108,82.1474915287707,80.72862772469092,81.80500793457031,11237300
2025-07-07,81.18853756726725,81.79522065901992,79.75009900423147,80.57205963134766,18156000
2025-07-08,80.53292733637394,80.65034602039395,79.29019151622263,79.83816528320312,18303400
2025-07-09,80.66012468135266,80.74818868484954,79.7109506050053,80.03386688232422,16135400
2025-07-10,79.85773246052884,80.96346726839182,79.85773246052884,80.59162902832031,14348100
2025-07-11,79.99473132794714,80.90476343250305,79.68160240302373,80.77755737304688,12583100
2025-07-14,80.43506292897396,81.72672062314962,80.35678630022252,81.63865661621094,20194200
2025-07-15,79.01619732249468,79.33911360484021,76.05125637597034,77.16677856445312,53938000
2025-07-16,77.19613323995205,78.36058485274694,76.53073338486666,78.1942367553711,30567500
2025-07-17,77.75390293930069,78.91835468096592,77.40163194964704,77.99853515625,21837600
2025-07-18,78.13552305992913,79.03576776272666,77.18634893097818,78.90856170654297,21236000
2025-07-21,79.01620707039989,79.71096167942137,78.44865852818529,78.5562973022461,14506600
2025-07-22,78.5562969097994,80.81669622261803,78.5562969097994,80.6112060546875,22437000
2025-07-23,81.21788020227649,82.1279121706361,80.83625461544001,81.90284729003906,19379200
2025-07-24,82.03985173183952,83.0086006275999,81.33531726071698,82.0692138671875,19031200
2025-07-25,82.31384160767377,82.64653780109437,81.44295161244699,82.5095443725586,14072400
2025-07-28,82.50954554437614,82.68568102150677,80.93411362825826,81.28638458251953,10627100
2025-07-29,81.83435837207227,81.90285508736956,80.43506193192866,80.87540435791016,12478200
2025-07-30,81.20810497920677,81.30595636844907,79.56417625695559,80.02408599853516,15579100
2025-07-31,79.60331511257407,80.17086359922835,78.60521903740803,78.89877319335938,14813900
2025-08-01,77.48969930642843,77.64626003484194,75.73813183040674,76.10997009277344,16071300
2025-08-04,76.8340805181106,76.8438678967828,75.25865596868317,75.91426849365234,13892100
2025-08-05,76.65794820786707,76.667735586945,74.52476243501121,76.2861099243164,15765100
2025-08-06,76.23718805183748,77.1276454438482,75.89469697394283,75.9436264038086,14157000
2025-08-07,76.59923135478998,76.61880611102676,75.13143819147975,75.39564514160156,13105600
2025-08-08,75.8976362263534,76.95081281768098,75.1495832473585,76.6259994506836,14123000
2025-08-11,76.78347358056479,76.86221005667775,76.01573849502505,76.37007141113281,14408100
2025-08-12,76.99017796482157,78.30910605119831,76.92127884850996,78.2303695678711,14365200
2025-08-13,78.42722459752613,78.46659659519374,75.88778706877137,76.66536712646484,14415100
2025-08-14,77.04923028666434,78.32879385424509,76.48819249368145,78.16146850585938,16051500
2025-08-15,78.28942615043152,78.39769726636685,75.7992055028004,75.88778686523438,15380400
2025-08-18,75.77951330077272,76.37992310267205,75.70077681763348,76.22244262695312,11660900
2025-08-19,75.94684968579973,76.54725200611334,75.81888881456109,76.31102752685547,10118500
2025-08-20,76.2519756088757,77.24609794065871,75.38580664279108,76.9311294555664,12101900
2025-08-21,76.65550971095858,76.84252479192898,75.86809241472852,76.6063003540039,9102700
2025-08-22,77.10828559678866,78.06303584763893,76.9015882501263,77.85633850097656,11282600
2025-08-25,77.63979835198667,79.23433043811504,77.62996098481642,78.92920684814453,12017000
2025-08-26,78.56501587616609,80.34655543355048,78.52564388198564,80.22844696044922,14936600
2025-08-27,79.98238657049087,81.90172456735816,79.96269681647942,81.20288848876953,15567700
2025-08-28,81.57690656181111,81.82297590684372,80.63200117801875,80.6910629272461,13963200
2025-08-29,80.68121921326875,81.50800861995938,80.51389385850143,80.8879165649414,12041200
2025-09-02,80.42530254502498,80.5335736558656,79.17527359637467,80.49420166015625,13326000
2025-09-03,80.4449907048974,80.72058715996606,78.7618698367678,79.24417114257812,11174000
2025-09-04,79.48039752379863,80.83869758922785,78.95873171988973,80.54341888427734,10822300
2025-09-05,80.35640778636115,80.73043050171682,77.46262977508286,77.71854400634766,20661400
2025-09-08,77.74807069242397,78.53549562601484,77.32483110477101,77.89571380615234,17107000
2025-09-09,78.06303532119765,80.17923315528935,77.7579117414357,79.49024200439453,17157300
2025-09-10,79.39181603886679,79.96269120463924,78.65360801350414,79.0374755859375,16460200
2025-09-11,78.93904749577291,80.1103400495978,78.52565277422563,79.97254180908203,17785800
2025-09-12,79.82488929970887,80.35639995463775,79.51976573295785,80.17922973632812,10498300
2025-09-15,80.32687260161887,80.53356993746907,79.85441618436131,80.13002014160156,9563200
2025-09-16,80.27766165802169,80.32687853137922,78.82093532370143,80.11033630371094,10705900
2025-09-17,79.94300549008466,81.41942147669955,79.27369660910831,81.18319702148438,14746100
2025-09-18,81.27178600859621,82.20684655082361,80.6516939393819,82.18716430664062,13021100
2025-09-19,82.5119723656384,83.59467595285581,81.62612124539135,83.30923461914062,36482400
2025-09-22,82.56117890306032,83.93916865302941,82.42338067900741,83.82106018066406,14545000
2025-09-23,83.81121502500518,85.29747587597377,82.35448129202936,83.0434799194336,14818500
2025-09-24,83.3190854783819,84.02776642546921,82.34465293085724,82.7875747680664,9478700
2025-09-25,82.37417069179337,83.32892088649422,82.24620983511802,82.9942626953125,8514900
2025-09-26,83.35845529987985,84.29351582487934,83.2304944320054,83.67342376708984,8502600
2025-09-29,83.36829353226236,83.85059486943342,82.7186743472803,83.31908416748047,9833700
2025-09-30,83.32892549425831,83.78169218194279,81.36037076026996,82.50212860107422,11429000
2025-10-01,81.79344499277465,82.2855836600109,79.50007700118816,79.5985107421875,16961900
2025-10-02,79.43118169618863,79.77568478732202,78.78156252920206,79.23432922363281,11420000
2025-10-03,79.74615269715424,80.40562427103958,79.17527750478885,79.40165710449219,10124900
2025-10-06,79.2933876992841,80.1792388919875,78.31895514203079,79.42134857177734,12837700
2025-10-07,79.59850625133946,80.08080001537732,79.27369294702346,79.8642578125,10371300
2025-10-08,79.9823836506286,80.05128276827165,78.28942532061042,78.4764404296875,11277400
2025-10-09,78.65360851496217,79.48039790410819,78.17130719518659,78.63391876220703,8432200
2025-10-10,78.35832229718181,79.17527431937006,76.39961242675781,76.39961242675781,16004300
2025-10-13,77.50199847313816,77.98429979411019,77.04923178137211,77.67916870117188,14229300
2025-10-14,81.22256491108035,84.70690768669124,79.12605682559801,83.2304916381836,36260600
2025-10-15,83.83090532269404,86.09474637258288,83.8210679553778,85.10062408447266,22909400
2025-10-16,85.62228561036214,86.05537005262575,81.69502103896369,82.6792984008789,22715600
2025-10-17,83.12222193675886,83.2009659296136,81.0158689392578,81.97061920166016,18799000
2025-10-20,82.30527425513064,84.78564985925685,81.78360095458646,84.66753387451172,15777200
2025-10-21,84.7659707440133,85.93725572083032,83.32892666907442,83.42735290527344,20101100
2025-10-22,83.81122427976099,83.82106915665901,81.83282455194406,82.56118774414062,18955000
2025-10-23,82.98442171363459,84.13603193055286,82.43322879575254,83.13206481933594,14157800
2025-10-24,83.46672726099413,85.51401856390191,83.4273552635135,85.0514144897461,14011400
2025-10-27,85.53371191196486,85.96678888357069,84.95298431152106,85.64198303222656,11682000
2025-10-28,85.6911794990373,85.92741145828627,84.43130575413562,85.53369903564453,13201000
2025-10-29,85.45496484570931,85.8683595576264,84.32304431689188,84.64785766601562,16444400
2025-10-30,84.72659698502025,85.88804457066331,84.52973700727718,84.63800811767578,14830000
2025-10-31,84.13602898706206,85.9766227774996,83.67341744312105,85.60260009765625,14776700
2025-11-03,85.76993357845913,86.50814164174133,84.50021480848086,85.92742156982422,12769300
2025-11-04,85.63213270260869,87.10854878368814,84.52973932533743,85.76008605957031,16737700
2025-11-05,86.00614817172261,86.91168899912022,84.55926684190403,85.5829086303711,15609400
2025-11-06,85.53370447601294,85.96678140996883,84.17539690697582,84.68722534179688,16800200
2025-11-07,84.21228586558895,85.18194489229253,83.15357220643676,85.13247680664062,15612100
2025-11-10,85.37984712350305,86.08235741029104,84.54870319548118,85.19184875488281,13138200
2025-11-11,85.20174104942295,86.14171774676538,85.14237632506261,85.28089904785156,13851500
2025-11-12,85.39962677773683,87.70505248034364,85.03353425298675,85.35015869140625,16775200
2025-11-13,85.25121716564946,85.973513145841,83.57904029681117,83.80661010742188,15708000
2025-11-14,83.5592461475668,84.44975475327098,82.08496429135344,84.15292358398438,15397300
2025-11-17,83.79672410078747,84.15292755989844,81.66939998357547,82.54011535644531,14457100
2025-11-18,82.54011006360318,83.86598008725605,82.05528054437256,82.97547149658203,14233900
2025-11-19,83.09420663545308,83.92534293556785,82.72810657054241,83.27230834960938,10959600
2025-11-20,84.1628155178289,85.13248215436553,81.45171815894612,81.53087615966797,12135800
2025-11-21,81.89696546340942,82.74789506520943,80.19511380873153,82.23338317871094,16169500
2025-11-24,82.21358905968866,84.1924936855924,81.54076873384656,83.76703643798828,27574500
2025-11-25,83.6384050465906,84.63775402314182,82.72811070603024,84.202392578125,12966400
2025-11-26,84.51901664468836,85.4787866174742,84.23207456166521,84.65753936767578,9304300
2025-11-28,84.73669681287184,85.60741214438143,84.41017573270993,84.9444808959961,6545000
2025-12-01,84.92470189747834,85.64699792713144,84.2716596854298,84.49923706054688,9794000
2025-12-02,84.78617077320072,85.87456680330779,84.38049170303132,85.4095230102539,9484000
2025-12-03,85.35015824603653,88.44714125407054,85.35015824603653,88.40756225585938,14439300
2025-12-04,88.45703756482666,89.67405967241582,88.37787956869609,89.25849151611328,13433000
2025-12-05,89.04081577640345,90.14900513738606,88.6054618712037,88.88250732421875,11210900
2025-12-08,88.88249947954894,90.05994255094308,88.20967163207155,89.11006927490234,13267300
2025-12-09,89.28817457858291,89.29807121540745,87.84357510800486,87.9524154663086,17101700
2025-12-10,88.00188747923745,89.9115306659786,87.25979827530573,89.73342895507812,22729100
2025-12-11,89.58500784393134,92.43462761341492,89.26838342509983,91.6133804321289,15505100
2025-12-12,92.13779673860446,92.43462788586552,91.14834448322438,91.7815933227539,12532800
2025-12-15,92.59295579088943,93.26578371312654,91.51444876823584,91.92012786865234,13885200
2025-12-16,92.098225194846,92.18727228155328,90.46562733157936,91.21761322021484,12981100
2025-12-17,91.78159305222816,92.34558053417558,91.4946509931431,91.6133804321289,14819000
2025-12-18,92.04874508787556,92.89967465894298,90.32710022151862,90.51509857177734,11844100
2025-12-19,90.64372644214843,92.14769062716265,90.63382980538094,92.02896118164062,37783900
2025-12-22,92.21695032394788,93.3944009636242,92.06853851972136,93.28556060791016,9512300
2025-12-23,93.24598678729748,93.68134823432398,93.03820270092272,93.47356414794922,8642100
2025-12-24,93.65166192776633,94.83900167102456,93.4735602113854,94.29480743408205,5506800
2025-12-26,94.3541774906932,94.46301785401918,93.72092858529976,94.25523376464844,5169400
2025-12-29,94.35416934736809,94.60153241559232,93.37461371089816,93.52302551269533,8624200
2025-12-30,93.73082229672276,93.87923410669596,92.99862213921811,93.31524658203124,6417800
2025-12-31,93.50324044627048,93.6813421586012,92.13779901768282,92.21694946289062,7919300
2026-01-02,92.3159008911439,94.34427353903334,91.83106383794514,94.19585418701172,9242600
2026-01-05,94.08701656354128,96.7288599692398,93.97818375441588,95.36341094970705,14384000
2026-01-06,94.3937506143852,95.53162226536762,94.06722954473496,95.37330627441406,12329200
2026-01-07,94.7004840959244,94.87858582197828,92.66221465802508,93.29546356201172,14589500
2026-01-08,93.2657817456566,95.14574274303628,93.19652038228104,94.59164428710938,12406000
2026-01-09,94.79942740894111,95.55141330999658,94.25523314481237,94.93795013427734,10261300
2026-01-12,93.82976320113951,94.5322734266247,92.89967562566127,93.95838928222656,15958100
2026-01-13,94.28491412925244,94.74006129854972,92.07843209549932,92.57315826416016,21998600
2026-01-14,89.79280282669708,89.8422784649034,87.1311735283552,88.30862426757812,33803900
2026-01-15,88.39766426372148,88.96165931789164,87.42800524364226,88.02167510986328,21738600
2026-01-16,88.02167620222444,88.74397970685388,87.1509608908894,87.44779205322266,26981600
2026-01-20,86.3396110407761,87.70505251660178,85.36994445144686,85.74594116210938,19353500
2026-01-21,85.58762858102924,86.63644566012425,85.12258476703883,85.21163940429688,17606700
2026-01-22,85.51836272141776,88.06125483434015,85.51836272141776,87.11138153076172,19668900
2026-01-23,86.57708320593548,86.78486729975901,85.12258700024816,86.04277801513672,15227500
2026-01-26,86.18130020091546,87.3587509407467,86.18130020091546,87.12128448486328,13047400
2026-01-27,87.22022399380214,88.1305183214289,86.5572927475254,87.7743148803711,15105000
2026-01-28,87.68527467870722,88.12062860279568,85.92404306012679,87.10149383544922,16395700
2026-01-29,87.75453090745413,89.6839599609375,87.60611154589641,89.6839599609375,21497000
2026-01-30,89.25849988560836,90.08964382506926,88.80335268856278,89.5355453491211,18306900
2026-02-02,89.20903060236901,91.82118429331167,88.9517708687227,91.29676818847656,13835200
2026-02-03,91.73212429835677,93.79018694954144,90.93067032942096,91.33634185791016,18099000
2026-02-04,91.67276322775312,92.91947532272114,91.55402622621058,92.1575927734375,12382800
2026-02-05,91.87064898294209,92.07843307010826,89.95111656148778,91.03951263427734,12641300
2026-02-06,92.22274797277484,94.11194863982624,92.03382563026248,93.4358139038086,13205700
2026-02-09,93.2170622807285,94.54944118296956,88.49406445850491,94.07217407226562,20544800
2026-02-10,93.77387823715846,94.46990353381884,89.23980266838706,91.38752746582033,20148400
2026-02-11,92.12331475622464,92.55087064188665,87.9969047129332,88.44434356689453,15461700
2026-02-12,88.80229789192731,89.45854963769573,85.34208486194922,85.79946899414062,16858200
2026-02-13,85.19293697552165,86.95287175519661,84.60628699161407,86.48554992675781,12425000
2026-02-17,87.33071598433709,88.33496899109318,86.81366777208405,86.90316009521484,12361900
2026-02-18,87.32077310146762,88.89179316374123,87.15174131383698,88.05656433105469,8250900
2026-02-19,87.34065112054601,87.65883929479293,86.10770228943365,87.07218933105469,10427300
2026-02-20,86.86338379534273,88.20570791120146,85.65031793540311,88.19576263427734,14255000
2026-02-23,87.66878364517419,88.09633955426678,83.30373981296177,84.66595458984375,20607000
2026-02-24,83.92021686875192,84.70572690381086,82.00118794412036,84.08924865722656,18817700
2026-02-25,84.70572516622696,86.42588643440466,84.48697458044161,86.26679992675781,16620700
2026-02-26,86.39606013971662,87.81793139341235,85.09350945896901,85.80941772460938,18768400
2026-02-27,84.18867304292914,84.3378218523216,79.99266134228353,80.98697662353516,29145000
2026-03-02,78.7000631584245,82.59777759341458,78.49125784076692,82.11056518554688,21834300
2026-03-03,80.53954315336479,83.01538624473334,79.39607898645171,82.06084442138672,19018600
2026-03-04,82.21993956615302,83.56226378527838,81.56368778709998,83.45288848876953,18061200
2026-03-05,83.17448080708297,83.32362962725828,80.72846594868979,81.64323425292969,20939200
2026-03-06,79.80375071077027,80.11198603631851,77.49693944280449,79.96283721923828,16798900
2026-03-09,78.97846941315268,79.33642354992882,76.4230792392934,78.38188171386719,24959500
2026-03-10,78.50119546742282,79.34636960117645,77.00972241165653,77.85489654541016,18481700
2026-03-11,77.60631739068198,77.78529446009513,76.06512553817848,76.44296264648438,17497300
2026-03-12,75.05092333840203,75.11057982979376,74.22563980603854,74.82222747802734,24794100
2026-03-13,75.2199561372357,75.77677029380874,73.60916257369009,73.67876434326172,15496900
2026-03-16,74.40462102270885,75.45859288830131,73.94723686243242,75.31938934326172,17836300
2026-03-17,76.06512317973694,76.73131263399868,75.38898844803165,75.79666137695312,18173400
2026-03-18,75.37904465321508,76.45290705752005,75.37904465321508,75.75688934326172,12951200
2026-03-19,75.24978651859608,76.36342244936623,74.25547116163051,75.95574951171875,18744400
2026-03-20,75.96569153942144,77.47704747949989,75.7767692021527,77.15886688232422,40461100
2026-03-23,79.03811966572962,79.34636256173783,77.67591258403733,77.83499908447266,15320800
2026-03-24,77.18869258986763,80.01255193471808,77.13898137739518,79.15744018554688,19134300
2026-03-25,79.05801260029263,80.33073498619608,78.87903554064846,79.80374908447266,17213400
2026-03-26,79.43585021015946,79.84352313214922,78.27250310783688,78.57079315185547,15430500
2026-03-27,78.17307671958719,78.18301441129879,76.42307955327237,76.75120544433594,13674900
2026-03-30,77.43727334482074,77.7753444937874,76.05517567556824,76.36341857910156,14311500
2026-03-31,77.38756019782812,79.28669844120351,77.00971553571497,79.15744018554688,19097600
2026-04-01,80.72846247632657,81.23555782267725,79.72420188876796,80.11198425292969,14979400
2026-04-02,78.95858508503238,80.38044874394973,78.24267682379978,80.14181518554688,10001800
2026-04-06,80.49976459275163,81.40459514372425,80.30090457008825,81.38470458984375,7069200
2026-04-07,80.94721474901799,81.62334189160701,80.44011180605227,81.2852783203125,8820900
2026-04-08,84.0196473572521,85.24265857971123,83.77106851891703,84.17874145507812,15130300
2026-04-09,83.96992352224385,85.6602640732223,83.95998583124346,85.53099822998047,10496100
2026-04-10,85.34208377427808,85.41168554163703,84.50685497994712,84.9145278930664,7946200
2026-04-13,84.10912681554419,86.20713268621522,83.59208620212902,86.14747619628906,14506600
2026-04-14,82.54805345809135,82.68726458022805,79.8634051633146,81.23555755615234,32845600
2026-04-15,80.45999595391622,81.22562301828361,79.69437647557287,79.83358001708984,31494000
2026-04-16,79.63470708962817,81.40459465930381,79.54522235576923,80.78811645507812,20713300
2026-04-17,81.66311286302212,82.13044226781447,80.56936755016002,80.94721221923828,24033900
2026-04-20,81.08641770488711,81.94152949039085,80.7781747959574,81.5040283203125,14240500
2026-04-21,81.68300583232656,82.62760236090378,80.7384017177254,81.08641815185547,17387300
2026-04-22,81.08642008978913,81.41453839097457,79.71426004728521,80.12193298339844,13724200
2026-04-23,80.10204123239446,80.90744181497888,79.28670295836352,80.05233001708984,13906500
2026-04-24,79.65460111844138,79.91312522646272,78.79948933392944,78.96852111816406,15419600
2026-04-27,78.93869599871927,80.43016904202953,78.88897719619925,80.10204315185547,20114400
2026-04-28,80.85772032928767,81.48413624070253,80.47988324421543,81.03669738769531,14826700
2026-04-29,80.77817672610148,81.53385851446866,80.24124552800038,81.04664611816406,19930700
2026-04-30,80.36056214147604,82.16027040468467,79.55516917701671,81.7625503540039,13535900
2026-05-01,81.78243290551069,82.1901058172125,80.35061645507812,80.35061645507812,14632700
2026-05-04,80.12193190906791,80.41028426795921,78.72988891601562,78.72988891601562,12968800
2026-05-05,78.94863965737825,79.65460263974457,78.560857280952,79.43585205078125,11379900
2026-05-06,80.33073662323298,81.01681663018766,79.89323544940405,79.96283721923828,14347500
2026-05-07,80.23130798495731,80.54948859338123,78.24267728580179,78.71000671386719,19094800
2026-05-08,79.0,79.02999877929688,75.55000305175781,75.63999938964844,31062100
2026-05-11,75.66999816894531,75.72000122070312,73.19000244140625,73.58000183105469,25403900
2026-05-12,73.9000015258789,75.25,72.87000274658203,75.18000030517578,21003400
2026-05-13,74.1500015258789,74.76000213623047,73.27999877929688,73.52999877929688,16343900
2026-05-14,73.9800033569336,74.48999786376953,73.22000122070312,73.79000091552734,19388500
2026-05-15,73.94000244140625,74.05999755859375,72.77999877929688,73.41999816894531,16479000
2026-05-18,73.33000183105469,74.7699966430664,73.33000183105469,74.37000274658203,16934200
2026-05-19,74.4800033569336,75.3499984741211,73.8499984741211,74.55000305175781,18649800
2026-05-20,74.88999938964844,76.30000305175781,73.9800033569336,75.80999755859375,14695300
2026-05-21,75.58999633789062,76.05999755859375,74.91000366210938,75.91999816894531,9433400
2026-05-22,76.36000061035156,76.8499984741211,76.12000274658203,76.4000015258789,8728900
2026-05-26,76.91000366210938,77.66999816894531,76.7699966430664,77.5199966430664,21956700
2026-05-27,77.12999725341797,77.70999908447266,75.18000030517578,76.11000061035156,15575700
2026-05-28,75.83999633789062,77.62000274658203,75.3499984741211,76.6500015258789,14146700
2026-05-29,76.62000274658203,77.75,76.33999633789062,77.54000091552734,22322900
2026-06-01,76.75,78.0199966430664,76.5,77.16999816894531,15566900
2026-06-02,76.80999755859375,79.54000091552734,76.72000122070312,79.44000244140625,19447400
2026-06-03,78.87999725341797,79.12999725341797,77.4000015258789,78.68000030517578,15236600
2026-06-04,79.97000122070312,81.88999938964844,79.72000122070312,81.62000274658203,19452100
2026-06-05,82.1500015258789,82.44999694824219,81.44999694824219,81.94000244140625,15109300
2026-06-08,81.80999755859375,82.54000091552734,80.83000183105469,80.95999908447266,11481200
2026-06-09,81.25,82.55999755859375,80.93000030517578,82.0,15565500
2026-06-10,81.8499984741211,83.18000030517578,81.44999694824219,81.97000122070312,12580800
2026-06-11,82.55000305175781,82.91000366210938,80.83000183105469,82.4000015258789,10929900
2026-06-12,82.93000030517578,84.0999984741211,82.625,83.7300033569336,8434105
2026-06-15,84.41999816894531,84.93000030517578,83.02999877929688,83.13999938964844,14526900
2026-06-16,84.0,85.05999755859375,83.94000244140625,85.05000305175781,12395700
2026-06-17,85.12999725341797,87.08000183105469,85.12999725341797,86.2249984741211,3752407
