time,open,high,low,close,volume
2013-01-02,9.41112925498705,9.48922946457302,9.293977823369246,9.395508766174316,236021400
2013-01-03,9.379891782030711,9.411132024022088,9.27836080935221,9.340841293334961,157149700
2013-01-04,9.348654900869349,9.457995414733887,9.31741464764714,9.457995414733887,132601900
2013-01-07,9.489233271341929,9.52828376421364,9.372082537552997,9.442373275756836,201403500
2013-01-08,9.442371791063618,9.450182037375138,9.286170588963632,9.356460571289062,168461100
2013-01-09,9.270556129678544,9.372087163327109,8.848812237121887,8.926913261413574,335692000
2013-01-10,9.067488942915656,9.223690903308066,9.012818703674002,9.200260162353516,199964900
2013-01-11,9.137778178585265,9.153398669995006,8.989387234322853,9.083107948303223,146136700
2013-01-14,9.067485579527395,9.08310606770301,8.88785443446303,8.958145141601562,110032900
2013-01-15,8.887857710017078,9.07529916824941,8.825377223939634,9.020628929138184,126058300
2013-01-16,9.044058946787255,9.208070409338365,8.958148464432346,9.200260162353516,164579300
2013-01-17,9.12996696327585,9.13777720815127,8.723843912491278,8.809754371643066,323622200
2013-01-18,8.794139225325448,8.84880947838952,8.60669771925463,8.700418472290039,179971800
2013-01-22,8.684793744725923,8.872235159509524,8.661363754084466,8.864425659179688,137242700
2013-01-23,8.887854806534508,8.93471478337131,8.770703374790696,8.919095039367676,121638200
2013-01-24,8.94252726255502,9.114348958489247,8.919097268281382,9.00500774383545,127870800
2013-01-25,9.129968543263185,9.153399281944255,8.989387835307141,9.075298309326172,100171600
2013-01-28,9.090918387385216,9.11434838017219,8.9269069482243,8.965956687927246,91304200
2013-01-29,8.919097994885306,9.044058967626246,8.903477500879614,8.97376823425293,96824100
2013-01-30,8.973766953753454,9.012817438369279,8.864426490620394,8.887856483459473,89130200
2013-01-31,8.84099292755127,8.872233156294971,8.76289272810492,8.84099292755127,97024700
2013-02-01,8.911288564394841,9.161210532776257,8.880048318347164,9.145590782165527,161141300
2013-02-04,9.044057656985222,9.12996812708816,8.950336941011276,8.965956687927246,139733000
2013-02-05,9.051869367374193,9.356461557363515,9.028439370796436,9.278361320495605,187785900
2013-02-06,9.161206652796999,9.348648794523271,9.161206652796999,9.317408561706543,173626800
2013-02-07,9.348650868954646,9.3564603702723,9.16120868563564,9.247119903564453,173209900
2013-02-08,9.262740161992415,9.293980403464564,9.153399689252948,9.184639930725098,145321100
2013-02-11,9.161208221274737,9.29397941968388,9.114348236439763,9.262739181518555,103510800
2013-02-12,9.270549626402573,9.637622991349602,9.2002589028142,9.56733226776123,232173900
2013-02-13,9.645436652904245,9.700106904021215,9.411134406247314,9.504855155944824,192742500
2013-02-14,9.442374443492387,9.582955937285737,9.42675394648144,9.473614692687988,144104800
2013-02-15,9.536090186185321,9.536090186185321,9.348648789387916,9.395508766174316,158242700
2013-02-19,9.450180647216163,9.614192071500938,9.418940411391729,9.52047061920166,170783400
2013-02-20,9.512662083136753,9.598572554155957,9.176828955362144,9.215879440307617,193466400
2013-02-21,9.161206657618262,9.161206657618262,8.864424818116106,8.919095039367676,235532400
2013-02-22,9.075300573549567,9.090921069900817,8.794138342663413,8.93471908569336,179268200
2013-02-25,9.059676188723142,9.06748568807857,8.575451477044338,8.614501953125,206893900
2013-02-26,8.684794772535602,8.762895743684684,8.61450404746664,8.692605018615723,173039600
2013-02-27,8.716059939921328,8.88021895180442,8.67697506439848,8.833316802978516,147145400
2013-02-28,8.856763311418296,8.888031643014378,8.755141047357071,8.778592109680176,143546700
2013-03-01,8.700424043100526,9.028741987783265,8.61443629396782,8.864583015441895,189050700
2013-03-04,8.809862232195083,8.950569368326562,8.770776626687928,8.91930103302002,116436000
2013-03-05,9.036557198836928,9.153813261419101,9.013105389923801,9.028739929199219,135869700
2013-03-06,9.200716120810265,9.396143388502963,9.19289885118355,9.317972183227539,182557500
2013-03-07,9.380510911169672,9.599389290358078,9.36487636847963,9.583755493164062,212403800
2013-03-08,9.708826823708065,9.724460617634863,9.39614349021339,9.43522834777832,209777100
2013-03-11,9.443043296515407,9.552482809087705,9.396141180767057,9.497762680053711,106427800
2013-03-12,9.466499993901676,9.521220155534309,9.310158272443012,9.38832950592041,128134700
2013-03-13,9.411777493310916,9.466496891514621,9.364874619496394,9.427412033081055,86216800
2013-03-14,9.474317554972709,9.529036972776172,9.458683755098644,9.466500282287598,115440000
2013-03-15,9.786998324546678,9.89643712181742,9.654107717435723,9.826083183288574,319019100
2013-03-18,9.60720598166905,9.91207283625433,9.58375491454587,9.818267822265625,189783300
2013-03-19,9.998063542365006,10.11531965822655,9.841721806050879,9.935526847839355,242939600
2013-03-20,9.998060228667695,10.076231443664259,9.935523554868826,9.990242958068848,219121700
2013-03-21,9.935522726055213,10.037144998875114,9.810449388890994,9.826083183288574,154529400
2013-03-22,9.865169956511986,9.904255565381275,9.755730400777171,9.818267822265625,101974400
2013-03-25,9.912070590192235,9.943338921103107,9.630654866498567,9.693191528320312,154320200
2013-03-26,9.732279704149889,9.771365314507118,9.497766787502515,9.59938907623291,135654700
2013-03-27,9.489950482366563,9.599389299314865,9.474315939661933,9.560303688049316,107177200
2013-03-28,9.568119476041936,9.599387811107592,9.466497200704573,9.521217346191406,92013900
2013-04-01,9.497762680053711,9.599384924836055,9.458677832095315,9.497762680053711,86281600
2013-04-02,9.568116599171924,9.57593386696188,9.489946157759444,9.497762680053711,102626000
2013-04-03,9.47431548208733,9.489950024036869,9.161632098056458,9.231986045837402,199765800
2013-04-04,9.231985188717454,9.372692325719758,9.16163124746834,9.333606719970703,117831400
2013-04-05,9.122544706455516,9.388325903705493,9.099093643608708,9.357057571411133,141061900
2013-04-08,9.38050925583489,9.544668197631836,9.310155317136784,9.544668197631836,101419200
2013-04-09,9.575937271118164,9.65410848581547,9.544668934338434,9.575937271118164,132365800
2013-04-10,9.622837811847477,9.693190993392575,9.583752213991907,9.630654335021973,105853900
2013-04-11,9.62283823106018,9.63847202358602,9.505581432385256,9.591569900512695,100241900
2013-04-12,9.49776839385721,9.57593962779275,9.435231704907235,9.513402938842773,88191700
2013-04-15,9.529032813359679,9.630655077419599,9.357057362331352,9.364873886108398,176504300
2013-04-16,9.544669669030394,9.661925754606076,9.4430473803,9.59938907623291,147641900
2013-04-17,9.310157942867422,9.396146445747831,8.95057162349363,9.14599895477295,335408600
2013-04-18,9.075644428404242,9.106912769632748,8.778594813985416,8.942753791809082,220290500
2013-04-19,9.036558456840488,9.138179994294251,8.934936173890756,9.114728927612305,119792000
2013-04-22,9.130364197937737,9.185083606395835,9.044375704079552,9.161632537841797,88532300
2013-04-23,9.317972284091786,9.505582284188591,9.302337744669115,9.43522834777832,176816000
2013-04-24,9.489949313042489,9.66974205901603,9.4743147722643,9.62283992767334,120624900
2013-04-25,9.685378593829162,9.802634691822622,9.6619267778336,9.72446346282959,118694600
2013-04-26,9.64629035078263,9.740095352715375,9.60720474693668,9.708827018737793,83093200
2013-04-29,9.73228117542343,9.755732246984572,9.669744487596308,9.67756175994873,65432400
2013-04-30,9.685376599794218,9.693193124687376,9.53685144438518,9.62283992767334,89362100
2013-05-01,9.536848482130802,9.591568612361822,9.443043503086384,9.489946365356445,88417800
2013-05-02,9.513397010119233,9.544665335107885,9.419592035153277,9.529030799865723,76530500
2013-05-03,9.661927902179487,9.701013521224345,9.544671790541088,9.568122863769531,94322600
2013-05-06,9.685372768157967,10.076227187035268,9.661920966268468,10.06840991973877,265062800
2013-05-07,10.099684723151592,10.24820916959671,9.974611348145993,10.084050178527832,218248100
2013-05-08,10.044962967929694,10.302926930158606,10.037145697438891,10.17785358428955,149755400
2013-05-09,10.201302202653249,10.209119471268442,10.060594349562823,10.091862678527832,112952300
2013-05-10,10.115316165859078,10.19348737977521,10.076231304396957,10.17785358428955,87625100
2013-05-13,10.146584510803223,10.240390265779329,10.12313344480717,10.146584510803223,94295600
2013-05-14,10.19348848219374,10.443635200985037,10.177854685017296,10.428001403808594,154128100
2013-05-15,10.388917974835135,10.59216259929299,10.388917974835135,10.506174087524414,139728300
2013-05-16,10.482719640017814,10.592159189999755,10.412365696850562,10.443634033203125,117977000
2013-05-17,10.553075276501636,10.568709819934563,10.467087524108724,10.498355865478516,107335600
2013-05-20,10.467082358911577,10.631241256469416,10.467082358911577,10.560887336730957,88941700
2013-05-21,10.576528053336455,10.599979872271259,10.44363739469064,10.506174087524414,111810300
2013-05-22,10.545252879018644,10.732862836045193,10.295106269649912,10.404545783996582,174531500
2013-05-23,10.107499516083628,10.490536819452865,10.021511032738252,10.326377868652344,190522000
2013-05-24,10.295110268089552,10.365464215672667,10.256024658821598,10.34982967376709,83452600
2013-05-28,10.545259416222969,10.560893961748514,10.404552233973883,10.435820579528809,133553000
2013-05-29,10.404546647160586,10.599973888316532,10.373278318395467,10.537436485290527,126397300
2013-05-30,10.553071251953032,10.889206352610927,10.49835186179785,10.81103515625,153383400
2013-05-31,10.873572669390066,10.936109333193501,10.670328139280983,10.678145408630371,160176100
2013-06-03,10.701595185982407,10.732863514128978,10.326375248223561,10.592156410217285,197168200
2013-06-04,10.560890853647193,10.685964199057443,10.40454917188438,10.443634033203125,130055400
2013-06-05,10.396697955566387,10.52186500532223,10.1463638560547,10.240239143371582,185778900
2013-06-06,10.23241107394329,10.357578063242862,10.052483713338683,10.326286315917969,142361900
2013-06-07,10.427987170773477,10.474925175993661,10.28717390116721,10.46710205078125,121057300
2013-06-10,10.553155704891525,10.600093716849798,10.373228275502653,10.404520034790039,104648500
2013-06-11,10.255883081349785,10.388873237867694,10.22459132370171,10.26370620727539,106369100
2013-06-12,10.35758175861886,10.365404884754742,10.14636257533062,10.216769218444824,117289400
2013-06-13,10.169829325506802,10.373226091069954,10.146360697496972,10.334111213684082,103636400
2013-06-14,10.349759250290536,10.357582376893403,10.193300448505248,10.224592208862305,101380700
2013-06-17,10.30281946098623,10.373226091069954,10.271527708288378,10.334111213684082,115441500
2013-06-18,10.341933328946586,10.435808577877438,10.326287081097698,10.381048202514648,67257600
2013-06-19,10.396695950561446,10.482748094159797,10.302820681348427,10.318466186523438,103850000
2013-06-20,10.232415005410022,10.279353017458792,10.013372689976014,10.083779335021973,185741100
2013-06-21,10.162007112309661,10.169830237699385,9.692630779740732,9.927318572998047,196004700
2013-06-24,9.700450944592005,9.739565816556919,9.489231829668082,9.622221946716309,159762500
2013-06-25,9.864738384765996,9.989906194999426,9.723925810592036,9.911676406860352,132844500
2013-06-26,10.044664934990431,10.052488061719211,9.919497891547655,9.982081413269043,105282000
2013-06-27,10.044662224720879,10.193297862190423,9.997724223067522,10.177652359008789,124616300
2013-06-28,10.146364226836496,10.169832863009724,10.044665808679861,10.060311317443848,90297100
2013-07-01,10.130713938203257,10.248058564454471,10.107245311374692,10.115068435668945,83146300
2013-07-02,10.130713384019545,10.248058003851616,10.013369510241628,10.091598510742188,83708600
2013-07-03,10.029018266112358,10.044664518921822,9.958611620578562,10.03684139251709,37971700
2013-07-05,10.162008081548015,10.232414724662219,10.099424564569695,10.216769218444824,80758500
2013-07-08,10.255885769922523,10.459282620982522,10.232417132047768,10.388875961303711,107441200
2013-07-09,10.45927799168919,10.584444999694824,10.365402735684965,10.584444999694824,106067300
2013-07-10,10.568800576586144,10.584446081158317,10.41234180059296,10.45927906036377,104353400
2013-07-11,10.592270512662262,10.623562271719656,10.427988591097344,10.568801879882812,93756500
2013-07-12,10.592269228548691,10.795666010790912,10.537508843350514,10.780019760131836,123958400
2013-07-15,10.897364545415124,10.905186924793377,10.76437439727886,10.85824966430664,90765200
2013-07-16,10.897363797197665,10.967770429147926,10.772196783087978,10.889540672302246,146041900
2013-07-17,10.999065500872018,11.296336876036188,10.98341924636102,11.194639205932617,249674500
2013-07-18,11.265042459914497,11.617075642955946,11.265042459914497,11.546669006347656,221796400
2013-07-19,11.546671050076469,11.546671050076469,11.421504005531647,11.538847923278809,136196600
2013-07-22,11.531027338541612,11.726601075271509,11.460620673950114,11.67184066772461,112416800
2013-07-23,11.718774592941484,11.757889478304056,11.624899315703944,11.687482833862305,113736000
2013-07-24,11.734423357357585,11.734423357357585,11.484089231138077,11.50755786895752,117771100
2013-07-25,11.437147087951185,11.617075235873408,11.37456357894892,11.601428985595703,89243300
2013-07-26,11.49973140408574,11.546669412159018,11.437147890690921,11.523200035095215,73777800
2013-07-29,11.460615833622505,11.499730713659451,11.304157059529004,11.358918190002441,88616700
2013-07-30,11.40585544920335,11.444970329240297,11.31198018474725,11.358918190002441,71675200
2013-07-31,11.40585490997118,11.617074804552322,11.398031785122786,11.421501159667969,128182500
2013-08-01,11.617074905927304,11.710950166764475,11.593605531177321,11.695303916931152,108554200
2013-08-02,11.64054659888578,11.664015233759404,11.562316821234434,11.609254837036133,83367400
2013-08-05,11.554494240897625,11.609254636675804,11.499733099065008,11.577962875366211,61711900
2013-08-06,11.531024053458992,11.546670306046119,11.44497190239296,11.452795028686523,84249800
2013-08-07,11.28851026797176,11.39803102432194,11.147697014316732,11.366739273071289,128693600
2013-08-08,11.484086239144059,11.499731744929319,11.296334947340462,11.429325103759766,88544100
2013-08-09,11.390210143876073,11.429324278542294,11.265042376359562,11.304157257080078,72897900
2013-08-12,11.23375041540548,11.319803300626624,11.202458660612596,11.272865295410156,60867500
2013-08-13,11.319805346485266,11.437149261652891,11.21028381188891,11.351097106933594,75777900
2013-08-14,11.382386281480247,11.538845048176881,11.374563156631854,11.421501159667969,78553700
2013-08-15,11.31197796773186,11.319801091416865,11.194634096673331,11.2024564743042,99238900
2013-08-16,11.178988952375708,11.31980220838382,11.116405448828594,11.28068733215332,104959000
2013-08-19,11.241571585334578,11.249394709185669,11.053821089233319,11.069466590881348,98384600
2013-08-20,11.092937276010941,11.249396041289142,10.936477764678498,11.17898941040039,114332500
2013-08-21,11.155522752670189,11.327627051850154,11.108584741768324,11.218106269836426,91680600
2013-08-22,11.319801281068607,11.421499652515116,11.265040160410242,11.398030281066895,76348300
2013-08-23,11.413676528699042,11.491905528697329,11.351093030278752,11.398030281066895,67699200
2013-08-26,11.366740018378106,11.499730156426965,11.335448265075684,11.335448265075684,68938900
2013-08-27,11.15552213799611,11.27286603970351,11.030355110560393,11.038177490234375,122534200
2013-08-28,11.006884648246489,11.147697913256566,10.944301140698512,11.045999526977539,96473600
2013-08-29,11.061646801747974,11.186813828440593,11.046000550384232,11.085115432739258,76691500
2013-08-30,11.132051663342443,11.147697913256566,11.006884648246489,11.045999526977539,73233400
2013-09-03,11.186814239872707,11.249397755520732,11.092938966400668,11.147699356079102,74628700
2013-09-04,11.124212674465996,11.272952698010624,11.124212674465996,11.210325241088867,71132500
2013-09-05,11.280781578920012,11.390380004369089,11.241639230789756,11.249467849731445,71229200
2013-09-06,11.327753412733534,11.35123852477737,11.171184754810875,11.241640090942383,75513100
2013-09-09,11.28078483159261,11.343412308027588,11.249471093375123,11.335583686828613,53447300
2013-09-10,11.366894942094353,11.499977731773765,11.366894942094353,11.437350273132324,93180300
2013-09-11,11.398208837248491,11.49215002657741,11.366895107472185,11.468664169311523,81098900
2013-09-12,11.468667260897542,11.492153124494466,11.319927191009073,11.335583686828613,63355900
2013-09-13,11.319923475285115,11.390379549792115,11.312094856655856,11.343408584594727,56793400
2013-09-16,11.437348978652873,11.492148558695563,11.37472152709961,11.37472152709961,65276500
2013-09-17,11.374724572679721,11.445180661186274,11.27295475001229,11.390381813049316,73686100
2013-09-18,11.374723328813616,11.6017480632986,11.343409598077006,11.51563549041748,127092600
2013-09-19,11.586091047339393,11.609576157685384,11.413865162786333,11.437350273132324,79710700
2013-09-20,11.468664198007971,11.476492817116188,11.304266929626465,11.304266929626465,145174800
2013-09-23,11.202499605313939,11.210327479058241,11.030273691107768,11.069416046142578,127283100
2013-09-24,11.100727606095209,11.155526444461229,10.967644072996436,11.030271530151367,96912800
2013-09-25,11.053758805497324,11.147700009633875,10.983302715750328,11.069416046142578,86546100
2013-09-26,11.10855634502452,11.13204220322368,10.944159070521573,11.022443771362305,89352900
2013-09-27,10.95199067707391,10.983304416635368,10.865878079924506,10.881534576416016,79156000
2013-09-30,10.717134133155401,10.905017262336878,10.646678799612848,10.803247451782227,104439900
2013-10-01,10.842392961898023,10.897191819485966,10.811079222336565,10.881534576416016,57631000
2013-10-02,10.811079104364705,11.03810390035257,10.79542186146561,11.006790161132812,89186300
2013-10-03,11.01461386155123,11.038099716998918,10.826731497438622,10.95981502532959,95269000
2013-10-04,10.975474427817518,11.022444654824085,10.928503454232654,10.9989595413208,63495400
2013-10-07,10.889359157136171,10.920672885077757,10.803246591941353,10.811075210571289,64822700
2013-10-08,10.826730982164714,10.881529815778327,10.70930469682751,10.717132568359375,92746200
2013-10-09,10.740620155222702,10.905017429160027,10.717134297104344,10.834561347961426,96012800
2013-10-10,10.983301980535408,11.155527883212892,10.967645487516515,11.139870643615723,102305800
2013-10-11,11.147698142240133,11.179011871706834,11.045928334828806,11.108555793762207,83422000
2013-10-14,11.006787589213568,11.265126064056105,10.998958969593307,11.23381233215332,78367500
2013-10-15,11.26512545057907,11.29643918077657,11.124213291401215,11.147698402404785,102099300
2013-10-16,11.210325496539312,11.43735021969845,11.210325496539312,11.398208618164062,153481000
2013-10-17,11.312097492493622,11.476494789123535,11.280783757258321,11.476494789123535,94090800
2013-10-18,11.492146219258995,11.523459938661146,11.374719211567458,11.453003883361816,96986400
2013-10-21,11.374723548560885,11.421694518862346,11.327753324837671,11.36689567565918,91280600
2013-10-22,11.390380787520787,11.453008250203903,11.31209608587777,11.36689567565918,102836000
2013-10-23,11.312096568427283,11.335581681290714,11.092900439685947,11.124214172363281,108529700
2013-10-24,11.053757924269776,11.116385388701358,11.014615572355472,11.092900276184082,92566100
2013-10-25,11.077241561598068,11.171183492313181,11.06941368952028,11.163354873657227,58592400
2013-10-28,11.186841615828955,11.210326728646434,11.12421415059683,11.139870643615723,62328000
2013-10-29,11.163354251166,11.186839359246116,11.006785619668339,11.077240943908691,79563100
2013-10-30,11.108556769002844,11.186841472831453,11.077243036787053,11.092900276184082,76624200
2013-10-31,11.069415299152979,11.085071792163372,10.928503129168067,10.936331748962402,105713400
2013-11-01,10.959815213023083,11.038099906033084,10.928501485134714,10.975472450256348,75610400
2013-11-04,11.030269353803481,11.053754458958263,10.959813291761103,10.991127014160156,53063200
2013-11-05,10.951986162124095,10.975472017046991,10.881530090511676,10.90501594543457,71809700
2013-11-06,10.951987193380864,10.975473050515227,10.889359734178974,10.928502082824707,66712900
2013-11-07,10.959816103951605,10.983301215132455,10.803247451782227,10.803247451782227,80775000
2013-11-08,10.85021699049968,11.210325241088867,10.834560499558329,11.210325241088867,158227300
2013-11-11,11.17118586298444,11.288612181430477,11.147700002032574,11.272954940795898,66357400
2013-11-12,11.21815385984863,11.319923663991029,11.163355021686638,11.210325241088867,69498300
2013-11-13,11.163358388168069,11.46083927154541,11.116387408022847,11.46083927154541,128018500
2013-11-14,11.49215174553326,11.601749442854466,11.437352150294336,11.586092948913574,128999400
2013-11-15,11.57826764567845,11.703522619402804,11.562611147252172,11.680037498474121,105475300
2013-11-18,11.727007740331487,11.875748581563059,11.633066510038221,11.680037498474121,145554400
2013-11-19,11.72700597447909,11.977516630784443,11.71917809973394,11.899231910705566,161505600
2013-11-20,11.938371255324498,11.954028494016901,11.805287712751998,11.852258682250977,107174900
2013-11-21,11.914885217575408,12.212366010400185,11.899227980100232,12.204537391662598,142053600
2013-11-22,12.290653092576312,12.361109186026958,12.212369124969879,12.243682861328125,110331100
2013-11-25,12.267167756262644,12.509849022028563,12.25933913566933,12.376766204833984,153765500
2013-11-26,12.400245840724832,12.502015623733728,12.376760735900632,12.431559562683105,114833700
2013-11-27,12.42373545573821,12.478534302414312,12.337622875736008,12.39242172241211,75503600
2013-11-29,12.400248340023998,12.462875796563257,12.361105993042418,12.384591102600098,44288400
2013-12-02,12.400249828136234,12.502019643870124,12.290651392750904,12.314136505126953,92987400
2013-12-03,12.243681395179062,12.361107705816398,12.047970379731316,12.165396690368652,106450300
2013-12-04,12.055724368583832,12.322062025257098,12.032223393860109,12.243727684020996,96678100
2013-12-05,12.228065966983527,12.25156695246876,12.032228903627908,12.087063789367676,95230500
2013-12-06,12.228062027931854,12.31423078616843,12.110560126593263,12.188895225524902,92203100
2013-12-09,12.235897034480066,12.275064588258461,12.188896567593154,12.20456314086914,50167200
2013-12-10,12.157561335364022,12.282896896007548,12.149727676059083,12.188895225524902,67486300
2013-12-11,12.18106382021118,12.18106382021118,11.89122509582638,11.946059226989746,117565000
2013-12-12,11.953892887744228,12.02439434041656,11.84422387835849,11.946059226989746,76113900
2013-12-13,11.969556346096686,12.0087238926134,11.852054453605357,11.89122200012207,61575600
2013-12-16,11.922559171468718,12.016560860762178,11.906891849723632,11.938225746154785,71467000
2013-12-17,11.938222458295076,11.985223663526897,11.859888112320462,11.89122200012207,74247300
2013-12-18,11.969556969253073,12.306396840950958,11.797220950901513,12.290729522705078,152929300
2013-12-19,12.267229919794657,12.369065252424617,12.220229456770914,12.33773136138916,97776100
2013-12-20,12.337732013366601,12.431733691440417,12.220230102539062,12.220230102539062,131956000
2013-12-23,12.314230500073897,12.36906461981677,12.290729522705078,12.290729522705078,52565800
2013-12-24,12.314235096004875,12.337735335085624,12.275067532830873,12.298567771911621,21770400
2013-12-26,12.329898955476425,12.33773261579648,12.25156459345278,12.259397506713867,48803600
2013-12-27,12.275064468383789,12.29856470159775,12.204563021682965,12.275064468383789,40049300
2013-12-30,12.25156624451726,12.290733057277858,12.157564549185505,12.17323112487793,56218800
2013-12-31,12.220233507417774,12.235900084599066,12.149732042454115,12.196732521057129,57188900
2014-01-02,12.290733598298463,12.658907481515298,12.28290068363699,12.611907005310059,148709900
2014-01-03,12.745072850041234,12.925242538965819,12.713738211558105,12.854741096496582,129921800
2014-01-06,13.027078090442352,13.105413198333007,12.972243963154266,13.050579071044922,114431300
2014-01-07,13.136746749537865,13.152414068640088,12.886075620373463,12.92524242401123,110605100
2014-01-08,13.058413630584818,13.074080952065547,12.940911707715378,12.98791217803955,101036400
2014-01-09,13.058415504664849,13.262086230790112,13.011415027595397,13.183751106262207,100947200
2014-01-10,13.121080040398938,13.152414680060044,13.01141178982078,13.136747360229492,87454100
2014-01-13,13.152416743919963,13.160248910946397,12.846909935755882,12.870410919189453,90025400
2014-01-14,12.956577664531702,13.136747360229492,12.948744004616426,13.136747360229492,97786600
2014-01-15,13.497087420266908,13.645923977794768,13.403086484862524,13.434419631958008,329333100
2014-01-16,13.387420834742755,13.426587647028843,13.309085716052465,13.379587173461914,163613100
2014-01-17,13.473586488156327,13.489252312964625,13.309082627668174,13.324749946594238,96232200
2014-01-21,13.379584068717701,13.442251850304196,13.215081702347316,13.324749946594238,118269200
2014-01-22,13.379585503952462,13.434419631958008,13.316917715643562,13.434419631958008,68114400
2014-01-23,13.371754924357631,13.387422248573923,13.113250051261938,13.207252502441406,123765900
2014-01-24,13.058413938861783,13.097580749370223,12.886077880859375,12.886077880859375,112899300
2014-01-27,12.823411118500385,12.95658037670036,12.580572092647497,12.776409149169922,134872600
2014-01-28,12.886076923744744,13.128914417920004,12.823409135115066,13.105413436889648,92891300
2014-01-29,12.964410893259057,13.199416227631467,12.917410424031765,13.06624698638916,130026900
2014-01-30,13.168080627851927,13.309083519398405,13.13674748201819,13.262083053588867,91028200
2014-01-31,13.097581322104652,13.301252032714416,13.011414036394529,13.121082305908203,139432100
2014-02-03,13.13675132500751,13.222918621845826,12.768576668460703,12.807744979858398,159981200
2014-02-04,12.917413263535334,12.972247405373801,12.737243513460854,12.807744979858398,125337000
2014-02-05,12.776409017533426,12.886078784056402,12.651073422179872,12.84691047668457,110576200
2014-02-06,12.886077098781364,13.105413614905602,12.878243438331504,13.074080467224121,110029100
2014-02-07,13.175911903381348,13.222912360685163,13.027075378782069,13.175911903381348,122571100
2014-02-10,13.089744389396024,13.105411708016085,13.003577125221163,13.097578048706055,95792500
2014-02-11,13.105410894272081,13.2542474236856,13.034909458977134,13.222912788391113,92617500
2014-02-12,13.215084747004292,13.24641789795758,13.042747187347816,13.121082305908203,96948900
2014-02-13,13.042747187347816,13.175916440665041,13.027079864812116,13.121082305908203,95756900
2014-02-14,13.11324709531036,13.128914415994966,13.042745646347568,13.081913948059082,100684300
2014-02-18,13.081910269456797,13.113243407897269,12.901739120483398,12.901739120483398,121778600
2014-02-19,12.831241310237122,12.886076932679304,12.674572585613268,12.690239906311035,137734500
2014-02-20,12.705907869125543,12.815577638330666,12.674574716579928,12.768575668334961,107425900
2014-02-21,12.7607421875,12.917410922340698,12.729407544061038,12.7607421875,106236900
2014-02-24,12.768575454155075,13.027080308322542,12.768575454155075,12.948746681213379,102909600
2014-02-25,12.925240367947858,12.97224082366021,12.784237506693255,12.799904823303223,81457000
2014-02-26,12.815574228561973,12.846907372770952,12.635403046418626,12.792073249816895,89831600
2014-02-27,12.745077617775808,12.917413711547852,12.69807564246841,12.917413711547852,71314500
2014-02-28,12.91741203507518,13.042747631391642,12.80774376182782,12.948746681213379,126252100
2014-03-03,12.768575668334961,12.854744452542231,12.68240837824588,12.768575668334961,87526800
2014-03-04,12.909576410657163,13.113247097233101,12.87040960305784,13.105413436889648,100849900
2014-03-05,13.160280970697954,13.567864452214554,13.15244262557109,13.520835876464844,207180000
2014-03-06,13.654086249090577,13.818687029748537,13.567865938263093,13.59921932220459,138078900
2014-03-07,13.748142206114409,13.787332433333674,13.520834702210928,13.583539962768555,109547100
2014-03-10,13.536513028805999,13.693275451660156,13.520836338017128,13.693275451660156,81732700
2014-03-11,13.724630104077143,13.732468450197375,13.5208375899861,13.536514282226562,90183400
2014-03-12,13.465969617647946,13.58354181030844,13.379749312024867,13.544351577758789,83309200
2014-03-13,13.591381740273752,13.69327725378852,13.379750871806484,13.450294494628906,100875700
2014-03-14,13.38758863588863,13.497322491056124,13.136767541213416,13.168119430541992,131297200
2014-03-17,13.309208140592075,13.458133742639731,13.301369793640953,13.411105155944824,79942200
2014-03-18,13.434616560066484,13.497321830667282,13.379749635167233,13.473808288574219,67402400
2014-03-19,13.450294352489491,13.708953801767684,13.418942462128465,13.669763565063477,105006500
2014-03-20,13.669762188418398,14.108699074350515,13.661923842864596,14.04599380493164,167048700
2014-03-21,14.132214469843968,14.132214469843968,13.763819694519043,13.763819694519043,155721000
2014-03-24,13.81084901503113,13.834362555994298,13.560026449669119,13.61489486694336,118500000
2014-03-25,13.708952064398794,13.779495677535564,13.481646029300375,13.489482879638672,98348600
2014-03-26,13.622729575158022,13.638406263342732,13.465967178344727,13.465967178344727,97573700
2014-03-27,13.544350631872762,13.708951391100051,13.191632583512233,13.332719802856445,175139500
2014-03-28,13.395427276404542,13.442455858936919,13.207311451263354,13.30920696258545,79909500
2014-03-31,13.44245671135743,13.536515377398366,13.41894316610603,13.481648445129395,62115800
2014-04-01,13.544353442136996,13.63841061120773,13.528676748954625,13.591382026672363,57423800
2014-04-02,13.599215144949788,13.622728680671655,13.426774576263188,13.505156517028809,65349000
2014-04-03,13.48948291528535,13.512997951396917,13.348397183650492,13.44245433807373,56534500
2014-04-04,13.48948340388754,13.497321749541975,13.089738240592348,13.105413436889648,110409600
2014-04-07,13.08189714300535,13.089735487010897,12.689988912795577,12.838912963867188,129464900
2014-04-08,12.831077447728095,12.932972940362292,12.737018804902258,12.885944366455078,75769700
2014-04-09,12.972161584116998,13.03486684000052,12.815399191913807,13.027029991149902,83096400
2014-04-10,13.027032505201092,13.027032505201092,12.61944751579388,12.635124206542969,98390900
2014-04-11,12.4313292943655,12.642959358508476,12.2432135156816,12.360786437988281,133757100
2014-04-14,12.580256403514568,12.713505291368506,12.368626300603239,12.54106616973877,99249400
2014-04-15,12.61161061956137,12.862431720321423,12.509714360501137,12.846755027770996,134956600
2014-04-16,12.697828963815859,12.713504158922968,12.368625198877528,12.642960548400879,172948900
2014-04-17,12.650799654957181,12.737019960787746,12.486198883838696,12.658638000488281,104765500
2014-04-21,12.658638994465479,12.674315686758641,12.564581830729834,12.611610412597656,51280500
2014-04-22,12.61160862501713,12.807562765871952,12.572418394850747,12.768372535705566,77888900
2014-04-23,12.776209161398036,12.85459111536598,12.721342242123901,12.831077575683594,52425600
2014-04-24,12.878104520860925,12.932971433193888,12.705663944944481,12.807560920715332,73910900
2014-04-25,12.619447865061,12.721343367727197,12.486198980028862,12.501874923706055,84617700
2014-04-28,12.015908020283433,12.078613286406439,11.647514021181474,11.718057632446289,344935200
2014-04-29,11.788601779653007,11.992394277570606,11.686705530694208,11.945364952087402,155495000
2014-04-30,11.961037469641006,11.968875812404216,11.859141256235814,11.866979598999023,82359700
2014-05-01,11.86698314568713,11.929688411522523,11.780762844534163,11.827792167663574,68368300
2014-05-02,11.898336278260343,11.984555835528257,11.83563100979172,11.953203201293945,73562900
2014-05-05,11.81995677947998,11.859147767307691,11.772928192091463,11.81995677947998,51669100
2014-05-06,11.780762211578399,11.780762211578399,11.537779506397634,11.54561710357666,96268300
2014-05-07,11.647514378980834,11.694543703770647,11.56129482228956,11.600485801696777,91733000
2014-05-08,11.639675870887476,11.788600683982152,11.600484894544971,11.702381134033203,65232700
2014-05-09,11.71805588501231,11.749408513398409,11.49858748630962,11.553454399108887,86751600
2014-05-12,11.5926462993079,11.835629749377036,11.5926462993079,11.812114715576172,70669900
2014-05-13,11.78860292603335,11.83563225608991,11.71022095844103,11.78076457977295,58469100
2014-05-14,11.749411956219824,11.77292699502901,11.608325460893923,11.631839752197266,52431900
2014-05-15,11.616163511198682,11.6240018577731,11.279122831063251,11.404533386230469,104193000
2014-05-16,11.373181343078613,11.396695636527497,11.263446727807304,11.373181343078613,80476100
2014-05-19,11.310475588313638,11.522105715498327,11.271284602536953,11.498591423034668,51034700
2014-05-20,11.4829119211496,11.514264552601324,11.349663050603356,11.388854026794434,60108200
2014-05-21,11.435885982211127,11.529943898234427,11.365342358317186,11.45156192779541,64808600
2014-05-22,11.428048152682573,11.53778276676053,11.404533859489405,11.52994441986084,51929400
2014-05-23,11.529942416181212,11.60832437654505,11.482913090461754,11.53778076171875,51648900
2014-05-27,11.757248598264827,12.000232064864823,11.74157190799772,11.929688453674316,125398900
2014-05-28,11.968875812404216,11.976713407661917,11.78075932361474,11.866979598999023,72481700
2014-05-29,11.851306421484118,11.92185003222304,11.835630478823097,11.874820709228516,39423000
2014-05-30,11.851302913472605,11.93752244135138,11.812111947162068,11.866979598999023,45787100
2014-06-02,11.88265570209327,11.976713574041902,11.796436173016737,11.961037635803223,46374000
2014-06-03,11.91401185927115,11.976717125832652,11.843468247513028,11.921850204467773,49025400
2014-06-04,11.906173514074528,11.961041182945147,11.874820880793777,11.921850204467773,39757300
2014-06-05,11.97671873577513,12.133481923251406,11.929690153285168,12.094291687011719,60300500
2014-06-06,12.109968111312538,12.266731304993419,12.094292165697386,12.21970272064209,73930500
2014-06-09,12.227540269635904,12.44700872647385,12.227540269635904,12.415656089782715,78647900
2014-06-10,12.3686255843537,12.494036119187815,12.3294346053416,12.478360176086426,49852900
2014-06-11,12.298083943729596,12.399980206498634,12.188350081905915,12.21970272064209,73729300
2014-06-12,12.204023716577366,12.27456732725215,12.055098897657276,12.086451530456543,66173200
2014-06-13,12.117803764832374,12.188347373187742,12.015907524708586,12.102127075195312,61588100
2014-06-16,11.992396550229396,12.000234897212989,11.898338628944002,11.976719856262207,55425400
2014-06-17,11.968881610752682,12.243217012817755,11.96104326419217,12.21970272064209,58011600
2014-06-18,12.251052459279776,12.298081032498388,12.102126899907551,12.266728401184082,70220300
2014-06-19,12.274567370089741,12.282405715193347,12.149156838454994,12.188347816467285,40953900
2014-06-20,12.258935799084394,12.258935799084394,12.109914408697323,12.117757797241211,54765300
2014-06-23,12.133448108483936,12.27462540346166,12.062859087001616,12.266782760620117,58492200
2014-06-24,12.204034752016845,12.3138392102723,12.109915576388207,12.149131774902344,73262500
2014-06-25,12.117759913592957,12.149132725261031,11.984425277006933,12.13344669342041,71766400
2014-06-26,12.109913234944454,12.180502229024212,11.976579382555238,12.086383819580078,68519600
2014-06-27,12.062856831452022,12.094229640912769,12.007954601892411,12.023640632629395,58149200
2014-06-30,12.007952915678075,12.11775735937803,11.992266139157124,12.055011749267578,47274500
2014-07-01,12.062857941059324,12.274624237402083,12.062857941059324,12.235408782958984,74193500
2014-07-02,12.37658316004844,12.572664126182842,12.360897131549692,12.431486129760742,87685800
2014-07-03,12.604038230305783,12.729529470624527,12.549135999663031,12.57266616821289,70582300
2014-07-07,12.541294261094212,12.549137651643344,12.415803004255682,12.50207805633545,62437100
2014-07-08,12.407955759898469,12.415799148011509,12.172660100400549,12.219718933105469,73343400
2014-07-09,12.251094815138854,12.305997049748672,12.188349190445678,12.235408782958984,46415800
2014-07-10,12.023639746997535,12.180503782747046,11.960894132697732,12.109914779663086,61458500
2014-07-11,12.070698154865157,12.102070958956322,12.000109158663376,12.062854766845703,56849400
2014-07-14,12.251096892980119,12.290313102061312,12.172665222804707,12.211880683898926,59181700
2014-07-15,12.353056375300572,12.431488778465466,12.282467362049532,12.400115966796875,99946700
2014-07-16,12.28246372462937,12.28246372462937,12.102070297954727,12.164815902709961,123711700
2014-07-17,12.117758784746876,12.14128820430931,11.86677631478289,11.92167854309082,114839900
2014-07-18,11.976581698218979,12.156975164202526,11.960894919618614,12.149131774902344,74859200
2014-07-21,12.09423033285279,12.19619215643039,12.047170741975888,12.172662734985352,61802200
2014-07-22,12.227564967686051,12.251094389131092,12.13344653391907,12.172662734985352,58331100
2014-07-23,12.172662734985352,12.258937778941712,12.164819345174731,12.172662734985352,47253300
2014-07-24,12.204035023566275,12.266780643390325,12.196191634091571,12.251093864440918,46549800
2014-07-25,12.22756576538086,12.258938578683201,12.196192952078517,12.22756576538086,35627200
2014-07-28,12.22756475726196,12.24325078862644,12.12560293543902,12.156975746154785,39313000
2014-07-29,12.172658767817408,12.180501407085227,12.03148078918457,12.03148078918457,51480500
2014-07-30,12.10207110335651,12.29030793014951,12.007952689960009,12.219718933105469,83243100
2014-07-31,12.10991620280819,12.196191993599507,11.960895538330078,11.960895538330078,70677300
2014-08-01,11.90599314167584,12.070700583287486,11.63932387925824,11.749128341674805,115978900
2014-08-04,11.819721223112879,11.858937435956701,11.749132189591409,11.804035186767578,51954700
2014-08-05,11.772656811622316,11.921677452534823,11.68638103447435,11.764813423156738,65071500
2014-08-06,11.874619703965953,12.047169778072814,11.874619703965953,11.92167854309082,95977900
2014-08-07,12.109916903686202,12.109916903686202,11.835404979973124,11.85893440246582,80058300
2014-08-08,11.827560116854325,11.92167854309082,11.756971110180263,11.92167854309082,54495000
2014-08-11,11.968737385039326,11.976580773734069,11.882461605370588,11.93736457824707,41545100
2014-08-12,11.905991190046134,12.000109605826788,11.882461025110961,11.929520606994629,33674400
2014-08-13,11.960895538330078,11.992268349166881,11.92167933778737,11.960895538330078,34394600
2014-08-14,11.968738773397481,12.01579761505127,11.968738773397481,12.01579761505127,29934600
2014-08-15,12.031482998623837,12.086385223513602,11.874618964662561,11.93736457824707,61535500
2014-08-18,11.984423183941916,12.117757797241211,11.976580543384728,12.117757797241211,54968600
2014-08-19,12.172660769061727,12.27462182818547,12.109914408697323,12.117757797241211,44825500
2014-08-20,12.08638694304217,12.258937778941712,12.055014131786509,12.172662734985352,57825000
2014-08-21,12.305996222786584,12.721686145441257,12.251093991866192,12.674627304077148,177294400
2014-08-22,12.674626511191017,12.776589073070642,12.588350727442641,12.65109634399414,107641800
2014-08-25,12.760902615090915,12.862863683555087,12.706000386227627,12.776589393615723,89396500
2014-08-26,12.815804853196283,12.909922532465924,12.800118074660162,12.807961463928223,73323400
2014-08-27,12.839337844013432,12.85502313002477,12.658942843131292,12.706003189086914,63061800
2014-08-28,12.62756722884355,12.62756722884355,12.541291448128234,12.556978225708008,62170400
2014-08-29,12.588352620050884,12.658941636280783,12.564823945290067,12.619726181030273,50106600
2014-09-02,12.658939842027838,12.768745793918297,12.596194224936225,12.760902404785156,59400400
2014-09-03,12.800238091594455,12.808105658100692,12.619288563705666,12.666492462158203,67418900
2014-09-04,12.666497474020872,12.800243156377435,12.619293556890753,12.674365043640137,56378600
2014-09-05,12.627157837926013,12.642892974936457,12.509147311518204,12.603556632995605,80974900
2014-09-08,12.737303012209797,12.878916252091486,12.705832736420382,12.863181114196777,99411200
2014-09-09,12.784503542185258,12.792371109050643,12.666493040374384,12.697961807250977,82428900
2014-09-10,12.713694894451871,12.90251196707228,12.690092197655057,12.87104320526123,75656100
2014-09-11,12.839577799589339,13.083466423071402,12.823842662439459,13.036262512207031,106598100
2014-09-12,13.075597322954083,13.240811722960101,13.067729756203569,13.209342956542969,116306800
2014-09-15,13.21721065777178,13.319487537595913,13.075598940498923,13.17000675201416,87306900
2014-09-16,13.11493739830969,13.248683070061277,13.11493739830969,13.146406173706055,65017200
2014-09-17,13.146403832106417,13.319487318006017,13.12280262990926,13.193609237670898,82902700
2014-09-18,13.28014633542253,13.492566108408456,13.272280270276145,13.406025886535645,111923200
2014-09-19,13.49256619714266,13.508301328708372,13.280146422759751,13.335219383239746,88455000
2014-09-22,13.44536675152703,13.508305798028982,13.366692568253283,13.398162841796875,109276700
2014-09-23,13.413893699645998,13.531905700406135,13.398160066718246,13.413893699645996,91921900
2014-09-24,13.468967552327236,13.524039022656815,13.35095554380954,13.5161714553833,86396100
2014-09-25,13.500440399372291,13.516175538672968,13.256551742553711,13.256551742553711,104522500
2014-09-26,13.30375352175133,13.413896477983437,13.288018384979534,13.398162841796875,66785900
2014-09-29,13.303750190976622,13.413893119632949,13.280147491728183,13.382424354553223,68038300
2014-09-30,13.437496399915009,13.461099100184022,13.350954666180222,13.413893699645996,82217400
2014-10-01,13.429629160472759,13.44536429436894,13.21720935462921,13.23294448852539,91235900
2014-10-02,13.264414872715266,13.366690242768,13.08346383249124,13.28014850616455,118018800
2014-10-03,13.461101314831499,13.610580606039774,13.42176347457787,13.602714538574219,110840600
2014-10-06,13.665653582394853,13.697122354012583,13.54764156221914,13.602714538574219,66212100
2014-10-07,13.516171014923508,13.531906148957766,13.28014850616455,13.28014850616455,91396300
2014-10-08,13.280148825956154,13.46896743774414,13.154270751820835,13.46896743774414,101266800
2014-10-09,13.406026336926846,13.461097798310114,13.02052310607441,13.051993370056152,121363100
2014-10-10,12.996922459529433,13.193607115997183,12.871044399436858,12.965452194213867,129552700
2014-10-13,12.965457327364373,13.114938145624528,12.902518272399902,12.902518272399902,92674100
2014-10-14,12.98905873901989,13.083466561749306,12.871048210315479,12.996926307678223,97451900
2014-10-15,12.768766759251331,12.776634325100549,12.139376497161551,12.39900016784668,216591800
2014-10-16,12.280994106774623,12.784507278942977,12.210188235167877,12.650761604309082,148199400
2014-10-17,12.784503906358472,12.910381978620434,12.713697303137996,12.753033638000488,94339200
2014-10-20,12.745166896750659,12.847442262329544,12.71369663005875,12.792370796203613,76510700
2014-10-21,12.92611839160627,13.067731612057303,12.831709077777202,13.059864044189453,78287300
2014-10-22,13.051999090660058,13.138540853955742,12.878917064654123,12.902518272399902,85199800
2014-10-23,13.044128908453752,13.162139425301234,12.996925001831785,13.059864044189453,68436600
2014-10-24,13.0834645195062,13.154271125793457,13.028393048079456,13.154271125793457,41951400
2014-10-27,13.12279996343029,13.130667529425725,12.981186776682014,13.051993370056152,51500000
2014-10-28,13.075598107725275,13.217209815979004,13.067730540502566,13.217209815979004,71850800
2014-10-29,13.193610540622341,13.390295248142941,13.14640513039603,13.366692543029785,99875700
2014-10-30,13.343089863095587,13.468969456684725,13.248682043635277,13.398162841796875,72579100
2014-10-31,13.508305304609749,13.547641644517164,13.453233828505297,13.50043773651123,82788900
2014-11-03,13.516175149149477,13.64992082817985,13.453236094346092,13.586981773376465,64050700
2014-11-04,13.547637692146019,13.610576717987236,13.390290877835348,13.539770126342773,53515400
2014-11-05,13.62631465458313,13.665652491697085,13.539772913517481,13.642049789428711,58608200
2014-11-06,13.642051232813309,13.689255141759368,13.594847323867247,13.65778636932373,57339200
2014-11-07,13.618448528047674,13.673520005248944,13.547641914335978,13.65778636932373,53907800
2014-11-10,13.65778852028844,13.689257297680093,13.61058310332279,13.665656089782715,54261100
2014-11-11,13.665650086048448,13.736455179219206,13.610577123783745,13.626312255859375,62236000
2014-11-12,13.56337669832059,13.610580606039774,13.429631042628596,13.602714538574219,48669100
2014-11-13,13.602712816183436,13.61057888265298,13.468967177426466,13.547639846801758,50586300
2014-11-14,13.508302903041255,13.571241936054633,13.453231436727663,13.484700202941895,41144600
2014-11-17,13.421763202088725,13.484702244631569,13.350956591654883,13.445365905761719,43393300
2014-11-18,13.429628736628302,13.547639235955273,13.421761169928516,13.484700202941895,39490700
2014-11-19,13.49256715557267,13.49256715557267,13.382424227958273,13.421760559082031,49441600
2014-11-20,13.34309198494071,13.382429833125784,13.240816580830463,13.37456226348877,49652100
2014-11-21,13.492568638778883,13.524038907605217,13.42176203450464,13.46896743774414,63000000
2014-11-24,13.500436320836272,13.594845627533424,13.437497283233178,13.5161714553833,52785700
2014-11-25,13.555508141224566,13.579110843654627,13.437497630244378,13.453232765197754,44786300
2014-11-26,13.468971962855187,13.492573171819123,13.40603290464217,13.461104393005371,27310300
2014-11-28,13.429627083144261,13.492566108408456,13.39815832080453,13.406025886535645,27834900
2014-12-01,13.311618323129801,13.32735345663083,13.162137556039887,13.209342956542969,61173100
2014-12-02,13.272287775400011,13.492573738098145,13.264420205219995,13.492573738098145,62945200
2014-12-03,13.492570610340243,13.650377547231928,13.461008319978204,13.642488479614258,70104200
2014-12-04,13.603033629902594,13.681937839310686,13.51623884905643,13.579361915588379,49412800
2014-12-05,13.737172485048989,13.973883645359333,13.68983055398149,13.950213432312012,131824000
2014-12-08,13.934431076049805,14.100130077845925,13.816075506179844,13.934431076049805,101035100
2014-12-09,13.555691779064738,13.879197684900356,13.54780120758428,13.855525970458984,95939400
2014-12-10,13.792399444559983,13.950207824646746,13.705606189987288,13.713495254516602,103611100
2014-12-11,13.76084231004532,13.926539798473652,13.76084231004532,13.784512519836426,80173200
2014-12-12,13.784515499368823,13.784515499368823,13.516242027282715,13.516242027282715,88886700
2014-12-15,13.650376736083514,13.658267308205142,13.22429637632488,13.295310020446777,101305300
2014-12-16,13.20851299887489,13.563581159451832,13.090157447006739,13.192731857299805,96112000
2014-12-17,13.311089714040083,13.626705039645499,13.27163685773154,13.618814468383789,92164100
2014-12-18,13.784513295408859,13.831856727600098,13.681938868939971,13.831856727600098,79334000
2014-12-19,13.800293301564652,13.965992290625758,13.800293301564652,13.90286922454834,105588200
2014-12-22,13.92654264827704,13.98966572892468,13.847638421224254,13.973884582519531,70969300
2014-12-23,14.068569112941534,14.194815266671718,14.029117754265675,14.147473335266113,94405200
2014-12-24,14.179030548948148,14.281606463618992,14.13957920021166,14.186921119689941,35091300
2014-12-26,14.218483402657121,14.24215360991002,14.163250912437045,14.186921119689941,34362500
2014-12-29,14.179033726344025,14.352623311618425,14.131691796256835,14.28950023651123,58370900
2014-12-30,14.234269487705406,14.344734506510083,14.210597767258829,14.305281639099121,41433500
2014-12-31,14.352624158107075,14.368403799084907,14.115911483764647,14.115911483764648,57819600
2015-01-02,14.194814879039875,14.226377169096951,13.950213150988832,14.123801231384277,48951100
2015-01-05,14.037002584191692,14.05278221822257,13.642483138947032,13.713495254516602,105605500
2015-01-06,13.745064200733628,13.76084534739274,13.240079547425887,13.303202629089355,144912400
2015-01-07,13.524131361232811,13.555693651514344,13.311091921723804,13.366324424743652,104603800
2015-01-08,13.539912540910466,13.68193983759397,13.492570610340243,13.642488479614258,73388500
2015-01-09,13.713498750892319,13.713498750892319,13.3742132056548,13.397883415222168,84144600
2015-01-12,13.429447263261414,13.437337835692503,13.145392675633426,13.161173820495605,92762500
2015-01-13,13.271637028354336,13.32686952292379,12.877117490032399,12.979693412780762,100845400
2015-01-14,12.624625724471377,12.798213786392699,12.44314709087554,12.656188011169434,164779800
2015-01-15,12.3011194109394,12.435256115101875,11.953941793406061,11.993393898010254,193241300
2015-01-16,11.961831055810647,12.15120023420406,11.811913977704085,12.135419845581055,149802000
2015-01-20,12.301119027209577,12.332680559411118,11.99339352387984,12.040736198425293,123402800
2015-01-21,12.056516780054743,12.285338080277134,11.953941610646595,12.15909194946289,101054200
2015-01-22,12.269561278945911,12.77454670239457,12.17487665314051,12.695642471313477,183042100
2015-01-23,12.656187089633296,12.774542646187848,12.41158390045166,12.41158390045166,103376900
2015-01-26,12.403694286423315,12.569392519824465,12.387913143963068,12.506269454956055,69969300
2015-01-27,12.269557637075497,12.458926832477422,12.21432439071855,12.332680702209473,86184200
2015-01-28,12.403694581915781,12.411584400847575,11.977613507660362,11.993393898010254,105359800
2015-01-29,12.080189698175664,12.22221623325663,11.993394910223904,12.174874305725098,76095800
2015-01-30,12.017066326640778,12.206436301359085,11.953943252563477,11.953943252563477,99844600
2015-02-02,12.048630230384072,12.222218331109962,11.93027388626751,12.19854736328125,101586700
2015-02-03,12.32479226767963,12.569394751844923,12.316901695048331,12.537833213806152,105159400
2015-02-04,12.458928108215332,12.624626359280342,12.427366572416586,12.458928108215332,83848100
2015-02-05,12.608842920260736,12.695637692274952,12.54571986015198,12.600953102111816,92264700
2015-02-06,12.861338348672994,13.216406590404336,12.798215272917737,13.011256217956543,160832300
2015-02-09,12.900792121887207,13.019147709157687,12.82188789538257,12.900792121887207,95532900
2015-02-10,13.066486294714405,13.113829721468948,12.900788815991186,12.956021308898926,100322800
2015-02-11,12.88500824772643,12.979693600480893,12.79032289497197,12.908679962158203,99924400
2015-02-12,12.948130875321702,13.200623134137926,12.916570095455961,13.153281211853027,116394100
2015-02-13,13.200624674404255,13.247968107185823,13.050708318847542,13.105940818786621,93632700
2015-02-17,13.034925136758787,13.16117126116065,12.916569583253604,13.121718406677246,93350600
2015-02-18,13.058595514461762,13.066486085461156,12.813993833370704,12.861335754394531,84057400
2015-02-19,12.790323257446289,12.924459966415808,12.687748835280264,12.790323257446289,83604300
2015-02-20,12.735089319251552,12.963911357762539,12.632514908694125,12.924458503723145,89763600
2015-02-23,12.877118315986722,12.877118315986722,12.703530249781053,12.782434463500977,87623700
2015-02-24,12.837665234781475,13.058595197512087,12.821884093165718,12.924458503723145,74109600
2015-02-25,12.916572356810077,13.019146790547556,12.877119493855018,13.011256217956543,57201000
2015-02-26,12.956022209937657,12.971803353286687,12.545721512698899,12.656188011169434,161100700
2015-02-27,12.451039697828257,12.529943927267245,12.324793532715077,12.474711418151855,130448200
2015-03-02,12.458927098223413,12.648297050150846,12.40369460317466,12.632515907287598,71402400
2015-03-03,12.64829743949492,12.742981289643764,12.593064190259652,12.656188011169434,65689800
2015-03-04,12.632446761101615,12.648276502333028,12.474145574589484,12.537466049194336,78441600
2015-03-05,12.600783050842779,12.687849245557459,12.466226890683174,12.664103507995605,69510000
2015-03-06,12.66410119249276,13.154835777960397,12.66410119249276,12.838232040405273,163207200
2015-03-09,12.909471668132056,12.92530216177425,12.759086507568108,12.798661231994629,72912700
2015-03-10,12.695764022559091,12.76699821325642,12.497886657714844,12.497886657714844,85633600
2015-03-11,12.600782558717775,12.790743922757292,12.561207085833036,12.751169204711914,85910100
2015-03-12,12.703680084039934,12.83032101685227,12.584954398238244,12.73534107208252,126376300
2015-03-13,12.727425825071872,12.782831044467395,12.616614631441328,12.73534107208252,88581900
2015-03-16,12.751166451998907,12.838231114839024,12.545374641295943,12.766995429992676,63406500
2015-03-17,12.719510578061227,12.759086813114457,12.63244512546262,12.73534107208252,67315000
2015-03-18,12.6720163400333,12.74325202947082,12.592865406249556,12.648270606994629,86387600
2015-03-19,12.63244387719489,12.640359123423394,12.355416297912598,12.355416297912598,109169200
2015-03-20,12.426654841216045,12.608701771834694,12.379164862682206,12.537466049194336,99867700
2015-03-23,12.521630269719742,12.569120983054846,12.442480087280273,12.442480087280273,73773500
2015-03-24,12.450396988136388,12.505802956896503,12.355416297912598,12.355416297912598,77011000
2015-03-25,12.371244649809894,12.387074384688507,12.18919779225042,12.197113037109375,88541500
2015-03-26,12.18128450552671,12.300010170781846,12.078388576713888,12.205029487609863,76741500
2015-03-27,12.252520153976782,12.260435400071252,12.086304515029408,12.117964744567871,73140800
2015-03-30,12.205029693111944,12.355415588623194,12.189199201563715,12.284180641174316,70835300
2015-03-31,12.268348423881267,12.284178913202679,12.173367752470643,12.181282997131348,61381700
2015-04-01,12.20502828196833,12.236688506564851,12.070472138723288,12.197113037109375,73153900
2015-04-02,12.212944293084806,12.363330180643887,12.212944293084806,12.300009727478027,50443500
2015-04-06,12.181283515223502,12.3474998859714,12.141708045076038,12.276264190673828,51189500
2015-04-07,12.292096692688716,12.38707738951849,12.228776228135533,12.23669147491455,50057800
2015-04-08,12.27626610014582,12.458312234364895,12.268350853917314,12.355416297912598,71732500
2015-04-09,12.371244143850737,12.47414005829102,12.2920932081769,12.434564590454102,44935600
2015-04-10,12.41873435319308,12.49788529047183,12.347499415449343,12.442480087280273,43817700
2015-04-13,12.489968805698348,12.553289247298808,12.458308584898118,12.505799293518066,49191200
2015-04-14,12.569119085989078,12.624524280818289,12.434562965827421,12.521628379821777,84385400
2015-04-15,12.426650844301625,12.545377262128195,12.339585408433624,12.37916088104248,124479100
2015-04-16,12.379160993647659,12.616612321782029,12.331670275117167,12.497886657714844,105591000
2015-04-17,12.434565424087102,12.466225649511337,12.268349051900046,12.315839767456055,88994300
2015-04-20,12.363330738004858,12.418735948312914,12.315840773409203,12.323755264282227,53649400
2015-04-21,12.347499632517875,12.379159857018104,12.21294348968208,12.268348693847656,64033100
2015-04-22,12.30792424854898,12.52954582158772,12.2604335340496,12.4583101272583,73092800
2015-04-23,12.44248028494049,12.505800733833679,12.410820060493895,12.418734550476074,50292200
2015-04-24,12.434566089791268,12.46622631691048,12.355415144573554,12.37916088104248,40766100
2015-04-27,12.371244973238635,12.474140894577225,12.315839767456055,12.315839767456055,73523400
2015-04-28,12.331668316393321,12.434564227832917,12.26834787163653,12.387073516845703,58080100
2015-04-29,12.347498870230599,12.695762073071972,12.323753137191927,12.648270606994629,134499400
2015-04-30,12.66410214288759,12.703676858212665,12.505801017069357,12.608696937561035,78313900
2015-05-01,12.664103013397614,12.782828677212473,12.600782558717775,12.751169204711914,78171400
2015-05-04,12.774910648265745,13.020278677658135,12.759081670303651,13.01236343383789,76592300
2015-05-05,12.996537763069194,13.146924432034453,12.92530205196349,12.941132545471191,106148700
2015-05-06,12.949045726949766,13.051940898980915,12.727423382225899,12.893640518188477,96426500
2015-05-07,12.84614969551415,12.925300644756359,12.73533927238233,12.85406494140625,73794800
2015-05-08,12.917383214817445,13.028193619213651,12.838232278957927,13.020279884338379,86333700
2015-05-11,13.020282396996725,13.13109282277716,13.00445190483414,13.051941871643066,56246000
2015-05-12,13.028196935410037,13.04402742854714,12.941132242513806,13.0044527053833,59627100
2015-05-13,13.012362842589994,13.075683280596438,12.949042404583551,13.036107063293457,47330600
2015-05-14,13.083599791651775,13.131089747338054,13.020279347510577,13.075684547424316,55395700
2015-05-15,13.07568872092875,13.07568872092875,12.901556311701938,12.941132545471191,54937800
2015-05-18,12.909470956952216,13.091518604450554,12.909470956952216,13.06777286529541,51059900
2015-05-19,13.131094814319024,13.281481493314482,13.123179567037258,13.273566246032715,89115500
2015-05-20,13.281480742892377,13.336885961055216,13.162753550053184,13.2498197555542,67684000
2015-05-21,13.226070907755162,13.257731887654998,13.107345252488003,13.241901397705078,52056600
2015-05-22,13.233985703564166,13.297306151536107,13.218156723830102,13.257731437683105,47032900
2015-05-26,13.241903502797703,13.241903502797703,13.004452154515258,13.059857368469238,100048200
2015-05-27,13.107348331890343,13.257735002388744,13.091519347900224,13.2498197555542,70026700
2015-05-28,13.233985992487993,13.241901237367111,13.123175583537527,13.194411277770996,60970000
2015-05-29,13.186498288843723,13.194413535076984,13.036111629769453,13.059857368469238,74266200
2015-06-01,13.123177730098599,13.170667697462656,13.036111531865457,13.099431991577148,62941600
2015-06-02,13.07568459116133,13.265645924220328,13.059854102653462,13.23398494720459,65513200
2015-06-03,13.233987209455025,13.511845670791306,13.233987209455025,13.440396308898926,89614900
2015-06-04,13.39276225745701,13.480088066861876,13.273678992820772,13.32131290435791,61025500
2015-06-05,13.527722104357581,13.773824592764521,13.472149207046805,13.646803855895996,119087400
2015-06-08,13.71031647741237,13.757948883014071,13.535661799861337,13.559478759765625,69749600
2015-06-09,13.535658280815836,13.773823275319169,13.49596487216852,13.742067337036133,82104900
2015-06-10,13.805580678830214,13.988174334950939,13.781765234184714,13.964357376098633,102643100
2015-06-11,13.988174063110257,14.035806465682393,13.84527534118708,13.884968757629395,77191500
2015-06-12,13.853214327316898,13.956418118590983,13.781764966355308,13.884968757629395,53149400
2015-06-15,13.757947308507855,13.892907037439825,13.694436936904971,13.86909008026123,68053400
2015-06-16,13.861149717457256,13.940538052625463,13.789701881433073,13.932599067687988,47291200
2015-06-17,13.964361342753241,13.972300331292455,13.7341352177377,13.789708137512207,88712100
2015-06-18,13.77382440534211,13.813517817245925,13.67061911166162,13.797639846801758,97599900
2015-06-19,13.718254417993036,13.805580235902848,13.591233669936255,13.630927085876465,83395400
2015-06-22,13.78176426568645,13.916723994618419,13.773825279960253,13.86909008026123,58477700
2015-06-23,13.940534298564582,14.06755499494556,13.940534298564582,14.027861595153809,63865700
2015-06-24,13.916724702148668,14.04374545181221,13.853214327316898,13.884968757629395,59079500
2015-06-25,13.948483365674809,13.988178308370887,13.773830160433777,13.789708137512207,59772200
2015-06-26,13.877030206974156,13.908786152489963,13.773826412461435,13.82145881652832,63080800
2015-06-29,13.59917102833293,13.69443734568431,13.384824464154129,13.408639907836914,98604200
2015-06-30,13.55947799158729,13.599171408305498,13.376885851952668,13.511845588684082,89039800
2015-07-01,13.69443692175185,13.742069321849634,13.56741617868663,13.67061996459961,62317400
2015-07-02,13.62298968300462,13.66268310355769,13.408641577921406,13.51978588104248,64736500
2015-07-06,13.3213148929358,13.503907038465307,13.265741987846663,13.448335647583008,58726900
2015-07-07,13.416577773255371,13.440394729155724,12.97200519589511,13.249863624572754,115450500
2015-07-08,13.035519184525988,13.09902957035945,12.876742462838816,12.900559425354004,83033000
2015-07-09,13.122844842384941,13.273681042929237,13.05933446473291,13.083149909973145,81534400
2015-07-10,13.337193627500229,13.368949578684356,13.226050826769974,13.257806777954102,72965300
2015-07-13,13.472150657759085,13.53566103303229,13.416579268670878,13.511845588684082,67934300
2015-07-14,13.44039928234116,13.615052475490915,13.384827880621108,13.599174499511719,69999800
2015-07-15,13.916727727485997,14.170769282038808,13.884971776063344,14.035809516906738,173099900
2015-07-16,14.21839379309338,14.345414499778029,14.178700390081778,14.250149726867676,117054300
2015-07-17,14.258089810698037,14.416866480272828,14.202518430608823,14.369234085083008,96894900
2015-07-20,14.408930114620603,14.47244049115409,14.353358724429652,14.385114669799805,71980100
2015-07-21,14.37717618226604,14.424808587767034,14.305726816911115,14.35335922241211,63732800
2015-07-22,14.313664881128673,14.67091017067485,14.313664881128673,14.6470947265625,110327000
2015-07-23,14.59946009093597,14.63121603379756,14.353357590585436,14.432745933532715,103650100
2015-07-24,14.43275259116242,14.472446023842743,14.162833009155511,14.210465431213379,86364300
2015-07-27,14.019922612354229,14.115188891743033,13.892901915973251,14.027861595153809,93231900
2015-07-28,14.123136034756445,14.202522880208916,13.972298302824122,14.194583892822266,82166800
2015-07-29,14.250155934863209,14.448626064796084,14.22633897415677,14.4168701171875,96388600
2015-07-30,14.448623090662405,14.520072443867516,14.32953982584948,14.393050193786621,65667900
2015-07-31,14.313667189415005,14.33748263736794,14.178707432255981,14.194583892822266,67176900
2015-08-03,14.218397752744037,14.266030152464259,14.004049682693017,14.107254981994629,62376800
2015-08-04,14.123134572015013,14.234277355502961,14.059622679499775,14.131072044372559,69741500
2015-08-05,14.234274087358555,14.329538875845198,14.131068799923762,14.186641693115234,65228600
2015-08-06,14.218395900354729,14.273967278489529,14.107253144085128,14.139007568359375,47594700
2015-08-07,14.226337951193273,14.345419717748882,13.972296445419488,14.091378211975098,71020700
2015-08-10,14.186645929873276,14.329543155278653,14.178706942760705,14.321605682373047,65791200
2015-08-11,14.170764147682851,14.26602893902023,14.067558857159705,14.12313175201416,65868600
2015-08-12,13.988175126809958,14.011990572803631,13.511846522246937,13.90878677368164,141600100
2015-08-13,13.940539569992646,14.04374487120673,13.845274768786878,13.988173484802246,67456200
2015-08-14,13.948481914535057,14.051687240600586,13.924666465602302,14.051687240600586,52710300
2015-08-17,13.98023423993625,14.13900941040588,13.940539311663828,14.107254981994629,42310000
2015-08-18,14.067561439670959,14.210460167116816,14.01199004882131,14.043745994567871,50360700
2015-08-19,13.932603931447545,14.043748245165238,13.845278095063666,13.861154556274414,78540500
2015-08-20,13.646805470580755,13.654744456850203,13.273680686950684,13.273680686950684,149185400
2015-08-21,12.860866290787634,13.226050638977387,12.781477928161621,12.781477928161621,148874300
2015-08-24,11.924085166949304,12.68620970054267,11.590655304950493,12.138432502746582,214649500
2015-08-25,12.860861437354087,12.860861437354087,12.106674548332727,12.11461353302002,194377000
2015-08-26,12.551248386436196,12.749717712402344,12.178124418276749,12.749717712402344,174208500
2015-08-27,13.00376149759186,13.059334402704417,12.77353694752432,13.051395416259766,124185400
2015-08-28,13.019637995785095,13.051393937966798,12.860862827496577,12.987883567810059,75899300
2015-08-31,12.964068764600695,13.003762184714526,12.844986990052284,12.972007751464844,66695200
2015-09-01,12.662391805787149,12.74177938887442,12.273390604480547,12.368656158447266,119064000
2015-09-02,12.599624349830249,12.631481777332006,12.40051523805902,12.623517990112305,74820400
2015-09-03,12.719088835641685,12.894305046876283,12.639444896114805,12.695195198059082,77175800
2015-09-04,12.575731917416237,12.631482227646575,12.344765369909252,12.46423053741455,104539500
2015-09-08,12.711125689485087,12.870412826538086,12.663339168598696,12.870412826538086,73960200
2015-09-09,13.037661801872028,13.109339665282958,12.607585506917086,12.663335800170898,70466100
2015-09-10,12.639443461921962,12.830588743189113,12.591657711260783,12.7748384475708,71110200
2015-09-11,12.735015722785132,12.790766018403444,12.66333633725255,12.7748384475708,54287700
2015-09-14,12.71908801183671,12.798731186664268,12.663336953962485,12.7111234664917,50640900
2015-09-15,12.774841957875514,13.053593512563163,12.750948316438555,12.98987865447998,62327100
2015-09-16,13.02173315166538,13.053589812135234,12.814659541825694,13.005804061889648,83776400
2015-09-17,12.973948849515843,13.125270662030351,12.567765369847086,12.63148021697998,119088200
2015-09-18,12.488120821315547,12.512013696485186,12.344762051216108,12.392548561096191,136531200
2015-09-21,12.480159281248106,12.543874136734908,12.400515332119108,12.50405216217041,79096200
2015-09-22,12.336800699696605,12.408480103300557,12.304943271377184,12.40051555633545,92235200
2015-09-23,12.42440720727776,12.623516292269128,12.408478115898827,12.519979476928711,78117500
2015-09-24,12.376619881712287,12.440334723971382,12.265118527988454,12.384584426879883,99520100
2015-09-25,12.647409980777368,12.758911348956975,12.59165967645803,12.655374526977539,88655000
2015-09-28,12.575730758768126,12.599623638159644,12.249191955433917,12.320871353149414,91324300
2015-09-29,12.344763073134951,12.368655950282479,12.145653991310194,12.225297927856445,79829400
2015-09-30,12.384584906316222,12.424406874154966,12.201404158074341,12.408477783203125,71347100
2015-10-01,12.36069155091793,12.456263814306574,12.233261106858905,12.384584426879883,71516800
2015-10-02,12.010262094879218,12.24919319152832,11.651865829676074,12.24919319152832,181838400
2015-10-05,12.30494157700919,12.575730060207702,12.296977031140788,12.496086120605469,75315300
2015-10-06,12.488122334277966,12.599622938272013,12.40051384880733,12.496086120605469,67473700
2015-10-07,12.567766667182276,12.687232587544251,12.400514986308288,12.54387378692627,66655600
2015-10-08,12.519980906670263,12.567766667182276,12.352729225796272,12.54387378692627,79056900
2015-10-09,12.54387201813034,12.599622317380065,12.344762938477476,12.408477783203125,76667100
2015-10-12,12.424408786110126,12.440337119972272,12.289014530347494,12.36069393157959,50725800
2015-10-13,12.304942864209638,12.416444239408564,12.265120890242809,12.36069393157959,73689800
2015-10-14,12.559804194874703,12.67926936820123,12.384587949060224,12.456267356872559,122272400
2015-10-15,12.591660249353412,12.965985582842277,12.519980849372462,12.894306182861328,127028800
2015-10-16,12.973949583703028,12.973949583703028,12.766875939032518,12.838555335998535,66989500
2015-10-19,12.74298109857613,12.910231996335716,12.727052007623296,12.85448169708252,62953500
2015-10-20,12.870416888443186,12.97395450963035,12.82263111201658,12.902275085449219,50797800
2015-10-21,12.95005333014086,12.973946963998877,12.663335800170898,12.663335800170898,64440400
2015-10-22,12.742983116895687,12.902271013489669,12.742983116895687,12.870412826538086,74116600
2015-10-23,12.973951166729625,13.181023317584335,12.942092977932253,13.15713119506836,82285800
2015-10-26,13.157130654049578,13.181022775583115,13.013771848520395,13.149166107177734,67702800
2015-10-27,13.061558723449707,13.117309037220265,12.981914767028002,13.061558723449707,56159300
2015-10-28,13.101381269149442,13.78631563853862,13.101381269149442,13.762423515319824,147720100
2015-10-29,13.66684572207178,13.889848415573287,13.515522411514276,13.611095428466797,95542300
2015-10-30,13.682776735561854,13.682776735561854,13.348273407810591,13.364202499389648,87645800
2015-11-02,13.45977333772039,13.65091786986661,13.43588122062818,13.587203025817871,56948200
2015-11-03,13.547379380954672,13.746488422675203,13.531450293037485,13.68277359008789,66127100
2015-11-04,13.778350043775534,13.786314590603759,13.50756152794384,13.547384262084961,78728400
2015-11-05,13.563309032146888,13.834097461658985,13.563309032146888,13.786310195922852,85505500
2015-11-06,14.208420630783259,14.407529662583382,14.144705801370474,14.296029090881348,158037500
2015-11-09,14.359746653742192,14.399567860049833,13.9854206304911,14.08099365234375,129920700
2015-11-10,14.041175506394351,14.288071927086701,13.985425191748382,14.216392517089844,59905800
2015-11-11,14.327889997841263,14.327889997841263,14.080995150485968,14.13674545288086,59235000
2015-11-12,14.001355496346644,14.04117671908094,13.818175441237237,13.834104537963867,77850900
2015-11-13,13.642956702696507,13.786315517074607,13.611100032324753,13.698708534240723,103574900
2015-11-16,13.642954654452554,13.905778601660092,13.547383138603552,13.88188648223877,70384300
2015-11-17,13.937635284066292,14.017279218077295,13.810205597281364,13.873920440673828,70488600
2015-11-18,13.881881128276591,14.232313429092574,13.881881128276591,14.208419799804688,85708300
2015-11-19,14.160639088141338,14.216389390526325,14.033209391523704,14.088959693908691,51829700
2015-11-20,14.184533830909363,14.200462925703834,14.00931834541645,14.057104110717773,56288300
2015-11-23,14.033210653295574,14.120817628171098,13.905779426138373,13.91374397277832,50362900
2015-11-24,13.746493050585276,13.993387920095842,13.738528503945329,13.91374397277832,58724200
2015-11-25,13.945601876395958,13.993387636184169,13.865957930694332,13.889851570129395,34939000
2015-11-27,13.905779014186626,13.93763719980263,13.802242949098414,13.921708106994629,22937500
2015-11-30,13.921707693995545,14.00135163659095,13.873921936071044,13.88188648223877,61893700
2015-12-01,13.953564518161768,14.184530258178711,13.92170633659711,14.184530258178711,74351800
2015-12-02,14.280372763019978,14.288359731859524,14.01680888474916,14.072717666625977,76919000
2015-12-03,14.120642255110532,14.192523473190993,13.77721010725033,13.817143440246582,95810100
2015-12-04,13.928954155760705,14.24043829869862,13.881032346571471,14.216477394104004,103021700
2015-12-07,14.208492077787064,14.21647752269908,13.92895428175499,14.008822441101074,81633300
2015-12-08,13.889021971970754,13.944929236695762,13.681365329164496,13.729287147521973,84873500
2015-12-09,13.665391868713021,13.88103394140668,13.473709180008326,13.657404899597168,82418100
2015-12-10,13.697340272039465,13.90499693005797,13.545590882841552,13.737275123596191,68395000
2015-12-11,13.553576350007067,13.625457551478437,13.290012452398258,13.361893653869629,91503900
2015-12-14,13.385853597604369,13.489681145937837,13.178196977578889,13.417799949645996,121121200
2015-12-15,13.593509903498829,13.968888290624996,13.56954899750241,13.912981033325195,99737200
2015-12-16,14.096679823398903,14.200508915383491,13.761234682929722,14.17654800415039,171576700
2015-12-17,14.216482863645142,14.2404437774583,13.817143440246582,13.817143440246582,97265700
2015-12-18,13.729285815510346,13.7931800437626,13.38585376739502,13.38585376739502,136737800
2015-12-21,13.561565347389926,13.601500200489461,13.393843534448528,13.55357837677002,65150300
2015-12-22,13.617470899636196,13.665392717307165,13.457736077475694,13.64143180847168,56173500
2015-12-23,13.70532626023857,13.849088668823242,13.65740596516325,13.849088668823242,65770700
2015-12-24,13.833113788318007,13.881034080133446,13.753245619719868,13.793180465698242,29369400
2015-12-28,13.75324621563959,13.761233185181338,13.561563516713731,13.681365013122559,41777500
2015-12-29,13.777208484455937,13.85707666439991,13.705327274842244,13.801169395446777,45670400
2015-12-30,13.737273760697462,13.769220115414566,13.6094852951117,13.617470741271973,35066400
2015-12-31,13.585524375021626,13.633444668735937,13.44176197052002,13.44176197052002,47153000
2016-01-04,13.13826741455907,13.170213775738153,12.978531038586718,13.122293472290039,114888000
2016-01-05,13.194174689141699,13.250081963724329,12.962557096317687,13.122293472290039,66670000
2016-01-06,12.930607594446755,13.010475763033895,12.794832164856198,12.842752456665039,102760800
2016-01-07,12.563215192230635,12.698990627915919,12.331598406946208,12.37951946258545,116255900
2016-01-08,12.73093949146172,12.73093949146172,12.107970252740213,12.139917373657227,124782400
2016-01-11,12.187835768857056,12.275690141734165,11.932258095768535,12.22776985168457,104611700
2016-01-12,12.411465566340144,12.443412680266299,12.02810019922628,12.22776985168457,100023500
2016-01-13,12.355560794568673,12.395494885434935,11.860380048193539,11.900313377380371,119413000
2016-01-14,11.988165747919638,12.139914343984774,11.700640969742585,11.97219181060791,125920000
2016-01-15,11.508959841551365,11.70862951475435,11.285330020834241,11.548893928527832,172296100
2016-01-19,11.732590441062225,11.812458620316704,11.189489411841745,11.373185157775879,185727400
2016-01-20,11.013777578805694,11.181500110936918,10.598465113615532,10.93390941619873,250537600
2016-01-21,10.91793892298529,11.053714375766656,10.582493776311257,10.670348167419434,188976000
2016-01-22,10.901961412479363,10.9578694264066,10.75819979788735,10.83008098602295,169999800
2016-01-25,10.814107441122204,10.822094409354749,10.334900010678464,10.350873947143555,186419100
2016-01-26,10.438729602549099,10.662360170618507,10.414769456569987,10.630413055419922,124246900
2016-01-27,10.542559685196837,10.965859222979045,10.534572714638067,10.670348167419434,124095800
2016-01-28,10.854043837792728,10.949885192006427,10.590479923285214,10.806122779846191,110996200
2016-01-29,10.909950677575422,11.301303049071619,10.854043413555779,11.293316841125488,159984100
2016-02-01,11.221435454722013,11.253382571023199,11.021765787419769,11.149554252624512,105739400
2016-02-02,10.97384312050003,10.981830088822187,10.486649478036803,10.566516876220703,147101200
2016-02-03,10.60645083224014,10.614437800468988,9.9994557187528,10.406781196594238,257664600
2016-02-04,10.294967841360494,10.854042731461343,10.294967841360494,10.582491874694824,179394400
2016-02-05,10.638402797298005,10.69431083872903,10.294971385236709,10.342891693115234,125842800
2016-02-08,10.119256711083084,10.143216852943494,9.68797034919979,9.799785614013672,221363600
2016-02-09,9.576154897775838,9.927573859383282,9.552194756382336,9.743877410888672,247349000
2016-02-10,9.919589605224482,10.015430958695328,9.512263281713869,9.568170547485352,227530000
2016-02-11,9.152853618897552,9.224734789889991,8.777474593536482,8.913249969482422,375088700
2016-02-12,9.16882847842181,9.60810178966141,9.104934261697412,9.544207572937012,245388400
2016-02-16,9.887642756408203,9.895629726501246,9.671999133972387,9.783814430236816,194306700
2016-02-17,10.03938879424752,10.135230125643009,9.959521398924212,10.031402587890625,221859400
2016-02-18,10.151210582904863,10.175170740726063,9.664016644915451,9.77583122253418,161539400
2016-02-19,9.759854229555966,9.775827407977424,9.56817075674276,9.687973022460938,121045600
2016-02-22,9.68797231894517,10.015430450439453,9.68797231894517,10.015430450439453,88865500
2016-02-23,9.95952387490281,9.96751008324511,9.664012839215,9.711933135986328,104498700
2016-02-24,9.552197578321302,9.703946200882395,9.304606838513912,9.687973022460938,159552800
2016-02-25,9.695958147188728,9.847706740869219,9.656024066216208,9.839719772338867,103054600
2016-02-26,9.975495504448867,10.342887689930919,9.903614308772925,10.143218040466309,160314400
2016-02-29,10.143218035238167,10.27100648896097,9.991469436862157,9.999456405639648,123661100
2016-03-01,10.095299888823272,10.55054654226407,10.07932594787756,10.53457260131836,153558200
2016-03-02,10.582676797408883,10.831209698565592,10.526556785519036,10.75103759765625,139622500
2016-03-03,10.72698275098325,10.863274819030604,10.62275935985424,10.823188781738281,105082700
2016-03-04,11.031637071086006,11.135860476453521,10.815172898881704,10.85525894165039,171410900
2016-03-07,10.783105936199917,10.91939804458916,10.718968563378835,10.847243309020996,97650300
2016-03-08,10.74301562556813,10.799136377958282,10.462414921927335,10.47043228149414,125894800
2016-03-09,10.558622010524358,10.638794085143223,10.422329942418829,10.534570693969727,92253800
2016-03-10,10.606726405823549,10.743018496572496,10.422331673973618,10.638795852661133,123016200
2016-03-11,10.775085452434627,11.095772988230241,10.718965458615864,11.055686950683594,120400600
2016-03-14,10.999565967861598,11.015599922692052,10.81517051755758,10.935428619384766,87746800
2016-03-15,10.831207017260475,10.903361737301152,10.735000978732112,10.87930965423584,80404000
2016-03-16,10.831208478071805,11.07172398911999,10.494486915519893,10.670865058898926,149645400
2016-03-17,10.598706644508514,10.807152634678578,10.462414594448779,10.74301528930664,122212300
2016-03-18,10.967498279743024,11.127841665352046,10.863274887952768,11.055686950683594,146616200
2016-03-21,11.063704066811399,11.248098765045771,10.999566713984004,11.095772743225098,104695700
2016-03-22,10.959481519478373,11.095773595854025,10.927412840600434,11.031636238098145,83252100
2016-03-23,11.039652601462466,11.087755233144206,10.90336053740163,10.919394493103027,95789700
2016-03-24,10.751035560283652,10.975516329880689,10.638795557773971,10.967499732971191,94836500
2016-03-28,11.007583160904579,11.015600521044052,10.855257141142346,10.919394493103027,54498500
2016-03-29,10.855255428349569,10.855255428349569,10.630774731906792,10.759049415588379,101606800
2016-03-30,10.815171061889723,10.951463125407003,10.791119746144775,10.807153701782227,85897000
2016-03-31,10.815169876659072,10.991547956807082,10.783101204321019,10.839221954345703,79592100
2016-04-01,10.799137400479538,10.943446063458525,10.678879289323225,10.871292114257812,73130900
2016-04-04,10.855256682867491,10.943445346945994,10.75103329918698,10.831205368041992,59709600
2016-04-05,10.66284592584255,10.694914604350956,10.550605168774329,10.57465648651123,78445900
2016-04-06,10.582675085273056,10.662847173211624,10.510520359043886,10.638795852661133,62558500
2016-04-07,10.542589169968673,10.59069257623442,10.221902343456035,10.302074432373047,105704500
2016-04-08,10.446378647549595,10.53456806049995,10.310086613514848,10.32612133026123,76548100
2016-04-11,10.358192200581179,10.494484263581791,10.326123524850303,10.39827823638916,79411500
2016-04-12,10.422331673973618,10.686898493762117,10.366211671163237,10.638795852661133,100791600
2016-04-13,10.863274887952768,11.103790348655085,10.84724016710308,11.055686950683594,138647200
2016-04-14,10.991550524230954,11.448529402934401,10.98353316312937,11.336289405822754,179383300
2016-04-15,11.44051277620747,11.456546733790674,11.18396257367749,11.224048614501953,87958700
2016-04-18,11.103790693467005,11.416460113969691,11.07973861144557,11.360340118408203,81998200
2016-04-19,11.432492836741352,11.656973544322213,11.416458118196845,11.584818840026855,107153600
2016-04-20,11.673010043068265,11.977662096100474,11.648957961583422,11.969645500183105,115628700
2016-04-21,11.969646871838735,12.138007638637951,11.82533742470293,11.945594787597656,121589000
2016-04-22,11.92154247365233,12.138006626302467,11.92154247365233,12.113954544067383,83456600
2016-04-25,12.041802481234614,12.138008531543107,11.873441702050316,11.993699073791504,70489500
2016-04-26,12.041805168763323,12.138011240543397,11.865426988210906,12.097925186157227,84812400
2016-04-27,12.04179859161377,12.266279303157418,12.009729153958629,12.04179859161377,115789000
2016-04-28,11.961627139171924,12.089901838051379,11.833352440292469,11.857403755187988,78639300
2016-04-29,11.80930214077967,11.905508944017573,11.568787426417805,11.67301082611084,122128100
2016-05-02,11.689044735568801,11.849388132677078,11.54473529588254,11.841371536254883,68882800
2016-05-03,11.632925788067412,11.632925788067412,11.34430688263536,11.512667655944824,110549000
2016-05-04,11.296202235547792,11.440511662638357,11.22404752200251,11.32827091217041,99269700
2016-05-05,11.344306682809613,11.480598771401192,11.224049317383011,11.264135360717773,73145900
2016-05-06,11.087755102987105,11.336287912350427,11.063703787428569,11.312235832214355,76595100
2016-05-09,11.288182914513133,11.376371568762753,11.151890871396265,11.216028213500977,55399600
2016-05-10,11.28818526002563,11.488614686893383,11.264133942883223,11.464563369750977,59870500
2016-05-11,11.42447782468766,11.624907260208497,11.376374423748507,11.384391784667969,68088900
2016-05-12,11.464564125137573,11.600856205553976,11.26413468506376,11.336289405822754,72567100
2016-05-13,11.344305334417317,11.520683445379229,11.119824588833351,11.12784194946289,86193900
2016-05-16,11.079737360033983,11.240081497089605,11.063703405074927,11.167926788330078,57848600
2016-05-17,11.135859168209732,11.328271233401598,11.079738409095585,11.232065200805664,76273800
2016-05-18,11.240082947794535,11.825336524019967,11.232065586991489,11.777233123779297,150748500
2016-05-19,11.70507800797338,11.921541376117615,11.568785946165795,11.648957252502441,106156900
2016-05-20,11.73714957729239,11.785252220038885,11.568788798524217,11.64094352722168,81214000
2016-05-23,11.656977740633259,11.705081149005716,11.544736964149353,11.600857734680176,66303200
2016-05-24,11.705080128629548,11.825337492210794,11.648959362990986,11.769217491149902,96183700
2016-05-25,11.889474193909964,12.14602362973227,11.889474193909964,11.961628913879395,123498700
2016-05-26,12.009732389451742,12.01774975102545,11.77723425585793,11.78525161743164,65356600
2016-05-27,11.833355565423103,11.929561614990234,11.777234796408987,11.929561614990234,62411300
2016-05-31,12.04981580350717,12.06585052315586,11.809300360819435,11.857403755187988,85635900
2016-06-01,11.744782549837298,11.98611307807928,11.624116518545268,11.953935623168945,62612100
2016-06-02,12.026335075225813,12.050467974589147,11.881536911874774,12.018290519714355,64327300
2016-06-03,11.632163538081395,11.66434099980781,11.414965096049693,11.59998607635498,148600900
2016-06-06,11.616075668446216,11.825229575667075,11.5597652961834,11.680431365966797,80949300
2016-06-07,11.696516237667401,11.744782804665668,11.535628959624937,11.543673515319824,67447100
2016-06-08,11.54367350072959,11.63216131174834,11.503451489477046,11.608028411865234,58292900
2016-06-09,11.519541614457843,11.519541614457843,11.326476851205419,11.41496467590332,74814900
2016-06-10,11.246033409895519,11.262122524601418,11.061013193804964,11.125368118286133,90725700
2016-06-13,10.972524176591646,11.189721831409777,10.924257604870322,10.940346717834473,71925000
2016-06-14,10.90816803578682,11.044921644790296,10.594437272709204,10.666836738586426,85377800
2016-06-15,10.763370046773158,10.988612252542191,10.68292601827009,10.731192588806152,100659100
2016-06-16,10.642706071968256,10.723150116102145,10.473774960195358,10.707061767578125,90152000
2016-06-17,10.76336874882729,10.884034009859855,10.6829247300249,10.779457092285156,89022300
2016-06-20,11.052968570930338,11.141457166945797,10.867948355936578,10.892081260681152,89874000
2016-06-21,10.95643424987793,10.980567150360644,10.819679868524101,10.95643424987793,73810800
2016-06-22,10.940349076996496,11.085147289042297,10.932304518779702,10.948392868041992,77980500
2016-06-23,11.133412766825067,11.30234463676454,11.117323651987395,11.294300079345703,82494600
2016-06-24,10.497906533867535,10.811636578385192,10.433551613598725,10.457684516906738,231499200
2016-06-27,10.272663220263816,10.272663220263816,9.693468232280061,9.79804515838623,250847700
2016-06-28,10.111777420728945,10.232443485640571,9.93480175299923,10.216354370117188,150136300
2016-06-29,10.513994660192335,10.63466070854805,10.393329379007767,10.610527038574219,118484000
2016-06-30,10.755327115957733,10.763371673458048,10.51399576114686,10.674883842468262,125773900
2016-07-01,10.610527564843176,10.674883254127543,10.473773930731058,10.538128852844238,88888100
2016-07-05,10.401373895098647,10.409417684554072,10.160042566499595,10.248530387878418,98246500
2016-07-06,10.071556105501804,10.393330742315719,10.015244968680932,10.345064163208008,94983300
2016-07-07,10.353107269088223,10.546172024102791,10.328974366504188,10.465728759765625,101100300
2016-07-08,10.682928296693992,10.715105761523713,10.546173879374859,10.594440460205078,92698900
2016-07-11,10.690972358312067,10.779460190692488,10.618572874013884,10.626617431640625,67267300
2016-07-12,10.78750431722638,10.940347837341513,10.779459759921119,10.892081260681152,89070600
2016-07-13,10.859905415940737,10.924260349624458,10.715106431566705,10.811638832092285,74595600
2016-07-14,11.044924767972532,11.085146790074718,10.97252604879411,10.980569839477539,97852100
2016-07-15,11.08514551025963,11.093190067185551,10.87599240038392,10.98861312866211,78652500
2016-07-18,11.133410241171282,11.447140237622948,11.117321129983479,11.350607872009277,187187100
2016-07-19,11.310388033578507,11.559763150603294,11.28625436379845,11.471275329589844,96940100
2016-07-20,11.543679187763523,11.608034130603857,11.471279685275288,11.583900451660156,79277900
2016-07-21,11.608030370107327,11.640207831103398,11.471275969081233,11.479320526123047,65376300
2016-07-22,11.471276715648752,11.58389745287893,11.4069217894683,11.567809104919434,46604800
2016-07-25,11.511498100004408,11.575853022627632,11.487364428642303,11.55976390838623,46420800
2016-07-26,11.51954089866109,11.704561860659616,11.511497109403773,11.688472747802734,60205600
2016-07-27,11.720648611559533,11.825225529386497,11.624116249066418,11.768915176391602,100986000
2016-07-28,11.720650661899038,11.817183041278941,11.632162839260248,11.809139251708984,72049500
2016-07-29,11.71260690654835,11.825227632568357,11.648251219602571,11.656295776367188,63276500
2016-08-01,11.680427561097407,11.744782470483257,11.471273722007874,11.527584075927734,61460900
2016-08-02,11.487362580109806,11.624116960470607,11.334519855267711,11.366697311401367,83776300
2016-08-03,11.35060982973682,11.6482515335083,11.342566039926592,11.6482515335083,65305400
2016-08-04,11.6482515335083,11.696518108225568,11.551719151244942,11.6482515335083,46176600
2016-08-05,11.865451541970952,12.114827471255875,11.865451541970952,12.106782913208008,120947800
2016-08-08,12.130913885750646,12.203313362293866,12.002204046194324,12.171135902404785,71960300
2016-08-09,12.155047390270171,12.219402313232422,12.122869928789047,12.219402313232422,49973300
2016-08-10,12.195269876868172,12.2113589918117,11.889583597482169,11.913717269897461,79080700
2016-08-11,11.929805902436284,12.042427408215598,11.865450975468459,11.970027923583984,68945400
2016-08-12,11.881539915216825,11.994160652160645,11.825228779573683,11.994160652160645,63031300
2016-08-15,12.042424358970937,12.09069015838987,12.02633524771726,12.082646369934082,48592100
2016-08-16,12.042424639733488,12.219400264623735,12.010247183646982,12.203311920166016,80307500
2016-08-17,12.195268944979606,12.259623865493653,12.130914024465557,12.187224388122559,93407300
2016-08-18,12.15504566437405,12.259622591131619,12.11482441861206,12.195267677307129,62804300
2016-08-19,12.171137463329401,12.267669855376733,12.106782535297846,12.243536949157715,59834800
2016-08-22,12.227444507070306,12.267666517940386,12.163089596546598,12.211356163024902,60877100
2016-08-23,12.275711682923035,12.39637695435213,12.275711682923035,12.348111152648926,67817900
2016-08-24,12.364200417969453,12.468777352339938,12.356155861362998,12.388333320617676,65484900
2016-08-25,12.404420669213648,12.500953033245263,12.388331558289527,12.492908477783203,67714400
2016-08-26,12.557263673872221,12.790550417401624,12.53313077410602,12.702062606811523,126886300
2016-08-29,12.71815568218942,12.879043009395694,12.69402200773001,12.742288589477539,120144900
2016-08-30,12.74228659660652,13.05601664379911,12.710109136197765,13.023839950561523,121280600
2016-08-31,13.10061597600228,13.124861965944108,12.83391702331676,13.04404354095459,127664300
2016-09-01,13.0521247383427,13.0521247383427,12.728852599663742,12.91473388671875,128812600
2016-09-02,12.882409357452616,12.979391019266586,12.785427695638646,12.930900573730469,100997300
2016-09-06,12.971308940232703,12.97939093801871,12.688445954398045,12.753100395202637,96542200
2016-09-07,12.70460908571999,12.809672737565775,12.648035875808153,12.688445091247559,63310300
2016-09-08,12.745016233360436,12.882406310377052,12.672279811518871,12.81775188446045,69292700
2016-09-09,12.858161690010078,13.0521249767605,12.720770835876465,12.720770835876465,135182500
2016-09-12,12.648037071898711,12.882409618721224,12.510646188857056,12.850082397460938,109724000
2016-09-13,12.664197801050834,12.817751869741041,12.567216162287302,12.704607009887695,89317600
2016-09-14,12.664195569651964,12.801586393044447,12.575295942468001,12.631868362426758,75528100
2016-09-15,12.639951752667818,12.728851389668403,12.591460551104726,12.664196968078613,67322600
2016-09-16,12.656115283465633,12.672279274630737,12.510642445945768,12.51872444152832,90926200
2016-09-19,12.56721826050229,12.753099573148303,12.56721826050229,12.5995454788208,66186400
2016-09-20,12.720770826453517,12.736934819041538,12.534889536140785,12.607625961303711,68210400
2016-09-21,12.696527216276486,12.79350887186219,12.437909468047947,12.648036003112793,95464600
2016-09-22,12.680361615725047,12.69652560831307,12.526807539846773,12.607625961303711,75611300
2016-09-23,12.551052836626004,12.664198473226314,12.52680761833365,12.54297161102295,51604400
2016-09-26,12.445987421473188,12.478314631500073,12.138879311588516,12.195451736450195,94972100
2016-09-27,12.130801358103463,12.397501122368935,11.969165254115563,12.357091903686523,81992600
2016-09-28,12.413661790335802,12.437907778995918,12.243943723422898,12.429825782775879,66076400
2016-09-29,12.429824698192458,12.526806332145897,12.171207007649956,12.25202465057373,78997700
2016-09-30,12.33284581514468,12.712690440169927,12.26010938076998,12.648036003112793,119428700
2016-10-03,12.599541155201551,12.712685995119067,12.526804746259483,12.631868362426758,69873100
2016-10-04,12.688441995334596,12.971304892910021,12.664196780283328,12.76926040649414,98501500
2016-10-05,12.898572538489846,13.116781071104434,12.898572538489846,13.019800186157227,86056900
2016-10-06,13.068288498998628,13.11677893357014,12.963225633846495,13.108696937561035,75886700
2016-10-07,13.084453129544112,13.132943566481982,12.914734288036774,13.035961151123047,99605400
2016-10-10,13.108696861626594,13.25416970598158,13.076370419260549,13.173351287841797,64158500
2016-10-11,13.141027063082923,13.197599502882689,12.947063751705135,13.019800186157227,77374000
2016-10-12,13.003633406943514,13.124860257910035,12.938978983662501,12.955142974853516,67165800
2016-10-13,13.003633891173232,13.003633891173232,12.607625341145068,12.793506622314453,78637000
2016-10-14,13.052127458312498,13.116781899521811,12.882409357452616,12.930900573730469,108865700
2016-10-17,13.068289216795348,13.092535206154416,12.85007993701336,12.971306800842285,101795500
2016-10-18,13.084454059524928,13.149108493865148,13.019799625184707,13.141026496887207,71433100
2016-10-19,13.173350583513608,13.359233397741606,13.157188133936286,13.310741424560547,97969000
2016-10-20,13.29457929466928,13.440050593261416,13.262251311771204,13.383478164672852,88081200
2016-10-21,13.302660843237767,13.472379684448242,13.254170406384716,13.472379684448242,77954900
2016-10-24,13.537034820769513,13.57744326334268,13.423889948378028,13.55319881439209,68244800
2016-10-25,13.504705822702338,13.593606239489072,13.480461375566435,13.512787818908691,49350300
2016-10-26,13.44813415038189,13.634016990661621,13.431971698539376,13.634016990661621,58730400
2016-10-27,13.698672632145408,13.819899509827067,13.625936197239735,13.66634464263916,97937300
2016-10-28,13.698669420488956,13.722913865451142,13.33498733122595,13.480460166931152,115123600
2016-10-31,13.480462407614775,13.520870850257007,13.334989547729492,13.334989547729492,70387600
2016-11-01,13.38347727686566,13.537032102479163,13.19759601198156,13.423887252807617,88587100
2016-11-02,13.302661727887042,13.383480155672151,13.157190407653799,13.318825721740723,119202000
2016-11-03,13.318825721740723,13.472380580384103,13.294581272443498,13.318825721740723,69690400
2016-11-04,13.35923713543926,13.504708471233862,13.213764258161197,13.375399589538574,82437400
2016-11-07,13.62593405295561,13.771406899874204,13.617852056850895,13.747160911560059,91581900
2016-11-08,13.593609453285085,13.827982774230323,13.504709015480543,13.739082336425781,95842800
2016-11-09,14.272479292015808,14.5876694540062,14.062352003527797,14.523015022277832,319516900
2016-11-10,14.75738748136521,15.34735933081575,14.749305485162484,15.161478042602539,304986400
2016-11-11,15.064497106895738,15.379688823777482,15.056415109900483,15.371606826782227,212952500
2016-11-14,15.686793938025986,16.325257702588125,15.678711942609413,16.228275299072266,320959900
2016-11-15,15.993911953211144,16.309102231699164,15.84035704304455,16.292938232421875,190293100
2016-11-16,15.985824359572032,16.131295677710654,15.905005932950615,15.961578369140625,126734500
2016-11-17,15.969657611673984,16.341420151938262,15.921167180657559,16.228275299072266,167979200
2016-11-18,16.212114249628577,16.276768683208502,16.05856093330331,16.163623809814453,120620200
2016-11-21,16.244441353351068,16.4464866399811,16.1717049268456,16.430322647094727,117479100
2016-11-22,16.430324330436687,16.543469209266952,16.26060701219129,16.406078338623047,104771800
2016-11-23,16.503056550814847,16.69701981135096,16.32525728069415,16.616201400756836,110801300
2016-11-25,16.664696447925387,16.874822196178364,16.567714029015104,16.858659744262695,62610400
2016-11-28,16.705106071724497,16.850578939639618,16.365669893750344,16.406078338623047,108651200
2016-11-29,16.470726043164913,16.600036405167437,16.365663204548607,16.397991180419922,114216800
2016-11-30,16.848199355647353,17.188894823092202,16.80763945047405,17.132112503051758,191699600
2016-12-01,17.37546671824029,17.797280472449465,17.31057241353136,17.44036102294922,199233900
2016-12-02,17.43225089365428,17.440362876005086,17.050997006381,17.221343994140625,128468700
2016-12-05,17.416020859632866,17.74049385177958,17.40790888010901,17.716157913208008,130377300
2016-12-06,17.918961908978805,17.975744247436523,17.61882470215598,17.975744247436523,120789200
2016-12-07,18.000077221535626,18.308324813842773,17.805394287362308,18.308324813842773,168005200
2016-12-08,18.48678660932898,18.851816555952713,18.40566832767842,18.616575241088867,182693900
2016-12-09,18.6165779111069,18.795036918570975,18.478677276683786,18.73014259338379,130590400
2016-12-12,18.657128320946114,18.859923193999876,18.283986497184195,18.340768814086914,136986000
2016-12-13,18.494891803622263,18.559786101111385,18.081191624130433,18.340768814086914,118204100
2016-12-14,18.09741540218567,18.900482974345174,18.016297137409495,18.389440536499023,225340900
2016-12-15,18.57600988120386,18.973487642850337,18.49489162333268,18.786916732788086,162025800
2016-12-16,18.786922258918068,18.916710890808147,18.37322041456749,18.381332397460938,147497700
2016-12-19,18.33265562896627,18.4299962952032,18.11363680913018,18.235313415527344,97508900
2016-12-20,18.356995944626274,18.519232503634495,18.340773526487446,18.421890258789062,83879500
2016-12-21,18.42999709063862,18.42999709063862,18.22720222215676,18.356990814208984,61079100
2016-12-22,18.332659295489233,18.438111962870057,18.227205080906103,18.28398895263672,67123500
2016-12-23,18.259648682416127,18.373213304572513,18.19475439158363,18.33265495300293,38187800
2016-12-27,18.42188552554674,18.44622146730595,18.283986497184195,18.340768814086914,39988600
2016-12-28,18.348890379216005,18.389448756131586,18.056865114374524,18.1136474609375,52652900
2016-12-29,18.113642220597864,18.16231256825664,17.6593820323102,17.8459529876709,79188400
2016-12-30,17.86217630740737,18.056859238212603,17.805393979322808,17.92707061767578,72605900
2017-01-03,18.33265741024181,18.39755170977249,18.00818591258841,18.275875091552734,99298100
2017-01-04,18.430002729131814,18.624685676771644,18.332662028913166,18.616575241088867,76875100
2017-01-05,18.51112097067485,18.60035123501739,18.12986705910655,18.39755630493164,86826400
2017-01-06,18.478674586406445,18.53545691927805,18.300214057721366,18.39755630493164,66281500
2017-01-09,18.259652620210918,18.421887608678063,18.17042237087251,18.292098999023438,75901500
2017-01-10,18.324546318237434,18.770694455751133,18.28398795926427,18.60845947265625,100977700
2017-01-11,18.60846029754107,18.713912963867188,18.42999979686293,18.713912963867188,92385600
2017-01-12,18.66524376415322,18.754474019954802,18.34077221651436,18.59223747253418,120474200
2017-01-13,18.827478143673442,18.989714685745504,18.49489462490781,18.66524314880371,161930900
2017-01-17,18.397549014695738,18.486779243679795,17.85405875554196,17.886505126953125,152495900
2017-01-18,18.089301649701014,18.373214775016027,17.92706668323676,18.356990814208984,124366000
2017-01-19,18.43811006677836,18.503004366309042,18.17853286865564,18.275875091552734,75990800
2017-01-20,18.381330546795038,18.600349421259278,18.267765892125748,18.3651065826416,102564900
2017-01-23,18.348884754128605,18.46244941243985,18.186648201796178,18.300212860107422,61385600
2017-01-24,18.340774011798477,18.738251889963447,18.235319781491985,18.616575241088867,98508700
2017-01-25,18.9167078532761,18.99782612198255,18.73824889988375,18.95726776123047,99753300
2017-01-26,18.98971168105976,19.10327631421981,18.88425902844001,19.014047622680664,84146400
2017-01-27,19.005934305384173,19.022158265323686,18.884257700241776,18.94915199279785,54590200
2017-01-30,18.819370171614008,18.819370171614008,18.421890746246504,18.616575241088867,91561200
2017-01-31,18.47056080243655,18.681467694824075,18.251541927972315,18.3651065826416,91044300
2017-02-01,18.63279783516797,18.83559276760333,18.511121185147264,18.567903518676758,103630900
2017-02-02,18.44622235978491,18.486782264679324,18.25965143887714,18.42999839782715,88679100
2017-02-03,18.778804048355582,18.941040558016486,18.6165690858967,18.892370223999023,116035100
2017-02-06,18.778810949591854,18.96538192122554,18.713916631319155,18.75447654724121,92228400
2017-02-07,18.8842646356623,18.89237661861126,18.543569087818824,18.57601547241211,87982900
2017-02-08,18.438110876483844,18.438110876483844,18.210981591753203,18.389440536499023,102264500
2017-02-09,18.46245134141277,18.778810949591854,18.365109090402424,18.75447654724121,102634200
2017-02-10,18.811257084247995,18.851815449090672,18.624684583245323,18.722026824951172,90548300
2017-02-13,18.79503078446594,19.095167907503114,18.79503078446594,18.98160171508789,105342500
2017-02-14,18.98160455720008,19.60621329379847,18.924822226091585,19.516983032226562,139711400
2017-02-15,19.744106499511883,20.092913885172912,19.557535610921718,19.93878936767578,151233300
2017-02-16,19.906342996582747,19.971237285970716,19.71165858121695,19.93878936767578,98144500
2017-02-17,19.695438568085557,19.93879179612926,19.630544270793763,19.890121459960938,85789200
2017-02-21,19.946902012397622,20.117248947520697,19.938790032553385,20.10102653503418,78571500
2017-02-22,19.96312783966615,20.23892899136393,19.90634552264639,20.109140396118164,81531900
2017-02-23,20.10913784432038,20.19025454565391,19.88200705786155,19.93878936767578,85846000
2017-02-24,19.565649924780292,19.75222083562935,19.484531666567026,19.654878616333008,97074400
2017-02-27,19.630549419836395,20.003691340337856,19.62243743714691,19.93068504333496,69129100
2017-02-28,19.857681856973862,20.036142409692868,19.809011500415377,20.01991844177246,90242000
2017-03-01,20.642354799096854,20.83763112007599,20.520305740556424,20.74812889099121,143947500
2017-03-02,20.894584512068043,20.99222188721709,20.504031907635653,20.528440475463867,99824600
2017-03-03,20.58539795098548,20.870176502480337,20.58539795098548,20.699310302734375,92456100
2017-03-06,20.609804161616523,20.626077573337547,20.40639117085761,20.54471206665039,75660400
2017-03-07,20.520301775371713,20.634214104536692,20.42266440970796,20.512165069580078,64053700
2017-03-08,20.829498340174137,20.967819287604954,20.520309609720055,20.5528564453125,105314600
2017-03-09,20.626083374023438,20.7725410168651,20.528444428156195,20.626083374023438,78984600
2017-03-10,20.845771602506492,20.845771602506492,20.41453534563389,20.593538284301758,86998800
2017-03-13,20.585397720336914,20.674899948868596,20.4470767998417,20.585397720336914,56886200
2017-03-14,20.495900922312227,20.61794845127613,20.381988550283193,20.601675033569336,63182700
2017-03-15,20.658630589896067,20.788814828635125,20.3087598663154,20.487764358520508,114662700
2017-03-16,20.53658286591035,20.73999593100683,20.495900873658467,20.520309448242188,70306200
2017-03-17,20.520307839474146,20.560991380455015,20.202983979415386,20.227394104003906,105222400
2017-03-20,19.999563309619248,20.146020897507274,19.86937913192274,19.885652542114258,87287500
2017-03-21,19.934477065831697,19.98329575880274,18.673316892638223,18.73027229309082,259545800
2017-03-22,18.429222228057828,18.860458457625903,18.266492717368344,18.66518211364746,167984400
2017-03-23,18.746547466612625,19.112690026119623,18.640771811348213,18.77095603942871,111666800
2017-03-24,18.876731900516585,18.998779421683,18.518724493432458,18.8116397857666,113499100
2017-03-27,18.128169947145594,18.754680905439518,18.030531009067506,18.7384090423584,119513500
2017-03-28,18.7221391177348,19.259149497483662,18.714002408718173,19.104555130004883,95761700
2017-03-29,19.128963525519755,19.24287433760431,18.9662324637546,18.998779296875,67204500
2017-03-30,19.02319347317393,19.511385250350305,18.982511471708765,19.421884536743164,79189200
2017-03-31,19.389333826131445,19.50324464904537,19.19405746459961,19.19405746459961,77158300
2017-04-03,19.242876167002926,19.32424170562083,18.779094614374998,19.19405746459961,88076600
2017-04-04,18.876731789829655,19.128963539017036,18.876731789829655,19.07200813293457,75244400
2017-04-05,19.34051130069542,19.430011978756838,18.836046302516692,18.852319717407227,97453300
2017-04-06,18.85232163826502,19.088279970546452,18.681453868341265,18.92555046081543,82975200
2017-04-07,18.738405082137422,18.990636753647667,18.657039576254714,18.844179153442383,79519400
2017-04-10,18.819772971551355,18.94182203185637,18.640770062712015,18.73027229309082,63254700
2017-04-11,18.575683592170208,18.67332255966227,18.372270499153924,18.64891242980957,94206700
2017-04-12,18.616365594793468,18.665185854511424,18.396680633737628,18.42922592163086,76556300
2017-04-13,18.35599151054354,18.68145205024997,18.17698860168457,18.17698860168457,88061800
2017-04-17,18.1932674604569,18.575683515049082,18.11190191320445,18.559410095214844,85053200
2017-04-18,18.803498934452364,18.83604420869743,18.20953177231949,18.478036880493164,146488400
2017-04-19,18.648910510547758,18.83605016440267,18.453634147579336,18.502452850341797,101771800
2017-04-20,18.681453800653966,18.852321569958626,18.56754298906313,18.77095603942871,103802600
2017-04-21,18.73840683404414,18.779088814829997,18.380399505839875,18.478036880493164,127235400
2017-04-24,18.909278664033216,19.40560704785286,18.909278664033216,19.22660255432129,138638900
2017-04-25,19.519512133826435,19.81242736304633,19.454420033101805,19.511375427246094,131531100
2017-04-26,19.527654559912627,19.68224892638246,19.413743738260404,19.438152313232422,95172200
2017-04-27,19.446287194724427,19.470697319321044,19.088279793566034,19.242874145507812,80024200
2017-04-28,19.177786034179015,19.299833578796243,18.97437294251073,18.990646362304688,69384900
2017-05-01,19.137098333108092,19.34051136415239,18.99877740992124,19.2103271484375,72382900
2017-05-02,19.210327169574573,19.259145862541807,18.982504015863707,19.145235061645508,60262600
2017-05-03,19.01505265869516,19.348649937626792,18.990642533925133,19.340513229370117,64272800
2017-05-04,19.511379419513027,19.56833482531109,19.30796636913799,19.40560531616211,68133400
2017-05-05,19.51137932272856,19.519516030933406,19.2021921705363,19.316102981567383,56678800
2017-05-08,19.324235747026336,19.57646744223993,19.324235747026336,19.495101928710938,56016500
2017-05-09,19.5520589601478,19.779880536724963,19.421874758698536,19.511375427246094,61622000
2017-05-10,19.45441815938283,19.66596785434236,19.421872888114102,19.649694442749023,48495300
2017-05-11,19.609022021986284,19.714796145055264,19.397472223929622,19.584611892700195,68350800
2017-05-12,19.462554923781227,19.527647018432617,19.324234028657276,19.527647018432617,62589000
2017-05-15,19.57647132873535,19.641563442097592,19.51137921537311,19.57647132873535,50688800
2017-05-16,19.584608104798864,19.665973634763375,19.478834002187885,19.519515991210938,55774800
2017-05-17,19.015052715349313,19.080144829678243,18.274627780969915,18.3641300201416,190353300
2017-05-18,18.39667873570337,18.71400263153723,18.307176487373376,18.502452850341797,108444100
2017-05-19,18.640769834037126,18.95809366233356,18.608224556428436,18.754680633544922,89566700
2017-05-22,18.868591380790573,18.909273362322278,18.567539440934365,18.746543884277344,74839400
2017-05-23,18.738408773059927,19.12082470854016,18.58381443662398,19.031322479248047,79020000
2017-05-24,19.07200624672468,19.096414817249787,18.89300178597646,19.006914138793945,58823200
2017-05-25,19.047597939817933,19.185918876344697,18.893003586777805,18.91741371154785,60443500
2017-05-26,18.90114406709703,19.055738450989242,18.852325359732703,18.90928077697754,50399500
2017-05-30,18.819772866334674,18.884864973904907,18.616359836187907,18.640769958496094,61307900
2017-05-31,18.5958735431916,18.612198850625994,18.032609175794445,18.293832778930664,138636300
2017-06-01,18.350976533574354,18.48158834429608,18.20403785725851,18.473424911499023,69725100
2017-06-02,18.179551704979115,18.44077536362553,18.089755488438474,18.32649040222168,79722300
2017-06-05,18.318323075605495,18.530567642407544,18.277505914480777,18.293832778930664,51590300
2017-06-06,18.122407619609856,18.293835046536415,18.016284544546636,18.146896362304688,71735600
2017-06-07,18.20403438159808,18.465259510181937,18.179545644898095,18.448932647705078,66429700
2017-06-08,18.46526042537347,18.946890436189396,18.4489335620874,18.750972747802734,93685900
2017-06-09,18.955056268713186,19.322402954101562,18.946892836036156,19.322402954101562,108254300
2017-06-12,19.444847372735516,19.62443974104765,19.371378050610602,19.412195205688477,85829900
2017-06-13,19.55097231942203,19.681584114337145,19.31423746800375,19.404033660888672,68047300
2017-06-14,19.22444125495928,19.436685810727628,18.938728927016708,19.395870208740234,102352400
2017-06-15,19.224443766720675,19.55097485334424,19.159137860799085,19.21628189086914,69707500
2017-06-16,19.232605420662317,19.281586013334746,19.07750488157937,19.126483917236328,57745800
2017-06-19,19.273427105527325,19.591793247555028,19.265263671498946,19.51832389831543,58587800
2017-06-20,19.518317140841592,19.58362303344313,19.167297384227584,19.175460815429688,59693500
2017-06-21,19.18362102853181,19.240763480345457,18.832601330802227,18.881580352783203,72432800
2017-06-22,18.87342870542716,18.93873462245566,18.693836265836875,18.718326568603516,64763300
2017-06-23,18.865263495045838,18.865263495045838,18.563222684090622,18.628528594970703,85399600
2017-06-26,18.701993901412706,18.889748160028184,18.555055244403935,18.685667037963867,61307800
2017-06-27,18.857095369493187,19.265257600187777,18.7754626119512,18.99587059020996,88257800
2017-06-28,19.208117377965724,19.559135629422414,19.208117377965724,19.49382972717285,119049300
2017-06-29,20.065256647084933,20.138725978474604,19.62444221576237,19.853012084960938,150501200
2017-06-30,20.097910608386393,20.097910608386393,19.73056394717708,19.804033279418945,84005200
2017-07-03,19.96730769006852,20.334654543326643,19.950982374269717,20.146900177001953,58129700
2017-07-05,20.2448481390666,20.367298066706464,20.09791102852668,20.34280776977539,76172500
2017-07-06,20.326483113420156,20.497912096530673,20.155055687325316,20.1713809967041,84465400
2017-07-07,20.342811770712704,20.40811768502415,20.122403726030647,20.26934242248535,54478800
2017-07-10,20.17954217849149,20.39995017917904,20.114236277215422,20.318317413330078,54632800
2017-07-11,20.310156744830625,20.33464704502258,19.967300327221807,20.081586837768555,69410600
2017-07-12,19.934641083215773,20.0815797182419,19.836681474193302,19.877498626708984,68708700
2017-07-13,19.94281540651639,20.106079434708697,19.893836353760303,20.097917556762695,55533400
2017-07-14,19.755052237032917,19.853010298728606,19.444848075294168,19.763214111328125,92625400
2017-07-17,19.771382049632475,19.771382049632475,19.534648715723815,19.608118057250977,81522000
2017-07-18,19.518325788334497,19.640774196585603,19.27342897183229,19.510162353515625,107981400
2017-07-19,19.63260652543873,19.755056464283548,19.436688803108932,19.640769958496094,74140100
2017-07-20,19.608118256431226,19.68975103195904,19.453016138629945,19.54281234741211,62793500
2017-07-21,19.461181568398583,19.55913966346889,19.314242868777274,19.42852783203125,65922500
2017-07-24,19.379548633864616,19.616283549640173,19.371385199836233,19.51832389831543,51382700
2017-07-25,19.795874910495638,20.13873136297867,19.787711476267962,19.98362922668457,86154700
2017-07-26,20.138724166535773,20.138724166535773,19.706071649169754,19.763214111328125,65704700
2017-07-27,19.80403368244618,19.959135782226053,19.616279410458464,19.68158531188965,62902100
2017-07-28,19.632604909806396,19.76321671394445,19.559135575351803,19.61627960205078,50143400
2017-07-31,19.689756393432617,19.8366935609745,19.665266087000916,19.689756393432617,62272000
2017-08-01,19.82852325743502,19.991787226561012,19.812196393417786,19.959135055541992,52782500
2017-08-02,19.95097120737863,20.07341957092285,19.804032548319395,20.07341957092285,55317100
2017-08-03,20.040768373645868,20.081585537990577,19.85301408870705,19.893831253051758,53210600
2017-08-04,20.146897357934865,20.4734269834654,20.12240705213905,20.383630752563477,105206600
2017-08-07,20.416276832029453,20.448929003821124,20.326480634825256,20.375459671020508,41860900
2017-08-08,20.36730184930811,20.693831417287743,20.261178766579853,20.32648468017578,73399300
2017-08-09,20.08158450554252,20.220359743148492,19.967298008268724,20.19586944580078,56910400
2017-08-10,20.065265083288722,20.065265083288722,19.665266087000916,19.689756393432617,78023700
2017-08-11,19.64893406662058,19.787709319332297,19.428526037546256,19.477506637573242,68157400
2017-08-14,19.7795444979424,19.99178907878439,19.73056545836828,19.934646606445312,54989500
2017-08-15,20.204035332484704,20.285668109877687,19.95913855732148,19.9754638671875,45143200
2017-08-16,20.032602986652957,20.097908881142633,19.657092925575828,19.746889114379883,59188900
2017-08-17,19.648932416628046,19.73056518613565,19.281587289367188,19.29791259765625,78969300
2017-08-18,19.232610809010083,19.510161350519205,19.142816144650713,19.281591415405273,60461200
2017-08-21,19.24893218384764,19.297911219247503,18.88974895787922,19.08566665649414,70124800
2017-08-22,19.265261985949593,19.50199532399713,19.240771686007147,19.45301628112793,59228600
2017-08-23,19.273421845762645,19.56729760550578,19.257094982161526,19.395870208740234,39825500
2017-08-24,19.534643332511497,19.542806763433305,19.33056223051203,19.46117401123047,39178700
2017-08-25,19.5019917285673,19.64893038710066,19.38770679727043,19.404033660888672,43511900
2017-08-28,19.46117410732802,19.510153136085478,19.24076614239658,19.36321449279785,37155000
2017-08-29,18.9550526846729,19.34688959400345,18.873421487368685,19.248929977416992,60897200
2017-08-30,19.470471303634614,19.724827517675283,19.330986193185893,19.585342407226562,58412900
2017-08-31,19.716620513190147,19.724825703047582,19.51149546169413,19.601749420166016,62362400
2017-09-01,19.609950805356437,19.839691381851146,19.52790048768121,19.765846252441406,56233900
2017-09-05,19.552516816127394,19.552516816127394,19.060216455828222,19.125856399536133,108605400
2017-09-06,19.27354666673928,19.34739179904316,19.043806081240568,19.20790672302246,64188900
2017-09-07,19.183294460955494,19.207910030955915,18.66638001078644,18.84688949584961,103501200
2017-09-08,18.8140688501212,19.06021827122552,18.74842890016139,18.781248092651367,68365000
2017-09-11,19.05201049073749,19.207905937557317,18.937140985175326,19.166881561279297,73741000
2017-09-12,19.248933529143535,19.716619947724535,19.240729904501325,19.65097999572754,99658500
2017-09-13,19.626363618928732,19.97917893325618,19.585339237486867,19.9627685546875,86339800
2017-09-14,20.003795084727333,20.13507656239782,19.856106356685544,19.888925552368164,70051000
2017-09-15,19.864304835017926,20.028405465852458,19.815075271759405,20.0037899017334,85937600
2017-09-18,20.03661489571701,20.323790277983726,20.028409705940252,20.266355514526367,68076400
2017-09-19,20.266352710571976,20.504296921257353,20.20071276641949,20.397632598876953,56218100
2017-09-20,20.414042968991225,20.70942352270799,20.24173868930967,20.56173324584961,82289900
2017-09-21,20.553524254370572,20.742240442656556,20.446859943582446,20.643779754638672,57864000
2017-09-22,20.520708308879296,20.569937878172556,20.389428414110743,20.528913497924805,61446000
2017-09-25,20.4632763833931,20.57814591597271,20.167895796782677,20.31558609008789,62361700
2017-09-26,20.373015906160582,20.479680222641583,20.258146401491864,20.356605529785156,53012700
2017-09-27,20.766860947175736,21.037625967831065,20.660196602969712,20.84891128540039,92877400
2017-09-28,20.996598644436375,21.037623025320645,20.791473610055384,20.881729125976562,64991400
2017-09-29,20.848906234672697,20.906340988022155,20.76685591632505,20.791471481323242,66232600
2017-10-02,20.889926387647844,21.045821804490103,20.83249164591105,21.021207809448242,54001400
2017-10-03,21.127882209497386,21.275572510290687,21.021217861691163,21.218137741088867,55946900
2017-10-04,21.218134717605466,21.291979857479536,21.08685481671376,21.09505844116211,53402800
2017-10-05,21.14428777866288,21.521717070367878,21.0540322676118,21.439666748046875,62636900
2017-10-06,21.53812699813151,21.579151375945596,21.365822733336714,21.505306243896484,53900600
2017-10-09,21.54633731332365,21.55454250383471,21.136087177651028,21.209932327270508,55172500
2017-10-10,21.19352148477616,21.291982203784915,21.095060765767403,21.275571823120117,46133800
2017-10-11,21.27556800856947,21.27556800856947,21.04582741539317,21.193517684936523,51652300
2017-10-12,21.226339246335815,21.275568816392905,20.791473610055384,20.881729125976562,71770000
2017-10-13,20.824292011078146,21.333002765618605,20.610963360604146,21.193517684936523,104196900
2017-10-16,21.226336443593258,21.6037657058279,21.226336443593258,21.52992057800293,71927200
2017-10-17,21.636593572899788,21.685823152644623,21.423263307365342,21.497108459472656,48644400
2017-10-18,21.611967672035355,21.78427190128701,21.603762485169177,21.726837158203125,55382500
2017-10-19,21.497103845629425,21.817098392761796,21.456077900497206,21.80889320373535,54542700
2017-10-20,22.18632539709005,22.301194920350706,22.07145430884952,22.29298973083496,83764700
2017-10-23,22.33400815394914,22.50631395784286,22.22734384866595,22.284778594970703,69607700
2017-10-24,22.440679862442746,22.842724756152617,22.432474672981744,22.711444854736328,90346500
2017-10-25,22.88375185672871,22.90836742803568,22.432477337627965,22.670421600341797,81265300
2017-10-26,22.71964723834192,22.957591443405605,22.71144204989425,22.760671615600586,55342500
2017-10-27,22.711446853621485,22.941185918829905,22.66221727750254,22.809906005859375,58856700
2017-10-30,22.68682783123194,22.77708334453415,22.5309323714317,22.645803451538086,51357600
2017-10-31,22.67862626665498,22.744266223643184,22.432476819194218,22.473501205444336,50311200
2017-11-01,22.678621405558804,22.752466536964548,22.448882387833986,22.588367462158203,46527700
2017-11-02,22.571961412981963,22.924776760682622,22.383246736530907,22.867341995239258,59692000
2017-11-03,22.75246978420252,22.82631492614746,22.662215827920853,22.82631492614746,37816100
2017-11-06,22.760673747551344,22.826313696301394,22.662214606916187,22.768878936767578,37261000
2017-11-07,22.7606748072972,22.785290376092014,22.169915241040783,22.30119514465332,68342100
2017-11-08,22.12068470389203,22.12068470389203,21.73505017218508,21.981201171875,83128200
2017-11-09,21.73504638671875,21.87453145942242,21.431462241115252,21.73504638671875,95448600
2017-11-10,21.81709715787188,21.940171856342698,21.710431271545396,21.75145721435547,61105300
2017-11-13,21.546339557287403,21.726849072389864,21.44787882588046,21.661209106445312,55902200
2017-11-14,21.546330954181727,21.620176082006697,21.398640698531782,21.52992057800293,61596800
2017-11-15,21.324800071015154,22.096070699408997,21.177109784197192,21.981201171875,98274900
2017-11-16,22.07966156204817,22.194531096045143,21.940176457203265,21.956586837768555,54565200
2017-11-17,21.751459340982105,21.93196881205562,21.694024580412343,21.84171485900879,48420700
2017-11-20,21.940176010131836,22.02222634630633,21.776076902762846,21.940176010131836,46328800
2017-11-21,21.989407273899335,22.03863841837134,21.899153305660885,21.93197250366211,57749100
2017-11-22,21.96478821203363,22.0714525372168,21.817097942564814,21.87453269958496,38103200
2017-11-24,21.923762946036916,21.94017332425889,21.800688239331738,21.81709861755371,14273600
2017-11-27,21.759663858756614,22.087863598297027,21.75145866964563,21.81709861755371,44828600
2017-11-28,21.841712415335067,22.72785242279161,21.80068647310394,22.678621292114258,99765000
2017-11-29,22.990414660745802,23.37604916923103,22.84272438282129,23.203744888305664,119728400
2017-11-30,23.582779863007516,23.665178253387772,23.137821011041076,23.21198081970215,122131900
2017-12-01,23.27790176109366,23.49214104554581,22.659904369206217,23.1543025970459,137774800
2017-12-04,23.77230257606066,24.15134026327742,23.747582111901337,23.945341110229492,145661700
2017-12-05,23.97830391069395,24.14310230513663,23.772304738903877,23.838224411010742,91349800
2017-12-06,23.673420144304348,23.8711791246992,23.541580824041116,23.599260330200195,74593800
2017-12-07,23.805257224733715,23.871176878662958,23.37678026001789,23.714618682861328,80706100
2017-12-08,23.91237866044528,23.970058163627524,23.698139383162236,23.937097549438477,60991300
2017-12-11,23.920620156847175,24.035979169687685,23.813499726367837,23.846460342407227,54001900
2017-12-12,24.159574508666992,24.30789411404696,23.821736106034145,24.159574508666992,76017200
2017-12-13,24.151338792472597,24.25845922565727,23.755820819903143,23.764060974121094,79980600
2017-12-14,23.94534067394415,24.044220957131028,23.656941550601935,23.67342185974121,60615800
2017-12-15,23.821741181710884,24.04422063718433,23.681661699188577,23.928861618041992,129859400
2017-12-18,24.134857966569623,24.307896475222257,24.118377659560252,24.29141616821289,70548600
2017-12-19,24.39029608742505,24.42325512932063,24.20077727449192,24.26669692993164,67984100
2017-12-20,24.52213575139832,24.588055407787216,24.266697279347415,24.29141616821289,81271200
2017-12-21,24.382058241276546,24.703416395498753,24.37381808711076,24.571577072143555,72953200
2017-12-22,24.70341742951289,24.744618202066377,24.406779725371642,24.621017456054688,54203000
2017-12-26,24.50565366145064,24.670453576256953,24.373814358264973,24.53861427307129,42371200
2017-12-27,24.439741747698914,24.497421264648438,24.39030238626346,24.497421264648438,35111800
2017-12-28,24.49742187626374,24.571581706092914,24.439742357874163,24.55510139465332,37914900
2017-12-29,24.596293913430603,24.621012800640003,24.32437515258789,24.32437515258789,40672000
2018-01-02,24.51389777797709,24.637496948242188,24.398538761949496,24.637496948242188,57121600
2018-01-03,24.63750138020229,24.670462003081482,24.464462825033554,24.55510139465332,57865700
2018-01-04,24.695178854174053,25.08245828269816,24.62101903048428,24.8764591217041,76512500
2018-01-05,25.02477427389778,25.065973470036454,24.761094075005055,24.99181365966797,56445200
2018-01-08,24.909411808621407,24.942372420354143,24.76109219912103,24.81877326965332,42914800
2018-01-09,24.8846994837085,25.164858470722415,24.82701839796537,24.942378997802734,69479100
2018-01-10,25.02477573801041,25.321413425191004,24.975334813773078,25.173093795776367,63532800
2018-01-11,25.263734817504883,25.28845528050316,25.09069629146315,25.263734817504883,59318300
2018-01-12,25.44501274277651,25.708692958653657,25.354374191103407,25.70045280456543,66371600
2018-01-16,26.15364786418176,26.19484863082051,25.56861112274844,25.741649627685547,104467900
2018-01-17,25.54389152948805,25.782851269155234,25.00005396459213,25.692211151123047,124382900
2018-01-18,25.815813892721906,26.128931914989067,25.716933607367174,25.93941307067871,76463800
2018-01-19,26.02180987513019,26.1536491917694,25.922929601826468,26.137168884277344,66491000
2018-01-22,26.095975258734956,26.31845474243164,26.02181543083606,26.31845474243164,53848800
2018-01-23,26.25253588732207,26.475015377944906,26.194856368638153,26.30197525024414,56531400
2018-01-24,26.37612589208214,26.54092581643124,26.219567692763906,26.442047119140625,81585000
2018-01-25,26.565647848226728,26.573886429960485,26.31020780832077,26.442047119140625,62265800
2018-01-26,26.458532133579173,26.532691955566406,26.326692799301604,26.532691955566406,52699900
2018-01-29,26.573883409233364,26.7386833148492,26.516203913762332,26.598602294921875,59126500
2018-01-30,26.326693536726722,26.53269269876168,26.244293557582964,26.269012451171875,60555800
2018-01-31,26.409094333818075,26.606854930316786,26.326695918867472,26.367895126342773,65734100
2018-02-01,26.367893629807693,26.779891967773438,26.334933008378947,26.779891967773438,62367400
2018-02-02,26.730447227263344,26.919966058530527,26.252530857828148,26.326690673828125,96971900
2018-02-05,25.642769039749428,26.351404885535974,24.019495101824976,24.934131622314453,155908300
2018-02-06,24.233737996896682,25.782852364627608,24.14309787501334,25.70869255065918,165878400
2018-02-07,25.642776223752065,26.153653262329872,25.428536907956936,25.749895095825195,101180500
2018-02-08,25.799335543507134,25.857015059492998,24.497420855365785,24.505661010742188,128981300
2018-02-09,24.8599743460459,25.22253324433088,24.003017235853875,24.99181365966797,143071100
2018-02-12,25.230776286755198,25.90645323934392,25.164856622396513,25.64277458190918,95055100
2018-02-13,25.576852143917428,25.87348981553882,25.346132557857587,25.692211151123047,76727300
2018-02-14,25.68397790936922,26.392614022168345,25.593337766944728,26.367895126342773,97251500
2018-02-15,26.68924559811066,26.75516682557445,26.26076862113597,26.540925979614258,68117400
2018-02-16,26.36789062927412,26.582128357586072,26.301970965566888,26.343170166015625,62137800
2018-02-20,26.334930073308293,26.49973001878694,26.16189154503959,26.310211181640625,58573900
2018-02-21,26.20309162207704,26.672769439258506,26.178372729582524,26.260772705078125,72210300
2018-02-22,26.3596460430766,26.483245195291175,26.030047779954916,26.11244773864746,64749700
2018-02-23,26.20308602487795,26.41732685839216,26.170126984709327,26.39260482788086,53626300
2018-02-26,26.507967234230914,26.730446677656428,26.409088529363135,26.713966369628906,61796300
2018-02-27,26.631566929445604,27.068284073524957,26.631566929445604,26.639808654785156,69235500
2018-02-28,26.771653937912024,27.002372006090575,26.442054003401584,26.450292587280273,72044000
2018-03-01,26.524727402681943,26.75631116833854,25.937495336857186,26.036745071411133,90547100
2018-03-02,25.7389929398403,26.210433098103262,25.333718216111293,26.16080665588379,82739100
2018-03-05,25.929220857006207,26.756307653989737,25.780344697183573,26.574350357055664,70543100
2018-03-06,26.71496125052176,26.731503401195752,26.425481501458535,26.557815551757812,50832600
2018-03-07,26.218707186678795,26.65706310053504,26.11945586837301,26.61570930480957,52763900
2018-03-08,26.623980993968953,26.69014959665151,26.309688018958393,26.632253646850586,53139800
2018-03-09,26.85556574161211,27.07060737247573,26.797669796568353,27.06233787536621,73905800
2018-03-12,27.037520324452483,27.335272671595227,26.996166532925336,27.161584854125977,60322800
2018-03-13,27.269111949417297,27.285654099905745,26.714960950878407,26.76458740234375,63347500
2018-03-14,26.92172866956027,26.92172866956027,26.408934709165504,26.582622528076172,58011400
2018-03-15,26.70669223744607,26.748046037335282,26.408939830095452,26.549543380737305,41964200
2018-03-16,26.557810032475246,26.938269953631366,26.53299838916697,26.607433319091797,83447600
2018-03-19,26.574359053444823,26.648797157715816,26.202168532089868,26.450294494628906,57363200
2018-03-20,26.516463100688807,26.63225500620084,26.36758531460043,26.450294494628906,44784500
2018-03-21,26.46683478704576,26.839025282257104,26.202166691582708,26.35931396484375,64546300
2018-03-22,26.00365924968673,26.045013037892247,25.16002871890862,25.267549514770508,110271900
2018-03-23,25.383347991561138,25.39988856359366,24.026921699482987,24.12617301940918,115740200
2018-03-26,24.721673206739652,25.275822530020193,24.523172168518474,25.176572799682617,83297000
2018-03-27,25.350258591556813,25.366800737807022,24.159250879821936,24.4156494140625,85821800
2018-03-28,24.638968856280236,24.779572396446124,23.993839214269425,24.30813217163086,79396100
2018-03-29,24.45700887481873,24.92844910947656,24.24196565632553,24.804386138916016,65678300
2018-04-02,24.64723559082777,24.862278780726584,23.77879333483483,24.241962432861328,86644200
2018-04-03,24.43219699922329,24.523175668760636,24.068277588435173,24.47355079650879,69698700
2018-04-04,23.985564664259076,24.787839879940147,23.944210873442543,24.713401794433594,66640800
2018-04-05,24.9615339230244,25.267555818197824,24.91190904928882,25.07732582092285,55765500
2018-04-06,24.820924436535247,25.052509769171053,24.291588336277428,24.506629943847656,79687600
2018-04-09,24.663779971995652,25.33372124663974,24.614155101385844,24.705135345458984,65917500
2018-04-10,25.209653854370117,25.292363009226353,25.00288175600249,25.209653854370117,60540500
2018-04-11,24.93672403388865,25.0111621432249,24.721680782200202,24.729951858520508,62211500
2018-04-12,24.99460962695852,25.474320811805978,24.953255840050197,25.350257873535156,57989100
2018-04-13,25.747263476616368,25.780347772766508,24.448734826098697,24.647235870361328,99254500
2018-04-16,24.878823710121857,25.118680148668343,24.374299185969747,24.7547607421875,110588900
2018-04-17,24.953256344589914,25.11867465065956,24.71339995854351,24.845735549926758,83475900
2018-04-18,24.837469673939836,24.994615362287195,24.399112175414064,24.423925399780273,79743200
2018-04-19,24.440460322307107,25.011151730442773,24.432190826976107,24.96152687072754,80902600
2018-04-20,25.02769660949707,25.25101086892278,24.920174227901278,25.02769660949707,65554600
2018-04-23,25.03597202240092,25.143492845085724,24.91190904928882,25.07732582092285,50686300
2018-04-24,25.193121331093785,25.523958076890896,24.812661281992234,24.96980857849121,81486800
2018-04-25,24.887099640570224,25.093871819985033,24.647243155226708,24.92845344543457,65893500
2018-04-26,24.845740416500053,25.04424147613681,24.80438504310936,24.87055206298828,45936700
2018-04-27,24.80438395311793,24.9863428554025,24.787841804488572,24.936717987060547,47411200
2018-04-30,25.03596793889477,25.168301965636097,24.74648666381836,24.74648666381836,55153900
2018-05-01,24.746484235674913,24.779566950341128,24.498358354267733,24.771297454833984,52871700
2018-05-02,24.77130207534823,24.8705518154055,24.44873647629668,24.46527862548828,68234600
2018-05-03,24.40738079287684,24.41565186683285,23.514125313726666,24.150983810424805,110672700
2018-05-04,23.97729140420816,24.33293965196599,23.83668631968869,24.233688354492188,58281900
2018-05-07,24.34948157594951,24.638962815269238,24.258501352222954,24.5148983001709,46765200
2018-05-08,24.62242669938469,24.9201775069179,24.539717528246374,24.7547607421875,65119800
2018-05-09,24.89536524712812,25.466056778635636,24.87882309779835,25.408159255981445,72266500
2018-05-10,25.317181394700082,25.697641376104063,25.160034126163282,25.548765182495117,54773200
2018-05-11,25.56530489937002,25.664556211512583,25.482595735508898,25.573575973510742,42024800
2018-05-14,25.672823777154242,25.829969431713838,25.664552704143862,25.738990783691406,41791600
2018-05-15,25.573575143817454,25.937494506471964,25.515679204256834,25.821701049804688,64433500
2018-05-16,25.788616689564787,25.846512625438418,25.656282671126217,25.68936538696289,43590100
2018-05-17,25.672832756453648,25.70591548252027,25.366809258218673,25.482601165771484,45981500
2018-05-18,25.44951190700807,25.466054054568346,25.00288338815665,25.02769660949707,58641700
2018-05-21,25.242737872865554,25.37507188817829,25.209653580264423,25.267549514770508,34983300
2018-05-22,25.308910319772227,25.755537323052824,25.259285447751324,25.548765182495117,61103000
2018-05-23,25.399885481715177,25.441240850644185,24.87882045357784,25.176572799682617,73893100
2018-05-24,25.14348680530977,25.151757878536603,24.672046674201763,24.986339569091797,62146200
2018-05-25,24.820925295136185,24.9698014728701,24.713402910085662,24.944988250732422,44166700
2018-05-29,24.614155930649044,24.647238652988094,23.737442491789945,23.952484130859375,135895000
2018-05-30,24.225419982300373,24.48181694447192,24.11789760692313,24.390836715698242,79435300
2018-05-31,24.249665520859608,24.299493155877332,23.942391672934406,24.116790771484375,97509300
2018-06-01,24.490494637794793,24.63167422372952,24.341010183982547,24.415752410888672,64796600
2018-06-04,24.540322261068347,24.57354173257844,24.357619919737594,24.415752410888672,43777000
2018-06-05,24.341013390195954,24.36592799711029,24.133396417885194,24.183225631713867,47690800
2018-06-06,24.324399593760162,24.95555364926449,24.31609472671518,24.947250366210938,74995800
2018-06-07,25.080131043250073,25.17148143451518,24.822684855524567,24.988779067993164,68402700
2018-06-08,24.922338485717773,24.955556373532495,24.756244294669358,24.922338485717773,49572900
2018-06-11,25.02199586943533,25.254527439957442,24.963863372802734,24.963863372802734,46732800
2018-06-12,25.055212701158425,25.13825979501275,24.706416174163515,24.83098602294922,49644600
2018-06-13,24.897421512190117,25.21300012834782,24.664891567643863,24.781156539916992,68900200
2018-06-14,24.94725559554181,24.955558880335865,24.399145343620624,24.498802185058594,77863200
2018-06-15,24.291182655791392,24.4240573743687,23.97560559516818,24.316097259521484,105079500
2018-06-18,24.033737992472112,24.498799505672316,23.925776294055897,24.415752410888672,52644100
2018-06-19,24.116785721491397,24.390840032690544,24.042043492619662,24.299488067626953,65466200
2018-06-20,24.432363336826562,24.49880069909155,24.233051250031593,24.282878875732422,52256500
2018-06-21,24.25796481507029,24.457278490328164,24.083567329209274,24.324403762817383,68322600
2018-06-22,24.46558525396932,24.51541447186567,24.075265884399414,24.075265884399414,76079200
2018-06-25,23.967304462844425,24.008827224874796,23.469023398520754,23.65172576904297,73616400
2018-06-26,23.684939795442673,23.80950963685941,23.261401067432587,23.701549530029297,56369300
2018-06-27,23.676634497783343,23.958993644657674,23.452407836914062,23.452407836914062,61764400
2018-06-28,23.585282615784486,23.950688851215347,23.502235528096822,23.80950927734375,71292100
2018-06-29,24.15830743704724,24.224744794960397,23.40258189678828,23.410886764526367,102307600
2018-07-02,23.319537735089295,23.485631942749023,23.111920767510508,23.485631942749023,52534300
2018-07-03,23.527153087050834,23.610200185177828,23.037176950492388,23.070396423339844,40599000
2018-07-05,23.21158109873983,23.31954124115611,23.095314502300763,23.18666648864746,44506800
2018-07-06,23.095311190226738,23.377670394812785,22.945826719093915,23.27801513671875,39424900
2018-07-09,23.44410442986682,24.15830720867544,23.435799562207237,24.12508773803711,61758900
2018-07-10,24.26626856254392,24.35762052748441,23.875949266510986,23.942386627197266,58858400
2018-07-11,23.809509006217674,24.008821064003577,23.7679862548424,23.817813873291016,50218900
2018-07-12,24.000524916754017,24.058657423396564,23.80121278655442,23.89256477355957,51700700
2018-07-13,23.767988200248215,23.82612069052831,23.43579982609072,23.709854125976562,75178000
2018-07-16,23.90086494116392,24.789465274135665,23.859340598880564,24.731332778930664,129172000
2018-07-17,24.822681654290403,25.080127808814606,24.5652370837578,24.922338485717773,87778900
2018-07-18,24.847596162746143,25.154869939808492,24.781158803380173,25.02199363708496,59109200
2018-07-19,24.855905987859533,24.930648230051585,24.61506952213139,24.639984130859375,59260600
2018-07-20,24.598456461121657,25.046908240844047,24.46558015839813,25.02199363708496,80432700
2018-07-23,25.030294714715122,25.619927575793763,25.021989848053014,25.536880493164062,74080200
2018-07-24,25.619930810861,25.835852619366445,25.45383662462864,25.603321075439453,64761500
2018-07-25,25.49536298318501,25.835854666346172,25.470448378078704,25.802635192871094,57644100
2018-07-26,25.902290483058447,25.91889863481288,25.65314919884297,25.694673538208008,46215000
2018-07-27,25.736194295620056,25.860764136061352,25.57840498626563,25.794326782226562,57198900
2018-07-30,25.8607640140252,26.118210144912656,25.85245914683611,26.001943588256836,58721000
2018-07-31,26.043465914842002,26.093293530140688,25.59501262517983,25.644840240478516,64066000
2018-08-01,25.92720522199932,26.20125954401563,25.885682463872364,25.952119827270508,69070700
2018-08-02,25.727890433159743,26.00194472643,25.636540058064007,25.977031707763672,46427200
2018-08-03,25.893986911683378,26.168041229248047,25.87737717510572,26.168041229248047,50153800
2018-08-06,26.118213331769997,26.234478318620628,26.010251629130146,26.176345825195312,41261500
2018-08-07,26.201259118411695,26.408876073657403,26.15143149267039,26.168041229248047,43946200
2018-08-08,26.168047241371966,26.500234129286895,26.143132630781338,26.40888214111328,43689600
2018-08-09,26.350744624173057,26.400573835881257,26.201260157031903,26.24278450012207,38219100
2018-08-10,25.935506321766027,26.018553409944158,25.661452039572215,25.90228843688965,55679800
2018-08-13,25.810937364715837,25.844156834720405,25.287743384075977,25.31265640258789,63960600
2018-08-14,25.42062203614101,25.661456895035908,25.26283269714602,25.570106506347656,42521200
2018-08-15,25.312654578722242,25.428921131369307,25.046905173799917,25.21299934387207,59747900
2018-08-16,25.37909769472498,25.611629268846436,25.345879803560063,25.511972427368164,44015400
2018-08-17,25.462140449591598,25.628234629021925,25.37078849250577,25.52857780456543,39843500
2018-08-20,25.487058807210317,25.686370901500364,25.453839332832782,25.63654327392578,40011000
2018-08-21,25.66975834527186,25.95211751050548,25.603320987804626,25.761110305786133,53510600
2018-08-22,25.67806429778944,25.819243886370742,25.64484482565661,25.72789192199707,33062900
2018-08-23,25.694672763621693,25.72789065012076,25.52857857915175,25.61162567138672,38259100
2018-08-24,25.69467107916547,25.810936050277572,25.619928859453,25.653146743774414,43585000
2018-08-27,25.769413642928107,26.151428029677565,25.736194174171743,26.001943588256836,47729300
2018-08-28,26.04346933658016,26.084992090786002,25.902289754692134,25.968727111816406,38539000
2018-08-29,25.943814463160848,26.001946957024575,25.802634870638226,25.860767364501953,46401800
2018-08-30,25.761110577608846,25.869070690635425,25.702978087210564,25.752805709838867,47358900
2018-08-31,25.64484460245611,25.702978678182596,25.428924371438434,25.686368942260742,49266000
2018-09-04,25.669760146380657,25.877377101032064,25.59501791598682,25.860767364501953,44745600
2018-09-05,25.80263758644924,25.943817193831475,25.71959047904937,25.89398956298828,48516700
2018-09-06,25.910673726998674,25.960743808954092,25.643639656497538,25.743778228759766,42666000
2018-09-07,25.86895180131336,25.96909037957936,25.560192644004516,25.752124786376953,49103800
2018-09-10,25.76881468144503,25.868953265378416,25.66033267452859,25.718746185302734,34156200
2018-09-11,25.6352946428383,25.78550170540734,25.618606207168437,25.743778228759766,53071000
2018-09-12,25.768813283604953,25.835571805389602,25.351572124538723,25.39329719543457,59482300
2018-09-13,25.476745802723368,25.593572818196375,25.10122812206197,25.151296615600586,59219500
2018-09-14,25.142942670765528,25.359908187899503,25.126254239946107,25.343219757080078,33743900
2018-09-17,25.318190205957094,25.443362218273204,25.159638141477494,25.26812171936035,35026600
2018-09-18,25.30984582748449,25.368259328586653,25.142948745779577,25.209707260131836,49921700
2018-09-19,25.142949628378474,26.035846977700263,25.142949628378474,25.86894989013672,92666300
2018-09-20,26.119292111875193,26.17770720261063,25.98577508777686,26.02750015258789,83357400
2018-09-21,26.152674809698112,26.177709851117626,25.843915665451988,25.893985748291016,85992100
2018-09-24,25.852258802983233,26.03584591010489,25.585224747150118,25.6519832611084,45587700
2018-09-25,25.74377585057293,25.902327912154313,25.53515530331002,25.593568801879883,40949900
2018-09-26,25.626949710209225,25.651984751266095,25.084536553832653,25.1429500579834,57882400
2018-09-27,25.234745768197502,25.293159277328137,24.976056688483805,24.98440170288086,45879700
2018-09-28,24.742395284435243,24.909292350118303,24.550464773053587,24.583843231201172,74707600
2018-10-01,24.767430438465894,24.984395988216686,24.650603446926386,24.742395401000977,53900900
2018-10-02,24.683984756469727,24.800811761503883,24.425295706044714,24.683984756469727,42940300
2018-10-03,24.87591372746465,25.184672839197447,24.800810202763387,25.034465789794922,61080300
2018-10-04,25.176331601722286,25.693711339289845,25.15129655918478,25.39329719543457,72325700
2018-10-05,25.535155675443036,25.576879148844284,25.076189509786875,25.226396560668945,51931000
2018-10-08,25.076193749825155,25.384952916806157,24.959366731229032,25.259780883789062,47471600
2018-10-09,25.059499644576512,25.19301666181518,24.92598262733784,25.01777458190918,58868600
2018-10-10,25.017777602491282,25.14294962230943,24.375225884669906,24.40026092529297,88454400
2018-10-11,24.10819683305514,24.408611016431177,23.582473603795993,23.665922164916992,111417300
2018-10-12,24.19164103295975,24.233366101822604,23.14019317234527,23.749364852905273,102279200
2018-10-15,23.774408555179285,23.882892182094384,23.06509804259705,23.29875373840332,114636100
2018-10-16,23.565778694151906,23.849502788231348,23.282054600072467,23.80777931213379,87887800
2018-10-17,23.674260640796252,24.358535788007227,23.49901855168332,24.116535186767578,79068700
2018-10-18,23.92460792426489,24.11653847383313,23.482331726363185,23.574125289916992,77369200
2018-10-19,23.482330777197962,23.799434933939807,23.34046872637106,23.632537841796875,64305400
2018-10-22,23.63254126517543,23.657576310118003,22.789713851895165,22.848127365112305,89942900
2018-10-23,22.021989443985397,22.69792131608788,21.788335396822998,22.547714233398438,102392500
2018-10-24,22.414198191771657,22.447576660737383,21.763301334626668,21.85509490966797,86386600
2018-10-25,22.01364262246955,22.472608847645926,21.846747115572526,22.188884735107422,73780400
2018-10-26,21.971915615477396,22.180536159335574,21.5963979998733,22.021984100341797,91103500
2018-10-29,22.272330641462634,22.681226733564944,21.938538075628962,22.2055721282959,89367000
2018-10-30,22.330746876659177,22.414195426250732,21.96357421344556,22.347436904907227,79004800
2018-10-31,22.614468688247143,23.26536380717642,22.58108863514896,22.948261260986328,92296300
2018-11-01,23.173570774100842,23.365501295604822,23.04005375117212,23.20694923400879,49827300
2018-11-02,23.373850740210322,23.682608317405705,22.964954581007742,23.273712158203125,69010200
2018-11-05,23.32377734880219,23.565776351074216,23.273707272485137,23.415569305419922,41103100
2018-11-06,23.382192396905015,23.57412292723732,23.148536800207953,23.540742874145508,43514400
2018-11-07,23.715983493658758,23.924604037553838,23.48232791150283,23.81612205505371,56679200
2018-11-08,23.782742129048945,24.30012178095357,23.724328631115032,24.091501235961914,49421200
2018-11-09,23.99136520148142,24.10819220965673,23.682606062041312,23.799434661865234,43270600
2018-11-12,23.682606375133847,23.799434976502287,23.065089679738456,23.156883239746094,50307500
2018-11-13,23.156880969697134,23.482328517241044,23.106812483532337,23.165225982666016,57423400
2018-11-14,23.323780890322123,23.44895291682421,22.347436536967972,22.706262588500977,69213300
2018-11-15,22.64784633262609,23.340466492940312,22.430880770260995,23.282052993774414,66174800
2018-11-16,23.106814748673123,23.273710249465896,22.881504151371814,23.156883239746094,52456100
2018-11-19,23.181918281106896,23.382193837047403,22.981642725166385,23.156883239746094,46000000
2018-11-20,22.881507425035736,23.006679466450876,22.505989709141456,22.848127365112305,92330600
2018-11-21,23.02336647521185,23.16522852797311,22.739642369689342,22.756332397460938,40364400
2018-11-23,22.59777689987598,22.672880421842965,22.43087983069415,22.505983352661133,22974100
2018-11-26,22.681224743442733,23.140189282236975,22.6144662361336,22.998327255249023,53210700
2018-11-27,22.889845752547405,23.2820517921681,22.856465702376248,23.148534774780273,43617100
2018-11-28,23.26536096329599,23.757705544771923,22.998326937745993,23.724327087402344,61388100
2018-11-29,23.515710829075,23.657572879882533,23.34046872318399,23.398883819580078,46824600
2018-11-30,23.315435858101264,23.891227497890288,23.257022351889216,23.699296951293945,64284600
2018-12-03,24.191638079075794,24.23336314284387,23.6659150087855,23.81612205505371,59908700
2018-12-04,23.632537832770808,23.632537832770808,22.30571088485202,22.522676467895508,103565700
2018-12-06,22.01079709950479,22.086320360355277,21.423395915776766,22.05275535583496,133294200
2018-12-07,21.943663888580847,22.27093186189852,21.23038958845734,21.339479446411133,107477600
2018-12-10,21.129697410570962,21.17165407208981,20.382857951835973,20.77725601196289,110166900
2018-12-11,21.154868595040664,21.314306773420135,20.584250694473916,20.62620735168457,78545000
2018-12-12,20.869562406888704,20.970259033877895,20.44998939316435,20.57586097717285,87191800
2018-12-13,20.693331024346115,20.827594196561467,20.37445639047047,20.47515296936035,64860100
2018-12-14,20.290546622657896,20.86955769913659,20.240198320520864,20.54228973388672,92762600
2018-12-17,20.357677548016955,20.9199053048865,20.273762646886173,20.533897399902344,98602800
2018-12-18,20.70172720216391,21.054168506478305,20.399634198310537,20.533897399902344,89046300
2018-12-19,20.517121961314494,21.18004652141056,20.198245559814836,20.290552139282227,121887600
2018-12-20,20.01363147433393,20.5003360673122,19.938108209859383,20.231809616088867,112594000
2018-12-21,20.063975833488303,20.567463630674357,19.518531386763243,19.610837936401367,160800400
2018-12-24,19.098962644736087,19.476577374379055,19.01504772685634,19.073787689208984,64859100
2018-12-26,19.224833823457463,20.290549577225985,19.040222288377393,20.231809616088867,100877800
2018-12-27,19.954894897580143,20.44999122619629,19.627626829170584,20.44999122619629,91575400
2018-12-28,20.6345980872508,20.76886130501751,20.357680000538984,20.466768264770508,78693800
2018-12-31,20.617813771378824,20.95347179929557,20.449985557692315,20.67655372619629,56257300
2019-01-02,20.206633994318054,21.0961282347804,20.147894035119197,20.94508171081543,71836300
2019-01-03,20.928302893076676,21.012217818016783,20.51712152146863,20.609426498413086,66599600
2019-01-04,21.062557731638243,21.524087233904588,21.003817787772718,21.465347290039062,83829100
2019-01-07,21.448570251464844,21.633183386686014,21.222002059079433,21.448570251464844,57016300
2019-01-08,21.58283419245909,21.64157575595978,21.05417292530447,21.406614303588867,67339400
2019-01-09,21.54087460113245,21.691921114199577,21.305913180745396,21.616397857666016,69707200
2019-01-10,21.448573585960492,21.633186749882487,21.331093645678603,21.591228485107422,65235800
2019-01-11,21.42339691480462,21.85136154606654,21.36465535320311,21.84296989440918,63476000
2019-01-14,21.624790857513894,22.22058369562081,21.490527637643495,22.128278732299805,76715400
2019-01-15,21.99401383649824,22.49750170955838,21.859750617088046,22.27932357788086,80625500
2019-01-16,23.605169295829242,24.100265417475295,23.378601159237736,23.87369728088379,163131700
2019-01-17,23.781396796756134,24.33523300609266,23.5716103053243,24.326841354370117,107428800
2019-01-18,24.352017150832122,24.721240236116163,24.091880740078047,24.586977005004883,97928200
2019-01-22,24.31845049341373,24.586976955091163,24.24292722599896,24.410757064819336,84861400
2019-01-23,24.519847735507092,24.570197652399276,24.01636137093822,24.268104553222656,79425900
2019-01-24,24.125448510605363,24.50306486664115,24.117056858188562,24.402366638183594,59492300
2019-01-25,24.570190635943188,24.93941365111626,24.45270913062115,24.82193374633789,72182100
2019-01-28,24.603758715548846,24.89746011478697,24.578585361685832,24.863893508911133,59963800
2019-01-29,24.78837547875173,24.922638720839497,24.62054562586997,24.66250228881836,51451900
2019-01-30,24.687669937466175,24.729626587992176,24.293271980673474,24.39396858215332,66475800
2019-01-31,24.125441438667487,24.200964687736366,23.479298796875327,23.890480041503906,100201200
2019-02-01,23.999569762017007,24.200964558275487,23.756216716198285,23.814956665039062,64244100
2019-02-04,23.890483612986536,24.310056570295675,23.848526957473148,24.234533309936523,55195900
2019-02-05,24.20936328755087,24.234536644104708,23.97440182293617,24.150623321533203,46622600
2019-02-06,24.058309538346357,24.251312683308846,23.949221291359077,24.108657836914062,35606900
2019-02-07,23.949223970130678,24.033137276948214,23.4121695233448,23.697479248046875,62289200
2019-02-08,23.62195369681187,23.76460854530525,23.378602249701746,23.73943519592285,50031300
2019-02-11,23.781389907796736,23.88208649820978,23.672300067548584,23.840129852294922,47724400
2019-02-12,24.016348563138852,24.2177433216724,23.982781969778294,24.075088500976562,49178100
2019-02-13,24.226141415657647,24.32683802144429,24.049919954715495,24.083486557006836,48951200
2019-02-14,23.798179459774417,24.016357597057457,23.588392973988096,23.823352813720703,47756600
2019-02-15,24.133838414308926,24.595368059982665,24.058315148574106,24.427539825439453,65867000
2019-02-19,24.27649055574896,24.553408632027537,24.125444041316328,24.444318771362305,40841300
2019-02-20,24.419144561971702,24.712845929662983,24.34362130740698,24.679279327392578,42806300
2019-02-21,24.612151585362643,24.71284980743103,24.42754004553853,24.57858657836914,42754100
2019-02-22,24.377191680933194,24.56180483301471,24.301668409726034,24.402366638183594,47887800
2019-02-25,24.435926545065833,24.830324497207652,24.435926545065833,24.561798095703125,61227400
2019-02-26,24.352016779123225,24.863894739717697,24.30166686781706,24.57858657836914,53153200
2019-02-27,24.586971141939202,24.897455790185134,24.51144789238056,24.77997589111328,48128600
2019-02-28,24.8811954642095,24.923366338459154,24.467914783443096,24.526954650878906,62358100
2019-03-01,24.73780862695315,25.007706043654018,24.636596291332573,24.72093963623047,45771500
2019-03-04,24.737807775176023,24.914928954234483,24.265487312212535,24.484779357910156,56893200
2019-03-05,24.47634928003617,24.619732504687025,24.20645182392062,24.526954650878906,39932500
2019-03-06,24.467910942621963,24.594425154227242,24.290789759402184,24.324527740478516,41672000
2019-03-07,24.18114167433262,24.223312536967853,23.835335452834745,24.07992935180664,53908600
2019-03-08,23.66664841519324,24.18114129662633,23.624477553216707,24.16427230834961,40860700
2019-03-11,24.206445748391953,24.510079505955638,24.206445748391953,24.40886878967285,40709300
2019-03-12,24.459474147814245,24.56068647281236,24.36669631729225,24.40886878967285,34450000
2019-03-13,24.50164638358972,24.8896251076417,24.44260652766593,24.704071044921875,54683300
2019-03-14,24.72093606165216,24.999267933468357,24.66189621137528,24.847450256347656,45219100
2019-03-15,24.830586667873668,24.97396987274415,24.67876896757368,24.712505340576172,82346200
2019-03-18,24.77998084934454,25.26917034602941,24.737809978948576,25.151090621948242,58568600
2019-03-19,25.311341082310342,25.420986303019497,24.9149294582505,25.007705688476562,55455100
2019-03-20,24.982404694406675,25.01614106784971,24.12210545394954,24.155841827392578,81689900
2019-03-21,23.995590776334588,24.12210498956257,23.649784509444206,23.767864227294922,77444400
2019-03-22,23.540130668387388,23.675079336807116,22.528014046524397,22.781044006347656,118851600
2019-03-25,22.69670847121364,23.09312011957355,22.44368003331848,22.63766860961914,65568000
2019-03-26,22.899132181581596,23.067818884024195,22.67140561589877,22.949737548828125,59878500
2019-03-27,22.848523680006707,23.084684709286986,22.73044396972427,22.79791831970215,57621700
2019-03-28,22.94129817514802,23.118417714790073,22.789480507617593,23.05094337463379,45872300
2019-03-29,23.236504706007885,23.34615154864671,23.025647125703948,23.27024269104004,83446300
2019-04-01,23.531700580070584,24.240182026241772,23.489529716564217,24.071496963500977,91751100
2019-04-02,24.012459140758974,24.34983253479004,23.91124840952211,24.34983253479004,66694000
2019-04-03,24.51851630552098,24.661899507664426,24.20644802414232,24.324527740478516,63110600
2019-04-04,24.332964367730185,24.720941531808524,24.324529871722095,24.58599281311035,53712100
2019-04-05,24.729377742965568,24.8811954642095,24.442611293663862,24.526954650878906,46383400
2019-04-08,24.366698457145564,24.628162982720795,24.349831075427378,24.602859497070312,35272800
2019-04-09,24.4594751457085,24.518515000734713,24.240183106528715,24.366697311401367,40535300
2019-04-10,24.375129544620506,24.58598706941604,24.248615351486237,24.518512725830078,42669700
2019-04-11,24.6703304010773,24.872753431835182,24.451038382244118,24.518512725830078,50440100
2019-04-12,24.93179239088901,25.488456107769515,24.93179239088901,25.446285247802734,100192000
2019-04-15,25.387247427066672,25.42098379599029,25.01613771661501,25.16795539855957,57438800
2019-04-16,24.71250315062488,25.345075773341033,24.459474745024565,25.201692581176758,105168400
2019-04-17,25.159526032886518,25.40412159448331,24.84745611097262,25.32821273803711,94831600
2019-04-18,25.260738377720003,25.43785797028404,25.151091536757423,25.32821273803711,61796600
2019-04-22,25.24386488920888,25.38724808043382,25.117350687237547,25.345075607299805,34763400
2019-04-23,25.29446794909383,25.48002198787135,25.235428100788038,25.361942291259766,41889700
2019-04-24,25.260732869023926,25.44628691725264,25.176389534841675,25.319772720336914,40078100
2019-04-25,25.227000996118484,25.572807302097743,25.21856649978781,25.370384216308594,43243800
2019-04-26,25.44628869389256,25.631842755076512,25.345076364064234,25.598106384277344,40627500
2019-04-29,25.665576641778042,26.289714684829622,25.6487076547108,25.952342987060547,68408600
2019-04-30,25.977647326194894,26.045121672157144,25.648710090718353,25.79209327697754,47764200
2019-05-01,25.77522613671357,26.053558034857126,25.454723372587672,25.522197723388672,56161000
2019-05-02,25.52220155102808,25.775230002300393,25.429423701494255,25.724624633789062,40634100
2019-05-03,25.859568256492057,25.977647962640084,25.724619561261356,25.9017391204834,35256100
2019-05-06,25.395682265493363,25.817397339400777,25.36194428739741,25.699316024780273,39882000
2019-05-07,25.437850880983152,25.44628537476163,24.99083236301509,25.235427856445312,58528400
2019-05-08,25.075178361922077,25.39568272476855,25.024573002578297,25.134218215942383,39903400
2019-05-09,24.81371564251473,25.11735101821935,24.695635933614213,25.05830955505371,44173500
2019-05-10,24.847451385960987,25.05830892294456,24.619726468642384,24.94866371154785,59649900
2019-05-13,24.425737040230192,24.4594750193368,23.658215711424095,23.826902389526367,72547000
2019-05-14,23.91967551911901,24.451035715823448,23.793159731066222,24.138967514038086,52216100
2019-05-15,23.700383605090195,24.02932079423395,23.624474775485474,23.86063575744629,51973200
2019-05-16,24.004025417267524,24.316095334171155,23.978723538002107,24.113672256469727,42791500
2019-05-17,23.826904516178512,24.15584179825006,23.801601029590113,23.953418731689453,43772500
2019-05-20,23.953418731689453,24.05463106932752,23.818470020649045,23.953418731689453,41717600
2019-05-21,24.09679337460088,24.24861102274638,23.995582681647186,24.19800567626953,39258700
2019-05-22,24.046194474815938,24.147405194903836,23.911245775555148,24.029325485229492,29177600
2019-05-23,23.725690167020552,23.784731630721144,23.194329863438373,23.41362190246582,59772900
2019-05-24,23.557006669009787,23.835338581597547,23.49796681008443,23.767864227294922,35524400
2019-05-28,23.65821816632138,23.826904861927442,23.514834957670892,23.53170394897461,44273400
2019-05-29,23.21963165323528,23.489529032735543,23.09311584896866,23.40518569946289,49818900
2019-05-30,23.42205320096885,23.557001882152093,22.755742680000797,22.907560348510742,58649300
2019-05-31,22.350898364778413,22.66296821959307,22.334029376147285,22.43524169921875,68304200
2019-06-03,22.426811026091897,22.764182812620987,22.26655882422224,22.50271987915039,50109900
2019-06-04,22.92443620788296,23.573877936207097,22.890698223115944,23.548574447631836,58426400
2019-06-05,23.481088871458525,23.624472020802433,23.160584604118082,23.540128707885742,44874400
2019-06-06,23.540133882265753,23.777570971473843,23.35357720907873,23.641891479492188,38633600
2019-06-07,23.53165710209525,23.565577384183875,23.251821244496387,23.34510040283203,51317200
2019-06-10,23.624936219468093,24.142207581158154,23.607976078453188,23.80301284790039,48305800
2019-06-11,24.065888007109404,24.337245404844417,23.862371171864172,23.94717025756836,38691800
2019-06-12,23.913246940599233,23.972605803819476,23.624931075751427,23.701250076293945,33528900
2019-06-13,23.718214321034125,23.87933242966911,23.582536424523013,23.69277572631836,33404200
2019-06-14,23.667333340166923,23.88781030609699,23.55709566590587,23.777572631835938,37322100
2019-06-17,23.752136515360522,23.930213162334343,23.565579796996293,23.684297561645508,33410100
2019-06-18,23.760610623762087,24.422039852138408,23.59949254259521,24.2694034576416,60170700
2019-06-19,24.337247057820704,24.566202502142136,23.998050691965865,24.015010833740234,61953500
2019-06-20,24.243962396140486,24.26092253406774,23.616451849502123,23.972606658935547,60887200
2019-06-21,23.904770172074123,24.210044598980673,23.81149102133182,23.84541130065918,69444000
2019-06-24,23.811489367378694,24.065884975031747,23.650371286580917,23.7266902923584,40046400
2019-06-25,23.76061138559548,23.76061138559548,23.21789825726607,23.54013442993164,46901300
2019-06-26,23.69277190357583,23.8962887155058,23.61645289692611,23.66733169555664,42312300
2019-06-27,23.81149805797492,24.01501494185746,23.79453791329927,23.921735763549805,35575600
2019-06-28,24.60012054252604,24.820597513264207,24.362683431560008,24.59164047241211,101856900
2019-07-01,24.998676583530724,25.31243273886508,24.803639804018957,24.947797775268555,48029900
2019-07-02,24.87995583179259,24.956274843707927,24.532281051915152,24.71883773803711,32263500
2019-07-03,24.75276212108808,24.79516086033276,24.53228511871764,24.634042739868164,26642300
2019-07-05,24.896919531587415,25.07499617324727,24.71884127251937,24.81212043762207,33092000
2019-07-08,24.600120004320836,24.846035562612624,24.54076113222999,24.76123809814453,30924400
2019-07-09,24.56620294853102,24.947798058347555,24.540764352815366,24.888439178466797,28750100
2019-07-10,24.735802267782553,24.930839058442757,24.557724002573664,24.608604431152344,40574800
2019-07-11,24.67644036517303,25.01563509381089,24.61708148983741,24.89691734313965,37376800
2019-07-12,24.964756013685896,25.041075028964173,24.8969170687061,24.973236083984375,29632900
2019-07-15,25.015631512246163,25.041071719779666,24.659476693816174,24.778194427490234,46462100
2019-07-16,24.735800346804968,24.761240559118626,24.472924622529646,24.583162307739258,54920400
2019-07-17,24.676444718585238,25.11739875231148,24.591645617113524,24.752763748168945,84958300
2019-07-18,24.82907784088667,25.083473477310964,24.7442787562759,24.998674392700195,49468800
2019-07-19,25.049558923469252,25.108917807212634,24.91387939538803,24.93083953857422,44863200
2019-07-22,24.837561418690605,25.10891723383998,24.829081347291158,25.074996948242188,31224300
2019-07-23,25.227627131564557,25.677061071133163,25.18522840519729,25.651620864868164,64030300
2019-07-24,25.4989871853632,26.07561901920738,25.473548592192905,26.007780075073242,53171900
2019-07-25,26.067140062924057,26.194337886435022,25.617706027950028,25.72794532775879,43251900
2019-07-26,25.922982615616945,26.279137498999855,25.79578478956764,26.092580795288086,46978800
2019-07-29,26.050181284547385,26.16042059012297,25.855144503800627,25.880584716796875,39176700
2019-07-30,25.617704121918095,26.2028160074242,25.566825319780854,26.1943359375,37598300
2019-07-31,26.1434560485052,26.338492796429684,25.939939231009056,26.016258239746094,60607600
2019-08-01,25.90601890397492,26.3469728164241,24.896914887964694,25.007152557373047,76913400
2019-08-02,24.896918962703595,25.015636721097515,24.51532385728291,24.913877487182617,57492300
2019-08-05,24.193088005741163,24.286365546512933,23.49773678075845,23.811492919921875,96207700
2019-08-06,24.091327669139805,24.15916661267589,23.480777177315048,24.099807739257812,65115800
2019-08-07,23.412937967886478,23.684293738949123,22.997424241270807,23.650373458862305,75388500
2019-08-08,23.836933916892733,24.159168519773978,23.803013633743063,24.065889358520508,53141900
2019-08-09,23.97260638791704,24.18460325738767,23.718209174107624,24.02348518371582,53499600
2019-08-12,23.599493561143152,23.616453700399624,23.285737454530008,23.43837547302246,55674700
2019-08-13,23.379016333703294,23.95564812251729,23.217898247438704,23.506214141845703,69919200
2019-08-14,22.844785402926156,22.96350314419034,22.28511374066941,22.403831481933594,106591700
2019-08-15,22.539509910192074,22.751506806118414,22.22575379256159,22.259674072265625,70192000
2019-08-16,22.49711064926397,22.997423441284884,22.42079163913143,22.921104431152344,70841700
2019-08-19,23.438374919416546,23.489255335984186,23.014381152466708,23.12462043762207,44964800
2019-08-20,22.91262709784086,22.94654576339066,22.641271303810015,22.65822982788086,47665000
2019-08-21,22.836305618286133,22.963503430858207,22.717587875539923,22.836305618286133,47785400
2019-08-22,22.971982690937242,23.15005929877948,22.861743404494817,23.056781768798828,49353700
2019-08-23,22.853265189163807,23.082220599132103,22.268153325005052,22.446229934692383,81880700
2019-08-26,22.641271311479077,22.72606878408635,22.463193060705947,22.709110260009766,41499100
2019-08-27,22.776946180038408,22.810864841089753,22.285113464234673,22.446229934692383,52517000
2019-08-28,22.234237591088366,22.96350755294144,22.22575751974028,22.768470764160156,45897900
2019-08-29,22.89566879717905,23.27726392409533,22.82782984321707,23.175504684448242,55432900
2019-08-30,23.319662094923284,23.48078021318069,23.192464261523526,23.328142166137695,41326200
2019-09-03,23.07374054697048,23.090700686212934,22.56494930896017,22.93806266784668,50743100
2019-09-04,23.167016464062304,23.387493391238355,23.03133860386284,23.311174392700195,40862500
2019-09-05,23.77210884587945,24.26718321313569,23.72942903866105,24.002574920654297,63413700
2019-09-06,23.91721764675979,23.976967750577284,23.533107510692727,23.669679641723633,56054100
2019-09-09,23.900149796490624,24.625690383783503,23.87454190703258,24.437902450561523,68629300
2019-09-10,24.659830747876743,25.05247688293457,24.591544675875607,25.05247688293457,71066200
2019-09-11,25.06954382087654,25.15490017284677,24.66836180311702,25.146364212036133,53982200
2019-09-12,24.941510486578107,25.436584905444285,24.67690216651214,25.325620651245117,72943900
2019-09-13,25.60729898129123,25.88044324326742,25.496334735388984,25.75240707397461,79657000
2019-09-16,25.33415886998629,25.752411293171058,25.300015017611127,25.7182674407959,43391300
2019-09-17,25.479267360342163,25.624375478929018,25.25733720085235,25.556089401245117,48284900
2019-09-18,25.41097756358795,25.735335978097282,25.223189656389877,25.6072998046875,66640400
2019-09-19,25.607303136929726,25.692661139666523,25.39390894412198,25.453659057617188,43035700
2019-09-20,25.581690241385672,25.71826236781017,25.240259925324427,25.25733184814453,167269000
2019-09-23,25.018334095411877,25.28294406021393,24.898833871351886,25.197586059570312,52048300
2019-09-24,25.265873291847242,25.3000155168276,24.5317967319815,24.702512741088867,64806900
2019-09-25,24.565936865401454,25.10368944494985,24.565936865401454,24.967117309570312,45807700
2019-09-26,24.93297494504337,25.035404866706084,24.796402801538665,24.864688873291016,33198100
2019-09-27,25.103691029918327,25.3597633929055,24.932975035881295,25.05247688293457,41336600
2019-09-30,25.17197660376602,25.197584490785307,24.822010288177474,24.898832321166992,39191000
2019-10-01,25.129297253854066,25.189047359390983,24.250112710482682,24.275720596313477,49434400
2019-10-02,24.07086272210642,24.156219086569795,23.737966714039736,23.763574600219727,52293100
2019-10-03,23.695286451641906,23.79771473123328,23.183140169480573,23.737964630126953,53015800
2019-10-04,23.77210698640158,24.241573432604646,23.76357102562559,24.215967178344727,42641800
2019-10-07,24.18182488284964,24.429362876991327,24.053788719151733,24.164752960205078,36742400
2019-10-08,23.789179879210973,23.83185805676532,23.439211985379227,23.584320068359375,58201100
2019-10-09,23.75503738429047,23.959895578712413,23.68675131948316,23.806251525878906,37511400
2019-10-10,23.934289690411706,24.540328321397823,23.934289690411706,24.284255981445312,48239300
2019-10-11,24.7451888432687,25.043941019986995,24.63422458635136,24.676902770996094,70008600
2019-10-14,24.531797669919804,24.890300000297277,24.523261706331223,24.873228073120117,36040100
2019-10-15,25.0439367131158,25.81215530108716,24.847614492602652,25.3768310546875,78656000
2019-10-16,25.92312305174384,26.221873570737657,25.73533515058404,25.75240707397461,87131700
2019-10-17,25.863373483776503,26.06823332546679,25.607301123766185,25.82923126220703,55575900
2019-10-18,25.718263730904425,26.025551845680216,25.69265747338528,25.906051635742188,48872900
2019-10-21,26.17919697728398,26.58891339508483,26.14505312843308,26.477949142456055,61087400
2019-10-22,26.435266039219957,26.7766979729347,26.247479778131346,26.631589889526367,58662100
2019-10-23,26.5718398938947,26.836449822582328,26.537697675138112,26.819377899169922,47771200
2019-10-24,26.84498379527731,26.904733894725478,26.631589652637803,26.76816177368164,39491000
2019-10-25,26.76816440865392,27.186416774030604,26.75109248482591,27.075450897216797,43702000
2019-10-28,27.28884740647684,27.510777551112213,27.092525149784613,27.17788314819336,58790300
2019-10-29,27.263240380454935,27.43395474440663,27.15227449722139,27.374204635620117,48266600
2019-10-30,27.322985961366598,27.322985961366598,26.913271205752157,26.990093231201172,45262400
2019-10-31,26.810837774645268,26.990089686507314,26.30722750865053,26.69133758544922,49430900
2019-11-01,27.058383328710665,27.177883551414816,26.77670306943058,27.143739700317383,41985300
2019-11-04,27.519311660114827,27.74124014860364,27.39980819816627,27.6558837890625,54228600
2019-11-05,27.749773401944186,28.24484938519392,27.741239068776828,28.01438331604004,68785600
2019-11-06,27.963171459985045,28.219247076732202,27.886349426188243,27.988780975341797,47524500
2019-11-07,28.261930589647676,28.68018143107474,28.176570949258338,28.36435890197754,68310700
2019-11-08,28.227779039648585,28.39849501775909,28.108278831812168,28.389957427978516,38724000
2019-11-11,28.1936403406259,28.38142827644897,28.142427817137463,28.321678161621094,27784000
2019-11-12,28.278999733531425,28.441178150097965,28.159499504889023,28.244855880737305,37282200
2019-11-13,27.92903086640392,28.074137343499697,27.724171024233538,27.988780975341797,48887800
2019-11-14,27.903417290505317,28.048527002621267,27.732704579031854,27.911954879760742,35554600
2019-11-15,28.099740684924825,28.13388453109728,27.911956043249106,28.108278274536133,36398300
2019-11-18,28.048528070943824,28.193634532450385,27.9546341223754,28.13388442993164,31133700
2019-11-19,28.270461552597038,28.29607106972697,28.01438917425635,28.116817474365234,33183700
2019-11-20,27.98878102642797,28.02292487620814,27.672955300166475,27.90342140197754,43612200
2019-11-21,27.980242128723436,28.20217388578953,27.852207582234456,28.031457901000977,42787600
2019-11-22,28.133890225798027,28.441178391276843,28.1168182992562,28.321678161621094,38783900
2019-11-25,28.44971364734084,28.6033544613317,28.389960281280732,28.5692138671875,50238800
2019-11-26,28.492394949489277,28.509466876497616,28.270463154518016,28.466785430908203,50626600
2019-11-27,28.586292228390242,28.680182953596805,28.43264812367039,28.526538848876953,32097700
2019-11-29,28.48385173449334,28.611889533709448,28.372889115051635,28.441173553466797,19503400
2019-12-02,28.552140436203008,28.80821278753152,28.458246480950677,28.53506851196289,47158800
2019-12-03,28.057064159071455,28.082673673278517,27.7839198858644,28.031457901000977,58745100
2019-12-04,28.236314277888876,28.424098907648787,28.039988802923226,28.296064376831055,46637900
2019-12-05,28.45913370566166,28.510629095072694,28.32181594114599,28.399057388305664,38304500
2019-12-06,28.905417621766308,29.008405127967784,28.81101104361754,28.896833419799805,50908500
2019-12-09,28.75093483424394,28.92258286117144,28.699439443991547,28.7595157623291,32974500
2019-12-10,28.66511156148796,28.86250564041299,28.57928591375075,28.77667999267578,41960100
2019-12-11,28.73377025854547,28.974075536532105,28.73377025854547,28.8710880279541,43107800
2019-12-12,28.991243937307548,29.875230246888027,28.90542154946365,29.76365852355957,64942500
2019-12-13,29.77223937295359,30.0039637482079,29.48043867158678,29.557680130004883,48539600
2019-12-16,29.995381990931634,30.115534639839588,29.78082275390625,29.78082275390625,50777100
2019-12-17,29.90954949895666,30.270010637247555,29.815146206319735,30.072616577148438,50840500
2019-12-18,30.13269805908203,30.27001583201727,30.081202666513587,30.13269805908203,48757900
2019-12-19,30.1670226821294,30.235679918806984,29.943879296622235,29.99537467956543,45409500
2019-12-20,30.244262433473548,30.244262433473548,29.961042753945456,30.00395393371582,109395500
2019-12-23,30.072616607416588,30.201350156003812,29.995375168698892,30.184185028076172,33995400
2019-12-24,30.20135294843413,30.278594394293602,30.141276632089397,30.227102279663086,13805400
2019-12-26,30.312925339140666,30.518903624063995,30.287179281242913,30.484573364257812,26992100
2019-12-27,30.639051733958944,30.656216861326676,30.261425479695404,30.338666915893555,28111300
2019-12-30,30.52748249435371,30.596143009338014,30.115529226188528,30.167024612426758,30705100
2019-12-31,30.064035186229926,30.261429264778865,30.01254307159941,30.227102279663086,29630100
2020-01-02,30.33866550723466,30.604720058211363,30.287173401435584,30.587554931640625,37614200
2020-01-03,30.021124209347075,30.167026174285837,29.83231105727823,29.95246696472168,50357900
2020-01-06,29.531930484677595,29.9524679903453,29.497600224232514,29.90955352783203,42185000
2020-01-07,29.780818721154287,29.969628597907434,29.634916757298903,29.712158203125,34149000
2020-01-08,29.66924668611103,30.20135259926117,29.652081556794748,30.012542724609375,45311600
2020-01-09,30.295757832946233,30.32150716273807,29.986792066752297,30.06403350830078,39861600
2020-01-10,30.038289445466688,30.098365762444523,29.74648878846846,29.815149307250977,39730400
2020-01-13,29.900969575406727,30.098363642130202,29.746486692942526,30.08978271484375,37956100
2020-01-14,30.29576402137939,30.61331077975934,30.13270017765221,30.312929153442383,66719300
2020-01-15,29.84089920689159,29.85806433879725,29.47185705570525,29.75507354736328,74745500
2020-01-16,29.952467974913755,30.029709423918483,29.694994295622102,29.797985076904297,50368500
2020-01-17,29.969627133509228,29.995376463468872,29.694991622638916,29.789398193359375,54156100
2020-01-21,29.54050836649873,29.626334008760765,29.368863629801652,29.40319061279297,50811000
2020-01-22,29.497598414200077,29.566258930877098,29.377445783928923,29.489017486572266,38879700
2020-01-23,29.257293036323766,29.40319172280687,28.948327260343518,29.283039093017578,45717100
2020-01-24,29.28304840481326,29.300213539372063,28.553548192594747,28.7852725982666,47797200
2020-01-27,27.9527793995368,28.433393307971347,27.866957007348034,28.193084716796875,57096200
2020-01-28,28.33897504843077,28.742347328309286,28.278898743842017,28.527788162231445,38834600
2020-01-29,28.60502582387074,28.699429094419095,28.30464106659375,28.330387115478516,37414700
2020-01-30,28.064346651247686,28.768100631447766,28.038597318567472,28.7337703704834,50542800
2020-01-31,28.381887834768072,28.467710196496036,28.021429986814738,28.175912857055664,54845300
2020-02-03,28.321812338653466,28.665108343232784,28.25315182817227,28.296066284179688,48485500
2020-02-04,28.802429774724292,29.09423043377021,28.77668044304329,28.85392189025879,45061600
2020-02-05,29.265873227664866,29.875223836702304,29.240127171618752,29.789398193359375,54604800
2020-02-06,29.98679791721848,30.04687424193122,29.694997222650542,29.75507354736328,39511500
2020-02-07,29.45468190249831,29.74648249778758,29.386024672148917,29.703571319580078,31263000
2020-02-10,29.557674759051746,29.772233963012695,29.506182645405843,29.772233963012695,24373800
2020-02-11,29.90955958938181,30.07262672258666,29.83231812468333,29.84090232849121,32476300
2020-02-12,30.106950326939025,30.42449704534922,29.84947665231661,29.969629287719727,36656700
2020-02-13,29.832309390759697,30.064033717013846,29.652080450533205,29.96104621887207,31775100
2020-02-14,29.93530286012276,30.003960107099097,29.78081996203371,29.90955352783203,26447700
2020-02-18,29.84089786022018,29.89239325361326,29.188635972897178,29.411779403686523,40318000
2020-02-19,29.566260729890107,29.909553512422594,29.53193046946271,29.797985076904297,29632100
2020-02-20,29.574841673277035,30.106950888434348,29.574841673277035,29.90955352783203,42604100
2020-02-21,29.634916173640487,29.729322747114576,29.30020433962409,29.489017486572266,46675500
2020-02-24,28.476293141855678,28.502039194456597,27.90985706724372,28.090085983276367,79159600
2020-02-25,28.055753908375483,28.115830209817876,26.468017472118653,26.673994064331055,91586800
2020-02-26,26.94004845449695,27.12027900579233,26.227712086333668,26.28778839111328,80012800
2020-02-27,25.360896297381476,26.004573884999857,24.81162527977329,25.000436782836914,121148300
2020-02-28,24.030627066628973,24.67430457734225,23.773156717126287,24.459745407104492,171198800
2020-03-02,24.331015101127687,25.214998011745063,23.550019696137145,25.206417083740234,147776300
2020-03-03,25.206412836646706,25.532542065457182,23.704498597502166,23.816068649291992,138698500
2020-03-04,24.24518856348629,24.391088878727132,23.515686987282088,24.365341186523438,111239800
2020-03-05,23.52754093726112,23.622549890451864,22.802021915844993,23.130233764648438,110878700
2020-03-06,21.998773266598896,22.63792079785258,21.679200324673097,22.206064224243164,119121200
2020-03-09,19.200340208552916,20.288618821038757,18.578467421733237,18.941226959228516,145196000
2020-03-10,20.081328099502038,20.452724968797558,18.64756459064157,20.39226531982422,134863600
2020-03-11,19.727201196541934,20.694558644948057,19.226247820338394,19.58036994934082,127347000
2020-03-12,17.783852994586653,19.753119470466892,17.403818766454954,17.71475601196289,139552600
2020-03-13,19.165797009855783,20.945045800051442,18.552559760710263,20.867311477661133,128357400
2020-03-16,17.14469858628124,18.7684778474592,16.911495746102084,17.65428924560547,121688800
2020-03-17,18.189795218122836,19.597648322881255,17.30017188738035,18.984411239624023,120065700
2020-03-18,17.507457722695676,18.11205565527726,17.01514172201881,17.956588745117188,148272500
2020-03-19,17.498827754124616,18.785760086500055,16.410549041080507,18.310718536376953,122461300
2020-03-20,18.794391021857685,18.863487981050486,16.894222172953494,16.98923110961914,150910400
2020-03-23,16.635111117712796,16.98923328484123,15.503647648287847,15.61592960357666,181898500
2020-03-24,16.77330664918721,18.26752975479397,16.419184448376402,18.16388511657715,147882400
2020-03-25,18.75120608994854,19.08805523797866,17.62837998958575,18.224342346191406,146991300
2020-03-26,18.405721102085238,19.822211352487564,18.28480182545881,19.62355613708496,116111400
2020-03-27,18.725297380370794,19.174428518400763,18.224343925614825,18.656200408935547,91522800
2020-03-30,18.699382863075012,19.303982516714086,18.371172705106233,19.036231994628906,80449100
2020-03-31,18.84621879994792,19.424906618940543,18.10342503746135,18.336627960205078,95213700
2020-04-01,17.21379933246628,17.576558836843557,16.851039828089007,17.075605392456055,83961300
2020-04-02,16.971958891275474,17.95659276019369,16.920136576301363,17.76657485961914,70007400
2020-04-03,17.61974570843863,17.913408274196094,16.997872911929694,17.300172805786133,68293500
2020-04-06,18.163885521710746,18.656201682725985,17.973867601738647,18.474821090698242,97766200
2020-04-07,19.692650862404157,19.76174781939008,18.872124704121468,19.122600555419922,94560300
2020-04-08,19.355800690262942,20.383619222853675,19.355800690262942,20.25406265258789,81212300
2020-04-09,20.78956887741837,21.86920998361917,20.772294224342776,21.47190284729004,125275700
2020-04-13,21.402806840333053,21.463266481402087,20.53909391671447,20.66001319885254,83164700
2020-04-14,21.160968130960665,21.290524749220882,19.951770281528983,20.495908737182617,88991100
2020-04-15,19.139876671883602,19.56309577174962,18.923948458845743,19.165788650512695,99082200
2020-04-16,19.13124843000831,19.183070764472426,18.21571283326479,18.5007381439209,89213300
2020-04-17,19.295344446307997,20.210879570236433,19.269432468756655,20.107234954833984,92800300
2020-04-20,19.493998070664627,19.977676788265914,19.15715059826034,19.43353843688965,74446300
2020-04-21,18.915311855198983,19.32125796555423,18.56982703062123,18.690746307373047,78871300
2020-04-22,19.13987852933307,19.200338171266797,18.785756357376954,18.828941345214844,49669500
2020-04-23,18.96713695234358,19.33853381107958,18.872129641258947,18.889404296875,50614800
2020-04-24,19.096692537149327,19.26079680022399,18.716658404036465,19.15715217590332,47633500
2020-04-27,19.4508132209188,20.426807988640437,19.3903535867327,20.271339416503906,66916700
2020-04-28,21.117784258316927,21.428719829117124,20.599556110447445,20.634103775024414,65504900
2020-04-29,21.515089193005696,21.68783243988125,21.169604346656286,21.402807235717773,73493900
2020-04-30,20.910490853156475,21.05732212844803,20.59955529466986,20.772296905517578,55244100
2020-05-01,20.193609166316076,20.26270614025293,19.70129302109076,19.93449592590332,51772600
2020-05-04,19.60628001158329,19.856755851509956,19.373077174567847,19.804933547973633,45886100
2020-05-05,20.279975787175616,20.314525089312532,19.537183912647293,19.571731567382812,45691900
2020-05-06,19.865400670789327,19.93449765070469,19.200341209477738,19.303987503051758,53874600
2020-05-07,19.571734778817184,20.18497181315946,19.528549791461415,19.727203369140625,51884300
2020-05-08,20.27134207599996,20.400900334712098,20.08132582257142,20.35771369934082,45181000
2020-05-11,19.96040435629336,19.969041682423395,19.485361303550476,19.502635955810547,68951800
2020-05-12,19.614921711329114,19.709930669815577,18.872129641258947,18.889404296875,69588700
2020-05-13,18.70802245589403,18.785756753562982,17.89613181768595,18.02569007873535,112113400
2020-05-14,17.524740109512333,18.820309797937124,17.36063415437262,18.751211166381836,88359100
2020-05-15,18.483461775088355,18.742576718266594,18.336630468174665,18.51801109313965,64484000
2020-05-18,19.36443984941157,19.917215480202554,19.062140058547254,19.804933547973633,86589400
2020-05-19,19.57173498702341,19.86539751689133,19.16579050039502,19.183063507080078,62179000
2020-05-20,19.589008933487065,19.86539679928415,19.554459626561616,19.787662506103516,59789500
2020-05-21,19.70129173496455,20.09860054471598,19.67538140105582,19.77902603149414,57726000
2020-05-22,19.8049344146028,19.82220906567126,19.398988351501025,19.571731567382812,48107000
2020-05-26,20.513178890993064,21.247335096572048,20.46999391018312,20.970947265625,119485500
2020-05-27,22.51699668862232,22.60336831442874,21.566912099555196,22.43926239013672,117672700
2020-05-28,22.52563197387745,22.577454285702643,21.41144320892705,21.47190284729004,84340800
2020-05-29,21.091871186701376,21.515090352207046,20.78093398453322,20.8327579498291,113811100
2020-06-01,20.970950522412878,21.480541282636455,20.772295296592294,21.2559757232666,58375500
2020-06-02,21.558278363078387,21.92967526272631,21.212793449708926,21.454633712768555,71118100
2020-06-03,22.02467785512443,22.57745355647671,21.92966891367893,22.44789695739746,86744600
2020-06-04,22.36092817864357,23.335033943635363,22.239165580103716,23.291547775268555,94545300
2020-06-05,25.17887444715513,25.23105817703584,24.248254920752412,24.44829559326172,118767900
2020-06-08,24.865765135204036,25.13538296909776,24.474383070769097,24.82227897644043,79598500
2020-06-09,24.109094245543464,24.822279541286157,23.9612389799358,24.543962478637695,77773400
2020-06-10,24.326528740366427,24.439595411707877,23.056714276253267,23.134990692138672,90415300
2020-06-11,21.726012368110027,22.34352600351255,20.595355842069814,20.812789916992188,149875500
2020-06-12,21.769506664732077,21.786900135151654,20.908467670556625,21.552072525024414,73729700
2020-06-15,20.664941348449616,21.891269794047673,20.604060053246872,21.87387466430664,76538900
2020-06-16,22.769700223209473,22.82188394502519,21.62164838992002,22.439199447631836,96796500
2020-06-17,22.526172542672576,22.526172542672576,21.673831264475737,21.743410110473633,58349500
2020-06-18,21.482491523669925,22.169582473981585,21.378122417109704,21.778202056884766,53419000
2020-06-19,22.126098263356226,22.16958442723478,21.299847878537186,21.960847854614258,127563600
2020-06-22,21.64774188041385,21.76950612366956,21.40421671168401,21.412914276123047,55484300
2020-06-23,21.7521076314941,22.100001860810387,21.5346735308101,21.560766220092773,46108300
2020-06-24,21.343334425195863,21.343334425195863,20.595360507191977,20.708425521850586,75437100
2020-06-25,20.612759252238742,21.543377201579478,20.48229742772921,21.499889373779297,65031900
2020-06-26,20.95195217924694,20.96934730718273,20.021334400261267,20.1343994140625,118139200
2020-06-29,20.360530961557274,20.73451791517011,20.09091311595597,20.343135833740234,66269200
2020-06-30,20.17788981086311,20.79540200143115,20.090915818967225,20.6562442779541,61716200
2020-07-01,20.899771522664167,20.934560124752423,20.203981233098606,20.230073928833008,57379900
2020-07-02,20.734518978035695,20.864979125569565,20.195281600300717,20.25616455078125,56000200
2020-07-06,20.7171205651948,20.943252225888887,20.404014933635217,20.57796287536621,59589000
2020-07-07,20.334439684591953,20.3431372491056,19.916966541281695,20.012638092041016,60645800
2020-07-08,20.0300324821243,20.169190191427273,19.743019499325577,20.090913772583008,52922600
2020-07-09,19.951760795626008,20.14310227657908,19.473404604906623,19.803905487060547,79385900
2020-07-10,19.751715299737672,20.917162353129115,19.725624266188635,20.891071319580078,81142900
2020-07-13,21.19548568334453,21.317248299544083,20.75191973432885,21.03893280029297,73598100
2020-07-14,20.778003506982127,21.00413518574072,20.395320658828183,20.995437622070312,67423100
2020-07-15,21.534676970545988,21.630348520973545,21.117203828683415,21.395519256591797,57384400
2020-07-16,20.656237117625622,21.065012581279166,20.473593290958192,20.812789916992188,78067100
2020-07-17,20.769309931107507,20.85628392562029,20.177890417980723,20.195283889770508,66659100
2020-07-20,20.169189907646327,20.612755721892604,20.099611053973817,20.508386611938477,61114000
2020-07-21,20.621455897116153,21.29115353919373,20.604062424264438,21.238969802856445,75499300
2020-07-22,21.08241589622551,21.160692326320298,20.84758660594114,21.14329719543457,52193700
2020-07-23,21.325939070115517,21.430306519629294,20.969347242977157,21.343334197998047,61047600
2020-07-24,21.360731130203572,21.595560418018476,21.108508370576835,21.17808723449707,50217600
2020-07-27,21.065016472542908,21.108504290894935,20.76930594331172,20.995437622070312,54721300
2020-07-28,20.98674028080747,21.36072722814499,20.943254120885246,21.18678092956543,48406500
2020-07-29,21.18678091282497,21.995636094308285,21.0389256467593,21.978240966796875,71393500
2020-07-30,21.499882765820537,21.69992339443714,21.178081233459498,21.604251861572266,61755900
2020-07-31,21.682535451521307,21.699930583057565,21.273758154874503,21.639047622680664,61955800
2020-08-03,21.769504763639294,22.01302991715512,21.47379422674949,21.73471450805664,58284000
2020-08-04,21.708623611861384,21.795597599120835,21.62165128349276,21.752111434936523,37985300
2020-08-05,22.02172978922424,22.256559062348355,21.960848494464106,22.082611083984375,51322600
2020-08-06,22.13479769042888,22.326139150041964,21.986942398353467,22.152191162109375,51999700
2020-08-07,22.039124696965025,22.77840110923316,21.969545838098075,22.70882225036621,63354500
2020-08-10,22.882766531111137,23.31763477504121,22.79579255054698,23.100200653076172,64051100
2020-08-11,23.7264128680558,24.135188435345665,23.291544607959484,23.413307189941406,81441000
2020-08-12,23.900358791369342,23.97863520963574,22.969740995191845,23.248056411743164,61971300
2020-08-13,23.039323174987164,23.1958760341179,22.734915022109725,22.917560577392578,55955500
2020-08-14,22.665336889432066,23.187179217079535,22.543574287907703,23.021928787231445,50931900
2020-08-17,22.882768307632407,22.969742294948855,22.473992723803185,22.52617645263672,57518700
2020-08-18,22.50008873316764,22.60445620621379,22.14349516673525,22.204378128051758,45850100
2020-08-19,22.31743949783456,22.682728911221727,22.08261023375192,22.178281784057617,59856000
2020-08-20,21.88256893059593,22.03042419332525,21.760806358544944,21.830385208129883,49403700
2020-08-21,21.726022720336914,22.11740490524292,21.65644384956375,21.726022720336914,55010700
2020-08-24,21.93475719217258,22.352232034963787,21.77820599237822,22.343534469604492,54579500
2020-08-25,22.647941810484134,22.778401968419182,22.37832227067534,22.61315155029297,57304700
2020-08-26,22.560963805412054,22.560963805412054,22.213069559843646,22.2304630279541,39478000
2020-08-27,22.169583306269516,22.804490556582017,22.126097144589764,22.656635284423828,52934800
2020-08-28,22.961041280768438,23.02192256507618,22.60444947934544,22.874067306518555,46466400
2020-08-31,22.69142438936954,22.73491054884252,22.343530136913735,22.38701629638672,49416200
2020-09-01,22.24786255171674,22.526178003173907,22.09130969554935,22.36092758178711,46109200
2020-09-02,22.204372095049834,22.752305326894522,22.16958184089303,22.630542755126953,57300900
2020-09-03,22.945834404760912,23.31366844750873,22.297744500986454,22.472904205322266,86192500
2020-09-04,22.998379523357784,23.43627707329884,22.59551290877979,23.243602752685547,99621400
2020-09-08,22.89328068305824,23.050924049762262,22.2364344354224,22.315256118774414,74978600
2020-09-09,22.455382457096466,22.525445987756427,22.096306653658377,22.341529846191406,53822700
2020-09-10,22.507938842465208,22.67433873908642,21.964945046454663,22.017492294311523,56609600
2020-09-11,22.087549999476536,22.40283674402342,21.97369738086041,22.332773208618164,47708300
2020-09-14,22.481658038690725,22.761912175431736,22.367805422057096,22.551721572875977,47802400
2020-09-15,22.569243761459276,22.621791008194116,22.061282588497555,22.140104293823242,63820200
2020-09-16,22.140096912034377,22.691846994906854,21.93866280422561,22.420351028442383,64598600
2020-09-17,22.00872859387793,22.315257191600573,21.9824558117951,22.201404571533203,48862000
2020-09-18,22.026245336357764,22.402837477915178,21.982456251712417,22.078792572021484,94055800
2020-09-21,21.51828587041916,21.702203714587224,21.045357373387876,21.430706024169922,75218600
2020-09-22,21.255544022742193,21.54455629194435,20.852677473597375,20.96653175354004,68665300
2020-09-23,21.106660621606927,21.246787693199543,20.37099266052246,20.37099266052246,59950300
2020-09-24,20.47609005022145,20.8614403873005,20.09949953561893,20.441059112548828,53570700
2020-09-25,20.3885115710515,20.624974990593493,20.257140962982238,20.57242774963379,42111300
2020-09-28,20.913982583264502,21.290574677456018,20.835162574905766,21.097900390625,47996900
2020-09-29,21.001566009729167,21.010324161146325,20.60745921863655,20.817649841308594,45695200
2020-09-30,20.826404424988954,21.29933282737283,20.81764627507214,21.097900390625,56226100
2020-10-01,21.255546066829428,21.37815683814684,20.896470233302882,21.106660842895508,44782200
2020-10-02,20.703796162411276,21.39567511103589,20.642490771104615,21.202999114990234,51682100
2020-10-05,21.47449102379429,21.640890849553813,21.35187860374716,21.562070846557617,44396800
2020-10-06,21.824812910685534,22.061277977236525,21.26430460814674,21.34312629699707,67541100
2020-10-07,21.570834681432924,21.991217639964987,21.54456189495681,21.789783477783203,47648000
2020-10-08,21.851090380896775,22.157617357142644,21.72847791995169,22.105070114135742,52080600
2020-10-09,22.19264872030246,22.32401765566854,21.929910849570305,22.21016502380371,44511500
2020-10-12,22.157614421147404,22.62178640580233,22.105067185103273,22.49041748046875,48362900
2020-10-13,22.455383003058987,22.49041560446389,21.75474767942469,21.851085662841797,61186900
2020-10-14,21.32560926642388,21.535799872695573,20.66000484467362,20.686279296875,127409500
2020-10-15,20.660003138006022,21.194238595510516,20.563665158338964,21.150447845458984,66832400
2020-10-16,21.194241907338355,21.325610837128128,20.966534982827678,21.229272842407227,58357700
2020-10-19,21.28181815765854,21.29933445883386,20.74758433538266,20.77385711669922,51377900
2020-10-20,20.92274245330384,21.439461647752847,20.913984302666993,21.141691207885742,62476400
2020-10-21,21.211757169955007,21.316853319177692,21.027840996873582,21.0628719329834,41564900
2020-10-22,21.06287339013985,21.81605777874326,21.01908429936154,21.78102684020996,55402000
2020-10-23,22.105063341450023,22.122579640567817,21.64089143750583,21.807292938232422,51007400
2020-10-26,21.43070116145224,21.52703913751157,21.150447053402836,21.492008209228516,59450200
2020-10-27,21.27306665716355,21.3606448426478,20.852683682783812,20.88771629333496,55009300
2020-10-28,20.502359615894548,20.721308353074498,20.248379949397886,20.554906845092773,81942500
2020-10-29,20.45857328036317,20.80013282162807,20.248382664935036,20.6162166595459,57490400
2020-10-30,20.572427898541168,20.878956535510376,20.353479110769833,20.756345748901367,66453400
2020-11-02,20.922744125890823,21.246789043572974,20.554910121970316,21.08914566040039,59756400
2020-11-03,21.527042669146613,21.842329427649926,21.465737281759086,21.623380661010742,65106200
2020-11-04,20.922740983474696,21.141689722675384,20.37974904570693,20.73882484436035,88845500
2020-11-05,20.93149892715224,21.710957566926222,20.896467997857552,21.553314208984375,74722600
2020-11-06,21.833574506091466,21.859847292888592,21.22051720064144,21.29058074951172,55454500
2020-11-09,23.296150547412115,24.758728465968666,23.033411008903656,24.31207275390625,178378800
2020-11-10,24.07560968427385,24.31207478757745,23.80411364184014,24.22449493408203,77694600
2020-11-11,24.30330871965282,24.32082501873624,23.751558662094876,23.944232940673828,48360900
2020-11-12,23.506340319012285,23.558887556619684,23.042168320548335,23.374971389770508,67912600
2020-11-13,23.541369165177187,23.8303814520445,23.43627469928712,23.646465301513672,52421000
2020-11-16,24.39964592814021,24.522256676982344,23.80410514157068,24.154422760009766,57396700
2020-11-17,23.865418774846592,24.171947423475256,23.655228131044673,24.128156661987305,46402300
2020-11-18,24.198222429038886,24.46096201072109,23.611439534862924,23.628955841064453,54416700
2020-11-19,23.585166746007538,23.655230300366746,23.339943470526855,23.628955841064453,46423000
2020-11-20,23.41875710461715,23.602674915435657,23.322419124167155,23.48006248474121,40538000
2020-11-23,23.74280412261461,24.1018799561906,23.699013368247737,23.988025665283203,45421200
2020-11-24,24.46095852634786,25.38930090698015,24.452200374494662,25.380542755126953,80387800
2020-11-25,25.144073951138743,25.433087908249522,24.942641499618883,25.42432975769043,57249900
2020-11-27,25.37178118400578,25.48563547230693,25.231654114132397,25.389297485351562,25971600
2020-11-30,25.152832595717296,25.27544503550636,24.60984061396019,24.66238784790039,63567900
2020-12-01,25.170353116428263,25.433092671064585,25.109047721480472,25.126564025878906,50255100
2020-12-02,25.12656213766985,25.555701540502174,24.986435053906096,25.450605392456055,45257500
2020-12-03,25.503479457411206,25.64447989785216,25.230289633306242,25.477041244506836,54013700
2020-12-04,25.732603400222718,25.935291305974825,25.556352024264026,25.81191635131836,66188200
2020-12-07,25.46823103826421,25.688544458458292,25.283168572113023,25.635669708251953,42197800
2020-12-08,25.432979569830152,25.688542241150216,25.353666610937545,25.494667053222656,33869100
2020-12-09,25.776668873804645,25.776668873804645,25.33604205544901,25.380104064941406,54886300
2020-12-10,25.23029246727367,25.670919313359093,25.089292010994978,25.653295516967773,58859600
2020-12-11,25.27435236990482,25.33603985016798,24.939475075822244,25.177413940429688,40538400
2020-12-14,25.48585480039576,25.521104071208804,24.798476370533603,24.868976593017578,40267100
2020-12-15,24.98353875166562,25.39772731958265,24.895413059531123,25.23910140991211,43672700
2020-12-16,25.380104870716234,25.39773034741594,25.062854694411413,25.30960464477539,42463200
2020-12-17,25.30079254966063,25.485856697996567,25.14216829790442,25.406543731689453,43182700
2020-12-18,25.459418187818304,25.64448233401384,25.17741728014701,25.26554298400879,82817200
2020-12-21,25.6444772246407,26.428792302942796,25.3184126895742,26.208478927612305,93397400
2020-12-22,26.243738730377824,26.243738730377824,25.706173375296544,25.741422653198242,39054300
2020-12-23,25.90004312993732,26.746047471867023,25.8471683838348,26.481670379638672,52537200
2020-12-24,26.67554885528305,26.67554885528305,26.20848380750834,26.402359008789062,22632300
2020-12-28,26.640293580874637,26.922294439127935,26.42879293718466,26.552167892456055,32861200
2020-12-29,26.587424945759224,26.65792517651237,26.375924253499782,26.44642448425293,33291900
2020-12-30,26.4376045685772,26.631479730304687,26.384729830080182,26.419979095458984,26370100
2020-12-31,26.446417169516923,26.781292752757608,26.349478748721474,26.710792541503906,28716000
2021-01-04,26.842986052807625,26.9399244946401,26.217296752254725,26.464048385620117,51483900
2021-01-05,26.587417931955635,26.9134824637089,26.35829182223722,26.666730880737305,48507000
2021-01-06,28.111985139502817,28.746487027888932,27.636109143427632,28.332300186157227,107002800
2021-01-07,29.354557328522898,29.62774378094793,28.940367079084236,28.957992553710938,74358500
2021-01-08,29.01086555047443,29.08136744882231,28.29705231913765,28.667177200317383,44641400
2021-01-11,28.27943057836006,29.195935207597795,28.111991909392014,29.14305877685547,51868200
2021-01-12,29.451495840921556,29.93618804555463,29.257622320784268,29.66299819946289,68166200
2021-01-13,29.460309301037046,29.680622709892113,29.160682930525518,29.486745834350586,43172800
2021-01-14,29.504372301140243,30.288687525124892,29.45149587102188,29.953813552856445,48483500
2021-01-15,29.336932733818717,29.636559088028477,28.816992982740473,29.090179443359375,57684300
2021-01-19,28.640746088189232,29.610123841872245,28.376370642795337,28.878684997558594,78130200
2021-01-20,28.869869350760997,28.896309247378007,28.341118482445285,28.499744415283203,53920000
2021-01-21,28.499741264577178,28.623116229430416,27.962176036246078,27.997426986694336,49626600
2021-01-22,27.636115640412534,27.97980403397898,27.539177198798207,27.803552627563477,45314500
2021-01-25,27.556804016399262,27.583240552047283,26.939925744788518,27.45986557006836,48078400
2021-01-26,27.67136325348068,27.697801467114665,27.23954918260625,27.265987396240234,36373000
2021-01-27,26.71079736440718,26.816548540810984,26.146795572541354,26.287796020507812,63809200
2021-01-28,26.807734001156003,27.098547615650627,26.367107210657622,26.719608306884766,51223300
2021-01-29,26.790109678283745,26.87823537634498,26.076294717617742,26.129169464111328,64019100
2021-02-01,26.323047725291747,26.4728609156453,26.058670617154792,26.402359008789062,40985300
2021-02-02,26.948733989916196,27.495111940593468,26.913484721310642,27.345298767089844,53527000
2021-02-03,27.239548503374607,27.962176182772243,27.213110290399875,27.829988479614258,49404900
2021-02-04,28.02386690249528,28.66718169813438,28.006243106000944,28.640745162963867,51751900
2021-02-05,28.98443645368319,29.002061932790927,28.48212206512011,28.52618408203125,42008800
2021-02-08,28.579053549040815,29.32811773898573,28.552617017685176,29.160680770874023,46014100
2021-02-09,29.054929398225703,29.09899140153091,28.720052122018462,29.037303924560547,35868600
2021-02-10,29.18711664312099,29.45149203585399,28.957992199209862,29.06374168395996,45031900
2021-02-11,29.0549351434426,29.354561531566556,28.684806846717226,28.975622177124023,29479900
2021-02-12,29.081365883436245,29.477930636007994,29.002052932921895,29.407428741455078,37468300
2021-02-16,29.94499717052683,30.45612587634817,29.698247236249344,30.2005615234375,52802600
2021-02-17,29.99788300350562,30.456135426367588,29.777569532613338,30.323945999145508,45455300
2021-02-18,30.015501545328718,30.53544135089881,29.98025059132356,30.130062103271484,37541700
2021-02-19,30.138876876253462,30.60594025629592,30.12125139904408,30.43850326538086,54514100
2021-02-22,30.359188373021738,31.064190608096364,30.32393742083905,30.97606658935547,56783400
2021-02-23,31.214002364315153,31.628192651516265,30.967252420475777,31.3021297454834,67440700
2021-02-24,31.496007199732738,32.183383976866985,31.37262886383538,32.06000900268555,58139500
2021-02-25,32.571134720154674,32.632822207897256,31.513629647585297,31.66344451904297,74762000
2021-02-26,31.487187312345466,31.751562691352113,30.56187180496452,30.588308334350586,70933300
2021-03-01,31.30213068634581,31.769194054570747,31.055380735089756,31.540069580078125,45901700
2021-03-02,31.41669072900501,31.67225170625975,31.284501350443676,31.310937881469727,41167400
2021-03-03,31.698699113850953,32.5799528819383,31.584135182719024,32.09526062011719,66047000
2021-03-04,32.00669575604125,32.65320581816095,31.811855903912768,32.325523376464844,96512800
2021-03-05,32.794902505095145,33.299711714814734,32.03325959122688,32.70634078979492,74292300
2021-03-08,33.104876301522296,33.41484569318675,32.608921896446176,32.88346862792969,65335500
2021-03-09,32.36980567486404,32.910041013599894,31.714440762414302,32.16611099243164,63946000
2021-03-10,32.360951718818285,33.23772435889682,32.210392719176255,33.09602355957031,53365600
2021-03-11,33.00745620629466,33.46798457028915,32.63548955989363,32.98088836669922,45834000
2021-03-12,33.583109432005756,33.81337527101452,33.281998282923134,33.60082244873047,46069600
2021-03-15,33.680531646686276,33.71595768256742,32.96317300136318,33.43255615234375,50131600
2021-03-16,33.140304178444616,33.40599613130971,32.741773005974004,33.33514404296875,50300400
2021-03-17,33.65396866721316,33.9727962793434,33.060597683403266,33.60968780517578,63796000
2021-03-18,34.10563258546654,35.398655816396214,34.02592569711068,34.486454010009766,95439700
2021-03-19,33.91080256060987,34.468747506119655,33.23772129210298,34.12335205078125,106252700
2021-03-22,33.72481465943465,33.99050316209612,33.12258558491528,33.352848052978516,54701300
2021-03-23,33.08717228689389,33.49456170635613,32.57350472272626,32.67978286743164,49838000
2021-03-24,32.95432629521911,33.46799385938674,32.67092466616591,32.67978286743164,43896800
2021-03-25,32.65319907252033,33.432554941618214,32.4406496217562,33.352848052978516,47517900
2021-03-26,33.96393153935297,34.32703994359572,33.72481425471603,34.25619125366211,66846000
2021-03-29,33.698254282104166,34.211921813743174,33.52998563126399,33.92852020263672,45680000
2021-03-30,34.2119112717115,34.94698291826018,34.2119112717115,34.530738830566406,56705900
2021-03-31,34.20305129705996,34.53073703686846,34.06135054253093,34.265045166015625,49270000
2021-04-01,34.38903666265928,35.00012053987154,34.29161675939084,34.97355270385742,65587000
2021-04-05,35.42522709190382,35.673202600455014,35.07097346961962,35.24810028076172,50328500
2021-04-06,35.008987366689084,35.55808094100437,34.94699347578473,35.15068817138672,42590100
2021-04-07,35.22153739602012,35.55807804668877,35.06212358140936,35.469512939453125,43136400
2021-04-08,35.24810380896953,35.29238467158419,34.73443972149573,35.159542083740234,45285900
2021-04-09,35.34551831978429,35.58463899537244,34.99126471630272,35.4163703918457,45872900
2021-04-12,35.4163691654088,35.76176455871559,35.292378043595036,35.478363037109375,45544600
2021-04-13,35.25696242855744,35.26581724982056,34.7167271143484,34.823001861572266,46770400
2021-04-14,34.521892916411986,35.71749668754596,34.4687538448903,35.31896209716797,52023800
2021-04-15,35.18610627672072,35.28352619141817,33.69824647395389,34.30933380126953,118128900
2021-04-16,34.81414416730176,34.91156070680999,34.45989053457229,34.67244338989258,60633400
2021-04-19,34.884987204117614,34.920413237322656,34.56615966209716,34.690147399902344,42321100
2021-04-20,34.53959391107027,34.53959391107027,33.5565433899784,33.724815368652344,50834100
2021-04-21,33.4325555732016,34.3447540216565,33.13144103025347,34.29161834716797,37851800
2021-04-22,34.31819285879932,34.33590587987798,33.80452538275825,33.97279739379883,48093400
2021-04-23,33.93736231543355,34.84070587943962,33.848800612034154,34.699005126953125,48674100
2021-04-26,34.84956327852169,35.29237858512762,34.787569405869874,34.90270233154297,34699800
2021-04-27,35.132977036049006,35.35438476643524,34.99127622373837,35.31896209716797,34304800
2021-04-28,35.36322815227067,35.62006182273853,35.318947300427496,35.45178985595703,34084400
2021-04-29,35.91231747433321,36.42598480563845,35.83261059114489,36.40827178955078,44008700
2021-04-30,36.16915040541246,36.22228945259624,35.84146806047657,35.89460372924805,39203400
2021-05-03,36.19572791090202,36.3551417166347,35.79719339657035,35.92118453979492,41940500
2021-05-04,35.637781816508436,36.381711759726606,35.23038911591738,36.31085968017578,53880000
2021-05-05,36.487985199384596,36.806812789166905,36.09830553257823,36.656253814697266,37471100
2021-05-06,36.7359619521261,37.24962939264989,36.5234124707055,37.205345153808594,39044400
2021-05-07,36.42598833574942,37.41789368389961,36.408275317945154,37.355899810791016,39249200
2021-05-10,37.63930675927173,38.028983071844856,37.22305922695933,37.24077224731445,41271500
2021-05-11,36.797960805877075,37.49760998180902,36.611979139894224,36.815673828125,42964700
2021-05-12,37.53302956730107,37.692443361685534,36.34628430822395,36.470272064208984,47533000
2021-05-13,36.186869047001814,37.27619434553111,36.11601697307495,37.054786682128906,42026100
2021-05-14,37.24962369448494,37.62158691927742,37.125632574474864,37.51531219482422,30932600
2021-05-17,37.40904466781998,37.94927659180429,37.338192585610955,37.85186004638672,32656400
2021-05-18,37.81643339807627,38.03784108380457,37.32047896581614,37.338191986083984,37880300
2021-05-19,36.886508962035556,37.19647826286126,36.585394479056866,37.1699104309082,42672800
2021-05-20,37.10792726660784,37.31162191992157,36.71824760077899,37.081356048583984,36871100
2021-05-21,37.21420627093829,37.72787037332581,37.09907332206682,37.55074691772461,40243800
2021-05-24,37.71015563500296,37.887279066670786,37.417895891607834,37.75443649291992,31390800
2021-05-25,37.80757431518878,38.31238355657908,37.13449645280609,37.205345153808594,52657700
2021-05-26,37.21419768840868,37.41789231810364,36.8953701363948,37.231910705566406,41332800
2021-05-27,37.62158462419409,37.94926697534205,37.30275709187181,37.68357849121094,52981100
2021-05-28,37.781006073848054,37.825286933806545,37.240770798480575,37.54188537597656,38509700
2021-06-01,38.03784365182216,38.33010005993953,37.878429837062356,38.01127243041992,42890700
2021-06-02,38.170681029059295,38.23267490650389,37.727865688219104,38.02898025512695,34180500
2021-06-03,38.0378756463175,38.67821505724054,37.95783321995213,38.46476745605469,46981200
2021-06-04,38.45587189919843,38.589273669375665,38.09123496583256,38.48255157470703,37192600
2021-06-07,38.482556792226845,38.58927890136501,38.295792253076385,38.349151611328125,28401900
2021-06-08,38.11792408429821,38.45588142587768,37.73549947497712,38.135711669921875,41871400
2021-06-09,37.771069974280785,38.002301773516976,37.45090025792712,37.637664794921875,42366300
2021-06-10,38.02897948709925,38.20685191950761,37.01511103279638,37.07736587524414,40123600
2021-06-11,37.18408651783206,37.25523344593021,36.91727620772041,37.228553771972656,31203600
2021-06-14,37.21966221266169,37.2730249588412,36.51707138078723,36.783878326416016,36050700
2021-06-15,36.71272831324032,36.961751071580736,36.37477442910629,36.8105583190918,39247900
2021-06-16,36.712735473941535,37.34418289142619,36.17022598486637,37.01511764526367,63859100
2021-06-17,37.370854210182465,37.44200114435259,35.325329811435346,35.39647674560547,80728200
2021-06-18,34.693890066155326,34.95180496785468,34.23142641207828,34.48933792114258,102774200
2021-06-21,34.79171188080386,35.378688495310385,34.71166946097869,35.35200881958008,48119400
2021-06-22,35.46762223192004,35.80557606021548,34.934005031615825,35.547664642333984,44113200
2021-06-23,35.716648802741254,35.94788059494212,35.63660637608816,35.75222396850586,32039900
2021-06-24,35.96567009246569,36.47260435737722,35.73443828795515,36.312522888183594,37161800
2021-06-25,36.70384337741812,37.201885598606076,36.32141876684497,37.01511764526367,53178800
2021-06-28,36.87281592747845,36.97954142876212,36.552646208896746,36.961753845214844,34416500
2021-06-29,37.02400214854921,37.30859664974371,36.241365573947284,36.365875244140625,38519600
2021-06-30,36.250262765007385,36.78388007425494,36.214690991831844,36.66826248168945,29159800
2021-07-01,36.96174967871015,37.08625935687111,36.65047209067345,36.94396209716797,28045100
2021-07-02,36.792775019528364,36.8817129409431,36.55264772066077,36.59711837768555,28980800
2021-07-06,36.294723496724124,36.35697832355593,35.4587242918965,35.6365966796875,47578700
2021-07-07,35.19192397992973,35.57434849769065,35.005159464549074,35.35200881958008,43499900
2021-07-08,34.347040629280016,34.89844560380312,34.22253092297965,34.48933792114258,52793100
2021-07-09,35.26307873252697,35.78780057444999,35.04073902650255,35.609928131103516,43887200
2021-07-12,35.38758213943525,36.29472838600113,35.25417698246254,36.1346435546875,42624500
2021-07-13,36.00124202426047,36.00124202426047,35.200821179696874,35.4498405456543,54338100
2021-07-14,34.78282171558862,35.17413834941837,33.60886842146491,34.560482025146484,105651700
2021-07-15,34.14248578105221,34.97848527311058,34.08023093283103,34.53380584716797,54697300
2021-07-16,34.88064867882234,34.94290351530357,33.43099307368635,33.72447967529297,60469700
2021-07-19,32.68393219156164,33.12861154110669,32.470484611020964,32.844017028808594,83251500
2021-07-20,32.78176948754107,33.90236020504611,32.55942976328225,33.519935607910156,59462900
2021-07-21,33.840097870797116,34.48043722071111,33.777843033181504,34.204734802246094,49907400
2021-07-22,34.11580808993301,34.15138326031463,33.511043763985306,33.76006317138672,52715600
2021-07-23,33.973507070269605,34.0357619152835,33.40431797720854,33.52882766723633,48659400
2021-07-26,33.493258893236565,34.009088727670324,33.493258893236565,33.911258697509766,32258000
2021-07-27,33.546619280142345,34.00908632196532,33.31538406291335,33.77785110473633,39121400
2021-07-28,33.964618064771706,34.24032056862098,33.57330133676473,33.911258697509766,43331100
2021-07-29,34.284776859928336,34.667201368473584,34.124692024135705,34.400394439697266,43039100
2021-07-30,34.249208373662626,34.53380633148119,33.84010411029036,34.115806579589844,46210100
2021-08-02,34.15138326031463,34.640529978839545,33.71559590472718,33.76006317138672,49894000
2021-08-03,33.84899848040682,34.35593274493044,33.395423574695336,34.28478240966797,39680600
2021-08-04,33.82232275673261,34.480449930358844,33.67113335040394,34.035770416259766,42289800
2021-08-05,34.30257706981559,34.73836448161072,34.284789482330545,34.702789306640625,34754500
2021-08-06,35.102988056195734,35.93898399097412,35.102988056195734,35.7077522277832,58022300
2021-08-09,35.618814179302305,36.4281304361219,35.39647451102622,36.17021560668945,56340100
2021-08-10,36.20580228127973,37.015118795461724,36.09018805970743,36.84614181518555,44987300
2021-08-11,36.99733133755618,37.52205325907457,36.89060921241343,37.30860900878906,58458200
2021-08-12,37.55762766398648,37.61099042178471,37.14852336543873,37.486480712890625,37400100
2021-08-13,37.43310624577261,37.55761591571927,36.84612966414264,37.02400207519531,41344900
2021-08-16,36.60600868586268,36.73051837712811,36.116862016190815,36.72162628173828,38599100
2021-08-17,36.508171788122915,36.97063869177146,36.12574729842573,36.54374694824219,43526900
2021-08-18,36.25916325082472,36.93507453121269,36.16133322767916,36.27695083618164,50342500
2021-08-19,35.68107325138439,36.17021990114082,35.58324324290621,35.74332809448242,51883900
2021-08-20,35.65440386505637,35.99236124844787,35.4943189672728,35.90342330932617,40415000
2021-08-23,36.13465520045333,36.552651601257196,36.107972124878714,36.38367462158203,35364500
2021-08-24,36.55264482250568,37.068474547908075,36.49928546652235,36.890602111816406,35579300
2021-08-25,37.05069333912619,37.75328771661155,36.94397121616485,37.486480712890625,51219900
2021-08-26,37.797741697453134,38.10012376673812,37.37084996304503,37.38863754272461,41184500
2021-08-27,37.459802655556814,37.931165264327554,37.29971775335326,37.78886795043945,46468600
2021-08-30,37.91336887071437,37.91336887071437,37.02401001730652,37.050689697265625,44855600
2021-08-31,37.05957934325895,37.415324218159896,36.78388028821356,37.13072967529297,54654600
2021-09-01,37.13072488233849,37.15740455709006,36.490385547227696,36.63268280029297,52361900
2021-09-02,36.748905833515764,37.08859503958417,36.32876401048433,36.668453216552734,44538900
2021-09-03,36.668442699615404,36.82040681583791,36.364511057150736,36.69525909423828,41812400
2021-09-07,36.87405255733355,37.410401048704735,36.81147868034093,36.93662643432617,43748600
2021-09-08,36.72208079842173,37.08858632064462,36.36451293819557,36.45390319824219,36064400
2021-09-09,36.34663581696688,36.96343682270508,36.257245552953805,36.58799362182617,36266400
2021-09-10,36.847233774190954,36.96344044679748,35.971196142895465,35.99801254272461,40514700
2021-09-13,36.292999784407854,36.61481019241081,36.069520713296924,36.59693145751953,42036300
2021-09-14,36.766773448999906,36.927678634248714,35.45271557280783,35.61362075805664,53820400
2021-09-15,35.515303591002755,36.06059322394881,35.46166737119757,35.88180923461914,52358200
2021-09-16,36.18573287226234,36.480726899953545,35.93543738938753,36.15891647338867,42922000
2021-09-17,36.060594396534185,36.35558509000255,35.82817758986278,36.20362091064453,92746000
2021-09-20,35.202421169989165,35.27393269330545,34.29062623007356,34.961063385009766,67566200
2021-09-21,35.10409442545071,35.39908503893139,34.80910040194987,34.978946685791016,38271100
2021-09-22,35.53318233093782,36.22149847334341,35.53318233093782,35.88180923461914,46261400
2021-09-23,36.43602590721748,37.43721459149322,36.33769798128001,37.26736831665039,49779800
2021-09-24,37.29419630594313,37.848423563820376,37.23162242569993,37.669639587402344,39042300
2021-09-27,38.152348638799864,38.822785875784376,38.116591167755864,38.67081832885742,49755400
2021-09-28,38.8227863452676,39.3680758502124,38.492038259161156,38.58142852783203,60781200
2021-09-29,38.59930408124586,38.72445181107534,38.20598215749324,38.500972747802734,44260200
2021-09-30,38.75126943339312,38.75126943339312,37.750084153064016,37.946746826171875,47410800
2021-10-01,37.973562592273545,38.822783727464966,37.89310999188657,38.50991439819336,40987100
2021-10-04,38.53673211933482,39.39489094627407,38.50097464904067,38.742332458496094,48273400
2021-10-05,39.126717234277066,40.0027548074501,39.037323557410375,39.52898025512695,54070700
2021-10-06,39.19822194770633,39.59154723746555,38.930047783792006,39.546852111816406,47031700
2021-10-07,40.03850072238869,40.110012233222484,39.35912261436253,39.4395751953125,46258800
2021-10-08,39.394895519459965,40.05639515661218,39.260806695301135,39.636253356933594,39389400
2021-10-11,39.86866165514123,40.05638665110647,39.10883423963619,39.135650634765625,36283500
2021-10-12,39.03732253710344,39.33231654802322,38.67975806904251,38.92111587524414,36898300
2021-10-13,38.93005459219968,39.01050719644614,37.839479013550005,38.56354904174805,43908000
2021-10-14,39.66306858576323,40.31562713001166,38.867483557981174,40.28881072998047,82201000
2021-10-15,40.914556340012076,41.71907909928107,40.54805073178472,41.450904846191406,64264900
2021-10-18,41.37938632407147,41.91573473978693,41.14696617658006,41.370445251464844,49542500
2021-10-19,41.56711121951884,41.683321302465124,41.29893699042924,41.549232482910156,32515500
2021-10-20,41.55817212908704,42.22860938379792,41.16484675724372,42.094520568847656,40411000
2021-10-21,42.10344923847486,42.443138329775934,41.66543223523617,41.86209487915039,36848600
2021-10-22,42.00513180957024,42.568296668566525,42.00513180957024,42.52360153198242,36225600
2021-10-25,42.72919195025854,42.890097132553976,42.19284361595344,42.46995544433594,31679500
2021-10-26,42.60405249592329,43.292368484791886,42.407389810526496,42.87222671508789,35674800
2021-10-27,42.443145707161754,43.059946729350045,42.04088268833457,42.04982376098633,45790800
2021-10-28,42.54147990285639,42.907985475727415,42.282243338868994,42.71132278442383,37209600
2021-10-29,42.684506384707994,43.024195557863194,42.478906030172574,42.71132278442383,31756200
2021-11-01,42.99736284352777,43.05993669743158,42.26435191778089,42.77388381958008,36937200
2021-11-02,42.52360110010694,43.28342864438076,42.326938409109815,42.800716400146484,36283400
2021-11-03,42.72919558563368,43.52478049354929,42.559352727658165,43.23872756958008,42553000
2021-11-04,43.04206633862438,43.04206633862438,41.90679235688281,42.30905532836914,47646300
2021-11-05,42.55041611670971,42.74707880131445,41.85316246768593,41.98725128173828,38271200
2021-11-08,42.326946087690864,42.72920920587804,42.23755579921413,42.31800842285156,33815500
2021-11-09,41.701198965728814,42.33587875390963,41.486657541967,41.90679931640625,36900300
2021-11-10,41.790586121819445,42.47890206714593,41.70119585775938,42.21966552734375,39385600
2021-11-11,42.291185992691815,42.80965573002334,42.02300834542953,42.452091217041016,31194800
2021-11-12,42.469957367380076,42.487836100669064,41.79952021413146,41.93360900878906,44268500
2021-11-15,42.24648703462158,42.36269711997223,41.92467999906811,42.05876541137695,35335500
2021-11-16,42.17498064834029,42.26437093413174,41.73696006391218,42.08559036254883,35120800
2021-11-17,42.08557369993729,42.19284268242104,41.52240557436357,41.5760383605957,32963700
2021-11-18,41.7548272006786,41.844220871651096,41.307869075875736,41.40620040893555,30639000
2021-11-19,40.85196779696189,40.91454165322044,40.07426171916309,40.58379364013672,48429500
2021-11-22,41.76377060567491,41.897856004593734,41.039697175440985,41.370445251464844,53697100
2021-11-23,41.897845708820235,42.59510256993388,41.71906181084188,42.46101379394531,49362900
2021-11-24,42.389511152757485,42.89010553013612,42.20178953999808,42.57723617553711,40060000
2021-11-26,40.69107112457239,41.155908018221034,40.002755151863056,40.905609130859375,55110100
2021-11-29,41.49559565365908,41.745894552424005,40.3782002074487,40.75364685058594,50231100
2021-11-30,40.01169362508238,40.42289773049858,39.65412913735463,39.75246047973633,77193600
2021-12-01,40.42289842512118,40.85197786377986,39.162476508430004,39.189292907714844,60601600
2021-12-02,39.81804077554519,40.86895511964842,39.52162692889078,40.321041107177734,57821400
2021-12-03,40.419857573617705,40.48273263350641,39.162349522976086,39.404869079589844,74605300
2021-12-06,40.02463019006522,40.31205992641056,39.48569686459315,39.6563606262207,48193100
2021-12-07,40.02463962904635,40.33901490655273,39.907870200358175,40.15937042236328,40740800
2021-12-08,40.13242231059115,40.24020762344536,39.60247300161079,39.665348052978516,50560300
2021-12-09,39.44079285350316,40.17733209777291,39.207257440670446,39.961761474609375,37316700
2021-12-10,40.15936120296218,40.267149924590875,39.58450172667351,39.98870086669922,37700200
2021-12-13,39.764148427722034,39.88091783623443,38.97371488972212,39.144378662109375,38653900
2021-12-14,39.153362002965494,40.25817083921418,39.09946763542902,39.63840103149414,47099400
2021-12-15,39.85397352466605,39.925832684763684,39.18030931770075,39.46773910522461,60057100
2021-12-16,40.15038820766624,40.743212584362155,39.60247409369525,40.41985321044922,69487200
2021-12-17,39.970747540680904,40.15039203513925,39.18031382092442,39.41385269165039,124242400
2021-12-20,38.86593644340074,38.946776290254725,38.35395188880337,38.76713180541992,56455200
2021-12-21,39.10844728230211,39.952771718799184,39.10844728230211,39.69228744506836,47845600
2021-12-22,39.593487485509804,40.042596898404796,39.413843035065234,39.773128509521484,35715700
2021-12-23,40.132414989606204,40.4827197623045,39.880914830014135,39.89887619018555,34053500
2021-12-27,40.01564911900507,40.25816861990001,39.80007851360934,40.09648895263672,33879200
2021-12-28,39.943796867811336,40.49171096271314,39.89888318021614,40.150386810302734,32492400
2021-12-29,40.28511881033714,40.52763833965509,40.06056407131311,40.0875129699707,25294900
2021-12-30,40.19529372313093,40.50966895150959,39.952774221338956,39.997684478759766,23852200
2021-12-31,39.988706945896496,40.16835141615496,39.773132896299686,39.961761474609375,24253900
2022-01-03,40.50068534027791,41.7581930156749,40.401880725241085,41.47974395751953,58587900
2022-01-04,42.27017838919529,43.5007371982446,42.25221360184159,43.10552215576172,74606700
2022-01-05,43.24025715324662,43.44684708838414,42.36000304536072,42.377967834472656,57791600
2022-01-06,43.09653945479133,43.25821911981621,42.386945750119146,43.23127365112305,52040900
2022-01-07,43.24923607311747,44.29116973159394,43.16839624502737,44.174400329589844,59082600
2022-01-10,44.83010222827327,44.982801213025944,43.41989892167123,43.94984817504883,66839500
2022-01-11,44.003741540464304,44.23727692625161,43.68936289731142,44.20134735107422,40454400
2022-01-12,44.165419990219846,44.354048556142004,43.725294664745256,43.8869743347168,41378000
2022-01-13,43.94086836449124,44.452856306368986,43.68038747915572,43.79715347290039,46337500
2022-01-14,42.68335611859523,43.321090619321055,42.38694228149489,43.033660888671875,72953300
2022-01-18,42.979773427042005,43.042648476560224,41.36298007605472,41.551605224609375,65877400
2022-01-19,43.46480706460558,43.635470829054675,41.632439895285415,41.713279724121094,84451800
2022-01-20,41.93784188995643,42.261201262868795,41.012677460238706,41.0935173034668,46265300
2022-01-21,40.93184334740888,41.33604262013664,40.114464118752245,40.347999572753906,71303600
2022-01-24,39.431807708964634,40.14139797520205,38.25513981705944,40.015647888183594,90672700
2022-01-25,39.78211471209071,40.93183377320439,39.36893485280711,40.80608367919922,73555300
2022-01-26,41.120459861903015,41.731248983804605,40.653385625952794,41.228248596191406,63735800
2022-01-27,41.650409263584415,41.99173340359244,40.500690172736114,40.84201431274414,63402400
2022-01-28,40.716269723854545,41.21927018093334,39.92583602874463,41.2013053894043,51048300
2022-01-31,40.88692617521106,41.560590373871634,40.61746118103349,41.44382095336914,44793700
2022-02-01,41.50669606744238,42.306110369503244,41.228250391157495,42.16239547729492,40326600
2022-02-02,41.96478947309465,42.18036009732267,41.58753574104567,42.11748504638672,41125600
2022-02-03,42.41390525299171,42.47678031328949,41.63245220111855,41.70431137084961,35879900
2022-02-04,42.28814506593093,43.73427453497023,41.92885615567002,43.366004943847656,60297100
2022-02-07,43.617511189986246,43.79715222955003,43.105526689076434,43.57259750366211,44824800
2022-02-08,44.14745595246247,44.92890535900723,43.95882739797277,44.35404586791992,49560500
2022-02-09,44.21033406659062,44.72231855056161,44.0396702876449,44.264225006103516,33861100
2022-02-10,44.6235112624261,45.00974562923344,43.79714816608264,44.05763244628906,47082800
2022-02-11,43.68038247133328,44.407937527535395,42.66539423846953,43.04264450073242,61056000
2022-02-14,43.13246974476958,43.285165305136125,42.16239173855976,42.593536376953125,44791900
2022-02-15,43.11450174020116,43.44684173171404,42.728267387997235,42.92587661743164,42397600
2022-02-16,42.61149812651434,43.330075899026994,42.49473215094888,42.82707214355469,36664600
2022-02-17,42.216291017932136,42.47677533804637,41.27316179749906,41.38094711303711,49442400
2022-02-18,41.38093962547816,41.803103555728896,41.06656441769535,41.282135009765625,37856500
2022-02-22,40.57254333687964,41.30010183041476,40.45577735477247,40.9228515625,51905600
2022-02-23,41.273158321905264,41.4168732059983,40.033615305082144,40.22224044799805,45704900
2022-02-24,38.62341211033435,39.23420122712405,37.77010348307522,39.1623420715332,80484800
2022-02-25,39.35097253745186,40.73422708488187,39.189292856016756,40.43781661987305,68530700
2022-02-28,39.27013399722953,39.75516963116429,39.01863035864969,39.70127868652344,69955300
2022-03-01,39.26114746257825,39.2880963596667,37.662318910280035,38.14735794067383,74895600
2022-03-02,38.389881471057045,39.108455983962685,38.282092724296035,38.76713180541992,70834600
2022-03-03,38.89349373322897,39.263563968538314,38.09919538310657,38.3519287109375,48733800
2022-03-04,37.3951629869622,37.404187579300505,36.39326452126176,36.961910247802734,75572800
2022-03-07,36.04124948333815,36.203719702630295,34.48875780707407,34.60609817504883,109779000
2022-03-08,35.26499012255973,35.797530427546654,34.4526393376015,34.83173751831055,76553800
2022-03-09,36.38423132973699,37.55762431803475,36.24883837435476,37.04313659667969,78207900
2022-03-10,36.36618552675485,37.440291008316265,36.20371532709863,36.70917510986328,48804400
2022-03-11,37.04314698194849,37.350034782758286,36.36618890161984,36.40229415893555,43946600
2022-03-14,36.916770943546034,38.072111285365395,36.916770943546034,37.18755340576172,54262400
2022-03-15,37.24171542600414,37.71107339636838,36.889697809027595,37.458343505859375,41395300
2022-03-16,38.12628450333287,38.857397101315875,37.837445858416324,38.631744384765625,59477600
2022-03-17,38.2797074594689,38.84835298348146,37.75619521063335,38.839324951171875,50260200
2022-03-18,38.59563173272436,38.749077341051176,38.14432638604841,38.72200012207031,74470600
2022-03-21,39.128168950916795,39.200379453156124,38.369975893335116,38.66783905029297,47106400
2022-03-22,39.55239424402192,40.28351003310737,39.44408194151571,39.87733459472656,52360600
2022-03-23,39.46214320526809,39.72389770669866,38.839339582338084,38.893497467041016,48539300
2022-03-24,39.155249218781776,39.20037906063634,38.71296850496015,38.87543869018555,30360800
2022-03-25,39.24551203291092,39.94954726292088,39.11012249654789,39.47116470336914,38968100
2022-03-28,39.45311432642762,39.48921958212465,38.658819360213016,39.30869674682617,37428600
2022-03-29,39.940519831552656,40.06688476711557,38.91154427832754,39.20940399169922,46355800
2022-03-30,39.20940713816678,39.39895799990843,38.586607001548586,38.812259674072266,36601800
2022-03-31,38.6678365103558,38.71296634969785,37.18755574354589,37.20560836791992,67902500
2022-04-01,37.629838392078085,37.674971681085964,36.42033993085871,36.916778564453125,61929200
2022-04-04,36.53767992958913,37.133402840928596,36.24884478731463,36.85359573364258,53761700
2022-04-05,36.50157167781259,36.79040679636252,36.14052950121829,36.23078918457031,51781700
2022-04-06,35.869750120691805,36.11345197552754,35.51772906142422,35.83364486694336,54159800
2022-04-07,36.00513833351347,36.0863734298671,35.066422429690725,35.5538330078125,54585000
2022-04-08,35.644097574987924,36.19468720225015,35.490651967610255,35.80656433105469,41018900
2022-04-11,35.63506059547609,36.46546401024788,35.55382551623956,35.73434829711914,34198700
2022-04-12,35.716304593567635,36.17663797192144,35.0664237973912,35.35525894165039,42855300
2022-04-13,34.750509658102104,35.21083956973991,34.6241447193461,35.039344787597656,45484200
2022-04-14,34.74148293548673,35.174735603152214,33.77568644169888,33.91107940673828,79032000
2022-04-18,33.77568436144121,35.48162115448654,33.595165010088444,35.0664176940918,80080300
2022-04-19,35.391360599285164,35.99611148831849,35.3011009170706,35.71630096435547,53714200
2022-04-20,36.23981563537399,36.43838761870939,35.75240510292282,35.79753494262695,47064300
2022-04-21,36.10442054885563,36.29396793037251,34.858817075828064,35.120574951171875,46245900
2022-04-22,35.0303249149734,35.0664267286337,33.84790357713168,33.902061462402344,50409800
2022-04-25,33.29729871407826,33.75763196850627,32.430793514571604,33.65834426879883,64301100
2022-04-26,33.28828463188227,33.88400757497751,32.87308107994154,32.90016174316406,44809900
2022-04-27,32.73768381856518,33.3153539977201,32.64742070108106,32.71963119506836,39824900
2022-04-28,33.15288715501923,33.35146259021764,32.6383993849017,33.22509765625,39567800
2022-04-29,33.170935936179944,33.51392889090458,32.07877805553018,32.205142974853516,47385200
2022-05-02,32.52105455075136,32.74670717115499,31.952412426427948,32.62034225463867,46652200
2022-05-03,32.80086810102128,33.96523655734325,32.791843510364565,33.51393127441406,48926000
2022-05-04,33.73055118915259,34.97615456083025,33.64931611180001,34.85881423950195,57860300
2022-05-05,34.34433644218607,34.48875401644104,33.27925554086067,33.88400650024414,48860600
2022-05-06,33.730558204305886,33.95621086130614,33.044575642027084,33.80276870727539,50440100
2022-05-09,33.27925486470139,33.45075309783549,32.548142416284264,32.82794952392578,51242000
2022-05-10,33.17094516916465,33.51393821935988,31.753846562562767,32.27735900878906,60235300
2022-05-11,32.40371714125079,33.32437678754979,32.051696166859195,32.10585403442383,54969300
2022-05-12,31.600394585892353,31.97949281629129,30.923436657424183,31.654552459716797,61231500
2022-05-13,32.069752366984545,32.25027516915288,31.374741816707388,31.74481201171875,49117900
2022-05-16,31.591370872393064,31.744813021043896,31.058830482816706,31.419876098632812,39076500
2022-05-17,32.150994006209984,32.69256252305358,31.979499202962234,32.484962463378906,42635600
2022-05-18,32.150986902480575,32.21416936567421,31.230323726134184,31.483057022094727,47396900
2022-05-19,30.950522607178392,31.44695781762089,30.914417351789602,31.094940185546875,47002700
2022-05-20,31.410847809976364,31.57331799145857,29.750044188414176,30.562395095825195,62406500
2022-05-23,31.37473833529243,32.72865403654218,31.28447866581672,32.37663650512695,69081900
2022-05-24,32.015599880859725,32.45787715768611,31.555266535215292,32.178070068359375,46146700
2022-05-25,32.04267208260012,32.73768256630641,31.853124707912695,32.34955978393555,49343400
2022-05-26,32.945282237678434,33.25216993597601,32.80086469984344,33.098724365234375,60201200
2022-05-27,33.29730580194185,33.44172336593454,33.01749870849831,33.41464614868164,43365600
2022-05-31,33.23412112236091,33.874973804753694,33.04457372782549,33.57711410522461,71609200
2022-06-01,33.81178746468842,33.82081549759506,32.64741912910179,33.098724365234375,35237900
2022-06-02,33.05333906549646,33.325681184241546,32.74468374078058,33.31660461425781,35341900
2022-06-03,33.11688800564534,33.298450586523145,32.79915608637283,32.85362243652344,25235200
2022-06-06,33.31660479753425,33.779586055645986,32.77191709402979,32.81731033325195,40394000
2022-06-07,32.59036315075221,33.053344482189196,32.44511376608389,32.99887466430664,29152200
2022-06-08,32.60850529348929,32.78099126042144,32.24538368582377,32.58127212524414,33590600
2022-06-09,32.44511725408811,32.535896830633106,31.31943180462824,31.328508377075195,49419000
2022-06-10,30.575018542047548,30.901830455257535,29.975864522168493,30.11203384399414,49318200
2022-06-13,29.403946529323754,29.74891507821225,28.813870753235495,29.068058013916016,61216600
2022-06-14,28.977276069769633,29.59458500629035,28.350887099973693,28.559682846069336,49349800
2022-06-15,29.031742852330183,29.49472756418508,28.52337009668928,29.09528923034668,51540100
2022-06-16,28.595996975310406,29.049901689204223,28.014999495609224,28.91373062133789,61363400
2022-06-17,29.07713179011449,29.57642969303118,28.72308670478649,28.97727394104004,80470300
2022-06-21,29.857850224475385,30.220975364970613,29.612741274093807,29.821537017822266,53537200
2022-06-22,29.403948168543398,29.903242684258494,29.340401782707932,29.594587326049805,38305600
2022-06-23,29.394868286443238,29.422101459299867,28.37812103307794,29.122526168823242,44091500
2022-06-24,28.369044391220505,29.748915125971646,28.350887787247952,29.331323623657227,79504700
2022-06-27,29.43117829147504,29.59458425610655,28.96819703369772,29.367631912231445,47900300
2022-06-28,29.80338519365818,30.41161584837701,29.22238425060469,29.285930633544922,49863800
2022-06-29,29.258694268335248,29.44933339636762,28.741243227665795,28.922805786132812,35149700
2022-06-30,28.2964183392467,28.641385140507385,27.81527874628227,28.26010513305664,46312300
2022-07-01,28.123937485855066,28.750326516577505,27.806203819169237,28.650466918945312,40236100
2022-07-05,27.960529645565504,28.359966278076172,27.642797731475383,28.359966278076172,47411800
2022-07-06,28.151170605680615,28.369044660895202,27.815280355031625,28.12393569946289,35933700
2022-07-07,28.595993873495733,29.05897510771975,28.568758970273013,28.922805786132812,40137900
2022-07-08,29.05897818517907,29.27685397101694,28.65046498262846,28.859262466430664,31153800
2022-07-11,28.64138583045615,28.859261609827012,28.405356910570916,28.559682846069336,29311900
2022-07-12,28.16024914817283,29.07713515571294,28.123935939572505,28.468904495239258,39527000
2022-07-13,28.205637172598436,28.278261853771653,27.597404818456884,27.996841430664062,44153700
2022-07-14,27.31598725793488,27.43400172789284,26.934707208941912,27.352298736572266,51707800
2022-07-15,27.824356341968485,29.62182017807107,27.78804486820857,29.276851654052734,77801700
2022-07-18,30.03033755073562,30.30267968662492,29.140681263536088,29.285930633544922,56382900
2022-07-19,29.866934426801205,30.520554922706925,29.667215225348038,30.27544593811035,46874900
2022-07-20,30.12111513944933,30.366224084633245,29.912319400148498,30.284521102905273,35514900
2022-07-21,30.03941034270506,30.565937944124638,29.91231759281129,30.54778480529785,31244000
2022-07-22,30.502394171623344,30.811049503278657,30.03941290564937,30.348068237304688,27115400
2022-07-25,30.665800696990154,30.847363271211034,30.357145359720082,30.620410919189453,30381000
2022-07-26,30.329915230023467,30.665803775085326,29.921400262776118,30.003103256225586,30645700
2022-07-27,30.17558853340631,30.656726447957936,29.91232295400253,30.49332046508789,30344800
2022-07-28,30.41161688669868,30.63856925152479,29.866932596323323,30.248210906982422,40176500
2022-07-29,30.384376034334082,30.811044017555137,30.27543643336849,30.693031311035156,48152500
2022-08-01,30.520555685343886,30.76566467606516,30.15743394810459,30.602258682250977,32336700
2022-08-02,30.50239533914093,30.611334963672373,29.95771106855625,29.9940242767334,37884100
2022-08-03,30.338990451397464,30.638569235055662,30.112038086693346,30.53870964050293,30065800
2022-08-04,30.429771271047958,30.565940602196665,30.112035905664957,30.32083511352539,28404500
2022-08-05,30.211892057842217,31.165094582592495,30.175582318141846,30.82920265197754,35874500
2022-08-08,31.01984745104774,31.128787079147124,30.36622699754272,30.40254020690918,33454300
2022-08-09,30.547790755651818,30.82920948151434,30.32991495409589,30.792896270751953,40196900
2022-08-10,31.319421073184103,32.163684005241784,31.274031300464184,31.836872100830078,61415800
2022-08-11,32.472344942746346,32.73561051842996,32.363408776711786,32.59943771362305,50420800
2022-08-12,32.82638320787683,32.96255598417787,32.39971174094996,32.95347595214844,31821700
2022-08-15,32.535890763520726,32.953482278587764,32.38156135655008,32.9080924987793,24908000
2022-08-16,32.85361587763993,33.534472822742025,32.771912905706984,33.26213073730469,31870200
2022-08-17,32.86270176439631,33.21674688484377,32.75376560341666,33.053340911865234,27125600
2022-08-18,32.90808863577673,33.044261422235344,32.68113630035758,32.93532180786133,23138300
2022-08-19,32.644827874666426,32.70837426084535,32.05475379400234,32.20907974243164,36485400
2022-08-22,31.54637723256468,31.609923614696743,31.274035100138967,31.51914405822754,31210300
2022-08-23,31.473747481772662,31.74609304835663,31.19232880872857,31.23771858215332,26588000
2022-08-24,31.092470782811894,31.591765241465147,30.910908217024012,31.33757972717285,31389400
2022-08-25,31.410203244971257,32.02751390202776,31.274033915425772,31.900421142578125,40576700
2022-08-26,32.17276673720715,32.209079947545874,30.88367893734734,30.89275550842285,36152600
2022-08-29,30.73843082198272,31.001696413227975,30.511478442568222,30.774744033813477,34931000
2022-08-30,31.028919001162233,31.11969853673975,30.447921662224598,30.947216033935547,48194900
2022-08-31,30.992610547696128,31.201406281911645,30.50239266926779,30.511472702026367,44917600
2022-09-01,30.46578568666636,30.60285570223878,29.844407658185908,30.584579467773438,32848900
2022-09-02,31.004920507420003,31.507504724066848,30.401818750276778,30.548025131225586,44000800
2022-09-06,30.73992348294674,30.82216479846997,29.798720027608468,30.20992660522461,40762400
2022-09-07,29.981471662758302,30.767328672199383,29.816989071382714,30.67595100402832,40742600
2022-09-08,30.575438094667867,31.73595278202698,30.401819104591198,31.662851333618164,44361800
2022-09-09,31.96440319349981,32.211127138820814,31.83647303351901,31.9278507232666,37295100
2022-09-12,32.1654317530853,32.55836201360108,32.01008552910164,32.22939682006836,30534000
2022-09-13,31.59888805648199,31.726818212850688,30.89526871061881,31.06888771057129,40959600
2022-09-14,31.251646868047718,31.45267847889587,30.64854506383256,30.95009422302246,32004400
2022-09-15,30.876998319850955,31.891306874223,30.794756991500897,31.53492546081543,44863300
2022-09-16,31.242504349473442,31.27905681591226,30.75819636958184,31.178539276123047,54281800
2022-09-19,30.81302899662783,31.863886396921735,30.730787679575652,31.699403762817383,29782000
2022-09-20,31.525780522603505,31.781640814276265,30.95923123997024,31.224227905273438,33591100
2022-09-21,31.35216884403766,31.43441016921934,30.26475537932036,30.292171478271484,51667800
2022-09-22,30.438370054550337,30.538884105373068,29.59768078182376,29.698198318481445,47527500
2022-09-23,29.177341996278912,29.323548392228705,28.519411471587123,28.994583129882812,55316100
2022-09-26,28.619925469152843,29.076820835500538,28.035099957961393,28.35492706298828,40360200
2022-09-27,28.574239853510417,28.665619285673138,27.687861627325024,27.934585571289062,43396600
2022-09-28,27.898033373195055,28.610789072063877,27.770101477745627,28.3914794921875,38372900
2022-09-29,28.044242891126974,28.236138141351226,27.605621939481328,28.016828536987305,35220900
2022-09-30,28.108209482931596,28.501139865430645,27.56907268967726,27.596487045288086,42294100
2022-10-03,27.952860313294767,28.58337644433113,27.59648246410438,28.40975570678711,34591700
2022-10-04,28.985445096583966,29.71647882137708,28.93061813367274,29.58854866027832,39758700
2022-10-05,28.820959836193637,29.268715332122298,28.73871853284257,29.16819953918457,35791100
2022-10-06,28.87578803023937,29.131648324609603,28.6564784595288,28.74785614013672,40891900
2022-10-07,28.482857968335818,28.546823042465586,27.898032441529292,28.09906578063965,52304600
2022-10-10,28.236138141351226,28.37320642621395,27.7335538492153,28.016828536987305,37669100
2022-10-11,27.751830960449308,27.84320865796081,27.0207971799323,27.203556060791016,58124000
2022-10-12,27.08476011025992,27.697000046628308,26.938553714373537,27.285795211791992,36137900
2022-10-13,26.874585296331954,29.031131982199057,26.78320587452246,28.95802879333496,67671000
2022-10-14,29.067682695967626,29.816992560234215,28.848373129444784,28.967166900634766,58108500
2022-10-17,30.484063176411098,30.95009497404415,30.03630412816053,30.721647262573242,88896800
2022-10-18,31.964399759398187,32.31164121763684,31.324745542380153,31.873022079467773,81937900
2022-10-19,31.598890082503704,31.82733780090526,30.85871821998188,30.995784759521484,43139900
2022-10-20,31.050610518470545,31.64457592424963,30.694232669337183,30.794750213623047,39549100
2022-10-21,30.666825683763246,32.01923587793959,30.666825683763246,31.936994552612305,54870300
2022-10-24,32.0831909521365,32.22025746101047,31.717673290136364,32.04663848876953,33765600
2022-10-25,31.745084721978785,32.51266891086805,31.553186060380778,32.339046478271484,37132300
2022-10-26,32.36646972228683,32.97871139474554,32.30250464266455,32.62233352661133,41104600
2022-10-27,33.03353173883172,33.23456330140448,32.68629033317401,32.77766799926758,35261900
2022-10-28,32.93301727944264,33.1706013248967,32.56749960938348,33.06094741821289,31659100
2022-10-31,32.896465266039144,33.19801787084525,32.72284628759116,32.93301773071289,32565500
2022-11-01,33.29853144606418,33.590944187622995,32.99698233138441,33.0792236328125,29913200
2022-11-02,32.96043394022533,34.066119973741344,32.85078002004931,32.97871017456055,57380600
2022-11-03,32.62232525403916,33.024391864825674,32.35732514232703,32.79594421386719,30046500
2022-11-04,33.353366058091645,33.810261483544956,33.09750573530514,33.61836624145508,39369400
2022-11-07,33.81938934326172,34.120941921337206,33.56352908489555,33.81938934326172,37533700
2022-11-08,33.89250181086905,34.19405097023719,33.58181279119061,33.9107780456543,32664300
2022-11-09,33.70060448578508,33.77370593456025,33.252845475884804,33.371639251708984,30164400
2022-11-10,34.08439784174287,34.92508723228071,33.93819144588874,34.84284591674805,45702800
2022-11-11,34.89767019568038,35.272324292820365,34.69663858544805,35.09870529174805,35688700
2022-11-14,34.80629817661199,34.96164096826558,34.495609107468894,34.50474548339844,35541400
2022-11-15,34.89766082546142,34.99817834650573,34.08438777095292,34.44990539550781,46082800
2022-11-16,34.36767270717665,34.48646648776857,33.99301861685012,34.139225006103516,23813000
2022-11-17,33.70060240306109,33.993015151760694,33.408189654361486,33.965599060058594,23689700
2022-11-18,34.53215566879841,34.58698088665798,33.737155151481446,33.98387908935547,32041800
2022-11-21,33.89250128328021,34.28543161045801,33.865088674446746,34.093536376953125,27935700
2022-11-22,34.349392354093496,34.54128756338508,34.20318598237111,34.25801467895508,23499300
2022-11-23,34.258021850960596,34.41336462838429,34.1483644348356,34.36767578125,18934700
2022-11-25,34.468181625319,34.60524812015127,34.32197527266393,34.44990539550781,16118500
2022-11-28,34.17578284840666,34.41336696111106,33.65492228693071,33.682334899902344,35428300
2022-11-29,33.791980725135716,33.94732696163103,33.55439666946846,33.81025695800781,27048800
2022-11-30,33.71888419695259,34.58698272705078,33.07922989648378,34.58698272705078,51747900
2022-12-01,34.46748781984358,34.64212182922702,33.456442912947175,33.59431076049805,46213200
2022-12-02,33.143943728400934,33.35534393902558,32.914160433433075,33.16232681274414,42295300
2022-12-05,32.914158439379094,32.98768726608246,31.37920429875495,31.682519912719727,71386600
2022-12-06,31.774434970334173,31.87554018500492,29.789107365665338,30.331396102905273,84085700
2022-12-07,29.954553001591822,30.257865153329067,29.733959477061454,30.092424392700195,49234100
2022-12-08,30.303820030399596,30.32220311351017,29.57770402549758,29.81667709350586,45491100
2022-12-09,29.513367354609485,29.96374065518619,29.48579448083965,29.761533737182617,36985500
2022-12-12,29.697194805853407,30.129185023468803,29.467411507001533,30.083229064941406,41060500
2022-12-13,30.836917944717708,30.947212946211977,29.93616783571561,30.101612091064453,54804800
2022-12-14,30.14756635376339,30.331393683390512,29.55932170392835,29.66961669921875,48819500
2022-12-15,29.18247789318728,29.403069641692028,28.943503060696955,29.20086097717285,49027600
2022-12-16,29.062989806820422,29.347920581003844,28.81482344554424,29.136520385742188,61795200
2022-12-19,29.191671924631862,29.62366391648865,29.16409729630195,29.4674129486084,38374100
2022-12-20,29.77991369644148,29.94535793412728,29.540937128133315,29.58689308166504,35561100
2022-12-21,29.89021033648391,30.211905535182176,29.789105129403115,30.03727149963379,32544000
2022-12-22,29.890211638853195,29.94536089226786,29.29277541838705,29.770723342895508,30234400
2022-12-23,29.779914502111115,29.94535874427287,29.58689388211267,29.844253540039062,21378600
2022-12-27,29.8718278381208,30.02807879306019,29.669617419997103,29.89940071105957,22776100
2022-12-28,29.936165881869705,30.30382053780803,29.899399715032942,30.119993209838867,30541000
2022-12-29,30.230288279738243,30.47845464718506,30.10161020170241,30.460071563720703,22252900
2022-12-30,30.423301641705024,30.60712894744449,30.202711679789047,30.44168472290039,28198900
2023-01-03,30.542789978078577,31.333244940005414,30.524406896846067,30.800146102905273,35221500
2023-01-04,31.158611919653218,32.00421264598579,31.0942728863981,31.379201889038086,41998500
2023-01-05,31.17699564079456,31.37920606146346,30.864493726982346,31.31486701965332,34177000
2023-01-06,31.333246623903634,31.783623372768545,30.8277241345918,31.627368927001953,34068700
2023-01-09,31.939876756798128,31.949066545504472,30.983977445462862,31.14942169189453,43818800
2023-01-10,31.011552712505996,31.49869213942009,30.91963729766353,31.360820770263672,35096000
2023-01-11,31.360817837787668,31.654940125351747,31.250522856504695,31.599794387817383,36783700
2023-01-12,31.80200469438953,32.05017105866582,31.581414708064802,31.682519912719727,44230400
2023-01-13,31.43434809293945,32.528115058659104,30.414109941162074,32.38105392456055,89667800
2023-01-17,31.88472651734486,32.01340809874676,31.388397299653,31.72847557067871,56458400
2023-01-18,31.55384154613809,31.563031334561018,30.800149165518633,30.9931697845459,54517800
2023-01-19,30.58875113907752,30.836917518672095,30.230289759512523,30.542795181274414,42707100
2023-01-20,30.607133109778413,31.14942180703909,30.414115990299535,31.112655639648438,45004400
2023-01-23,31.075896522898415,31.71928699454457,31.02074726552227,31.544652938842773,33683300
2023-01-24,31.452737931710033,31.976643553654146,31.20457155717628,31.774433135986328,26716700
2023-01-25,31.526269053107768,32.13289684399245,31.48031309290128,32.050174713134766,28859700
2023-01-26,32.2156168301298,32.49135607922669,31.97664374923643,32.4821662902832,30035500
2023-01-27,32.574081545207505,32.88658699455688,32.41783057364039,32.583274841308594,29964900
2023-01-30,32.36267811239092,32.684376825999344,32.33510523924712,32.44540023803711,27353500
2023-01-31,32.32591490180038,32.61084747314453,32.16966393140254,32.61084747314453,38917400
2023-02-01,32.35348535090881,33.32776417876808,32.27076323286279,33.0152587890625,44438700
2023-02-02,33.18070227980033,33.438061922503685,32.57407459649465,33.20827865600586,33729100
2023-02-03,33.10717201803683,33.787328493812694,32.99687703665425,33.48401641845703,37411700
2023-02-06,33.31857996238165,33.49321401580912,33.07041356674362,33.42887496948242,29463200
2023-02-07,33.2450458440774,34.00792807578767,33.2082831811512,33.79652786254883,44100200
2023-02-08,33.465632990804785,33.860860468400325,33.40129396014637,33.54835510253906,28032800
2023-02-09,33.336966418680014,33.41049526211011,32.684382593545486,32.831443786621094,35257100
2023-02-10,32.67518241064927,32.711948577723795,32.19723275732449,32.7027587890625,32898900
2023-02-13,32.610846814385276,32.88658608412703,32.528124682841245,32.7671012878418,29163900
2023-02-14,32.74871813713687,33.079606662653944,32.592463663991566,32.739524841308594,33625200
2023-02-15,32.46378226631949,32.730331718756,32.31672110397774,32.68437576293945,23500100
2023-02-16,32.555702954771625,32.77629651086227,32.371879081947654,32.427024841308594,22681100
2023-02-17,32.24319681312004,32.52812588300614,31.930691360891775,32.49135971069336,28562700
2023-02-21,32.08693692476184,32.21561499994915,31.498692291782906,31.72847557067871,37068900
2023-02-22,31.581415532184433,31.75604956809982,31.31486607772302,31.51707649230957,38550400
2023-02-23,31.61817780117749,31.80200160317521,31.12184512086939,31.4894962310791,28488000
2023-02-24,31.12184541041689,31.517072899574746,31.103462328803232,31.443540573120117,27046600
2023-02-27,31.664134046269695,31.884724013204963,31.406774409892805,31.443540573120117,30137500
2023-02-28,31.572218233663346,31.700899803310133,31.41596730127078,31.526262283325195,32620600
2023-03-01,31.388395183054158,31.70090056152801,31.232140740710058,31.379201889038086,29281600
2023-03-02,31.138681075120754,31.175685702481573,30.52811883948919,30.981416702270508,44607200
2023-03-03,31.129437697371642,31.721497733716514,31.129437697371642,31.601234436035156,39109100
2023-03-06,31.675239825847562,31.971269807765747,31.443966181914245,31.536474227905273,36646700
2023-03-07,31.31444703752376,31.360704585132858,30.343098529974778,30.528118133544922,52855300
2023-03-08,30.213588443759026,30.50036903020649,30.01006650957336,30.12108039855957,40045600
2023-03-09,29.86205051828617,29.963811481965866,28.039614916023663,28.25238800048828,112457900
2023-03-10,28.0488651798536,28.71493435439516,26.753733222490638,28.00261116027832,165330900
2023-03-13,26.753731638590267,27.493806494846545,25.782383169194194,26.37444305419922,218403300
2023-03-14,27.743584449041446,27.836094253956933,26.337440354863755,26.6057186126709,154255800
2023-03-15,25.791635436207073,26.420700016391265,25.606617583756204,26.35594367980957,131104400
2023-03-16,26.254181881267666,27.262535056140663,26.004407700157945,26.79998779296875,108348800
2023-03-17,26.51320341887859,26.51320341887859,25.551106230948424,25.73612403869629,130665500
2023-03-20,26.12466753706617,26.300435979854786,25.578861660362843,25.671371459960938,81441200
2023-03-21,26.485454858460663,26.809238287576637,26.374444506149764,26.44845199584961,84854800
2023-03-22,26.559459415469938,26.587212882721996,25.569608688354492,25.569608688354492,76925900
2023-03-23,25.902644595170017,25.9859032368127,24.783281157828004,24.949796676635742,105335900
2023-03-24,24.607516937130683,25.24583271100113,24.348489811558256,25.107067108154297,96872700
2023-03-27,25.837891222678167,26.5039586675614,25.81938890808973,26.35594367980957,102469800
2023-03-28,26.25417961960002,26.503955543670564,25.88414219383494,26.013656616210938,63416500
2023-03-29,26.355939844692802,26.614966917805763,26.124666239424023,26.522457122802734,62666400
2023-03-30,26.75373714357396,26.883249828948582,26.004410976869647,26.180177688598633,67427100
2023-03-31,26.476204949902364,26.53171012497551,26.143170370508088,26.45770263671875,56482100
2023-04-03,26.49470601523286,26.809238287576637,26.20792721320568,26.44845199584961,51996800
2023-04-04,26.41144741493876,26.503957218344745,25.588113870028742,25.884143829345703,56233300
2023-04-05,25.588110999855864,25.81938460019041,25.403091413797213,25.569608688354492,47799400
2023-04-06,25.64361892601836,25.91189717818978,25.551110887523958,25.75463104248047,41216600
2023-04-10,25.59736343420815,25.99515432896984,25.578861121782577,25.847139358520508,40572700
2023-04-11,25.921147674779892,26.596466219665448,25.865640735723613,26.55946159362793,58761200
2023-04-12,26.531710738752743,26.836991855433883,26.244931935683248,26.346691131591797,44313300
2023-04-13,26.420700073242188,26.49470756727735,26.124670097101543,26.420700073242188,52261400
2023-04-14,27.105266393440573,27.632571706542453,27.05901237721928,27.308788299560547,81110800
2023-04-17,27.540064318082006,28.132124246984514,27.197778568886637,28.095121383666992,83704400
2023-04-18,28.49291176506734,28.61317504607141,27.56781720432518,28.270889282226562,114498800
2023-04-19,27.873098316865022,27.937856418227422,27.55856778977973,27.80834197998047,65594200
2023-04-20,27.604818922941643,27.965605198955426,27.540062592834314,27.660324096679688,43193800
2023-04-21,27.521561962680206,27.734333278748952,27.20702968480564,27.6325740814209,44759000
2023-04-24,27.55856477879463,27.66032396943331,27.373545181215416,27.530811309814453,28020300
2023-04-25,27.244033859266658,27.318041349036548,26.66122333341075,26.679725646972656,49718800
2023-04-26,26.60571853135785,26.772235826801264,26.180174135838268,26.309688568115234,45848400
2023-04-27,26.383694883250648,26.901747295840465,26.383694883250648,26.72597885131836,33060100
2023-04-28,26.392946331864206,27.225531016717948,26.374444018661794,27.086767196655273,45592500
2023-05-01,27.29029066967639,27.327295300584673,26.82774337019035,26.864748001098633,34076800
2023-05-02,26.68897678874097,26.69822794551672,25.634367854516082,26.050661087036133,70797700
2023-05-03,26.05065995754742,26.365192216374663,25.726876542345533,25.77313232421875,51139500
2023-05-04,25.51410575144187,25.72687705889778,24.820284889711786,24.968299865722656,82173800
2023-05-05,25.551112011073933,25.80088619626088,25.412346418274975,25.634368896484375,50087100
2023-05-08,25.976650042542722,26.041406366633677,25.58811033351949,25.615863800048828,34245500
2023-05-09,25.366089425242933,25.745378001641694,25.199572144974674,25.588111877441406,32188800
2023-05-10,25.865640445278036,25.90264507090003,24.99605291689317,25.27358055114746,44446400
2023-05-11,24.98680182268443,25.430846744387672,24.86653855359126,25.338336944580078,34897300
2023-05-12,25.458601005522258,25.486352711193337,24.866539327025134,25.060810089111328,38142000
2023-05-15,25.070063732746377,25.736131202091254,25.005307393786474,25.57886505126953,38722800
2023-05-16,25.699124766238995,25.810135113470718,25.2828315529259,25.310585021972656,33347500
2023-05-17,25.662120464883433,26.522458606942372,25.652869308417696,26.429948806762695,61750400
2023-05-18,26.309684973561566,26.365190142966735,25.902642947476092,26.33743667602539,51146100
2023-05-19,26.328185695407086,26.522456436332973,25.930396586801763,26.004404067993164,50062500
2023-05-22,26.180173717673412,26.31893930464499,25.911897229449018,26.217178344726562,36473700
2023-05-23,26.198676567643226,26.901748615749533,26.180174253737796,26.43920135498047,51400400
2023-05-24,26.207926642163944,26.374443931479803,25.902645533244105,25.995155334472656,50606900
2023-05-25,25.893396333354865,26.124669971664012,25.791635367865936,26.059913635253906,40517800
2023-05-26,26.087663420789685,26.272681246606673,25.708374848715643,26.189422607421875,57879100
2023-05-30,26.19867839889168,26.355944549124942,25.856394390104985,26.143173217773438,41819600
2023-05-31,25.995156648408713,26.050661826160297,25.421597263383035,25.708377838134766,61905200
2023-06-01,25.885547736101756,26.09069192489115,25.49390753673454,25.904197692871094,57426100
2023-06-02,26.258535327491856,26.99519253848371,26.22123719627678,26.77139663696289,66578100
2023-06-05,26.873972993838144,26.873972993838144,26.38908477708934,26.61288070678711,34757800
2023-06-06,26.53827745971849,27.442780704953297,26.528954260859905,27.256284713745117,46297900
2023-06-07,27.32155863668813,27.647925742291772,27.05114139734178,27.489404678344727,44502600
2023-06-08,27.302909600825956,27.396155817872458,27.032490591429855,27.256284713745117,41483100
2023-06-09,27.228311759774034,27.414805973792564,27.116413808516835,27.2935848236084,32692000
2023-06-12,27.32155932170573,27.564003412559735,26.95789407470357,27.16303825378418,41011300
2023-06-13,27.16303541612256,27.787794644598225,27.06978920354567,27.414804458618164,42718800
2023-06-14,27.573328470996515,27.72252456141026,27.03249219860727,27.153715133666992,38322800
2023-06-15,26.94857188964554,27.480083237597164,26.752752668214043,27.386837005615234,42044900
2023-06-16,27.536030557883183,27.675901671444937,27.19101348444367,27.2189884185791,53050200
2023-06-20,27.05114129941319,27.079116232440562,26.650176152142343,26.920595169067383,39040900
2023-06-21,26.836672954444122,27.041817133799075,26.612878819177535,26.640851974487305,39553400
2023-06-22,26.57557869204996,26.603553625690772,26.01609246913737,26.072040557861328,50742900
2023-06-23,25.866897632142027,26.006768750000603,25.72702651428345,25.876222610473633,55181100
2023-06-26,25.922843091730986,26.37043311341726,25.913519892903686,26.193262100219727,47519300
2023-06-27,26.20258756878945,26.482329781349442,26.062716462509453,26.333133697509766,39081800
2023-06-28,26.342460000038052,26.361109956095465,26.016092883264093,26.17461395263672,37803800
2023-06-29,26.57557732568424,27.041815524380453,26.48232933023348,26.724773406982422,68376400
2023-06-30,26.985869514005724,27.144390584896534,26.734100440492487,26.752750396728516,50479000
2023-07-03,26.762073339599144,27.36818264271392,26.71544845255488,27.22831153869629,30995800
2023-07-05,27.172363112660957,27.43345715825757,26.995193868186732,27.11641502380371,37492000
2023-07-06,26.85532019424379,26.873970149504334,26.20258776714341,26.370433807373047,52098000
2023-07-07,26.389080944690384,26.873969091020488,26.37975774598495,26.603551864624023,34288000
2023-07-10,26.659500343734166,26.901944420483108,26.54760239348174,26.724773406982422,36086000
2023-07-11,26.7247727945025,27.11641294357399,26.500978677684152,27.06046485900879,40978700
2023-07-12,27.517377353152394,27.871717584246728,27.293583242162686,27.377506256103516,41855500
2023-07-13,27.526703375787076,27.853070467004233,27.42413040406117,27.666574478149414,39589000
2023-07-14,27.974291614270822,28.06753960869657,27.088438335062552,27.14438819885254,58720300
2023-07-17,27.18168537006094,27.56400053301019,27.153712217710872,27.414804458618164,49477200
2023-07-18,27.974295153930488,28.776225517481652,27.899697104662316,28.627029418945312,98253800
2023-07-19,28.804195790130542,29.55950296421769,28.61770157491309,29.400981903076172,70619800
2023-07-20,29.214488329993387,29.65275163955408,29.149215260330916,29.550180435180664,42128800
2023-07-21,29.71802549400286,29.941819630458113,29.298410376550695,29.82059669494629,70872400
2023-07-24,29.839245276493685,30.631848806304458,29.820595321342047,30.445356369018555,64548600
2023-07-25,30.547927919333347,30.575904632571564,29.904520428701993,29.9791202545166,51208800
2023-07-26,30.06304024634943,30.34278245069457,29.979117229334378,30.221559524536133,41814600
2023-07-27,30.240213728517258,30.529282729326304,29.67140248405319,29.792625427246094,45529500
2023-07-28,29.979121195791624,29.98844439575344,29.56882925516001,29.746000289916992,33296500
2023-07-31,29.74599874807302,30.07236586511135,29.634102568753292,29.83924674987793,29093400
2023-08-01,29.69004941545632,29.783297413357452,29.298409247117654,29.484905242919922,32712000
2023-08-02,29.055969383678395,29.167867353121775,28.70162907446383,29.08394432067871,38855100
2023-08-03,28.850822093433482,29.419631523096886,28.794872225421187,29.289085388183594,27933400
2023-08-04,29.242463771629332,29.531530990239407,29.065292737648672,29.186513900756836,30768100
2023-08-07,29.289086917353707,29.746000191963155,29.289086917353707,29.72735023498535,31745200
2023-08-08,29.186511973390594,29.195836951253558,28.42188157420432,29.158538818359375,45951800
2023-08-09,29.11191638226768,29.16786625416028,28.74825110775487,28.776226043701172,30732100
2023-08-10,28.916095516990946,29.205162724383527,28.72027453365179,28.85082244873047,26062600
2023-08-11,28.720273849240613,29.279760073017027,28.673650738324945,29.177188873291016,35720700
2023-08-14,28.95339360136038,29.00934346996596,28.673651372563334,28.84149742126465,32563700
2023-08-15,28.4405327376256,28.487155850362544,27.825098400997664,27.918346405029297,43406100
2023-08-16,27.741171235750887,27.825094249000784,27.237633156251515,27.312232971191406,47220400
2023-08-17,27.452107851756498,27.545355854729458,27.14439068693614,27.30291175842285,37202200
2023-08-18,27.079115136321786,27.368182318339798,27.0231652725318,27.14438819885254,31430400
2023-08-21,27.24696137599942,27.32155942126034,26.855321193740146,27.18168830871582,34959000
2023-08-22,27.163037894695083,27.26561087215824,26.50098047648876,26.519630432128906,37564200
2023-08-23,26.52895736694336,26.584905459433337,26.277188282901776,26.52895736694336,44686600
2023-08-24,26.482329259313968,26.845996262742272,26.45435610574396,26.687475204467773,31934800
2023-08-25,26.706124822771496,26.84599771240487,26.389082689102477,26.575578689575195,34253200
2023-08-28,26.752752515551233,27.041819745872985,26.64085454783044,26.818025588989258,33075200
2023-08-29,26.939242425965176,27.284259473957587,26.780721368005025,27.200336456298828,30428200
2023-08-30,27.24695916825932,27.29358405436808,26.97654194305871,27.07911491394043,33366400
2023-08-31,27.201348844956474,27.23895779633719,26.82525036425425,26.956884384155273,37243000
2023-09-01,27.0415059702253,27.38939638211379,27.0415059702253,27.24835968017578,35228600
2023-09-05,27.210750435022746,27.379995192865856,26.79704122622613,26.938077926635742,46543600
2023-09-06,26.703017646050707,26.85345704063518,26.4397496022174,26.693614959716797,45022600
2023-09-07,26.712417992249243,26.84405200263413,26.383331172908143,26.449148178100586,35023600
2023-09-08,26.439749992923442,26.684212667701406,26.28930880273682,26.665409088134766,36513900
2023-09-11,26.806448265872405,27.041510069192878,26.70302049853004,26.778240203857422,34168300
2023-09-12,26.759430239680114,27.39879852199465,26.70301591870499,27.238956451416016,42284000
2023-09-13,27.379995900515084,27.44581290951538,26.985092053134323,27.154335021972656,37215700
2023-09-14,27.42700739608436,27.68087453810225,27.3611903874232,27.455215454101562,44634800
2023-09-15,27.220151759654073,27.351785767669984,27.032101639592323,27.116724014282227,61661100
2023-09-18,27.079114763654086,27.079114763654086,26.787638675553257,27.041505813598633,25752300
2023-09-19,27.041505677179632,27.210750435022746,26.8064439120373,26.938077926635742,34888100
2023-09-20,27.08851772308832,27.238957111587368,26.825249689904464,26.844053268432617,26641100
2023-09-21,26.66540979299169,26.881666207446546,26.345725617980545,26.373931884765625,39906000
2023-09-22,26.392734637828127,26.505565073903544,25.950819166072215,25.988428115844727,41284400
2023-09-25,25.856795851986707,25.969626295700344,25.715759142378957,25.950820922851562,32749200
2023-09-26,25.706356594425948,25.856795991268456,25.39607511426589,25.5465145111084,42237400
2023-09-27,25.602928424017417,25.960223330795277,25.452489029599068,25.640539169311523,38296300
2023-09-28,25.546512234854713,25.988427699531506,25.546512234854713,25.9132080078125,36734300
2023-09-29,26.22349333434092,26.317518411224793,25.64054108574341,25.743967056274414,40645900
2023-10-02,25.6405356781412,25.72515805015187,24.99176475718568,25.104595184326172,50388600
2023-10-03,24.907146319817066,24.935354379402984,24.277180669430898,24.36180305480957,62144500
2023-10-04,24.333592812280802,24.455825932808615,24.051519415242485,24.3900089263916,55696400
2023-10-05,24.23957198986181,24.531048102018065,24.032716470658762,24.502840042114258,49044100
2023-10-06,24.230166068314066,24.662678835487377,23.948090887072507,24.512239456176758,58177300
2023-10-09,24.220766479303904,24.7849151205286,24.183155732978683,24.73790168762207,39953700
2023-10-10,25.019975815069788,25.668745020508076,24.982365070382865,25.396074295043945,51960100
2023-10-11,25.546516150570927,25.800383321551884,25.292648979589966,25.405479431152344,38508200
2023-10-12,25.358463417559484,25.461891171527878,25.019975684044848,25.292646408081055,44249800
2023-10-13,25.790980234334622,26.063650981862924,24.935355450640227,25.161014556884766,55089700
2023-10-16,25.537111828213003,25.55591720116572,25.17041602253037,25.377269744873047,56817500
2023-10-17,25.433683124084336,26.20468724604867,25.1234016554249,25.96962547302246,95344200
2023-10-18,25.8944045461743,26.36452806987351,25.58412129888906,25.678146362304688,68371100
2023-10-19,25.621734496636815,26.120066125123653,25.273842266678248,25.349061965942383,58611000
2023-10-20,25.198622569831496,25.330258388590682,24.672084674932023,24.73790168762207,62058400
2023-10-23,24.568653997515515,24.643873687851855,23.995104531218,24.042116165161133,59857200
2023-10-24,24.201960566200896,24.324193695651783,23.882276403084955,23.94809341430664,55975700
2023-10-25,23.86347143804999,24.117338594281573,23.67542308754366,24.023313522338867,45522400
2023-10-26,23.96689704785886,24.784912769031347,23.91988541279171,24.559253692626953,60921000
2023-10-27,24.512241466049904,24.512241466049904,23.46856661730021,23.666019439697266,64709300
2023-10-30,23.80705508237188,24.239569659079148,23.7694461328289,24.15494728088379,41891900
2023-10-31,24.2019608317247,24.803718419072432,24.183155458775317,24.766109466552734,50106700
2023-11-01,24.860133861941513,25.029378627125848,24.58746134172697,24.82252311706543,44046300
2023-11-02,25.11399896929837,26.00723442414957,25.00117032253803,25.96962547302246,63278300
2023-11-03,26.47735827666516,27.201348976376707,26.449150217959076,26.72182273864746,62613600
2023-11-06,26.85345964305334,27.050912488442886,26.34572708547021,26.637203216552734,45548000
2023-11-07,26.37393011078044,26.57138293189038,26.279906836648944,26.477357864379883,33081900
2023-11-08,26.47735497052199,26.5149657107671,26.01663416279221,26.223487854003906,31896000
2023-11-09,26.392738504199393,26.40214119136469,25.76277281115807,25.885005950927734,32267900
2023-11-10,26.101260730084878,26.110663416657403,25.70635686093439,26.02604103088379,32858500
2023-11-13,25.894404291074682,26.185880370750606,25.7815738574117,26.044843673706055,28521800
2023-11-14,26.797040867980726,27.652665538189797,26.768832810924337,27.474018096923828,66676300
2023-11-15,27.45521668143423,27.95354650836217,27.45521668143423,27.850120544433594,46968900
2023-11-16,27.671470780374413,27.925337912559975,27.47401796865934,27.774898529052734,36952800
2023-11-17,27.934741017263736,28.20741354232819,27.784301621841646,28.188608169555664,38493300
2023-11-20,28.188609795049558,28.442476961980717,27.972353375832274,28.21681785583496,46783400
2023-11-21,28.19801112496609,28.19801112496609,27.7843018869188,27.88772964477539,41611900
2023-11-22,27.962949624742656,28.009963057595847,27.75609590032589,27.859521865844727,41422700
2023-11-24,27.718484743401543,28.10398592019116,27.718484743401543,27.95354652404785,15815600
2023-11-27,27.831317642964937,27.915940034934803,27.74669525099507,27.7937068939209,42039500
2023-11-28,27.76549530029297,27.878323939026913,27.56804249244025,27.76549530029297,29705800
2023-11-29,28.09458149117219,28.78096321105415,28.02876448361422,28.49888801574707,57954900
2023-11-30,28.631574855643983,28.953810542991423,28.470458819662973,28.89694595336914,52547700
2023-12-01,28.811649645398372,29.427687853087082,28.764262786227242,29.342390060424805,46133300
2023-12-04,28.934858316268727,29.38030093778182,28.92538058291405,29.209705352783203,37811300
2023-12-05,29.077020015195114,29.181273271944153,28.745306586378614,28.98224449157715,45723100
2023-12-06,29.17179431001295,29.873130262935188,28.849558627901015,28.934856414794922,49803100
2023-12-07,28.991723088227953,29.313958793511187,28.94433622885393,29.05806541442871,32699600
2023-12-08,29.067543023385205,29.51298564574936,29.01067843084129,29.342390060424805,34794300
2023-12-11,29.30447861216279,29.456118718723857,29.105449842493474,29.238136291503906,32254000
2023-12-12,29.162315719942633,29.24761350432888,28.859035512210475,29.133882522583008,34566700
2023-12-13,29.143362516242824,30.45126077318216,29.029631525672666,30.365962982177734,60311100
2023-12-14,30.915655227481697,32.28989572823181,30.86826837201831,32.16668701171875,107190000
2023-12-15,32.052956490701334,32.24250751998731,31.550649336170892,31.844449996948242,83771800
2023-12-18,31.948709395497534,32.02453126796537,31.664384604514876,31.683340072631836,40694700
2023-12-19,31.30423492856638,31.91079538839454,31.086252489277232,31.7591552734375,44534800
2023-12-20,31.63594560735709,31.948701717661454,31.22841217924459,31.25684356689453,44711400
2023-12-21,31.503267762069637,31.702294749249884,31.17155250138345,31.465356826782227,32325700
2023-12-22,31.474833538731144,31.910798459263614,31.465357612365597,31.683340072631836,37265900
2023-12-26,31.702288121868108,32.18563979188744,31.626466267143886,32.09086608886719,24845400
2023-12-27,32.033999930516806,32.17616410146488,31.901315299170626,32.0719108581543,24498600
2023-12-28,32.0529549289495,32.19511909783345,32.00556807778318,32.10982131958008,21799600
2023-12-29,32.166686659606896,32.21407712993685,31.797064129499105,31.91079330444336,28060700
2024-01-02,31.645421271898304,32.28989256616788,31.53169210684631,32.12877655029297,36668600
2024-01-03,31.89183947271424,32.00556864059029,31.50326150170142,31.778106689453125,45988700
2024-01-04,31.816017982718062,32.517355692678514,31.787586594268685,32.034000396728516,39834600
2024-01-05,32.03399998468616,32.87749824142897,31.948702205050086,32.63108444213867,49242400
2024-01-08,32.507879195255335,32.507879195255335,31.882363283133163,32.37519454956055,40253900
2024-01-09,32.05295815643265,32.071913621884846,31.759153865001675,31.872886657714844,39268800
2024-01-10,31.74967628999784,31.8728850013415,31.503262482695693,31.844449996948242,34904000
2024-01-11,31.616995729481133,31.74968038246855,31.067298035235375,31.41796875,48790600
2024-01-12,30.564993298693246,31.455878623534826,30.29014442924493,31.08625602722168,74344300
2024-01-16,30.716626994842542,30.811400701849404,30.15745344657764,30.4417781829834,58420800
2024-01-17,30.06268015778811,30.31857352411578,29.636193021601386,30.138500213623047,48811300
2024-01-18,30.091110462838323,30.110065926897345,29.75939707257561,30.072154998779297,35484400
2024-01-19,30.13849871099333,30.546032168672273,29.920516287297545,30.536556243896484,49493600
2024-01-22,30.669242234206738,31.266326752173473,30.631331302662883,30.849313735961914,43903400
2024-01-23,30.83984072723909,31.105210042370746,30.69767652819812,31.057823181152344,30003400
2024-01-24,31.3042304181061,31.598034680233834,31.190501252121333,31.25684356689453,36403900
2024-01-25,31.474834010979666,31.70229601641016,31.11469095751145,31.645429611206055,46204000
2024-01-26,31.65490867814933,31.910798459263614,31.579086805681488,31.683340072631836,30839800
2024-01-29,31.654904461365273,31.891842358185716,31.503264352015606,31.853931427001953,30269300
2024-01-30,32.12878026060461,33.06705230756124,32.071913863819056,32.9722785949707,60315700
2024-01-31,32.76377445540819,33.266081676114474,32.22355630077314,32.2330322265625,54716000
2024-02-01,32.15720850041518,32.46048868945078,31.20945700583267,31.797061920166016,57084800
2024-02-02,31.626473194891457,31.94870891728477,31.436922131944954,31.721250534057617,40416000
2024-02-05,31.380057998382842,31.550653586181674,31.143120083705092,31.266328811645508,43573000
2024-02-06,31.19998218146376,31.61699521594885,31.162074863644225,31.3137149810791,27188000
2024-02-07,31.332670504285485,31.522217939882317,30.925137010058236,31.446399688720703,29660100
2024-02-08,31.323191669550134,31.541174117710035,31.086253754326027,31.38953399658203,36852200
2024-02-09,31.37057922067832,31.512743419099234,31.12416537418592,31.342147827148438,36176000
2024-02-12,31.275800295032006,32.19512043032438,31.25684483070395,31.863405227661133,34160400
2024-02-13,31.389529277902685,31.569604380249768,30.659760174869813,31.038862228393555,43801500
2024-02-14,31.256843627943834,31.446394648545333,31.152590385843755,31.39900779724121,27833900
2024-02-15,31.57908419237452,32.451017576669045,31.57908419237452,32.28989791870117,41683100
2024-02-16,32.147733492622265,32.36571954864391,30.792451990473594,32.30885314941406,33290700
2024-02-20,32.01504287722041,32.308847128746656,32.005566953474016,32.185638427734375,30372900
2024-02-21,31.616994273344538,31.977140897284826,31.436919153681654,31.93922996520996,37847100
2024-02-22,31.626469455284756,32.28989628945907,31.626469455284756,31.853931427001953,42756900
2024-02-23,31.96765648944735,32.27093666910046,31.740198162399984,32.147727966308594,30586000
2024-02-26,32.024527001943504,32.43206047370549,31.778109564634423,31.853931427001953,31129200
2024-02-27,31.96765573394531,32.63108246702684,31.948700271241858,32.48891830444336,40536300
2024-02-28,32.43205528403961,32.79219822650037,32.3278020476592,32.51735305786133,39548600
2024-02-29,32.765509842182695,33.0709264629524,32.593712537893076,32.94684982299805,43863400
2024-03-01,32.95638896064661,33.070922911776506,32.47917508683081,32.78459167480469,38432300
2024-03-04,32.72732919778418,33.80582995945828,32.68915121307368,33.54813766479492,49136400
2024-03-05,33.33816288339119,34.09216170874981,33.280895905477465,33.777198791503906,47591600
2024-03-06,34.02535351349928,34.15897282683941,33.47178362582938,33.80583190917969,49149700
2024-03-07,33.97763223444713,34.26396352092875,33.643583921356644,34.00626754760742,35900700
2024-03-08,34.235326576275135,34.48347986061959,33.882189284857816,33.977630615234375,42769900
2024-03-11,33.77719969853303,34.29259159103735,33.66266938048312,34.25441360473633,34131500
2024-03-12,34.26396087245923,34.5025678321815,34.14942691037819,34.321224212646484,29260400
2024-03-13,34.32122272622892,34.78889394900563,34.32122272622892,34.43575668334961,38289600
2024-03-14,34.283044106036776,34.56937535268619,33.8630971935923,34.06352615356445,40178100
2024-03-15,33.67221090580994,34.36894274815204,33.634036561666775,33.796287536621094,69646400
2024-03-18,34.03489777651574,34.445302052823955,33.77720181412313,34.36894607543945,50617900
2024-03-19,34.25441170208082,34.73162558177736,34.21623371790039,34.388031005859375,46113800
2024-03-20,34.20669285396746,35.19929865011225,34.1017052123373,35.07522201538086,40519000
2024-03-21,35.24702420182437,35.88648917558132,35.19930353287818,35.80059051513672,43219500
2024-03-22,35.705147820864475,35.89603413025143,35.31383252500532,35.36155319213867,29001100
2024-03-25,35.40927075200618,35.58106805129337,35.16112112017646,35.18021011352539,30480200
2024-03-26,35.31383202640441,35.542896322605266,35.12294571971261,35.39973068237305,33673400
2024-03-27,35.5524407352347,36.125096042413794,35.54289805781829,36.08692169189453,36350200
2024-03-28,36.0010195041908,36.26825813590865,35.71468823780363,36.19190216064453,42262500
2024-04-01,36.21098899668815,36.60230424446552,35.733775102283886,35.81013107299805,33908000
2024-04-02,35.495167240109865,35.86739712646666,35.46653557225664,35.600154876708984,34806800
2024-04-03,35.695597936345386,36.28734209919545,35.57152131416862,35.73377227783203,33338500
2024-04-04,35.981928691969436,36.23007831733061,35.1897518724779,35.23747253417969,42888200
2024-04-05,35.13249178989735,35.63833740433989,35.05613581141741,35.418819427490234,30823500
2024-04-08,35.504718501608195,35.867402121958634,35.437908840077,35.791046142578125,29470300
2024-04-09,35.8005913938842,36.048744703861296,35.504721054643326,36.01056671142578,30967300
2024-04-10,35.485623829271255,35.5333444883223,34.88433333083992,34.97977828979492,37610700
2024-04-11,35.07522352447818,35.07522352447818,34.407123300603175,34.693450927734375,38604000
2024-04-12,34.17805887095933,34.44529747457868,33.91081662648707,34.15896987915039,47126100
2024-04-15,34.674363420375954,35.08476402122572,34.13033622951732,34.31167984008789,44392000
2024-04-16,34.45484168018467,34.52165133405651,32.593710406822105,33.09955596923828,95566100
2024-04-17,33.29998325345516,34.120791692080836,33.16636395244221,33.624488830566406,65951400
2024-04-18,33.92036318792353,34.349856404595904,33.57676861458563,34.1398811340332,44506200
2024-04-19,34.45484709904708,35.42836403252836,34.416672748582954,35.28520202636719,56273700
2024-04-22,35.313834733319496,36.18236403653185,35.18975807833095,36.01056671142578,43867100
2024-04-23,36.210994621574606,36.66911959446382,36.10601060681441,36.62139892578125,39180300
2024-04-24,36.28734563455486,36.73592786861516,36.26825664152537,36.573673248291016,28670600
2024-04-25,36.20144678100716,36.52595237896164,35.67651221865955,36.18235778808594,41116000
2024-04-26,36.2014479491471,36.56413154464702,36.05828231804489,36.10600662231445,28668700
2024-04-29,36.115545290266,36.325520555017,35.74331905973674,35.83876037597656,26438800
2024-04-30,35.6478813401977,35.95329798319695,35.29474402938986,35.3233757019043,30283800
2024-05-01,35.51425910333181,35.80058672757021,35.09431216383904,35.266109466552734,32272000
2024-05-02,35.66696644940715,35.78150040869303,34.97978089795773,35.19929885864258,34860300
2024-05-03,35.55243682861328,35.81967545715129,35.39018584438756,35.55243682861328,34082700
2024-05-06,35.94375754689192,36.067834203612676,35.65742988133571,35.972389221191406,28422300
2024-05-07,35.98193547527418,36.41142879326447,35.98193547527418,36.11555480957031,29119500
2024-05-08,35.981931474874166,36.09646179998706,35.810134166778134,35.99147415161133,32803300
2024-05-09,35.81967489357526,36.66911507022332,35.75286523749192,36.53549575805664,26855400
2024-05-10,36.72638939618047,37.01271707107426,36.58322737916053,36.697757720947266,27359100
2024-05-13,36.860004255845205,37.01271257328837,36.44005729308987,36.46868896484375,24060600
2024-05-14,36.65003654580656,37.02226288214732,36.621401230112276,36.73593521118164,27594800
2024-05-15,37.0318035726627,37.45175419900407,37.012714576842306,37.13679122924805,34084400
2024-05-16,37.14633547006172,37.566286114077016,36.94590646679288,37.43266677856445,32554200
2024-05-17,37.652181892207736,37.690359882528725,37.375396923660915,37.499473571777344,25537300
2024-05-20,37.47083113799348,37.67126372866349,37.02225257995311,37.05088424682617,28369800
2024-05-21,37.0031621492732,37.93850085289508,37.0031621492732,37.84305953979492,31799200
2024-05-22,37.613999365056095,37.99577194051117,37.54718971047942,37.94804763793945,42837600
2024-05-23,37.95759618317876,38.02440584167764,37.16541931690159,37.38493728637695,39033900
2024-05-24,37.375397083012366,37.96714137209637,37.28949842485069,37.89078903198242,22166300
2024-05-28,37.843069660451455,37.92896832155521,37.327677693828925,37.528106689453125,31217900
2024-05-29,37.069982301678905,37.12724929027922,36.80274363658494,36.95545196533203,26677500
2024-05-30,36.964990126091806,37.33721640437551,35.876942961615335,36.86954879760742,50989100
2024-05-31,36.936355507020714,38.25346685190693,36.89817752233346,38.16756820678711,58188400
2024-06-03,38.21528840469032,38.358450384255285,37.566277236274175,38.06258010864258,31898600
2024-06-04,37.81443330076138,38.310736257767395,37.623546987935434,37.871700286865234,26974200
2024-06-05,38.00532337854691,38.16757803482132,37.71899570137002,38.13894271850586,34140300
2024-06-06,38.091218020741806,38.17711667890349,37.62354673944967,37.89078903198242,38676400
2024-06-07,37.7179426886905,38.37090127667371,37.7179426886905,38.19805908203125,25928700
2024-06-10,38.006012686716936,38.25567158135001,37.65072394416606,38.092430114746094,37176200
2024-06-11,37.765958268531016,37.78515970134052,36.93055308441579,37.31464767456055,44629000
2024-06-12,38.21726363289132,38.29408401297022,37.54509995919025,37.8427734375,38964700
2024-06-13,37.7275513905814,37.785163020064985,37.38186696168866,37.6987419128418,40018700
2024-06-14,37.54510305059932,37.909992560023916,37.362660127385844,37.67953872680664,32347900
2024-06-17,37.53549719792581,37.957998276346316,37.4298710125714,37.93879318237305,26135400
2024-06-18,37.986807434671505,38.428513603412576,37.890781965599245,38.39970779418945,30804500
2024-06-20,38.19805614063626,38.70698196922647,38.16925033141314,38.39970779418945,29383300
2024-06-21,38.265274532338566,38.3228898173878,37.80436324093669,37.919593811035156,72244900
2024-06-24,38.18846198322719,38.735794430441096,38.07323506354999,38.42852020263672,31064900
2024-06-25,38.19805958033197,38.47652797122166,37.78515918363277,37.813968658447266,30596000
2024-06-26,37.612311585689895,37.78515375776736,36.94015165316299,37.449073791503906,44310200
2024-06-27,37.161009210266045,37.78515831764808,36.815324824394224,37.68913650512695,29464200
2024-06-28,38.15965549005364,38.466929712390446,37.75635578386303,38.18846130371094,52028200
2024-07-01,38.32289297492563,38.73579339430524,38.09243547873794,38.418914794921875,26770500
2024-07-02,38.409305736286896,39.33112819483854,38.37089555143137,39.30232238769531,35626100
2024-07-03,39.3887445032287,39.561586676606346,39.129481243162225,39.27351760864258,17100700
2024-07-05,39.302318959691156,39.3311247643219,38.68777070759183,38.80299758911133,23489000
2024-07-08,38.9854488357837,39.40795359715696,38.82221102379662,39.00465393066406,26728500
2024-07-09,39.13908512650677,40.16653753497996,38.98544803362244,39.7728385925293,34697200
2024-07-10,39.63840642667367,40.0993177033795,39.43675842992685,40.080116271972656,25333400
2024-07-11,40.10892486102087,40.23375615179758,39.744035368056814,40.147335052490234,33824600
2024-07-12,39.840055315575064,40.252951996055515,39.45596078020172,39.93607711791992,31856600
2024-07-15,40.185745231067195,40.55063475717447,40.04171249447066,40.22415542602539,36648100
2024-07-16,40.829097158513825,42.63433576250757,40.54102806478011,42.37507247924805,75953300
2024-07-17,41.9141622278886,42.67274333868472,41.9141622278886,42.23103713989258,65713600
2024-07-18,41.885348849343245,42.480695753608224,41.22278961291584,41.29960632324219,48549200
2024-07-19,41.15557860872911,41.82774230483431,40.99233712711905,41.19398880004883,43903000
2024-07-22,40.944322901697326,41.165175989393504,40.29136435416205,40.61784362792969,42838300
2024-07-23,40.54102588565875,41.07875385492565,40.47380988950038,40.72346878051758,36705100
2024-07-24,40.598639569514255,41.049950134970125,40.3969915707776,40.5122184753418,36567200
2024-07-25,40.34897834781325,40.61784233068301,40.00329399098238,40.022499084472656,41593900
2024-07-26,39.92647625277053,40.291362030706665,39.763234793801665,40.01289367675781,52049300
2024-07-29,40.11852240167656,40.21454787274876,39.35033694808479,39.455963134765625,37133100
2024-07-30,39.41755176384648,40.22414738167001,39.18709796618094,39.638404846191406,44163200
2024-07-31,39.5903939893359,39.734430360291086,38.62056056896186,38.70698165893555,50851600
2024-08-01,38.83181291271061,38.841417291939564,37.429873911072605,37.929195404052734,60107800
2024-08-02,36.48884825382698,36.99777049152375,35.70145761086316,36.08555221557617,76728000
2024-08-05,34.232295129637365,35.49019754549933,33.74257443126619,35.192527770996094,76075200
2024-08-06,35.19253024797971,35.82628368936257,35.08690406391639,35.45178985595703,40614100
2024-08-07,36.584862480501236,37.05537809047164,35.78787128618006,35.81667709350586,44952400
2024-08-08,36.316004330121814,36.89214254694021,36.16236722810375,36.690494537353516,36557800
2024-08-09,36.642482595661576,36.92095097989709,36.402424401595916,36.75770950317383,26411200
2024-08-12,36.96896293397305,37.18981603921372,36.49844724854906,36.65208435058594,33040600
2024-08-13,36.844132335823204,36.949758532269264,36.6040741304449,36.9305534362793,21553500
2024-08-14,36.98815993419922,37.372250773728744,36.90173885428066,37.26662826538086,25658900
2024-08-15,37.861980797326574,38.10203900493681,37.42027457444315,37.47788619995117,37379800
2024-08-16,37.4490829551201,37.852379013320906,37.43948223787628,37.77556228637695,26886600
2024-08-19,37.90998721724489,38.159649774875085,37.88118140790184,38.092430114746094,27268900
2024-08-20,37.564301870208155,37.67953243055941,36.81532154291013,37.15140151977539,44440800
2024-08-21,37.324245610536124,37.43947617679407,36.86333433449599,37.20901870727539,33751100
2024-08-22,37.23782883097787,37.72754963681044,37.03618081116335,37.67953872680664,35421600
2024-08-23,37.70834487343496,38.57255225013312,37.70834487343496,38.18846130371094,45616600
2024-08-26,38.40931703537616,38.601364353152626,38.08283769405555,38.332496643066406,44659500
2024-08-27,38.40930866950815,38.53413994832325,38.03481849605999,38.092430114746094,32323900
2024-08-28,37.77555882300808,38.6685756277188,37.76595810664448,38.36130142211914,40700500
2024-08-29,38.457321007928186,38.73578938529355,37.95799953703083,38.572547912597656,34810800
2024-08-30,38.57254930909014,39.23511227667103,38.53414278147468,39.129486083984375,49098200
2024-09-03,38.966243594481924,39.273517756533295,38.630159961427836,39.08147048950195,48489300
2024-09-04,39.043064281738936,39.32153266415871,38.67817480349913,38.889427185058594,39629600
2024-09-05,39.17749662068103,39.31192862355879,38.41891184673099,38.54374313354492,34214500
2024-09-06,38.43743334789133,38.54374818520459,37.26797751120305,37.461273193359375,47007600
2024-09-09,37.93485037050983,38.379436267071405,37.789874945297996,38.14748001098633,37610200
2024-09-10,38.50508558193499,38.50508558193499,37.045682610636625,37.96384811401367,53983900
2024-09-11,37.68356255311422,37.72221946991825,36.736396197292684,37.6932258605957,41190000
2024-09-12,37.741552009717964,38.012172564661704,37.238975192683384,37.48059844970703,39921600
2024-09-13,37.577250537994495,37.78021319214035,37.151991239542184,37.354957580566406,31887300
2024-09-16,37.50960243383137,37.896197501854,37.49027212739839,37.78988265991211,26336400
2024-09-17,37.96384653902435,38.46642337691283,37.89619231920075,38.22480010986328,27769400
2024-09-18,38.292457580566406,38.77570415569125,38.09915821314072,38.292457580566406,42527800
2024-09-19,38.698381106666986,39.674537427098755,38.669383809213784,39.50056838989258,57977800
2024-09-20,39.2589482918796,39.36526312170293,38.891683572153525,38.920677185058594,70725000
2024-09-23,38.86268832083764,39.08498130087696,38.418102360759,38.534080505371094,31714800
2024-09-24,38.51474594152864,38.64039106831169,37.93485159570863,38.128150939941406,32534900
2024-09-25,37.934852600097656,38.089491342202535,37.63523842426014,37.934852600097656,28866000
2024-09-26,38.07016327315989,38.38910777134121,37.79954638031174,38.19580841064453,39601400
2024-09-27,38.32144960929664,38.56307286361282,38.03149875461462,38.07982635498047,27861100
2024-09-30,37.915522180709615,38.45675961986338,37.71255952360636,38.35044479370117,35055200
2024-10-01,38.18614494326192,38.2344725530606,37.635244110843765,37.90586471557617,26291200
2024-10-02,37.93485383330405,38.215137714630266,37.74155447766947,37.915523529052734,23302700
2024-10-03,37.67389903150597,37.95418290372057,37.43227576653719,37.934852600097656,26030200
2024-10-04,38.59206794262784,38.90134542496926,38.2924537686003,38.76603698730469,34209900
2024-10-07,38.862690344991826,39.08498333660923,38.379443749246455,38.62106704711914,27177500
2024-10-08,38.708049678152065,38.80470120467514,38.476093388254185,38.592071533203125,26023600
2024-10-09,38.53407958336367,39.036656447162535,38.38910782778699,38.84335708618164,27421000
2024-10-10,38.6693904150678,38.78537225093715,38.437434117086866,38.630733489990234,26182300
2024-10-11,39.142968349107264,40.757009965652784,39.04632051929292,40.54438400268555,50660700
2024-10-14,40.554049778443165,40.766679441226316,40.32209349802391,40.5057258605957,28098900
2024-10-15,41.78149736851403,41.90714250714176,40.64103518559453,40.72801971435547,61490000
2024-10-16,40.7956746601673,41.655852967093665,40.73768743121956,41.36590576171875,42437800
2024-10-17,41.394896424056796,41.55919846222921,41.04695835865856,41.17259979248047,31708600
2024-10-18,41.00830381739779,41.22093348588477,40.69902631062328,40.9019889831543,30593500
2024-10-21,40.83433150944636,40.98897025052771,40.341421674399065,40.360748291015625,26589500
2024-10-22,40.25443781444198,40.9889709249445,40.17711659918989,40.88265609741211,37104400
2024-10-23,40.78600580784169,41.04695936327717,40.6120367708847,40.92131423950195,28569400
2024-10-24,40.901991300730785,41.230599131158016,40.56372016067875,41.2209358215332,28392000
2024-10-25,41.481887446169665,41.53987836694455,40.3897527565023,40.48640060424805,27466900
2024-10-28,40.66036223913654,41.317577806803214,40.602371328973575,41.191932678222656,24527600
2024-10-29,41.162937043787835,41.37556668372478,41.04695891603959,41.10494613647461,22313500
2024-10-30,40.312432015563964,41.46256132677277,40.24477778394922,40.892330169677734,38100500
2024-10-31,40.872992235102245,41.12427880750958,40.39940901529657,40.418739318847656,28138200
2024-11-01,40.73768367884992,41.008300554022675,40.35108498270735,40.360748291015625,31220000
2024-11-04,40.2157767889227,40.61203879577583,39.732530259254084,39.945159912109375,31110100
2024-11-05,40.119125260266884,40.602371789807876,39.993483817138696,40.47673034667969,30851400
2024-11-06,43.2988854903071,44.02375523742233,42.52569183075983,43.88844680786133,110086700
2024-11-07,43.530851045980725,43.71448341165766,43.01860718487573,43.2698974609375,48339700
2024-11-08,43.62749930761059,43.97543742438544,43.443866940147736,43.617835998535156,38331800
2024-11-11,44.072083187682665,44.9612587427858,44.052756570441716,44.53600311279297,43293500
2024-11-12,44.59398876155435,44.89360293449488,44.304041583771024,44.32337188720703,38155900
2024-11-13,44.65198282900581,44.92259972248725,44.294381407351246,44.333038330078125,36903900
2024-11-14,44.41035776061544,44.61332042255198,44.19772810322753,44.36203384399414,35733100
2024-11-15,44.09140984590145,45.27053249153847,44.09140984590145,45.18354797363281,40488900
2024-11-18,45.183553703130336,45.4445072899375,44.932267112248645,45.15456008911133,32360300
2024-11-19,44.44901701030927,45.057904977511384,44.41035640344229,44.854942321777344,28534100
2024-11-20,45.009580049437545,45.077234266493015,44.381358106061526,44.51667022705078,28021000
2024-11-21,44.83561649610087,45.47350182559836,44.748631965402176,44.90327072143555,45336500
2024-11-22,44.81627927747297,45.63780053776312,44.729294760192325,45.4251708984375,37996200
2024-11-25,45.676456809619836,46.140376686473914,45.57980898595415,45.908416748046875,42718600
2024-11-26,45.918087327086695,46.237031832071025,45.6281401232965,46.150047302246094,30301500
2024-11-27,46.21770029148454,46.37233904183101,46.05339823225082,46.169376373291016,23278400
2024-11-29,46.19836706031544,46.468987621437805,45.90841988264285,45.91808319091797,23262000
2024-12-02,46.140374839743366,46.21769235820572,45.280193021283026,45.463829040527344,35891500
2024-12-03,45.78277589783182,45.88909072590669,45.086903391404576,45.25120544433594,38123800
2024-12-04,45.12556167787597,45.21254620467139,44.584327899485444,44.8162841796875,24941300
2024-12-05,44.99991530666445,45.657130840145285,44.94192439951795,45.4251708984375,31572100
2024-12-06,45.73617541116823,45.73617541116823,45.094741753885835,45.43489456176758,28931700
2024-12-09,45.250239217719354,45.434893063424596,44.60880558159003,44.61852264404297,34660900
2024-12-10,44.6185230919242,44.98783449442927,44.30752518688439,44.4630241394043,35665800
2024-12-11,44.705993478589846,44.86149243804596,44.19090387052666,44.78374481201172,36790500
2024-12-12,44.84205460469049,45.16277329397427,44.628242145167974,44.78374481201172,24017300
2024-12-13,44.79346004878427,44.80317711137202,44.1034336760416,44.38527297973633,32902300
2024-12-16,44.307522174878734,44.394990561436835,43.88961807325528,44.19089889526367,27330400
2024-12-17,43.91877979037042,43.91877979037042,43.36481449189026,43.782718658447266,33054600
2024-12-18,43.87018277010768,44.15202577719023,42.130535707975625,42.27631759643555,41771900
2024-12-19,42.733097753162916,43.22874950487962,42.091664111736165,42.15969467163086,38583600
2024-12-20,41.984760330039485,43.15100439342152,41.88757116211484,42.92747116088867,74222200
2024-12-23,42.665062870986645,42.869154529994766,41.57656660816918,42.65534210205078,35374800
2024-12-24,42.69421934564834,43.170433234320015,42.69421934564834,43.131561279296875,12054400
2024-12-26,42.96634389892661,43.32593823465177,42.86915844501503,43.29677963256836,16077400
2024-12-27,42.995500250637974,43.52030686463465,42.82056347684334,43.09268569946289,17972500
2024-12-30,42.655347780941185,42.89831513326588,42.324912033484104,42.67478561401367,16109800
2024-12-31,42.801129588803306,42.985783441537414,42.480410904836745,42.713661193847656,16110400
2025-01-02,42.89831600308486,43.335657987614496,42.56788024892776,43.044097900390625,25610600
2025-01-03,43.491159305277336,43.58834477049041,42.90803909922317,43.54947280883789,23455700
2025-01-06,43.88962111613712,44.85177343498257,43.831307618593094,44.12287139892578,30518500
2025-01-07,44.97811573079114,45.33771008678585,44.36584066333824,44.78374481201172,41111200
2025-01-08,44.608806631582915,44.95867649893527,44.40471124139298,44.91008377075195,40246000
2025-01-10,44.70598942133977,44.75458214662464,43.48143569017957,43.841026306152344,40741300
2025-01-13,43.83130283108161,44.06455308839331,43.43283657652221,43.79243087768555,34353600
2025-01-14,44.31723928261104,44.628237166831056,43.95764867411676,44.4921760559082,36379000
2025-01-15,45.79448895146892,46.12492472362782,45.52236668288672,45.77505111694336,57154800
2025-01-16,45.67785739967853,46.17350911468,44.531051321563716,45.32798385620117,56339300
2025-01-17,45.29883210948525,45.56123728531793,44.7837425276956,45.2210807800293,44486100
2025-01-21,45.30854788983892,45.82364116443998,45.230800269970494,45.3474235534668,52089100
2025-01-22,45.28910766070519,45.41545170711427,44.47273730466991,44.501895904541016,40296200
2025-01-23,44.75458243356114,45.57095282869773,44.75458243356114,45.085018157958984,35324100
2025-01-24,44.92951794056835,45.54179664644634,44.85177032329103,45.211360931396484,24655100
2025-01-27,45.240520890221354,45.813923997973404,45.075304867890104,45.76533126831055,44260000
2025-01-28,45.75561203704211,46.10548189846747,45.39601769832481,45.522361755371094,27156600
2025-01-29,45.43489456176758,46.056890386115654,45.32798833432259,45.43489456176758,23681500
2025-01-30,45.784767297342434,45.84307708768491,45.09474092411492,45.405738830566406,31199900
2025-01-31,45.38630019422908,45.512644250046115,44.86148984611593,44.99755096435547,30388900
2025-02-03,44.14230606033808,45.172488951806855,43.84102892116904,44.91008377075195,36497700
2025-02-04,45.046141617930985,45.80420221055498,44.968393999967155,45.39601516723633,32894000
2025-02-05,45.65842309322857,45.80420498339338,45.327987355257484,45.784767150878906,27696600
2025-02-06,46.1054813599678,46.63029170705736,45.84307618642301,46.39704513549805,39793400
2025-02-07,46.494229606030665,46.62057365892992,46.04717059717155,46.06660842895508,26504700
2025-02-10,46.14435895568206,46.22211028771431,45.09474192495969,45.35714340209961,26725200
2025-02-11,45.24051985421856,45.60983126449684,44.978114671183015,45.47377014160156,20314900
2025-02-12,45.25995734549182,45.26967811556099,44.64767858969705,44.91008377075195,29777100
2025-02-13,45.21136435925153,45.25995708715748,44.67683693751104,45.026710510253906,26815400
2025-02-14,45.172487827924805,45.76532873621899,45.172487827924805,45.63898468017578,25960500
2025-02-18,45.250239382269,45.33770777421323,44.86149014976411,45.2210807800293,37824100
2025-02-19,44.58936172512843,44.764298484746206,44.14229905755691,44.715702056884766,38967800
2025-02-20,44.608800507604904,44.89063977533171,43.772992350998166,44.02567672729492,40001100
2025-02-21,43.97709404611842,44.22977848010513,43.287067603897164,43.54947280883789,43485900
2025-02-24,43.76327383426686,44.11314737897951,43.189870793184966,43.20930862426758,35512200
2025-02-25,43.27734445621235,43.57862531364753,42.13053823421733,42.703941345214844,38119000
2025-02-26,42.80113051247828,43.29678228966504,42.62619371879174,42.703941345214844,32251700
2025-02-27,42.8497170254694,43.520305499048874,42.70393514941916,42.87887191772461,28477700
2025-02-28,43.07325057197671,44.900366042195635,42.956627284588784,44.80317687988281,62621100
2025-03-03,44.910082770655,45.63898479933539,43.94793416893384,44.27836990356445,46946000
2025-03-04,43.47171782643244,43.57862405363736,40.847669704392416,41.46966552734375,78278100
2025-03-05,41.450230626375514,41.52797824909613,40.536671034542834,41.10035705566406,52588900
2025-03-06,40.420045221714155,40.711605276630685,39.80776651121837,40.293701171875,58103500
2025-03-07,40.40129083049569,40.81205015288114,39.71668822906923,40.48931121826172,50651400
2025-03-10,39.5113071703221,39.726465208863345,38.31814278520465,38.9538459777832,77498400
2025-03-11,38.82669834901288,39.76557981379471,38.406156993390816,38.738677978515625,50608400
2025-03-12,39.42328026321392,39.60909938638907,38.33769694236534,39.03207778930664,42290700
2025-03-13,39.090763216927044,39.30592124154224,38.46484218025802,38.797359466552734,37766100
2025-03-14,39.37437787540586,40.11766184325563,39.28635750370743,39.99052047729492,35979900
2025-03-17,40.01986531525565,40.85116977855804,39.69712639150496,40.52842712402344,37242800
2025-03-18,40.8022664883133,40.909847362860695,40.38172510460088,40.73380661010742,37644500
2025-03-19,40.8022673536263,41.760709399618264,40.39150434489624,41.28148651123047,42471100
2025-03-20,40.84138821216842,41.78027357293695,40.733811056661324,41.54555130004883,41018100
2025-03-21,41.23258827593376,41.72158956181096,40.968527133866026,41.535770416259766,65011000
2025-03-24,41.98565027611656,42.200812033561185,41.80960951653162,42.1225700378418,30646100
2025-03-25,42.39640940453528,42.57245016346931,42.09323099920285,42.32794952392578,25445300
2025-03-26,42.50398802363793,42.758270764486134,41.790046641813106,41.87806701660156,30012100
2025-03-27,41.878065929734916,42.14212704724707,41.5846659316492,41.62378692626953,25619200
2025-03-28,41.506427293873365,41.682468053096,40.08832656682299,40.34260559082031,34253000
2025-03-31,39.88293915252898,40.97830459465042,39.70689841114457,40.812042236328125,36390000
2025-04-01,40.4110653535871,40.78270736983718,40.06876595097759,40.577327728271484,25578500
2025-04-02,39.980745276131536,41.04676820452992,39.92206378006775,40.929405212402344,28216100
2025-04-03,37.78023606562988,37.985615686794105,36.20565150847087,36.40125274658203,115497900
2025-04-04,34.51371055377133,35.00271182407996,32.92934375180716,33.633506774902344,107761200
2025-04-07,34.200750607065025,35.824234702212735,32.802206652299894,34.797332763671875,137329100
2025-04-08,36.04916845493621,36.50883076905984,33.57482361838071,34.259422302246094,79116300
2025-04-09,33.30098071944694,37.01738906489953,32.34253882246274,36.33279037475586,161173500
2025-04-10,35.52104845071029,35.59929043696901,33.868225664218954,35.06138610839844,90451800
2025-04-11,34.42568924594294,35.43303064171665,34.0442688623309,35.1591911315918,63671900
2025-04-14,35.68731669269534,36.17631799512272,35.47215492577646,35.86335372924805,46830600
2025-04-15,36.96849308912613,37.89759619357695,36.96849308912613,37.15431594848633,84677800
2025-04-16,37.02717883494207,37.320578867216504,36.15675712252161,36.50883865356445,52872700
2025-04-17,36.684873039888245,37.036954545513055,36.420815641453196,36.587074279785156,47144400
2025-04-21,36.25455098276733,36.45993060448368,35.687311494581685,36.10784912109375,34928300
2025-04-22,36.74355647870741,37.64332078855783,36.577297831577866,37.47705841064453,42288900
2025-04-23,38.5430836707425,39.247246761329755,37.819360079774036,37.89760208129883,54428400
2025-04-24,37.809582391060054,38.82670604490407,37.750900888836114,38.709346771240234,42457100
2025-04-25,38.67021928465151,38.914719906738405,38.45505754336435,38.816917419433594,32694200
2025-04-28,38.924502058192424,39.19834531837207,38.59198103073296,38.90494155883789,37428000
2025-04-29,38.758239553142424,39.25701917930771,38.61153768797318,39.110321044921875,33792500
2025-04-30,38.494177228308594,39.12009820262527,37.96605500718517,39.00273895263672,40994600
2025-05-01,38.94406228498677,39.550422837598326,38.709343755942704,39.28636169433594,33569100
2025-05-02,40.01008468064541,40.32304520216709,39.80470503791876,40.16656494140625,41613000
2025-05-05,39.951400608423384,40.57732534190136,39.726460481254016,40.21546173095703,32829200
2025-05-06,39.75580454913384,40.362165076352774,39.667784171732414,39.94162368774414,29541800
2025-05-07,40.13722488810947,40.43062490213347,39.96118413353836,40.02964401245117,30925900
2025-05-08,40.38172759249288,41.22281041173628,40.342606593741145,40.684906005859375,41861700
2025-05-09,40.81204604286671,41.056546680840356,40.77292504540285,40.8707275390625,27222800
2025-05-12,42.36707178066341,42.992992839569965,41.99542975289371,42.406192779541016,44875100
2025-05-13,42.464871145686125,43.51133736110295,42.464871145686125,43.30595397949219,43232500
2025-05-14,43.21793209036781,43.9318735165461,43.15925432405248,43.755836486816406,42419500
2025-05-15,43.61890938327826,43.99055137257754,43.04188776730703,43.403751373291016,47379400
2025-05-16,43.36462888715889,43.80473073688044,42.699586921087054,43.70692825317383,49488100
2025-05-19,43.13969753767801,44.1470390744772,43.13969753767801,43.785179138183594,37915700
2025-05-20,43.609129500250496,43.92208998654509,43.433088760361876,43.70692825317383,33424300
2025-05-21,43.39397250898848,43.511335502261886,42.20081192364504,42.29861068725586,55594100
2025-05-22,42.23015079799777,42.61157119909968,42.014989041157236,42.35729217529297,29026200
2025-05-23,41.54554706687622,42.47465021743128,41.418405693233886,42.24971008300781,34875100
2025-05-27,42.82673111072261,43.24727249145508,42.347508235893685,43.24727249145508,36322000
2025-05-28,43.237487925670585,43.46242804411193,42.992987310306084,43.090789794921875,35673800
2025-05-29,43.39397572970399,43.4819961158001,42.934317029676706,43.26683807373047,28545100
2025-05-30,43.21793375001397,43.325514633434985,42.758275062829426,43.15925598144531,66537500
2025-06-02,42.914750318286494,43.178811438357215,42.40618857564474,43.1103515625,28582600
2025-06-03,43.04188762458959,43.7460506060253,42.97342774925928,43.66781234741211,31320200
2025-06-04,43.618915776913575,44.098138706842406,43.36463673482625,43.38419723510742,30591700
2025-06-05,43.47221124884833,43.59935261664766,43.04188776730703,43.403751373291016,32020900
2025-06-06,43.964498884654134,44.436706089571594,43.915311337786136,44.23995590209961,37013000
2025-06-09,44.37768032671662,44.662973338235105,44.05303577855371,44.14157485961914,32414000
2025-06-10,44.07271250595482,44.46622037542417,44.02352496046344,44.35800552368164,32229100
2025-06-11,44.466216356767845,44.672806280822456,43.826767064862985,44.00384521484375,47873500
2025-06-12,43.679211545850535,43.92515304385021,43.30537941811558,43.89563751220703,30165400
2025-06-13,43.28570178965453,43.73823322588175,42.9512212166237,43.37424087524414,43281700
2025-06-16,43.91531066674336,44.16125215009453,43.630017645391376,43.68904495239258,34103600
2025-06-17,43.55131442510455,43.94481851159341,43.34472449824023,43.511962890625,27489600
2025-06-18,43.54147926399391,44.46622165809113,43.492291717083674,44.328495025634766,37684700
2025-06-20,44.57443835198429,44.9089189386507,44.535086811724845,44.7613525390625,64591600
2025-06-23,44.662975628644006,45.61722604820825,44.37768260249511,45.548362731933594,42683600
2025-06-24,45.99105831197274,46.4239139803826,45.813980140175694,45.90251922607422,45437600
2025-06-25,45.8238144745273,46.21731855754352,45.70575987213047,46.08942794799805,33532400
2025-06-26,46.18781045358133,46.80758403072319,46.13862290839178,46.68952941894531,40127000
2025-06-27,46.67969752987908,46.89612349836362,46.14846298831165,46.35505294799805,56705000
2025-06-30,46.846932617829964,46.846932617829964,46.26651056800317,46.55180358886719,47921200
2025-07-01,46.25667533688568,47.6339454127693,46.1779722596967,47.36833190917969,48540900
2025-07-02,47.57491867177091,47.93891099747183,47.279789657614245,47.91923522949219,48003600
2025-07-03,48.15534166193044,48.50949798715584,48.01761503606926,48.13566589355469,21620300
2025-07-07,47.94875159624396,48.41111901715872,47.58475551140943,47.87004852294922,35567900
2025-07-08,46.72888000815528,47.01417301834333,46.00089159470458,46.38456344604492,88086500
2025-07-09,46.394398437701994,46.67969144164191,45.95170304413472,46.079593658447266,46227900
2025-07-10,46.138625695692554,46.45343050724642,46.02057107678282,46.207489013671875,44225000
2025-07-11,45.882839248637644,46.050081396782986,45.499171162521044,45.971378326416016,31653000
2025-07-14,46.05008493395642,46.30586242675781,45.794303688385796,46.30586242675781,36381200
2025-07-15,46.11894747027501,46.2468343381305,45.20404486267006,45.40079879760742,55145000
2025-07-16,45.4991750706585,45.80414386537229,44.27930364457264,45.282745361328125,61296600
2025-07-17,44.899073946869954,46.45342583112534,44.7023200212622,46.25667190551758,56480700
2025-07-18,46.24683479903643,46.61083089576743,46.13862369887313,46.55180358886719,48314200
2025-07-21,46.768229114368246,47.26011203626248,46.433748577369414,46.70920181274414,32199700
2025-07-22,46.82725704600614,47.388003329226926,46.68953041542829,46.99449920654297,34749400
2025-07-23,47.230599372014325,47.525732145255844,47.03384919354544,47.358489990234375,31380100
2025-07-24,47.70280999369891,48.20452894991844,47.42735299067355,47.60443115234375,42967600
2025-07-25,47.60443247138339,47.76183486914392,47.16173705494152,47.66345977783203,24461200
2025-07-28,47.663462645698345,47.752001734314035,47.29947028262025,47.4470329284668,20590400
2025-07-29,47.604429265414076,47.72248011759193,47.11254633644263,47.171573638916016,26216500
2025-07-30,47.476544601668536,47.712650088375945,46.96498959387972,47.18141555786133,32265900
2025-07-31,46.98465624177919,47.25027347668244,46.42390999679534,46.50261306762695,40016300
2025-08-01,45.607387642252256,45.65657518660979,44.58427020743147,44.91875076293945,52310400
2025-08-04,45.21388196873994,45.36144836171907,44.89907716630244,45.10566711425781,31038900
2025-08-05,45.20404546406264,45.25323301025907,44.023525591502036,44.820377349853516,36798300
2025-08-06,44.96794073160929,45.19420645006768,44.653135927426376,44.682647705078125,27916800
2025-08-07,44.96793751269306,45.017125056181435,44.05303494328706,44.19076156616211,30609900
2025-08-08,44.41702985514564,45.54835833675437,44.24978770835284,45.263065338134766,37131600
2025-08-11,45.31225799979686,45.764789406089484,45.066316528624476,45.4106330871582,35559400
2025-08-12,45.72544013354927,46.88628423516884,45.60738927231807,46.7288818359375,35481200
2025-08-13,46.90596206297016,46.9846613896555,46.22716489013541,46.473106384277344,29465100
2025-08-14,46.325536768726586,46.95514634955161,46.12878283652648,46.93547058105469,21073800
2025-08-15,46.97482263160645,47.043685945713975,46.138623101575575,46.17797088623047,26276900
2025-08-18,46.15829344287678,47.260113934160984,46.03040658004212,47.142059326171875,43125100
2025-08-19,47.04368774387661,47.338816780299524,46.8567735631216,47.299468994140625,33783400
2025-08-20,47.38800437745483,47.712648944800264,47.092875340721264,47.56508255004883,30822200
2025-08-21,47.48638318763301,47.70281289902688,47.0338517481452,47.47654342651367,28713200
2025-08-22,47.73232432800142,48.85381691017463,47.67329702002467,48.67673873901367,45078900
2025-08-25,48.58819965343319,48.85381691017463,48.411121482272236,48.67673873901367,34715700
2025-08-26,48.450472494856044,49.444074442009246,48.450472494856044,49.43423843383789,40609300
2025-08-27,49.21780963768467,49.808071463664504,49.17846185150145,49.562129974365234,42428200
2025-08-28,49.729365043391645,49.81790412369934,49.46374780246855,49.67034149169922,32949400
2025-08-29,49.690013197832315,50.09335706055289,49.690013197832315,49.916282653808594,32496500
2025-09-02,49.404724584633165,49.6506660590644,48.863650338669174,49.60147476196289,52719800
2025-09-03,49.581806477725394,49.749044891595005,48.89316954694072,49.2473258972168,38344200
2025-09-04,49.42440087444294,50.004822910335996,49.306346263476506,49.7982292175293,34796900
2025-09-05,49.89715104090411,50.243386519597884,48.70017426213557,49.2343635559082,40063300
2025-09-08,49.26404104127354,49.37285780163389,48.353944088519185,48.92770004272461,48033100
2025-09-09,48.967272871533225,50.015866335980526,48.9277024524274,49.74877166748047,40060100
2025-09-10,49.82790720862575,50.0851111513071,49.432214350593846,49.590492248535156,31706300
2025-09-11,49.600383602002445,50.41155831105525,49.452000193454424,50.203819274902344,28055200
2025-09-12,50.154359645778484,50.381883897969765,49.91694090186767,50.03565216064453,27851100
2025-09-15,50.30274002048611,50.54015875005677,49.916937886871146,50.04553985595703,29043600
2025-09-16,50.095002846086,50.3324215844503,49.66963027951361,50.11478805541992,31624400
2025-09-17,50.31263532604691,51.074348888127915,50.243388981643434,50.846824645996094,38337900
2025-09-18,50.93585811187686,51.62832158191247,50.747900506887575,51.5689697265625,35246900
2025-09-19,51.58875320471587,52.09326282647187,51.202947289675684,51.68767547607422,98970700
2025-09-22,51.20294722999929,51.78659768707593,51.20294722999929,51.36122512817383,27468000
2025-09-23,51.440363407092754,52.31089369060194,50.96552973617209,51.143592834472656,28278200
2025-09-24,51.29197623396142,51.68767284654993,50.90617411219104,51.143592834472656,27010400
2025-09-25,50.92596000997654,51.76681437970585,50.886389593453195,51.29197692871094,22957900
2025-09-26,51.54918334890072,52.05369297615879,51.420581375818145,51.64810562133789,20025800
2025-09-29,51.796490738692995,51.98444455828769,51.54918129381661,51.85584259033203,23701000
2025-09-30,51.91519963908828,52.004231192630655,50.47091334708321,51.0347785949707,29945000
2025-10-01,50.74789744343671,51.1238088570801,50.01586359826252,50.13457107543945,27709100
2025-10-02,50.104898011233125,50.302742559946765,49.531138253763515,49.93672561645508,22757200
2025-10-03,50.07521601201115,50.5797293995498,50.00596966841058,50.095001220703125,24565700
2025-10-06,50.38188373885271,50.767685894551775,49.35307547455992,49.847694396972656,25386300
2025-10-07,50.005971844382636,50.36209806904937,49.59049376470002,49.74877166748047,24107300
2025-10-08,49.857586277977134,49.96639926535014,49.24425612927815,49.303611755371094,24014200
2025-10-09,49.461889420516925,49.73887479370616,49.13543913899302,49.254150390625,21816900
2025-10-10,49.39264612172827,49.600385164425,48.02749683295574,48.12642288208008,31831900
2025-10-13,48.67050085638094,48.86834917249833,48.28469871545556,48.33415985107422,34462800
2025-10-14,48.32426584058031,49.95650974773572,48.00771004109994,49.55092239379883,42462600
2025-10-15,51.01499584984654,52.281219095920996,50.67865482840265,51.71735382080078,69992200
2025-10-16,52.03390538727227,52.1921832801189,49.461888685103915,49.897151947021484,49027700
2025-10-17,50.401664767671114,51.21283943124807,49.78833841137594,50.728111267089844,48915400
2025-10-20,50.886389763477304,51.71734964503091,50.817143421151385,51.47993469238281,25786000
2025-10-21,51.52939947977521,51.80638486871691,50.886393371282935,50.96553421020508,27303400
2025-10-22,50.94574929241469,51.02489013179035,49.8971558125448,50.550052642822266,34955000
2025-10-23,50.92596413312189,51.24251994365289,50.55994718475347,51.20294952392578,26028800
2025-10-24,51.29197808042486,52.25153994762766,51.29197808042486,52.00423049926758,38923900
2025-10-27,52.231756880331815,52.49885154834825,51.96466221231539,52.44939041137695,27345800
2025-10-28,52.429604475699904,52.70658985781714,51.77670766525011,52.301002502441406,29575200
2025-10-29,52.093266706924965,52.439498456112915,51.756925676152505,52.014129638671875,29158800
2025-10-30,52.103151903187005,52.864865444313324,51.99433891757694,52.45927810668945,37548600
2025-10-31,52.22186666301801,53.06271732051941,52.20208145331125,52.87476348876953,39295700
2025-11-03,52.68680337046769,53.06271478968117,52.142723337231935,52.983577728271484,31252300
2025-11-04,52.44939058008159,53.41884320768012,52.152619983656386,52.96379470825195,47226600
2025-11-05,52.39003438082039,52.49885114550797,51.183166798681434,51.88552474975586,54353600
2025-11-06,52.84508226875824,53.171532559074116,52.20207995315976,52.71648406982422,55296000
2025-11-07,52.57799171400305,53.0033642790733,52.14272465747936,52.6274528503418,40537700
2025-11-10,52.835194425757116,53.40895420105422,52.76594807682719,52.84508514404297,26094600
2025-11-11,53.171533410822256,53.39905765909189,52.70659042273401,53.052825927734375,22244300
2025-11-12,53.31002683651653,54.10141635739083,53.1913193517961,53.52766036987305,40536700
2025-11-13,53.21110325940819,53.62658133258406,52.202080229868905,52.301002502441406,37716100
2025-11-14,52.29110979969018,52.33068021667423,51.47004062866325,52.043800354003906,32363100
2025-11-17,52.01412826085764,52.01412826085764,50.83693279751551,50.92596435546875,35546800
2025-11-18,50.728113743949834,51.61842928336724,50.599515545533926,51.0842399597168,35189500
2025-11-19,51.113916172367645,51.92509465373092,51.113916172367645,51.46015167236328,28112300
2025-11-20,51.93498667548685,52.38014445886245,50.42145398565267,50.45112991333008,36661600
2025-11-21,50.738009397000766,51.22273382228192,50.15435892416224,51.005104064941406,43867200
2025-11-24,51.09413127586355,51.677781699068305,50.84682183846565,51.371116638183594,52852100
2025-11-25,51.68767503867215,52.310895909155526,51.301872900539536,51.915199279785156,41310100
2025-11-26,52.132832202345995,52.67691223122637,51.984445024631945,52.41971206665039,32045600
2025-11-28,52.538423411732744,53.35948887422843,52.47906778154971,53.07261276245117,18920800
2025-12-01,52.924222875472,53.319919509231696,52.63734300467835,52.667022705078125,30536500
2025-12-02,52.95389853051185,53.06271529291954,52.39992777446213,52.617557525634766,46073500
2025-12-03,52.67691362006307,53.656260716782555,52.6076672749422,53.50787353515625,37134400
2025-12-04,53.62657905410663,54.10141273483703,53.41884002634508,53.577117919921875,38529600
2025-12-05,53.62684048758677,54.521782783039725,53.43790991110381,53.646728515625,33986500
2025-12-08,53.597007751464844,53.90526268802375,53.18931267952138,53.597007751464844,34386600
2025-12-09,53.666615859599375,53.97487080712905,52.970550060147666,53.23903274536133,47189300
2025-12-10,53.28874997291621,54.24335253012895,53.04015531989705,53.775997161865234,54424400
2025-12-11,53.646728138618656,54.34279394205114,53.44785165288745,54.253299713134766,35686900
2025-12-12,54.47205925540681,54.989136589823374,54.04447614797107,54.83003616333008,40539400
2025-12-15,55.09851880606676,55.7548085390532,54.76042992584626,55.01897048950195,32881300
2025-12-16,54.83003505329456,55.03885364760446,54.38256392744954,54.50189208984375,32931900
2025-12-17,54.8101503264773,55.25762147926561,54.15386056680562,54.24335479736328,35304100
2025-12-18,54.49194812777897,54.83998292399107,53.467739353426225,53.95498275756836,87452700
2025-12-19,54.21352463427648,54.99908468078129,54.074312229732044,54.95930862426758,73001900
2025-12-22,55.05874458790202,55.79458645525413,55.02891444235176,55.565879821777344,33408800
2025-12-23,55.49627219203215,55.90396727482717,55.49627219203215,55.655372619628906,22274600
2025-12-24,55.8144715597509,56.18239057752821,55.575819028089235,55.93379592895508,13634400
2025-12-26,55.96362648527636,56.23210916290389,55.7150318348716,55.854244232177734,15259400
2025-12-29,55.79458640108404,55.9337988045214,54.95930818720638,55.038856506347656,21040100
2025-12-30,55.178072121550684,55.327226640838795,54.859867468578436,54.9692497253418,17427600
2025-12-31,55.00902344753849,55.108459789512295,54.621216403286034,54.69082260131836,16293000
2026-01-02,54.7206562660983,55.67526265943332,54.571501743540686,55.6354866027832,25503600
2026-01-05,55.85424425182346,57.226487784651276,55.82441410760546,56.57019805908203,36096600
2026-01-06,56.689524338341734,57.08727730982571,56.43098756215458,56.92817687988281,31791900
2026-01-07,56.37132150344318,56.49064966665969,55.12834825267112,55.32722473144531,49695500
2026-01-08,55.168127147722544,56.26194594067546,55.158185030235906,55.864192962646484,30933700
2026-01-09,55.85424593321147,56.29177495893085,55.47638478423094,55.53604507446289,30768800
2026-01-12,54.97919706952873,55.13829750353676,54.42234365387384,54.879756927490234,45860600
2026-01-13,54.95930580610407,55.20790045668718,53.99475734800054,54.2334098815918,43542200
2026-01-14,52.58274289760112,53.17936855695054,51.3695997579034,52.18498992919922,84750000
2026-01-15,52.42364284323547,52.74184370292782,51.936395643126495,52.29437255859375,51018300
2026-01-16,52.39380879962812,53.07993248398119,51.95628356674258,52.672237396240234,52178400
2026-01-20,52.025889603934104,53.17936866268901,51.6679126903113,51.807125091552734,49172700
2026-01-21,51.93639458554194,52.562854174852994,51.757406131453074,51.77729415893555,36340000
2026-01-22,52.17504702402713,52.83133675670185,52.03583462516482,52.15515899658203,31229200
2026-01-23,51.817071128221194,51.90656535684477,51.09117518194261,51.429264068603516,34553500
2026-01-26,51.508812695248196,51.986113986348734,51.37954241018342,51.727577209472656,27728400
2026-01-27,51.916507928573566,51.95628398458854,51.51875874818431,51.876731872558594,26494300
2026-01-28,51.65796926416924,51.84689983345942,51.021567564188295,51.51875686645508,35030200
2026-01-29,51.687801245813795,52.79156214300204,51.65797110045848,52.781620025634766,35200500
2026-01-30,52.57279698817722,53.10976235755474,52.47336064270142,52.900943756103516,34549100
2026-02-02,52.900944103723,53.78594048133467,52.652349445146534,53.72627639770508,34624500
2026-02-03,53.895322426600245,54.810148944113756,53.37824508455866,54.143917083740234,41208400
2026-02-04,54.47206178170184,55.72498101754092,54.402455578961174,55.06869125366211,54522500
2026-02-05,54.710712847492395,54.97919553361559,53.94504084482701,54.631160736083984,32959700
2026-02-06,55.23773244534418,56.55031194079071,54.97919566913648,56.212223052978516,42468000
2026-02-09,56.073011294380414,56.40115806863437,55.86419268890254,56.092899322509766,31968400
2026-02-10,56.122729169830706,56.5105400264118,53.96492933818589,55.07863235473633,48304700
2026-02-11,55.65537238566653,55.7945847850718,52.94071921750365,53.54728698730469,48973500
2026-02-12,53.606951457760495,53.63678160263365,51.49886983739844,52.22476577758789,55481600
2026-02-13,51.61819498829466,52.52307939787106,51.1508358142183,52.25459671020508,31772100
2026-02-17,52.74184386912185,53.248975305462835,52.32420286867622,52.44353103637695,35542400
2026-02-18,52.69212431068929,53.30863798792215,52.49324782966965,53.06004333496094,30698900
2026-02-19,51.618195720575166,52.513138025491195,51.53864740083459,52.47336196899414,47148600
2026-02-20,52.23470695355785,52.79156033842742,51.538644964037566,52.7617301940918,33552000
2026-02-23,52.54296767698131,52.960604886511184,50.60392856340556,50.78291702270508,50602500
2026-02-24,50.45477181971012,50.59398421675283,49.191910542853144,50.126625061035156,53062700
2026-02-25,50.047077589182564,51.478981431370656,50.02718956166216,51.39942932128906,41375000
2026-02-26,51.58836332356563,52.373919542207126,51.44915092515456,52.00600051879883,52418500
2026-02-27,50.79286188974006,51.12100486287794,49.04275338882664,49.549888610839844,77728700
2026-03-02,48.50578999118731,50.13657039238987,48.30691729309221,49.53000259399414,40595200
2026-03-03,48.48590112787358,50.226063759017634,48.227364348849434,49.68910217285156,51242900
2026-03-04,49.60954736054731,50.12662468370891,48.93336961435548,50.017242431640625,34208500
2026-03-05,49.539944711597464,50.14651630324676,49.05270129070951,49.53000259399414,39073900
2026-03-06,48.54999923706055,48.70000076293945,47.619998931884766,48.63999938964844,47016000
2026-03-09,47.939998626708984,48.150001525878906,46.77000045776367,47.900001525878906,62752800
2026-03-10,48.279998779296875,49.150001525878906,47.599998474121094,48.560001373291016,50271100
2026-03-11,48.36000061035156,48.650001525878906,47.779998779296875,48.52000045776367,42185800
2026-03-12,47.70000076293945,47.779998779296875,46.790000915527344,47.130001068115234,58354500
2026-03-13,47.52000045776367,47.81999969482422,46.65999984741211,46.720001220703125,45473100
2026-03-16,47.119998931884766,47.68000030517578,46.900001525878906,47.060001373291016,38055600
2026-03-17,47.65999984741211,48.08000183105469,47.20000076293945,47.279998779296875,33427800
2026-03-18,47.220001220703125,47.880001068115234,46.689998626708984,46.83000183105469,40251800
2026-03-19,46.41999816894531,47.189998626708984,46.119998931884766,47.0099983215332,38601400
2026-03-20,47.130001068115234,47.459999084472656,46.689998626708984,47.15999984741211,78060900
2026-03-23,48.34000015258789,48.38999938964844,47.47999954223633,47.52000045776367,42333200
2026-03-24,47.04999923706055,48.459999084472656,47.02000045776367,48.13999938964844,39804100
2026-03-25,48.52000045776367,49.11000061035156,48.18000030517578,48.75,29988300
2026-03-26,48.709999084472656,48.869998931884766,48.029998779296875,48.2400016784668,32502600
2026-03-27,48.06999969482422,48.25,46.84000015258789,46.970001220703125,36781900
2026-03-30,47.54999923706055,47.86000061035156,46.93000030517578,47.22999954223633,43375900
2026-03-31,47.68000030517578,48.77000045776367,47.369998931884766,48.75,49060600
2026-04-01,49.70000076293945,50.04999923706055,48.779998779296875,49.27000045776367,32947000
2026-04-02,48.75,49.56999969482422,48.15999984741211,49.380001068115234,27548200
2026-04-06,49.43000030517578,50.119998931884766,49.25,50.060001373291016,28507200
2026-04-07,49.79999923706055,50.47999954223633,49.619998931884766,50.279998779296875,28473200
2026-04-08,51.939998626708984,52.2599983215332,51.369998931884766,51.880001068115234,36473500
2026-04-09,51.630001068115234,52.84000015258789,51.630001068115234,52.709999084472656,32008000
2026-04-10,52.79999923706055,52.83000183105469,52.20000076293945,52.540000915527344,25225300
2026-04-13,52.18000030517578,53.439998626708984,51.849998474121094,53.349998474121094,27835300
2026-04-14,53.099998474121094,53.56999969482422,52.79999923706055,53.349998474121094,40178500
2026-04-15,54.25,55.400001525878906,53.709999084472656,54.31999969482422,63838200
2026-04-16,54.040000915527344,54.5099983215332,53.470001220703125,53.5099983215332,35206700
2026-04-17,54.15999984741211,54.599998474121094,53.75,53.90999984741211,43484700
2026-04-20,53.5,53.95000076293945,53.18000030517578,53.95000076293945,43999200
2026-04-21,54.0,54.650001525878906,53.209999084472656,53.47999954223633,34266300
2026-04-22,53.66999816894531,53.79999923706055,53.0,53.119998931884766,24097600
2026-04-23,53.060001373291016,53.52000045776367,52.25,52.470001220703125,31956300
2026-04-24,52.31999969482422,52.5099983215332,51.93000030517578,52.04999923706055,30265400
2026-04-27,51.9900016784668,52.93000030517578,51.83000183105469,52.630001068115234,28043700
2026-04-28,53.02000045776367,53.43000030517578,52.630001068115234,52.65999984741211,21164100
2026-04-29,52.43000030517578,53.02000045776367,51.83000183105469,52.880001068115234,26250700
2026-04-30,52.61000061035156,53.65999984741211,52.150001525878906,53.459999084472656,27089200
2026-05-01,53.689998626708984,54.060001373291016,53.09000015258789,53.2400016784668,24825000
2026-05-04,53.06999969482422,53.06999969482422,52.0,52.189998626708984,42929000
2026-05-05,52.56999969482422,53.36000061035156,52.279998779296875,53.119998931884766,28458600
2026-05-06,53.81999969482422,54.20000076293945,53.470001220703125,53.599998474121094,27541200
2026-05-07,53.54999923706055,54.0,52.5,52.75,28682100
2026-05-08,52.97999954223633,53.0099983215332,51.099998474121094,51.310001373291016,36111200
2026-05-11,51.209999084472656,51.38999938964844,50.27000045776367,50.54999923706055,33132200
2026-05-12,50.86000061035156,51.08000183105469,49.84000015258789,50.779998779296875,33518800
2026-05-13,50.36000061035156,50.779998779296875,49.79999923706055,49.84000015258789,29838000
2026-05-14,50.060001373291016,50.470001220703125,49.4900016784668,49.849998474121094,37671800
2026-05-15,49.619998931884766,49.9900016784668,49.29999923706055,49.77000045776367,46282300
2026-05-18,49.720001220703125,50.91999816894531,49.720001220703125,50.689998626708984,33404100
2026-05-19,50.72999954223633,51.279998779296875,50.380001068115234,50.70000076293945,44154600
2026-05-20,50.9900016784668,51.58000183105469,50.4900016784668,51.22999954223633,47739400
2026-05-21,51.0,51.5,50.7599983215332,51.4900016784668,27461900
2026-05-22,51.689998626708984,52.150001525878906,51.650001525878906,51.79999923706055,26683700
2026-05-26,52.220001220703125,52.5,51.880001068115234,52.20000076293945,27397600
2026-05-27,52.38999938964844,52.4900016784668,50.7599983215332,51.099998474121094,48581500
2026-05-28,50.91999816894531,51.5,50.63999938964844,50.77000045776367,48550100
2026-05-29,50.970001220703125,51.79999923706055,50.61000061035156,51.599998474121094,57930600
2026-06-01,51.310001373291016,51.83000183105469,50.849998474121094,51.5099983215332,34303700
2026-06-02,51.2599983215332,52.709999084472656,51.2599983215332,52.47999954223633,42096700
