time,open,high,low,close,volume
2013-01-02,45.11938137424609,45.51906161729134,44.977273219843966,45.385833740234375,11674700
2013-01-03,45.34142380306281,45.598995881627225,45.1549074929819,45.4835319519043,7566600
2013-01-04,45.63452563511751,46.487174563092005,45.59011747205907,46.353946685791016,8745900
2013-01-07,45.97202367410187,45.97202367410187,44.9950306769299,45.27036666870117,9472100
2013-01-08,45.190430687562916,45.45688301547378,44.91509469545076,45.08384704589844,8637600
2013-01-09,45.23484377831194,45.741104273001916,45.08385196354665,45.10161590576172,8389000
2013-01-10,45.18154889692694,45.5101767234987,44.93286049898101,45.110496520996094,8097400
2013-01-11,45.13714123113517,45.31477725508918,44.808516789101716,44.923980712890625,7149000
2013-01-14,44.76411276793619,45.14602906889606,44.568712784712346,44.932865142822266,9308800
2013-01-15,44.82628445430789,45.430244953051094,44.790756568940495,45.376953125,7299500
2013-01-16,45.163789286489475,45.98979398815542,45.11938112375891,45.76774978637695,7371800
2013-01-17,46.043086408313954,46.80691901435308,46.043086408313954,46.549346923828125,10132100
2013-01-18,46.39835866086467,46.48717498779297,46.016442356446724,46.48717498779297,8490900
2013-01-22,46.531580704549945,46.895733046809355,46.34506439493243,46.833560943603516,6635200
2013-01-23,46.94902807431486,48.10365728302871,46.87797230116288,47.91714096069336,13842700
2013-01-24,47.9881933457196,48.734262023186744,47.89049335169849,47.91714096069336,13608000
2013-01-25,47.78390527065796,48.45892145277936,47.615152919190216,48.299049377441406,7939400
2013-01-28,48.21024380869476,48.45893565886248,48.05037168648916,48.28129959106445,7133500
2013-01-29,48.09477156373016,48.14805999943905,47.544099548485676,47.95266342163086,7786400
2013-01-30,47.82832048434862,47.96154836282898,47.5618681155136,47.77503204345703,9821800
2013-01-31,47.81943351422454,48.183585824562584,47.6506811614765,47.85496139526367,7333900
2013-02-01,48.121409095557915,48.73424973793909,48.09476488140544,48.48556137084961,9552300
2013-02-04,48.10366239555695,48.40564268729632,47.78391815864161,47.872737884521484,7717400
2013-02-05,48.28129213153947,48.32570029459631,47.96154793652917,48.219120025634766,10246400
2013-02-06,49.20499743315099,49.293813760351796,48.32570088610995,48.42340087890625,26833600
2013-02-07,48.02372746216362,48.38787987649279,47.43753081011846,48.28129959106445,11723200
2013-02-08,48.29905632606188,48.60103657979786,48.23688421983321,48.54774475097656,9584300
2013-02-11,48.53886159616905,48.83195816699711,48.48556977050691,48.62767791748047,6358600
2013-02-12,48.64544102423527,48.8941294301382,48.574385257905625,48.80531311035156,8758100
2013-02-13,48.920777375819526,49.11617395833021,48.55662165304294,48.81419372558594,5701400
2013-02-14,48.77866948695384,49.00071369267695,48.59215316729659,48.74314498901367,8564500
2013-02-15,48.894133582293414,49.400394101945516,48.75202542569152,49.39151382446289,17783400
2013-02-19,49.36486435982888,49.693488801787204,49.35598069516426,49.49808883666992,7780500
2013-02-20,49.40039808683508,49.57803414394791,48.458932743951266,48.49445724487305,8460700
2013-02-21,48.4766854507719,48.68984595939235,47.970421619516635,48.11252975463867,6802500
2013-02-22,48.30793031688118,48.476686058791294,47.89936984679662,48.18358612060547,7603600
2013-02-25,48.49445785215387,48.66321363318103,47.5974006652832,47.5974006652832,9830200
2013-02-26,47.79280182529265,47.997082112627204,47.60628209500796,47.872737884521484,6238300
2013-02-27,47.87273001564939,48.54774288075361,47.828318465946346,48.38787078857422,7243500
2013-02-28,48.441153217887184,48.885241523761195,48.307925370875026,48.48556137084961,6605000
2013-03-01,48.23688904322313,49.178354396326945,48.22800537680176,49.14282989501953,8311500
2013-03-04,48.991839521398305,49.59580010729081,48.84973134754866,49.560272216796875,6357400
2013-03-05,49.693490121321595,50.253042425663004,49.64908196119539,50.164222717285156,7067900
2013-03-06,50.208643795374,50.48397987999719,49.959955324182935,50.057655334472656,5572600
2013-03-07,50.05764931766495,50.15534931621137,49.7467853779149,50.02212142944336,4813700
2013-03-08,50.23528054011751,51.079045781427034,50.19975265531221,50.97246551513672,8157800
2013-03-11,50.972464508531324,51.29220868921352,50.92805634746447,51.21227264404297,7155200
2013-03-12,51.0879339668532,51.18563396464928,50.35962920453352,50.72378158569336,7159100
2013-03-13,50.7681865267792,51.01687495037194,50.57278654359881,50.92805862426758,5209800
2013-03-14,50.93693755397491,51.35438172949742,50.8658851725964,51.29220962524414,5908200
2013-03-15,51.07016813420102,51.318856564393414,50.928059975787406,51.1412239074707,13788100
2013-03-18,50.69713806210197,50.794834673117855,50.404038064676534,50.475093841552734,5125800
2013-03-19,50.47508934367317,50.670485936418906,49.52473704733332,50.01323699951172,8884200
2013-03-20,50.261923907367,50.759304121830326,50.2175157461762,50.572784423828125,6018700
2013-03-21,50.39515329587358,50.492849898183636,49.88000912380386,50.01323699951172,5168500
2013-03-22,50.315222578807514,50.7148994720243,50.19975863350271,50.43068313598633,5500200
2013-03-25,50.626076052075334,50.72377603918819,49.622435350087116,49.924415588378906,7881500
2013-03-26,50.102054847174784,50.38627116173834,50.03100246259676,50.297454833984375,4675600
2013-03-27,50.03988198191682,50.181990137045375,49.729021451362385,50.15534591674805,6392400
2013-03-28,50.26192044005069,50.57278093506712,50.18198440017142,50.44843673706055,6705600
2013-04-01,50.52838220857725,50.750426428785886,49.871133214110195,50.350746154785156,6722400
2013-04-02,50.661604826323256,51.034637451171875,50.590549056947005,51.034637451171875,6575300
2013-04-03,51.19450237052963,51.29220234566901,50.62606984767331,50.848114013671875,8101000
2013-04-04,50.87476089332996,51.26556081435083,50.78594457752991,51.15009689331055,6412400
2013-04-05,50.52837453572273,51.27444313785649,50.066522221247034,51.247798919677734,7034700
2013-04-08,51.36327566904311,52.24256896972656,51.30110016422717,52.24256896972656,9796200
2013-04-09,52.15374651836753,52.615598894046286,51.97611046801018,52.52677917480469,8864800
2013-04-10,52.73106090539324,53.41495751590355,52.704416682946714,53.38831329345703,8438100
2013-04-11,53.38830576941981,53.885682588331086,53.30836972521971,53.77910232543945,9241800
2013-04-12,53.548177857819994,53.93897441383964,53.530413915983814,53.77910232543945,8533000
2013-04-15,53.52153424619302,53.885686610703786,52.26032477480842,52.29585266113281,12027900
2013-04-16,52.63335639225422,53.95674133300781,52.473487683157956,53.95674133300781,10309400
2013-04-17,53.60146562781592,53.90344585902018,53.308369061481876,53.89456558227539,11531200
2013-04-18,53.859043570716985,53.88568779198151,53.184030656384465,53.28173065185547,9203200
2013-04-19,53.5126462075955,54.6761589050293,53.5126462075955,54.6761589050293,9488300
2013-04-22,54.702814957097665,55.155783681600724,54.312018344033724,55.07584762573242,6306900
2013-04-23,55.42222437114272,55.61762093041475,54.658391909272396,55.59097671508789,6260800
2013-04-24,55.69756458159561,55.86632033674449,54.702807545226655,55.013668060302734,7335400
2013-04-25,55.07584728859529,55.21795545503283,54.66728673360311,55.06696701049805,6680900
2013-04-26,55.120248053517074,55.324528291024734,54.66727603233137,54.95149230957031,7038500
2013-04-29,55.79527086673244,56.1771871930077,55.5909905926057,55.955142974853516,7203900
2013-04-30,55.89296629043835,56.0261941656776,55.45775816769899,55.81303024291992,8528800
2013-05-01,55.84855458998204,56.399223222375795,55.77749882418909,56.14165115356445,7468900
2013-05-02,56.31041182992628,56.78114446105064,56.05283973857965,56.73673629760742,5249600
2013-05-03,57.00319898639199,57.59827593814183,56.73674656936779,57.553871154785156,9196000
2013-05-06,57.81142663037616,58.25551504551656,57.29628921876441,57.78478240966797,10239600
2013-05-07,58.1223013979439,58.69961099068292,57.52721769536693,58.68185043334961,14539100
2013-05-08,58.61967391881163,58.61967391881163,57.34069704672789,58.61079025268555,17803200
2013-05-09,58.37986299869287,59.605544521263724,58.18446302199656,59.214744567871094,11325000
2013-05-10,59.23250535015296,59.889754200358674,58.9216380890925,59.68547058105469,8654000
2013-05-13,59.47230528468783,59.96968202033194,59.43677740696328,59.792049407958984,5195000
2013-05-14,59.889765081709456,59.943053524144474,59.49008821094364,59.92529296875,9675400
2013-05-15,59.88088774104934,60.20951564869832,59.667727172541724,60.10293197631836,7925900
2013-05-16,60.058521749267605,60.29832652006307,58.79730545734738,59.03711700439453,8473100
2013-05-17,58.76177499093109,59.13480758666992,58.33544718419341,59.13480758666992,9160100
2013-05-20,59.13481403170454,59.15257458647279,58.66408140345561,58.726253509521484,5893300
2013-05-21,58.93053414235235,58.9749456964835,58.36210148598277,58.468685150146484,7359100
2013-05-22,58.40651824039347,59.250283633996695,57.97130665516434,58.237762451171875,8142400
2013-05-23,57.61603156612166,58.122292072044054,57.05647584424606,57.93577575683594,7536200
2013-05-24,57.509453273306264,58.20223015903923,57.18970905277538,58.16670227050781,8846100
2013-05-28,58.60191248199417,59.29468935187613,58.54861726229053,59.23251724243164,8280000
2013-05-29,58.94830501494132,59.0460050188963,58.38874921478963,58.85060501098633,6954000
2013-05-30,59.010476532632566,59.60555344070947,57.127539029181634,57.42063903808594,13052700
2013-05-31,57.34956928319161,57.758129752292625,56.01730423237293,56.026187896728516,11280900
2013-06-03,56.008438528971844,56.683451506243095,55.53770245127665,56.665687561035156,8705600
2013-06-04,56.78114218099284,57.66931896669505,56.71897007704373,57.1541748046875,8147700
2013-06-05,56.88772993111591,56.94990203954193,55.77750548091722,56.06172180175781,8893600
2013-06-06,56.04395514680886,56.23935512848059,55.10248990011921,56.07948303222656,8661900
2013-06-07,56.51469316289261,57.616033933027204,56.17718501570408,57.5982666015625,7611300
2013-06-10,57.65156202164703,57.70485046372478,56.57686546869354,56.69232940673828,6729500
2013-06-11,56.23936304042287,57.10977941498149,55.92850246959916,56.665687561035156,6454800
2013-06-12,57.12752804076752,57.24298857831562,55.83967108123735,55.94625473022461,7663200
2013-06-13,55.946258884939695,57.19858805447534,55.52881469905259,57.109771728515625,5584900
2013-06-14,56.85220729165549,57.22523997664395,56.51469910895681,56.665687561035156,5311800
2013-06-17,57.10977730323201,57.8469589792831,57.065365747791304,57.278526306152344,6752000
2013-06-18,57.385106551419696,58.166699736302846,57.34069499862738,57.98906707763672,5234400
2013-06-19,57.900250008675854,58.21999421119166,57.136417388916016,57.136417388916016,6871400
2013-06-20,56.15053888327743,56.416991248039565,54.907089996886576,55.049198150634766,12260800
2013-06-21,55.61762823003142,56.026192118041045,54.9070874936839,55.715328216552734,11892400
2013-06-24,55.28900747977597,55.9462598225197,54.90709117312264,55.457759857177734,6494500
2013-06-25,55.84855914673827,56.043955742360744,55.51105100793484,55.57322311401367,6776700
2013-06-26,55.91072669098817,56.36369533947932,55.7330906646312,56.14165115356445,5720400
2013-06-27,56.532451464255196,56.81666775306191,56.35481543671965,56.59462356567383,4875900
2013-06-28,56.63015632714291,57.305169264561016,56.08837127685547,56.08837127685547,10560300
2013-07-01,56.70120333149305,57.660432450802645,56.51468702886693,56.7811393737793,8221600
2013-07-02,56.692333441172,56.96766611316945,56.02620076278952,56.18606948852539,7690500
2013-07-03,55.821916644051555,56.692332985018744,55.573228196990065,56.49693298339844,3351800
2013-07-05,56.736740624575425,56.79891273576256,56.052844013390995,56.683448791503906,5645800
2013-07-08,57.09200262639027,57.54497468385883,56.985425749045504,57.47391891479492,6679700
2013-07-09,58.01570449042507,58.21110445777775,57.420627699851586,57.678199768066406,4556400
2013-07-10,57.60714256119669,57.99794248612483,57.34957049942592,57.651554107666016,5761700
2013-07-11,58.30880296681929,59.35685176645503,58.30880296681929,59.13480758666992,8329800
2013-07-12,58.96605776125613,59.50784615642217,58.557497242586074,59.49008560180664,5889900
2013-07-15,59.525600672736445,59.82758428057741,58.52196342061185,58.557491302490234,6458000
2013-07-16,58.57525391779293,58.708481785465295,57.66931661487235,57.75813293457031,7470900
2013-07-17,58.10451981946542,58.14004770167436,57.518326703644576,58.051231384277344,6846700
2013-07-18,58.35320944195914,58.94829301112052,58.317688335256214,58.45979309082031,4962800
2013-07-19,58.52197295067301,58.646317169371,57.65156341978712,57.87360763549805,7220400
2013-07-22,57.86472194882191,58.02459404960095,57.07424511059541,57.19858932495117,5973600
2013-07-23,57.376224100767296,57.5272125414564,57.1364193288641,57.24299621582031,4534500
2013-07-24,57.367343052394936,57.83808250418728,57.31405460648532,57.4117546081543,5326800
2013-07-25,57.12753777368334,57.50057044431677,57.07424932823628,57.33182144165039,5407800
2013-07-26,57.26076159026225,57.793666335580234,56.941017387821155,57.7137336730957,4949600
2013-07-29,57.55386472390987,57.758141612281115,57.260764726244844,57.385108947753906,3805800
2013-07-30,57.46504190148605,57.61603712228815,56.93213712432233,57.00319290161133,6210500
2013-07-31,57.22523903214973,57.83808327326745,57.18082747579983,57.42063903808594,7155300
2013-08-01,57.87359874948331,58.50420341212799,57.84694775563861,58.051231384277344,6338100
2013-08-02,58.22886745957865,59.143688457697245,58.024590595120685,59.07263946533203,6098500
2013-08-05,59.06375612145692,59.0992840059583,58.273279325991645,58.637428283691406,7265800
2013-08-06,58.69959808111556,59.64995370762179,58.59302120805006,59.55225372314453,11546300
2013-08-07,57.66932894861252,58.8861337950903,56.949907796070306,58.53974533081055,16970500
2013-08-08,58.92164603219732,59.02822968832212,57.90912501589119,58.39762496948242,8826400
2013-08-09,58.14894057366381,58.397629012253354,57.376224259830515,57.49169158935547,7945500
2013-08-12,57.074239324870675,57.22522774467504,56.55021152356329,56.7811393737793,8004900
2013-08-13,57.0742457135073,57.0742457135073,56.319293365603315,56.82555389404297,6025100
2013-08-14,56.79890857141242,56.99430516876346,56.3725841024751,56.80778884887695,6413700
2013-08-15,56.20383334571067,56.23936123498601,55.24460405215845,55.404476165771484,9014100
2013-08-16,55.04031626766521,55.51104887795005,54.809388406982634,55.21794891357422,8238800
2013-08-19,55.200189970831694,55.226834190870704,54.91597366333008,54.91597366333008,5659900
2013-08-20,54.88044450780643,55.41334922500796,54.88044450780643,54.96038055419922,5192100
2013-08-21,54.729455577377166,54.960383451630754,54.25872293942862,54.303131103515625,7185400
2013-08-22,54.46299518225658,54.907083533963245,54.320887045235445,54.74721145629883,5302300
2013-08-23,55.03142867622121,55.05807628170679,54.587340316881544,54.8271484375,5505900
2013-08-26,54.853803114891825,55.164667058583184,54.47189017010829,54.48965072631836,4499100
2013-08-27,54.08997354737007,54.48965043434804,53.79687354958523,53.9034538269043,7734500
2013-08-28,53.681404796982534,54.312012902597694,53.6547605770712,54.010032653808594,7161700
2013-08-29,53.974503758986884,54.64063634931614,53.779103781623455,54.249839782714844,5396200
2013-08-30,54.303118842932946,54.41858275399025,53.77909449351901,54.02778625488281,5404100
2013-09-03,54.55181620559687,55.05808008731224,53.82351151698955,54.11661148071289,7016400
2013-09-04,54.10772968068449,54.37418543439078,53.752460989285524,54.276485443115234,14014600
2013-09-05,54.2409597526023,54.71169239711559,54.14325975737295,54.44524002075195,6356600
2013-09-06,54.59623277719512,54.91597698953242,53.85016407778338,54.525177001953125,7319400
2013-09-09,54.711696287843935,54.92486023696911,54.41859966943861,54.702816009521484,7224500
2013-09-10,55.146904848482286,55.928501483216564,55.00479667745115,55.80415725708008,9919600
2013-09-11,56.06172285900364,56.7900276184082,55.937378639806646,56.7900276184082,9439700
2013-09-12,56.665684555377744,58.93053493330361,56.31929611251126,58.16670227050781,22426500
2013-09-13,58.50421248483115,59.53449412366154,58.17558460562358,59.23251724243164,12718700
2013-09-16,59.79206024666374,60.085160208835134,59.40126029710188,59.45455551147461,9716500
2013-09-17,59.35685772531066,59.68547880758262,59.25915773429703,59.49008560180664,6450700
2013-09-18,59.21475645618509,59.836484395608984,58.80619586663637,59.60555648803711,9865600
2013-09-19,58.96605612786197,59.06375611616926,58.0867630093475,58.37097930908203,11864800
2013-09-20,58.27328409210036,58.477560974377035,57.651563003103995,57.740379333496094,29076200
2013-09-23,57.76702109567459,58.15782106426431,57.447276898874165,57.50944900512695,8286600
2013-09-24,57.67819732551385,57.87359728459174,57.09199744828019,57.127525329589844,8272800
2013-09-25,57.216351994081265,57.6693240924003,57.02095199965925,57.24299621582031,7281400
2013-09-26,57.16306317575926,57.98906792551198,57.06536317918892,57.94465637207031,6971200
2013-09-27,57.704845693370125,58.12228985847393,57.45615728256385,57.900245666503906,5586000
2013-09-30,57.491693640765355,57.68708686644933,57.18970997152291,57.278526306152344,7463200
2013-10-01,57.171937268206,57.953530333638604,57.16305360375491,57.58049774169922,4881200
2013-10-02,57.242992151534814,58.033468962843735,57.198587377206394,57.624908447265625,7218800
2013-10-03,57.4828041872975,57.66932050411722,56.69232736904908,56.86107635498047,7264100
2013-10-04,56.861075697949715,58.113408237305926,56.81667092374457,57.997947692871094,6546000
2013-10-07,57.562736253440534,58.00682465354732,57.34957571873962,57.36733627319336,5840900
2013-10-08,57.305175615422286,57.52721985983089,56.816682343474895,56.843326568603516,8636300
2013-10-09,56.8610808795803,57.003192432990005,56.04395977623,56.47916793823242,8746900
2013-10-10,57.26964982598547,58.32657573526928,57.10089404560525,58.24664306640625,7676600
2013-10-11,58.31768213978007,59.143679919762405,58.17557062306262,58.806175231933594,6735000
2013-10-14,58.51308527221302,59.490085175345605,58.42426894726948,59.35685729980469,6461500
2013-10-15,59.268031946377704,59.45454823322189,58.557487902566336,59.010459899902344,5943100
2013-10-16,59.188110301333715,59.383510310887544,58.7351381679364,58.930538177490234,7724800
2013-10-17,58.788425611180315,59.14369091652932,58.60190929299669,58.99270248413086,6952100
2013-10-18,59.06375884296798,59.747652016441194,58.61078676501737,59.641075134277344,7587000
2013-10-21,59.74766078186075,60.067405027763954,59.649967550962046,60.049644470214844,4845800
2013-10-22,60.34273352813097,61.39965930470878,60.17397776893947,61.28419876098633,7860700
2013-10-23,61.11545052280321,61.461838972849094,60.413789956331485,60.50261306762695,5864500
2013-10-24,60.55588946064594,61.45294985141783,60.41377793186001,61.32860565185547,6045400
2013-10-25,61.5684175307084,62.056917497281795,61.25755699573054,61.51512908935547,6613300
2013-10-28,61.595059283509215,61.71052660348283,61.21314299119505,61.28419876098633,4469200
2013-10-29,61.39078564353508,61.63059040887537,61.088801994169756,61.2131462097168,4450200
2013-10-30,61.47959770239617,61.55065347098847,60.333848844786736,60.8134651184082,5816100
2013-10-31,60.81346325723957,61.55065158725852,60.70687960761306,60.920040130615234,5706100
2013-11-01,61.026619842774444,61.44406397323102,60.84010355015031,61.29307556152344,5008600
2013-11-04,61.648367234717334,61.77271146941437,60.76019025759421,61.115455627441406,4790200
2013-11-05,61.07991849995477,61.33749059752602,60.449313754694764,61.15097427368164,5140600
2013-11-06,61.44407085489112,61.83487081249199,60.94669401885451,61.28419876098633,6503200
2013-11-07,61.58617777253315,61.58617777253315,59.58777991694401,59.641075134277344,10496300
2013-11-08,59.39237817644097,61.648347800297714,59.25915031662159,60.91115951538086,16182800
2013-11-11,60.822345208029674,61.0532662780031,60.56477314421255,60.697994232177734,4954000
2013-11-12,60.68911789312252,60.79569476445932,59.88087381214799,60.191734313964844,6586700
2013-11-13,59.889767516446,61.27532128609698,59.77430696105904,61.25756072998047,5681000
2013-11-14,61.40855035229439,62.30561091905974,61.284206128337054,62.19014358520508,7246600
2013-11-15,61.96809108397949,62.32336315194594,61.77269788403646,62.1723747253418,6184400
2013-11-18,62.22567126672822,62.25231548945131,61.57730592629309,61.728294372558594,4904400
2013-11-19,61.719402474010025,61.923686114726024,61.319725633969185,61.39078140258789,4801700
2013-11-20,61.390783437928,62.101320818918865,61.35525555244077,61.48848342895508,4726800
2013-11-21,61.69276316454588,62.181263142362,61.524007394709116,62.11909103393555,4498300
2013-11-22,62.127969514806836,62.46548106312501,61.99474840494627,62.350013732910156,4667500
2013-11-25,62.65200007996694,62.68752796953727,61.81711161569433,61.94145584106445,5830600
2013-11-26,62.10133497973349,63.67341208382695,62.08357442106561,63.22043991088867,8850000
2013-11-27,63.24708515472469,63.28261304888494,62.58095238578906,62.856285095214844,5446100
2013-11-29,63.09609272669522,63.300369634979674,62.51877634126729,62.65200424194336,4801000
2013-12-02,62.874033872172426,63.335882807427936,62.84738965347992,62.98061752319336,6774600
2013-12-03,62.36778108652076,62.53653686073791,61.621708989785965,62.08356475830078,8304700
2013-12-04,61.6572480593425,62.598720323011044,61.56843171121418,62.145748138427734,4883800
2013-12-05,62.429951650650835,62.776340080333675,62.24343532514865,62.37666320800781,5587000
2013-12-06,63.03388872518911,63.495737534161066,62.85624935539291,63.469093322753906,5542000
2013-12-09,63.380296915804166,63.48688057112967,62.98949695586188,63.15825271606445,6477100
2013-12-10,62.98060235035474,63.637851099350144,62.971718687513786,63.566795349121094,7112200
2013-12-11,63.708931571950906,64.06419690845891,62.554298899544094,62.63423156738281,9519200
2013-12-12,62.29255570513823,62.95791885413877,61.86097139331964,62.60725402832031,8756300
2013-12-13,62.8500405764605,63.056839439016905,62.292569947997485,62.59828186035156,5784300
2013-12-16,62.85901853877689,63.70420732749702,62.85901853877689,63.398502349853516,6246600
2013-12-17,63.56033649889589,63.75814879391808,62.78707399648603,63.533363342285156,6829100
2013-12-18,63.803103465566544,64.91803741455078,63.06580743899358,64.91803741455078,7971400
2013-12-19,64.86408515344839,65.70928059175849,64.82811866033869,65.6103744506836,6768100
2013-12-20,65.7272741133305,66.14087858047311,65.04392432157337,65.0978775024414,12989700
2013-12-23,65.53845719219018,65.93408185143058,65.33165838206635,65.88912200927734,5621900
2013-12-24,65.86215796473164,66.41063518736041,65.86215796473164,66.40164184570312,2883600
2013-12-26,66.49154096407156,67.15691091123726,66.45558132468105,67.0939712524414,4620100
2013-12-27,67.12094925269805,67.2378352389178,66.47356593844665,66.85120391845703,3844800
2013-12-30,67.42665447595162,68.82032727478814,67.33674165084481,68.54159545898438,8578900
2013-12-31,68.58653563370463,68.78434792794536,68.16393788871896,68.6944351196289,4692300
2014-01-02,68.37076920338376,68.78437376492481,68.24488985247605,68.57756805419922,5200900
2014-01-03,68.6045244457862,68.96417569024176,68.34377249162048,68.43368530273438,4060700
2014-01-06,68.8113330834808,69.09006489583817,67.87622462213274,68.17294311523438,6816200
2014-01-07,68.44268982747796,68.96418696113045,68.24487749475406,68.64049530029297,4494900
2014-01-08,68.45166891348953,68.58654156758672,67.26480190526881,67.63345336914062,10900300
2014-01-09,67.84925094101928,67.84925094101928,66.82422966353053,67.34573364257812,8052900
2014-01-10,67.50757649064789,67.89420778772718,67.04001885422679,67.78630828857422,6219000
2014-01-13,67.34571710803786,67.55251586487836,65.68230627559063,65.88011169433594,8232800
2014-01-14,66.27575320184192,67.05800917842002,65.89811522414577,66.94111633300781,5996500
2014-01-15,66.80625572515893,67.52556523485205,66.7612958795928,66.78826904296875,7283900
2014-01-16,66.88718766716971,66.89618100993901,66.28476403992686,66.725341796875,5597400
2014-01-17,66.9231353015762,67.1029609467762,66.24877884221324,66.51852416992188,6624800
2014-01-21,66.52751249127579,67.32774829640556,65.90710919623119,66.7163314819336,7507100
2014-01-22,66.60844509990977,67.82228550252653,66.58147193583754,67.71438598632812,6795100
2014-01-23,67.01305495076767,67.39069296010267,66.67138344611828,67.24683380126953,6280900
2014-01-24,66.626418301784,66.74331114769363,65.38560485839844,65.38560485839844,7334900
2014-01-27,65.1608097373756,65.55643433907994,64.486453362602,64.96299743652344,7415100
2014-01-28,64.97199352257763,65.63735658637762,64.9540068436082,65.52945709228516,5508400
2014-01-29,64.71125357823499,64.95401891015659,63.94698421784848,64.13580322265625,8604800
2014-01-30,64.81913976849614,66.20381919224461,64.73822028589494,65.83517456054688,7550500
2014-01-31,64.91803830997554,65.92507964353699,64.55838706076091,65.28668975830078,7748500
2014-02-03,65.33166069183581,65.39460035713027,62.80506701950872,62.930946350097656,11964800
2014-02-04,63.78512323891885,64.06385500940333,62.832028240006615,63.884029388427734,11278800
2014-02-05,64.78319007759583,64.78319007759583,63.27263109784897,64.5224380493164,11573300
2014-02-06,67.98410778036025,68.99114900272876,67.2378184868168,67.93914794921875,19821900
2014-02-07,67.50757264350665,68.0650362075904,67.08497487079282,68.0380630493164,11480100
2014-02-10,68.03808061128888,69.51267309675768,67.94816777386464,69.28788757324219,8781600
2014-02-11,69.36880929062441,70.06114563839982,69.3328427860776,69.94425964355469,8186200
2014-02-12,69.8273614424295,70.14205972731611,69.80937476334564,70.0521469116211,6329500
2014-02-13,69.70148874468516,70.34887211870762,69.41376356288734,70.04316711425781,5955400
2014-02-14,70.02517415384571,71.45481345329448,69.92626798835327,71.23902130126953,7001100
2014-02-18,71.48180842914816,71.93137955134407,71.41886874643717,71.55374145507812,6136500
2014-02-19,71.48178594572131,71.7335445973787,70.85238931657784,70.91532897949219,7024000
2014-02-20,71.22102852555612,71.61665315367019,70.88834355555947,71.20304870605469,5748700
2014-02-21,71.09515240728403,72.33596580594408,70.85238710359936,72.0482406616211,8252300
2014-02-24,72.38091713956216,73.36097843913095,72.3449506432604,72.58772277832031,6635200
2014-02-25,72.57874255850845,73.14519954286071,71.96732573067517,72.12017822265625,6064300
2014-02-26,72.49781222056116,72.78553736723441,71.56270377889597,72.00328826904297,5775600
2014-02-27,71.93136199570088,72.46185249766273,71.80548266100115,72.36295318603516,4919800
2014-02-28,72.68662586862058,73.36098227474419,72.08420245886144,72.65965270996094,7030700
2014-03-03,72.20110652898258,72.51580486216582,70.89734649163884,71.4458236694336,8449400
2014-03-04,72.47084674946996,73.88249947198027,72.41690042246617,73.4688949584961,8021400
2014-03-05,73.92745234923332,74.81760096043568,73.74761984298978,74.34105682373047,7709700
2014-03-06,74.50290209719184,75.00641939112442,74.48491541674645,74.93448638916016,5774400
2014-03-07,75.16825600320044,75.21321583889512,73.74761025810501,73.91844940185547,7478100
2014-03-10,73.89148622391298,74.11627171292952,73.45090858621501,73.70266723632812,5209700
2014-03-11,73.9004558273736,74.02633511199765,72.5787164789145,72.87543487548828,7171600
2014-03-12,72.46185710769376,73.18117351737746,71.97632642005341,73.17218017578125,6378300
2014-03-13,73.5048538956158,73.71165956102136,71.62565052608647,71.86841583251953,8570600
2014-03-14,71.79648089303473,72.30000503264296,71.54472225318483,71.99429321289062,7754700
2014-03-17,72.38093176289728,73.36998660134013,72.21009258592572,73.18116760253906,7280700
2014-03-18,73.3070452277011,73.95442855703197,73.08225973056726,73.72064971923828,5395900
2014-03-19,73.95443698770798,73.99939683622367,71.96733378970767,72.39891815185547,6403200
2014-03-20,72.46184039991272,72.84847168048658,71.71555785733275,72.65965270996094,5968200
2014-03-21,73.69367471721849,73.7746010613188,71.97631712914684,72.24605560302734,7840900
2014-03-24,72.56973239178276,72.76754468138002,71.37387217551388,71.4727783203125,7642900
2014-03-25,72.1471596664385,72.23707250381248,70.67256718179372,71.5267562866211,6692400
2014-03-26,71.86841015705289,72.14714194241057,70.68154315952245,70.69053649902344,6750800
2014-03-27,70.40280569084568,70.68153745370253,69.48567721320781,70.56465148925781,9194700
2014-03-28,70.78944429438,71.44581403509348,70.41179948557566,71.0232162475586,5281700
2014-03-31,71.6616082331413,72.282018352706,71.62564859308426,71.99429321289062,6848800
2014-04-01,72.28202967266358,73.37898408372313,72.28202967266358,73.343017578125,6555000
2014-04-02,73.4778822053283,73.70266769574602,73.10024422780464,73.43292236328125,6073500
2014-04-03,73.65772659663239,73.94545182318524,72.95639678565425,73.450927734375,4930100
2014-04-04,74.01736322958925,74.4939073537861,72.2910123744166,72.31798553466797,8894400
2014-04-07,72.30899521595735,72.65067355317397,70.63659061140807,71.14910125732422,9000800
2014-04-08,71.27498578684335,71.61666414900286,70.24097793900714,71.54473114013672,7085100
2014-04-09,71.9043795460773,72.40789681984693,71.26598961400272,72.35395050048828,7004800
2014-04-10,72.75857582347199,72.75857582347199,69.66553171786597,69.6925048828125,10160200
2014-04-11,69.69249087370659,70.08810864658072,69.06308742519738,69.242919921875,9204100
2014-04-14,69.8633461453259,69.98023902158383,69.09907664786276,69.79141998291016,5964700
2014-04-15,70.03416850447472,70.32189366462767,68.61352252500937,69.8273696899414,6398700
2014-04-16,70.4747406657654,71.01423130144919,70.3039083670467,70.98725128173828,5958800
2014-04-17,70.76246182618254,72.12916129856484,70.67254901192507,71.92235565185547,7627700
2014-04-21,71.89538033310362,71.91336701135941,70.75347322054144,71.13111114501953,7080300
2014-04-22,71.2300374037101,71.83246095709323,71.22104406204342,71.43683624267578,5876000
2014-04-23,71.50875682887329,71.88639479432868,71.00523954159945,71.49976348876953,4148600
2014-04-24,71.69758630470803,71.98531149096068,71.13112927362266,71.56271362304688,4632700
2014-04-25,71.4458149695107,71.4458149695107,70.2769346086056,70.33987426757812,6193300
2014-04-28,70.81640360084943,71.08614200019251,69.12601278137566,69.93524169921875,7522700
2014-04-29,70.44778220836562,70.74450074793498,69.89930497821979,70.70853424072266,4608700
2014-04-30,70.58263762624466,71.50875266566614,70.29491249885247,71.3379135131836,6550200
2014-05-01,71.34691708516966,71.81447477168058,71.26599759706728,71.53573608398438,6486800
2014-05-02,71.58967976830331,72.42588200059747,71.58967976830331,72.2100830078125,7599300
2014-05-05,72.30898880119189,73.10922453066753,71.75152522240239,73.02830505371094,5669800
2014-05-06,73.36098492428751,73.39695142376873,72.65066885423563,72.85746765136719,10696500
2014-05-07,73.41493399926891,74.12525688951918,72.03924805558351,72.19210052490234,11906800
2014-05-08,72.1201731288795,73.97240330300514,71.99429380791418,73.36997985839844,9257700
2014-05-09,73.07326791406469,73.74762441953187,72.74058976170937,73.68468475341797,5376600
2014-05-12,73.80157195020422,74.57483456602043,73.80157195020422,74.1072769165039,5704400
2014-05-13,74.11627302524477,74.40399818188409,73.50485620989758,73.80157470703125,5274700
2014-05-14,73.52284483517951,73.89149638059546,72.49782341316349,72.75857543945312,6192000
2014-05-15,72.50681609758438,72.6776552863419,71.22104266093204,72.06623840332031,7687700
2014-05-16,72.08421585144227,72.3090013619132,71.3379263103005,72.28202819824219,5823700
2014-05-19,72.31796457221995,73.17214641215554,72.0572126655254,72.87543487548828,4896900
2014-05-20,72.77654168455706,73.51383770842239,72.39889690362487,72.91140747070312,6023200
2014-05-21,73.20814656344776,74.03535563130475,73.20814656344776,73.9004898071289,4736400
2014-05-22,73.9004752741544,74.43995904449406,73.7656026165924,74.0443344116211,4652000
2014-05-23,73.90048354019325,74.95247803901127,73.90048354019325,74.91651153564453,4580300
2014-05-27,75.13230546714114,75.50995033144012,74.9165133017626,75.29415130615234,5197700
2014-05-28,75.3480835085889,75.43799631413086,74.85355278824716,75.16825103759766,4652100
2014-05-29,75.45599495430568,75.60884744784786,75.01541729530979,75.55490112304688,6522000
2014-05-30,75.35709374185181,75.87859778225793,75.18626141544323,75.53692626953125,6352400
2014-06-02,75.77069854736328,75.90557122864695,75.53692655037511,75.77069854736328,3933800
2014-06-03,75.5908602154621,75.7347262140392,75.27616191846019,75.4200210571289,4541400
2014-06-04,75.39306376723593,75.88759466655549,74.90752620969758,75.74372863769531,5800100
2014-06-05,75.86060344052845,76.38210052121605,75.43800565624939,76.229248046875,5956000
2014-06-06,76.34615374160222,76.41807989111325,75.77069652614854,76.07640838623047,5302800
2014-06-09,76.06739341927006,77.20031398587129,76.00445376889819,76.858642578125,5667600
2014-06-10,76.78674482411614,76.78674482411614,76.15734117167692,76.20230102539062,4632600
2014-06-11,76.06740021778482,76.25621918577613,75.68076894240033,75.80664825439453,4300900
2014-06-12,75.55488466882154,75.70773712907575,74.26911161510878,74.44894409179688,7231400
2014-06-13,74.40398425764796,74.61977636976611,73.54980228807908,74.44894409179688,4711100
2014-06-16,74.30508448918671,75.02440073787388,74.23315149233636,74.89852142333984,5181100
2014-06-17,74.61078300006172,75.04236718443836,74.27809809384506,74.77262878417969,4535900
2014-06-18,74.79061048537031,75.30312100467751,74.45792557076817,75.1502685546875,4536300
2014-06-19,75.21322856774613,75.45599388582201,74.8535704010446,75.32112121582031,4326900
2014-06-20,75.59086935866955,75.59986269964551,74.4399686704774,74.4669418334961,11073400
2014-06-23,74.49390623490982,74.56583923443873,74.0173621178705,74.4129867553711,3946600
2014-06-24,74.34105682373047,75.1412926117654,74.17021765777626,74.34105682373047,5057100
2014-06-25,74.33204851466249,75.8156338078453,74.16121624301869,75.43799591064453,7899200
2014-06-26,76.13933127629983,76.13933127629983,75.32110890924396,75.93252563476562,6424000
2014-06-27,75.64479156093782,76.77771206578923,75.64479156093782,76.69679260253906,17932200
2014-06-30,76.82270684674397,77.38916392692458,76.49002178446703,77.09244537353516,6991400
2014-07-01,77.15535765955076,78.10845265695323,77.11040468433193,77.74879455566406,5608200
2014-07-02,77.84771159947196,77.96459758328787,77.50603326847234,77.72183227539062,4439600
2014-07-03,77.9556026121459,78.20736811495014,77.77577697005138,78.08148193359375,3210400
2014-07-07,77.87469902513418,78.06351804584328,77.61394698894257,77.8567123413086,4897800
2014-07-08,77.49705880659324,77.61394480853617,77.03849442066218,77.2003402709961,4733600
2014-07-09,77.32621758032207,78.48611166721605,77.19134489860704,78.42317199707031,6311200
2014-07-10,77.80275354948526,78.77382852325084,77.49704857250842,78.09947204589844,7249700
2014-07-11,78.22536339502703,78.54905510269579,77.65890633656163,78.12645721435547,5016000
2014-07-14,78.63896396050795,78.66593712479654,77.91965442647701,78.00956726074219,4012300
2014-07-15,77.84770611436917,77.91064577197515,76.91259773000313,77.46107482910156,7001300
2014-07-16,77.94662172347138,78.79181053383536,76.53496906604825,76.74176788330078,10667200
2014-07-17,76.72378586201032,77.4970485041517,76.31018137945472,76.45404052734375,6885900
2014-07-18,76.82270206735363,77.30823961726306,76.57992986244406,77.15538024902344,4719100
2014-07-21,77.15538504911078,77.32622425134896,76.87665318012019,77.09244537353516,4799800
2014-07-22,77.65888063085166,77.82971291008397,76.88561812514456,77.5150146484375,4984200
2014-07-23,77.60494795173739,77.80276029984218,77.11042394138482,77.3621826171875,3650200
2014-07-24,77.77578686917963,78.18939138656648,77.60494768550984,78.0455322265625,4168200
2014-07-25,77.5959596870354,77.95561100996811,77.37117418024782,77.53302001953125,4659800
2014-07-28,77.71283856493926,78.42316152453382,77.15536808958555,78.36022186279297,4546800
2014-07-29,78.48609543688934,78.49508877645314,77.47006758324078,77.50602722167969,5478700
2014-07-30,77.88367127143177,78.46810799917388,77.40712031787153,78.4141616821289,7294200
2014-07-31,77.85671283556877,78.18040454738498,77.04749041593823,77.21832275390625,6342400
2014-08-01,76.77773876359844,77.33520930171814,76.61589292091269,76.76874542236328,6759200
2014-08-04,77.47905010486294,78.69289020745693,77.33519097873196,78.44113159179688,8262700
2014-08-05,78.35122172506419,78.44113453976362,77.34418036466967,78.00055694580078,9361800
2014-08-06,77.48806764180317,78.7828344808484,77.47907429989037,77.8567123413086,9789500
2014-08-07,78.21636171234464,78.23434839413588,76.63387671017229,76.88563537597656,7916900
2014-08-08,77.01150186967112,78.12643585802864,76.98452871139031,78.09046936035156,6382700
2014-08-11,78.28830300667921,79.10652561706291,78.27032318289392,78.67493438720703,5047900
2014-08-12,78.36021536508393,78.78281314169111,78.02753040352107,78.4141616821289,4510100
2014-08-13,78.89072614730662,79.07954516562982,78.60300094892223,78.76484680175781,4532300
2014-08-14,79.15147720285296,79.94272663357218,78.95366484517315,79.67298126220703,8218000
2014-08-15,80.04161180180769,80.4462297873223,79.74490017765389,80.275390625,8211000
2014-08-18,80.61707353915257,81.25546352429433,80.54514053408927,80.89580535888672,4973300
2014-08-19,81.03966675987823,81.18353277400054,80.59908909646963,81.00370025634766,4153000
2014-08-20,80.8508407767259,80.96773361807941,80.62605529401043,80.7789077758789,3894500
2014-08-21,80.97672491265625,81.39932274287192,80.90479876744148,81.26445007324219,4719100
2014-08-22,81.03966587561122,81.73200905617934,81.03067939475847,81.36335754394531,4756400
2014-08-25,81.77696072990803,81.94779990209962,81.19252392802741,81.26445007324219,3515400
2014-08-26,81.47125508504934,81.52520140849867,80.86883160683534,80.94075775146484,4117700
2014-08-27,81.04865697413875,81.29142914862749,80.90479782547519,81.25546264648438,3739700
2014-08-28,80.90479976725548,81.36335724579088,80.88681308579781,81.12958526611328,2678400
2014-08-29,81.21048204544903,81.26442835491993,80.32033363964366,80.81485748291016,4179400
2014-09-02,81.08462695586697,81.75898346519391,81.05765379307935,81.64209747314453,5602000
2014-09-03,81.87585986262816,81.96577954126184,81.5251950676635,81.7679672241211,3684000
2014-09-04,81.70502927316898,82.00174089517488,80.93176666813004,81.04865264892578,5458700
2014-09-05,81.04865095450171,81.7679672241211,81.01268445502991,81.7679672241211,4597100
2014-09-08,81.60611727830103,81.67804341369781,81.06663353333114,81.42628479003906,4331200
2014-09-09,81.37234711429642,81.40831361576804,80.48219849757746,80.56311798095703,4797700
2014-09-10,80.50915183739468,80.76091042580438,79.79882904300611,80.49116516113281,5078600
2014-09-11,80.20346218999303,80.95874502333989,80.07758286108671,80.89580535888672,4065500
2014-09-12,81.01269181540353,81.10260464229785,80.24842249693829,80.62606048583984,3870200
2014-09-15,80.68899338250678,81.25545717825341,80.52714756370895,80.99470520019531,4910000
2014-09-16,80.662040458708,81.30942389631109,80.43725492397972,81.16555786132812,4324600
2014-09-17,81.44428317837878,81.61511549190386,80.89580601516214,81.21949768066406,4058100
2014-09-18,81.20151194496742,81.37235112039107,80.84186063236255,81.22848510742188,4343600
2014-09-19,81.64209622828854,81.95679455586085,81.27344471605451,81.36335754394531,13382900
2014-09-22,81.36335327910348,81.47125278286207,80.19447285797453,80.28438568115234,5003000
2014-09-23,80.13152305433215,80.23941568452717,79.33128736748247,79.40321350097656,6155800
2014-09-24,79.44817656477301,80.59907706633275,79.34027707028625,80.42823791503906,5607000
2014-09-25,80.25741245211104,80.56311742263803,79.17843799516646,79.18743133544922,7077400
2014-09-26,79.25936549107769,79.92472862360025,79.04357334051258,79.78985595703125,5786400
2014-09-29,79.23239098447283,80.06859327111228,78.54904118272555,79.87078094482422,5188600
2014-09-30,79.87976661025468,80.50917008383274,79.61002814435716,80.05060577392578,4824500
2014-10-01,80.09556328153633,80.23942242050909,78.40517209422484,78.66592407226562,7512500
2014-10-02,78.67492718495036,78.81879320170214,76.11237378576526,78.03653717041016,11051100
2014-10-03,79.21439261772875,79.93370881449282,78.71986873487265,79.52909088134766,7549000
2014-10-06,79.83480399152425,80.1854687567946,79.18742077566893,79.62799835205078,4047800
2014-10-07,79.12449269475188,79.35827152576083,78.26131723399818,78.32425689697266,6217600
2014-10-08,78.27928698875357,79.25935516893665,77.62291728212527,79.223388671875,7008000
2014-10-09,79.15145370450492,79.26834653201809,76.93956563966542,77.06544494628906,8726200
2014-10-10,77.25426383091566,78.22533864670083,76.7867131010419,77.56896209716797,12675300
2014-10-13,77.25427665166416,77.67687447643858,75.31213355769279,75.44700622558594,9039800
2014-10-14,76.2022550328706,76.89459108678683,75.43798600039241,75.65377807617188,8607100
2014-10-15,74.08030652317623,75.31213349436494,70.61861130300993,73.80157470703125,21844400
2014-10-16,71.86842004978004,74.15224154392465,71.5267485607004,73.49586486816406,13216500
2014-10-17,74.34105408642691,76.12135810318794,74.34105408642691,75.37506866455078,12381800
2014-10-20,75.73473562957129,76.97554915197205,75.66280262133985,76.89462280273438,8302100
2014-10-21,77.61393738297515,78.83677105519263,77.55099771719523,78.71089172363281,9170400
2014-10-22,79.07054463987582,79.67296809513469,78.20736919803282,78.31526184082031,9314500
2014-10-23,79.31331373825513,79.69095172588453,78.90870258863919,79.1155014038086,7245300
2014-10-24,79.0435845422347,79.71794111073781,78.74686600571499,79.67298126220703,4937500
2014-10-27,79.54707755921596,80.01462828517725,79.34027192317632,79.52909088134766,5644300
2014-10-28,80.05959700738887,80.88680592356098,79.97867066781312,80.85983276367188,4554400
2014-10-29,80.77889962194057,81.14755106913785,79.97866393304308,80.50016784667969,5442100
2014-10-30,80.41925300250635,81.40830771156305,79.94270889740956,81.1205825805664,4445300
2014-10-31,82.28047468192302,82.70307245962786,81.59712493797673,82.16358184814453,7472200
2014-11-03,82.0377216429071,82.55922569685815,81.82192946399655,82.46031951904297,5447700
2014-11-04,82.69410047224544,82.70309381406778,80.74296375129737,81.23748779296875,7928500
2014-11-05,82.361398452559,82.361398452559,80.55412127362605,81.82191467285156,7021000
2014-11-06,82.08266415691595,82.72105407714844,81.95678484080861,82.72105407714844,9938800
2014-11-07,80.37429813183067,80.94075508914344,79.70893501150809,80.92277526855469,16176300
2014-11-10,81.1385647863762,81.30041060606605,79.97867088858364,80.72496032714844,8155700
2014-11-11,80.93177357753252,80.94975339922513,80.140524224876,80.90480041503906,5896800
2014-11-12,80.71597000990636,81.0306751810225,80.32035221577786,80.8328628540039,5262500
2014-11-13,81.01269271323488,81.56116988125049,80.94975304772042,81.36335754394531,5098800
2014-11-14,81.53419796208492,81.68705045782083,81.26445261439049,81.64209747314453,4281100
2014-11-17,81.37236236964378,81.62412106723497,80.96775115707364,81.29144287109375,4148400
2014-11-18,81.2194822348587,81.54317383880303,81.03964975494092,81.17452239990234,4461600
2014-11-19,81.1565575914439,81.17453741280713,80.19447594065062,80.76093292236328,7710000
2014-11-20,80.24842177094465,80.4372407636872,79.79885078063123,79.93372344970703,8604000
2014-11-21,80.64404757188724,80.74295373994008,79.80784524374636,79.9876708984375,7383500
2014-11-24,80.31135418820978,81.51620790068108,80.31135418820978,81.44427490234375,6504100
2014-11-25,81.5611687783734,82.64912975893134,81.5611687783734,82.40636444091797,7404200
2014-11-26,82.68507538028756,82.97280046893077,82.42432344684414,82.64910888671875,4607200
2014-11-28,83.19761391712194,83.58424527826126,82.9278754144098,83.17963409423828,3853000
2014-12-01,83.2875013282588,83.74606556077737,82.81095727834483,83.3504409790039,6714700
2014-12-02,83.30550476345859,84.34850587989061,83.09869909231901,84.04280090332031,6664200
2014-12-03,84.10573989937271,84.21363940431662,83.17063143625175,83.71910858154297,5492400
2014-12-04,84.1686979174906,84.18667774228118,83.23358925044445,83.8270263671875,6017300
2014-12-05,84.24061105843413,84.50136304578525,83.92590588962193,84.30355072021484,5226800
2014-12-08,84.70818329800784,84.9689353513759,83.98887367552972,84.33953857421875,6682200
2014-12-09,84.07877196702049,84.13271829289302,82.50527343658598,83.5662612915039,9519900
2014-12-10,83.18860241104184,83.46734105419601,82.31644056348003,82.38836669921875,10346100
2014-12-11,82.94382782801426,84.37342956721812,82.55228935067137,83.54480743408203,8227800
2014-12-12,83.02576996656308,84.32788529878796,82.81633581718391,83.30804443359375,7890900
2014-12-15,83.79976229414535,84.4007418739742,82.12431670268003,82.77082061767578,6746800
2014-12-16,82.40658412446244,83.77243910995077,82.06967072708682,82.10609436035156,6549400
2014-12-17,82.27909983633539,83.48105187197905,82.13340531221021,83.20787811279297,6885900
2014-12-18,83.9454659446048,84.3279037475586,83.64497612209867,84.3279037475586,9387500
2014-12-19,84.08203889555783,84.86512972983927,83.66317748721401,84.58285522460938,12837900
2014-12-22,85.0381438482654,85.92139798552037,84.88334859353586,85.77570343017578,7477500
2014-12-23,86.03064395485272,86.5678768409268,85.95779669830468,86.22186279296875,5385800
2014-12-24,86.22186330974824,86.61340863216978,85.93048122890642,85.97600555419922,2165700
2014-12-26,86.26740510272572,86.78642975641567,86.06707857900359,86.5314712524414,3142400
2014-12-29,86.26739936799521,87.35097988495171,86.22187503651077,86.95943450927734,3584400
2014-12-30,86.6953802550201,86.95944642336067,86.04887630374434,86.23098754882812,3490100
2014-12-31,86.62251733757618,86.97763906433785,85.62089177627156,85.76658630371094,4797000
2015-01-02,86.42221624639133,86.75912275565167,84.54643701390053,85.36595153808594,5865400
2015-01-05,84.93796066402398,85.00170028026841,83.5721057898458,84.11844635009766,7789400
2015-01-06,84.2914672551357,84.85602317372597,83.00756712752124,83.67227935791016,6793100
2015-01-07,84.42806548741719,84.81961093011594,83.86350949300765,84.52822875976562,6589500
2015-01-08,85.47521391018236,85.86675931330298,85.19293246796168,85.4023666381836,7579400
2015-01-09,85.63910918124884,86.74999871847729,85.58447025856064,85.82122039794922,8621300
2015-01-12,86.22188535247378,86.28562498185627,85.38415557717724,86.012451171875,6586200
2015-01-13,86.75911013736068,87.80626704668194,86.23097786001982,86.67716217041016,9364300
2015-01-14,85.59359011053027,86.32204897541678,84.94708616781534,85.80302429199219,6509300
2015-01-15,86.1490350148365,86.46773315042132,85.63001035199885,85.91228485107422,5662200
2015-01-16,85.59357979799178,86.71358395207149,85.57537145475777,86.66805267333984,6117000
2015-01-20,86.7044869878544,86.8592822392545,85.36594781458591,86.26741027832031,7940600
2015-01-21,85.93050839779636,86.26741491045169,85.42969203155333,85.7483901977539,7474700
2015-01-22,86.12171480351702,86.85927430216626,85.60269016611609,86.64073944091797,7014200
2015-01-23,86.43130250486053,86.98675075916417,85.98512515122404,86.24919128417969,4664700
2015-01-26,86.00332926297882,86.50414551585696,85.52983594424647,86.4768295288086,5446900
2015-01-27,85.53893767694895,86.26738942058243,85.01080547352423,85.56625366210938,5390000
2015-01-28,85.7210771326613,86.02156696267154,84.32790585346746,84.38253784179688,6198400
2015-01-29,84.78319091038664,85.13831272856673,83.3353806964146,84.88335418701172,7681700
2015-01-30,84.22772572829642,84.62837875483206,82.7070754824512,82.82544708251953,10212300
2015-02-02,83.13504547664219,83.8179729905891,82.00593365167282,83.70870208740234,9392000
2015-02-03,84.16400367259975,85.69376188300696,83.94546877028422,85.68465423583984,12329100
2015-02-04,90.50154235520786,92.82349839315714,89.98251778693765,92.22251892089844,32640500
2015-02-05,91.7490303435719,93.64301056465759,91.5213878554854,93.46089935302734,14089500
2015-02-06,93.4882342830596,93.77961644896756,92.55945580019635,92.8963623046875,8535200
2015-02-09,92.6960256917707,93.3334218917043,92.37732064470636,92.63228607177734,5461800
2015-02-10,92.84172911961213,93.0511633051042,92.1314855335847,92.80530548095703,5726300
2015-02-11,92.88726014517633,92.89636084449063,92.03132200692006,92.75978088378906,5868200
2015-02-12,93.0238409332468,94.56269961507063,92.60497259098892,94.31684875488281,6816800
2015-02-13,94.45342650607063,95.07261436657822,94.1802527348976,94.85407257080078,5175600
2015-02-17,94.9087188637628,95.10903843813561,94.30773929935002,94.80855560302734,4759300
2015-02-18,94.15294646350911,94.9997769050188,94.15294646350911,94.57180786132812,3760200
2015-02-19,94.69926907917782,94.77211633808047,94.28951540527018,94.59910583496094,5094100
2015-02-20,94.57180060827966,95.32757537440446,93.54285901083952,95.2000961303711,5197000
2015-02-23,95.39130371147304,95.81927267171181,95.09992162428235,95.6007308959961,5587100
2015-02-24,95.19099271472797,95.65538537982502,95.01798218423929,95.30936431884766,4098800
2015-02-25,95.31846897882934,96.50221277134091,95.30936133353677,96.12887573242188,6547200
2015-02-26,96.06514372828147,96.2563626120035,94.82676785999736,95.2092056274414,5049000
2015-02-27,95.3093735433513,95.73734261465597,94.66286958671401,94.77214050292969,4161600
2015-03-02,95.0179864411592,96.50222011743004,95.0179864411592,96.4202651977539,5635500
2015-03-03,96.32009433086414,97.10318509348075,95.80106970420874,96.83911895751953,4671900
2015-03-04,96.39294186912362,96.5204211148282,95.4095245904615,96.12887573242188,4972300
2015-03-05,96.10154621064382,96.34739702213976,95.49146605681209,95.63715362548828,3954700
2015-03-06,95.30936061613566,95.60985038464803,94.23488773392903,94.5353775024414,5704200
2015-03-09,94.64465123070286,95.9922909860014,94.53538032604433,95.84660339355469,4868900
2015-03-10,94.9451471962476,95.017994476098,93.87067413330078,93.87067413330078,6472600
2015-03-11,94.25310111886363,94.6992784664509,93.67033688406866,93.68854522705078,4831900
2015-03-12,94.56268540687978,97.73147180545253,94.52626177619535,97.58577728271484,10730400
2015-03-13,97.6859416963912,97.6859416963912,96.08333666263245,96.92106628417969,8024200
2015-03-16,97.28529064790652,98.09570429910548,96.5659464969739,97.76789855957031,6407300
2015-03-17,97.43100066400557,97.6222195512831,96.6570174687112,97.39457702636719,4489400
2015-03-18,97.33995258588581,98.72401618789587,96.27458715403276,98.31426239013672,5520600
2015-03-19,98.19586060281586,98.77863176528747,97.5584644132183,97.76789855957031,4885600
2015-03-20,98.18676789253763,99.19750118047658,97.88627811566973,98.73310852050781,8710100
2015-03-23,98.88790712721796,99.11554964221943,98.3779901166861,98.5418930053711,5667000
2015-03-24,98.08660673259948,98.38709651589775,97.50384245734728,97.53115844726562,4493500
2015-03-25,97.84075731230634,97.84986495875886,95.60986328125,95.60986328125,6964700
2015-03-26,95.12724098589557,96.35650899276584,94.79032761336488,95.82837677001953,5915800
2015-03-27,95.7919477472734,96.93016008717493,95.50056566614248,96.04691314697266,5330400
2015-03-30,96.5750607780254,97.38546759611172,96.56596007910643,96.62969970703125,3831900
2015-03-31,96.15619321491313,96.81180474420562,95.50968933105469,95.50968933105469,5701600
2015-04-01,96.00139040215966,96.52041499737486,94.92691757996536,96.010498046875,6117200
2015-04-02,96.05602363257378,96.73895110610987,95.48236705575859,96.52041625976562,3651600
2015-04-06,95.8921276947662,97.03944787845403,95.64627684323925,96.18350982666016,4153500
2015-04-07,96.338301926797,96.89375014305868,95.97407256328317,96.00138854980469,4694600
2015-04-08,95.81929437520982,97.14872588333307,95.75555474629633,96.84823608398438,4277400
2015-04-09,96.98482202559454,97.4309994235616,96.41115842396701,97.22156524658203,3924400
2015-04-10,97.18515556044194,97.52206207116524,96.89377338914394,97.3854751586914,3251500
2015-04-13,97.49472683785474,98.25050158357475,96.94838624287674,96.98480987548828,4201500
2015-04-14,96.89377165023231,97.70417851670767,96.6205978301872,97.12141418457031,5389300
2015-04-15,97.35814183819427,97.82253447911492,97.30350986176751,97.41278076171875,4307300
2015-04-16,97.56758601482736,98.61474300218654,97.33994349353615,98.43262481689453,6379100
2015-04-17,98.15946079650412,98.15946079650412,96.55685545510973,97.14872741699219,9663500
2015-04-20,98.18677123773666,98.79685151063703,97.72237856194616,98.5418930053711,8094200
2015-04-21,99.18839103537692,99.24302301266778,97.959122916648,98.05017852783203,4579400
2015-04-22,98.3597665884374,98.5692007414239,97.40367227375377,98.28692626953125,4060500
2015-04-23,98.30514253737029,100.07165067133263,97.98644440678383,99.25213623046875,5983800
2015-04-24,99.73474884033203,100.59979466342824,99.42515831952429,99.73474884033203,6355600
2015-04-27,101.52856358368771,101.67425813061233,100.22644809571703,100.30840301513672,8479100
2015-04-28,100.84561844947547,101.20984780620677,99.15195784570747,100.08984375,7324500
2015-04-29,99.85313559820008,100.50874033376343,99.48890611370962,99.98971557617188,6024700
2015-04-30,99.87131584316785,100.33570847889399,98.05017588027063,98.9971694946289,7770300
2015-05-01,100.117175294976,100.77278684955989,99.49798737643546,100.63619995117188,6205100
2015-05-04,101.51034660555212,101.5558709372705,100.61798494927892,101.1005859375,7566200
2015-05-05,103.14026232379514,103.16758525974949,100.6726184220253,100.90026092529297,14619300
2015-05-06,101.58319089128193,101.9474202947365,99.45246034378441,99.90774536132812,8975300
2015-05-07,99.79847444946988,99.96237733365854,98.99717531960196,99.48888397216797,8291200
2015-05-08,100.39945768825562,100.8001037943299,99.77116211798014,100.26287078857422,6260600
2015-05-11,100.2901876872507,100.2901876872507,98.78774567134671,98.88790893554688,6728500
2015-05-12,98.8879007330733,99.8531096582954,98.04107035414042,99.47066497802734,6345000
2015-05-13,99.88951841325554,100.04432058094967,99.05179574603994,99.42513275146484,4141400
2015-05-14,99.88044124604,100.16271576740375,99.2612532706848,100.0989761352539,4662000
2015-05-15,100.25377199972318,100.79101200004018,99.87133420450704,100.4358901977539,5852200
2015-05-18,100.59068269174497,100.83653356845737,100.17182126843207,100.46320343017578,4868900
2015-05-19,100.79100123351353,101.06416808073148,100.59067471062812,100.67262268066406,4549600
2015-05-20,100.87295041882255,100.90026640916362,100.18091522608971,100.34481811523438,4393500
2015-05-21,100.19913175859651,100.74547241347861,100.07165250402728,100.51782989501953,4880600
2015-05-22,100.43588347603567,100.98222413936591,100.27198058232675,100.39945983886719,4267700
2015-05-26,100.31749848606515,100.93668638402977,99.03359835691819,99.65278625488281,5970800
2015-05-27,99.71652016459161,100.71814575025515,99.5253013030002,100.4996109008789,3984200
2015-05-28,100.26286408299579,100.65440946411017,99.79847143397689,100.64530181884766,3392000
2015-05-29,100.46318726813325,100.63619083980305,99.62546455627631,100.4996109008789,5264900
2015-06-01,101.51035794802408,101.77441716395013,100.66352747594468,101.03685760498047,6778900
2015-06-02,101.00042206272441,101.30091182803461,100.18090767874098,100.84562683105469,4425900
2015-06-03,100.8456277570513,101.81993738165087,100.61798525647106,101.22806549072266,4510300
2015-06-04,101.02775523683175,101.30092906032839,100.15360872758102,100.4358901977539,5748200
2015-06-05,100.4358901977539,100.86385233215356,99.98060512332547,100.4358901977539,4323500
2015-06-08,100.19002474770657,100.3812436307724,99.44335756031214,99.51620483398438,6068100
2015-06-09,99.57082294587512,99.62546186706751,98.02285680500673,98.81504821777344,7711800
2015-06-10,99.16107125941464,100.3903393311934,99.00627603160419,100.1626968383789,5128700
2015-06-11,100.1718161016384,101.0368548958254,100.1718161016384,100.72726440429688,5036300
2015-06-12,100.46320095528233,100.64531219672384,99.7438497415208,100.11717987060547,4009900
2015-06-15,99.49798468389656,100.53604091529546,99.18839420655331,100.32660675048828,5742200
2015-06-16,100.4813953215186,101.33733332083163,100.07164161173125,101.12789916992188,3848300
2015-06-17,101.25539641218049,101.92922331518297,100.96401424634928,101.51946258544922,4732300
2015-06-18,101.82904247614053,103.39522395243695,101.60139998126252,103.09473419189453,6929900
2015-06-19,102.73962739815758,103.33149936034212,102.3480819721369,102.54840850830078,9587700
2015-06-22,103.25863493682121,104.23294451692425,103.14025639578321,103.37700653076172,5906200
2015-06-23,103.74124516150181,104.27847815166726,103.55002628633625,104.1783218383789,6003100
2015-06-24,104.0781584945381,104.31490170335434,103.54091855770534,103.59555053710938,5636200
2015-06-25,104.36954676377728,104.9705194138359,104.16011258525627,104.2147445678711,6213500
2015-06-26,104.68823544309512,104.87945431205821,104.17831845919355,104.7064437866211,9509600
2015-06-29,103.95068236757386,104.88856842671048,102.89441775337451,102.93994903564453,7618200
2015-06-30,103.74124572340808,104.58807614492703,103.39523160653405,103.93246459960938,6946700
2015-07-01,105.27879313369984,105.55355572668807,104.72011431879261,105.44364929199219,5435400
2015-07-02,105.67259761159178,105.93819954245512,104.82084210485826,105.2970962524414,5549500
2015-07-06,104.83917937547835,106.11223252293304,104.65600198780326,105.96569061279297,5880500
2015-07-07,106.62510520260898,107.33032585068409,105.19635665066784,107.24789428710938,8359900
2015-07-08,106.69837057887226,106.8632267099105,105.42531761766098,105.49858856201172,8445200
2015-07-09,107.00061789581322,107.3486444324663,105.79167515204162,105.87409973144531,7016800
2015-07-10,107.2021037319408,107.5501302498107,105.93820434927753,106.64342498779297,7020700
2015-07-13,107.84320314999304,108.35608578672279,107.3852702279124,108.11796569824219,7595200
2015-07-14,108.0996477013209,108.20039350619183,107.79741028670814,107.9347915649414,5061700
2015-07-15,108.10880438307943,108.89644956295672,107.93478763781529,108.34693145751953,4845200
2015-07-16,108.98805183118604,109.12543312595282,108.56675431807004,109.05216217041016,6303000
2015-07-17,108.70413722146687,108.89646824198536,108.09966231054902,108.85983276367188,5109900
2015-07-20,109.25363178393131,109.81231047921037,108.88728406755959,109.51923370361328,6951000
2015-07-21,109.68410124158459,109.72073671578461,108.83234568206505,109.27195739746094,4785200
2015-07-22,109.24448711158242,109.62914912553104,108.92393543329189,109.290283203125,4714100
2015-07-23,109.26281887380856,109.60168482887407,108.59423360536307,108.80488586425781,3347200
2015-07-24,109.30860831718014,109.72075221954053,108.60339455481265,108.90563201904297,4320900
2015-07-27,108.64918165672796,108.804884188079,107.87069694998519,108.30115509033203,5179300
2015-07-28,108.69496848960458,108.89646011153339,107.95311932477807,108.49347686767578,6447300
2015-07-29,108.8506646784568,109.77569122676833,108.44768841966469,109.75736999511719,6083500
2015-07-30,109.63831203049529,110.22446567946564,108.99720866052854,109.93138885498047,4430100
2015-07-31,110.0138141991556,110.56333234053454,109.53756001912552,109.9039077758789,5767300
2015-08-03,110.70988225305425,111.48837396196213,110.05961821576315,110.92969512939453,8426900
2015-08-04,111.27769682069487,111.80890067181875,110.4625768021607,111.45171356201172,12624400
2015-08-05,101.50542205712709,104.36291926865879,100.28731870092801,101.23065948486328,61011200
2015-08-06,101.11159443611915,101.11159443611915,95.46985726764447,99.41724395751953,57175200
2015-08-07,99.60040714175527,100.34225621412092,98.6021167598065,100.1499252319336,15791600
2015-08-10,100.74525919046488,101.66112518310547,100.50713207587748,101.66112518310547,11617000
2015-08-11,101.05663594857064,101.1940172254927,98.86771709545239,98.91351318359375,13574000
2015-08-12,97.99764785883131,98.40063107668136,96.63300967225096,97.98848724365234,16923500
2015-08-13,98.18998364442336,99.38061212572039,97.76868616315735,98.4738998413086,9754500
2015-08-14,98.55634008797698,98.61128981156843,97.55804252188008,98.14420318603516,7104500
2015-08-17,98.27242522459497,100.08583600321109,97.85112071289315,99.87519073486328,7954000
2015-08-18,98.95014664882552,99.14247763761306,97.8144749584841,97.94269561767578,12021500
2015-08-19,97.61300168545796,98.68456324743163,96.87114546081965,97.49393463134766,9484400
2015-08-20,95.56145253925605,96.16592743714807,91.3667916815474,91.60491180419922,34651300
2015-08-21,89.29692066232163,92.16357826654469,88.48180061219905,90.52417755126953,30875700
2015-08-24,85.52355002211306,91.58658442665852,82.42792598399267,87.33696746826172,30159200
2015-08-25,91.33931666927243,91.66902199143779,87.66669215671998,87.8223876953125,19079400
2015-08-26,90.38680215142602,91.11949063226913,88.1612478766429,90.8813705444336,13755900
2015-08-27,92.82300303452303,93.98615658372213,91.38509392124287,93.57401275634766,17532200
2015-08-28,93.59234633165899,94.64558661414918,93.2443127887466,93.85794830322266,11005200
2015-08-31,93.69308727437232,93.83962218942136,92.42003419284147,93.30841827392578,8518200
2015-09-01,90.95463239681905,92.81383889441261,90.81725811374696,91.13780975341797,14212600
2015-09-02,92.429174972874,93.36336200302578,91.17444329732912,93.31756591796875,12148200
2015-09-03,93.60149543589054,94.36166583629272,92.9237566028525,93.40916442871094,8953300
2015-09-04,92.46580734233848,93.25345246389328,91.91628927759129,92.47496795654297,9213800
2015-09-08,94.28840123340119,95.38744461807474,93.89457857670618,95.25922393798828,8571500
2015-09-09,95.93696305639328,96.12013346054509,93.12525472889457,93.33590698242188,9577500
2015-09-10,93.28095023488869,94.53568916409988,92.80470299177743,93.96784973144531,9026100
2015-09-11,93.73888297007643,95.70799625219149,93.60150167364924,95.68968200683594,9529800
2015-09-14,95.8453678226529,96.07433429762939,94.32502707480802,95.08519744873047,6959800
2015-09-15,94.56315594038317,95.06688498978812,93.2626280151044,94.72801208496094,9171400
2015-09-16,94.62727102525038,95.31417049755548,94.10522770579863,95.21342468261719,6509700
2015-09-17,95.43321990966797,97.03598516622431,95.02108306726856,95.43321990966797,7792600
2015-09-18,94.51738020684925,95.44240693885295,93.7755308902197,94.18766784667969,13559400
2015-09-21,94.95695932291079,95.09434058013814,93.83960201246309,94.70967864990234,7152300
2015-09-22,93.58318735510154,94.10523069111417,92.9420839556134,93.86710357666016,8330100
2015-09-23,93.82131151882653,93.99532130035605,92.85048884620208,93.02450561523438,5818000
2015-09-24,92.50245309063641,92.8046905054578,90.89052719909107,92.15442657470703,10706800
2015-09-25,92.96954017352849,93.2351420964828,91.20191888369581,91.86134338378906,7179800
2015-09-28,91.49501826172416,91.94379066221492,90.02963400374176,90.20364379882812,8238300
2015-09-29,90.22195503856283,91.64154304256111,89.54420921697398,91.05538940429688,9466900
2015-09-30,92.3009659115179,93.8121460706646,92.04452457299651,93.60149383544922,9190000
2015-10-01,94.30670682236797,94.7646397431428,92.57572094083928,94.03194427490234,7503700
2015-10-02,92.6947895227745,94.34335098441214,91.4766861643146,94.33419036865234,9105600
2015-10-05,94.97528961798673,95.43322256115447,93.97699915588213,95.1126708984375,7144600
2015-10-06,95.42405950873557,95.7171362839171,94.52650795427253,95.03939056396484,5660600
2015-10-07,95.69881912382886,95.79040430981048,94.02278995660984,94.69136810302734,6947200
2015-10-08,94.51734929677788,96.06516475986277,94.05941638935647,95.80872344970703,7499100
2015-10-09,96.24834439779927,97.12758181373182,95.86368239551773,96.67880249023438,7341800
2015-10-12,96.99935988002454,97.72288778498877,96.73375793310632,97.40233612060547,5179000
2015-10-13,96.84365439104997,98.35483446240566,96.44983179048457,97.62213897705078,8342700
2015-10-14,97.53970914639035,97.86026078364343,96.37656263764303,96.8344955444336,5563600
2015-10-15,97.53972910522455,98.9135281067066,97.31992322148828,98.81278228759766,6739200
2015-10-16,99.16080616011129,99.37145840912036,98.41895695545426,99.13333129882812,5908900
2015-10-19,99.14249193920013,100.71778253651168,98.85857572253452,100.25984954833984,8001900
2015-10-20,100.33310652990347,101.23065114871623,100.20488587007307,100.59870147705078,9674400
2015-10-21,101.35887877151276,102.173998873931,100.75441090328798,100.82767486572266,8769800
2015-10-22,101.35888868566936,103.8134098486244,101.10244732330888,103.7218246459961,10028900
2015-10-23,104.60103622825554,104.60103622825554,102.43959229759317,103.57526397705078,7928400
2015-10-26,103.55695646501728,104.02405002795378,102.6868866597945,103.9690933227539,5729600
2015-10-27,103.75846256287237,104.65600735222633,103.72182708345949,104.19807434082031,5857600
2015-10-28,104.38124210705396,104.83001446032455,103.364630356531,104.72010803222656,6452900
2015-10-29,104.72010336334782,105.6909259661734,104.59188269670143,105.36121368408203,6125100
2015-10-30,105.32457091027318,105.54437675393325,104.1064676740496,104.17057800292969,8501600
2015-11-02,104.8574846454696,105.60849440189942,104.41787292768262,105.36121368408203,6949500
2015-11-03,105.29710192763137,106.60679042282052,104.90327931753946,105.81914520263672,7132100
2015-11-04,106.82660983136607,107.00062660761198,101.4871093668496,103.7218246459961,20740800
2015-11-05,103.73098600525987,104.34461455351665,102.21064507823223,103.49285888671875,14843700
2015-11-06,104.9582332765317,106.92734640657294,104.93075841686873,105.9382095336914,16803400
2015-11-09,106.14885202087342,106.90902234340794,105.48942749951827,106.6250991821289,9317500
2015-11-10,106.3961374997396,107.62340141125424,105.79166965302508,107.54096984863281,8240500
2015-11-11,107.6600377964535,107.68751265505921,106.6342654876594,106.71669006347656,6381700
2015-11-12,105.87409863626424,107.14715170223751,105.32458048341645,106.43277740478516,7223000
2015-11-13,106.16717642751334,106.625109390352,104.75674206346999,105.17803955078125,8078100
2015-11-16,103.9233065940392,106.3137171935123,103.80423955297196,106.16717529296875,5770200
2015-11-17,106.3411904561653,107.66003959124379,105.79167231238337,106.35950469970703,6434400
2015-11-18,106.44194788841074,108.32862961684827,106.28625234504518,108.20040893554688,6744600
2015-11-19,108.20039933156224,109.13458648384221,107.74246637113156,108.72244262695312,6101000
2015-11-20,109.08877959026972,110.13286607766071,108.89644860443472,109.96800994873047,10821700
2015-11-23,110.17867769781927,110.4992293860709,108.98804915573866,109.37271118164062,6986400
2015-11-24,107.9805857166395,108.59421416257221,107.41274637096181,108.02637481689453,9158200
2015-11-25,108.33777974279656,109.299434759438,108.20955907391102,108.68580627441406,4751500
2015-11-27,106.24045522165568,106.69838821830075,104.13396064208717,105.44364929199219,14912000
2015-11-30,105.83745024686412,105.85577147597488,103.77675218450305,103.92329406738281,16560300
2015-12-01,104.54609096747868,105.74587302702484,104.09731864549228,105.6817626953125,8896100
2015-12-02,105.68175963467404,105.75503057950961,104.2530111478899,104.40870666503906,7787800
2015-12-03,104.56440755870582,105.00402626282177,102.06409757827204,102.47623443603516,10446600
2015-12-04,103.25471831806142,104.69262748357697,103.06238731996724,104.6285171508789,8771300
2015-12-07,104.92159178262919,104.92159178262919,103.17229160524005,104.25301361083984,6738500
2015-12-08,103.81340812780634,103.90499332891652,102.9433382360052,103.01660919189453,7480600
2015-12-09,102.93416290291475,103.54779134887436,101.276447941068,102.09156799316406,9050700
2015-12-10,102.4510524319945,102.84739955935895,101.54774722347987,102.0915756225586,7030200
2015-12-11,102.09155947348434,102.09155947348434,99.19730678070529,99.58443450927734,12334900
2015-12-14,100.17435393621133,101.2712229591746,99.80565781626377,100.79191589355469,9702600
2015-12-15,103.28061217269324,104.47886580398819,102.84739474766819,103.38200378417969,13361700
2015-12-16,105.71397906767531,105.76928101656603,103.0501607009526,104.88441467285156,12304500
2015-12-17,105.19782924162413,105.52044278054683,103.21610054420998,103.2437515258789,9375000
2015-12-18,103.24374148287446,103.64008859026163,98.94844459666497,99.28948974609375,28376900
2015-12-21,100.28496937642741,101.48322302959302,97.08654146839845,98.2479248046875,22847200
2015-12-22,98.61661889385701,98.81018277922009,97.54740785580947,98.38618469238281,8644500
2015-12-23,98.819405394651,98.84705637457822,96.13715485730049,97.29853820800781,12372900
2015-12-24,96.96670832131389,98.2940115605575,96.83766573219783,97.57505798339844,4356100
2015-12-28,98.16497482619918,99.73192466308943,98.00828124896898,98.85627746582031,9092700
2015-12-29,99.43697023183508,99.5844515053911,98.11888623667838,98.6995849609375,8607200
2015-12-30,98.52443694927247,98.81939241691698,97.93452601398344,98.0174789428711,4917000
2015-12-31,97.83315613347335,97.98984972213427,96.8376785720488,96.85611724853516,6670100
2016-01-04,95.04949851819235,95.33523466735258,93.76828496691502,94.92045593261719,12531500
2016-01-05,94.63471349878975,94.63471349878975,92.07228637599157,93.00324249267578,16212900
2016-01-06,91.60220323913386,93.51941752502466,91.58377159682259,92.50550842285156,13934500
2016-01-07,91.2150680123689,93.41801828412683,90.80950159169605,91.71280670166016,14680200
2016-01-08,92.7543780683881,93.02168260275337,91.25194951208772,91.48238372802734,10691600
2016-01-11,92.36724960077822,92.58846447742708,90.83717007487358,92.09994506835938,9583200
2016-01-12,93.06776014427913,93.87888594717687,92.48706149503225,93.5194091796875,8863900
2016-01-13,93.90654356767986,93.90654356767986,90.44081822915096,90.77264404296875,11615400
2016-01-14,90.92933444603995,92.09072475395566,89.58359959566491,91.35333251953125,11147500
2016-01-15,88.13649037606712,89.29787387884696,86.14553517308185,86.55110168457031,22337000
2016-01-19,87.56499599410108,87.62951728880499,85.74917337305642,86.61560821533203,13286800
2016-01-20,84.96570529084582,86.31144028244402,83.34344642424631,85.29753112792969,16918100
2016-01-21,85.6017131495414,87.43596771252912,85.07632336889488,86.66170501708984,12078200
2016-01-22,88.44064523839418,89.79559949160111,88.07195613551094,89.31629943847656,12303800
2016-01-25,88.87386602452236,89.11351957627775,87.67561233033365,87.83230590820312,7812200
2016-01-26,88.01664214810164,88.88307696174182,87.64794603385305,88.735595703125,6915600
2016-01-27,88.77247926848473,89.06743479745171,86.52344599722188,86.93822479248047,6328900
2016-01-28,87.74934368411925,87.74934368411925,85.1408337914083,86.21004486083984,7312700
2016-01-29,86.83683429662868,88.32083129882812,86.30222519584866,88.32083129882812,8211600
2016-02-01,87.63874865493615,88.21944038697569,87.28848412221528,87.7032699584961,7027200
2016-02-02,86.64324855545792,86.79994210445687,85.60168863104433,85.83212280273438,7244400
2016-02-03,86.73543127740575,87.94291126463497,85.18691317561567,87.69403839111328,10878000
2016-02-04,87.44517150756397,89.15960249383508,87.19629863700877,87.96134185791016,8350300
2016-02-05,87.85996647599865,87.92448778170863,86.15475451169611,86.55110168457031,8898500
2016-02-08,85.3159521531857,85.68464826320324,82.50465925792545,84.91039276123047,13750100
2016-02-09,83.09456718589689,85.90585997847094,82.07143885830871,85.09473419189453,19237400
2016-02-10,81.11284162364166,82.98396627683817,79.49980215953515,81.89631652832031,32649800
2016-02-11,80.19111088921014,83.93336048037236,80.15424056906389,83.24205780029297,17523800
2016-02-12,84.35735742493412,84.42187872620725,82.59684361459911,84.01631927490234,10786100
2016-02-16,85.2330062352435,86.00726180093915,84.60622490631626,85.6385726928711,9050900
2016-02-17,86.33909859652606,88.89231389136839,86.2377069692337,88.02587890625,12610000
2016-02-18,88.80012538065496,88.90151699745456,87.05804328443493,87.72169494628906,8773900
2016-02-19,87.7770019790699,88.2286510596294,87.15943295445868,87.57421875,6838200
2016-02-22,87.57421149230278,89.40846567473193,87.57421149230278,88.82777404785156,6980400
2016-02-23,88.94760814315106,89.2425636608832,87.70326477247774,87.9152603149414,6253800
2016-02-24,87.24238828927264,88.25629734843564,85.93352373958417,87.96134185791016,6945600
2016-02-25,88.4129970199983,88.44064800034869,86.96587044587758,88.16413116455078,4562300
2016-02-26,88.21943467857373,88.68952244968955,87.82308754455337,87.85073852539062,5277000
2016-02-29,87.8507247674123,88.75402984963293,87.7769911741582,88.0442886352539,7794400
2016-03-01,88.39455949576147,90.01681821388786,88.05351435211239,90.00759887695312,7139900
2016-03-02,90.02603212588336,90.17351339029786,88.86464881394106,89.4084701538086,6498600
2016-03-03,90.13664128684644,91.10446069427383,89.30707677169895,91.08602905273438,8581300
2016-03-04,91.25194408943126,91.44550797544268,90.23803500600744,90.77264404296875,6739800
2016-03-07,90.85560335204715,91.90638282539753,90.77265040892205,91.6114273071289,7218700
2016-03-08,91.18741205247571,91.23350170041319,89.96150055318518,90.1642837524414,6229300
2016-03-09,90.3302023078488,90.55141716078505,89.23333331520531,90.01681518554688,7010700
2016-03-10,90.27490757280374,90.71733731406144,88.3669126119318,89.44534301757812,5453500
2016-03-11,89.93386480462422,90.65281842750487,89.90621382409714,90.27490997314453,5605800
2016-03-14,90.27490621307916,91.45472821505442,90.18272690543611,91.07681274414062,6175000
2016-03-15,90.34863128374721,90.63437445233345,89.76793967480846,90.5514144897461,5942400
2016-03-16,90.47770122048435,91.3256975157958,89.84170048285338,90.73578643798828,6079400
2016-03-17,90.58830026441683,92.09073589313795,90.58830026441683,91.80499267578125,6385600
2016-03-18,92.1552475309422,92.31194109778511,91.21507206529759,91.43628692626953,10205100
2016-03-21,91.17819421225981,91.3625457747412,90.053674294149,90.75419616699219,7070300
2016-03-22,89.95229702216866,90.62516802590059,89.81404211865008,89.94308471679688,6475700
2016-03-23,90.07211515368729,90.19193839798997,89.17802939274812,89.25177001953125,5517700
2016-03-24,88.9936898696286,89.86011767009575,88.76325567217465,89.61125183105469,5577700
2016-03-28,89.86935604454341,90.75422270633734,89.82326638237176,90.41317749023438,5317100
2016-03-29,90.33020276343251,90.67124789732824,89.740291797765,90.4776840209961,5170800
2016-03-30,91.15977175174149,91.3348969633672,90.65281369423444,91.16899108886719,5677500
2016-03-31,91.26114193321106,92.51470426078049,91.26114193321106,91.53765869140625,7038800
2016-04-01,91.06760143576064,91.56533313455186,90.864818208397,91.31646728515625,5895500
2016-04-04,91.52847248456685,91.65751508164124,90.86482082401623,90.95699310302734,5334700
2016-04-05,89.27020822649344,89.9707301678748,88.62499527541438,89.4084701538086,10818800
2016-04-06,89.37160688660764,89.98916890739066,89.25178362404048,89.85091400146484,6952400
2016-04-07,89.5098634778563,89.79559964275997,88.41299440773876,88.63421630859375,7525400
2016-04-08,89.06743475612654,89.26099866264371,88.30239846816666,88.87387084960938,6982700
2016-04-11,89.34394534647919,89.99837760893105,88.6710744105535,88.735595703125,5916600
2016-04-12,88.74481342803463,89.89698436895178,88.55124955383576,89.73107147216797,6277200
2016-04-13,90.35785910890078,91.99854951914783,90.29333781295715,91.69438171386719,7967400
2016-04-14,91.98012978242568,92.05387042513266,90.56987339405458,90.9109115600586,6676200
2016-04-15,90.79107050492524,91.1505472773359,90.49611502417052,90.8740234375,6146800
2016-04-18,91.8049947942561,93.97107512546467,91.71282250975044,93.5378646850586,10665200
2016-04-19,94.0171750575884,95.52882319200914,93.95265374815442,94.60708618164062,10639800
2016-04-20,94.95732519176997,95.38133032225376,93.98028640169305,95.18775939941406,7712000
2016-04-21,95.27072820114111,95.97125022634945,94.61629583465098,94.85594940185547,6824800
2016-04-22,94.99419592615456,95.85141146364789,94.87437266927908,95.64862823486328,5731300
2016-04-25,95.399766302824,96.43211413163992,95.26150436549149,96.38602447509766,6117100
2016-04-26,96.39523308992827,97.30775052314424,96.0265369754865,96.68096923828125,6452900
2016-04-27,96.95750573457902,97.33541420278394,96.56115859048445,97.04045867919922,5996100
2016-04-28,96.35836286866066,97.23400998805192,95.67627962727295,95.88827514648438,5658300
2016-04-29,95.81455205595603,96.05420562928819,94.38586401899086,95.17855834960938,7006900
2016-05-02,95.21542028686287,96.38602300283651,94.75455185765693,96.19245910644531,5285700
2016-05-03,95.75001681754235,95.8514084287243,95.11402320374808,95.65784454345703,6243300
2016-05-04,95.2246316910596,96.3030691497395,95.12324007501026,95.55645751953125,6445100
2016-05-05,95.84220252075062,96.9021942919197,95.35367607413448,96.71784973144531,6466000
2016-05-06,96.33071778392979,97.46445014335082,96.22010683303515,97.28010559082031,7407500
2016-05-09,97.71331788769403,98.33087984172735,96.7547107938858,97.09574890136719,8130300
2016-05-10,97.27089057500343,98.39541067936324,97.19714993779756,98.25714874267578,15177200
2016-05-11,93.51942627952073,94.47803351220283,92.74517064867821,94.28446960449219,27068100
2016-05-12,94.47802031499776,94.80062678278539,93.21523838989357,93.74984741210938,11251700
2016-05-13,93.7498382762337,94.0540130729176,92.50549514614576,92.65296936035156,9570200
2016-05-16,92.55159807707058,92.7912445885865,91.59299093412517,92.50550842285156,9113000
2016-05-17,92.90186025033682,93.3627286867217,91.75890849714474,92.1183853149414,8694400
2016-05-18,91.7957668457853,91.96167975525087,90.6620344913487,91.25194549560547,9323100
2016-05-19,90.86481582234104,90.89246680129291,89.87855772339327,90.70812225341797,7063500
2016-05-20,91.25195544335668,92.10917106366182,91.03995285670287,91.97090911865234,7297000
2016-05-23,91.8049897314279,92.47786073257164,91.36255997728185,91.41786193847656,5588600
2016-05-24,91.6667140250741,92.21054234686817,91.6021927359419,91.7220230102539,5250800
2016-05-25,92.09994154637623,92.91107445022716,91.99854993339486,92.04463958740234,5667300
2016-05-26,92.07230631993914,92.62534710118175,91.7773507677901,91.99856567382812,3852600
2016-05-27,91.99856505071538,92.66221679662956,91.99856505071538,92.44100189208984,4589100
2016-05-31,92.03541882999865,92.07228914617694,90.85559684146845,91.45472717285156,10396200
2016-06-01,90.94777120811976,91.24272671203808,90.08134337102501,90.80950927734375,7243900
2016-06-02,90.39472800886142,90.99385833740234,90.21038346113824,90.99385833740234,4830100
2016-06-03,90.93855432826743,91.17820082844318,90.08133883933253,91.0215072631836,6857500
2016-06-06,91.21507673064764,91.36255800036787,90.76342764864391,91.04916381835938,4986600
2016-06-07,91.2519394448702,91.28880975922819,90.62515816537127,90.6528091430664,5608400
2016-06-08,90.78185178938013,91.08602660882188,90.05367890297111,90.36707305908203,5466200
2016-06-09,90.16429998530037,90.26569160318267,89.50064831635957,90.18273162841797,5379400
2016-06-10,89.54672995660408,90.06290030522105,89.20568481495725,89.72185516357422,7204400
2016-06-13,89.17803687162764,91.2335130637566,89.13194721794957,89.9338607788086,8766300
2016-06-14,89.59280998740768,90.83716023546911,89.57437834647266,90.69889831542969,6125700
2016-06-15,90.50533744643937,91.2519419942401,90.50533744643937,90.57907104492188,6663200
2016-06-16,90.14587127231901,90.91090755171494,89.27943633945067,90.68047332763672,7129700
2016-06-17,90.70812414542566,91.38098808826827,90.57907452046898,91.25194549560547,8959400
2016-06-20,92.24743154264354,93.05855749095662,91.71282244766026,91.77734375,8268600
2016-06-21,91.92481290479839,91.98011486171035,91.03993940044533,91.08602905273438,5202500
2016-06-22,91.32569229700015,91.82343105901228,90.97542777986511,91.05838775634766,4948900
2016-06-23,91.65751292721055,91.82342583844839,90.89246966804198,91.27037811279297,5826100
2016-06-24,88.4959421811156,89.66654469121183,87.69402872370632,88.2286376953125,15079900
2016-06-27,87.48204141657823,87.7769969057337,86.64325756886807,86.99351501464844,9438400
2016-06-28,87.98900087391002,88.7448248269424,87.69404535644114,88.53282928466797,7143100
2016-06-29,89.32551624221715,89.6757736929395,88.74481756028791,89.3900375366211,6563600
2016-06-30,89.50063220298208,90.39471792754294,89.29784900372584,90.1642837524414,7189500
2016-07-01,90.09977157344998,90.92011675716184,90.06290125783113,90.35785675048828,5681600
2016-07-05,90.11819975924372,90.3302023078488,89.5651591107564,90.01681518554688,5846400
2016-07-06,89.40846438920903,90.80950114934635,89.18724953914382,90.74497985839844,6223300
2016-07-07,90.64285169777608,91.43202489608296,90.5964343282961,91.36703491210938,5146000
2016-07-08,92.14693302483887,92.70399115289774,91.70128227236475,92.4904556274414,6045800
2016-07-11,92.65756601031393,93.16819963350697,92.2861915949331,92.8246841430664,5428000
2016-07-12,93.01034987560405,93.57669415610212,92.84323177507386,93.02891540527344,8508500
2016-07-13,93.270319281323,93.58598998483293,92.7039749432004,92.73182678222656,5494700
2016-07-14,93.2331909661242,93.58599985333122,92.54615289198206,92.81539916992188,7461500
2016-07-15,93.23318584716665,93.34460029227976,92.41616783313638,92.65756225585938,5764400
2016-07-18,92.75039769953389,93.50242567298451,92.7225458610175,92.98250579833984,5051300
2016-07-19,92.66685998819558,92.83397814755396,92.2490681314891,92.3511962890625,5742700
2016-07-20,91.58986957775696,91.6270077285879,90.18793448824556,91.19064331054688,10664900
2016-07-21,91.14420437085768,92.03549859906406,90.6335708156584,90.99565887451172,6726600
2016-07-22,91.3484745913385,91.37632643345022,90.49431837748227,90.7171401977539,5381700
2016-07-25,90.89353885178569,91.04208436137748,90.29005633875859,90.42003631591797,4825500
2016-07-26,90.0765189463007,90.20650601432581,89.44518455656657,89.7701416015625,6274800
2016-07-27,89.7794132934448,89.9929558693776,88.99953345099944,89.43589782714844,6911400
2016-07-28,89.50089705712631,89.58445258456999,88.96240449122904,89.04596710205078,7713500
2016-07-29,88.99024990648181,89.48231797711921,88.99024990648181,89.08309173583984,8264000
2016-08-01,89.268798079738,89.31521546084078,88.27537545689036,88.70245361328125,7131600
2016-08-02,88.52604422831811,88.8974186733944,87.79258164722151,88.21038055419922,7644100
2016-08-03,88.25678940804474,89.52874445747554,88.20108572584613,89.21307373046875,9068700
2016-08-04,88.6931630424684,89.11096195259296,87.9318486118481,88.34964752197266,10038300
2016-08-05,88.57245346724933,89.12951149743284,88.52602901332688,88.9716796875,6528500
2016-08-08,89.23165909823774,89.39877725209294,88.73959094615819,88.89742279052734,7792000
2016-08-09,88.76741279548408,89.9186668644735,88.4796010490808,89.75154876708984,15548700
2016-08-10,89.77941450107613,92.16548559881112,88.99024834035488,90.85639953613281,27181300
2016-08-11,91.17206866555689,91.34847310723569,90.19721879059527,90.77284240722656,9233900
2016-08-12,90.81926791715189,90.81926791715189,89.74228988805119,89.9094009399414,9360300
2016-08-15,90.3829107586203,90.6243052141345,89.98368446362232,90.15080261230469,5299600
2016-08-16,89.92797529863145,90.29006341816257,89.3801964233292,89.94654083251953,5777800
2016-08-17,89.90939693525625,90.03009768963801,89.61229882838805,89.937255859375,5697300
2016-08-18,89.9372579904294,90.16936611327553,89.6401598765215,89.73300170898438,5250700
2016-08-19,89.50090160450173,89.86298974191084,89.17595162008054,89.49161529541016,6362400
2016-08-22,89.56586994404687,89.56586994404687,88.80455570032917,89.0088119506836,5495300
2016-08-23,89.25020718797565,89.52873975108209,88.94382986861135,89.1016616821289,4996300
2016-08-24,89.13881443089986,89.33378442366067,88.6745981385993,88.96240997314453,5912500
2016-08-25,88.7767056807422,88.962389321206,88.58173573324217,88.71171569824219,4518700
2016-08-26,88.81384833684277,89.25020562243529,87.96897143804993,88.39604949951172,6019600
2016-08-29,88.26607459072198,88.49818270809355,87.69973021766518,88.08039093017578,7903000
2016-08-30,87.98754335015457,88.47033220829653,87.98754335015457,88.07110595703125,6845000
2016-08-31,87.91326485540384,88.10823480636631,87.42119682439709,87.69972229003906,7375200
2016-09-01,87.95041010513366,88.08039008294125,87.18909577081303,87.51404571533203,6274200
2016-09-02,87.96898974677876,88.1639597447609,87.39335897889433,87.66260528564453,5382000
2016-09-06,87.76474226280038,87.76474226280038,86.6691913901555,87.08699035644531,8463500
2016-09-07,87.25409108569848,87.30050846153306,86.6506085328252,87.00341033935547,6281500
2016-09-08,86.79915830967991,87.46763088821221,86.27923834121182,87.35621643066406,7438100
2016-09-09,86.81772786816,87.03126338337938,85.77788088448983,85.80573272705078,10248400
2016-09-12,85.37865619404255,87.14267945047125,85.36936988522427,86.93842315673828,9367300
2016-09-13,86.38135981722725,86.62275424824583,85.83358096415175,86.06568908691406,7795200
2016-09-14,85.96357342808683,86.24210604919547,85.4807915793278,85.65719604492188,6386500
2016-09-15,85.52720308844503,86.1121130041174,84.66376059385571,85.8800048828125,7559400
2016-09-16,85.6664608261811,86.10282522009534,85.23010351564444,85.93570709228516,10568600
2016-09-19,86.15854845969363,86.64133029694774,85.73146322860366,86.0007095336914,5421500
2016-09-20,86.06570524917748,86.62277051512044,86.0471397125563,86.29781341552734,6200100
2016-09-21,86.34421451753472,86.4184908106786,85.1372495457667,85.77787017822266,12049500
2016-09-22,86.09353449627558,87.00339422797781,86.00997190184279,86.72486877441406,6470700
2016-09-23,86.40921835931643,86.8270101793356,86.34422836323837,86.59490203857422,4407700
2016-09-26,85.85215705291193,86.0471270339124,84.85873453064588,85.37865447998047,10449300
2016-09-27,85.35079271223417,85.5829008173927,84.95156648802639,85.15582275390625,9167400
2016-09-28,85.1836867610472,85.69432749868815,84.93301308835507,85.60147857666016,8272300
2016-09-29,85.54576617498837,86.43706048530423,84.97942180853076,85.2301025390625,7476600
2016-09-30,85.67574090537913,86.79914326155995,85.61075092058775,86.2142333984375,8923700
2016-10-03,85.85215437636113,86.08426250127467,85.46221442651706,85.87071990966797,5834700
2016-10-04,85.8335744101724,86.3349287670625,85.51791078734006,85.96355438232422,5903400
2016-10-05,86.28853237238036,86.60419607194892,85.76860527400426,85.8335952758789,5365000
2016-10-06,86.11211743514275,86.88271813753806,85.77788115659486,86.18639373779297,7484800
2016-10-07,86.39992615113573,86.61346874274243,85.43435550149006,85.87071990966797,6144100
2016-10-10,86.06568988459,86.53919244275941,85.78716438472046,85.87071990966797,4241000
2016-10-11,85.72217679835151,85.76859417460994,85.01656609546988,85.28581237792969,6651100
2016-10-12,85.3043764334859,85.4900671854358,84.84944648711995,84.8680191040039,6836600
2016-10-13,84.44093123660842,84.82159195349264,83.8560213241277,84.59877014160156,5725200
2016-10-14,85.20224936378602,85.20224936378602,84.75660572024967,84.7658920288086,4345700
2016-10-17,84.8123029367747,84.92371738085095,84.07884045087202,84.32952117919922,5134600
2016-10-18,84.8587299647039,85.17439360742145,84.46879002368422,84.64518737792969,4890800
2016-10-19,84.73802313912043,85.545761887696,84.48734950452922,85.35079193115234,6140500
2016-10-20,85.10013377040087,85.71289559047469,84.89587746925011,85.44364929199219,6153200
2016-10-21,84.79373796947856,87.44905536228123,84.115979159409,86.3720703125,13814500
2016-10-24,86.79915914526185,87.41192804260812,86.15854548748338,86.68775177001953,7281000
2016-10-25,86.47421738214042,86.6784737006726,86.0100010521597,86.11212921142578,6380700
2016-10-26,85.77786673229481,87.01268349354157,85.32293685097433,86.79914093017578,7152800
2016-10-27,87.086980027693,87.5883273943726,86.63204295724225,87.29122924804688,6647000
2016-10-28,87.17053048553505,87.64403306358349,86.8362942049571,87.13339233398438,7309100
2016-10-31,87.01268838233338,87.10553020856125,85.70359525737544,86.05640411376953,9957600
2016-11-01,86.13995825307762,86.33492821004744,85.10011848257194,85.77787017822266,6449800
2016-11-02,85.33223724365234,85.93571272153002,85.12798095368473,85.33223724365234,6716200
2016-11-03,85.65719104875781,87.39335542448214,85.63861843063184,86.68775177001953,7751400
2016-11-04,86.8084523873775,87.07769870468073,85.75003973777392,85.8335952758789,7456500
2016-11-07,87.05912134586043,87.71831472190617,86.29780690103851,87.67189025878906,6996100
2016-11-08,87.76472405687906,88.06182217681138,87.17981412546236,87.62545776367188,6226900
2016-11-09,85.68503683408035,88.12681177499636,85.51791869965484,87.86685180664062,8635700
2016-11-10,88.09895806836873,89.18522237745277,87.48619631069738,88.16394805908203,13777900
2016-11-11,90.22507662687751,91.28348918051636,88.92526962385735,90.68929290771484,23008100
2016-11-14,90.57787310584811,91.27419748601822,90.4757449634196,90.912109375,13208400
2016-11-15,90.89354598038435,91.11636780393624,90.44789524990249,90.70785522460938,7184600
2016-11-16,91.29277491865074,92.07265486555949,91.07923231411434,92.02623748779297,9702400
2016-11-17,91.9612636297279,92.37905551983263,91.23708015903114,92.25836181640625,8662600
2016-11-18,91.96123306703292,92.25833115497272,91.1163561736989,91.20919799804688,8586100
2016-11-21,91.08851111938989,91.23705663273552,90.05795050059942,90.64286041259766,10771100
2016-11-22,90.4293283847623,90.9213964844104,90.30862762444094,90.7171401977539,5323700
2016-11-23,90.68000432213282,91.24634873720593,90.60572801905285,91.227783203125,5897400
2016-11-25,91.64556778501479,91.97980403913922,91.45059781733846,91.74769592285156,4396800
2016-11-28,91.46917162288736,92.10050603962597,91.2834879464141,91.88697052001953,7106700
2016-11-29,92.13763138102988,92.54614391252645,91.88695774430613,92.53685760498047,8396800
2016-11-30,92.28619747009589,93.11250187814942,91.91482303107247,92.02623748779297,11369200
2016-12-01,92.03551296231466,92.61114367350943,91.5620174781514,91.85911560058594,9958100
2016-12-02,91.71985359262169,91.9890998854387,91.21849915944985,91.45060729980469,7737200
2016-12-05,91.89626184505823,93.09393366542925,91.61772923176629,92.80612182617188,11331500
2016-12-06,92.7968232484449,93.51172022246988,92.6761295764435,93.45601654052734,8427500
2016-12-07,93.31675031572944,94.76510271424128,93.2517603256264,94.69082641601562,12255700
2016-12-08,94.93408527781193,97.26369665749955,94.93408527781193,96.72105407714844,16524800
2016-12-09,96.82397794274054,98.72322000562247,96.53394801332557,98.1057357788086,12173900
2016-12-12,97.87183778955047,97.9560372631409,97.04852311658172,97.35726165771484,7880200
2016-12-13,97.48824378503225,97.59115901183195,97.02980777163164,97.1607894897461,7393200
2016-12-14,96.94560500292101,97.68472018028658,96.83333190350932,97.34790802001953,7961900
2016-12-15,97.16078214682203,98.83548500239793,97.13271565762838,97.66600036621094,8745400
2016-12-16,97.96538480414753,97.98410055494972,97.067221490765,97.2169189453125,12635500
2016-12-19,98.89161675871776,99.41555072307301,98.30219907903172,98.51738739013672,11475600
2016-12-20,98.8354745367425,99.35940131412615,98.2928320098997,98.66706848144531,8947300
2016-12-21,97.87184503719669,99.08811209089302,97.77828768028978,98.76065063476562,5202400
2016-12-22,98.19927684776474,98.69513714989054,97.95602206518649,98.62964630126953,5230800
2016-12-23,98.46125177752013,98.55480912394417,98.0028157834648,98.3770523071289,3238800
2016-12-27,98.09637940143577,98.76064588287298,98.03088854095515,98.39576721191406,3639500
2016-12-28,98.22733768350959,98.53608329694646,97.35724095162088,97.581787109375,5178600
2016-12-29,97.51631943457149,98.02153056464047,97.17950725587987,97.82505798339844,5896800
2016-12-30,97.8344046429442,98.2367076359243,97.26369557992665,97.50695037841797,6983300
2017-01-03,98.51739690348296,100.01433593626226,98.43319029084344,99.24715423583984,8884300
2017-01-04,99.77106590808518,100.57567185395419,99.40618729751286,100.51953887939453,8322000
2017-01-05,100.26693685406063,100.6879556218207,99.91141608085773,100.46340942382812,6303000
2017-01-06,101.06219469331027,102.30652822570848,100.80958911882317,101.96036529541016,9551300
2017-01-09,101.58610996855917,101.8200068838646,101.14638262571022,101.38027954101562,6195200
2017-01-10,100.94991633780879,101.81065532643329,100.43534023701815,101.39899444580078,7901900
2017-01-11,101.54868622490582,102.43749165330031,101.398988771973,102.39071655273438,7616800
2017-01-12,101.15573729179303,101.97905183788022,100.51017954188082,100.6037368774414,8218900
2017-01-13,100.2575709837164,101.37091537769112,100.01431620825711,101.09959411621094,6489000
2017-01-17,100.95927077046595,101.91356707087898,100.71601597311847,101.0154037475586,7586500
2017-01-18,100.04239263318547,101.41770768857808,99.93011953998096,101.19316864013672,7162900
2017-01-19,100.96863340753413,101.05284002106477,100.18274308374653,100.36985778808594,5350200
2017-01-20,100.43533528196767,100.87506263040943,100.27628709064925,100.72537231445312,5649000
2017-01-23,100.42598474522278,100.74408828907245,99.70558532498204,100.22016143798828,5716600
2017-01-24,100.29499736011886,101.0996033433313,100.18273140578904,100.94991302490234,5456100
2017-01-25,101.2586584147365,101.4364152212906,101.04347010621198,101.08089447021484,6180200
2017-01-26,101.23993368428233,101.62352802781304,101.02475253281087,101.09959411621094,6088100
2017-01-27,101.50190424148772,102.35329244675633,101.18380786015712,102.25973510742188,5578300
2017-01-30,102.78367661872787,103.89702838855729,101.94164616835134,103.79411315917969,13793600
2017-01-31,103.46664125574281,103.66312095593744,102.89593932049391,103.52278137207031,8485800
2017-02-01,103.57891992071801,104.7764711099132,103.55085343002877,104.13092041015625,10501300
2017-02-02,104.0466950596866,104.35544067759461,103.42921096183741,103.48534393310547,6515900
2017-02-03,103.75667895986425,103.99057588847622,103.11112115274551,103.19532775878906,7923400
2017-02-06,102.839806282663,103.05499461113311,102.25974643177253,102.5123519897461,6896300
2017-02-07,102.58718305785922,102.66203177991267,101.76386139120525,101.97904968261719,10184800
2017-02-08,102.50297646105733,104.24316998998155,101.96034107108733,101.97904968261719,13615500
2017-02-09,101.97907159973335,102.77431981305499,101.97907159973335,102.43750762939453,6369700
2017-02-10,102.30650475737632,102.7275234689013,101.58610543111863,102.22230529785156,7671800
2017-02-13,101.93228065422294,102.8210932833455,101.88550555035413,102.58719635009766,5653200
2017-02-14,102.72755113031381,103.2234115600586,102.47493840778448,103.2234115600586,4768700
2017-02-15,102.8304480493052,103.55084744121493,102.72753283075129,103.08305358886719,7087100
2017-02-16,103.23274842149674,103.72861592254932,102.99885148510077,103.57891845703125,7179600
2017-02-17,103.13918548954994,103.38244028886056,102.46556120713142,102.97077941894531,6349200
2017-02-21,102.858505123864,103.11111064030534,102.72752342823264,102.92399597167969,5432700
2017-02-22,102.62461352140497,103.1766068189474,102.47491606839638,103.02691650390625,5478400
2017-02-23,103.19532541002806,103.37308221790926,102.5310518664775,102.66204071044922,5470400
2017-02-24,102.55912649774432,103.21403503417969,102.07261689527715,103.21403503417969,4786800
2017-02-27,102.84915025762223,103.35436844325076,102.75559292057262,103.12982940673828,3547700
2017-02-28,102.91465611658607,103.28889265733096,102.7556079066092,102.99885559082031,4766000
2017-03-01,103.5321364156945,104.59870580316058,103.5321364156945,103.88765716552734,7418100
2017-03-02,103.85023868505357,104.0467112530367,103.33566257512062,103.46664428710938,4715600
2017-03-03,103.46664225183379,104.31803050098114,102.9520732899908,104.07477569580078,5837900
2017-03-06,103.63505362579563,103.83153333792865,102.998853659847,103.54149627685547,4983200
2017-03-07,103.56954846264203,103.78473675965382,103.06433742055155,103.71924591064453,5114400
2017-03-08,103.72860463106404,104.14961621555992,103.53213208243483,103.70053100585938,4929900
2017-03-09,103.75669493468556,104.14964012214091,103.56022234095788,103.8783187866211,4005700
2017-03-10,104.22447588184633,104.31803322844866,103.56020944161148,103.775390625,4027400
2017-03-13,103.77539497470956,104.48644368703293,103.68183762418582,104.33674621582031,5213600
2017-03-14,104.53320082374964,105.6184786774982,104.5238429495544,105.07583618164062,7273500
2017-03-15,105.18813433084703,105.2068429457303,103.99058311520587,104.6642074584961,5319500
2017-03-16,104.95423085004406,105.08521255997502,104.22447356958077,104.5145034790039,4409400
2017-03-17,104.66419451092247,104.87001780105003,104.01863673880057,104.561279296875,9061200
2017-03-20,104.85132053184388,105.87111490737715,104.83261191725099,105.4500961303711,8156300
2017-03-21,105.69334379726526,105.81496762881115,104.3554530983897,104.55192565917969,7109800
2017-03-22,104.64547606984539,104.95422170404964,104.17768225000883,104.86066436767578,5044700
2017-03-23,104.5145079756713,105.70270842998232,104.4677328703794,105.01036834716797,8307900
2017-03-24,105.16007918836446,105.32848529236134,104.486454772377,104.91682434082031,4707300
2017-03-27,104.60807264603781,105.30041277731101,104.27126045730184,105.141357421875,4469800
2017-03-28,105.34716214513624,105.94593763703448,104.80451962498881,105.76818084716797,6280900
2017-03-29,105.40331584725595,105.66527926649735,105.07585443523638,105.28168487548828,3781200
2017-03-30,105.28168285093913,106.00208937796751,105.04778592569028,105.88981628417969,4192800
2017-03-31,105.72140221799467,106.3856685789145,105.67461998129542,106.0862808227539,4617400
2017-04-03,105.88982257453934,106.32954996220391,105.188131757109,105.90853118896484,4643300
2017-04-04,105.86175005726885,106.23598656618691,105.56236227772794,105.75883483886719,3386100
2017-04-05,106.2640552509368,106.5073029194872,105.52494009349246,105.7214126586914,4795100
2017-04-06,105.58105904472046,106.11434369025379,105.15068960604154,105.76818084716797,4744000
2017-04-07,105.55299208793319,105.98336152469207,105.28167082906995,105.32845306396484,4300700
2017-04-10,105.53429562972364,105.61849509667032,104.82324697764723,105.18812561035156,4053600
2017-04-11,106.35761246248315,106.49795204829755,105.33781813433512,105.78690338134766,5230800
2017-04-12,105.74947696320312,105.98337388903094,105.49687142401486,105.75883483886719,4086300
2017-04-13,105.75884085965646,106.89090118855455,105.71205861664052,105.90853118896484,6530800
2017-04-17,106.03015264812541,106.6008616994448,105.92723743310275,106.45116424560547,5120200
2017-04-18,106.17049615766192,107.35868940514375,105.72141091748361,106.83476257324219,6191100
2017-04-19,107.18092845097222,107.59258933780573,106.22663210363844,106.4043960571289,5303400
2017-04-20,106.81604360398886,107.63936532985178,106.53537158305447,107.39611053466797,5279300
2017-04-21,107.01252443188085,107.70486450723068,106.90960920819285,107.06866455078125,6654500
2017-04-24,107.83584156822843,107.94810752524879,106.33890265822563,106.3763198852539,7294600
2017-04-25,106.40439461766933,108.07909035633821,106.35761237644641,107.76099395751953,6918300
2017-04-26,107.96684017699621,108.49076709301659,107.46162187741848,108.13524627685547,4809800
2017-04-27,108.34104652267055,108.62171851882172,107.95745218190699,108.37846374511719,3910800
2017-04-28,108.40655097345847,108.43461746279912,107.81712614543363,108.15393829345703,3987600
2017-05-01,108.14457994254707,108.1632956940038,107.33062320337321,107.33998107910156,4963300
2017-05-02,107.47095237889992,107.58321832489636,106.35760082798816,107.00315856933594,6604600
2017-05-03,106.68506041494365,106.74119339075568,104.0186369943612,104.4302978515625,11521200
2017-05-04,103.45729923424885,104.13092358318957,102.03520180026992,104.00929260253906,10691200
2017-05-05,104.3086649160587,104.92615619019489,103.77538024201714,104.77645874023438,5871400
2017-05-08,105.15070822382907,105.15070822382907,103.85024180292004,104.2431869506836,5980100
2017-05-09,104.36480068440042,104.92615182245048,103.2420912703333,104.85130310058594,9337400
2017-05-10,101.97905868330264,102.59654998779297,101.16509481955654,102.59654998779297,17061100
2017-05-11,102.67138831263699,102.92400097933599,101.51126160718574,102.52169799804688,8021300
2017-05-12,102.7275261127025,102.81172557439422,102.23165866574914,102.6246109008789,5067700
2017-05-15,102.66204346093488,102.98949773471816,102.09133438178354,102.1006851196289,6241300
2017-05-16,102.10069289152007,102.1942573808384,100.87507517150833,101.02477264404297,10047100
2017-05-17,101.02475518358344,101.02475518358344,98.45188920731084,99.46231842041016,12763200
2017-05-18,99.15357846391956,100.39790456557787,99.15357846391956,99.80848693847656,6532200
2017-05-19,99.88335690009514,100.91250206665289,99.82721677750463,100.59439849853516,6336700
2017-05-22,100.71601952364172,101.2305884870554,100.49148046938788,100.69730377197266,5487200
2017-05-23,100.74409354064757,100.8563666451473,100.02369408285394,100.12660217285156,7542600
2017-05-24,100.24822131579819,100.88442122356588,100.04239088417225,100.77214813232422,4366700
2017-05-25,101.16510257081666,101.16510257081666,99.90206051427401,100.3604965209961,8030400
2017-05-26,100.77214733483902,101.50190457721588,100.5569661674548,101.42706298828125,6236800
2017-05-30,101.50191185413587,101.60482707651263,100.99669361827752,101.361572265625,4813400
2017-05-31,101.41771233786784,101.65160927262401,100.70666365757806,100.98734283447266,9963600
2017-06-01,100.7908663579498,101.23994445800781,100.26693239059182,101.23994445800781,5907400
2017-06-02,101.47384201849128,101.64224809155847,100.06110257987025,100.27629089355469,10876900
2017-06-05,100.14530781686041,100.31371388762626,99.27521097423144,99.65879821777344,6372800
2017-06-06,99.3313479889725,99.3500637409114,97.87183340832755,98.70450592041016,9589500
2017-06-07,98.97581118153566,99.40618061280922,98.74191428597612,99.0974349975586,5777700
2017-06-08,99.09745629870629,99.09745629870629,97.45082693935767,97.60051727294922,11002400
2017-06-09,97.56310386683685,99.09746743287849,97.37598914433192,98.8167953491211,9392500
2017-06-12,98.81678413983418,100.2950074110667,98.81678413983418,100.14531707763672,8049500
2017-06-13,100.23887063366804,100.35114373296659,99.32199863895131,99.69622802734375,4918900
2017-06-14,100.06109980078249,100.11723991555749,98.94775531228528,99.30327606201172,4781100
2017-06-15,99.11615535033019,99.32198577005794,98.45188899264244,99.15357971191406,5309900
2017-06-16,99.43425894152819,99.49974979456661,98.0215195254505,98.71385955810547,8683400
2017-06-19,98.79804399355005,99.172280441678,98.41445680924465,98.5828628540039,5956200
2017-06-20,98.30219901548959,98.51738732645549,97.12335651891185,97.24498748779297,7895700
2017-06-21,97.66600429153664,98.31156212080735,96.87075613456095,98.04959869384766,7765700
2017-06-22,97.96538634875469,98.02151932611129,97.3853194101885,97.50695037841797,6156000
2017-06-23,97.14207149048977,97.84376225744569,96.5245801893441,97.63793182373047,18147900
2017-06-26,97.8624754003879,99.03196006611425,97.8250510345285,98.7699966430664,5867000
2017-06-27,98.5454515658224,99.31263317415372,98.3676876233417,98.62030029296875,5694500
2017-06-28,99.19101598389973,100.61311344531414,97.78763427585494,99.97691345214844,7874400
2017-06-29,99.92077242589065,100.49148151226636,98.54545732062351,98.9009780883789,7268700
2017-06-30,99.40618133544922,99.6962112039021,98.70449064366959,99.40618133544922,5113800
2017-07-03,99.88334524676938,101.62353894670842,99.88334524676938,100.53825378417969,5399400
2017-07-05,100.88441553139558,100.90312414322983,98.50802210228605,98.82611846923828,8049700
2017-07-06,98.5999121857772,98.6753177251202,97.02585930509953,97.41230010986328,8690800
2017-07-07,97.56311957669482,97.77048123218226,96.81850599156655,97.384033203125,6030900
2017-07-10,97.36518676406483,97.94014147460163,96.95989093845806,97.63851928710938,4421300
2017-07-11,97.64793608303836,98.20404294148192,97.26149528201037,97.8741455078125,4557300
2017-07-12,98.34541490817233,98.63760955937457,97.6950619423544,98.38311767578125,5203300
2017-07-13,98.44911323236326,99.28798018543412,98.06267238000436,98.29830932617188,5339500
2017-07-14,98.43025230160256,99.20314109421885,98.41140451249542,99.05233001708984,4370300
2017-07-17,99.12775023036342,99.36338717995983,98.6941791060343,98.76958465576172,3973800
2017-07-18,98.59049188168323,99.72155348106506,98.31715217494268,99.67442321777344,5740500
2017-07-19,100.03257745575637,100.73006788003163,99.9571791105131,100.68293762207031,5789400
2017-07-20,100.84317979932057,101.52181531670367,100.6169703572157,101.19192504882812,6185500
2017-07-21,100.94686645620435,101.16365561108434,100.67352673529865,100.93743896484375,4328500
2017-07-24,101.14480287549478,101.36159203519118,100.75836201395218,100.85261535644531,4615500
2017-07-25,101.41813773794641,101.55009384932134,100.09856943312835,100.3059310913086,5394700
2017-07-26,100.4284580061141,100.8808768647307,100.20224138573771,100.79605102539062,4149000
2017-07-27,101.50295414440335,103.68023681640625,101.26731724254788,103.68023681640625,10468700
2017-07-28,103.66140258903471,103.85933674955841,103.36920790258385,103.64254760742188,4864500
2017-07-31,103.6990912803109,103.81219958926741,103.05815857836005,103.61426544189453,6815300
2017-08-01,103.66139318994537,104.4625572502042,103.63311072009053,104.25519561767578,5987200
2017-08-02,103.56713279010941,103.56713279010941,101.34271976948189,102.42665100097656,8812700
2017-08-03,102.28526523196821,102.89792262721662,101.84227388814755,102.85079956054688,6895800
2017-08-04,102.0119368064047,102.26642151153399,101.15421498072436,101.50296020507812,8503800
2017-08-07,101.40870156920374,101.46525932000242,100.01373502801752,100.23994445800781,8093100
2017-08-08,100.42845969700095,100.98455938488593,100.07971446135001,100.83375549316406,9787100
2017-08-09,94.92397649476837,97.08241155637717,94.72604234384373,96.92218017578125,27877600
2017-08-10,96.61113769668464,96.91275266819252,95.40467781065304,95.52720642089844,12259900
2017-08-11,95.4329640344245,96.62057626701888,95.2256023694083,96.13044738769531,9410400
2017-08-14,96.89390907445261,96.90332937413993,95.44238471400534,95.5743408203125,9707300
2017-08-15,95.79111778150305,96.23411634006405,95.53663307289783,95.67801666259766,8868500
2017-08-16,95.98905140363566,96.75251990739571,95.87595028535124,96.328369140625,6698800
2017-08-17,96.36608022908828,96.69597050434193,95.51778581338698,95.55548858642578,6612400
2017-08-18,95.49894062205082,95.89480896313144,94.87686282764827,94.91455841064453,6893900
2017-08-21,94.85801002065188,95.59319615411134,94.75432918736205,95.35755920410156,6492700
2017-08-22,95.58377275283091,96.99759440702357,95.35755611059055,96.86563110351562,6888700
2017-08-23,96.59228659449822,97.06356042075909,95.64973894197647,95.66858673095703,5954400
2017-08-24,95.97019849822239,96.16813263573654,95.60260550125787,95.68743133544922,6976600
2017-08-25,95.84767070878928,96.79021833793323,95.72513491471722,96.52630615234375,6186900
2017-08-28,96.60170841333048,96.94102614886238,96.21526760907184,96.66768646240234,5630400
2017-08-29,96.1398644977278,97.07298469847136,95.97020562567732,96.67711639404297,6011700
2017-08-30,96.5922916152496,97.50655684522106,96.5922916152496,96.95988464355469,6573200
2017-08-31,97.08241487834509,97.26150124576742,95.19731944381411,95.38582611083984,9823800
2017-09-01,95.80997031704887,96.06445501915987,95.53663063488942,95.66858673095703,7827400
2017-09-05,96.13986843048859,96.65827255825685,95.10306736602055,95.76284790039062,9346100
2017-09-06,95.91365113411169,96.17756332624691,95.09363208763332,95.66858673095703,7531000
2017-09-07,95.71571724433976,96.00790471625615,90.67308153709514,91.48367309570312,26419400
2017-09-08,90.94643123079175,91.88897898956769,90.72964927327176,91.49311065673828,13147700
2017-09-11,92.27542380918035,92.3885249340111,91.38942664564101,91.51195526123047,9610300
2017-09-12,91.98322403237658,92.70898976818451,91.54965296536643,92.2659912109375,9151700
2017-09-13,92.5958834776422,93.26509147768948,92.38852183431833,93.14256286621094,7615300
2017-09-14,93.11428032039791,93.16140338679662,91.93609579441514,92.2754135131836,9710000
2017-09-15,92.41680324594024,93.2462426186567,92.36967298533679,92.85979461669922,23870300
2017-09-18,92.73726026749594,93.04830270966602,92.10575508447259,92.46392059326172,7013600
2017-09-19,92.58645672959675,93.0011727962912,92.44507314708076,92.77496337890625,6970300
2017-09-20,93.08600354860602,93.57612513948015,92.95404745909883,93.51014709472656,6459100
2017-09-21,93.49130905773492,93.67981572210122,93.07658576684712,93.20854187011719,4958000
2017-09-22,92.88808048098933,93.30279658696345,92.86922549963191,92.9352035522461,6359100
2017-09-25,92.93519964732579,93.92487758602297,92.76554077757964,93.84947204589844,7492500
2017-09-26,93.91546870443011,94.00972205272735,92.94464555393633,92.96349334716797,6220500
2017-09-27,93.28395216069316,93.8117766006411,92.38852748170301,93.53843688964844,7596600
2017-09-28,93.09543741652634,93.35935682507667,92.36967881845155,92.41680908203125,7149600
2017-09-29,92.26599627512212,92.9257768065534,92.0492143252526,92.90692901611328,8185900
2017-10-02,93.60439868443011,94.66948206139553,93.4158920432142,94.122802734375,6923300
2017-10-03,94.30190631913213,95.05594021292832,94.16995020794108,94.9993896484375,5447700
2017-10-04,94.95225728119725,95.13134365287713,94.4432806388454,94.77317810058594,5126100
2017-10-05,94.85799330931022,95.07478242919737,94.273611187453,94.35844421386719,4736700
2017-10-06,94.2076543040051,94.50926932699504,93.63269954282597,94.32076263427734,4360200
2017-10-09,95.01822915355626,95.17846772408791,93.73636373571165,93.84947204589844,5429600
2017-10-10,94.2453427963598,94.3207483384457,92.99175981675609,93.85890197753906,7704400
2017-10-11,93.85890745162594,93.85890745162594,92.41681053270078,92.8880844116211,7984000
2017-10-12,91.95495513584117,92.20001956153405,91.24804433143632,91.36115264892578,11018200
2017-10-13,91.23862137151238,92.06806076904672,91.23862137151238,91.78529357910156,6858000
2017-10-16,92.0303564015523,92.62415886085671,91.936103070228,92.49220275878906,4911600
2017-10-17,92.74669477518327,92.81267282629652,92.23771815613757,92.70899200439453,5942500
2017-10-18,92.70898935165015,92.83151795990639,91.94552804046114,92.60530853271484,5404300
2017-10-19,92.5487664016706,93.59499498542526,92.4733608553839,93.3216552734375,5634300
2017-10-20,93.73636257064418,93.93430390877785,93.25566843822817,93.68923950195312,5938700
2017-10-23,93.4253402617777,93.48189082847641,92.96348666350819,93.02946472167969,5888200
2017-10-24,92.85979494145876,93.18026489433309,92.42622386844964,92.64301300048828,4966200
2017-10-25,92.41679687778849,92.57702824709014,91.85126255378887,92.18115997314453,5144400
2017-10-26,91.97379881120453,93.76464073376077,91.66275636964666,92.89749145507812,6167500
2017-10-27,92.27542440359979,92.70899549740372,91.32344918075393,92.661865234375,7868700
2017-10-30,92.48278469369907,92.68071885158244,92.08690918686392,92.40737915039062,7093200
2017-10-31,92.31312571028711,92.45450211499184,91.78529409880535,92.19058990478516,5701700
2017-11-01,92.49219792877867,93.74578802402615,92.36966932356245,93.34049224853516,6920400
2017-11-02,93.18969088903216,93.42532780695532,92.38851961523902,92.6995620727539,6799200
2017-11-03,92.70898058927261,93.67037595727156,92.27540956518936,92.97289276123047,5416900
2017-11-06,92.71842901174955,95.31985574357688,92.69957402888573,94.8580093383789,14728700
2017-11-07,95.47065523311231,96.9881575710199,94.95225113342906,95.77227020263672,12177500
2017-11-08,96.02676205404644,96.13987037268137,94.65064320379709,95.36698150634766,8023200
2017-11-09,95.03708053561427,97.94012900087404,95.0088052569052,96.78079223632812,13172500
2017-11-10,98.95808124927797,100.13626587713273,98.10036657955521,98.76014709472656,16701500
2017-11-13,98.15691545351628,99.09946313960042,98.00611156309826,98.72244262695312,7856000
2017-11-14,98.5622057595529,98.5622057595529,97.08240626241893,97.24263763427734,6929300
2017-11-15,96.84678325265163,97.9872651900709,96.56401604555944,97.73278045654297,5691500
2017-11-16,97.67621687016317,98.00611432243532,96.85620496246636,97.64794158935547,6410900
2017-11-17,97.28976210063983,98.01552057124908,97.05412520626358,97.49712371826172,7500800
2017-11-20,97.47829947862978,97.47829947862978,96.79966385825367,96.84679412841797,5112600
2017-11-21,97.0541450665807,97.24265174422915,96.88448618026959,97.0824203491211,5725900
2017-11-22,97.2897673342034,97.38402065881066,96.79021824182398,96.83734130859375,4140700
2017-11-24,96.9976026029952,97.00702290391627,96.56402426426632,96.74311065673828,2217600
2017-11-27,96.73366462933521,97.05413457598047,96.4980277122103,96.88447570800781,4007500
2017-11-28,96.66768554899072,97.91184817049557,96.30009253748256,97.46885681152344,8401100
2017-11-29,97.5536794684246,100.15511293441489,97.48770142212732,99.19371032714844,14503100
2017-11-30,99.30682819340261,99.63671845665382,98.46796129924878,98.7978515625,9949000
2017-12-01,98.5716426393599,99.7686750840118,97.90243461867186,99.2031478881836,9258400
2017-12-04,100.38132533006025,106.19684263975768,100.38132533006025,103.88760375976562,17824000
2017-12-05,103.23724995911388,103.71795130673098,100.40017932660486,101.05996704101562,13055600
2017-12-06,101.01282518404437,101.78571393312947,99.30681631875022,99.40106964111328,8121700
2017-12-07,99.66499671119018,99.91006113880344,98.48681202794957,99.21257781982422,9948600
2017-12-08,99.67813208414519,99.74464088771946,98.88952252111044,99.03204345703125,6536600
2017-12-11,99.64012661101465,101.51187645100664,99.54510782055794,101.50238037109375,7434000
2017-12-12,101.79692542532847,102.45251743084712,101.27435103702861,102.07246398925781,8147000
2017-12-13,102.75655553992851,102.79456160779759,101.42637216017575,102.24348449707031,10368300
2017-12-14,101.93943752426344,105.97748958672193,101.85392206409279,105.05586242675781,27571300
2017-12-15,106.39556120737818,106.41456061796521,105.08437716045731,105.72096252441406,19978600
2017-12-18,106.26253817881486,106.40505913189529,104.80884040501144,105.49293518066406,12270000
2017-12-19,105.7779657455917,106.78510114125523,105.24588806106718,106.23402404785156,10546600
2017-12-20,106.0535159467568,106.69960465338845,104.21976470947266,104.21976470947266,8661100
2017-12-21,104.24825671759714,105.54993007787294,103.74468901627152,104.1057357788086,9372800
2017-12-22,104.02972423531777,104.21975457108631,103.04158823606969,103.25061798095703,7378400
2017-12-26,103.07959366532673,103.91571263970187,102.50951715938118,102.7280502319336,3982400
2017-12-27,103.013080436438,103.13660196084741,102.10095661631406,102.27198028564453,5624000
2017-12-28,102.61404090394842,102.6615503039336,101.72091637642738,102.3955078125,3477700
2017-12-29,102.66154670336788,102.93707801708497,102.14847564697266,102.14847564697266,4538400
2018-01-02,103.51664944435693,106.23402153141679,103.14609936420474,106.22452545166016,11014300
2018-01-03,106.59507955402344,107.54520948747891,105.89197818404678,106.68058776855469,9237900
2018-01-04,107.3171823094014,107.36469170972462,106.06301097938608,106.63309478759766,7417400
2018-01-05,107.06064804754561,107.06064804754561,105.69245853610202,106.05351257324219,6008300
2018-01-08,105.35991803964468,105.73046816999943,104.07724395388469,104.5333023071289,8052600
2018-01-09,104.63781805604175,105.33141617052591,104.38128613633312,104.4572982788086,5838000
2018-01-10,104.47628857515171,104.98935961872402,103.57366802098258,104.01072692871094,6060000
2018-01-11,104.75183137436132,105.54044100562709,104.04873721161326,105.45492553710938,6427000
2018-01-12,105.76847118287803,107.09865463106208,105.46442987320025,106.86112213134766,5899900
2018-01-16,107.43119813357295,107.51671360247113,105.10338254779734,105.16989135742188,8069200
2018-01-17,105.6544508488734,106.6140841581197,105.05587157123946,106.38605499267578,7030700
2018-01-18,106.16752427761966,106.40505677785977,104.70432320627064,104.9133529663086,8070900
2018-01-19,105.43591361171076,105.54992455764601,104.36226221138256,105.07485961914062,10514300
2018-01-22,104.77082340765912,105.99649187805834,104.57129699372196,105.55943298339844,8073600
2018-01-23,104.77082950416911,105.59744519479393,104.40978272207138,104.90385437011719,7477300
2018-01-24,105.42641589143345,105.87297811721002,104.78983057971267,104.9893569946289,7211800
2018-01-25,105.08438264656986,106.2435424736439,104.62832427950546,105.03688049316406,6291000
2018-01-26,105.28390112780747,106.91812585887887,105.15088351006133,106.59508514404297,7743800
2018-01-29,106.50956372740048,106.84210775319276,105.69245140750165,105.97749328613281,6847800
2018-01-30,105.86348051379375,106.8136104927341,104.60930923154915,104.61881256103516,8393900
2018-01-31,104.59030466468984,104.62831073184356,103.0605948941046,103.25061798095703,9841400
2018-02-01,103.20311999311905,105.13188267317939,102.00595420073398,104.9798583984375,9518900
2018-02-02,104.46679153899059,105.06537808367509,103.04159652618625,103.27912902832031,9947700
2018-02-05,101.758920606367,103.21261833305678,98.82302241307846,99.47860717773438,15107900
2018-02-06,97.74937645668766,100.90380791731523,96.685235445195,100.87530517578125,17765100
2018-02-07,102.45252047694561,102.64254357893176,99.20307759013231,99.5356216430664,12445000
2018-02-08,100.21021552210378,100.5427595831462,96.14366014954642,96.2956771850586,12667500
2018-02-09,97.435826904548,98.57597991727779,95.26002850204611,97.94889068603516,12479700
2018-02-12,98.74701119440482,99.42160262456521,97.00827155458651,98.23394012451172,9584700
2018-02-13,97.52134045247446,99.10805577746646,97.29331128723953,98.92753601074219,8447900
2018-02-14,98.32895342886167,99.53562260983557,97.56885376461767,99.38359832763672,7425700
2018-02-15,100.10568553495474,100.30521194147587,98.74699950576397,99.93466186523438,6494700
2018-02-16,99.94417549036753,101.99645248952817,99.94417549036753,101.21734619140625,8746400
2018-02-20,101.06532089709795,102.20547388683295,100.25770467637675,100.69477081298828,6734500
2018-02-21,100.71377780734475,101.57839956800093,99.78264723809323,99.8111572265625,6743300
2018-02-22,100.05817750425173,100.72327278396621,99.69713075166332,99.99166870117188,4462200
2018-02-23,100.4762484677188,102.00595836236525,100.17220715474714,101.90144348144531,6101100
2018-02-26,102.61405281561557,104.33378601074219,102.30050813671654,104.33378601074219,8138200
2018-02-27,102.61403318215439,102.76605745153363,99.62112243122499,99.64012908935547,14179600
2018-02-28,100.19120263347487,100.30522083970844,97.99640471812266,98.01541137695312,10760800
2018-03-01,98.05339024707021,98.84199970300851,96.27665220048226,97.4548110961914,10487300
2018-03-02,96.9132552121048,98.02490551744492,96.3811847580445,97.8538818359375,7835400
2018-03-05,97.58785718709787,98.78502308741852,97.31231860097311,98.2529525756836,5736700
2018-03-06,98.81351009138987,99.71613060131217,98.34794846777113,99.70663452148438,6216200
2018-03-07,98.54747935724195,99.04154374063296,97.64485155737597,98.42395782470703,6214800
2018-03-08,98.80401205934507,99.37408858295757,98.30994767192524,98.8420181274414,6627000
2018-03-09,99.22206871760281,99.52611000474897,98.47146520426031,99.50711059570312,5618400
2018-03-12,99.49760010220102,100.65675969126448,99.49760010220102,99.92515563964844,6485300
2018-03-13,100.55226319797156,100.55226319797156,98.2624463374621,98.55699157714844,6716700
2018-03-14,99.31707745840275,99.43109565620904,98.30994208231945,98.71849822998047,6235900
2018-03-15,98.81351620725378,99.08905476654782,98.09141540527344,98.09141540527344,5174600
2018-03-16,98.3954682453244,99.07005972869047,97.7113734315117,97.73988342285156,10468000
2018-03-19,97.67336068334923,97.81587437514594,95.96312389262702,96.419189453125,6528300
2018-03-20,96.47620421058885,97.05578410937002,95.72560061628346,96.2956771850586,8330300
2018-03-21,96.43819197585809,97.80638145260725,96.36217983850172,96.74223327636719,6136400
2018-03-22,96.23866849620227,96.57121254616439,95.40255670645227,95.58307647705078,8911600
2018-03-23,95.82061444922738,96.06765029284327,93.54030087095983,93.62581634521484,7505100
2018-03-26,94.87997358709309,95.75409136634592,94.1388734155998,95.63057708740234,7340100
2018-03-27,95.84910148171451,96.1341433506246,93.95834501476409,94.4049072265625,7193500
2018-03-28,94.53794032673845,95.08901749752889,93.25526620424954,93.62581634521484,9099700
2018-03-29,94.07237458295812,96.22916652216826,93.92985363127609,95.43106079101562,9343600
2018-04-02,95.1840089450582,95.95361180618616,92.90369584851682,93.73981475830078,8203700
2018-04-03,93.87283815667054,94.528422866349,92.82768945487771,94.4619140625,8484700
2018-04-04,93.52129452854305,96.10564924245844,92.88470917959204,95.91561889648438,8759200
2018-04-05,96.30517897743715,97.27430840398989,95.94413218105804,97.01777648925781,6612800
2018-04-06,96.56171586002526,97.0937936254888,94.49043202914754,95.34555053710938,7162400
2018-04-09,95.67808097908625,96.44769115106725,94.6139400975972,94.72795104980469,7094300
2018-04-10,95.88711915172728,96.46669903944675,95.31704259383247,96.31468200683594,8116800
2018-04-11,95.7540875203776,96.5807031201815,95.4025441063826,95.7730941772461,6305000
2018-04-12,96.36217760871482,96.44769307349105,94.70895352850887,95.383544921875,7337800
2018-04-13,95.96313652891054,96.45720097300119,95.1650307540909,95.34555053710938,6324600
2018-04-16,95.66859067537335,95.96312865158136,94.75646675805999,95.24102783203125,10328000
2018-04-17,96.15314848025847,97.47382853688623,95.72559290036924,97.07477569580078,9577400
2018-04-18,97.54984765415617,97.58785372491988,96.15315536148613,96.16265869140625,5822100
2018-04-19,95.9631192994115,96.51419637770238,95.22201914187625,95.85860443115234,6803400
2018-04-20,96.1341523391349,96.34318209602439,94.92749044561353,95.24102783203125,6396900
2018-04-23,95.53557101444184,95.69709136897869,94.56643438938808,95.155517578125,5889800
2018-04-24,95.564087287453,95.82061922517018,93.92986235409205,94.49993896484375,6567700
2018-04-25,94.53792088103025,96.4286772689545,94.1103653444511,96.10563659667969,8977700
2018-04-26,96.18166456207473,96.32417826512332,94.76596562118026,94.86097717285156,8038400
2018-04-27,94.80396973576028,95.00349616482869,94.00586401948665,94.28140258789062,8038000
2018-04-30,95.40255785592969,96.3146817963514,95.12701928295071,95.32654571533203,8558900
2018-05-01,95.18402553604011,95.67808995609911,93.99636301300552,95.07000732421875,6716200
2018-05-02,95.17452180948608,95.69709621701,94.30040393591585,94.6519546508789,9286400
2018-05-03,94.16738291044918,94.30040052775385,92.80869674890876,93.8348388671875,10450800
2018-05-04,93.78731742326075,96.29565966873363,93.66380315131724,96.10563659667969,9980100
2018-05-07,97.2457945738045,97.55933918299019,96.64721534174487,97.36931610107422,10181100
2018-05-08,96.15314941047454,97.52133887762243,95.81110204368757,96.71372985839844,14229500
2018-05-09,97.15079230616362,97.16979171660239,94.34791171132261,94.9844970703125,18345700
2018-05-10,95.4120565362884,96.97977254647257,95.29804557120244,96.60922241210938,8927300
2018-05-11,96.80872792733037,97.11276918337745,96.21014874324509,96.97975158691406,7036000
2018-05-14,97.33130645751953,98.32893847428456,96.89424758604406,97.33130645751953,9891900
2018-05-15,97.33131047618171,98.16742218888498,97.00826253676085,97.78736877441406,5762400
2018-05-16,98.10091751748627,99.80165100097656,98.00590597209519,99.80165100097656,8111600
2018-05-17,99.98218857752875,100.21972109056686,98.89903364907126,99.13656616210938,7320600
2018-05-18,99.13656645985391,99.56412933395687,98.3954661767759,98.74701690673828,5427300
2018-05-21,99.02254581883975,99.45960473157528,98.44296596199304,98.87052154541016,5848700
2018-05-22,99.19357240744131,100.22921061707866,98.80401563205484,98.8800277709961,6971600
2018-05-23,98.05341095975623,98.18642857693891,96.97976669280575,97.75887298583984,8046600
2018-05-24,97.68286460072373,97.73037400107847,96.16265802528966,97.01777648925781,7474100
2018-05-25,97.15079614451298,97.86339367124535,96.88476089435959,97.10328674316406,6982700
2018-05-29,95.5355647510028,96.58070619566595,94.42390725409741,94.71845245361328,11270400
2018-05-30,95.48806005137594,95.53556944848043,94.46191796481527,94.9939956665039,7216400
2018-05-31,94.78496849472289,95.14601527621872,93.88234066760863,94.50942993164062,9620000
2018-06-01,94.71845183258043,95.06049917570618,94.2528829634329,94.4049072265625,6847700
2018-06-04,94.78496949783282,95.48806365825669,94.72795676937064,95.24102783203125,6598000
2018-06-05,95.3550388475018,95.49755978453229,94.80396175707243,94.95598602294922,5974400
2018-06-06,95.06999738089071,96.8562462680185,94.78496275452412,96.82774353027344,7833000
2018-06-07,96.82774705052185,97.82537915244865,96.73272825602916,97.35981750488281,7559200
2018-06-08,96.9987502224975,98.80399833731882,96.75172168755337,98.79450225830078,7090300
2018-06-11,98.7470042965038,99.56411661937516,98.57598061848617,99.14605712890625,8175000
2018-06-12,99.50711336827462,99.97267501648876,98.77550924359325,99.12705993652344,9215300
2018-06-13,98.05340381068399,102.50001207936128,97.54983611821952,101.00830841064453,22009400
2018-06-14,101.14133537340501,104.02973143679154,101.14133537340501,103.3266372680664,18068700
2018-06-15,102.77554228305893,103.96320457416087,102.47150102649343,103.421630859375,16169200
2018-06-18,101.66389601675189,102.11996154354617,101.18883108209417,101.72090148925781,9288600
2018-06-19,100.59025104671625,101.65439185229137,100.4857361820379,100.80877685546875,8869500
2018-06-20,101.66391367641043,102.5190321571169,100.53325661586985,101.80643463134766,18625900
2018-06-21,101.67340872045008,101.901437880416,100.5142490131726,100.60926055908203,7707800
2018-06-22,100.78028755073665,101.47388563159306,100.53325172412684,101.03681945800781,8959100
2018-06-25,100.71377023579176,100.78978236816236,98.56647461427559,99.2410659790039,7995800
2018-06-26,99.25057760228562,99.48811009910774,98.72801045862687,99.06055450439453,6550000
2018-06-27,99.28857608974447,100.59975276246819,98.31944676623841,98.77550506591797,8803300
2018-06-28,98.7279999473982,99.87765623974735,98.50946688406503,99.54510498046875,6303600
2018-06-29,99.6971328240658,100.40973026426957,99.43109760621628,99.58311462402344,6774000
2018-07-02,98.95603298475825,100.11519265128352,98.71850050387738,100.07718658447266,5488900
2018-07-03,100.59974451453627,100.66625331315814,98.33843811247725,98.85150909423828,2406300
2018-07-05,99.4786177603185,100.33373629313823,99.22208582493126,100.08670043945312,6202800
2018-07-06,100.08668471858034,100.60387994709832,99.64611262921717,100.3548583984375,4134500
2018-07-09,100.57514836567071,101.59037938704056,100.32612681634394,101.54248809814453,4725200
2018-07-10,101.76278824835777,102.06927353008894,100.40276026737483,101.55207824707031,4213600
2018-07-11,100.87205224291506,104.72227359280808,100.87205224291506,103.47718048095703,11753800
2018-07-12,103.48676366449763,104.5881902560738,103.26647396187145,103.67831420898438,5931400
2018-07-13,103.43887356844814,105.5842703816338,103.1132361776259,105.35440826416016,8188800
2018-07-16,105.18200290568905,105.78539366441902,104.17634433395462,105.54595184326172,8245900
2018-07-17,105.60343494835938,107.86376658362838,105.440608937857,105.6417465209961,9075900
2018-07-18,105.65131776542025,106.36964330324808,105.01919509186806,106.01527404785156,6414100
2018-07-19,106.82936811338492,109.8367569238494,106.59950600181404,107.39444732666016,17796800
2018-07-20,107.41361401727934,107.46149800236446,106.14936135750513,106.77191162109375,11787900
2018-07-23,106.3600798259925,106.5133188205332,105.68005849606324,106.39838409423828,5447800
2018-07-24,107.11668778049948,107.16457906678879,105.87159471600526,106.02483367919922,5648800
2018-07-25,105.96738571511051,106.71444312616468,105.00003858447563,106.48458099365234,6756800
2018-07-26,107.41360711618196,109.72182257304806,106.96345530362865,108.71617126464844,9466400
2018-07-27,109.18548594100166,109.23337723490262,107.19332795256412,107.86376953125,5717000
2018-07-30,107.46148892827821,108.55334307374189,107.31782967796825,107.87332916259766,5199300
2018-07-31,107.79672874623888,109.2333799122544,107.6147505935775,108.76406860351562,8421200
2018-08-01,108.87899620265644,109.02266277129401,107.835025957263,108.19898223876953,6466600
2018-08-02,107.74883938470066,108.53420841059506,106.96347035880628,107.98828125,4027300
2018-08-03,108.41926274002134,109.28125482952024,107.65305323272182,109.27167510986328,4747500
2018-08-06,109.81761509375765,111.9055410394226,109.33873138720651,111.0435562133789,12715600
2018-08-07,111.64693933862165,112.92077166375472,111.33087436041241,111.63735961914062,15466900
2018-08-08,111.00523227538112,111.49369564766643,109.08969766254343,109.16632080078125,11722900
2018-08-09,109.23337485985545,109.95170040963832,108.04573802304098,109.33872985839844,7042000
2018-08-10,108.7832185875758,108.99392857609016,107.65305280960479,107.92122650146484,5740200
2018-08-13,107.90208298829101,108.0744741120982,107.00177925897447,107.3848876953125,6080900
2018-08-14,107.63390465877009,108.4097012712263,107.2220643581678,107.98828125,4326400
2018-08-15,107.4423430309257,108.34264669008711,106.76232908032817,108.08404541015625,5183200
2018-08-16,108.51505191670375,108.54378377023556,107.65305977482139,107.72968292236328,5082500
2018-08-17,107.7584147758951,108.09363191240892,107.1645963432238,107.72968292236328,4764500
2018-08-20,108.16067203531627,108.22771546057079,107.1837525091523,107.26036834716797,5167600
2018-08-21,107.50938392112731,108.22770942616825,107.26994208611367,107.64347076416016,4770400
2018-08-22,107.69136230885574,107.98826784667602,107.21247863769531,107.21247863769531,3213000
2018-08-23,107.2124795345839,107.40403008177653,106.81979141349855,107.26994323730469,4257400
2018-08-24,106.91557821799019,107.94038910108551,106.73360737068705,107.20291137695312,5049000
2018-08-27,107.73925277820639,108.12236119963713,107.33699222393753,107.58601379394531,4767700
2018-08-28,107.81587499198513,108.02658498730995,107.46149842646743,107.82545471191406,3131600
2018-08-29,107.82545743382755,107.95954428747633,107.28910271204697,107.70094299316406,4001500
2018-08-30,107.33698779353212,107.67220490825319,106.87725624535388,107.19332122802734,3481600
2018-08-31,107.1741732358775,107.53812221632106,106.84852852100879,107.28910064697266,4642800
2018-09-04,107.07840150846637,107.26995207143398,105.97696750343863,106.16851806640625,6391200
2018-09-05,105.90991045583775,106.13977256327611,105.0670705499227,105.22989654541016,6388300
2018-09-06,105.35441014077016,105.74709826783459,104.74143961179865,105.60343170166016,5267200
2018-09-07,105.43103488249807,106.64739623922559,105.36399145822466,106.283447265625,4754800
2018-09-10,106.73360444855626,107.18375630858733,105.708793593518,106.00569915771484,4636500
2018-09-11,105.83329027876596,105.9386452699531,104.8851026652666,104.97129821777344,5488600
2018-09-12,104.63608896016287,105.59385636483255,104.5690455341234,104.83721923828125,5236700
2018-09-13,104.92342182441504,106.04400793116342,104.75102339974718,105.9961166381836,5119400
2018-09-14,106.23555036660976,106.55161533886738,104.28170413881463,104.64566040039062,6012400
2018-09-17,104.9521498091846,105.23947563491768,104.02311429422556,104.74143981933594,5592900
2018-09-18,104.29128819661389,105.11496871829792,103.65916553298727,104.90425872802734,4937800
2018-09-19,105.00003587634797,105.5268108614205,104.85637661422388,105.15328216552734,5964600
2018-09-20,105.9099192719198,107.22205591382303,105.29694872960327,106.90599822998047,7121800
2018-09-21,107.22206107502933,107.25080023602136,105.7375259399414,105.7375259399414,25753600
2018-09-24,107.52853211897641,108.36179230492674,106.98260504740472,108.00741577148438,9232300
2018-09-25,108.5246228145588,109.86549864907859,107.89250012412766,108.83110809326172,12169400
2018-09-26,109.19506526217823,111.40750565722983,109.19506526217823,110.3443832397461,11141500
2018-09-27,110.3252271887966,111.67567539912366,110.23902432458816,111.13932800292969,5195300
2018-09-28,110.76580663199266,112.49936337158952,110.47847347521292,112.00132751464844,7366800
2018-10-01,112.32695817249082,112.44189288971631,110.7945318120774,111.33087921142578,8643900
2018-10-02,110.67002813112956,112.72922223516696,110.4305862765033,112.69091796875,6441700
2018-10-03,112.96865922749919,113.11232579552848,111.8097615778506,111.97258758544922,6111700
2018-10-04,112.05880053931996,112.22161926501136,110.2582002210701,111.22554016113281,6442800
2018-10-05,111.10102600003032,111.65653288375508,109.88466453398486,109.93254852294922,5835700
2018-10-08,109.98043235552802,111.25426475194517,109.3004183780205,111.12017059326172,5652300
2018-10-09,111.69482858261605,112.79625516565257,111.13932177785262,111.95342254638672,6761400
2018-10-10,111.90553014118248,112.27906611852514,107.96911317930191,108.09362030029297,9006500
2018-10-11,107.74883323118479,108.46715878605936,105.66089999272864,106.45584869384766,10045400
2018-10-12,107.24121646306054,108.48630969312894,106.53247063627174,107.85418701171875,5963900
2018-10-15,107.20290101371712,109.7792975532193,107.16458944241323,108.64913177490234,6628800
2018-10-16,109.51112158625223,111.45539555654452,109.032237883726,111.28299713134766,7619000
2018-10-17,111.1967969219884,112.26949907186406,110.5550944989955,112.18329620361328,7120600
2018-10-18,111.8193493934999,112.18329839263066,110.69876323467292,111.27342224121094,6056300
2018-10-19,112.46105620650896,114.13714930334433,112.26950563260218,113.87855529785156,10431000
2018-10-22,114.02221886951565,114.63518945844646,112.74838639584958,113.27515411376953,8406400
2018-10-23,112.01089453605515,113.48585720929833,110.53593916999732,112.87288665771484,8607400
2018-10-24,112.11624490329973,112.11624490329973,106.5516188760284,106.89641571044922,11630500
2018-10-25,107.86376718598204,109.84634541109533,107.3848834861268,109.33872985839844,7406900
2018-10-26,108.07447403777185,109.31957462821778,107.36572818070456,108.40969848632812,7984700
2018-10-29,109.61647761194475,110.08578890598908,107.23163879704188,108.26602935791016,9234100
2018-10-30,108.60125465622939,110.03790588527256,107.66264661194533,109.91339874267578,7365400
2018-10-31,111.32131412623886,111.59906025690836,109.83677165322975,109.98043823242188,9196700
2018-11-01,110.33479291919143,111.36918338393515,110.04746710599693,111.19678497314453,6779900
2018-11-02,111.89597637177964,112.01090379270836,109.53986924932316,110.31565856933594,6377900
2018-11-05,110.85199505660239,111.31172661640927,110.25818395470068,110.5742416381836,7920800
2018-11-06,110.85198566459009,111.90552823703653,110.57423226970414,111.78102111816406,5036600
2018-11-07,111.64695023716843,112.33654396341866,110.29650194591645,112.10668182373047,8249800
2018-11-08,112.48978065027643,112.85373694677978,110.34438367369273,111.10102081298828,11074800
2018-11-09,113.20809106299085,115.12362564820006,112.23117163969535,113.01654052734375,16878200
2018-11-12,113.01655441366695,113.45712654553594,111.67567857783042,111.77145385742188,9170600
2018-11-13,112.16414456421204,112.80584699003114,111.27342056002074,111.91512298583984,4650600
2018-11-14,112.48019894112113,113.22725629845486,111.52243159947585,112.17371368408203,7109100
2018-11-15,111.57032797497453,112.47063171442194,110.81369081416874,112.16414642333984,7088700
2018-11-16,111.60863454161651,112.3844238014097,111.09143926602592,111.28299713134766,7141900
2018-11-19,111.1010161729682,112.8537322335593,109.94211851906067,110.5455093383789,9714600
2018-11-20,108.72576495886764,109.75057590641644,106.81022993113632,107.14545440673828,11194600
2018-11-21,107.748823697603,109.17589496100841,107.55727315612562,108.25643920898438,7242500
2018-11-23,107.4998042212825,108.02657918128237,107.02092055116805,107.34656524658203,3242300
2018-11-26,108.40011323579382,108.40011323579382,107.19332428123964,107.79672241210938,7002400
2018-11-27,108.81195300287516,109.28125697468714,107.66263506577249,109.08970642089844,7357500
2018-11-28,109.49196030376218,111.38834282245898,109.23336634116865,111.19678497314453,9039800
2018-11-29,110.86158398359728,112.19288017428981,110.34438867605557,111.68526458740234,10834700
2018-11-30,111.90554100335379,112.12583072345792,110.20071617773088,110.61255645751953,16857800
2018-12-03,111.72356153184573,111.98215549815896,110.05704840835462,110.85198974609375,9273300
2018-12-04,110.73707864813638,111.37878110589556,107.90208778471201,108.10321807861328,10806700
2018-12-06,107.32742015157771,109.51112880999284,106.46543527591923,109.50155639648438,10546200
2018-12-07,109.89727708474949,110.02274998218975,107.7255849003547,108.08271026611328,8305500
2018-12-10,108.09236896854414,108.38193090426041,105.7179861328148,107.9668960571289,7337500
2018-12-11,109.03825563382023,109.76215304766197,107.55185206040136,108.07305908203125,6861800
2018-12-12,109.06721659138015,110.01311250634436,108.24680094820043,108.3047103881836,7723900
2018-12-13,108.94173507731117,109.64632442099786,108.43017473036429,109.44363403320312,6661500
2018-12-14,108.4591405871845,109.95519084361031,108.1502779811466,108.29505157470703,7601900
2018-12-17,108.38193434061341,108.9610508665415,106.20058781695597,106.77005767822266,7731800
2018-12-18,107.01133933558893,107.21402971830707,105.10990103940664,105.64075469970703,6682300
2018-12-19,106.17162197768545,108.22748800680728,105.15816264053412,105.41876983642578,9416900
2018-12-20,104.96514097552432,105.4091305732281,102.43632297413357,103.27604675292969,9387300
2018-12-21,102.76447320611466,104.96512006230599,100.24530973551012,100.59278106689453,15530600
2018-12-24,99.63725399097112,100.28393398285165,96.85748291015625,96.85748291015625,7133000
2018-12-26,96.99260530510062,102.16605972530779,96.88643308886061,102.14675903320312,9422800
2018-12-27,100.7761859794699,102.84170622583521,99.22221878049422,102.812744140625,8201400
2018-12-28,103.546281850553,104.74312347766852,102.4942211747183,103.56558990478516,7620500
2018-12-31,105.31258666645586,105.85309432929618,103.80688254062088,105.83379364013672,7241700
2019-01-02,104.33774371175372,105.34154898942224,103.9806257075296,105.1774673461914,9723500
2019-01-03,104.70452276619852,104.8686044088952,102.25292269746568,102.62934875488281,10594700
2019-01-04,104.18331251690253,106.89551232417625,103.51732457578241,105.7951889038086,10122800
2019-01-07,106.08474823769109,107.52288892539977,105.4959777980783,106.71212005615234,6714700
2019-01-08,107.90897758421121,108.64252166259838,107.30089904287267,107.54219818115234,8730700
2019-01-09,107.90897907360569,108.8741756400463,107.67732659567686,108.74869537353516,5931900
2019-01-10,108.09236179637814,108.9803482371841,107.61941753903064,108.87417602539062,6160100
2019-01-11,108.2757494479221,108.98999283419003,107.84141394526876,108.7293930053711,4819100
2019-01-14,107.76419479017798,108.77764673534544,107.55185037389569,108.50739288330078,6980600
2019-01-15,108.39157598044288,109.24094629713356,106.76039144743451,107.87036895751953,9800900
2019-01-16,107.57115695351546,108.11167205106047,106.9534317253488,107.04995727539062,5899900
2019-01-17,106.86656884763406,107.38777589587059,106.3260611074772,107.14647674560547,6392000
2019-01-18,107.96689889327986,108.03446236487301,106.97274751246665,107.1754379272461,8554700
2019-01-22,106.7700481065937,107.45533679329215,105.93032443276383,106.75074005126953,6986700
2019-01-23,107.32021086643864,107.94758275690481,106.17162457145592,107.25264739990234,6845600
2019-01-24,107.13681964332669,107.24299185550588,106.10405960438257,106.70248413085938,6716800
2019-01-25,107.59046563728486,107.61942035692024,106.80865875166711,107.22368621826172,5706900
2019-01-28,106.90517476532506,107.1271658539276,106.12336053173377,106.95343017578125,6178800
2019-01-29,106.79901454972041,107.06926844300244,106.1716352323921,107.04031372070312,5253700
2019-01-30,106.4611699845377,106.73142380877559,105.16780292928787,106.29708099365234,7853800
2019-01-31,106.26814029687023,107.65802570642511,106.18127614070575,107.63871765136719,8351600
2019-02-01,108.07306392350901,108.15028141843901,107.06925858101596,107.42638397216797,6557700
2019-02-04,107.53255524359203,108.08271700337806,106.82795849530049,107.90898132324219,7037000
2019-02-05,108.12131163785479,108.81625431502096,107.57114991240908,108.73904418945312,13619800
2019-02-06,109.88762148024703,109.95518494157044,107.2043763535959,107.53254699707031,14229000
2019-02-07,107.18507992851143,107.24298936513152,105.98823090335078,107.08855438232422,8658100
2019-02-08,106.61561472896021,107.65802881623756,106.22953461916872,107.62907409667969,6395500
2019-02-11,107.8800134749933,107.91862222005646,105.44772144693583,105.63111114501953,11086400
2019-02-12,106.37431041185071,106.97273492114198,105.35120442990409,105.39945983886719,7610200
2019-02-13,105.4380591939883,106.63490810597885,105.42841253137395,106.3646469116211,6919700
2019-02-14,106.02684056470679,107.61941636030045,105.72763198776529,106.80865478515625,6324300
2019-02-15,107.52289936072025,108.71008701794462,107.16577397886208,108.67147827148438,8197300
2019-02-19,108.9803394491403,109.81040165752572,108.90312196245078,109.55945587158203,8169600
2019-02-20,109.64632377043574,110.11926800581736,109.34711520411382,109.72354125976562,7081500
2019-02-21,109.45328496615849,110.55360839100396,108.9417319975383,110.31230926513672,9480100
2019-02-22,110.64048232429775,111.7408058464319,109.98414834935234,111.23890686035156,8734700
2019-02-25,111.59602816281718,111.7697638369958,109.51120007267365,109.63667297363281,9327700
2019-02-26,109.69458563783358,110.04205697308815,108.92242547863118,109.5498046875,8956000
2019-02-27,109.16373628116229,109.55947043013366,108.54601103329084,108.85487365722656,7249500
2019-02-28,108.97068993167044,109.4822429153937,108.82590897910259,108.91277313232422,6716700
2019-03-01,109.50153059217054,110.45708034723646,109.50153059217054,110.04204559326172,6996900
2019-03-04,110.43779341976757,110.43779341976757,109.15408017193958,110.3509292602539,6015000
2019-03-05,110.25440047577018,110.55360903715759,109.80075693826994,110.03240203857422,5225100
2019-03-06,110.03241333529166,111.04587271945249,110.03241333529166,110.85282897949219,7352800
2019-03-07,110.85280704910208,110.9010698155106,109.52083864427966,110.04204559326172,6324000
2019-03-08,109.51119697085467,109.87796899979199,108.97068927265964,109.84901428222656,6549100
2019-03-11,110.07102839123816,110.99761630455134,110.06137436272046,110.75631713867188,6952700
2019-03-12,110.72734548467733,111.28716123123912,110.07101155929644,110.73699951171875,9920300
2019-03-13,110.84316773372203,110.85282176105783,109.76215231580005,110.11927032470703,17994500
2019-03-14,110.14824090801898,110.77561281982737,109.96485119381083,110.49571228027344,17409600
2019-03-15,110.51500248506159,111.46089832285097,109.72354162644807,110.95899200439453,14932700
2019-03-18,109.09616528515731,110.03240712045331,108.54600354410967,109.18303680419922,21769800
2019-03-19,109.01894234614657,109.75249375217827,105.97857924503994,106.17161560058594,45384400
2019-03-20,106.47082701196733,107.02098874025735,104.28948815319787,106.1619644165039,35588700
2019-03-21,106.26814346802429,106.31640624324393,104.59835748508986,104.87826538085938,27438900
2019-03-22,104.55973686457853,105.2064167414415,103.76827604236264,104.46321868896484,24133800
2019-03-25,104.71417070515027,105.27398646643937,103.58489251914186,104.03853607177734,18187500
2019-03-26,104.62730750126934,106.499783800993,104.50182723688538,106.30674743652344,16693100
2019-03-27,106.60595328505704,107.22367847220484,105.9110179724146,106.4418716430664,10794800
2019-03-28,106.75075373805636,107.39743376088444,106.4032823363259,106.85692596435547,11748900
2019-03-29,107.67733214211458,107.71594089042478,106.54805386853788,107.16577911376953,16358800
2019-04-01,107.70628235260598,108.94174015520517,107.50359195536362,108.59426879882812,10785100
2019-04-02,109.21198647075015,109.3664140829869,108.02479152452926,108.06340026855469,9231800
2019-04-03,108.77764802673047,109.17338214611192,108.30470378003764,108.60391235351562,10534900
2019-04-04,109.29886811487742,110.86248936076814,109.09617769920261,110.75631713867188,14378400
2019-04-05,110.96864965154344,111.12307727189189,110.33161638745958,110.99760437011719,10907900
2019-04-08,110.99760074918849,111.79871563496678,110.6501294099079,110.95899200439453,11054200
2019-04-09,111.58636633102569,113.0824238298107,111.26784972333111,112.79286193847656,17340300
2019-04-10,113.48780875016395,113.92214423923501,112.23305032683525,113.08242797851562,14091100
2019-04-11,113.63258500107078,113.75805789266781,112.27165442757284,112.54190826416016,12784500
2019-04-12,123.4583033100325,126.3442317806831,121.96224560213895,125.5334701538086,65253500
2019-04-15,126.48899923057829,128.08156750103032,125.27284226328912,127.44453430175781,32773700
2019-04-16,127.16464786260651,127.5314272714029,125.05086502177407,125.3790283203125,14564300
2019-04-17,125.2921587166145,127.75341280410862,124.78060573591821,127.16464233398438,14253700
2019-04-18,127.18395204837907,128.24565940447874,126.54691879808101,127.84027862548828,11890600
2019-04-22,127.3094361224925,127.59899807186065,126.46971972428412,127.09709167480469,10197500
2019-04-23,128.74756738921909,129.567990348919,128.03331663927173,128.71861267089844,12159300
2019-04-24,128.47732468328954,131.02544321076533,128.10089858472148,130.3980712890625,11449500
2019-04-25,130.64901812837724,134.04651443401443,130.14711175047208,132.46359252929688,16382500
2019-04-26,133.8727369308115,135.16609656439263,132.72415086526996,135.05027770996094,14167600
2019-04-29,137.24130661701287,137.4150349353304,132.82070443113642,134.45188903808594,25746100
2019-04-30,134.27813910006998,134.53874629190165,131.29568530017963,132.20297241210938,15253100
2019-05-01,132.70488319810974,133.36120980375242,131.49838747209213,131.63351440429688,8906700
2019-05-02,130.66831510171588,130.9675236790989,127.77272541958759,129.47146606445312,16580400
2019-05-03,130.5138704778828,130.60073462727567,129.12398517667813,129.65484619140625,8874400
2019-05-06,127.92712405365374,130.6200302504003,127.69548634398315,130.301513671875,9955600
2019-05-07,130.6393509764217,131.23776808809865,128.13948087111217,128.7958221435547,10972700
2019-05-08,128.8537372388929,130.97716666732111,128.67034754106737,130.29188537597656,15423500
2019-05-09,130.33048285744874,131.73001484378247,128.21670015562123,128.9405975341797,15297100
2019-05-10,128.3807725559244,129.64519225744635,126.66272407932674,129.3749237060547,9858500
2019-05-13,126.92334061535652,128.04297209764525,126.00640687965087,126.76890563964844,11389900
2019-05-14,128.8730484343955,129.97337192043696,127.45420831716696,128.56417846679688,12001700
2019-05-15,127.93680194531808,130.50422822866733,127.44454229331743,129.99266052246094,9734100
2019-05-16,130.58143615328305,131.6528049242473,130.11814592813735,130.7841339111328,9689400
2019-05-17,129.58726637690606,131.24740540174795,129.36527532350527,130.34011840820312,8964200
2019-05-20,129.5776139178931,129.72238748369344,128.61241753861646,129.24945068359375,8009000
2019-05-21,129.88650746497638,129.88650746497638,128.47731401459083,129.42320251464844,7050300
2019-05-22,129.16260412079035,129.5004140628702,128.74756196280316,129.19155883789062,5093700
2019-05-23,128.09122608433668,128.9019875596092,127.35766736389391,128.1105194091797,6743300
2019-05-24,128.46768036488064,128.6510553575978,127.6183025976342,128.16845703125,4570100
2019-05-28,128.57384118132626,129.37494137160203,127.97540929487786,128.00436401367188,8938400
2019-05-29,127.36733944535365,127.55071441312808,126.22839989167117,126.99091339111328,7749600
2019-05-30,127.29011329843549,128.0622586808598,126.76889896479705,127.59896850585938,5274000
2019-05-31,126.40213508369455,128.30355856342072,126.22839206219786,127.44453430175781,7420700
2019-06-03,127.42523791255351,128.3228635308938,126.91368497845507,127.85957336425781,7901400
2019-06-04,128.8054783117907,130.18571705449685,128.29392531191706,130.1278076171875,8247500
2019-06-05,130.69726355388977,131.26672596274943,130.24362001388832,131.2088165283203,6842800
2019-06-06,131.75898194862685,132.65662244085465,131.00612978236163,132.43463134765625,6027300
2019-06-07,132.8110588968166,133.93067576687037,132.5504516893923,133.23573303222656,7026300
2019-06-10,134.046502928396,134.046502928396,131.33430295198715,132.29949951171875,8479500
2019-06-11,132.80139173631744,132.95582672124797,130.24362673222785,130.37875366210938,6352200
2019-06-12,130.38841187631638,131.53699824592292,130.12781938485847,130.99649047851562,5537000
2019-06-13,133.14887282494223,136.9131485372965,132.8207095037663,136.80697631835938,17939500
2019-06-14,137.10616494897278,137.97483590267558,135.63906215399967,136.72007751464844,11125200
2019-06-17,135.90933148815648,136.55601144567694,134.26850020647595,136.0637664794922,8542700
2019-06-18,137.0482726240342,138.51536087442003,134.1333747238584,134.39398193359375,11231400
2019-06-19,134.65455708466868,136.160275981108,133.75693141783393,136.01548767089844,6877100
2019-06-20,137.03859336557298,137.27989248778974,135.04064429203768,137.07720947265625,8485800
2019-06-21,137.00964173999813,137.0579045110762,135.12751148979345,135.34950256347656,14150000
2019-06-24,135.2433506643418,135.58117538488102,133.00410208186085,134.3746795654297,10497400
2019-06-25,134.18163151709598,135.52325416260572,133.8438068259197,135.06961059570312,14675400
2019-06-26,135.47497894314657,135.84175831956045,134.6545560415038,135.51358032226562,8842100
2019-06-27,136.09272030903156,136.80697109348776,134.0851096179961,134.45188903808594,6466300
2019-06-28,134.55805347473583,135.33021365399588,133.78589329547577,134.78004455566406,20078800
2019-07-01,135.5618446671348,137.00963940845926,134.37465710301305,136.72007751464844,8972400
2019-07-02,136.47878123375727,137.8879746248657,136.35331570175208,137.5694580078125,7554100
2019-07-03,137.7335455810437,138.0231074933591,137.0579109374615,138.00379943847656,4150900
2019-07-05,137.34338125119044,138.77100775881883,136.64413500994655,138.34368896484375,5596000
2019-07-08,138.08149120213528,138.13005285853598,136.90637913949774,136.95494079589844,4993900
2019-07-09,136.02263140090116,137.63478383693692,135.72156982455678,137.5279541015625,7396300
2019-07-10,138.295160297454,140.09183797725044,137.9164030613649,139.4022979736328,9533700
2019-07-11,139.85874770237876,141.15041076486398,139.40229478484875,139.42172241210938,10471100
2019-07-12,139.99469154335108,141.23779277034257,139.84902140695974,140.7036590576172,8510000
2019-07-15,140.94646828779608,141.16983412826505,139.8199030437086,140.87847900390625,5289200
2019-07-16,140.5774214074567,140.81050847725035,139.664515574437,140.14039611816406,5854700
2019-07-17,140.4317478889109,140.50942875804492,138.26601948363444,138.46026611328125,5296400
2019-07-18,138.3534240429329,138.3534240429329,136.1294277748864,137.54734802246094,8031700
2019-07-19,138.1397849056077,138.1397849056077,135.71185008469251,135.8186798095703,6109900
2019-07-22,137.1782903796171,137.36281576071488,135.9740296106714,136.7801055908203,7706400
2019-07-23,137.5667913252805,138.4311355934833,136.22658128067,137.1880340576172,7514500
2019-07-24,137.32399281491624,137.50851823941935,136.3528188492692,137.2171630859375,5896600
2019-07-25,137.32398045938243,139.10123043488358,136.97435727044882,139.08181762695312,7294400
2019-07-26,139.59652874010212,141.00472780036984,138.9264164403841,140.48028564453125,8139400
2019-07-29,141.39320865048614,142.90823760745226,140.9853173789136,142.17015075683594,11674100
2019-07-30,141.5583192536377,142.56834852900008,140.44147506268493,140.7522430419922,6563100
2019-07-31,140.81050822188809,140.82021462601028,138.23688851149845,138.8875732421875,9710700
2019-08-01,139.20805640118877,140.36375565619875,137.18801301058141,137.76101684570312,8911700
2019-08-02,136.92579945455742,138.12033907975902,135.9060640003402,137.6250457763672,6539100
2019-08-05,135.12913701867825,136.187713022263,133.0799594792474,134.3133544921875,10669700
2019-08-06,136.3625356390457,137.85813697717774,134.3813325149414,137.7804412841797,18818900
2019-08-07,131.04047812454687,131.953383898255,128.44744576967994,130.97250366210938,29084500
2019-08-08,133.92486753646253,134.02199084871026,132.08934955890072,133.9151611328125,14054800
2019-08-09,133.14792784293772,135.22623908751711,132.8177175035867,134.52699279785156,8811900
2019-08-12,133.35186646138465,133.60438112281332,131.33182326463285,131.8368377685547,7918900
2019-08-13,131.10849243358484,133.94431878794964,131.10849243358484,133.060546875,8145400
2019-08-14,131.16674811464387,131.25415021146546,128.8553494279968,129.0204620361328,11797700
2019-08-15,129.6517026227823,130.40921700315332,128.6513947918068,129.56430053710938,7590100
2019-08-16,130.1567258074272,131.59405898131556,129.97220040166332,131.30270385742188,6353800
2019-08-19,132.84686700449996,133.6529430939473,130.40922592841503,131.39010620117188,11741800
2019-08-20,129.48661007355193,132.11848288557667,129.41862079155302,131.23472595214844,8628000
2019-08-21,130.72971360814765,132.13791273835264,130.18585861873913,131.8465576171875,6325000
2019-08-22,132.2738694887502,132.7303223633451,130.807402375672,132.15733337402344,6967100
2019-08-23,131.60377017081015,132.5069696058308,127.24320883343913,127.87446594238281,10190900
2019-08-26,130.32181459281986,130.75883983903194,128.72909015357988,130.72970581054688,8093800
2019-08-27,131.85627576209006,132.06993519136145,130.32181932411225,130.61317443847656,6013600
2019-08-28,130.19558666458852,132.7886195180113,129.67115921446663,132.6138153076172,5950500
2019-08-29,134.13851988443554,134.68237483885346,133.4587011914131,133.86659240722656,6532700
2019-08-30,134.30360669236202,134.50755969309444,132.8177120920975,133.3032989501953,5622200
2019-09-03,132.43897484781218,132.4875365047102,131.16673945934417,132.38070678710938,5997400
2019-09-04,132.798317136648,134.21622265426885,132.45840036271784,133.9151611328125,4285400
2019-09-05,134.9154795055319,135.2553963059068,134.33278404352384,134.83778381347656,5143500
2019-09-06,135.11943720806102,135.77982838489274,134.26479938492483,135.52732849121094,4090000
2019-09-09,135.5564596751492,136.0420466428268,134.4881624186832,134.8280792236328,5458700
2019-09-10,134.1385234269204,134.44930616275875,130.70057462059307,131.8756866455078,10974600
2019-09-11,131.65233111781546,132.31273707368084,131.04048682059184,132.26417541503906,7896400
2019-09-12,132.8954291582988,134.67267912327227,132.6040740327571,133.53640747070312,7333900
2019-09-13,133.87634506537356,134.2356747120034,133.15767095317432,134.04144287109375,5209100
2019-09-16,132.36128749124438,133.28391457356483,131.39983479126127,131.8854217529297,6329300
2019-09-17,131.88541345219852,132.78859803096603,131.7591561080511,132.38070678710938,4726500
2019-09-18,132.47782544141788,133.11880372447845,131.80771312903065,132.85658264160156,6857900
2019-09-19,133.05079825900998,133.4004213873385,129.16610341933085,129.45745849609375,12216100
2019-09-20,129.1952707126692,129.38950254088056,127.81620546774842,128.45718383789062,25231600
2019-09-23,128.1852402258118,129.0592907525283,128.088116914427,128.64169311523438,6096100
2019-09-24,130.14700544218644,130.28296919170774,127.70936435471985,128.1658172607422,11904000
2019-09-25,127.99098069548802,129.57399863400974,127.43741936944257,129.25350952148438,6523000
2019-09-26,129.30207500816417,129.45746636774425,125.33968425248644,127.4859848022461,11615100
2019-09-27,126.34973176016594,127.2237823525703,125.20373883923403,126.2137680053711,8401300
2019-09-30,126.59253430245842,127.08782769776077,126.0778132782406,126.56340026855469,5532500
2019-10-01,127.02954195284875,127.98128817211891,125.77671939357218,125.8155746459961,5978500
2019-10-02,124.80554465567704,125.49508460137105,123.89264628588998,125.41738891601562,8296100
2019-10-03,124.89295742641274,125.69901864503372,123.86350815322504,124.45591735839844,8498700
2019-10-04,124.98037496096552,126.67992933218619,124.90267926858,126.51483154296875,6732900
2019-10-07,126.51481851545864,127.77734745357621,125.3202640393426,127.12664794921875,5784100
2019-10-08,126.1554721819367,126.29143592278457,124.66957743590771,124.7667007446289,6526000
2019-10-09,125.37854762012392,126.10692799401556,124.36851853638964,125.60191345214844,5004600
2019-10-10,125.49508192591186,126.38856006004598,125.16488638439334,125.61161804199219,4512000
2019-10-11,126.54394590422683,127.21405818031337,126.09719944719055,126.27201843261719,6559000
2019-10-14,126.3788627828479,126.54396056552933,125.74759086430865,125.96125030517578,3710300
2019-10-15,126.26232474681106,127.11696259764652,125.66990802183449,126.01953125,5914700
2019-10-16,126.01951713714834,128.02985417869826,125.96124907546933,127.08781433105469,7610800
2019-10-17,128.7096668824966,129.59343862693765,126.74789159083122,128.5542755126953,8005100
2019-10-18,128.554291924986,129.32152764949598,127.11695861816406,127.11695861816406,8694000
2019-10-21,127.65108924878697,127.93272313620409,126.27202420290828,126.50509643554688,6257100
2019-10-22,129.31180023255044,129.82652121950906,128.29207948185666,128.5834197998047,9291600
2019-10-23,128.63197844685857,128.85534429170065,126.99069220580976,127.35003662109375,5970800
2019-10-24,127.72878493264531,127.90358910712426,125.89326700593412,126.50509643554688,5746300
2019-10-25,126.73818434623021,127.961858032687,126.28173146230358,127.12664794921875,6696000
2019-10-28,127.66080455324406,128.27264884445378,126.38856913159766,126.76732635498047,8940300
2019-10-29,126.7381983020413,127.00041941334823,125.7087563037215,125.74759674072266,9305100
2019-10-30,125.95154546603976,126.55366854199887,125.42710326141797,125.86414337158203,10880000
2019-10-31,125.79614666372042,126.39826970415524,125.03863225190344,126.1749038696289,9628300
2019-11-01,127.21406399684373,128.97188623974068,126.74788989368194,128.92332458496094,8507600
2019-11-04,130.2538303236528,130.27325794970213,128.65139941959592,129.0884246826172,7631800
2019-11-05,128.94275368912992,128.94275368912992,127.1169421448191,127.66079711914062,7404500
2019-11-06,127.8064739242791,127.86474197938772,126.8935682104158,127.4859848022461,9132500
2019-11-07,128.53485695527607,129.84593267961068,127.95214675405889,129.1272735595703,18047600
2019-11-08,136.17798641050402,136.20712043791707,132.79830586016996,133.98313903808594,24175900
2019-11-11,133.53641141505568,134.56585337929806,132.28360360283975,132.79832458496094,10138400
2019-11-12,134.05111756294292,135.32335286169854,132.79830988936396,134.58526611328125,17284000
2019-11-13,134.58526644007858,145.59837373116622,132.89541870006934,144.43296813964844,45725400
2019-11-14,143.7337373862227,146.28792948859203,142.0633170905435,142.90823364257812,28393600
2019-11-15,142.89852604335923,142.95679410591742,140.05299364955908,140.49972534179688,13733400
2019-11-18,140.57738591044802,144.7437143507791,139.54794421194325,143.39378356933594,15353100
2019-11-19,143.9085213362527,145.1710501941156,142.5683116178793,144.10276794433594,11504300
2019-11-20,143.82113002729037,144.69519537233228,141.82051429323076,142.69456481933594,9448400
2019-11-21,142.91793519592025,143.2189966928452,142.04386991372277,142.66542053222656,6241400
2019-11-22,142.96649572172038,145.13220905709406,142.45175999552924,144.01535034179688,9639400
2019-11-25,144.5106711293199,145.88002980759458,143.44237397202684,145.37501525878906,11316800
2019-11-26,147.37564381192405,148.98779609155187,146.2685061249742,147.26881408691406,24949900
2019-11-27,147.90977295073145,148.17199402647137,146.7929141875051,147.1134033203125,6155400
2019-11-29,147.11340220569457,148.07486959683214,146.65694933687595,147.2105255126953,6284900
2019-12-02,148.53134414562876,148.56047817819424,144.8020397878647,146.27821350097656,10351000
2019-12-03,143.48124502463455,144.8117485970121,142.63631360939073,144.29702758789062,9273800
2019-12-04,144.99626251262208,145.02539654335936,143.90853769565967,144.0056610107422,7684800
2019-12-05,144.4038477306982,144.5398114822164,142.85968480582633,143.18988037109375,7363300
2019-12-06,144.12220843412135,144.32616148421138,142.93737502811254,143.40354919433594,7084900
2019-12-09,143.69490043778376,144.22903424128833,141.20868274231782,141.99534606933594,11515000
2019-12-10,141.0727067398871,142.61688440871427,140.8687685319814,141.8885040283203,7084100
2019-12-11,143.14130897095427,143.6268958817478,142.52946472129477,143.33554077148438,8253700
2019-12-12,143.65603223965832,144.63691248054494,143.00534754691927,143.50064086914062,7748300
2019-12-13,144.03797604482463,144.39947335418455,142.9437493753942,143.01214599609375,9350100
2019-12-16,144.19428758174234,145.22989701728898,143.1782221660322,145.04428100585938,9134400
2019-12-17,144.69258253565636,145.044300401149,144.22361544318534,144.33108520507812,8776100
2019-12-18,144.3701808844251,144.54603237261009,142.8265309991175,142.89491271972656,9467800
2019-12-19,142.81673838823684,143.42248379869275,141.9765392561694,142.7874298095703,10243900
2019-12-20,143.76443335642418,144.47764857998212,142.41619390984263,143.5006561279297,12629900
2019-12-23,142.55295335567854,142.96328834220748,141.0093036971821,141.3512420654297,9314000
2019-12-24,141.25356358996572,142.0839981889137,141.1265498069474,141.9472198486328,3508500
2019-12-26,142.05469286956694,142.5041159452162,141.82998878560298,142.34779357910156,4422000
2019-12-27,142.68975294364606,143.13916113063547,142.10355149971332,142.3966522216797,5495300
2019-12-30,142.3966447911726,142.51387911075287,140.1007066479177,140.4622039794922,6602800
2019-12-31,140.3644946879318,141.43919227853138,139.9639242307337,141.3024139404297,5662900
2020-01-02,141.94720157738908,144.79025268554688,141.76158556696657,144.79025268554688,9502100
2020-01-03,143.0316740743746,144.4971625993486,142.68973569651277,143.12937927246094,7320200
2020-01-06,142.19149567237625,142.67022741055695,140.98979895506525,142.29896545410156,8262500
2020-01-07,142.6311297311495,143.49087292933734,142.0742368922616,142.34779357910156,6906500
2020-01-08,142.14262814494123,142.76790267804353,141.48804503276546,142.0546875,6984200
2020-01-09,143.10008501112677,143.2564073806162,141.28287846204648,141.49781799316406,6664200
2020-01-10,141.95699562626314,142.152391120486,140.94091520395122,141.29263305664062,5152500
2020-01-13,141.41965025049527,141.41965025049527,140.06163140743837,140.56967163085938,9921300
2020-01-14,140.1104888052538,143.34433138273153,139.01624713983438,141.8592987060547,14839100
2020-01-15,142.35757640387885,142.35757640387885,140.61851612832484,140.9995574951172,6818200
2020-01-16,141.75181935121222,142.08399317907907,141.1167802739538,141.7811279296875,6948400
2020-01-17,142.19146025815556,142.28916545638006,140.69666315318588,141.00930786132812,10355300
2020-01-21,140.92139692244933,141.26333533669373,139.71968547054888,140.2570343017578,9250200
2020-01-22,141.12654957460768,141.45872341364003,140.23748291038498,140.69667053222656,7550000
2020-01-23,140.29611249304537,140.30587705011897,137.41397303021577,138.92831420898438,11082000
2020-01-24,138.14672369655264,138.97717322548772,135.9973433312001,136.8571014404297,13076300
2020-01-27,132.73419651422893,134.56116764811912,131.89398240040637,132.7732696533203,12831800
2020-01-28,133.35947594322852,135.73356055706054,132.73420134097577,135.1864471435547,10390000
2020-01-29,135.41116522286157,135.48931150335005,132.6658038005194,132.92959594726562,9382700
2020-01-30,131.9819073294629,134.6784160495017,131.72789465763216,134.6393280029297,11847300
2020-01-31,135.2157486182991,135.47954075298844,133.9065823179799,135.12782287597656,12379100
2020-02-03,136.57377600589243,138.557084510378,136.534702865007,138.06858825683594,12639900
2020-02-04,142.1426244458013,142.24031473759698,139.95415618303588,141.4001007080078,23519700
2020-02-05,143.22709757324765,143.91098929925525,135.3818494778055,138.11741638183594,27824100
2020-02-06,138.6547713967076,140.6380649445551,137.97087964016052,139.4168243408203,9504600
2020-02-07,138.6254455025236,138.7231507017093,136.89616484943502,137.7754669189453,10948900
2020-02-10,137.78523568620386,139.30934143066406,137.22835777544532,139.30934143066406,8162100
2020-02-11,139.56336329069953,139.70014162351822,137.22835216833144,137.76568603515625,10790100
2020-02-12,138.08810433238457,138.94786242789434,137.6289167048029,138.5863800048828,8168200
2020-02-13,137.92202578475684,138.63522611671345,137.58008736344274,137.65823364257812,7543100
2020-02-14,137.8536342231457,138.0294857002306,135.92895799387094,136.3295135498047,9110500
2020-02-18,135.82148638666212,136.44676092066547,134.92265517576485,135.938720703125,8214900
2020-02-19,136.41745100105845,138.6059043947052,136.02664510382107,138.0490264892578,7080900
2020-02-20,138.37141588293863,138.37141588293863,135.65537864519064,137.14039611816406,5981700
2020-02-21,136.64216674044135,136.66171076390197,135.39161757795765,135.77264404296875,7725800
2020-02-24,129.8422830480937,131.34685968142279,128.19117842664468,129.9497528076172,19336500
2020-02-25,130.67272917048564,130.85836010557057,125.03548648896019,125.24065399169922,21032500
2020-02-26,123.21828300698591,125.41650843235236,119.32007800104412,120.52178192138672,31195900
2020-02-27,117.05345382353349,120.07236413210151,115.20693883487802,115.32418060302734,30827500
2020-02-28,111.87540537336888,115.58797213926653,110.60531223138294,114.94316101074219,35389900
2020-03-02,116.38910158578352,117.21955108642578,113.36042664547664,117.21955108642578,21775900
2020-03-03,118.36263617464923,118.97813873146438,112.50068150602964,113.77076721191406,19529700
2020-03-04,116.22301823708526,116.49657492406433,112.82308876483005,116.43795776367188,13842100
2020-03-05,114.17134060992505,114.26903836612668,109.53062637866819,111.35760498046875,22397200
2020-03-06,108.21168187171321,113.20411370402306,107.78180282427813,112.61791229248047,22899600
2020-03-09,106.18930870108007,107.88927342777744,101.88076854347835,101.94915771484375,26233600
2020-03-10,105.61287388266341,109.0128106156418,100.07332892443557,108.89556884765625,24083700
2020-03-11,105.92551786061443,106.39447750843509,100.49344231510418,103.08247375488281,24771300
2020-03-12,95.37400090339158,97.69924013522004,89.5315830636068,89.69766998291016,40392900
2020-03-13,98.46129023947229,100.50320817673254,90.12754648353142,100.1612548828125,40960100
2020-03-16,89.68791353526697,96.01882069430866,87.92932407227697,92.82405853271484,35379500
2020-03-17,93.59587444553634,95.21767794562732,89.05285831689824,91.37809753417969,27526200
2020-03-18,85.57476013516698,87.28449682311978,77.25078822551828,86.75692749023438,43592500
2020-03-19,85.97533020458238,95.15906014902575,83.15182279758163,92.74588775634766,30866800
2020-03-20,93.78149652985847,94.75848891049124,83.86502237566381,84.0018081665039,31957800
2020-03-23,82.54608078739315,85.27189031269766,79.2243053378898,83.786865234375,32246600
2020-03-24,90.20570862330712,96.88833295347065,89.68790385229192,95.86249542236328,32538100
2020-03-25,98.34405590036461,103.48303041850883,93.3125436857605,98.41244506835938,28533000
2020-03-26,98.5101389978222,105.25138760494231,98.48083042036872,102.9359130859375,24520300
2020-03-27,98.13888257761883,99.15495555751293,93.34185381952479,94.18206787109375,30591500
2020-03-30,93.79127108613983,98.14865632755348,89.9809992074933,97.50384521484375,23119200
2020-03-31,97.91417154847039,100.78653135583893,93.94758511266421,94.37745666503906,21563200
2020-04-01,91.34878711754364,95.15905887311163,90.43041189925496,92.73611450195312,18303900
2020-04-02,92.03267955980188,95.02228132244515,92.03267955980188,94.73895263671875,13936500
2020-04-03,94.0941389092375,94.69010489013392,90.57696763850926,91.72004699707031,14814600
2020-04-06,95.02227282408572,97.88486055036498,92.34530856547667,97.28889465332031,20407400
2020-04-07,102.44742063329677,103.45372158294593,97.94348520606563,98.91070556640625,22899600
2020-04-08,98.2170520765895,99.99517807854406,96.38030891151524,98.74462890625,22562500
2020-04-09,105.43701525652808,105.5054044245818,101.1480193292125,102.095703125,31453600
2020-04-13,102.3008732881964,102.45719565001681,97.31821354000789,101.11871337890625,17306000
2020-04-14,103.07271029656708,105.1634736816293,101.5095237638843,103.59051513671875,19866900
2020-04-15,101.98824351892014,102.46696774294608,100.3371238566012,100.99171447753906,14157600
2020-04-16,101.14801285842131,101.3336437829175,98.56875375131328,99.6727523803711,18029300
2020-04-17,103.76636935820966,104.33302677981261,101.94916276745609,104.17670440673828,17926900
2020-04-20,101.19687917912759,102.44742831533259,99.65322932806046,99.9072494506836,17021000
2020-04-21,97.70901709309979,99.17450576932245,96.84925896591155,98.22682189941406,16101400
2020-04-22,99.45783471497622,100.26873278617897,98.56876800473181,98.66646575927734,11463800
2020-04-23,98.33428553856925,100.17102854827299,97.17166220930135,98.67623138427734,17132200
2020-04-24,99.43829178788707,99.57507013653074,97.23028673228625,98.86186981201172,13614100
2020-04-27,99.65322523561494,104.06922762322003,99.27219879425819,103.61981201171875,15518300
2020-04-28,106.28699949378941,107.52777650842998,103.54165335375481,103.766357421875,16503700
2020-04-29,107.41055396633152,110.10704780242432,106.06229959442415,109.66740417480469,20139800
2020-04-30,106.92205669650646,107.77203536217223,104.40141437282949,105.66173553466797,18638700
2020-05-01,103.91291457954992,104.45026339308725,102.06639949864623,103.07270050048828,13209100
2020-05-04,99.66299673164232,101.44112260007061,98.23658872324253,100.80607604980469,19514800
2020-05-05,99.17449906793631,102.76005933121886,98.57853311690063,98.73484802246094,30169800
2020-05-06,99.14519955548333,102.84799447307834,96.58547658984507,98.55899810791016,51992400
2020-05-07,99.5066773659186,103.18017098467519,99.48714079704457,103.1410903930664,20868800
2020-05-08,106.54102877023888,106.66803510429541,104.17670139591779,106.64849853515625,24079700
2020-05-11,105.90597628311583,106.30653928593557,103.96176351930409,105.29046630859375,20555900
2020-05-12,106.55079338339833,106.92205528198295,102.08593821976424,102.15432739257812,17049700
2020-05-13,102.09570512967821,102.13478571988487,99.26242569750836,100.55205535888672,21085800
2020-05-14,99.63369359414999,103.48303878870303,97.36707140231103,103.47327423095703,22002200
2020-05-15,102.56465717525099,106.86341742611272,101.87098606769425,106.541015625,29766000
2020-05-18,111.83632083793995,117.02414807895306,111.83632083793995,114.16156005859375,40044600
2020-05-19,112.45182485762177,113.79030714220444,110.81047731128923,111.7386245727539,20332600
2020-05-20,113.74146082557631,118.08908176099663,113.3702063727911,117.16093444824219,25749900
2020-05-21,116.59427946821168,117.53219881229374,113.819624391374,115.11902618408203,17578300
2020-05-22,114.79660894671623,115.84199053428935,114.14202581654234,115.30464172363281,9288200
2020-05-26,118.26493390256323,119.69134192296727,117.65919592655855,118.16722869873047,16466400
2020-05-27,120.83441413238819,120.93211187660503,116.95575331071245,118.73387908935547,19345400
2020-05-28,118.8022774338799,119.17353932599026,113.3311213425957,114.0638656616211,18606000
2020-05-29,113.51674938710453,115.04085514648503,111.49437541644176,114.60121154785156,17745100
2020-06-01,114.56213087642888,116.89714211541377,114.23972159559989,116.03738403320312,10538300
2020-06-02,116.26210089432566,117.0925429813701,115.1190215231988,116.01785278320312,10753100
2020-06-03,117.22931134546792,119.632711659806,116.57472825232246,119.36892700195312,12584300
2020-06-04,119.14422035980117,121.63555396471912,119.04652261044096,120.84419250488281,14195100
2020-06-05,123.40391306381174,124.87917373950857,121.42061959756188,121.94819641113281,16581600
2020-06-08,122.22174176235676,124.50790774237937,121.08843450987777,124.3515853881836,13858100
2020-06-09,122.73956136897691,122.89588374208911,120.6683421022672,121.03959655761719,10882800
2020-06-10,121.16658936889472,121.24475054672527,118.14768655032644,119.36892700195312,11497100
2020-06-11,114.8943051954467,115.28510364773655,109.66739732591888,110.04842376708984,26078800
2020-06-12,112.52021794081091,114.30811590153067,110.29267636201419,112.83285522460938,18361900
2020-06-15,109.50130675943652,115.40234157629341,109.13981689868166,114.38626861572266,14156400
2020-06-16,118.45055529931172,118.7045754078415,113.37996986286109,115.71498107910156,12951200
2020-06-17,115.91038143045905,116.48681084082092,114.44489278379561,114.94316101074219,8921600
2020-06-18,114.19085963411199,115.80289845226142,113.26271991201436,115.6465835571289,9577300
2020-06-19,117.21954997823232,117.3563283162275,111.71907806396484,111.71907806396484,23496300
2020-06-22,111.5627674826767,113.51675233419508,110.50761387393023,113.25296020507812,12868000
2020-06-23,114.26902923598573,114.74775342082616,113.3018088553072,113.90753936767578,10187600
2020-06-24,113.18456122891688,113.3311115708581,107.49846610170582,109.49153137207031,22252500
2020-06-25,106.48240724226527,108.94443244138341,106.00368301893825,108.79788208007812,17240400
2020-06-26,108.39730104144058,108.64154913522829,105.53471308409424,106.5898666381836,15270900
2020-06-29,106.49216800075035,109.0030380857329,105.61287337969688,108.95418548583984,12584300
2020-06-30,108.9346554788952,109.47200429464029,107.4007776685127,108.94442749023438,10565900
2020-07-01,110.22427355342461,112.94031101802553,109.70646881498975,110.40990447998047,11930900
2020-07-02,112.35413271677923,112.45183047184773,109.42315534155891,109.59901428222656,10312000
2020-07-06,111.21105484805516,111.89494659673467,110.30245155117463,111.79724884033203,11933400
2020-07-07,111.0156478881836,112.43229139357918,110.0191188825439,111.0156478881836,10836500
2020-07-08,110.86910076146222,114.43511705611475,110.21451018894295,113.97593688964844,13629500
2020-07-09,113.82938904585181,115.1385553120014,112.72538283976681,114.12248229980469,13582900
2020-07-10,114.14202325505401,116.69197400138076,113.53628528698566,116.59426879882812,14207900
2020-07-13,117.18047947250052,117.36610297354802,113.2236569795052,113.54606628417969,15620200
2020-07-14,112.57883971605527,116.34025903826564,111.9047125617399,115.92992401123047,12425100
2020-07-15,118.83157793340492,119.28099352405002,116.9459823825134,118.11837768554688,15314200
2020-07-16,115.01154905386072,117.22931857101068,114.89430727988858,116.68220520019531,10210100
2020-07-17,116.16439885895575,116.80920997254458,114.36672895134643,115.92015075683594,9843500
2020-07-20,115.33396091824878,115.76383252469459,114.13225693323747,115.07994079589844,8947900
2020-07-21,115.33396085818006,117.62011959656007,114.9529344017834,115.8908462524414,8946300
2020-07-22,115.4707346821299,116.55519684751863,115.21671456985906,116.2914047241211,7063300
2020-07-23,116.1253160312673,116.60404021511968,114.31788160116884,115.40234375,7255800
2020-07-24,113.0380315901669,115.49028490261537,112.8719446506823,114.90409088134766,8233300
2020-07-27,114.50350240750716,114.71844192082096,113.01847728966847,113.63397979736328,9413000
2020-07-28,112.80354515327987,114.15179202424551,112.04149224995751,113.5069808959961,6821100
2020-07-29,113.5460544430327,114.02477861728984,112.46159231593778,112.95008850097656,9496500
2020-07-30,112.26619524689204,113.61444201527573,110.76162612363828,112.99893951416016,9713500
2020-07-31,112.56906078070601,114.35695858635005,111.49437067672976,114.2494888305664,9601000
2020-08-03,113.49720625394392,114.42535351390529,112.69607277749944,113.67306518554688,10229200
2020-08-04,113.29203662610388,115.62704784140384,113.09664112968915,114.59143829345703,17293900
2020-08-05,120.53155044186866,127.31187236881675,120.44361725323866,124.67399597167969,53000200
2020-08-06,124.0389367057011,128.60149623478648,122.71999864259601,127.81013488769531,27238000
2020-08-07,127.22396422437365,128.90439251278795,125.69985831342171,126.94062805175781,16088600
2020-08-10,126.76477020113191,128.29865550108323,125.53376508272154,125.82685089111328,8529200
2020-08-11,127.52682796180632,129.7055170306868,127.00902313701933,127.48775482177734,13885700
2020-08-12,127.66360099093106,129.9399951765598,127.48774950654887,128.75782775878906,12204200
2020-08-13,127.63430043269223,129.3049641779413,127.44866947125094,127.94694519042969,6468600
2020-08-14,127.01878469645531,128.06417378714883,126.75500746511182,127.52682495117188,6507600
2020-08-17,127.10671646314543,127.14578959952075,125.58259580553239,126.39350128173828,7492200
2020-08-18,126.46190530018264,126.60844820481059,125.40675166369621,125.95386505126953,6714600
2020-08-19,126.27626665597425,127.22395046875668,124.49814080082984,124.83031463623047,7624200
2020-08-20,123.88264185653841,125.49467338669707,123.61884972893603,125.1722640991211,4918100
2020-08-21,124.78147600292455,125.35789796639678,124.30275179297261,124.50791931152344,6064700
2020-08-24,125.2015744844356,127.86877456346319,124.98664241014639,127.68314361572266,7613600
2020-08-25,127.81992111038245,128.0739337748156,126.33488844605297,126.80384063720703,5494400
2020-08-26,127.00901859360548,129.54920492856627,126.54006639142195,129.13885498046875,8447800
2020-08-27,129.9399827410117,133.22267763814605,129.76413127345887,130.65318298339844,13667600
2020-08-28,131.40548894266854,133.65257463475675,130.5066576473777,132.4215545654297,11020100
2020-08-31,132.13822236547225,132.42154360264425,128.23025275762095,128.8359832763672,11617500
2020-09-01,128.88485335541017,130.53597312386242,127.87855223754693,130.47735595703125,7351200
2020-09-02,130.55550778475526,132.79281396877386,130.194010435686,132.27500915527344,8187800
2020-09-03,132.12845373787167,134.08243848160268,128.98253710784707,130.17446899414062,12079200
2020-09-04,130.6727330629934,131.776739241772,126.44235419621447,128.95323181152344,11248300
2020-09-08,128.95323606182438,133.9847411077477,127.84922984665772,131.1123809814453,17257300
2020-09-09,131.1905488205918,132.43133344245115,129.21701983985614,130.29171752929688,8891800
2020-09-10,130.5066250287879,133.6036886364058,129.6859551261681,130.1549072265625,9853400
2020-09-11,130.66297026241529,130.66297026241529,128.0739314316346,128.71875,7165300
2020-09-14,129.48080423195447,129.8715952368719,127.88830181685941,128.23025512695312,8391900
2020-09-15,128.43544430955228,129.49058312115446,127.99578574570798,128.2205047607422,7289100
2020-09-16,129.12907975763022,130.54571571262625,128.3767914585472,129.05091857910156,6601000
2020-09-17,127.54637018110081,128.73830218937127,125.64123784254461,127.22396087646484,6723500
2020-09-18,126.52051081057228,127.7808243974737,125.17225658127096,125.6705322265625,9916300
2020-09-21,123.08150542415397,123.9705646292027,120.746486738334,122.52462005615234,10352700
2020-09-22,122.37807091404399,124.53722323774764,121.83095009782903,124.283203125,6978800
2020-09-23,124.14642076942118,124.37113229532686,120.07236435537456,120.44361877441406,8323600
2020-09-24,119.12468533943968,120.95166383704422,118.00114257254619,119.67179870605469,8480000
2020-09-25,118.56779726162354,121.33268751926164,118.19654283614035,121.14705657958984,6851800
2020-09-28,122.85679435774806,123.94125651856665,122.48553992896332,123.09127044677734,6283700
2020-09-29,123.02287956322124,123.38436942974546,120.83441870375822,122.51484680175781,7405800
2020-09-30,120.40454222815323,122.66139975838333,120.40454222815323,121.2252197265625,13642500
2020-10-01,122.06543329661484,122.5832380779289,119.6034082652681,120.47293090820312,8908300
2020-10-02,119.18330215473779,120.83442171489466,118.89020890369528,119.73042297363281,6490200
2020-10-05,120.42408541537932,120.756259253814,119.51548218443797,120.53155517578125,5919200
2020-10-06,120.2970700921257,121.33268709238436,117.8350525532236,118.14768981933594,9052000
2020-10-07,119.14422637886771,120.47293670810123,118.14769735887302,120.08214569091797,10187800
2020-10-08,120.7367272668283,120.90281419234776,119.6034124609903,120.25799560546875,7404600
2020-10-09,121.00050887834882,122.66140045302694,120.49247610320741,122.1045150756836,11502200
2020-10-12,122.02635265121906,123.0424256450167,120.8832733283944,122.09474182128906,10958200
2020-10-13,126.81362050349861,128.33772631036064,124.95733339414623,125.99295043945312,22389000
2020-10-14,126.16880100832904,126.52051887719225,122.40738166761707,123.6774673461914,11531500
2020-10-15,122.1240534393078,124.46883675611464,121.56716805377899,124.42975616455078,7744000
2020-10-16,124.86940272894374,125.17226800340153,123.42345807618315,123.89241027832031,6291700
2020-10-19,124.43952057543403,124.46882915385164,120.86372493127914,121.37176513671875,6576900
2020-10-20,121.71372050795031,122.83726330974253,120.79534522501152,122.07520294189453,6161200
2020-10-21,121.49876814088907,124.6251406510036,120.99072794933294,123.71653747558594,6591500
2020-10-22,123.75562234113353,125.15272918927191,123.07173066023948,124.6251449584961,5177700
2020-10-23,125.15273218606808,125.54352318230204,123.44298803517238,125.39698028564453,5439900
2020-10-26,124.1855029814325,124.1855029814325,120.12121107125229,121.20567321777344,8578900
2020-10-27,121.17636663144505,121.74302401448554,120.19937422780026,120.47293090820312,6813800
2020-10-28,118.22584706167528,118.73387980698955,115.59773523935502,115.7442855834961,11654700
2020-10-29,115.44142084992566,119.80857043843062,114.53281765685735,118.74365234375,9583700
2020-10-30,117.86436878593985,118.94883100372,116.3500275041428,118.46033477783203,8090200
2020-11-02,119.4275510949698,120.10167824865755,117.05345922096146,117.36609649658203,9186000
2020-11-03,118.81204762591085,122.192440471456,118.57757153449411,121.16659545898438,8144900
2020-11-04,120.73671966450578,123.94125346648192,120.57063274944416,122.19243621826172,7483000
2020-11-05,123.86308913764755,125.66075148665767,122.90564080728437,124.03894805908203,7654800
2020-11-06,123.35507021920283,125.09410815339243,121.74303116769882,124.52745819091797,6259700
2020-11-09,137.03294737110258,144.28222912213818,134.8933465576693,139.30934143066406,35634700
2020-11-10,136.74961485996565,139.09439044150622,134.50252956481953,138.8403778076172,18115400
2020-11-11,138.2151254263015,138.732930240921,133.47670600075875,134.64910888671875,9600900
2020-11-12,133.2031186842044,135.30366094894276,131.0146656032651,132.40199279785156,13768200
2020-11-13,137.65822034495645,137.9415564834101,133.379003858862,135.17666625976562,21062300
2020-11-16,138.31282413999273,141.40988832436693,138.31282413999273,141.34149169921875,16382500
2020-11-17,141.07769457858288,141.4978090565874,139.28003216615417,141.17539978027344,9354900
2020-11-18,141.17540429430483,142.1328526890593,140.05186897754245,140.58920288085938,9456200
2020-11-19,139.28981535815578,140.00301564487475,138.43982182232133,138.45936584472656,8892500
2020-11-20,138.44958477564018,139.3288718786354,137.61913536125184,137.82431030273438,8481600
2020-11-23,139.17255611647525,144.35061850987958,138.43981186007994,142.621337890625,12887000
2020-11-24,144.75119129660808,148.36606003860206,144.44832605095232,148.00457763671875,16711700
2020-11-25,146.81264879696602,146.81264879696602,143.85236308463192,145.6597900390625,9552000
2020-11-27,145.5718746707221,146.89082043787437,143.15870213289173,143.74490356445312,5306400
2020-11-30,143.67650494472588,145.2690073824607,142.92421659645757,144.60464477539062,9710100
2020-12-01,146.12876855027645,147.91665162291045,145.57187569560023,146.0017547607422,8825500
2020-12-02,146.05060167937967,150.4665966674938,144.92705145600263,150.0758056640625,10601900
2020-12-03,149.91948501261507,150.88671288258288,148.62986276037935,149.71432495117188,9063200
2020-12-04,150.15396905863034,151.1211820240759,149.29421094914855,150.59361267089844,6033300
2020-12-07,149.65569932189197,150.33960597671768,148.75686803888107,150.14419555664062,6815500
2020-12-08,148.91319534029276,151.31660345419715,148.74710840390804,150.18328857421875,7900600
2020-12-09,152.69412898861327,153.83722316563973,150.34935329378837,150.87692260742188,10804300
2020-12-10,149.79249128534298,151.76600532312335,148.99135031156771,151.13096618652344,8993200
2020-12-11,165.7760662156925,175.321286307102,161.52615814496937,171.67710876464844,87410700
2020-12-14,169.8012657927752,173.22073886434777,164.92606881823988,165.40480041503906,30939400
2020-12-15,166.56744369474484,170.4558693671739,163.95887571221462,169.9380645751953,18802600
2020-12-16,169.98692596290223,170.82714008707285,167.6714436616601,169.13693237304688,11105800
2020-12-17,169.8208294808924,170.81735101503352,168.00362298465922,169.55703735351562,9004600
2020-12-18,169.60588735298768,171.79434079772236,168.3162502235796,168.91221618652344,21172100
2020-12-21,166.17663124729984,167.9840731232962,164.3203516782123,166.76283264160156,11424200
2020-12-22,166.08870723365087,167.5053432255702,165.26803719929055,166.52835083007812,6419200
2020-12-23,168.98061540397336,171.9018131967811,168.33579682937292,169.55703735351562,9994000
2020-12-24,169.98692247650004,170.56334444663656,168.41396402889714,169.73289489746094,2721000
2020-12-28,171.7064108881518,175.78046732627277,171.02251920328507,174.74485778808594,13145400
2020-12-29,175.8684053481775,176.0540362986918,172.16561052648683,173.22076416015625,6875400
2020-12-30,174.393126065797,179.18038238686833,174.2661122959511,177.00169372558594,11680400
2020-12-31,177.05056265341895,179.1803989144691,176.1224228616061,177.011474609375,7073500
2021-01-04,178.06662203363751,178.3890313011228,170.70987076095753,173.5919952392578,13426600
2021-01-05,172.14605018786133,176.19079794638418,172.14605018786133,174.3345184326172,7771800
2021-01-06,174.21728886948813,177.43158724974077,173.2012084429774,174.99887084960938,7517800
2021-01-07,175.37014474146403,175.8097883623356,173.49432102674933,174.4713134765625,7300800
2021-01-08,174.69601545001643,175.87818285937004,172.5368705104041,174.5787811279297,7894500
2021-01-11,173.6604228164612,177.08966124200597,173.26963176618003,174.96958923339844,6461300
2021-01-12,173.22074503258565,174.21728139451974,170.8368813354241,171.94088745117188,8349800
2021-01-13,170.38747344291724,173.6408600163736,169.74266977044624,172.06790161132812,6839500
2021-01-14,172.9374234827236,174.24660465982265,169.41048023827787,169.43978881835938,8951200
2021-01-15,168.97082806884515,170.18230397914857,166.25479046227179,167.49557495117188,12232500
2021-01-19,168.14038445299568,169.713342686543,167.49556594310727,168.29669189453125,7834700
2021-01-20,171.18862366333772,173.78742723989046,169.0196991635347,169.6449737548828,9809200
2021-01-21,169.25417565764644,170.97367698511698,167.0852512484175,167.33926391601562,8416400
2021-01-22,169.99666510940705,171.21790551967578,167.93521070056465,168.8047332763672,9517200
2021-01-25,167.9352264404297,169.12715838518434,164.88701486117318,167.9352264404297,7833700
2021-01-26,169.01968497205434,169.36163827468155,165.16056797880307,165.65882873535156,7523200
2021-01-27,161.2135087493086,162.51291041566313,156.82682246344405,159.27906799316406,18239200
2021-01-28,162.3468275745295,168.90245322900287,162.1318880509257,167.9254608154297,14449100
2021-01-29,164.9163217562245,165.90307872334554,161.97556506177716,164.30081176757812,12848800
2021-02-01,166.9093631819595,167.7788857442566,164.16401716755126,167.036376953125,8140400
2021-02-02,169.7719871889301,175.62416259509305,168.82430329202316,172.8885955810547,12215200
2021-02-03,172.92766617577004,174.32475824396946,171.71619015329549,172.3707733154297,5508600
2021-02-04,173.50408405736297,177.20689375788857,172.42940131666037,176.08334350585938,9035400
2021-02-05,177.52929215058924,178.12525809944128,175.20404551281888,176.991943359375,6640500
2021-02-08,179.6200432587807,186.25381452499056,179.08269450343948,185.6285400390625,16085700
2021-02-09,183.84064218367382,184.8957956731391,181.7596437815851,183.87973022460938,11270800
2021-02-10,185.60901298217863,186.31244870660262,181.5349564410602,185.26707458496094,11464600
2021-02-11,184.82741630457573,186.84979774172163,183.74296904478106,186.5176239013672,17507900
2021-02-12,188.55954444298183,189.38999399558628,182.2677106265919,183.3521728515625,27233800
2021-02-16,182.99068560578405,184.10445638262863,180.6068216850273,182.0625457763672,11630700
2021-02-17,181.09532849985737,183.31310562579483,177.9689555141416,182.15048217773438,11391800
2021-02-18,180.5384216786011,182.1113800619286,178.6332894522656,178.78961181640625,12380900
2021-02-19,180.0303822273943,180.52864295280128,178.58442283415835,179.4246368408203,8834500
2021-02-22,177.55860008764884,189.55606529302986,177.3534251289375,187.34805297851562,18799600
2021-02-23,189.1359616627037,194.36287714610313,184.31939612025437,192.55543518066406,23191400
2021-02-24,193.0341558995328,195.9846770562537,190.83592304828844,192.96575927734375,16205900
2021-02-25,193.18069702865242,193.40541600717472,185.99981205814444,186.58599853515625,12712000
2021-02-26,185.6969592334693,187.201521023626,181.1832440475563,184.69064331054688,15844000
2021-03-01,188.7842512109235,192.36981179462668,186.98658864010133,190.49398803710938,10709900
2021-03-02,191.5882124000092,193.405418829937,189.0382616823319,189.4779052734375,8371400
2021-03-03,190.15202990771115,192.28186612044382,187.78771015919673,187.8365478515625,8750300
2021-03-04,185.5308436275952,188.05148571111863,179.88382896642585,183.70387268066406,12542600
2021-03-05,184.79810473480913,186.18544704837484,179.12178133016982,185.61878967285156,10266400
2021-03-08,192.77037056447116,198.34900380038167,189.33135309760758,197.26454162597656,25093200
2021-03-09,195.58413043496367,197.05938373922154,189.8980269445278,190.03480529785156,23331000
2021-03-10,192.77037655153373,194.22610065844725,190.20088165586034,190.5721435546875,13662100
2021-03-11,192.83876131449412,194.47033680507172,190.9043056627208,192.22325134277344,11933900
2021-03-12,192.0082998810235,193.84505021715017,190.68935428302277,192.62380981445312,13249100
2021-03-15,193.97206222644417,193.97206222644417,190.32788479200727,192.23301696777344,10311400
2021-03-16,191.58820242910414,192.0669191312452,188.4422859248059,189.77099609375,9680700
2021-03-17,188.9894118011834,191.6761408949275,187.3676008431067,190.7480010986328,14418700
2021-03-18,190.46464676544176,190.5916605354868,187.32850981657143,187.8560791015625,9644500
2021-03-19,186.52738531068297,189.53652366082252,185.39407056042506,186.74232482910156,28354600
2021-03-22,188.81355101735727,191.81292492303402,187.58254592649433,188.42276000976562,8838500
2021-03-23,187.18197046870307,187.91471476921413,183.64526274870698,184.3877716064453,10701200
2021-03-24,185.68718311494996,186.11706217923458,180.39188581195293,180.4700469970703,13549100
2021-03-25,177.66607059158153,183.39124654517917,176.8453856610103,182.60964965820312,9609200
2021-03-26,184.48547700394028,184.63201990110846,178.3695099360114,181.64242553710938,10196100
2021-03-29,180.9780876181301,181.6619793546593,178.93616205858478,180.59706115722656,7544700
2021-03-30,179.600529340199,182.03324598154063,179.33673719650602,181.26141357421875,5929700
2021-03-31,181.5544852439488,182.59985927795867,180.17692249012023,180.27462768554688,8478000
2021-04-01,182.14068439518675,184.74926719933688,181.32001436416377,184.62225341796875,7749400
2021-04-05,187.0647393509879,187.2601348529224,183.76250020972645,184.16307067871094,7405300
2021-04-06,184.16308005094035,186.87911791689882,183.54757002618769,185.36477661132812,7926200
2021-04-07,185.43315825770415,185.95096303082076,182.64872398830892,183.24468994140625,6238700
2021-04-08,182.89297416350814,183.72342366598377,181.3591038486548,183.01022338867188,7763000
2021-04-09,183.8406648436855,183.88951744701663,181.86713594933494,183.56710815429688,6089300
2021-04-12,183.43033066954328,183.5280358766636,181.2125536558613,182.19932556152344,6662500
2021-04-13,181.3200108492663,182.15046032904752,180.35279794135326,181.22232055664062,6826500
2021-04-14,181.69127912063277,186.01934832789436,181.43726646159482,183.14700317382812,9089900
2021-04-15,183.76249834006182,184.55385980486375,181.42748708255698,181.65219116210938,7262500
2021-04-16,183.25447930026704,185.11075897493853,181.91598951894724,182.95159912109375,9453500
2021-04-19,183.1958216957668,185.95094715085023,181.3786154126342,183.11766052246094,7625800
2021-04-20,182.9809081332083,183.75274051168435,177.63677318384234,178.58444213867188,10765800
2021-04-21,177.11894613902348,179.1608715906836,174.74486175599515,178.89707946777344,8400200
2021-04-22,179.98156088369828,180.62637951635637,177.0896565027522,178.55514526367188,7378300
2021-04-23,178.15455998451085,179.6688861923255,177.7735335664607,178.80914306640625,6075500
2021-04-26,179.72754547916304,181.32981257054936,179.04363880823718,180.03041076660156,6178300
2021-04-27,180.73382952394508,181.53495554028996,179.9131445777086,180.39187622070312,4870000
2021-04-28,180.5384224609408,180.5384224609408,178.6137611115383,179.17063903808594,5199300
2021-04-29,180.54820472425558,181.28094904951007,178.5453672536823,181.06600952148438,5958300
2021-04-30,180.04992000450363,182.0332282604104,179.31717571602934,181.74012756347656,7866300
2021-05-03,183.37171839408364,184.86651567497827,180.98785439095911,181.2418670654297,7542800
2021-05-04,180.61657951419397,181.35910327624393,178.1154813651688,180.01084899902344,7069300
2021-05-05,180.75336637006828,180.75336637006828,177.18734991901985,177.33389282226562,5901700
2021-05-06,178.57466495095767,178.7798399089221,175.6729964071724,177.60743713378906,6944900
2021-05-07,177.8126253026126,180.86083696590072,177.33389363694113,180.5872802734375,6888400
2021-05-10,181.42747570437868,182.66826015819095,179.79590027518182,180.0596923828125,8260300
2021-05-11,177.6172329069807,178.05687653416263,174.3247581666015,177.49021911621094,10865600
2021-05-12,176.5425217821355,178.26203792841204,173.49431029769372,173.7581024169922,8988100
2021-05-13,174.26614024620895,176.59138707049897,171.75527737708362,174.23683166503906,12332200
2021-05-14,168.95129441550978,170.88575016792663,164.89678177846798,169.70358276367188,33149400
2021-05-17,168.7266009429823,169.0099371149207,164.69163207497414,166.16688537597656,17771600
2021-05-18,166.34271938832268,167.31971178086997,165.5513579355947,165.77606201171875,10401000
2021-05-19,163.85139781981698,165.50250241157718,163.25543187457933,165.37550354003906,9251000
2021-05-20,165.31690678930372,167.9450040807667,165.09218778168838,167.4174346923828,7400700
2021-05-21,168.25765070176095,169.13693799472946,167.57375892859406,168.43350219726562,8105700
2021-05-24,168.48233880185467,171.0811422007796,167.79844709364315,170.29954528808594,7346700
2021-05-25,171.55988230254187,173.36730941273782,171.3644718839504,172.11676025390625,8089700
2021-05-26,172.5563939720259,173.80694305905035,172.14605895044483,172.40985107421875,8086200
2021-05-27,173.12305286721104,175.45806414154848,172.72248239941445,174.92071533203125,13567800
2021-05-28,175.3799021793901,175.99541216825585,173.98281018858057,174.53968811035156,7124800
2021-06-01,176.03449284591466,176.84539837000247,174.62763623751886,174.72532653808594,7475600
2021-06-02,174.9207160554729,174.97934812307093,172.8592614560509,172.9276580810547,7851700
2021-06-03,172.21445872658222,172.8983504417345,171.38400920321936,172.18515014648438,5583900
2021-06-04,171.88225990790642,173.4356891007373,171.56963010259508,173.10350036621094,6343400
2021-06-07,173.8753561894249,173.97306140238567,172.34147081073118,172.91790771484375,5178100
2021-06-08,171.9213534295537,173.04488872390965,171.15930055190478,172.2730712890625,5356200
2021-06-09,172.25353823210406,173.25007471543574,171.83343863002338,171.98974609375,5082400
2021-06-10,172.38052407212413,173.52360327602062,171.5110015200463,172.50753784179688,5253000
2021-06-11,173.36730139490138,174.38338185678685,172.7420268444031,173.29891967773438,5476300
2021-06-14,173.56268535839607,174.75461722037596,172.82994109444383,174.0804901123047,10170000
2021-06-15,174.0805186851035,174.5885589656595,171.5794202388627,171.81390380859375,7895000
2021-06-16,171.9604101587109,172.20465823485074,169.55701743781785,170.6414794921875,8336000
2021-06-17,170.57309670939495,172.2046722014107,169.84035242154664,170.6317138671875,8906000
2021-06-18,169.1564691913858,169.85990493550602,168.15993273592863,168.45303344726562,12357500
2021-06-21,168.16969909211704,170.25068267417885,167.36855820409414,169.9673614501953,9196900
2021-06-22,170.3581573149828,170.68056659079465,168.38464343184955,169.5081787109375,8097100
2021-06-23,169.62541795750968,171.41331586204618,168.96107027244273,171.29608154296875,9174200
2021-06-24,172.07768346630877,174.13913811387647,171.73573014874592,173.8362579345703,7549400
2021-06-25,174.7155647590851,174.9695774338656,173.40639843043496,174.24661254882812,7431800
2021-06-28,174.39312582809845,174.5494481742004,170.96388821640895,172.50753784179688,9881400
2021-06-29,172.57593969710769,172.9472015855104,169.8012848146273,169.92828369140625,13498300
2021-06-30,169.88921682758362,171.9311274737567,169.3518679976113,171.72596740722656,7481900
2021-07-01,171.31562694873605,173.5138598955151,170.58288263314304,173.18167114257812,5887100
2021-07-02,173.76787003738536,174.25636624069438,170.6024092731635,173.03512573242188,11099300
2021-07-06,172.69317613945228,172.92765968886093,168.25763707745176,169.69381713867188,11557900
2021-07-07,168.88289942882872,170.30931482945832,168.03292084870168,168.8438262939453,6757300
2021-07-08,166.26454971025925,169.75241952909505,165.90306731396268,168.82427978515625,6960100
2021-07-09,170.68056204012845,173.43568764667057,169.92827374995824,172.9667205810547,7873300
2021-07-12,173.62132565180133,180.73382911841895,173.2891369065296,180.1378631591797,21835500
2021-07-13,179.8545158546083,181.39816553697426,177.65628309496336,179.4246368408203,12534600
2021-07-14,180.93899651873076,182.00391469819564,177.89078488293353,179.199951171875,8787300
2021-07-15,179.2292704655764,181.15394687591473,178.83847943014345,179.9131622314453,7867000
2021-07-16,180.68498139854972,181.02691980254167,174.80348282804218,175.18450927734375,8348800
2021-07-19,171.6673491444067,172.41962259382169,168.1990229816161,168.97084045410156,14651800
2021-07-20,169.7035807749201,173.4259195187125,168.89267527547042,172.68341064453125,8372400
2021-07-21,172.4391639781127,173.8069474176834,171.28632006586335,172.8201904296875,6302200
2021-07-22,172.6345631453912,172.65410716857727,169.89898130048851,171.10069274902344,5713700
2021-07-23,171.6184959221668,172.43916599551036,170.0259934713974,172.0874481201172,5126300
2021-07-26,171.57941312134213,174.66671290998082,171.305856421865,174.6276397705078,5641000
2021-07-27,174.14889196964359,175.42874960393274,172.507551924738,175.37013244628906,6684100
2021-07-28,175.5557768296699,176.20059542857786,173.46501356983157,174.97935485839844,5926900
2021-07-29,175.67301320311208,177.24597167216015,174.1684513624983,174.24661254882812,6209100
2021-07-30,173.4454526835282,175.0770281377334,171.11044153667254,171.97019958496094,6813400
2021-08-02,173.14260775011593,174.70580167445067,171.27654854352534,171.5110321044922,5847200
2021-08-03,171.97020394971233,172.07767370847606,166.98753681826074,169.00991821289062,9931300
2021-08-04,168.531183304137,169.26392757937236,167.3978685805867,168.60934448242188,5665800
2021-08-05,168.52142378130753,173.04488843830202,168.52142378130753,172.6443328857422,8864200
2021-08-06,173.34775804123063,174.69601235220628,172.5661760308831,173.05467224121094,5505200
2021-08-09,172.92765519074266,173.23052045019165,171.03228754522456,172.6540985107422,5339000
2021-08-10,172.19490706590398,173.31844234040884,171.5403239598849,172.9960479736328,5185000
2021-08-11,173.27938390439795,174.38339015850755,172.44893434742175,173.99258422851562,5359900
2021-08-12,173.99257485716822,175.58507725720315,172.39030789980515,175.1649627685547,11081300
2021-08-13,182.003894264711,183.26422271643796,176.71837709890778,176.9137725830078,32504600
2021-08-16,176.35691684193654,176.43507803353737,172.44894670823277,174.96958923339844,8746700
2021-08-17,173.07419863902064,174.34429174747842,170.89550974932308,171.78457641601562,8534500
2021-08-18,171.85295007572546,172.72247267938565,170.4851667354916,170.7196502685547,7063500
2021-08-19,169.9966755656453,170.66102323398897,168.589804141246,169.26393127441406,8478600
2021-08-20,169.01967758226607,171.17883724834974,168.67772429458955,171.0908966064453,6239600
2021-08-23,173.00580663892976,174.2075030518785,171.86272738158044,173.5724639892578,7395900
2021-08-24,173.82649698973756,175.93680428477785,173.67017461801862,174.3638458251953,5886900
2021-08-25,174.0609613824356,174.48106093898838,172.8104123618187,174.20750427246094,4842100
2021-08-26,174.23681746047066,174.82301885152233,172.28283270059265,172.49777221679688,4563000
2021-08-27,172.22421591350647,176.38619809422016,172.22421591350647,175.9954071044922,8697000
2021-08-30,176.34712101200077,177.21664361624974,174.75461869444126,175.83908081054688,6421300
2021-08-31,175.12587067886125,178.77004780250817,174.4224350266131,177.1287078857422,8620000
2021-09-01,177.77352734375893,179.97176004196083,177.5976609758886,179.258544921875,7302800
2021-09-02,179.9229278350737,181.0366985987411,177.3729770198718,177.67584228515625,6492600
2021-09-03,177.6367732838249,177.6367732838249,175.00866122482066,176.83563232421875,6847400
2021-09-07,176.85516322100807,181.2809374702323,175.90747942826093,180.09877014160156,10702900
2021-09-08,180.09877526076477,183.14700168301277,179.68844024209542,180.89013671875,8634000
2021-09-09,180.89013615023296,183.26423542444803,180.32349367936638,181.63265991210938,7190700
2021-09-10,182.07230316852372,182.79528290696794,179.77636507920278,179.8838348388672,5572200
2021-09-13,180.86082313557694,181.52518570055676,179.27810026339517,180.7240447998047,6818200
2021-09-14,180.70452808340923,180.8706150091187,177.9591668072333,178.2034149169922,6185900
2021-09-15,177.87123714870503,180.4114233973491,176.9333327762084,180.16717529296875,5933400
2021-09-16,179.73730568012002,180.39188884529798,177.92986364972742,179.12179565429688,5678200
2021-09-17,178.70168120381263,181.62287890195952,178.52581482201995,179.24879455566406,10035100
2021-09-20,175.60463187158948,176.71840269074448,172.4880235079944,174.50062561035156,8056600
2021-09-21,176.17127007301477,178.03731415670129,165.1410179450972,167.23178100585938,23216000
2021-09-22,168.96106786613632,171.305843660618,167.71051878805,169.65472412109375,14214500
2021-09-23,170.91505807353883,173.11329104083438,170.35816523278436,172.19491577148438,8052900
2021-09-24,171.2667614147993,172.63454473754445,171.05182190583648,171.95065307617188,5712800
2021-09-27,172.56618852375502,175.32129959744432,171.91160534345394,174.15867614746094,7755000
2021-09-28,173.66039619079362,173.9046442867019,169.85989641476945,170.5047149658203,9133100
2021-09-29,170.2409317873426,170.93460297554356,168.61912076749812,168.70704650878906,6240800
2021-09-30,169.11738937433017,169.6840318440888,165.20941979810274,165.27780151367188,13978000
2021-10-01,168.31624139829555,173.24029120620906,168.01337615407184,171.96041870117188,12165000
2021-10-04,171.52077595900235,171.91158184677474,168.69726864112315,169.46910095214844,7200600
2021-10-05,169.8305832623045,172.18513842130469,169.6156437510759,170.59263610839844,6798200
2021-10-06,169.01968990779946,171.66734594494332,167.6030538698853,171.442626953125,6005200
2021-10-07,173.61155842501176,175.49716163856155,173.25007598264978,173.621337890625,7780000
2021-10-08,173.83625347241477,174.49085151011485,172.34145626812906,172.67364501953125,4132200
2021-10-11,171.97020621680997,172.45870241622663,169.4886371754495,169.52772521972656,8046300
2021-10-12,169.62541473031936,170.4754082506227,168.5800406204183,169.14669799804688,5188400
2021-10-13,169.63518917499357,169.703570888557,167.00707732683043,168.98060607910156,8914700
2021-10-14,170.06507347776312,171.97020566786261,169.99667685435708,170.39724731445312,7450200
2021-10-15,171.64778193491324,174.7741543564029,170.09436773438364,172.4000701904297,13943900
2021-10-18,168.39440072234493,169.3518490436783,165.89330271118507,167.2024688720703,20494800
2021-10-19,167.4955894697994,167.63236781767998,166.26456943115238,167.24156188964844,9669500
2021-10-20,167.03641845853457,167.08527106786948,165.97150015056113,166.62608337402344,9737600
2021-10-21,166.28410219385177,168.53118767776616,166.18641189925077,167.3978729248047,7509000
2021-10-22,166.64559914349968,166.8703032190722,164.72092294228756,165.5220489501953,7854300
2021-10-25,165.99100512754373,168.59958799096455,165.14102649808015,168.05245971679688,9798700
2021-10-26,168.9708385437209,169.1369254686382,166.78238503166125,168.08177185058594,5850200
2021-10-27,167.81798741406303,168.08176462644786,165.53181388601524,165.64906311035156,7054700
2021-10-28,165.58066651475346,166.43066003351976,164.72092334656202,165.77606201171875,7884500
2021-10-29,165.13126214380355,166.53813360652256,164.28126860557344,165.18011474609375,7598800
2021-11-01,165.31690456839434,167.30996267384117,165.1996553332112,166.27435302734375,8182900
2021-11-02,166.11801818100378,166.919159112434,165.09217316956892,165.92262268066406,6777200
2021-11-03,165.7956234573217,166.27435514675966,164.4962216497522,166.16688537597656,6829300
2021-11-04,166.11802605598817,166.4990525174159,164.78931571987982,166.36227416992188,7505500
2021-11-05,169.5081889469481,172.9178979415368,168.36510957698172,171.5891876220703,16859200
2021-11-08,174.5787926902837,175.12590610655255,172.04838568617913,172.8006591796875,10584600
2021-11-09,172.87879332734698,173.04488023789787,169.2248514797869,171.0811309814453,7293300
2021-11-10,170.6708086213526,172.80064494606734,169.869667679433,170.4363250732422,11045800
2021-11-11,159.14230195316358,160.18769104593153,154.68721870008125,158.3802490234375,62366500
2021-11-12,159.75780585330742,159.84573159389313,155.2733992830571,155.95730590820312,25638400
2021-11-15,156.40672321092987,157.02223324642026,154.03263863013368,154.784912109375,21285300
2021-11-16,155.4003937534065,156.55325242610212,154.90213304429776,155.17568969726562,15516200
2021-11-17,155.0780037716974,155.23432613787875,153.14356294029773,153.71022033691406,14695500
2021-11-18,153.47572611796878,153.68090107278314,150.17350208135727,152.00047302246094,14487700
2021-11-19,151.45336932966686,151.6390002749561,149.25513638166086,150.4568328857422,16776500
2021-11-22,149.70454845212925,152.23497021926258,149.05974476709625,150.6131591796875,12790400
2021-11-23,150.3005067727243,150.70107723333692,146.73449048685526,147.55516052246094,17382900
2021-11-24,147.2229931039311,147.9264288530387,145.376477989454,147.8580322265625,14123700
2021-11-26,143.42247400287727,145.42531121871093,142.49433429048204,144.70233154296875,12027700
2021-11-29,145.3862330987329,145.86496472978988,140.93115024905862,144.40924072265625,21231300
2021-11-30,143.3443259485244,143.89143930663224,139.81738279244988,141.56619262695312,26011100
2021-12-01,143.32478945490493,144.95636505772248,138.77200105937035,138.8794708251953,16469000
2021-12-02,139.55359074090163,144.25292179639163,139.48520902496418,143.8132781982422,18177700
2021-12-03,144.40926477860606,144.90754051434996,140.99957035904677,142.85585021972656,14975600
2021-12-06,143.89143648024495,147.27183667318428,143.29547053235785,146.91033935546875,14333900
2021-12-07,148.3465262247954,149.2453574668122,146.27530705439682,147.34022521972656,14661100
2021-12-08,147.43791231468882,150.12464115324357,147.09595904487585,149.81199645996094,12886300
2021-12-09,148.7666357581187,150.7401496571176,148.20974293877012,149.4212188720703,11862300
2021-12-10,150.0464965731507,151.1016501680869,147.9654979630498,149.19651794433594,10247900
2021-12-13,148.6200832097454,148.9913451024387,145.85519285268833,146.96896362304688,10195800
2021-12-14,145.8258783749661,148.13158100551397,145.10291354923922,145.66957092285156,10872000
2021-12-15,145.337384544198,147.44769171312194,143.9598365854502,146.9396514892578,12231500
2021-12-16,147.86780769730754,148.5614639623388,145.16153453864752,145.32762145996094,11145600
2021-12-17,145.0931542130184,146.39255605743725,143.19780124102837,145.33740234375,13785000
2021-12-20,143.59832785800245,144.3310721022814,141.7420484022503,143.10006713867188,11201900
2021-12-21,144.16499814157416,147.94595401110578,143.99891122021637,147.57470703125,10781400
2021-12-22,146.95920456117275,148.69824995347173,146.42185572473835,148.3856201171875,7820400
2021-12-23,148.81549447153412,150.64246554980667,148.4344531114531,150.09535217285156,6572400
2021-12-27,149.36260026647162,150.47637098665575,147.9166408062377,149.28443908691406,7762000
2021-12-28,149.10858435093635,152.8993198630602,148.90342428283094,151.6292266845703,12198700
2021-12-29,151.0039432124063,152.332653474947,150.632681329312,151.3068084716797,8737000
2021-12-30,152.1274978658113,153.4562081671919,151.93208745359422,152.34242248535156,7228400
2021-12-31,152.28380337564792,152.9677099942114,151.179812080903,151.32635498046875,6410200
2022-01-03,152.24472455367587,153.9349171990162,151.78553694188713,153.1533203125,10222800
2022-01-04,154.94121722230807,156.63142476515043,151.97116696076753,152.1470184326172,16582000
2022-01-05,152.918847420513,155.71304614923022,151.5315200667751,151.61944580078125,12272100
2022-01-06,152.64529644983068,154.14009361459313,150.14418340780725,153.29010009765625,11095300
2022-01-07,153.29010450868682,155.63489525785914,152.69413853705748,154.19871520996094,9554600
2022-01-10,154.34527938109233,154.6286155698467,151.09189238999437,152.99703979492188,8672900
2022-01-11,153.0165397385833,154.57973348876436,152.36195664166462,154.25732421875,8042600
2022-01-12,154.85329477185354,155.33202641269116,152.7332230613799,154.16940307617188,6995600
2022-01-13,154.0717060617029,154.88261158243608,151.59991636098255,151.86370849609375,9680600
2022-01-14,148.8447995918361,149.10857680891533,145.0052116694176,148.44422912597656,16832000
2022-01-18,147.63331735511244,149.60684611303952,146.38276831643321,148.76663208007812,10419500
2022-01-19,147.36952655492627,149.34305533044187,146.50978340049735,146.6563262939453,10413200
2022-01-20,147.4379309924465,149.14766774266542,143.76442991960585,144.22361755371094,11760400
2022-01-21,137.98063488340517,138.60590943399743,133.4864787096862,134.21922302246094,34491800
2022-01-24,131.71811926417493,134.51230314761722,126.28602913211326,134.29737854003906,31419500
2022-01-25,132.17730021224796,134.5807081661184,129.3342635510934,133.36923217773438,14694400
2022-01-26,134.5416232417297,135.02033995287172,129.2170030015697,130.52618408203125,14569900
2022-01-27,131.9623676426305,134.73702241809707,130.9365226642605,132.30430603027344,11913900
2022-01-28,132.0991480101169,135.49907736341976,130.4871016171175,135.44046020507812,10011700
2022-01-31,135.66514889269706,139.85643922363266,135.28412249897562,139.6805877685547,10185500
2022-02-01,139.72946926961757,141.36104492936528,138.9771808825935,141.1656494140625,8573300
2022-02-02,140.87255423965684,141.2633452856652,138.12720763598253,139.3386688232422,9529900
2022-02-03,136.77893421885088,138.77199212949986,136.04618992839275,136.80824279785156,9820600
2022-02-04,136.81800109320474,139.89553591691202,136.31974036527657,138.75245666503906,8061100
2022-02-07,140.09094402245427,140.77483574230573,138.3518986886657,139.23118591308594,10937500
2022-02-08,138.5277466341802,139.6024442434562,137.50191653445074,139.20187377929688,9231700
2022-02-09,141.04839140462335,143.9598395600971,139.95416466081764,143.84259033203125,22877400
2022-02-10,152.43035561968532,153.87630017093934,147.6333194460272,148.65916442871094,42500300
2022-02-11,150.00738717983484,151.1309372394859,145.14196982982415,146.03103637695312,17975200
2022-02-14,145.93334355697007,150.1930308286999,145.7770361097578,147.37930297851562,14694700
2022-02-15,150.0074194371524,151.28729211370631,149.00111837122878,151.1602783203125,12726000
2022-02-16,151.41427216693796,153.12400880132256,150.2125757352179,152.7527618408203,10656400
2022-02-17,151.13095663869646,151.7855397573258,149.0988106591487,149.4309844970703,8110300
2022-02-18,149.3919200236845,150.14419348123909,146.59772100323673,147.87757873535156,10785500
2022-02-22,146.7344902869081,147.3206767796616,144.2138481172218,144.68280029296875,12227200
2022-02-23,146.0603729015111,146.29485645890207,142.1524030579924,142.51388549804688,9300700
2022-02-24,136.77893894829558,146.12876357353883,136.77893894829558,145.96266174316406,12475500
2022-02-25,146.1189844834096,146.82242022099538,143.8328257901165,146.0896759033203,10149500
2022-02-28,144.42877109662274,146.040802401733,143.09029643834674,145.04428100585938,10834700
2022-03-01,144.4581007984852,144.7414220428118,140.4719699088899,142.34779357910156,8944000
2022-03-02,142.94375699461196,145.05406417618636,142.56273055136,143.95005798339844,7851000
2022-03-03,143.92075195885997,145.2299182324839,141.1265530228314,142.22079467773438,8048400
2022-03-04,140.69665902205716,140.9409071027266,136.33928161123706,137.48236083984375,12913000
2022-03-07,137.05248916519923,137.64845511022682,130.36986489840243,130.42848205566406,14549700
2022-03-08,129.95953453469323,132.37270697968282,126.31534211232947,128.71875,16552000
2022-03-09,132.37270480024628,132.38246935740457,130.29170623102084,130.5750274658203,14673100
2022-03-10,129.3147127796253,131.11237519162805,128.59173304736038,130.5652618408203,8447200
2022-03-11,131.97213651378422,133.0272901053673,128.54289852193006,128.71875,7058400
2022-03-14,127.96647271414689,130.00839835686187,125.42630117390016,126.06134033203125,9971500
2022-03-15,126.75500309672209,131.46409885217054,126.5302841045078,131.1123809814453,9834800
2022-03-16,132.5290144887038,135.78240100379674,131.8353582257429,134.96173095703125,10638700
2022-03-17,134.27784542462607,136.26113891601562,133.4180872936002,136.26113891601562,6816000
2022-03-18,136.33929244294157,137.49213631958557,135.11805194257076,137.07203674316406,11308800
2022-03-21,135.70423599583123,136.09504189354905,133.73072211630864,135.43067932128906,9090300
2022-03-22,135.86055336967843,138.9185441858333,135.70423101632733,136.8863983154297,8511600
2022-03-23,135.87034299651106,136.54445524378255,134.37553087890205,134.47323608398438,8761300
2022-03-24,135.3916165137452,136.06574369447878,134.2485371276968,135.76287841796875,5858800
2022-03-25,136.07549904157196,137.15019663488437,134.94218429002814,135.938720703125,5949400
2022-03-28,135.68471897947023,136.41746333183738,133.144532594842,135.5283966064453,8456100
2022-03-29,137.71685954946838,141.13633305589042,137.71685954946838,139.10418701171875,11280700
2022-03-30,138.05879631209532,139.97370801229494,136.857099811162,137.71685791015625,7922400
2022-03-31,136.91572104004382,137.63870081820437,133.95543511579163,134.00428771972656,12306500
2022-04-01,134.1801352704447,134.92265904995267,132.41178137698913,133.84796142578125,10341000
2022-04-04,133.81864328373013,136.0559492043555,133.74048210685532,135.3916015625,8174600
2022-04-05,134.57092869794326,135.99732914926804,132.02097812418174,132.49969482421875,8694100
2022-04-06,130.67271061777777,130.8485620632782,127.80035107952402,129.51986694335938,11679700
2022-04-07,129.94975401829598,130.1451644248653,127.02855627736854,128.8359832763672,9858700
2022-04-08,128.96299705909306,130.0572237788207,127.6245222388747,128.8359832763672,6702000
2022-04-11,127.04806945261815,129.38308040405406,127.04806945261815,127.64403533935547,9915300
2022-04-12,128.7773498404327,130.14514797492785,127.15553908031315,127.82966613769531,7885600
2022-04-13,128.03485382933786,129.83251622294574,127.74175313505556,129.30494689941406,7694500
2022-04-14,129.75435157457662,130.51640441470244,127.35095874270915,127.46819305419922,7283500
2022-04-18,127.07740757305665,127.22395046875668,123.90217484544833,124.83031463623047,10571000
2022-04-19,125.14295664124411,130.1256239917743,124.8498633848875,128.86529541015625,12767200
2022-04-20,123.14989335761138,124.41997898834067,121.25452574167737,121.70394134521484,36465700
2022-04-21,122.6516208959432,123.5406800612084,118.48963138488351,118.86089324951172,18688600
2022-04-22,117.24886132194175,119.08560437108706,115.43165484131625,115.54888916015625,19472800
2022-04-25,114.95293284818024,117.56150084636717,114.06386615936333,117.19023895263672,16491000
2022-04-26,116.40865410881709,116.40865410881709,112.9794084574109,113.10641479492188,16116000
2022-04-27,112.77423517901012,114.21041522699348,110.78116975057002,112.55929565429688,15553000
2022-04-28,112.56906200416577,113.33111485974295,110.09727250199764,112.637451171875,23192100
2022-04-29,112.5495233952273,113.32134829869794,108.79787609385467,109.06166076660156,16907000
2022-05-02,109.13981649547453,111.04495608470391,108.45592481966514,110.88863372802734,14300700
2022-05-03,111.42598091804787,112.18803376129586,110.0972707207426,110.93748474121094,11149500
2022-05-04,110.76162831959938,113.76099461492794,109.25705916651603,113.5167465209961,11488300
2022-05-05,112.10010270276423,112.61790746742929,108.91511293606885,110.01911163330078,12720200
2022-05-06,109.19844715009354,109.51108444823089,105.8082894765478,107.75250244140625,12525200
2022-05-09,105.62265263666548,108.19214005471062,104.03015765262604,104.5186538696289,17941600
2022-05-10,107.3128449389176,108.15305902507008,103.69797592927424,105.20254516601562,15657700
2022-05-11,105.41748739459366,107.5375592332045,102.37904026296611,102.78937530517578,26933300
2022-05-12,100.53251695289498,102.58419945114584,97.18143280600314,101.91007232666016,36298800
2022-05-13,102.93592697880163,105.21232121715128,102.88707437387906,104.86060333251953,16782600
2022-05-16,104.9875969045747,105.14391925823107,102.43764627797101,102.76005554199219,11993600
2022-05-17,105.25139035124553,106.28699986887707,103.85429097658215,106.14044952392578,11847600
2022-05-18,104.90944537711276,105.18300952117328,101.48997184189429,101.90031433105469,11794000
2022-05-19,101.05033464006111,102.87731329966081,100.59114697213927,100.76700592041016,11285000
2022-05-20,102.08594225275279,102.38881499048875,97.74810070573221,100.06356811523438,15650400
2022-05-23,101.37272956349807,103.5904989454367,99.22334189488167,103.39510345458984,14402400
2022-05-24,101.32388161510971,101.45088794460436,97.82624700982727,99.25265502929688,13970200
2022-05-25,99.09634128243201,101.42158055450487,98.83255660920003,100.88423919677734,11026600
2022-05-26,101.82214930964325,103.68820092109999,101.56812919809074,103.18016815185547,11297800
2022-05-27,104.430710264782,106.85365453929286,104.07899242729074,106.80480194091797,13671300
2022-05-31,107.46916879116239,108.68063733409083,105.4272581619835,107.8990478515625,20274600
2022-06-01,109.43292132226613,110.25359136424663,105.77896436241815,106.67780303955078,11829700
2022-06-02,106.91227382463774,108.39729892618989,105.42724872308558,108.31914520263672,8829900
2022-06-03,106.65825785467187,107.32261298068786,105.43701736227929,106.16976165771484,6767600
2022-06-06,107.22491416489086,107.65479319916993,105.1732316488632,105.34909057617188,7575900
2022-06-07,104.33302040692804,105.43701914735213,103.5611955082055,105.31001281738281,7279100
2022-06-08,104.958294520711,106.84389016327138,104.49910689707217,104.870361328125,7019500
2022-06-09,104.07900607177687,104.59681088544964,100.8744719801816,100.92332458496094,8261200
2022-06-10,99.09634587656346,99.7704730616521,97.09350834473082,97.11305236816406,15369700
2022-06-13,95.36423704106042,95.36423704106042,92.6481991258367,93.50794982910156,15239700
2022-06-14,94.05504531619192,94.05504531619192,90.9579815182379,92.05221557617188,12443700
2022-06-15,92.43324944929363,95.06136133050745,91.92520923873451,93.67402648925781,11751600
2022-06-16,91.84705518242372,93.18552996456052,91.26086124869619,92.11083984375,15298500
2022-06-17,91.84705466520816,93.76195881332688,91.31947789166624,92.1694564819336,15403800
2022-06-21,92.7165894986465,93.2539308999265,91.12408695733406,91.14363098144531,16649800
2022-06-22,90.04939129722634,92.43325523318559,89.89307638302255,91.34879302978516,11403500
2022-06-23,91.79820506034775,92.47233220195623,89.95169001963453,92.13038635253906,11348800
2022-06-24,93.25393249631087,96.3021518239221,93.205087342919,95.53032684326172,11681200
2022-06-27,95.96020368548156,95.96997569747542,93.59588364552685,94.38724517822266,10793700
2022-06-28,97.4452226531561,98.09004123330075,93.57633353387024,93.7131118774414,16812400
2022-06-29,93.74242646570053,93.98667458828324,92.3550989183574,93.44933319091797,8653200
2022-06-30,92.24761731711381,93.24415370360512,90.41087435424892,92.22808074951172,10983500
2022-07-01,92.07175268160832,94.09412645360658,91.81774004923773,93.92803955078125,10543400
2022-07-05,92.09130627782302,94.99297491629795,90.18616661378226,94.94412231445312,10660600
2022-07-06,95.28606652476886,95.93088507948512,93.20507541919076,93.86943054199219,8640200
2022-07-07,94.67056497202495,95.2860675001232,93.72288115219555,95.18836975097656,7813100
2022-07-08,94.34815897233985,94.88550779212346,93.15622701126398,93.65449523925781,7717300
2022-07-11,92.81427540876005,93.14644923763322,91.28039768173811,91.48556518554688,7643700
2022-07-12,91.42695085839713,93.05852638242227,91.16315873543469,91.44648742675781,8665300
2022-07-13,90.0005555624645,91.10455445043077,88.91609324561962,90.80168914794922,12006400
2022-07-14,89.37527169583173,89.92238507702648,88.15403114576432,89.72698211669922,11146400
2022-07-15,90.77236057598725,93.12690820536707,90.56718562815432,93.0096664428711,14946700
2022-07-18,94.14299518398275,95.03205445736049,93.11715010699358,93.49817657470703,10430400
2022-07-19,94.45563376614278,97.55269815526248,94.45563376614278,97.31822204589844,13683400
2022-07-20,97.94348547141058,101.86122697734788,97.65038477773258,100.97216033935547,15112700
2022-07-21,100.34689333560388,101.85146259842764,99.27220313469,101.78307342529297,8611300
2022-07-22,100.90377995665784,102.16410112302825,99.76070056873849,100.3566665649414,7803500
2022-07-25,100.41528017148146,101.01124614658093,99.46759632734422,100.32735443115234,6726700
2022-07-26,99.79000132442071,100.00494084112844,97.26935918934696,97.48429870605469,6346600
2022-07-27,98.64692380003956,101.26526372964777,98.49060143821913,101.11871337890625,9684800
2022-07-28,100.87446466052141,102.55489277048626,100.34688787340264,102.48650360107422,7970300
2022-07-29,102.72097798249388,103.89336585404622,100.99170475387511,103.65888977050781,10320000
2022-08-01,102.45719246827554,104.19623769329017,101.47042808804376,103.77613067626953,7769700
2022-08-02,103.30717377713145,103.91291174552036,102.21294706502299,102.30087280273438,9093000
2022-08-03,103.29741259490838,107.17606626917457,103.29741259490838,106.51171112060547,11243000
2022-08-04,106.41400518069324,106.9318099345859,105.18300018407075,105.63241577148438,7322400
2022-08-05,104.3525633495164,105.2220860516246,102.94569926115244,104.17670440673828,10100000
2022-08-08,105.72035282037564,108.6708742130833,105.4174875441048,106.59964752197266,13025900
2022-08-09,106.70710694683794,106.70710694683794,104.56749128929228,105.64218139648438,8776500
2022-08-10,109.89211432291313,110.07773782023912,107.38124401846213,109.84326171875,26398700
2022-08-11,119.39824116964412,120.43385073586899,114.63052090668874,114.98223876953125,50375000
2022-08-12,116.26210180312145,118.81205269948198,116.18394061802468,118.7729721069336,21964800
2022-08-15,118.21607997098546,123.06196136293615,118.20630795993999,121.40107727050781,24628300
2022-08-16,121.86027210595954,123.57000890100448,120.6097155031978,122.08497619628906,14607300
2022-08-17,120.60971058410472,121.6160190322461,119.74995994276573,119.98443603515625,9140900
2022-08-18,120.17983754292467,120.29707186077769,118.90974443787347,119.84765625,7343900
2022-08-19,118.46033964268727,118.59711799524416,116.73106621172593,117.3758773803711,8702500
2022-08-22,114.99200030895298,115.49026851054666,113.02825098912325,113.27249908447266,11575800
2022-08-23,113.31158034847272,113.69260678317632,111.98287010555643,112.21734619140625,7180700
2022-08-24,112.03171730150758,114.46443375693441,111.47483192876685,113.731689453125,7840500
2022-08-25,114.32765115692155,115.06039548120343,113.43859191946711,114.75753021240234,6920900
2022-08-26,114.7673018737654,115.64659655099395,111.26966718760117,111.44552612304688,7807400
2022-08-29,109.95071791105741,111.83631340951416,109.82371159131782,110.91793823242188,6882700
2022-08-30,111.6506962648728,112.1098839101071,108.88580583572308,109.84326171875,8060000
2022-08-31,110.2731371623576,111.13288780882948,109.2766007194923,109.50131225585938,7353000
2022-09-01,109.2179838101246,109.9995732758396,107.49847505937456,109.94095611572266,7718700
2022-09-02,110.44899775389949,111.26966782141368,108.28983791323795,108.64155578613281,8465100
2022-09-06,109.19843055919351,109.20820256967404,106.02320545427807,107.55708312988281,9537300
2022-09-07,107.34215653948023,110.36105944579326,107.34215653948023,110.09727478027344,8193900
2022-09-08,108.51453961941039,110.39036313562238,107.82087594791095,109.74555206298828,8443300
2022-09-09,110.66393198490866,112.87193701803025,110.5857782535229,112.52999114990234,9563100
2022-09-12,113.46790246141404,114.78684077715062,112.61791634716293,113.71215057373047,7923400
2022-09-13,110.44898832533816,111.20126915634049,108.61223793393596,109.18866729736328,10504600
2022-09-14,109.27660502235715,110.14612771435122,107.3519286859677,109.91165161132812,8610400
2022-09-15,109.80417352291346,111.7777023142194,108.16282601842136,108.22144317626953,9739800
2022-09-16,106.69734176451568,107.05883164490051,104.49910880981646,105.75942993164062,15978800
2022-09-19,105.05598962093984,106.7071091313952,104.5772654409451,106.65825653076172,7979500
2022-09-20,105.78874125946272,105.91575504839295,104.40141376983416,105.09507751464844,6957400
2022-09-21,104.91921705376895,105.55426362762658,102.0859375,102.0859375,9776400
2022-09-22,101.81238515975674,102.25203624683587,99.67276924934376,99.80955505371094,10953400
2022-09-23,98.30498096990299,98.85209434535577,95.76479468933347,97.21074676513672,11976900
2022-09-26,96.67339343632615,98.34405697272739,95.80387081068547,95.86249542236328,9760500
2022-09-27,97.24004646702082,97.34751622079531,93.23437936134434,93.64471435546875,13360200
2022-09-28,93.58610897842073,97.57224001865278,93.25392766480424,97.11305236816406,12895500
2022-09-29,96.26305452208483,96.33144368805333,94.01597660179134,95.20790100097656,9435100
2022-09-30,94.27977028834145,95.23722615749692,92.11084588287277,92.15969848632812,12094900
2022-10-03,93.52748787304205,95.53031786658123,92.32578391383002,94.89527130126953,9468400
2022-10-04,96.40961597944792,99.18427098018076,95.96997235523041,99.10611724853516,10229000
2022-10-05,97.73831866448818,98.89116997192517,96.42914499827855,98.4808349609375,7562800
2022-10-06,98.11933817287384,99.12563906141689,97.57222486349738,97.73831176757812,6728200
2022-10-07,96.24352939569525,96.52685810377645,94.23091985792205,94.92459106445312,7051000
2022-10-10,95.34468058639173,95.49123093078234,92.24761660217895,92.97059631347656,9532300
2022-10-11,92.62864869271776,92.87289679702626,90.5183489474999,90.95799255371094,8900900
2022-10-12,91.01660854724206,91.9056676867152,90.07868935612987,91.26085662841797,6156200
2022-10-13,89.46319103480913,94.73895132429259,88.62297700018702,94.41654205322266,11025400
2022-10-14,95.2274530668478,95.83318360120946,92.15969744190825,92.27693176269531,8202100
2022-10-17,94.1625205148136,95.7159422356553,94.04528620265506,95.09066772460938,7083800
2022-10-18,97.57223702602977,98.0607332428248,95.3935406194252,96.21421813964844,8533500
2022-10-19,98.12912213467006,99.5262216088668,96.2337544336849,96.71247863769531,11731000
2022-10-20,95.96997535297204,98.43199314244396,95.8527335710501,96.32168579101562,8212400
2022-10-21,96.08720949002293,99.94633428134459,95.6377938410072,99.69231414794922,10193400
2022-10-24,99.77045998503209,100.8158414858667,97.8164753140246,99.3796615600586,8221500
2022-10-25,99.80955059681128,102.32042085306877,99.68253680996938,101.95893096923828,7687500
2022-10-26,101.14801953253142,104.95829129113002,101.14801953253142,102.22270965576172,9203700
2022-10-27,103.37556127608504,104.41117826684406,101.91007270702748,102.0370864868164,8673500
2022-10-28,101.68537329760535,103.64912270342795,101.14802448276195,103.51234436035156,7250900
2022-10-31,103.22902496944643,104.44049351009184,102.40834744239832,104.08877563476562,8814800
2022-11-01,105.22207948760425,106.3358502377655,103.20947750991998,103.56119537353516,7955800
2022-11-02,103.02385113502054,103.63936115056913,99.44806263486292,99.47737121582031,9583200
2022-11-03,97.89463145938005,98.38312763922498,96.29236458579749,96.96649169921875,8978400
2022-11-04,98.82277226033864,98.83254427038223,95.85271478515888,97.28889465332031,11035800
2022-11-07,98.55899021526434,99.22334534263253,96.71247518331727,98.11934661865234,11355200
2022-11-08,98.42220962777407,99.62391352698093,95.79410521145802,97.6015396118164,27130300
2022-11-09,88.466663398117,89.00400473727639,84.2949017421356,84.75408935546875,62029800
2022-11-10,87.685082209974,88.41782662955595,85.59431872907575,88.37874603271484,36968100
2022-11-11,89.47297399491696,93.38094395368482,89.0040143201659,92.82405853271484,22373300
2022-11-14,93.64471757303616,94.39700587530572,92.0424506757128,92.11083984375,20598000
2022-11-15,93.79126996305604,94.94412128783968,91.5441844719803,93.31254577636719,15801900
2022-11-16,93.02922146441095,93.02922146441095,91.5637328022844,91.78843688964844,11137700
2022-11-17,90.00053780388401,90.14708069303296,88.75975334744894,89.345947265625,12306400
2022-11-18,90.72351390577884,91.01661460423922,88.81838172736751,89.68790435791016,10011700
2022-11-21,97.81648444891833,98.5687653378119,94.10391024574993,95.33492279052734,70273500
2022-11-22,94.76826195634615,95.42284506959236,92.50163990667869,93.9964370727539,25753700
2022-11-23,93.79127540749325,97.05442661985906,93.5763358754,96.60501098632812,15503200
2022-11-25,96.53662074622078,97.51361318758761,95.82342043818504,96.59524536132812,6664300
2022-11-28,95.95042084065989,96.84925204222635,93.23438321417925,93.4884033203125,13660000
2022-11-29,93.79127124450739,94.2113782784445,91.7591252452832,92.51141357421875,13205300
2022-11-30,92.76543194109406,95.68664478990335,91.71028573960979,95.61825561523438,15368100
2022-12-01,95.61825746106733,96.56593391295718,94.3579362573856,96.32168579101562,13855700
2022-12-02,95.21768060751228,97.39637698950325,94.77803699890788,97.1423568725586,12608100
2022-12-05,95.9797352845532,96.8785739949058,93.46886501018015,93.72288513183594,10764500
2022-12-06,93.52749000059262,93.791274680934,89.86376833336864,90.16663360595703,11492400
2022-12-07,90.52811437503968,90.65512069665367,89.16032359961343,90.02984619140625,10353400
2022-12-08,90.3717940675215,91.28039726819262,89.5608886129081,90.42064666748047,9351200
2022-12-09,90.24478757130547,92.72634907652225,89.78559996646179,91.2315444946289,10111900
2022-12-12,91.57349823701226,92.48210144042969,90.47926409782197,92.48210144042969,14140700
2022-12-13,94.269988752006,95.14928334833483,91.41717290957025,92.52117156982422,22882100
2022-12-14,92.36486740275082,93.27347068221165,90.48904368188356,91.98384094238281,11505400
2022-12-15,90.34249119890318,90.97753776920473,88.04656047906894,88.40804290771484,15957700
2022-12-16,88.11493892778128,88.98446148839528,86.76668476792513,88.0074691772461,26383900
2022-12-19,87.38220771254169,87.40174428197689,83.4449293046558,83.80641174316406,19225300
2022-12-20,84.09950788073789,85.8190091440883,83.78687060977778,85.01787567138672,14918400
2022-12-21,85.18397340793071,86.0730326541923,84.4903096685356,84.92018127441406,11004800
2022-12-22,84.05065169325131,84.73455081882916,82.74148550628884,84.6759262084961,15487400
2022-12-23,84.07996021590883,86.04371694891461,83.79663153671018,85.98509979248047,11171600
2022-12-27,85.40868064727488,85.91672091005324,83.98227252370053,84.38284301757812,11561400
2022-12-28,84.09951098054793,84.69547696494799,82.1357540900845,82.23345184326172,12399500
2022-12-29,83.28860624141879,86.20981157559103,83.01504954843422,85.17420196533203,13045100
2022-12-30,83.75756060444004,85.1155794258542,83.26906441101451,84.88109588623047,23231000
2023-01-03,86.93279142075399,87.900011858506,85.80924861325656,86.92301940917969,14997100
2023-01-04,87.92931372031012,90.61604275065294,87.30403919683008,89.86376190185547,14957200
2023-01-05,89.55112498267086,90.35225843481047,88.42758225673033,89.80513763427734,11622600
2023-01-06,90.52812722116224,92.51142077272661,89.21895341549728,91.7591323852539,9828100
2023-01-09,92.25739524423786,93.49817234769627,91.29993938541004,92.58956909179688,11675800
2023-01-10,92.11084011022365,93.4395503392421,91.6614245112704,93.36138916015625,6914600
2023-01-11,93.71310752390846,94.32861749524528,92.86312892175432,94.11367797851562,8757300
2023-01-12,96.2337456284432,98.31473663224733,95.32514245278168,97.51360321044922,19764300
2023-01-13,97.09350834473082,97.30844787933073,95.75503344013114,97.11305236816406,12230200
2023-01-17,98.01187586847625,98.66645897819055,96.72224621706974,97.61131286621094,14914200
2023-01-18,97.97279815808263,98.80324021984437,96.4486923763147,96.7613296508789,11384500
2023-01-19,95.86249561341754,97.16188982207657,94.88550322725744,96.80040740966797,10973600
2023-01-20,98.03141157672817,101.2066368034811,97.01534606356431,101.09917449951172,14549900
2023-01-23,100.9135405429148,103.51233631319357,100.55205069068089,103.2583236694336,11479100
2023-01-24,102.29110226005136,105.94505923718022,99.65322573679799,103.56119537353516,8606700
2023-01-25,102.54511636160804,105.67149636002384,101.78306351973885,105.63241577148438,10008000
2023-01-26,105.68127387786646,107.23469578392134,105.095079885602,107.17607116699219,9204400
2023-01-27,106.74619581254831,108.03582553194484,106.6484980595666,107.0197525024414,10249700
2023-01-30,105.76920701465325,106.46287077471216,105.00715407976772,105.11461639404297,8548500
2023-01-31,105.10484489969704,106.21861564700485,104.97783111635775,105.99390411376953,8251700
2023-02-01,106.00367681162028,107.41054827159053,104.44049044157588,106.87319946289062,9975500
2023-02-02,108.1237469462188,110.91794580206061,107.1662985699113,110.60530853271484,13093200
2023-02-03,108.9053505228939,110.53692613938185,107.83066030950081,108.16283416748047,12472500
2023-02-06,107.63524869817914,107.88926880401874,106.0329817915484,107.34215545654297,11956500
2023-02-07,106.78527410117209,109.54039241744906,106.35539505269209,109.06166076660156,10844000
2023-02-08,109.61854118417361,110.7225473352793,107.7524896291959,109.20820617675781,27719900
2023-02-09,115.324186832679,115.46096517597834,107.28353588887056,107.82088470458984,46137200
2023-02-10,106.45308611424359,107.21513895858257,104.7433494928666,105.57379150390625,15566000
2023-02-13,105.6128778777754,105.79850882064282,104.09854411677767,105.1830062866211,12341500
2023-02-14,104.36232878739827,105.94505917270338,103.38533637880856,105.1830062866211,10768100
2023-02-15,104.62611129747619,106.75595500237462,104.24508486230329,106.72664642333984,8156000
2023-02-16,105.0755315097695,105.53471165864565,103.26808967706522,103.39510345458984,9479900
2023-02-17,102.61351760562427,103.36580597929748,101.48997477791998,102.79914855957031,9492200
2023-02-21,101.16756535664823,101.34342428568164,99.48713724674249,99.74114990234375,10648200
2023-02-22,98.99864556800999,100.20034209303155,98.76416201602369,99.34059143066406,9885100
2023-02-23,99.11587069584576,99.7020720675729,97.31820835387211,99.38943481445312,10974800
2023-02-24,97.24005177043979,98.11934641570551,96.68316640408158,97.99234008789062,8523000
2023-02-27,98.4124419859232,99.13541423263179,97.75785145120727,98.13887786865234,6641200
2023-02-28,98.13889215560313,98.43199288270402,97.27914145202757,97.31822204589844,8233700
2023-03-01,96.90788134699051,97.33775294681136,95.84295572415047,96.27283477783203,7898300
2023-03-02,95.49123738721578,97.00557862520735,95.17860010984559,96.64408874511719,7776600
2023-03-03,97.37683114256991,98.85209176006681,96.60500624874994,98.8130111694336,7434300
2023-03-06,99.27220264367872,100.3371208277745,98.17796842507524,98.34406280517578,6773300
2023-03-07,98.09003454069997,98.61761131013293,96.61477398842598,96.7808609008789,6951300
2023-03-08,96.72224963408873,97.32798761821728,96.03835792125052,97.01535034179688,5668700
2023-03-09,97.16188169318154,97.74808303892227,93.71310005119095,93.92803955078125,8275600
2023-03-10,93.4004686012593,93.69356929229721,90.69420302996484,91.41717529296875,13978800
2023-03-13,89.7758339486509,91.8568251446904,88.37873447322698,90.46949768066406,11915300
2023-03-14,91.83728779929397,92.13038850785726,90.21547679860227,91.2120132446289,10323600
2023-03-15,89.52181250775931,91.21201266927274,89.30688043721074,90.95799255371094,9543800
2023-03-16,90.53787524892667,92.38439011179068,89.77582244252054,92.12060546875,9931700
2023-03-17,91.88613643783188,92.10106850046355,90.77236571951903,91.0556869506836,12943200
2023-03-20,91.28039076573536,92.73610720371829,90.86028377913979,92.05221557617188,6657200
2023-03-21,92.98036537825023,94.62171291651032,92.98036537825023,94.31884765625,7285800
2023-03-22,95.20790164588064,95.67686125416978,92.63841444553373,92.7165756225586,8811100
2023-03-23,93.08783430607946,94.78779898818128,92.57980153981538,93.62518310546875,9527000
2023-03-24,92.62864367217301,92.81427460662152,90.87982644564818,91.91544342041016,9534600
2023-03-27,92.59933595807246,93.81080441400547,92.2085375179411,93.42001342773438,7487900
2023-03-28,93.31255493866188,93.79127917235633,92.41371618165898,92.638427734375,5426100
2023-03-29,93.86943333486141,94.68033883093956,93.15622558983664,94.6412582397461,5889100
2023-03-30,96.4584665485187,96.64409004285375,95.42284949706195,95.84295654296875,7669500
2023-03-31,96.61477212232273,97.8946297053493,96.23374570517956,97.82624053955078,8920000
2023-04-03,97.90440340669198,98.11934291830227,96.98602820394265,97.46475982666016,7313200
2023-04-04,97.99234441645127,98.10957873842496,96.48777516894954,97.27913665771484,6794200
2023-04-05,97.4061379057473,97.87509753074075,96.36075635084853,97.61131286621094,7747200
2023-04-06,97.15213232411791,98.01188300301898,96.2826096335643,97.66993713378906,7042500
2023-04-10,97.01534744179078,98.4906005859375,96.62454899448196,98.4906005859375,8016600
2023-04-11,98.83255309484285,99.56529738248364,97.9825670377898,98.10957336425781,7504600
2023-04-12,98.92048033168001,99.86816415068513,95.45215433603741,95.68663787841797,9289200
2023-04-13,96.24353348381119,98.74463190433774,96.24353348381119,98.5199203491211,8745000
2023-04-14,98.18773354519477,98.53945139599384,96.65385581682226,97.6015396118164,7337300
2023-04-17,97.27913236065831,98.25612475454014,96.86879734415446,97.99234008789062,6705300
2023-04-18,98.29521183257087,98.82278865455214,97.30844736253957,98.60784912109375,8180100
2023-04-19,97.48430548663711,97.5331580906906,96.09697799630393,96.4780044555664,11523300
2023-04-20,95.50100713920575,96.31191262046516,95.14928927875253,95.81364440917969,7762700
2023-04-21,95.90158119749891,97.42568701404268,95.47170213996677,97.27913665771484,9468000
2023-04-24,97.84579193714451,98.422213884637,96.39983988200271,97.38660430908203,8540600
2023-04-25,97.09350259635195,97.41591187916372,95.7550277709961,95.7550277709961,6511400
2023-04-26,95.58894176832656,96.21422382029375,94.24069481375942,94.38724517822266,8634500
2023-04-27,94.89527001841067,97.76763008657916,94.48493499548961,97.63085174560547,8166500
2023-04-28,97.08374002380525,100.20034079311824,96.80041132589302,100.1417236328125,11329700
2023-05-01,100.05379375748375,100.24918925300167,99.27219686769135,99.85839080810547,6909500
2023-05-02,98.99864630259174,99.36012873699653,97.32799011506188,98.28543853759766,6955900
2023-05-03,98.73485473721955,100.21988743726855,98.32451969662478,98.53945922851562,7772100
2023-05-04,97.2498188772246,97.2498188772246,94.38723100935461,95.20790100097656,13260700
2023-05-05,96.32167971012154,98.52968468016046,95.85272751976147,98.207275390625,9300100
2023-05-08,99.36012941293706,101.5192892918214,99.35036485519433,100.60091400146484,10810100
2023-05-09,100.54229405379577,100.6106832254044,99.74115310943661,99.82908630371094,6829900
2023-05-10,100.63021763764554,100.8744657387078,97.73832101553181,98.8130111694336,19525200
2023-05-11,92.6188969366771,92.92176224264486,89.76607301911581,90.1861801147461,57127200
2023-05-12,90.21548102970397,90.74305785754481,89.14079080433676,89.87353515625,21837500
2023-05-15,89.43388113088079,90.73328275282486,88.61320367612554,90.7235107421875,16792000
2023-05-16,89.92238943658572,90.29364389841525,88.6913768153556,88.88677978515625,17013300
2023-05-17,88.9258527499943,90.90915375679113,88.75976581638695,90.63558959960938,12461600
2023-05-18,90.71373190730061,92.07175058318701,90.33270551356901,91.60279846191406,15014800
2023-05-19,90.86029179448792,90.86029179448792,89.2189442897234,89.24825286865234,16429000
2023-05-22,89.22871145240794,89.82467737111598,87.82184010937779,89.70743560791016,14150600
2023-05-23,89.00400518150805,89.91260840178343,87.74368410474797,87.75345611572266,14778700
2023-05-24,87.382203681847,87.4310488301124,86.37590269048091,87.02071380615234,15350800
2023-05-25,87.49943369049639,87.49943369049639,85.77016048678661,86.11210632324219,13605800
2023-05-26,86.45404721337664,87.18679144408455,86.0730208097173,86.25865173339844,12892700
2023-05-30,86.92301170201742,86.92301170201742,85.00810756558907,85.79946899414062,14800700
2023-05-31,85.5649943585935,86.14141628446404,85.14488733738636,85.93624877929688,11440600
2023-06-01,86.36612670206813,87.01093778804561,85.10580565463464,86.55175018310547,11993200
2023-06-02,87.56782413430709,89.23848020579567,87.53851555559226,88.68159484863281,14350200
2023-06-05,89.10169889324135,89.64881967513242,87.38219773261244,88.90630340576172,18506700
2023-06-06,89.00401001755975,90.38157293928502,88.92584883323616,90.03962707519531,12109100
2023-06-07,90.64534699665045,90.9384476765861,89.74651584384233,90.39132690429688,11082400
2023-06-08,90.39133577676625,90.54765814243859,89.19941128088763,90.40110778808594,9030200
2023-06-09,90.64535293104393,90.7821312696059,89.4436564631266,89.81491088867188,9625400
2023-06-12,90.12754768453526,91.08500350332157,89.65858805916108,90.9970703125,12341600
2023-06-13,91.95452698433274,92.26716425286237,91.29017185697475,91.69073486328125,12964400
2023-06-14,92.0913059584892,92.34531861639208,89.80513986033985,90.32294464111328,15877400
2023-06-15,89.94193094137725,91.368339156808,89.50228727946134,90.80168914794922,13354600
2023-06-16,90.7430464093248,90.8309795964684,88.76952515018513,89.21894073486328,22683400
2023-06-20,88.21264300351861,88.69136718328274,87.67529421225046,87.68506622314453,14939200
2023-06-21,87.48967551921831,87.60690984092523,86.08280402784942,86.6006088256836,17873000
2023-06-22,86.40521063822467,87.13795494159127,86.09257336694269,86.45405578613281,10915300
2023-06-23,85.99486738387601,86.36612926468706,85.5943043776741,86.07302856445312,13538000
2023-06-26,86.01440676416003,87.43104267983387,85.75061465741301,86.65921783447266,13132700
2023-06-27,86.85463325982549,87.5971496342461,86.45406276380217,87.01094818115234,10032700
2023-06-28,87.33334532385044,87.3431173344037,86.49313130891161,86.7862319946289,12118300
2023-06-29,85.77993757888976,87.06956727695966,85.33051450565665,86.90347290039062,13402600
2023-06-30,87.12818573106959,87.53852076521797,86.57130034076516,87.22588348388672,12837500
2023-07-03,87.06956927308258,88.85745978026615,86.86440175435203,88.41781616210938,7979500
2023-07-05,88.03678123571137,88.31033790103442,87.19656721858482,87.7241439819336,11028800
2023-07-06,86.6299140530207,86.78623641439364,85.76039141599998,86.69830322265625,12084600
2023-07-07,86.27819953326811,87.66553445563942,86.05349544742269,86.6006088256836,9705100
2023-07-10,86.21957891457009,86.6396859428465,85.83855247658224,86.07302856445312,13642600
2023-07-11,86.17072447429359,87.52874327893278,86.12187932787063,87.43104553222656,13735500
2023-07-12,88.03679373461014,88.62298773693502,87.5092168963594,88.07587432861328,14912100
2023-07-13,88.46666520960736,88.72067786799947,87.03048518236513,88.38850402832031,15325500
2023-07-14,88.32989503590191,88.40804877055422,86.38567460439984,86.5810775756836,17770000
2023-07-17,86.38566771988881,86.45405689092254,83.33745614940163,83.59146881103516,34503400
2023-07-18,83.54262443390236,85.29144177089645,83.34722147638698,83.97249603271484,21885100
2023-07-19,84.2167371054805,85.86785655274672,84.20697254881577,85.03741455078125,17177000
2023-07-20,84.84201927280762,85.17420057591359,84.05065778760276,84.22651672363281,15277500
2023-07-21,84.31445129397181,85.87763772092714,83.90410880063409,85.17420196533203,19901000
2023-07-24,85.4770743297639,85.93626201130523,84.55870642054269,84.60755157470703,13911900
2023-07-25,83.75755627093702,84.32420616105905,83.20067093739883,83.65985107421875,15335400
2023-07-26,83.69892870876504,84.2851225990905,83.4839892097451,83.88455963134766,14983700
2023-07-27,84.6075486244999,84.88110533063819,83.22999308177178,83.39608001708984,16691400
2023-07-28,83.8845613002221,84.58799696415133,83.48399087065023,84.14834594726562,13638300
2023-07-31,84.99833370383118,87.30403622589908,84.88109193947076,86.8448486328125,20837800
2023-08-01,87.06956160617364,87.66552754071066,86.42474307220499,86.98162841796875,13717500
2023-08-02,86.22935747133822,86.29774664606956,84.27537253174481,84.314453125,15162700
2023-08-03,83.84548820219965,84.47076274735231,83.48399832765242,83.52307891845703,14145400
2023-08-04,83.96273523956431,85.10581464029981,83.484003562584,84.314453125,11533900
2023-08-07,84.6661731966086,85.22305862061766,84.0115825600082,84.83226013183594,10818400
2023-08-08,84.50984571100844,86.29774365775172,84.11904724585011,86.10234069824219,16767900
2023-08-09,87.14771443069853,87.49943227216886,85.03741483573667,85.47705841064453,32517900
2023-08-10,87.90000927182705,90.40110748326582,85.73108490553095,89.6488265991211,56716800
2023-08-11,89.21894836232627,89.24825694259309,86.81554788025888,86.97186279296875,21998900
2023-08-14,86.94255204631396,87.24542476053247,85.96555964117412,86.76669311523438,13676400
2023-08-15,85.96556434421302,86.20004790105438,84.8908741305367,85.05696105957031,13677900
2023-08-16,84.54891981321498,85.05695256122335,84.09950422162983,84.36328887939453,12182700
2023-08-17,84.92017628356093,84.95925687340957,83.82594958324019,83.94318389892578,14206000
2023-08-18,83.40584732509369,84.72478562893673,83.40584732509369,83.98226928710938,12364400
2023-08-21,83.83572459223502,84.26560368030349,83.44493355274872,83.90411376953125,11215000
2023-08-22,83.73801618865714,84.10927061052452,83.40584235654323,83.81617736816406,9835300
2023-08-23,83.83571110580604,84.3437513015892,83.66962419535619,83.85525512695312,7576000
2023-08-24,83.54262091580095,83.97249249651092,80.5627911604573,80.57256317138672,27531000
2023-08-25,81.15875658189185,81.72541395033471,80.56279063471233,81.44208526611328,16050900
2023-08-28,81.90127692848755,82.74149101185381,81.60817621889998,82.22368621826172,12166400
2023-08-29,81.86220201180804,82.6047183947381,81.80358484737134,82.45816802978516,11210700
2023-08-30,82.458161267749,82.73171795116868,81.90127588968451,82.3409194946289,11816600
2023-08-31,82.51677545842543,82.66332580608754,81.71564200558093,81.75472259521484,10448000
2023-09-01,80.22085300172692,80.33809478253075,78.6772030968514,79.76166534423828,27701900
2023-09-05,79.54671027760119,80.49439398931148,79.31223421562801,79.32200622558594,12741700
2023-09-06,78.93121324458514,80.20129883360288,78.67719314523755,79.1168441772461,15518500
2023-09-07,78.96051852529581,78.98982710210045,77.91513704739116,78.71627044677734,14768000
2023-09-08,78.68696056304182,79.79095917621918,78.32547072944902,79.70303344726562,16220900
2023-09-11,80.05475664928758,81.92080818753877,79.30246835524157,80.62140655517578,26579100
2023-09-12,81.11967605791925,82.72194296360826,80.67026045791968,81.75472259521484,16594600
2023-09-13,81.43232001105963,82.11621920504724,81.20761591952983,81.55933380126953,9772700
2023-09-14,82.067356316462,82.79032855883574,81.12944456730848,82.53631591796875,22371900
2023-09-15,83.25928984564528,84.20697362443325,82.66332391164171,83.61100769042969,21631200
2023-09-18,83.27882806519922,83.94318317920946,83.0248154141514,83.06388854980469,11894200
2023-09-19,81.9892046721294,82.83919078761082,79.83005225059016,80.05476379394531,21478900
2023-09-20,80.14269473293793,81.28577418542166,79.76166824877667,80.6604995727539,12715200
2023-09-21,80.17199329479196,81.74495164207379,80.03521495623357,80.82658386230469,14378000
2023-09-22,81.00243362874653,81.43230516393812,79.3317702681557,79.38062286376953,11495300
2023-09-25,79.68350533923187,79.88867286828665,78.70651284628842,79.14616394042969,11034400
2023-09-26,78.64788024834178,78.88235631355425,77.95421660893759,78.20823669433594,14867900
2023-09-27,78.27663844703072,78.7065100600828,77.39734374373636,78.06169891357422,14662500
2023-09-28,78.432957838589,79.0582324512982,77.81745523810191,78.28640747070312,12229800
2023-09-29,78.80421523692314,79.45879839482986,78.5599671224331,79.18524169921875,11261400
2023-10-02,79.05821796790825,79.88865996197696,78.93121164773397,79.79096221923828,9128100
2023-10-03,79.3806400950672,80.00591469458406,77.63182263727869,77.7099838256836,12586200
2023-10-04,77.77836959872897,77.95422853801438,76.91861892547864,77.49504089355469,12010500
2023-10-05,77.28010364211765,79.0777736805087,77.06516410399753,78.95075988769531,15466600
2023-10-06,79.18523846619384,81.60817548884782,78.6381176434489,81.03175354003906,15391100
2023-10-09,82.36046023360365,82.927110146442,81.21737348937079,82.75125122070312,13604400
2023-10-10,82.83919615355623,83.32769241053873,81.99898199523741,83.03459167480469,9450600
2023-10-11,83.40583681000909,83.74778263028686,82.32137474151396,82.89779663085938,9499200
2023-10-12,82.87827670274442,83.11275281888517,81.58864688317826,82.40931701660156,9554900
2023-10-13,82.00875396210533,82.63402857438824,81.4616330859618,82.40931701660156,10808000
2023-10-16,82.37022342739853,83.95295373285516,82.37022342739853,83.7380142211914,10275100
2023-10-17,83.38630895868407,84.30468430024644,83.34722836395149,84.21675109863281,9985700
2023-10-18,83.71849214082745,84.275377583841,82.65356640890171,82.73172760009766,10047000
2023-10-19,83.29838224702624,83.30814680520042,81.25646405557993,81.33462524414062,14316800
2023-10-20,80.99266880736035,81.52024558060472,80.70934012614427,80.74842071533203,10437000
2023-10-23,80.19152810028473,82.09666006400344,79.04844892205351,81.18805694580078,10772500
2023-10-24,81.49094917276511,82.2627666994477,79.85936600940701,80.6604995727539,11499500
2023-10-25,80.24038620368978,80.65072869234945,78.66742778309992,78.7358169555664,9372500
2023-10-26,78.23755873014568,78.75536354625477,77.59274012255707,77.9444580078125,11651000
2023-10-27,77.91514152512103,79.1656905663862,77.40710877230464,77.50480651855469,10300600
2023-10-30,77.88583393469183,79.06799382319284,77.70020299675966,78.82374572753906,10291200
2023-10-31,78.83351950073873,79.79096788294311,78.48180163882596,79.71280670166016,8672200
2023-11-01,79.65419622791846,79.70304883378557,78.33525786197875,79.20478057861328,9093000
2023-11-02,79.96683147330481,81.38347501462457,79.9375228920811,81.37370300292969,11518500
2023-11-03,82.23344495037507,83.95295358683421,82.22368039357838,83.11273956298828,11331800
2023-11-06,83.12250809870467,83.82594375938807,81.66678417995604,82.0868911743164,14160900
2023-11-07,82.22367640227108,82.73170912386433,82.0185014577375,82.6437759399414,10540200
2023-11-08,82.20413694984676,82.96618980151248,82.01850601536299,82.55585479736328,26942600
2023-11-09,85.8190088673334,89.1114759398429,85.58453277833458,88.26148986816406,51062700
2023-11-10,88.0563192507963,88.08563528301443,84.93971867235531,86.2391128540039,25175700
2023-11-13,86.38565818950936,87.83161008680645,85.39890132400815,87.38219451904297,12834400
2023-11-14,87.9586278989247,89.43388856568171,87.91954730698656,88.97470092773438,13152000
2023-11-15,90.85051520016222,92.3941648793332,90.60626711626276,91.76889038085938,20593100
2023-11-16,91.72981804432537,92.43325378184942,91.47579792713931,92.33555603027344,12923900
2023-11-17,92.57003492342122,93.1855374854324,91.75912939848996,91.98384094238281,12189300
2023-11-20,91.81774465454058,93.39069548600284,91.71027489935506,92.84358215332031,14105300
2023-11-21,92.55049590354005,92.77519998762239,91.79820756047322,92.27693176269531,7654800
2023-11-22,92.72635263288588,93.50794208369703,92.57980228152738,92.8826675415039,7328200
2023-11-24,92.71659184231217,94.28955039927419,92.71659184231217,93.84989929199219,5440500
2023-11-27,93.53724729047052,93.53724729047052,92.34531540806165,92.98036193847656,11049500
2023-11-28,92.81426878233214,92.95104710843943,90.32293542820985,90.37178802490234,18660300
2023-11-29,90.46948576442759,91.09476024202084,89.33617856898722,90.37178802490234,13857000
2023-11-30,91.39764049913397,91.70050575292007,90.07869481772666,90.55742645263672,13396700
2023-12-01,90.60627371033415,90.70397146023211,89.65858988321688,90.44995880126953,11898200
2023-12-04,89.7856042738717,90.28387249174025,89.50227557954881,89.89307403564453,12602800
2023-12-05,89.50228252978685,89.66836946402022,87.86093484981555,88.7011489868164,12357000
2023-12-06,89.01377946293601,90.42065092475953,88.5350552670113,89.39480590820312,10462000
2023-12-07,89.68790887504721,91.24132327508805,89.541358518436,90.22525024414062,10264700
2023-12-08,90.2350442509328,91.68570873003439,90.2350442509328,90.97998046875,9498200
2023-12-11,90.89177616727684,91.23483646941285,90.14683988395743,90.37227630615234,10811000
2023-12-12,90.29386733359021,90.37227577493633,89.05884277500644,89.26467895507812,13218400
2023-12-13,89.36269519081458,91.02899982990019,88.98042693062251,90.98979187011719,10173200
2023-12-14,91.36224955060692,92.95013815332821,91.36224955060692,92.0777816772461,12439300
2023-12-15,91.20542371041451,92.08757655268776,91.08779984163999,91.60729217529297,17551600
2023-12-18,90.86235610197302,91.85233643408851,90.86235610197302,91.0191879272461,9083600
2023-12-19,90.80354933716228,92.12678610160084,90.77414523899859,92.06797790527344,8804000
2023-12-20,91.39165757910213,92.40123820867194,89.4411083779482,89.46070861816406,13060600
2023-12-21,90.10763425399566,90.25466223818546,89.25487792821795,90.19584655761719,13037200
2023-12-22,89.80377196689751,90.41147659967841,88.95101573548011,89.21566009521484,9419800
2023-12-26,89.03922893783025,89.46070512848827,88.80398867364882,89.14704895019531,8086900
2023-12-27,89.10784820951976,89.13725230768691,88.25509197190662,88.58834838867188,11123500
2023-12-28,88.30409613646127,89.17646008991213,88.18647974402309,88.60795593261719,8479600
2023-12-29,88.3335091183938,88.80398965193962,88.07866113380042,88.50013732910156,9211000
2024-01-02,88.31389597105886,89.66654424768743,87.95123547336216,88.91180419921875,10587600
2024-01-03,88.44132685587599,90.25465184363398,88.21588297566194,89.83317565917969,11929800
2024-01-04,90.11743418844432,90.11743418844432,88.21588929289933,88.76478576660156,12087400
2024-01-05,88.61776095798518,89.50971768438045,88.56874914172197,89.0980453491211,9092100
2024-01-08,89.73516082763672,90.11742906123794,89.19606076581285,89.73516082763672,11103700
2024-01-09,89.2450739020053,89.294078240435,87.82381348078518,87.89242553710938,11255100
2024-01-10,88.039458506886,88.039458506886,87.11809014552176,87.51996612548828,15091600
2024-01-11,87.6179801308091,88.00024838236479,86.9318595454921,87.67678833007812,9642200
2024-01-12,87.87282414788181,89.02943270946925,87.87282414788181,88.55894470214844,11919400
2024-01-16,88.50013976137349,91.24462955756023,87.68659144698974,91.20542907714844,16780900
2024-01-17,90.74474166228872,91.90135022501052,88.31390066536125,88.54914093017578,15735200
2024-01-18,88.86280338951595,90.67612838439939,88.6177592691762,90.38207244873047,12203200
2024-01-19,90.48989668354908,91.72492120158901,89.81357248683499,91.21522521972656,19790100
2024-01-22,91.02900109901383,93.34221841138515,91.02900109901383,93.1951904296875,15119400
2024-01-23,93.5382446677386,93.98912496505329,91.33284751978326,91.91114807128906,11559400
2024-01-24,92.54826789283452,93.36181622265494,91.41126698548196,91.6465072631836,10454900
2024-01-25,92.05817726840245,93.05796150987813,91.89154905420763,92.97954559326172,8661600
2024-01-26,93.11677085878532,93.63626322601924,92.82271490691723,93.46963500976562,7812800
2024-01-29,93.52844600414826,95.5672150533772,93.11677364175215,95.55741119384766,13422200
2024-01-30,94.60663833742638,95.60642261699073,94.10675367579789,95.01831817626953,9139600
2024-01-31,94.50861847396627,95.63582297010547,93.91071019718339,94.14595794677734,9592300
2024-02-01,94.45961619246951,95.9886892073728,93.99893202050414,95.13593292236328,8484800
2024-02-02,94.37139550900764,95.47899977858661,93.92051520068875,95.20454406738281,9321300
2024-02-05,94.7830665339535,95.43979048603563,94.5772303620424,94.73406219482422,11679300
2024-02-06,94.99870298010389,97.35112803598693,94.871282729392,97.32172393798828,16455500
2024-02-07,95.45939649103438,97.31192962826572,94.72426405631866,97.1747055053711,28886300
2024-02-08,104.95729937958475,110.534498471296,104.68285116141095,108.34870910644531,60558400
2024-02-09,107.42733799180418,107.96643803341287,105.555204851055,106.24132537841797,21509100
2024-02-12,105.74144447184723,108.8584062279762,105.69244013079914,107.12349700927734,13424000
2024-02-13,106.13350914209875,108.45653011556459,106.06489708692396,108.27029418945312,14594500
2024-02-14,108.38792663496089,109.46611936364036,107.49596236897227,109.34849548339844,11405500
2024-02-15,108.87801102004862,110.68153225025532,108.87801102004862,110.2208480834961,9961900
2024-02-16,109.79937530362295,110.32867154505394,108.95643033929254,109.38770294189453,8782200
2024-02-20,108.65256810586172,108.92701634091708,107.18230329393353,107.27052307128906,9770900
2024-02-21,106.32954678091296,107.05487527500016,105.11412257355789,105.53559875488281,10427500
2024-02-22,105.84926299284786,106.33935126531165,105.28076628018655,105.5062026977539,9266200
2024-02-23,105.43758931351036,105.85906552165793,103.73208424065551,105.60421752929688,11724000
2024-02-26,105.38857832029184,106.60400261450697,105.25135420290522,105.54541015625,8694200
2024-02-27,105.64342659527027,107.40774736371851,105.64342659527027,107.25091552734375,7595000
2024-02-28,106.62359315300635,108.83879402635132,106.50597676489345,108.60355377197266,10773000
2024-02-29,108.9368153459923,110.51490010539476,108.77018713615557,109.36809539794922,11658300
2024-03-01,109.2308816195883,109.92680610134543,108.82900562803837,109.73076629638672,7242400
2024-03-04,110.43648742289372,111.86754425390592,109.58373863103532,111.43627166748047,11558900
2024-03-05,111.3578587676289,112.90653951589,110.04441829816898,110.63253021240234,14929600
2024-03-06,110.83836456242341,111.05400459699736,107.08428663218581,107.87822723388672,14743900
2024-03-07,108.50553811097633,108.87800997575559,107.03527332639317,107.995849609375,8609300
2024-03-08,107.99585540646707,109.10345224483902,107.17250319426414,108.1330795288086,10009200
2024-03-11,107.90762518021317,110.67173003505654,107.848816984375,110.0836181640625,8794300
2024-03-12,110.2894600543605,110.71093626210947,109.42690739861645,110.23065185546875,8085000
2024-03-13,110.50510723228876,111.86755210115885,110.21105874066551,110.26986694335938,7267900
2024-03-14,109.5249210865684,110.12282935566436,107.33913165797121,109.83857727050781,10520500
2024-03-15,109.38770598540135,110.72074674650496,109.19167365859656,109.73076629638672,15364200
2024-03-18,110.06402091353247,112.16159804112017,110.06402091353247,111.59309387207031,11820800
2024-03-19,111.16181291195234,112.88691805063002,110.99517723486245,112.24000549316406,10999700
2024-03-20,112.33803444509249,114.20037137662754,112.09299030878928,114.15135955810547,11699600
2024-03-21,114.67085641569014,115.03352444373922,113.56325956841347,114.38660430908203,10353500
2024-03-22,114.60223996848329,115.327575996825,113.54364750400097,113.57305908203125,7144800
2024-03-25,114.65125224014515,117.04288541494864,114.5532360807843,116.9938735961914,12103600
2024-03-26,117.25851059060064,118.01325067427634,115.84706153274436,117.55256652832031,11870000
2024-03-27,118.56214887397627,119.61093743278127,117.64078056839222,118.58175659179688,10782800
2024-03-28,118.84639834405476,121.28703568833022,118.79738652873412,119.93439483642578,15367400
2024-04-01,119.64033429852199,119.97359817794566,118.38570964736824,119.12084197998047,8419700
2024-04-02,117.83682687142368,121.08120888187469,117.77801867101665,120.38528442382812,15517100
2024-04-03,119.84618075050727,121.23803710322646,116.03329465603787,116.62140655517578,22480400
2024-04-04,116.85664830914125,117.8074207495584,114.64144723459597,114.76886749267578,13815400
2024-04-05,114.28858165462101,116.50378270150199,113.99453318315051,116.03329467773438,9653900
2024-04-08,115.68043629927247,116.17052458765436,114.50422739841747,115.02371978759766,6266000
2024-04-09,115.05312351254842,116.16072782669167,114.57283908538619,115.63143157958984,7451100
2024-04-10,114.28858191222362,115.22955048372633,114.06314549807011,114.86688995361328,6746300
2024-04-11,115.25895508508826,115.93527928680113,114.06314599482619,114.82768249511719,6559400
2024-04-12,114.08274105985384,114.38659337871023,111.47547548539045,111.74992370605469,12155200
2024-04-15,112.602670766663,113.25939468837228,110.53449780596243,110.71092987060547,9637100
2024-04-16,110.58351285759355,112.23020968307395,110.28945691519755,111.62249755859375,9291400
2024-04-17,111.74011840085085,111.94595456368457,110.6521219129061,110.70113372802734,7379000
2024-04-18,110.9363805704606,111.98516916416295,109.96600789434339,110.20124816894531,8235600
2024-04-19,109.50532141765873,110.48549793234862,108.87800904650948,110.37767791748047,9436000
2024-04-22,110.85796265840884,111.3872588753556,109.53472585511861,109.76996612548828,6901700
2024-04-23,110.5933265038976,111.97537160790037,110.56392240268642,111.45587921142578,6839300
2024-04-24,110.89716096690417,111.91654535400994,110.89716096690417,111.66169738769531,6157200
2024-04-25,109.01523104073212,110.65212399368134,108.20168275460051,110.53450012207031,8045900
2024-04-26,109.63275532539485,110.77956019564095,109.11326290441949,110.49531555175781,6304800
2024-04-29,110.7991533647809,111.62249804201024,108.15267230621531,109.85818481445312,7151200
2024-04-30,109.77977391858138,109.81898187807359,108.60356504642945,108.89761352539062,8156600
2024-05-01,109.083842296027,109.76996284667476,108.02524989375348,108.28990173339844,6338400
2024-05-02,109.22106924488298,110.63252581793235,108.3683129856401,110.38748168945312,6799800
2024-05-03,111.28924410523061,111.84794442816256,110.56391556696798,111.40686798095703,7411100
2024-05-06,112.52427029558223,114.62184750248016,111.88715404605074,114.16116333007812,16303200
2024-05-07,105.1239330864669,105.74144160966475,102.14419553097325,103.3008041381836,55084600
2024-05-08,102.82051914685391,104.36919985380266,102.3696388419486,103.34981536865234,15238100
2024-05-09,102.54607386125994,104.02613507482317,102.32062996325526,103.70268249511719,15096000
2024-05-10,104.80046782804365,104.89848398076957,103.33020310269572,103.69287109375,15884600
2024-05-13,103.49683081305008,104.5260191071117,103.49683081305008,103.7320785522461,9666400
2024-05-14,103.21259233972849,103.88890906512961,102.86952456924782,103.2615966796875,11278400
2024-05-15,103.52625150275672,103.78109202542376,99.38010134180547,100.73274230957031,20745600
2024-05-16,100.99739412589797,101.96776683108551,100.80135432606218,101.32085418701172,9476700
2024-05-17,101.57568856204418,101.76192449107845,100.99738801337415,101.2032241821289,7356000
2024-05-20,101.2816370112406,101.61489342340725,100.48768898091748,100.86016082763672,7667400
2024-05-21,100.94838696997513,101.64431146569636,100.68374257566303,100.9679946899414,7333300
2024-05-22,100.93858272255528,101.77173128050141,100.71313882943518,100.977783203125,7190300
2024-05-23,100.93858293304751,100.96798703261287,98.28229794062348,98.6645736694336,10504000
2024-05-24,98.85080308833375,100.06621991050544,98.69397872974075,99.74276733398438,6451600
2024-05-28,99.35068649897656,100.82095118772051,98.94881056120649,100.4092788696289,7813100
2024-05-29,99.7427710544378,100.05642726147691,98.77239085421823,98.88021087646484,7376300
2024-05-30,99.13504826813372,100.0466126907099,98.96842006182969,99.68394470214844,7300600
2024-05-31,99.50751472397003,102.01677164241558,99.39970218915882,101.85014343261719,14735800
2024-06-03,102.10499099640414,102.1540028159229,100.44849768645352,100.73274230957031,6908600
2024-06-04,100.08582257781909,101.43846344979913,99.61533456947858,101.2816390991211,7269100
2024-06-05,100.95817979333435,101.03659570831897,99.02723088621946,99.4879150390625,10796900
2024-06-06,99.0468423292974,99.90939499210991,98.81159457549566,99.20366668701172,10294700
2024-06-07,98.8606021798376,100.24264715328434,98.55674985848721,99.5271224975586,6047800
2024-06-10,99.24287011011235,100.81115100634521,98.64496184996213,100.70333099365234,7621900
2024-06-11,100.60531623414907,100.84055650230606,98.74297937236913,98.87040710449219,9134200
2024-06-12,99.19386058396668,99.67415246183258,98.26269588356334,98.80179595947266,9041800
2024-06-13,98.61556146281843,99.06644177006879,97.63538493101677,98.10586547851562,10164600
2024-06-14,97.83141889517636,98.39011922859471,97.28252242112426,97.98825073242188,7087600
2024-06-17,98.97822622457961,99.89958704910208,98.62536208645501,99.50751495361328,10389000
2024-06-18,99.11545066011546,99.74276302368587,98.61555854978012,99.4879150390625,7044700
2024-06-20,98.57635371393253,99.91919825749358,98.39011777948481,99.82117462158203,7886900
2024-06-21,99.78197619430847,100.50730475042796,99.57613253718121,100.2426528930664,14137300
2024-06-24,100.2230412607488,101.03658950290324,99.88978485976185,99.9583969116211,7393600
2024-06-25,100.62492188407056,101.6246986118056,99.75255792953344,100.17403411865234,10296100
2024-06-26,99.87999359146454,100.34067777408339,99.4193094088457,100.1544418334961,10122300
2024-06-27,100.01721779994129,100.25245808215209,99.79177389913039,100.14463806152344,8365200
2024-06-28,99.99760155000968,100.54650546587935,96.42975974854575,97.32172393798828,21439400
2024-07-01,97.42955257455895,97.76280901891673,95.93968000007281,96.09651184082031,15299000
2024-07-02,95.99848864293068,96.04749298095703,95.02810852527847,96.04749298095703,13340300
2024-07-03,95.90046468401198,97.11588892211682,95.890668303332,96.65520477294922,5030000
2024-07-05,96.36114916130788,96.36114916130788,95.64562450526682,96.04749298095703,8550800
2024-07-08,96.19520731209185,96.78602496141718,95.40744543788874,95.8801040649414,8167600
2024-07-09,95.97856638928315,96.03764589670664,94.67876463739182,95.56499481201172,9044400
2024-07-10,95.46651550721543,95.7914678116349,94.77722956994984,95.48621368408203,7761100
2024-07-11,95.52560193231591,96.08687976707832,94.82646691095594,95.12187194824219,7422600
2024-07-12,95.61422855580784,96.33306180929092,95.49606953685168,95.64376831054688,6465700
2024-07-15,95.84070913775398,95.99825699500394,95.12187590971294,95.38774871826172,7417700
2024-07-16,95.53544710375603,97.20943909532926,95.06279602124731,96.96326446533203,10755500
2024-07-17,96.79587138714375,97.10112553648665,95.05295073004454,95.82101440429688,9456100
2024-07-18,95.87024542819374,96.55953136498769,95.20065015559966,95.30896759033203,7529400
2024-07-19,95.3385159392111,95.3385159392111,93.97963460729876,94.27503967285156,9301000
2024-07-22,93.65468228877093,93.7039202226979,92.05946788897664,92.6896743774414,13377000
2024-07-23,89.31215936026203,90.28701637622709,88.45547639264032,89.54849243164062,22534700
2024-07-24,88.83949776565358,89.36138675625513,88.20929134160794,88.4259262084961,11768500
2024-07-25,88.70163817091806,89.1152097168435,87.8449478149414,87.8449478149414,10765300
2024-07-26,88.62286841648705,89.16445561742704,87.97296377535908,88.55393981933594,11301900
2024-07-29,89.00690293376387,91.13385544607864,88.8099662252846,90.7301254272461,13024800
2024-07-30,90.26731757965156,92.60105593313219,90.26731757965156,92.3548812866211,9896100
2024-07-31,92.35487704295531,93.38880600320093,92.20717075930489,92.25640869140625,10241800
2024-08-01,92.42380888634592,92.5124281520564,91.18308657782178,91.62620544433594,9263600
2024-08-02,90.74982074847239,90.78920207880525,87.63816976642231,88.19944763183594,15433600
2024-08-05,85.56045514710817,88.189598433811,85.09764563340657,86.43683624267578,19103200
2024-08-06,86.8799569975094,90.5036479881022,86.6140841800093,88.59333038330078,21717500
2024-08-07,86.65346971926473,87.87449377994776,84.43789805030626,84.64468383789062,30581900
2024-08-08,83.8470804411147,85.00902499467462,82.62605638043168,84.64468383789062,21890500
2024-08-09,84.81208382380636,84.93025035494252,83.4138136789706,84.89086151123047,16008400
2024-08-12,84.54621502934737,85.05825495115853,84.17203229851049,84.63483428955078,11754600
2024-08-13,85.13704068304973,85.13704068304973,84.00463578215835,84.29019927978516,14615200
2024-08-14,84.69392869197331,85.21581774796363,84.25080981436813,84.9794921875,9475100
2024-08-15,85.91494462523812,87.56923841537635,85.87555578349037,87.43138122558594,12401000
2024-08-16,87.59878469712413,88.29791978678186,86.98826887351342,87.93358612060547,10277700
2024-08-19,88.04189219960773,89.55832120455679,88.04189219960773,89.43031311035156,9723600
2024-08-20,89.0069074103707,89.28262182117031,87.94343110072573,88.36685180664062,8863400
2024-08-21,88.83950648726407,89.39093528427594,88.0615937128201,89.33185577392578,7637600
2024-08-22,89.59771740064136,89.98174922744127,88.32745539174412,88.5440902709961,7613000
2024-08-23,88.77057863557678,89.36139628201802,88.30776910019074,89.17430114746094,7369200
2024-08-26,89.5287843135598,90.39532378710666,89.5287843135598,90.37562561035156,8043800
2024-08-27,90.03099090980437,90.31655439774629,89.36139557906391,89.50910186767578,7237400
2024-08-28,88.9478248500155,89.23338834074713,87.40184837443667,88.12067413330078,8569700
2024-08-29,89.06597455393337,89.3121491740522,88.25852210044971,88.4357681274414,6181800
2024-08-30,88.60318163140099,89.06598365388058,88.03205465133598,88.99705505371094,8403600
2024-09-03,88.23884057092616,89.10537261889303,87.18521338825178,87.76618194580078,8465500
2024-09-04,87.58892583307556,88.64255289464708,87.4609177366306,87.88433837890625,6317200
2024-09-05,88.29791488518117,88.29791488518117,86.98826404461416,87.29352569580078,6234100
2024-09-06,87.0965817088042,87.72678816507708,86.37775599117427,86.59439086914062,7791500
2024-09-09,86.87009935469874,87.52984551994916,86.46636937997195,86.9882583618164,8750200
2024-09-10,86.97842705201714,87.52985585072378,86.63378405282549,87.04735565185547,6858300
2024-09-11,86.70271683046278,87.07689960295042,85.26505022858214,86.96858215332031,10779000
2024-09-12,86.87010985211737,87.96312587595447,86.83072100743404,87.93358612060547,7173300
2024-09-13,88.08128478276795,89.33185618371155,88.02220527214679,89.16445922851562,7084200
2024-09-16,89.70604087005559,90.95661229792329,89.5583345776687,90.44456481933594,9028600
2024-09-17,90.95660960653649,91.82314164349613,90.75966538496348,91.4391098022461,8193100
2024-09-18,92.0890071543173,92.63059437401677,91.27171304911707,92.1480941772461,10289800
2024-09-19,93.36912034418708,93.83192988520146,91.89207245379434,92.02008056640625,10912400
2024-09-20,91.77390350535512,92.5715144538035,91.39972075418135,92.31549072265625,19251500
2024-09-23,92.26625004234698,92.26625004234698,90.74982090435722,91.54742431640625,7338700
2024-09-24,91.91175819200404,92.35487704295531,91.0452261806572,92.25640869140625,7860300
2024-09-25,92.20717287234922,92.99493472810158,91.92160938745533,92.4828872680664,8408200
2024-09-26,93.01462654920422,94.32427745778277,92.73891215006219,93.74330139160156,10061600
2024-09-27,94.02885377814329,95.41728221187596,93.82206800320178,94.54090118408203,10155400
2024-09-30,95.36805203663894,96.07703618701873,93.97963100268989,94.71815490722656,7982300
2024-10-01,93.73345661575874,94.38335374689002,91.89206763768838,92.61090087890625,10099200
2024-10-02,92.15793715676341,93.13279416706256,92.15793715676341,92.7093734741211,6144200
2024-10-03,92.17763599384223,92.65028711191948,91.7049773631109,92.19732666015625,6180300
2024-10-04,92.85707664038415,93.881156525333,92.45334662720025,93.6940689086914,6308900
2024-10-07,93.63497846456004,93.68421639551829,90.35593810944633,90.9762954711914,11043600
2024-10-08,91.10430873971283,92.30564220173791,90.28701463309999,91.09446716308594,10209100
2024-10-09,90.45441221777641,92.57151566866386,90.06053128299321,92.16778564453125,8654500
2024-10-10,92.28595671787032,92.44350459194025,91.27171833195945,91.56712341308594,6698000
2024-10-11,91.42926140051188,93.16233300011696,91.38003097923884,92.6896743774414,8089100
2024-10-14,92.73891005626591,93.73345769870593,92.36472731054319,93.5168228149414,6262000
2024-10-15,93.79252800332708,94.18640888854881,92.24655172677048,92.77828979492188,6535800
2024-10-16,92.29579834210041,95.30897349925671,92.19732247703608,95.26958465576172,9936300
2024-10-17,95.44682937433133,95.8407102911768,94.14702760759874,95.06279754638672,9542500
2024-10-18,95.5256080867201,96.04749711427064,94.58029838372508,95.79147338867188,8609700
2024-10-21,95.71269813611801,95.95887277897084,94.48182492185387,95.1415786743164,8189900
2024-10-22,94.72799699178393,95.77178255773413,94.72799699178393,95.25973510742188,5344300
2024-10-23,95.44682411706009,95.65360989666702,94.52120514035491,94.76737976074219,5388500
2024-10-24,95.12187415449493,95.31881836324023,93.79253267424109,93.94023895263672,5015300
2024-10-25,94.34396084447539,95.36804818559786,93.55620655237196,93.57589721679688,6638100
2024-10-28,93.7629964611726,95.21050452132519,93.75314737220013,94.72799682617188,8146400
2024-10-29,94.78708850094262,95.14158059481868,94.21596151495851,94.65907287597656,6834400
2024-10-30,94.23564560499742,95.23019321633727,93.48728013695388,93.62513732910156,7718200
2024-10-31,93.81222688072761,95.15141750014403,93.54636157970029,94.72799682617188,8147700
2024-11-01,94.23564618388637,94.91509057268341,93.37896327208513,94.34396362304688,7944900
2024-11-04,94.36366099808993,94.55074860833204,93.57589917683273,94.32427215576172,6088000
2024-11-05,94.1371822630836,95.19080943777836,93.79253926438044,95.15142059326172,6561700
2024-11-06,96.7072433718066,98.0267433309907,96.7072433718066,97.37683868408203,11325100
2024-11-07,97.26851534307286,97.99719011990423,96.62845982399722,97.41622161865234,7805100
2024-11-08,97.21929631138833,97.74118536858664,96.11643117224843,97.50485229492188,7982100
2024-11-11,97.4851562664288,99.35608501043647,97.4851562664288,99.31669616699219,9137900
2024-11-12,99.01144750127193,99.74012236368795,97.97751096343036,99.44470977783203,9366200
2024-11-13,99.24777057966676,101.62089024610326,98.81450080129083,101.14823913574219,17701300
2024-11-14,108.64179411151392,113.05323946068607,106.7413255869947,107.45030975341797,47436100
2024-11-15,108.56301141903157,113.4274244934663,108.56301141903157,113.31910705566406,32048000
2024-11-18,111.59588754757984,113.67360207183387,111.16261778512954,111.80267333984375,14226200
2024-11-19,110.3354725677672,110.77858389829899,109.12429007824491,110.6998062133789,12166800
2024-11-20,110.54226812315137,112.6199827924104,109.76435531930353,112.51166534423828,9319300
2024-11-21,112.4033446064813,114.47121012557376,112.08824136083534,112.9646224975586,10261000
2024-11-22,112.10793350637543,114.55983090368584,111.86175885769535,113.8803939819336,10098000
2024-11-25,113.90993337230034,114.7961636072362,113.17140942862947,114.22503662109375,10397800
2024-11-26,114.22502835332881,114.63859992881264,113.67359958601703,113.68344116210938,6808100
2024-11-27,113.6834489028612,116.39137001803476,113.6834489028612,115.80055236816406,8142400
2024-11-29,115.46575296533271,115.93840405769797,114.94386394087982,115.67253875732422,5095200
2024-12-02,115.97779498010041,116.81478725202038,114.76661996062843,115.3672866821289,8390500
2024-12-03,115.2097314387538,115.43621541296177,113.68344566676863,114.66814422607422,9194000
2024-12-04,114.1954932810252,115.49529508058183,114.06747766004179,115.19988250732422,7996200
2024-12-05,114.76662227234108,115.47559893788029,114.28411456000444,114.7173843383789,9823600
2024-12-06,114.76662449645038,115.46575959886914,114.44167215637215,114.9438705444336,6677900
2024-12-09,114.60906255447757,115.3869753031722,112.16701438055482,112.8563003540039,8666100
2024-12-10,112.89568673192889,113.19109178010495,111.97991680854146,112.9744644165039,7526400
2024-12-11,112.8858401082012,113.28957011597399,112.23594297789973,112.8563003540039,6426800
2024-12-12,112.94492436728666,113.25018603635716,112.41319374406237,113.1418685913086,5285100
2024-12-13,112.57074371290282,113.20095021623429,111.56635444592273,111.6057357788086,6864500
2024-12-16,111.7639848073583,111.8332188323924,110.5078796257559,110.88372039794922,10528500
2024-12-17,109.81552922358578,112.79260732129272,109.58804923784723,111.78376007080078,12238600
2024-12-18,112.10026524918818,114.84986350115642,110.02323689575454,110.13203430175781,12292800
2024-12-19,110.43864615434012,111.67497342610584,110.03312718714842,110.15181732177734,9468500
2024-12-20,109.40012242269523,111.73430879160782,109.22209100316995,110.8045883178711,17955300
2024-12-23,110.38919011338137,110.62656283684323,109.10340673157249,110.18148803710938,6037200
2024-12-24,110.03312027263563,111.50682017510864,109.9737789820216,111.32878875732422,2475000
2024-12-26,110.89361181525133,112.0804829577595,110.63645363419558,111.31890869140625,4781400
2024-12-27,110.59689261484246,110.89361417976767,109.64739417140181,110.32984924316406,4523800
2024-12-30,109.22209525846377,110.3199544639852,108.6286596855734,109.58805084228516,5716300
2024-12-31,109.56826935516949,110.36940703033632,109.45947194916621,110.13203430175781,4757500
2025-01-02,110.47820557334545,110.97273649810697,108.9649421509261,109.60783386230469,5688100
2025-01-03,110.15181676014308,110.31995545721965,108.97483078872155,109.9441146850586,5393100
2025-01-06,110.2507236776725,111.61562629000218,109.65728808735275,109.83531951904297,6274400
2025-01-07,110.92328947071769,112.4958942112047,110.07269566466226,110.17160034179688,7878800
2025-01-08,109.78585987396625,109.89465727571495,107.45167342071821,108.5594253540039,7805300
2025-01-10,108.79680271846594,109.33089701914247,106.44283824891498,107.4615707397461,8835500
2025-01-13,106.7494434767557,107.42200582213037,105.55267956950455,106.8978042602539,6690200
2025-01-14,107.49124252346485,107.7681786350508,106.43294664222252,106.93737030029297,5501600
2025-01-15,107.97587315491903,108.40117002390299,106.80877994788928,106.9967041015625,6296900
2025-01-16,107.1055096100533,107.41211637162269,104.99881056705206,105.29552459716797,7872800
2025-01-17,105.66147913189828,106.56152149053146,105.37465029019629,105.84939575195312,7144300
2025-01-21,105.92851944244893,108.25281321091066,105.63180542393161,107.51101684570312,8643700
2025-01-22,108.35173085786397,108.35173085786397,107.04616949153079,107.61981964111328,8781700
2025-01-23,107.31320629356335,109.85509484125981,107.30331356260781,109.82542419433594,7608300
2025-01-24,109.94411234200933,112.14971591086139,109.41990325403307,110.93317413330078,8304500
2025-01-27,110.4584192521396,112.83216901957242,110.24082445444975,112.10025787353516,10176900
2025-01-28,111.6156240950433,111.72442149815572,110.33973345067807,110.91339111328125,6516800
2025-01-29,112.25851868153497,113.12889038296687,111.52661503383217,111.95191192626953,7607100
2025-01-30,112.84205449775082,113.92013575839775,111.88267091280665,112.18927764892578,6236200
2025-01-31,112.06070637892775,112.76293936031657,111.52661209464412,111.82332611083984,7793400
2025-02-03,110.13202887413902,113.34647969358954,109.64739070960889,112.75304412841797,8870700
2025-02-04,112.55523800170222,113.40583176957502,111.27934734989304,112.06070709228516,13521100
2025-02-05,114.43444953667974,117.29283759233114,109.0242877207673,109.33089447021484,23310000
2025-02-06,110.6562352982524,111.44748778402173,107.95610071650475,110.86393737792969,12470800
2025-02-07,110.38919630748538,111.31891688329806,109.59794379029033,109.64739990234375,8669300
2025-02-10,109.92432655046265,110.16169926679608,107.5011281874501,108.08467102050781,8239500
2025-02-11,107.19451569698599,107.85719284117596,106.51206818285583,107.8275146484375,7456700
2025-02-12,107.0659410197461,108.33193893022691,106.57141011434312,108.03522491455078,6521200
2025-02-13,107.72861152019068,108.5594273720852,107.3725486616563,108.39128112792969,6553200
2025-02-14,108.65833672102133,109.30122844026161,108.39128579265632,109.17264556884766,5964500
2025-02-18,108.57920522000332,108.71767327090824,107.52090937611987,108.36161041259766,8362900
2025-02-19,107.94620854232089,110.53755327794146,107.94620854232089,110.13203430175781,8452100
2025-02-20,110.02322965854275,110.30016574799161,108.1835741546982,109.34078216552734,5970100
2025-02-21,109.7858594169306,110.53754849517173,106.73954727253367,107.4714584350586,9082100
2025-02-24,107.64947909263448,110.33972830608549,107.4615624881551,109.9836654663086,7093300
2025-02-25,110.21115627143001,110.67601652307509,107.87696982831964,109.32099914550781,7289000
2025-02-26,108.85614493283006,112.01125465298911,108.85614493283006,110.6067886352539,7831600
2025-02-27,111.09142280817527,111.88267527890291,109.84520280785921,110.09246826171875,7854700
2025-02-28,110.24082826081666,112.7431534287647,109.78586073445726,112.55523681640625,14609400
2025-03-03,112.8222799482311,114.28609474184033,110.77492231092931,111.55628204345703,7884700
2025-03-04,110.47819801508012,111.02218501347865,107.08571580147199,107.817626953125,12658000
2025-03-05,108.14401238215764,109.72651728123782,107.03626800793263,108.11434173583984,9956100
2025-03-06,107.19451612179827,107.6395984633264,103.87126784053645,104.27678680419922,11618800
2025-03-07,103.85148763066992,104.61306188641342,102.17997079600798,104.35591125488281,12715900
2025-03-10,103.28773140520892,103.65368701371676,100.99310816821853,101.95249938964844,10947100
2025-03-11,98.69848122911793,99.93480852047485,96.38407261580747,96.82915496826172,16906000
2025-03-12,97.60062177765583,98.40175944600449,95.32577654814791,97.67974853515625,11891800
2025-03-13,96.70056673896094,97.57094593322121,94.88069668903951,95.81041717529297,11059500
2025-03-14,96.37418687001137,98.01602557949354,96.35440140773669,97.5610580444336,10199800
2025-03-17,97.65995708646126,99.02486715887707,97.5808378797536,98.27317810058594,8332100
2025-03-18,98.18416364856868,98.63913872664965,97.4028114504234,98.26329040527344,6727000
2025-03-19,98.56990978940146,99.85568569548546,98.38198561901233,99.1930160522461,8614600
2025-03-20,98.4808813362024,98.95563431179785,97.56105357706454,97.77864837646484,7836500
2025-03-21,97.30390456445419,98.79739010885216,96.68079829962534,98.3720932006836,15089900
2025-03-24,99.12377663508016,99.34137144245197,97.7786519585479,99.08421325683594,8224400
2025-03-25,99.54907485048794,100.64693408713747,99.31170212379,100.49857330322266,7365200
2025-03-26,100.58758552817395,101.15135047187736,99.16334161804805,99.67765045166016,6314000
2025-03-27,99.608415511638,99.92491499386828,98.49077836568732,99.35125732421875,6598800
2025-03-28,98.95563727218817,99.29191466609062,96.67089935607648,96.9972915649414,7679700
2025-03-31,95.77085868481724,97.76876025859244,94.6532139889738,97.62039947509766,10554000
2025-04-01,97.24455595569123,97.51159932170033,95.7807411702492,96.61155700683594,8762700
2025-04-02,95.56315944019308,97.23466884903635,95.3950131894098,96.80937194824219,7959900
2025-04-03,93.4762342094636,93.74327757918721,87.64076799421284,87.86824798583984,19353400
2025-04-04,85.0593169221124,86.58247303762616,82.17125820508556,82.6163330078125,22580900
2025-04-07,80.10411697969049,85.68242520033913,79.2238525383928,82.38885498046875,20456000
2025-04-08,85.00986103145327,85.99892285867644,79.96564722180375,80.82613372802734,14845600
2025-04-09,80.40083311607505,91.2409493347809,80.30192844712288,90.43981170654297,24970900
2025-04-10,87.94737784429834,88.03639733464149,82.1613675340577,84.29774475097656,16377000
2025-04-11,84.17905110399438,84.73292330191377,82.43830020860707,83.96145629882812,10204400
2025-04-14,84.89117880323901,85.5043923093263,83.11086448827577,83.73397827148438,10841300
2025-04-15,83.82298860544886,85.0395379549817,83.59550106836969,84.08014678955078,7840500
2025-04-16,83.358132434538,83.87244882796648,81.11296533036894,81.8646469116211,10144300
2025-04-17,82.45808793636607,84.84172303586283,82.44819520514774,83.88233184814453,14810900
2025-04-21,83.98124188550061,84.29774136277376,82.0723522909005,83.08119201660156,14166800
2025-04-22,84.08014962985894,85.61319096338407,83.67463065100156,85.14833068847656,9578500
2025-04-23,88.05617049029651,88.8869863228245,86.07804689830174,86.335205078125,12089100
2025-04-24,86.49345582065459,89.25293928947134,85.82089346037728,89.02545928955078,10310000
2025-04-25,89.08480127221084,89.35184465372777,88.0957394139445,89.2925033569336,7749600
2025-04-28,89.46064179321158,90.37058443500133,88.65950410512303,89.17382049560547,8491800
2025-04-29,88.84742085634515,90.65740571148727,88.77818683409099,90.17276000976562,6359900
2025-04-30,88.90676656128845,90.19254994805421,87.59131252721842,89.95516967773438,8474800
2025-05-01,90.27167133991111,90.60795629135099,89.37162898418372,89.81670379638672,7790600
2025-05-02,90.83543320307001,92.17067268618656,90.83543320307001,91.47832489013672,7594000
2025-05-05,88.71884302721764,92.06187683804932,88.629831084676,91.10248565673828,10231000
2025-05-06,90.20243590466387,91.72559202883363,90.00462655698173,91.16182708740234,11839400
2025-05-07,101.29971222679107,102.17997666406133,99.04465243037099,100.97332000732422,36155300
2025-05-08,102.83275414423578,105.0284724961464,102.72395674510922,103.97017669677734,19265400
2025-05-09,104.1086495121292,105.02847730856426,103.61411860105537,104.78121185302734,10438200
2025-05-12,108.66822722264683,109.72652309102423,107.47146330015973,109.28144073486328,18366600
2025-05-13,109.04406030249476,110.9727277384476,108.94515563453812,110.16169738769531,14076700
2025-05-14,110.16170169448542,112.16950350761837,109.61772222648577,111.70464324951172,15352200
2025-05-15,111.00241592482853,111.61562944893876,110.35952420631085,110.99252319335938,8322400
2025-05-16,110.69579722175858,112.199175415766,110.20126631114036,112.17938995361328,10961000
2025-05-19,110.89361718305211,111.75409616194204,110.67602236900632,111.4277114868164,7209700
2025-05-20,111.21011583302493,112.1596142950108,110.58700204370018,111.13098907470703,6433300
2025-05-21,110.46831168947189,111.25955657922054,108.92537019446844,109.25176239013672,10150600
2025-05-22,108.77702129443168,110.5771134886212,108.77702129443168,109.91443634033203,7903700
2025-05-23,108.40117680530766,109.14297318975905,107.59014639347852,108.51986694335938,8086100
2025-05-27,109.8155350149581,111.6551906431629,108.94516331129014,111.13098907470703,10201100
2025-05-28,110.97273323819383,111.23978415544833,109.95400077046209,110.3001708984375,5787900
2025-05-29,110.78481543753858,111.03208089000861,109.31110790773839,110.7947006225586,9682100
2025-05-30,110.78481067776357,112.11014982400837,110.15181175031196,111.80354309082031,12881100
2025-06-02,111.4474799591492,112.35741497173613,111.02218309844885,111.71452331542969,7546800
2025-06-03,111.49694291616186,113.4355031887562,111.28923329236346,112.357421875,9738800
2025-06-04,112.61458230828079,112.80250647358747,111.74421060096597,112.24862670898438,5614900
2025-06-05,112.48600438587579,113.0893251552944,110.61667059920407,111.29912567138672,8547200
2025-06-06,112.12004999177991,112.97064377182946,111.97168920764236,112.65414428710938,5790700
2025-06-09,112.73326572863364,114.8399646170244,112.73326572863364,114.39488983154297,7960400
2025-06-10,114.26631022692837,119.18194865256338,114.26631022692837,117.43131256103516,18948400
2025-06-11,117.08513946360216,118.24234756674636,116.36312853650462,118.2126693725586,10439200
2025-06-12,117.5697802541766,118.08408907596204,116.37301636772759,117.3126220703125,7980300
2025-06-13,116.02684196130771,117.02579653193126,116.01695677599301,116.64995574951172,13204900
2025-06-16,116.72907404732224,119.02369719483791,116.58072080933391,118.17311096191406,9592100
2025-06-17,117.68846148863274,118.02474642457864,116.36312229846567,116.8378677368164,9241200
2025-06-18,116.59060921579203,117.45109574961293,115.56198397697698,116.57083129882812,8181200
2025-06-20,116.95655905153451,117.7478115180404,115.62132711700576,116.34333801269531,17180400
2025-06-23,115.38395474909068,116.6994012257202,113.7618864331876,116.46202850341797,8348000
2025-06-24,116.95866985350084,118.27973350583949,116.95866985350084,117.85262298583984,8350200
2025-06-25,117.97181364985227,118.91543380786469,117.8327551134078,118.61744689941406,6976300
2025-06-26,119.17368824716101,120.85232559697707,118.87570133965093,120.64373779296875,10439600
2025-06-27,121.03111738494454,122.11379608635268,120.66360878403398,121.517822265625,13435600
2025-06-30,123.47458455751058,123.85203565522283,122.35218133848433,123.17660522460938,13456200
2025-07-01,122.67003013268005,122.92828494957035,121.62708352540444,122.66009521484375,9815700
2025-07-02,122.49123772647145,122.86868123943782,121.70654594746189,122.15352630615234,7317100
2025-07-03,122.24291383948378,123.40504909351313,122.07405813483778,123.16666412353516,4252300
2025-07-07,122.38197296843666,123.77256585999585,121.75620957738974,122.33231353759766,7023500
2025-07-08,122.39191283302186,122.87861771239797,121.0013198852539,121.0013198852539,6622900
2025-07-09,121.02118340544784,121.52775812574536,119.79945373535156,119.79945373535156,6724900
2025-07-10,119.8093872162264,121.13044331532811,119.8093872162264,120.7430648803711,6888700
2025-07-11,119.82924452796671,120.41528340417669,118.92536407641373,119.06442260742188,6112400
2025-07-14,118.97502415394932,119.69018664766304,118.7962335305209,119.16374969482422,6853300
2025-07-15,119.42200410552073,119.42200410552073,118.08107064519388,118.18040466308594,7943600
2025-07-16,118.5578475658927,119.75971491071691,118.0810700480354,119.01475524902344,6747500
2025-07-17,118.94522794197565,121.5674853880584,118.94522794197565,121.3886947631836,9933700
2025-07-18,121.15031070251888,121.33903624634299,119.48160071715057,120.60400390625,9486800
2025-07-21,120.25635833335758,121.15031147013362,119.96830634605631,120.02790069580078,6392500
2025-07-22,119.93850757355754,120.61393798144448,119.74978203105155,120.24642181396484,5614500
2025-07-23,120.70332967460399,122.35217739369311,120.68346741763307,122.1137924194336,8258900
2025-07-24,122.02439288122807,122.5706996724952,120.99138122563673,121.13043975830078,6702200
2025-07-25,121.43836303877318,121.62708100502067,120.05770503489295,120.65367126464844,5656600
2025-07-28,120.21662625546254,120.5841424278824,119.08428814144891,119.56106567382812,6042200
2025-07-29,119.76965198515667,119.9981020417757,118.55784970114436,119.10415649414062,6283700
2025-07-30,119.14388161401733,119.69018840979206,118.37905967805447,118.73664093017578,5281500
2025-07-31,118.65717850521108,119.10415886605173,117.78309519713173,118.30953216552734,7235000
2025-08-01,116.79974475083353,117.09773166265464,114.79332328935355,115.80646514892578,8637800
2025-08-04,116.93880457908668,118.7167683021518,116.93880457908668,118.54791259765625,8845000
2025-08-05,118.44859163452878,118.76644080161816,116.54149663199254,117.52484130859375,15365700
2025-08-06,115.00190485366755,115.33962384060702,111.44596225311774,114.39600372314453,22153700
2025-08-07,114.9721141162254,115.61774737418712,111.06852497096862,112.12139892578125,15484400
2025-08-08,112.53857917844859,113.52192383844323,111.26717495344046,111.67442321777344,9491000
2025-08-11,112.15119849555097,112.38958346752098,110.79040277340069,111.79361724853516,8532600
2025-08-12,112.54850886827593,113.63118757114158,111.73401990072314,112.95575714111328,7274000
2025-08-13,113.46233260017918,116.44217141482872,113.38286841303926,115.85613250732422,9025700
2025-08-14,114.70392692524119,115.92565654031509,113.84970589737605,115.5283432006836,6800900
2025-08-15,115.78660270216498,116.05478485986843,114.41587958189479,114.61453247070312,6768600
2025-08-18,114.41587804708429,116.22364659222919,114.38608087197494,115.76673889160156,5798400
2025-08-19,115.71706694359176,116.20377179856202,114.94231011131865,115.48860931396484,5914000
2025-08-20,115.29989338669732,117.09772696908973,115.22042920298055,116.2534408569336,7046700
2025-08-21,115.78659735913304,115.87599645965679,114.75358571313026,115.42901611328125,6337100
2025-08-22,116.79974133108728,118.97502602057473,116.34283363696201,118.06121063232422,7161700
2025-08-25,117.69369453790813,118.24993625217091,116.90900276549674,116.91893768310547,5424900
2025-08-26,116.64082176161217,117.58443433443024,116.37263960851416,116.85934448242188,5787400
2025-08-27,116.74014496318969,117.6638952530702,116.50175999170744,117.29637908935547,4378000
2025-08-28,117.30631871530683,117.57450844984554,115.82633423985592,116.84941101074219,5687700
2025-08-29,116.6010898422933,117.85262424089598,116.46203130668432,117.58443450927734,5212600
2025-09-02,116.23357446084289,117.48510886798425,115.22043261190494,117.47517395019531,6015900
2025-09-03,117.0381363699952,117.82282815856429,115.56807923662433,116.59115600585938,6288700
2025-09-04,116.29317386175997,118.87569922785605,115.97532470251925,118.01154327392578,6949300
2025-09-05,118.1108790721559,118.97502746097847,116.90900410573872,117.11759948730469,6669100
2025-09-08,117.16726037158817,118.08107578222587,115.95545805055379,118.04134368896484,6450700
2025-09-09,117.73343056669384,118.24994020591319,116.43223670694857,116.58123016357422,5444300
2025-09-10,116.06471472578767,116.72028287093971,113.73050928234208,115.0118408203125,7484900
2025-09-11,114.67412418245188,116.38256626812213,113.85963523208837,116.29317474365234,8399100
2025-09-12,115.47868912253979,116.22364882708563,114.32648114201034,115.18070220947266,7640900
2025-09-15,115.32969192987576,115.96539025091153,114.22715099661521,114.84298706054688,7150900
2025-09-16,114.67412733002617,115.07144068752592,113.93910254443091,114.45561218261719,6844900
2025-09-17,114.46553452521005,115.8759972616639,114.44567226835709,115.31975555419922,7333900
2025-09-18,114.55493158727018,115.00190435066159,113.28353498390464,114.08808898925781,9460500
2025-09-19,113.82983458049183,113.82983458049183,111.17778000851997,112.9954833984375,23398400
2025-09-22,111.00892400218635,112.86635190018592,110.77053145528677,111.80354309082031,15479800
2025-09-23,111.96247861453877,112.85643177726959,110.8500027255713,111.49563598632812,13145000
2025-09-24,111.65455989602667,113.38286422277672,111.44596451796286,112.6677017211914,8755200
2025-09-25,111.95254241034725,113.28354101025933,111.89294805955721,112.23065948486328,6365500
2025-09-26,112.36971660873002,112.80676205068485,112.00220801265147,112.70743560791016,6145700
2025-09-29,112.707435021951,114.23708648271854,112.56837648716503,114.00862884521484,9304100
2025-09-30,113.76031170195319,114.10795804732642,112.57830654956221,113.73051452636719,9303700
2025-10-01,113.31333637422672,115.28002570007743,112.03200480587098,112.19092559814453,9736300
2025-10-02,112.22072655798114,112.40944451879446,110.03550700763913,111.38636779785156,8695100
2025-10-03,111.28704657612008,112.80676314182585,110.81026903681929,111.71415710449219,7148400
2025-10-06,111.9326770741889,112.34985267448894,110.70100495217682,111.99227142333984,6141200
2025-10-07,111.87307674788936,112.63790627083965,111.0486604530571,111.77375030517578,5409800
2025-10-08,112.05186930775656,112.43924774570301,110.89966891179637,111.13805389404297,7074400
2025-10-09,111.06851869175823,112.2405888608638,110.13483349216455,110.24409484863281,6502400
2025-10-10,110.78047022314306,111.92274325451196,108.3767354609342,108.4561996459961,9635200
2025-10-13,109.64813457372875,110.214303643306,108.64492005461048,109.52893829345703,7435100
2025-10-14,108.91310807377432,111.08838521305776,108.46612771339308,110.42288970947266,7898000
2025-10-15,110.72087406004346,111.92274142146394,110.39308998562286,110.95925903320312,7012600
2025-10-16,111.03872339125253,111.33670271363943,107.78076763317718,109.14155578613281,7531200
2025-10-17,109.00249635286745,110.71093840167597,108.70451703294233,109.9262466430664,10090500
2025-10-20,110.2838302563818,111.49563255320116,109.85671973501306,111.20758056640625,8047500
2025-10-21,111.49563415752596,113.77024533167328,111.2870463526638,113.5318603515625,8163200
2025-10-22,113.23386846594792,113.51198552687362,112.22072666141555,112.32005310058594,7569200
2025-10-23,112.40944427221714,113.06501240931819,111.14798258462784,112.2703857421875,6945400
2025-10-24,112.46905266181125,112.88622827587592,110.84006714276074,110.9294662475586,6235200
2025-10-27,111.18771621172414,111.84327677975944,110.56194523982494,111.58502197265625,6029600
2025-10-28,111.15792064335369,111.72408969679515,110.71094028866513,110.89966583251953,6839400
2025-10-29,110.43282310095206,110.78046943547379,109.27068782064158,109.49913787841797,7097100
2025-10-30,109.38987933346628,112.81669849136719,108.81378292634732,111.08838653564453,8311300
2025-10-31,110.83013985442342,112.33992151569616,109.78719324065575,111.86315155029297,8700600
2025-11-03,111.79361900352049,112.05186623632473,110.28382980839201,111.36650848388672,8542300
2025-11-04,110.22423879938508,111.03872777103038,109.89645471152099,110.72087860107422,7950100
2025-11-05,110.60167549530281,111.21751153951793,109.85671583874066,110.61161041259766,5746000
2025-11-06,110.42288983369588,110.95926171988367,108.44626557805479,109.7474594116211,10291800
2025-11-07,109.5190109798673,110.68114629483698,109.30048825504456,109.99578094482422,8782100
2025-11-10,110.40302381019195,112.03200167054673,110.28382753573126,111.4856948852539,9158700
2025-11-11,111.89294352511719,114.19735179244971,111.6644858928104,114.07815551757812,9713300
2025-11-12,113.80004260788579,116.30310384657444,113.6212519781136,115.8660659790039,15248700
2025-11-13,108.15821460251318,108.62505722513409,104.20496605416966,106.8868179321289,44045400
2025-11-14,106.79741612467787,107.99929107416766,104.59234184298711,105.08898162841797,16691400
2025-11-17,105.03931541904281,106.94641039088046,104.41355201275533,104.97972106933594,12296400
2025-11-18,104.39367994150103,106.36037679904399,104.29435350140973,105.56575012207031,11796200
2025-11-19,105.36709578691344,106.86694244126105,103.38053670003252,103.96656799316406,12790000
2025-11-20,104.6618736800688,105.08898420915303,101.81115851356509,102.00981140136719,12609900
2025-11-21,102.78457400021458,104.07583290391742,101.99988222472078,103.57919311523438,10785400
2025-11-24,103.39046595494197,103.6387858454032,101.20525395013175,101.25492095947266,15024800
2025-11-25,101.8012184734595,103.22160852632899,101.31451361814831,102.61570739746094,10574500
2025-11-26,102.62564769565832,103.54939802432393,102.18860224782283,102.73490905761719,10130200
2025-11-28,102.60578612976299,104.03610360647413,102.54618420039697,103.7679214477539,6525500
2025-12-01,104.21489396966332,106.11206164600925,103.76792118024125,106.05245971679688,12628900
2025-12-02,105.81407584911452,105.85380794296738,104.11556862204534,104.12550354003906,8548200
2025-12-03,104.19502958759753,105.13864215852587,103.76791906453988,105.02938079833984,10177800
2025-12-04,105.12870855081175,105.50615964638382,103.8076524506752,104.76119995117188,11471400
2025-12-05,104.47314990982345,105.45649460398495,103.85731382216203,104.59234619140625,10680100
2025-12-08,104.5923416105027,107.32386042430089,104.1254990007359,106.90667724609375,13727700
2025-12-09,106.866942658392,107.02587102316372,105.83393859986201,106.30077362060547,8549400
2025-12-10,106.40011039631365,108.93296875603028,105.86373851848477,108.09861755371094,11237900
2025-12-11,108.46612359986304,110.81026393916609,108.37673207805003,110.7109375,13281400
2025-12-12,110.97912966819308,112.57830280370004,110.40302569895952,110.8499984741211,13059100
2025-12-15,110.69999694824219,111.55000305175781,108.55000305175781,110.48999786376953,14318000
2025-12-16,111.22000122070312,112.8499984741211,110.86000061035156,111.62000274658203,15580200
2025-12-17,111.05999755859375,112.12999725341797,110.45999908447266,110.62999725341797,12142500
2025-12-18,110.52999877929688,112.80000305175781,110.41999816894531,111.87000274658203,12913900
2025-12-19,112.31999969482422,113.4800033569336,110.91999816894531,111.23999786376953,21138400
2025-12-22,111.41000366210938,112.80000305175781,111.1500015258789,112.37999725341797,8803300
2025-12-23,112.29000091552734,113.30999755859375,112.04000091552734,113.22000122070312,7634500
2025-12-24,112.94000244140625,114.52999877929688,112.80000305175781,114.4800033569336,4606700
2025-12-26,114.1500015258789,114.73999786376953,113.2699966430664,113.55999755859375,5428900
2025-12-29,113.31999969482422,114.48999786376953,113.30999755859375,114.19000244140625,7966000
2025-12-30,114.0999984741211,115.27999877929688,114.0999984741211,114.79000091552734,6883900
2025-12-31,114.7699966430664,114.88999938964844,113.55000305175781,113.7699966430664,6608000
2026-01-02,113.44000244140625,113.44000244140625,111.62000274658203,111.8499984741211,8906200
2026-01-05,111.41999816894531,116.02999877929688,111.37999725341797,114.06999969482422,12029000
2026-01-06,113.79000091552734,114.76000213623047,113.11000061035156,114.56999969482422,7388300
2026-01-07,114.45999908447266,114.97000122070312,112.51000213623047,112.91000366210938,8296300
2026-01-08,112.55000305175781,114.98999786376953,112.55000305175781,114.16999816894531,9778200
2026-01-09,114.30999755859375,115.9800033569336,113.9000015258789,115.87999725341797,8935200
2026-01-12,114.62999725341797,114.94000244140625,112.55000305175781,112.81999969482422,10833800
2026-01-13,112.83999633789062,113.22000122070312,111.61000061035156,112.9800033569336,8945700
2026-01-14,112.80999755859375,113.58999633789062,112.26000213623047,113.52999877929688,8950900
2026-01-15,113.70999908447266,114.11000061035156,112.16999816894531,113.41000366210938,7958500
2026-01-16,113.19999694824219,113.8499984741211,111.12000274658203,111.19999694824219,12049600
2026-01-20,109.66000366210938,111.08999633789062,108.80000305175781,110.33999633789062,9818200
2026-01-21,110.56999969482422,113.25,110.5,113.19000244140625,10041400
2026-01-22,113.16999816894531,114.29000091552734,112.16999816894531,113.20999908447266,12437700
2026-01-23,112.69000244140625,112.94999694824219,110.55000305175781,110.9800033569336,10819800
2026-01-26,111.68000030517578,112.41000366210938,111.12999725341797,111.30999755859375,8859800
2026-01-27,111.5,111.80000305175781,110.02999877929688,110.61000061035156,8956900
2026-01-28,110.27999877929688,111.43000030517578,109.0,109.55999755859375,9016600
2026-01-29,109.62999725341797,111.66999816894531,108.76000213623047,111.58000183105469,11079000
2026-01-30,111.36000061035156,112.94999694824219,110.98999786376953,112.80000305175781,17895200
2026-02-02,104.01000213623047,108.61000061035156,103.75,104.44999694824219,37778500
2026-02-03,104.77999877929688,104.98999786376953,102.33999633789062,104.22000122070312,24827100
2026-02-04,104.19999694824219,108.5999984741211,103.62999725341797,107.05000305175781,19070400
2026-02-05,107.05000305175781,108.33000183105469,104.80999755859375,104.97000122070312,11859500
2026-02-06,106.12999725341797,108.95999908447266,105.37000274658203,108.69999694824219,12105600
2026-02-09,108.69000244140625,108.91999816894531,106.7699966430664,107.12999725341797,10515400
2026-02-10,107.5999984741211,111.11000061035156,107.5999984741211,109.95999908447266,9815500
2026-02-11,108.93000030517578,109.87000274658203,107.80000305175781,108.12000274658203,9374900
2026-02-12,107.93000030517578,108.16000366210938,101.0199966430664,102.37999725341797,25319600
2026-02-13,101.4000015258789,105.5199966430664,101.19999694824219,105.44999694824219,12845300
2026-02-17,106.56999969482422,107.27999877929688,104.37000274658203,105.44000244140625,10467400
2026-02-18,105.95999908447266,107.7300033569336,105.80999755859375,107.0999984741211,8791600
2026-02-19,107.11000061035156,107.7699966430664,105.44999694824219,106.0,7492900
2026-02-20,105.61000061035156,106.19999694824219,104.6500015258789,105.58000183105469,9043600
2026-02-23,104.9800033569336,105.19000244140625,102.95999908447266,104.41000366210938,10626500
2026-02-24,104.44999694824219,107.2300033569336,103.9800033569336,106.05000305175781,13594800
2026-02-25,106.0,106.72000122070312,104.51000213623047,105.05000305175781,8556500
2026-02-26,105.47000122070312,106.7699966430664,105.31999969482422,105.55000305175781,9578500
2026-02-27,104.77999877929688,106.33999633789062,103.93000030517578,106.04000091552734,13954000
2026-03-02,104.61000061035156,104.61000061035156,102.86000061035156,104.33000183105469,14178600
2026-03-03,102.83999633789062,104.30999755859375,102.1500015258789,103.30000305175781,13608400
2026-03-04,103.16999816894531,103.83999633789062,102.63999938964844,103.04000091552734,9672300
2026-03-05,103.0999984741211,104.55000305175781,101.58999633789062,102.41000366210938,11751500
2026-03-06,101.38999938964844,101.80999755859375,99.94999694824219,101.54000091552734,10448600
2026-03-09,100.55000305175781,101.87000274658203,98.44999694824219,101.66000366210938,11715100
