time,open,high,low,close,volume
2013-06-06,8.71,9.13,8.71,9.02,467520
2013-06-07,9.19,9.33,8.91,9.33,612010
2013-06-10,9.33,9.38,8.99,8.99,414590
2013-06-11,8.96,9.02,8.85,8.88,339650
2013-06-12,8.88,9.05,8.82,8.82,287820
2013-06-13,8.88,8.88,8.68,8.82,319120
2013-06-14,8.96,8.96,8.63,8.63,233340
2013-06-17,8.46,8.49,8.12,8.12,507430
2013-06-18,8.04,8.26,7.98,8.12,148970
2013-06-19,8.15,8.26,8.09,8.15,102130
2013-06-20,8.15,8.18,7.92,7.92,373550
2013-06-21,7.87,7.87,7.67,7.7,761570
2013-06-24,7.64,7.84,7.59,7.81,399070
2013-06-25,7.73,7.73,7.28,7.28,441490
2013-06-26,7.28,7.39,6.97,6.97,563320
2013-06-27,6.97,7.28,6.97,7.28,482870
2013-06-28,7.39,7.39,7.08,7.08,179700
2013-07-01,7.08,7.08,6.86,7.0,192010
2013-07-02,7.03,7.22,7.03,7.22,379140
2013-07-03,7.22,7.7,7.2,7.56,724310
2013-07-04,7.62,7.62,7.42,7.42,270820
2013-07-05,7.42,7.62,7.34,7.39,416250
2013-07-08,7.36,7.39,7.14,7.17,332710
2013-07-09,7.14,7.28,7.14,7.25,149020
2013-07-10,7.31,7.31,7.17,7.17,339300
2013-07-11,7.14,7.2,7.08,7.2,88210
2013-07-12,7.25,7.5,7.22,7.42,429590
2013-07-15,7.56,7.81,7.56,7.73,1210110
2013-07-16,7.78,8.01,7.76,7.92,585400
2013-07-17,7.84,7.92,7.78,7.81,382700
2013-07-18,7.76,7.98,7.76,7.81,723850
2013-07-19,7.84,7.95,7.78,7.84,420060
2013-07-22,7.84,7.87,7.64,7.76,424390
2013-07-23,7.73,7.78,7.67,7.67,356340
2013-07-24,7.64,7.87,7.64,7.7,718420
2013-07-25,7.7,7.76,7.28,7.28,354620
2013-07-26,7.36,7.45,7.11,7.34,350770
2013-07-29,7.28,7.28,6.92,6.92,603520
2013-07-30,6.89,7.22,6.89,7.2,388250
2013-07-31,7.08,7.17,7.0,7.06,386910
2013-08-01,7.03,7.2,7.0,7.06,193480
2013-08-02,7.06,7.22,7.06,7.17,281770
2013-08-05,7.17,7.25,7.08,7.08,157210
2013-08-06,7.14,7.28,7.08,7.22,420250
2013-08-07,7.22,7.53,7.22,7.45,647760
2013-08-08,7.39,7.5,7.31,7.31,345820
2013-08-09,7.28,7.42,7.28,7.34,346620
2013-08-12,7.36,7.36,7.22,7.28,188500
2013-08-13,7.39,7.5,7.31,7.36,847360
2013-08-14,7.36,7.45,7.34,7.42,499740
2013-08-15,7.42,7.84,7.34,7.73,1147220
2013-08-16,7.56,7.76,7.56,7.64,1027980
2013-08-19,7.62,7.76,7.62,7.64,420170
2013-08-20,7.62,7.62,7.42,7.53,605490
2013-08-21,7.53,7.53,7.28,7.42,479900
2013-08-22,7.36,7.39,7.14,7.2,562590
2013-08-23,7.22,7.28,7.06,7.06,594000
2013-08-26,7.06,7.22,6.97,7.2,379680
2013-08-27,7.2,7.2,7.08,7.11,224710
2013-08-28,7.06,7.06,6.72,6.8,907880
2013-08-29,6.86,6.92,6.5,6.5,421920
2013-08-30,6.5,6.58,6.36,6.58,291400
2013-09-03,6.69,6.75,6.44,6.44,318140
2013-09-04,6.44,6.5,6.24,6.33,303690
2013-09-05,6.33,6.47,6.3,6.44,228730
2013-09-06,6.47,6.69,6.44,6.61,356640
2013-09-09,6.55,6.55,6.38,6.38,303770
2013-09-10,6.44,6.58,6.44,6.52,159840
2013-09-11,6.58,6.64,6.47,6.55,296380
2013-09-12,6.5,6.55,6.5,6.55,154680
2013-09-13,6.55,6.64,6.52,6.58,181850
2013-09-16,6.66,6.78,6.66,6.72,438370
2013-09-17,6.75,6.75,6.64,6.72,226060
2013-09-18,6.69,6.72,6.55,6.55,175430
2013-09-19,6.64,6.75,6.61,6.72,378040
2013-09-20,6.66,6.75,6.66,6.75,938640
2013-09-23,6.72,6.86,6.64,6.86,291540
2013-09-24,6.86,7.0,6.86,6.97,538820
2013-09-25,7.0,7.08,6.94,6.97,523090
2013-09-26,6.97,7.0,6.83,6.92,315430
2013-09-27,6.94,7.17,6.94,7.06,711990
2013-09-30,7.14,7.28,7.11,7.22,508920
2013-10-01,7.22,7.31,7.08,7.11,695700
2013-10-02,7.11,7.22,7.08,7.08,428500
2013-10-03,7.08,7.2,7.06,7.17,332800
2013-10-04,7.17,7.2,7.14,7.14,299530
2013-10-07,7.22,7.39,7.17,7.36,409650
2013-10-08,7.36,7.36,7.22,7.34,442470
2013-10-09,7.28,7.34,7.2,7.22,339680
2013-10-10,7.28,7.39,7.22,7.28,988560
2013-10-11,7.34,7.7,7.34,7.48,891460
2013-10-14,7.45,7.53,7.39,7.42,297340
2013-10-15,7.48,7.7,7.45,7.7,816010
2013-10-16,7.7,8.06,7.7,7.92,1162760
2013-10-17,8.01,8.06,7.9,7.92,720780
2013-10-18,7.92,8.01,7.9,7.98,792890
2013-10-21,8.01,8.29,7.98,8.18,858210
2013-10-22,8.12,8.26,8.12,8.18,601560
2013-10-23,8.23,8.63,8.23,8.57,796600
2013-10-24,8.6,8.6,8.09,8.09,923420
2013-10-25,8.12,8.32,8.09,8.15,490900
2013-10-28,8.18,8.35,8.15,8.15,286440
2013-10-29,8.12,8.32,8.12,8.32,372380
2013-10-30,8.23,8.35,8.15,8.18,309560
2013-10-31,8.29,8.29,8.12,8.12,208390
2013-11-01,8.12,8.23,8.12,8.2,312540
2013-11-04,8.23,8.26,8.12,8.18,555740
2013-11-05,8.18,8.6,8.15,8.6,1027970
2013-11-06,8.68,8.88,8.63,8.85,533870
2013-11-07,8.91,8.91,8.63,8.65,551660
2013-11-08,8.57,8.74,8.57,8.63,542830
2013-11-11,8.63,8.77,8.63,8.65,327080
2013-11-12,8.65,8.68,8.35,8.35,630810
2013-11-13,8.35,8.49,8.26,8.32,352990
2013-11-14,8.29,8.4,8.23,8.37,257170
2013-11-15,8.4,8.54,8.4,8.54,307670
2013-11-18,8.6,8.77,8.54,8.57,761240
2013-11-19,8.57,8.68,8.54,8.6,420480
2013-11-20,8.63,8.65,8.51,8.6,506330
2013-11-21,8.57,8.68,8.46,8.51,1102950
2013-11-22,8.51,8.74,8.49,8.68,634420
2013-11-25,8.63,8.71,8.6,8.6,498870
2013-11-26,8.77,8.89,8.71,8.89,584790
2013-11-27,8.89,9.18,8.89,9.0,683270
2013-11-28,8.94,9.0,8.86,8.86,183650
2013-11-29,8.86,9.0,8.86,8.89,323850
2013-12-02,8.83,8.86,8.77,8.86,185090
2013-12-03,8.86,9.06,8.86,8.97,376670
2013-12-04,8.97,9.38,8.97,9.32,1165960
2013-12-05,9.32,9.96,9.32,9.84,1020640
2013-12-06,9.9,10.22,9.9,10.04,685140
2013-12-09,10.04,10.04,9.84,9.9,556400
2013-12-10,9.87,10.04,9.78,9.93,386510
2013-12-11,9.99,10.04,9.78,9.84,714510
2013-12-12,9.76,9.84,9.7,9.84,620280
2013-12-13,9.84,9.9,9.78,9.84,315930
2013-12-16,9.55,9.67,9.49,9.49,600620
2013-12-17,9.47,9.67,9.41,9.47,277110
2013-12-18,9.47,9.61,9.44,9.55,186830
2013-12-19,9.55,9.7,9.55,9.55,327120
2013-12-20,9.52,9.67,9.49,9.55,1299340
2013-12-23,9.64,10.04,9.64,9.99,684680
2013-12-24,10.04,10.04,9.81,9.81,461600
2013-12-25,9.76,9.9,9.67,9.73,171150
2013-12-26,9.7,9.84,9.61,9.73,319470
2013-12-27,9.73,9.87,9.67,9.76,415680
2013-12-30,9.84,10.02,9.73,9.73,393100
2013-12-31,9.81,9.87,9.73,9.73,242850
2014-01-02,9.73,9.84,9.52,9.55,270100
2014-01-03,9.55,9.58,9.47,9.49,281650
2014-01-06,9.49,9.78,9.47,9.78,319900
2014-01-07,9.84,9.96,9.81,9.9,493710
2014-01-08,9.81,9.93,9.81,9.93,482180
2014-01-09,9.93,9.99,9.87,9.99,500770
2014-01-10,9.99,10.22,9.99,10.04,445010
2014-01-13,9.99,10.07,9.99,9.99,314840
2014-01-14,9.99,10.04,9.96,9.99,483490
2014-01-15,9.99,10.19,9.99,9.99,513000
2014-01-16,9.99,10.13,9.99,10.07,377520
2014-01-17,10.22,10.59,10.19,10.42,1412750
2014-01-20,10.51,10.59,10.19,10.19,623970
2014-01-21,10.19,10.45,10.13,10.45,320210
2014-01-22,10.42,10.45,10.13,10.22,929730
2014-01-23,10.28,10.42,10.22,10.22,305220
2014-01-24,10.28,10.33,10.13,10.16,275460
2014-01-27,10.16,10.22,10.07,10.16,229260
2014-02-06,10.16,10.36,10.16,10.33,355370
2014-02-07,10.42,10.42,10.13,10.16,191710
2014-02-10,10.19,10.22,10.1,10.16,394710
2014-02-11,10.16,10.25,10.07,10.07,780180
2014-02-12,10.13,10.19,10.04,10.19,309030
2014-02-13,10.25,10.39,10.16,10.33,572410
2014-02-14,10.33,10.51,10.31,10.33,487520
2014-02-17,10.28,10.36,10.19,10.25,352480
2014-02-18,10.19,10.28,10.13,10.28,1241330
2014-02-19,10.39,10.8,10.39,10.77,1221250
2014-02-20,10.88,11.03,10.19,10.42,927180
2014-02-21,10.42,10.45,10.19,10.39,482600
2014-02-24,10.36,10.42,10.25,10.39,268980
2014-02-25,10.42,10.54,10.36,10.45,445580
2014-02-26,10.51,10.51,10.36,10.36,294490
2014-02-27,10.36,10.42,10.19,10.19,297900
2014-02-28,10.19,10.31,10.16,10.22,345300
2014-03-03,10.31,10.31,10.04,10.16,398370
2014-03-04,10.04,10.07,9.96,9.99,214960
2014-03-05,10.13,10.19,10.02,10.19,231050
2014-03-06,10.28,10.28,10.16,10.22,322430
2014-03-07,10.16,10.22,10.16,10.16,285780
2014-03-10,10.1,10.16,10.07,10.13,152440
2014-03-11,10.13,10.65,10.13,10.54,849320
2014-03-12,10.59,10.88,10.57,10.65,1009460
2014-03-13,10.68,10.74,10.54,10.65,170230
2014-03-14,10.65,10.71,10.33,10.39,304430
2014-03-17,10.22,10.25,10.1,10.13,810940
2014-03-18,10.13,10.36,10.13,10.22,394210
2014-03-19,10.28,10.33,10.16,10.25,101520
2014-03-20,10.36,10.36,10.16,10.19,977950
2014-03-21,10.19,10.28,10.13,10.13,2961440
2014-03-24,10.42,10.45,10.31,10.33,390950
2014-03-25,10.42,10.42,10.22,10.22,463840
2014-03-26,10.22,10.28,10.02,10.04,650880
2014-03-27,10.04,10.1,9.93,10.02,307200
2014-03-28,10.13,10.16,10.02,10.04,344960
2014-03-31,10.04,10.04,9.9,9.9,294180
2014-04-01,9.84,9.96,9.55,9.78,316450
2014-04-02,9.67,9.81,9.41,9.61,236800
2014-04-03,9.61,9.81,9.61,9.81,238660
2014-04-04,9.76,9.84,9.64,9.78,113800
2014-04-07,9.78,9.78,9.7,9.78,89470
2014-04-08,9.73,10.04,9.73,9.84,227100
2014-04-10,10.02,10.02,9.87,9.9,194200
2014-04-11,9.9,9.93,9.76,9.76,145910
2014-04-14,9.84,9.84,9.55,9.67,136730
2014-04-15,9.67,9.7,9.41,9.41,199830
2014-04-16,9.35,9.41,8.83,8.83,195700
2014-04-17,9.03,9.09,8.86,8.86,243710
2014-04-18,8.86,8.86,8.25,8.25,325650
2014-04-21,8.39,8.39,7.93,7.93,183090
2014-04-22,7.93,8.25,7.9,8.25,227300
2014-04-23,8.16,8.25,8.08,8.16,228010
2014-04-24,8.25,8.48,8.13,8.45,578330
2014-04-25,8.51,8.83,8.51,8.66,498770
2014-04-28,8.68,8.94,8.66,8.89,316630
2014-04-29,8.71,8.89,8.71,8.86,194810
2014-05-05,8.83,8.83,8.25,8.28,229710
2014-05-06,8.13,8.22,7.9,8.22,196530
2014-05-07,8.22,8.45,8.16,8.34,104280
2014-05-08,8.16,8.16,7.76,7.76,724140
2014-05-09,7.53,7.9,7.53,7.79,407860
2014-05-12,7.79,7.79,7.27,7.27,665350
2014-05-13,7.27,7.32,6.95,7.32,317490
2014-05-14,7.18,7.82,7.18,7.82,386180
2014-05-15,7.9,8.28,7.73,7.99,881500
2014-05-16,7.93,8.31,7.93,8.31,350050
2014-05-19,8.31,8.31,8.02,8.19,284190
2014-05-20,8.19,8.19,7.96,8.16,133820
2014-05-21,8.19,8.39,8.08,8.28,174870
2014-05-22,8.28,8.28,8.13,8.13,191090
2014-05-23,8.19,8.31,8.13,8.28,196010
2014-05-26,8.28,8.54,8.19,8.54,384050
2014-05-27,8.54,8.83,8.54,8.71,233800
2014-05-28,9.32,9.32,9.26,9.32,538620
2014-05-29,9.84,9.96,9.41,9.55,1083820
2014-05-30,9.7,9.7,9.26,9.44,281020
2014-06-02,9.44,9.47,9.21,9.38,248720
2014-06-03,9.29,9.67,9.26,9.49,341730
2014-06-04,9.52,9.52,9.32,9.47,240910
2014-06-05,9.44,9.49,9.35,9.44,251040
2014-06-06,9.32,9.52,9.32,9.49,266360
2014-06-09,9.41,9.81,9.41,9.61,304450
2014-06-10,9.55,9.67,9.49,9.55,93280
2014-06-11,9.67,9.67,9.49,9.58,115630
2014-06-12,9.49,9.67,9.49,9.61,122080
2014-06-13,9.67,9.67,9.55,9.64,123280
2014-06-16,9.49,9.78,9.49,9.64,174320
2014-06-17,9.58,9.7,9.55,9.64,210400
2014-06-18,9.7,9.7,9.52,9.52,226100
2014-06-19,9.44,9.49,8.97,9.44,215580
2014-06-20,9.29,9.55,9.21,9.21,427280
2014-06-23,9.15,9.38,9.15,9.29,197290
2014-06-24,9.29,9.41,9.26,9.38,223220
2014-06-25,9.47,9.7,9.41,9.7,178340
2014-06-26,9.76,9.9,9.67,9.87,424150
2014-06-27,9.93,9.93,9.78,9.81,209930
2014-06-30,9.7,9.87,9.7,9.84,189920
2014-07-01,9.84,9.87,9.78,9.78,105950
2014-07-02,9.73,9.84,9.64,9.73,73720
2014-07-03,9.78,9.84,9.73,9.84,77650
2014-07-04,9.87,9.87,9.7,9.73,57030
2014-07-07,9.81,10.19,9.81,10.16,410550
2014-07-08,10.19,10.19,9.96,9.96,95850
2014-07-09,9.99,10.13,9.99,10.13,76330
2014-07-10,10.13,10.13,9.78,9.84,120080
2014-07-11,9.84,9.9,9.78,9.87,66310
2014-07-14,9.84,9.96,9.81,9.84,47510
2014-07-15,9.81,9.93,9.81,9.84,43330
2014-07-16,9.99,10.07,9.96,10.04,220910
2014-07-17,10.04,10.04,9.99,10.02,102100
2014-07-18,10.02,10.13,9.93,10.13,140590
2014-07-21,10.07,10.13,9.99,9.99,178820
2014-07-22,9.96,10.02,9.96,9.99,42590
2014-07-23,9.99,10.02,9.84,9.99,46040
2014-07-24,9.87,10.02,9.87,9.96,65140
2014-07-25,10.04,10.51,10.04,10.13,322410
2014-07-28,10.16,10.16,9.84,9.96,74050
2014-07-29,9.99,10.02,9.87,9.96,84190
2014-07-30,9.87,9.96,9.87,9.96,44830
2014-07-31,9.96,10.07,9.9,10.07,78100
2014-08-01,10.1,10.1,9.9,9.9,95030
2014-08-04,9.9,10.02,9.84,10.02,78320
2014-08-05,10.02,10.16,10.02,10.16,147710
2014-08-06,10.16,10.22,10.04,10.04,130160
2014-08-07,9.99,10.19,9.99,10.19,184280
2014-08-08,10.19,10.25,10.02,10.13,140590
2014-08-11,10.02,10.07,9.96,10.02,94360
2014-08-12,9.99,10.13,9.96,10.1,62520
2014-08-13,10.1,10.57,10.07,10.57,384970
2014-08-14,10.57,10.62,10.42,10.54,207590
2014-08-15,10.86,11.17,10.86,10.88,1396240
2014-08-18,11.0,11.12,10.94,10.94,431210
2014-08-19,10.94,11.0,10.83,10.86,192820
2014-08-20,10.83,10.88,10.65,10.71,346240
2014-08-21,10.65,10.8,10.62,10.62,416180
2014-08-22,10.62,10.77,10.62,10.68,183590
2014-08-25,10.71,10.88,10.68,10.83,501880
2014-08-26,10.83,10.86,10.54,10.62,753420
2014-08-27,10.45,10.57,10.04,10.1,1063200
2014-08-28,10.1,10.57,10.04,10.36,411260
2014-08-29,10.45,10.45,10.13,10.25,202390
2014-09-03,10.16,10.16,10.02,10.04,554110
2014-09-04,9.9,10.02,9.76,9.81,352120
2014-09-05,9.7,9.76,9.61,9.67,476930
2014-09-08,9.67,10.07,9.64,9.96,861250
2014-09-09,9.99,10.25,9.84,10.04,425880
2014-09-10,9.93,9.99,9.73,9.99,254220
2014-09-11,9.99,10.02,9.84,9.99,306640
2014-09-12,9.87,9.99,9.78,9.87,355480
2014-09-15,9.78,9.84,9.76,9.84,426240
2014-09-16,9.78,10.04,9.78,10.02,1232870
2014-09-17,10.13,10.33,10.04,10.13,1897860
2014-09-18,10.13,10.19,9.99,10.02,449530
2014-09-19,10.02,10.31,10.02,10.16,7051090
2014-09-22,10.42,10.48,10.19,10.31,1190650
2014-09-23,10.31,10.39,10.19,10.22,435870
2014-09-24,10.16,10.25,10.07,10.1,870180
2014-09-25,10.13,10.33,10.04,10.25,1096130
2014-09-26,10.31,10.59,10.19,10.28,1665870
2014-09-29,10.31,10.54,10.25,10.42,1017450
2014-09-30,10.39,10.45,10.31,10.33,663500
2014-10-01,10.42,10.74,10.33,10.57,1788090
2014-10-02,10.62,10.91,10.59,10.83,1878970
2014-10-03,10.91,10.91,10.62,10.71,1058410
2014-10-06,10.77,10.8,10.65,10.68,974900
2014-10-07,10.68,10.68,10.45,10.48,1306650
2014-10-08,10.42,10.62,10.42,10.51,889340
2014-10-09,10.51,10.68,10.42,10.42,797060
2014-10-10,10.42,10.48,10.31,10.33,1007940
2014-10-13,10.33,10.33,10.22,10.28,580200
2014-10-14,10.28,10.57,10.19,10.25,718540
2014-10-15,10.16,10.22,9.99,10.02,834130
2014-10-16,10.1,10.1,9.7,9.81,778200
2014-10-17,9.81,9.96,9.7,9.9,670090
2014-10-20,9.93,9.99,9.81,9.84,248030
2014-10-21,9.84,9.87,9.73,9.84,258550
2014-10-22,9.84,10.04,9.84,10.04,346240
2014-10-23,10.04,10.04,9.81,9.84,504100
2014-10-24,9.84,9.87,9.73,9.76,372190
2014-10-27,9.73,9.76,9.29,9.29,553770
2014-10-28,9.26,9.44,9.23,9.41,362870
2014-10-29,9.52,9.78,9.49,9.78,231090
2014-10-30,9.78,9.78,9.64,9.76,283480
2014-10-31,9.9,10.13,9.9,9.99,607290
2014-11-03,10.1,10.1,9.87,9.93,232600
2014-11-04,9.93,10.13,9.87,9.93,159640
2014-11-05,9.9,10.02,9.78,9.84,280870
2014-11-06,9.84,9.93,9.81,9.81,197960
2014-11-07,9.93,9.93,9.78,9.84,180410
2014-11-10,9.9,10.02,9.84,9.93,187530
2014-11-11,9.93,10.19,9.9,10.02,280360
2014-11-12,10.02,10.02,9.93,9.96,243060
2014-11-13,10.02,10.13,9.96,9.99,265040
2014-11-14,10.04,10.04,9.87,9.99,270200
2014-11-17,9.9,10.19,9.9,9.99,564920
2014-11-18,9.96,10.07,9.78,9.78,310260
2014-11-19,9.9,9.99,9.73,9.76,315990
2014-11-20,9.76,9.81,9.73,9.76,189970
2014-11-21,9.81,9.81,9.61,9.61,291640
2014-11-24,9.49,9.7,9.29,9.44,182850
2014-11-25,9.35,9.55,9.35,9.41,171260
2014-11-26,9.41,9.55,9.26,9.26,526470
2014-11-27,9.26,9.38,9.21,9.26,136730
2014-11-28,9.26,9.35,9.26,9.26,329640
2014-12-01,9.29,9.38,9.26,9.29,188950
2014-12-02,9.32,9.52,9.32,9.47,299870
2014-12-03,9.49,9.61,9.44,9.44,210360
2014-12-04,9.55,9.55,9.35,9.35,241210
2014-12-05,9.38,9.41,9.29,9.29,111420
2014-12-08,9.32,9.38,8.97,8.97,413260
2014-12-09,8.94,9.41,8.39,9.41,801180
2014-12-10,8.89,9.23,8.83,9.18,156520
2014-12-11,9.33,9.33,9.03,9.21,156790
2014-12-12,9.27,9.27,9.09,9.15,120240
2014-12-15,9.15,9.33,9.12,9.27,120690
2014-12-16,9.18,9.27,9.0,9.0,154340
2014-12-17,9.0,9.03,8.39,8.39,492610
2014-12-18,8.54,8.67,8.51,8.6,193100
2014-12-19,8.64,8.64,8.45,8.51,103800
2014-12-22,8.6,8.7,8.42,8.7,160680
2014-12-23,8.7,8.73,8.45,8.48,136140
2014-12-24,8.67,8.67,8.51,8.54,46170
2014-12-25,8.45,8.54,8.36,8.45,119070
2014-12-26,8.42,8.42,8.27,8.27,188430
2014-12-29,8.3,8.45,8.12,8.24,100080
2014-12-30,8.24,8.42,8.09,8.42,82550
2014-12-31,8.45,8.73,8.42,8.7,172910
2015-01-05,8.7,8.79,8.6,8.6,150040
2015-01-06,8.39,8.88,8.39,8.85,278890
2015-01-07,8.85,9.12,8.85,8.97,281560
2015-01-08,8.91,9.18,8.88,9.03,351060
2015-01-09,9.06,9.27,9.06,9.15,222210
2015-01-12,9.15,9.18,8.91,8.91,148200
2015-01-13,8.85,9.21,8.85,9.06,244100
2015-01-14,9.03,9.06,8.91,8.94,192400
2015-01-15,9.03,9.09,8.94,9.03,177640
2015-01-16,9.03,9.12,8.94,8.94,211150
2015-01-19,8.94,8.97,8.85,8.94,168910
2015-01-20,8.94,8.94,8.79,8.88,69040
2015-01-21,8.94,8.97,8.85,8.88,96040
2015-01-22,8.91,8.94,8.85,8.88,197140
2015-01-23,8.88,9.0,8.88,8.94,195730
2015-01-26,8.85,9.03,8.85,8.97,331120
2015-01-27,9.03,9.21,8.97,9.12,802450
2015-01-28,9.12,9.12,8.97,8.97,180230
2015-01-29,8.97,8.97,8.82,8.94,234150
2015-01-30,8.91,8.91,8.73,8.82,263060
2015-02-02,8.79,8.82,8.54,8.54,152930
2015-02-03,8.64,8.64,8.42,8.42,119950
2015-02-04,8.39,8.54,8.36,8.39,114710
2015-02-05,8.48,8.51,8.36,8.42,58330
2015-02-06,8.42,8.48,8.36,8.42,52490
2015-02-09,8.45,8.45,8.27,8.3,77450
2015-02-10,8.3,8.39,8.27,8.36,43340
2015-02-11,8.51,8.51,8.36,8.48,77470
2015-02-12,8.54,8.54,8.42,8.51,66810
2015-02-13,8.51,8.54,8.48,8.54,63080
2015-02-24,8.6,8.6,8.45,8.54,88100
2015-02-25,8.54,8.73,8.54,8.54,138980
2015-02-26,8.67,8.67,8.48,8.54,89980
2015-02-27,8.64,8.64,8.48,8.54,93370
2015-03-02,8.57,8.57,8.48,8.57,51490
2015-03-03,8.51,8.67,8.51,8.67,229060
2015-03-04,8.67,8.88,8.67,8.88,450750
2015-03-05,8.94,9.03,8.88,8.91,328970
2015-03-06,8.94,8.94,8.85,8.88,130410
2015-03-09,8.88,8.88,8.67,8.67,125840
2015-03-10,8.64,8.67,8.57,8.64,158070
2015-03-11,8.57,8.67,8.57,8.6,117020
2015-03-12,8.64,8.64,8.54,8.64,130680
2015-03-13,8.6,8.64,8.57,8.57,79060
2015-03-16,8.54,8.6,8.54,8.54,127050
2015-03-17,8.54,8.6,8.54,8.57,107110
2015-03-18,8.57,8.73,8.57,8.7,170110
2015-03-19,8.64,8.79,8.6,8.64,50350
2015-03-20,8.6,8.67,8.6,8.67,44790
2015-03-23,8.67,8.7,8.54,8.54,92550
2015-03-24,8.54,8.57,8.48,8.54,122000
2015-03-25,8.54,8.54,8.45,8.45,65150
2015-03-26,8.42,8.48,8.27,8.27,195020
2015-03-27,8.27,8.36,8.15,8.15,166570
2015-03-30,8.21,8.24,8.0,8.0,165670
2015-03-31,8.06,8.18,8.03,8.18,68180
2015-04-01,8.18,8.24,8.0,8.0,232430
2015-04-02,8.03,8.12,8.0,8.12,49480
2015-04-03,8.27,8.27,8.12,8.24,44170
2015-04-06,8.24,8.24,8.12,8.12,14380
2015-04-07,8.12,8.24,8.06,8.24,59850
2015-04-08,8.24,8.27,8.12,8.15,24420
2015-04-09,8.15,8.3,8.15,8.24,79020
2015-04-10,8.24,8.36,8.24,8.24,49170
2015-04-13,8.27,8.3,8.24,8.3,84980
2015-04-14,8.3,8.3,8.21,8.21,47260
2015-04-15,8.27,8.27,8.18,8.24,27880
2015-04-16,8.24,8.36,8.24,8.36,134580
2015-04-17,8.36,8.94,8.36,8.94,620300
2015-04-20,9.03,9.03,8.79,8.85,284540
2015-04-21,8.82,8.85,8.64,8.64,197480
2015-04-22,8.73,8.97,8.64,8.79,238630
2015-04-23,8.79,8.94,8.64,8.91,220460
2015-04-24,8.88,8.97,8.85,8.88,166910
2015-04-27,8.88,8.91,8.82,8.88,73820
2015-05-04,8.88,8.88,8.36,8.42,386280
2015-05-05,8.45,8.67,8.36,8.67,261450
2015-05-06,8.67,8.85,8.57,8.79,350850
2015-05-07,8.79,9.3,8.79,9.21,650870
2015-05-08,9.18,9.54,9.18,9.3,467660
2015-05-11,9.09,9.27,9.09,9.12,161930
2015-05-12,9.21,9.45,9.18,9.27,639670
2015-05-13,9.27,9.42,9.27,9.3,249670
2015-05-14,9.3,9.36,9.18,9.36,211390
2015-05-15,9.3,9.33,9.18,9.18,134890
2015-05-18,9.15,9.15,8.73,8.73,215890
2015-05-19,8.73,8.94,8.7,8.85,152310
2015-05-20,8.85,9.18,8.85,9.15,237550
2015-05-21,9.18,9.24,9.09,9.24,156990
2015-05-22,9.24,9.27,9.09,9.21,133130
2015-05-25,9.18,9.51,9.18,9.48,355830
2015-05-26,9.51,9.6,9.3,9.3,342780
2015-05-27,9.21,9.39,9.21,9.3,211890
2015-05-28,9.21,9.33,9.18,9.24,245600
2015-05-29,9.21,9.24,9.12,9.24,216350
2015-06-01,9.18,9.27,9.18,9.18,112990
2015-06-02,9.15,9.18,9.06,9.06,245670
2015-06-03,9.06,9.21,9.06,9.15,110680
2015-06-04,9.09,9.21,9.09,9.18,111380
2015-06-05,9.24,9.24,9.15,9.24,113600
2015-06-08,9.48,9.54,9.33,9.33,397700
2015-06-09,9.33,9.42,9.18,9.18,154820
2015-06-10,9.24,9.45,9.18,9.36,171290
2015-06-11,9.42,9.42,9.3,9.33,146900
2015-06-12,9.33,9.36,9.3,9.33,158340
2015-06-15,9.3,9.33,9.24,9.3,120380
2015-06-16,9.3,9.3,9.21,9.27,98450
2015-06-17,9.21,9.27,9.09,9.15,88110
2015-06-18,9.33,9.33,9.18,9.18,57780
2015-06-19,9.15,9.21,9.09,9.12,176860
2015-06-22,9.12,9.21,9.09,9.12,66390
2015-06-23,9.12,9.18,9.09,9.18,65200
2015-06-24,9.27,9.39,9.24,9.24,167820
2015-06-25,9.33,9.33,9.18,9.24,57550
2015-06-26,9.27,9.6,9.24,9.33,665310
2015-06-29,9.33,9.42,9.33,9.42,192920
2015-06-30,9.36,9.42,9.33,9.36,196710
2015-07-01,9.39,9.39,9.27,9.36,161670
2015-07-02,9.39,9.45,9.33,9.45,328400
2015-07-03,9.51,9.6,9.45,9.51,347240
2015-07-06,9.57,9.99,9.54,9.99,789380
2015-07-07,9.99,10.14,9.87,9.9,336960
2015-07-08,9.9,9.9,9.63,9.63,427680
2015-07-09,9.57,9.84,9.57,9.84,301100
2015-07-10,9.93,9.93,9.78,9.78,144050
2015-07-13,9.84,9.84,9.69,9.75,169280
2015-07-14,9.72,9.78,9.6,9.63,284500
2015-07-15,9.63,9.81,9.54,9.66,258700
2015-07-16,9.66,9.72,9.6,9.66,85330
2015-07-17,9.75,10.02,9.66,9.87,477260
2015-07-20,9.9,9.93,9.72,9.84,168630
2015-07-21,9.81,10.17,9.81,10.11,574960
2015-07-22,10.08,10.47,10.08,10.47,578620
2015-07-23,10.38,10.5,10.29,10.29,221160
2015-07-24,10.29,10.44,10.23,10.38,379940
2015-07-27,10.35,10.77,10.23,10.68,573920
2015-07-28,10.56,10.74,10.56,10.68,263430
2015-07-29,10.62,10.8,10.53,10.53,501300
2015-07-30,10.44,10.56,10.41,10.44,210870
2015-07-31,10.41,10.65,10.32,10.32,161300
2015-08-03,10.17,10.26,9.96,10.11,808420
2015-08-04,9.99,10.23,9.99,10.08,205890
2015-08-05,10.05,10.29,10.05,10.29,101350
2015-08-06,10.23,10.38,10.23,10.26,265800
2015-08-07,10.26,10.35,10.17,10.23,186190
2015-08-10,10.32,10.53,10.32,10.53,286110
2015-08-11,10.53,10.65,10.44,10.44,170330
2015-08-12,10.41,10.41,10.2,10.26,340370
2015-08-13,10.32,10.32,10.11,10.11,350380
2015-08-14,10.17,10.38,9.99,10.38,284410
2015-08-17,10.47,10.47,10.2,10.2,274250
2015-08-18,10.35,10.35,10.17,10.32,80300
2015-08-19,10.32,10.35,10.17,10.35,128030
2015-08-20,10.44,10.56,10.35,10.41,548510
2015-08-21,10.32,10.38,10.08,10.38,284690
2015-08-24,10.17,10.29,9.66,9.66,728130
2015-08-25,9.39,9.78,9.33,9.69,302060
2015-08-26,9.75,9.93,9.63,9.93,150140
2015-08-27,10.05,10.17,9.96,10.08,82730
2015-08-28,10.08,10.2,9.99,10.2,198240
2015-08-31,10.2,10.2,9.99,9.99,132320
2015-09-01,10.02,10.02,9.78,9.87,228820
2015-09-03,9.81,9.87,9.63,9.63,252640
2015-09-04,9.63,10.02,9.63,9.9,304570
2015-09-07,9.87,9.87,9.78,9.84,63330
2015-09-08,9.84,9.9,9.72,9.9,37630
2015-09-09,9.93,9.96,9.72,9.87,123370
2015-09-10,9.87,9.87,9.78,9.84,89790
2015-09-11,9.84,10.02,9.84,9.87,211950
2015-09-14,10.02,10.02,9.72,9.72,77620
2015-09-15,9.78,9.78,9.72,9.72,37870
2015-09-16,9.84,9.84,9.69,9.72,59570
2015-09-17,9.78,9.84,9.75,9.84,50290
2015-09-18,9.9,9.99,9.84,9.87,161300
2015-09-21,9.87,10.05,9.87,10.05,152310
2015-09-22,10.05,10.32,10.05,10.26,356190
2015-09-23,10.26,10.29,10.2,10.29,266450
2015-09-24,10.23,10.29,10.2,10.23,157010
2015-09-25,10.29,10.44,10.2,10.44,259350
2015-09-28,10.5,10.5,10.26,10.26,82440
2015-09-29,10.23,10.29,10.17,10.29,151010
2015-09-30,10.29,10.41,10.29,10.29,175440
2015-10-01,10.26,10.32,10.17,10.29,111080
2015-10-02,10.23,10.44,10.23,10.38,177330
2015-10-05,10.47,11.07,10.38,11.04,825710
2015-10-06,11.28,11.58,11.25,11.25,689060
2015-10-07,11.25,11.25,10.98,11.07,346550
2015-10-08,11.04,11.43,11.01,11.43,535680
2015-10-09,11.43,11.88,11.37,11.58,612250
2015-10-12,11.55,11.73,11.55,11.67,232560
2015-10-13,11.61,11.67,11.58,11.61,294860
2015-10-14,11.61,11.97,11.58,11.67,565180
2015-10-15,11.67,11.82,11.67,11.7,219620
2015-10-16,11.73,11.88,11.7,11.7,276420
2015-10-19,11.7,11.79,11.55,11.73,227590
2015-10-20,11.67,12.46,11.67,12.43,1227370
2015-10-21,12.46,12.64,12.43,12.43,261570
2015-10-22,12.46,12.58,12.31,12.52,259850
2015-10-23,12.52,13.09,12.52,12.97,496790
2015-10-26,13.12,13.3,12.34,12.7,545920
2015-10-27,12.58,12.79,12.55,12.7,447120
2015-10-28,12.64,13.15,12.64,12.7,799830
2015-10-29,13.0,13.0,12.67,12.7,342160
2015-10-30,12.7,13.03,12.64,12.91,355980
2015-11-02,12.94,13.09,12.61,12.64,505070
2015-11-03,12.76,12.94,12.49,12.94,618610
2015-11-04,12.97,13.18,12.79,12.79,687540
2015-11-05,12.73,12.88,12.73,12.79,474040
2015-11-06,12.79,12.82,12.19,12.19,1134430
2015-11-09,12.19,12.19,11.73,11.88,637410
2015-11-10,11.82,12.19,11.82,11.94,498570
2015-11-11,12.16,12.16,11.94,12.03,230530
2015-11-12,12.19,12.26,11.88,12.22,341060
2015-11-13,12.13,12.54,12.13,12.42,332860
2015-11-16,12.51,12.99,12.51,12.83,565270
2015-11-17,12.83,12.95,12.51,12.57,266600
2015-11-18,12.51,12.61,12.45,12.48,172730
2015-11-19,12.38,12.48,12.16,12.19,403110
2015-11-20,12.19,12.35,12.13,12.19,240960
2015-11-23,12.26,12.26,12.0,12.03,296400
2015-11-24,12.03,12.26,11.94,12.03,160620
2015-11-25,11.97,12.16,11.88,12.1,144400
2015-11-26,12.13,12.19,12.0,12.1,156750
2015-11-27,12.03,12.16,11.91,11.91,159200
2015-11-30,11.84,11.88,11.62,11.69,204180
2015-12-01,11.56,11.75,11.56,11.56,169590
2015-12-02,11.62,11.75,11.59,11.72,72960
2015-12-03,11.65,11.81,11.65,11.72,64770
2015-12-04,11.72,11.75,11.62,11.69,96620
2015-12-07,11.69,12.0,11.69,11.97,153990
2015-12-08,11.97,12.57,11.84,12.57,445490
2015-12-09,12.64,12.64,12.35,12.35,318380
2015-12-10,12.35,12.38,12.1,12.16,173900
2015-12-11,12.26,12.45,12.16,12.35,546380
2015-12-14,12.38,12.51,12.29,12.35,271850
2015-12-15,12.29,12.51,12.29,12.42,312370
2015-12-16,12.48,12.86,12.48,12.7,660630
2015-12-17,12.76,13.11,12.76,12.89,315990
2015-12-18,12.73,13.08,12.73,12.89,443010
2015-12-21,12.89,12.89,12.57,12.67,251900
2015-12-22,12.64,12.83,12.54,12.67,210320
2015-12-23,12.61,12.7,12.51,12.67,344060
2015-12-24,12.67,13.08,12.67,12.89,445120
2015-12-25,12.95,13.08,12.83,12.89,323490
2015-12-28,12.99,13.43,12.89,13.3,759510
2015-12-29,13.3,13.52,13.27,13.37,408500
2015-12-30,13.49,13.49,13.24,13.4,285810
2015-12-31,13.43,13.56,13.3,13.43,365200
2016-01-04,13.59,13.78,13.46,13.62,504630
2016-01-05,13.62,13.68,13.43,13.46,388550
2016-01-06,13.46,13.52,13.4,13.49,240090
2016-01-07,13.33,13.4,12.83,12.99,878590
2016-01-08,12.83,12.86,12.51,12.7,477010
2016-01-11,12.67,12.76,12.45,12.48,308980
2016-01-12,12.48,12.73,12.48,12.64,355070
2016-01-13,12.67,12.89,12.67,12.8,355930
2016-01-14,12.57,12.73,12.54,12.7,221480
2016-01-15,12.67,12.73,12.45,12.45,200490
2016-01-18,12.19,12.32,11.78,12.29,418570
2016-01-19,12.22,12.51,12.22,12.48,139370
2016-01-20,12.35,12.7,12.32,12.54,136550
2016-01-21,12.42,12.61,12.32,12.35,196910
2016-01-22,12.35,12.51,12.26,12.35,148960
2016-01-25,12.83,12.95,12.51,12.86,237870
2016-01-26,12.51,12.83,12.51,12.57,134140
2016-01-27,12.8,12.8,12.57,12.76,97000
2016-01-28,12.67,12.8,12.61,12.67,50180
2016-01-29,12.51,12.73,12.35,12.67,165270
2016-02-01,12.73,12.92,12.67,12.76,179160
2016-02-02,12.76,12.76,12.64,12.7,66060
2016-02-03,12.64,12.73,12.42,12.73,42410
2016-02-04,12.7,12.86,12.67,12.76,100000
2016-02-05,12.7,12.99,12.7,12.89,221580
2016-02-15,12.83,12.83,12.7,12.83,71550
2016-02-16,12.83,12.99,12.8,12.89,296550
2016-02-17,13.02,13.08,12.89,12.95,185280
2016-02-18,12.99,12.99,12.8,12.8,234230
2016-02-19,12.76,12.83,12.38,12.54,659910
2016-02-22,12.54,12.57,12.29,12.51,336630
2016-02-23,12.48,12.73,12.35,12.54,206870
2016-02-24,12.54,12.57,12.35,12.51,284850
2016-02-25,12.57,12.57,12.29,12.29,229350
2016-02-26,12.35,12.61,12.29,12.57,338710
2016-02-29,12.67,12.67,12.48,12.48,82030
2016-03-01,12.45,12.61,12.38,12.45,177480
2016-03-02,12.45,12.48,12.35,12.38,400840
2016-03-03,12.35,12.48,12.35,12.42,164910
2016-03-04,12.42,12.42,12.32,12.35,128930
2016-03-07,12.35,12.99,12.35,12.67,669360
2016-03-08,12.67,12.67,12.57,12.61,130830
2016-03-09,12.57,12.95,12.51,12.73,363260
2016-03-10,12.73,12.86,12.67,12.73,167160
2016-03-11,12.73,13.02,12.67,12.83,555230
2016-03-14,12.92,12.92,12.8,12.8,161350
2016-03-15,12.8,12.89,12.67,12.67,280040
2016-03-16,12.64,12.76,12.57,12.76,211980
2016-03-17,12.83,12.86,12.64,12.64,311890
2016-03-18,12.7,12.7,12.61,12.61,175110
2016-03-21,12.57,12.64,12.45,12.45,130620
2016-03-22,12.35,12.48,12.35,12.45,251930
2016-03-23,12.45,12.45,12.32,12.35,287630
2016-03-24,12.42,12.54,12.35,12.35,212100
2016-03-25,12.35,12.45,12.35,12.38,159130
2016-03-28,12.38,12.45,12.35,12.42,120100
2016-03-29,12.42,12.45,12.35,12.38,202970
2016-03-30,12.35,12.42,12.32,12.35,173250
2016-03-31,12.38,12.38,12.32,12.35,174510
2016-04-01,12.32,12.32,12.19,12.19,106960
2016-04-04,12.19,12.19,11.88,12.0,100140
2016-04-05,12.03,12.16,11.88,12.16,101400
2016-04-06,12.13,12.35,12.07,12.26,24020
2016-04-07,12.26,12.26,12.13,12.16,75710
2016-04-08,12.19,12.42,12.13,12.19,373340
2016-04-11,12.19,12.54,12.19,12.54,324820
2016-04-12,12.67,12.73,12.54,12.57,267580
2016-04-13,12.64,12.64,12.42,12.42,205800
2016-04-14,12.38,12.54,12.38,12.42,143100
2016-04-15,12.42,12.48,12.32,12.32,177840
2016-04-19,12.26,12.26,12.1,12.13,183410
2016-04-20,12.1,12.19,12.1,12.19,207870
2016-04-21,12.22,12.26,12.13,12.22,173770
2016-04-22,12.22,12.45,12.22,12.42,180570
2016-04-25,12.35,12.42,12.29,12.29,122500
2016-04-26,12.32,12.67,12.32,12.67,319060
2016-04-27,12.7,12.7,12.51,12.61,190500
2016-04-28,12.45,12.83,12.45,12.83,253020
2016-04-29,12.86,13.4,12.8,13.11,448280
2016-05-04,13.05,13.56,12.92,13.43,467470
2016-05-05,13.49,13.56,13.27,13.27,222360
2016-05-06,13.27,13.27,13.02,13.05,262520
2016-05-09,13.08,13.37,13.08,13.24,208420
2016-05-10,13.08,13.3,13.08,13.27,136350
2016-05-11,13.4,13.62,13.37,13.49,603320
2016-05-12,13.68,13.68,13.43,13.46,303410
2016-05-13,13.43,13.46,13.24,13.46,247780
2016-05-16,13.33,13.43,13.3,13.4,115740
2016-05-17,13.62,14.06,13.62,13.94,1127940
2016-05-18,14.09,14.09,13.81,13.87,325700
2016-05-19,13.81,14.22,13.81,14.22,475100
2016-05-20,14.25,14.47,14.19,14.25,509110
2016-05-23,14.41,14.44,14.22,14.41,401080
2016-05-24,14.47,14.47,14.03,14.03,405480
2016-05-25,14.09,14.13,13.49,13.49,450520
2016-05-26,13.52,13.78,13.43,13.59,491400
2016-05-27,13.95,14.2,13.7,14.0,401820
2016-05-30,14.1,14.15,13.7,13.75,142180
2016-05-31,13.7,13.75,13.6,13.65,155900
2016-06-01,13.65,13.75,13.55,13.65,158780
2016-06-02,13.65,14.4,13.6,14.2,555990
2016-06-03,14.3,14.6,14.3,14.45,458820
2016-06-06,14.45,14.45,14.1,14.15,232890
2016-06-07,14.0,14.25,14.0,14.05,180440
2016-06-08,14.05,14.15,13.95,14.1,245450
2016-06-09,14.1,14.2,14.0,14.15,369300
2016-06-10,14.15,14.6,14.15,14.4,415980
2016-06-13,14.4,14.4,14.15,14.3,92060
2016-06-14,14.2,14.35,14.05,14.35,181710
2016-06-15,14.35,14.35,14.1,14.3,159760
2016-06-16,14.3,14.35,14.2,14.2,140380
2016-06-17,14.15,14.15,13.85,13.9,286690
2016-06-20,13.85,13.95,13.7,13.9,225640
2016-06-21,13.9,14.1,13.8,13.85,234770
2016-06-22,13.85,14.0,13.7,13.75,155400
2016-06-23,13.85,13.85,13.65,13.75,148030
2016-06-24,13.75,13.75,12.81,13.4,773730
2016-06-27,13.06,13.35,12.86,13.35,173390
2016-06-28,13.35,13.35,13.15,13.2,88840
2016-06-29,13.06,13.65,13.06,13.65,224310
2016-06-30,13.55,13.7,13.4,13.4,174950
2016-07-01,13.2,13.45,13.15,13.25,339190
2016-07-04,13.45,13.75,13.35,13.65,369500
2016-07-05,13.65,13.75,13.55,13.55,278180
2016-07-06,13.45,13.55,13.35,13.45,228150
2016-07-07,13.45,13.65,13.4,13.5,329420
2016-07-08,13.5,14.1,13.45,13.95,714210
2016-07-11,13.95,14.35,13.75,14.0,704610
2016-07-12,13.95,14.2,13.8,13.95,303250
2016-07-13,14.1,14.2,13.9,13.95,416840
2016-07-14,13.95,14.1,13.65,13.65,564000
2016-07-15,13.65,13.85,13.4,13.55,379020
2016-07-18,13.55,13.75,13.55,13.65,163920
2016-07-19,13.7,13.7,13.5,13.55,302190
2016-07-20,13.55,13.55,13.4,13.4,196650
2016-07-21,13.45,13.45,13.3,13.3,262460
2016-07-22,13.45,13.45,12.96,13.2,732020
2016-07-25,13.2,13.3,13.06,13.1,93580
2016-07-26,13.1,13.1,12.91,12.91,387410
2016-07-27,12.81,13.15,12.81,13.1,170600
2016-07-28,13.2,13.2,12.96,12.96,132400
2016-07-29,13.1,13.25,13.01,13.1,256230
2016-08-01,13.01,13.1,13.01,13.01,61720
2016-08-02,12.96,12.96,12.81,12.81,249360
2016-08-03,12.66,12.81,12.56,12.56,190160
2016-08-04,12.51,12.71,12.31,12.46,175590
2016-08-05,12.51,13.15,12.51,13.01,428850
2016-08-08,13.25,13.6,13.25,13.4,434900
2016-08-09,13.15,13.4,13.1,13.15,243550
2016-08-10,13.06,13.4,13.06,13.35,387190
2016-08-11,13.55,14.0,13.55,13.8,1133270
2016-08-12,13.85,13.95,13.6,13.7,362680
2016-08-15,13.7,13.8,13.6,13.7,250200
2016-08-16,13.65,14.4,13.65,14.3,1911000
2016-08-17,14.4,15.1,14.35,14.95,1690200
2016-08-18,15.05,15.3,14.7,14.95,729050
2016-08-19,14.7,14.9,14.55,14.55,919980
2016-08-22,14.45,14.85,14.35,14.35,687230
2016-08-23,14.3,14.65,14.3,14.55,363900
2016-08-24,14.75,14.9,14.5,14.5,518880
2016-08-25,14.5,14.6,14.1,14.1,572920
2016-08-26,14.2,14.6,14.1,14.2,405950
2016-08-29,14.45,14.45,13.75,13.75,472310
2016-08-30,13.75,13.95,13.7,13.8,311180
2016-08-31,13.8,14.15,13.8,14.05,267680
2016-09-01,14.2,14.2,13.85,13.9,195860
2016-09-05,13.9,13.9,13.65,13.65,369700
2016-09-06,13.7,13.85,13.55,13.8,537180
2016-09-07,13.9,13.95,13.8,13.9,232640
2016-09-08,13.9,14.4,13.8,14.2,583040
2016-09-09,14.1,14.3,13.95,14.05,457440
2016-09-12,13.95,14.05,13.75,13.8,179080
2016-09-13,13.8,13.85,13.63,13.8,185540
2016-09-14,13.75,13.83,13.55,13.55,387510
2016-09-15,13.5,13.65,13.35,13.38,299670
2016-09-16,13.45,13.65,13.43,13.63,182220
2016-09-19,13.7,13.7,13.38,13.45,367500
2016-09-20,13.45,13.65,13.35,13.5,127600
2016-09-21,13.7,13.75,13.65,13.68,282700
2016-09-22,13.68,14.0,13.63,13.78,452460
2016-09-23,13.78,14.3,13.78,14.15,557190
2016-09-26,14.13,14.55,14.05,14.45,799740
2016-09-27,14.45,14.55,14.3,14.45,458480
2016-09-28,14.45,14.55,14.2,14.25,551130
2016-09-29,14.25,15.0,14.25,14.75,1324310
2016-09-30,14.8,14.8,14.55,14.6,312610
2016-10-03,14.6,14.75,14.48,14.5,210460
2016-10-04,14.48,14.5,14.0,14.15,464270
2016-10-05,14.15,14.35,13.95,14.05,284080
2016-10-06,14.05,14.25,14.05,14.1,213960
2016-10-07,13.95,14.2,13.8,13.93,464750
2016-10-10,13.93,13.95,13.6,13.6,222380
2016-10-11,13.7,13.95,13.45,13.95,446890
2016-10-12,13.95,14.15,13.85,13.85,259310
2016-10-13,13.73,13.98,13.73,13.93,167280
2016-10-14,13.93,13.95,13.8,13.85,144600
2016-10-17,13.75,13.85,13.73,13.85,205210
2016-10-18,13.78,13.85,13.75,13.75,162390
2016-10-19,13.75,13.9,13.73,13.73,139400
2016-10-20,13.7,13.73,13.55,13.6,303700
2016-10-21,13.55,13.65,13.55,13.65,250330
2016-10-24,13.7,13.83,13.58,13.65,149680
2016-10-25,13.65,13.65,13.45,13.53,118920
2016-10-26,13.5,13.65,13.4,13.65,182990
2016-10-27,13.5,13.65,13.48,13.55,124430
2016-10-28,13.55,13.78,13.55,13.65,89870
2016-10-31,13.65,13.75,13.55,13.55,64130
2016-11-01,13.55,13.6,13.35,13.45,309100
2016-11-02,13.43,13.43,13.2,13.2,214960
2016-11-03,13.2,13.2,12.91,13.06,356090
2016-11-04,13.2,13.3,13.06,13.08,29870
2016-11-07,13.06,13.45,13.06,13.43,162760
2016-11-08,13.45,13.65,13.28,13.28,180800
2016-11-09,13.25,13.25,12.76,13.03,438440
2016-11-10,13.2,13.4,13.2,13.25,125680
2016-11-11,13.2,13.3,13.1,13.1,41510
2016-11-14,13.06,13.1,13.01,13.06,141640
2016-11-15,13.15,13.3,13.08,13.2,65320
2016-11-16,13.33,13.35,13.15,13.35,223360
2016-11-17,13.3,13.7,13.2,13.33,167900
2016-11-18,13.35,13.45,13.1,13.15,123150
2016-11-21,13.15,13.35,13.06,13.3,108550
2016-11-22,13.2,13.35,13.13,13.25,240470
2016-11-23,13.25,13.7,13.2,13.55,435640
2016-11-24,13.45,13.83,13.35,13.55,579640
2016-11-25,13.7,14.0,13.6,13.7,551540
2016-11-28,13.7,13.85,13.65,13.8,448100
2016-11-29,13.9,13.9,13.6,13.6,220690
2016-11-30,13.6,13.73,13.5,13.55,153350
2016-12-01,13.6,13.8,13.55,13.58,221440
2016-12-02,13.6,13.6,13.35,13.35,216930
2016-12-05,13.35,13.55,13.35,13.55,376480
2016-12-06,13.65,13.65,13.4,13.4,740910
2016-12-07,13.55,13.55,13.43,13.43,166510
2016-12-08,13.5,13.53,13.4,13.4,129990
2016-12-09,13.4,13.45,13.35,13.4,85780
2016-12-12,13.4,13.4,13.25,13.28,114720
2016-12-13,13.23,13.28,13.15,13.15,212080
2016-12-14,13.4,13.4,13.13,13.15,101560
2016-12-15,13.2,13.28,13.15,13.23,61950
2016-12-16,13.23,13.7,13.23,13.35,153980
2016-12-19,13.45,13.45,13.38,13.4,75100
2016-12-20,13.4,13.4,13.2,13.4,87790
2016-12-21,13.35,13.45,13.25,13.25,62160
2016-12-22,13.2,13.35,13.15,13.15,129800
2016-12-23,13.2,13.2,13.1,13.15,98060
2016-12-26,13.15,13.3,13.1,13.13,125910
2016-12-27,13.15,13.33,13.1,13.2,170960
2016-12-28,13.2,13.25,13.1,13.13,146640
2016-12-29,13.23,13.43,13.15,13.33,194030
2016-12-30,13.35,13.45,13.25,13.45,261250
2017-01-03,13.45,13.53,13.35,13.38,88760
2017-01-04,13.4,13.45,13.35,13.35,151090
2017-01-05,13.35,13.4,13.35,13.4,50590
2017-01-06,13.43,13.85,13.43,13.75,305170
2017-01-09,13.75,13.95,13.5,13.75,432100
2017-01-10,13.75,13.75,13.6,13.63,113250
2017-01-11,13.68,14.25,13.55,14.25,820090
2017-01-12,14.25,14.6,14.1,14.3,1046270
2017-01-13,14.18,14.43,14.18,14.43,333650
2017-01-16,14.43,14.43,14.15,14.23,294050
2017-01-17,14.25,14.25,14.1,14.2,448450
2017-01-18,14.2,14.2,14.05,14.1,186450
2017-01-19,13.95,14.08,13.88,13.95,190900
2017-01-20,13.95,14.05,13.7,13.9,323710
2017-01-23,13.73,13.9,13.73,13.85,105000
2017-01-24,13.85,13.9,13.73,13.85,91450
2017-01-25,13.9,14.1,13.73,14.1,193110
2017-02-02,14.35,14.35,13.98,14.03,63420
2017-02-03,14.03,14.03,13.8,13.95,277240
2017-02-06,13.95,14.25,13.85,14.1,194090
2017-02-07,13.95,14.1,13.9,14.05,228450
2017-02-08,14.05,14.05,13.93,14.05,153730
2017-02-09,14.05,14.05,13.88,13.88,174900
2017-02-10,13.88,14.3,13.88,14.28,1324890
2017-02-13,14.2,14.75,14.2,14.7,1241160
2017-02-14,14.7,14.82,14.52,14.6,554460
2017-02-15,14.5,15.42,14.5,15.42,2439210
2017-02-16,15.45,15.87,15.3,15.5,1108110
2017-02-17,15.45,15.9,15.4,15.85,929280
2017-02-20,15.45,16.44,15.35,16.19,1465960
2017-02-21,16.29,16.74,16.19,16.29,1892820
2017-02-22,16.29,16.39,15.95,15.99,695510
2017-02-23,15.92,16.84,15.85,16.84,1217850
2017-02-24,17.14,17.54,16.89,16.89,1259010
2017-02-27,16.79,17.34,16.59,17.19,883690
2017-02-28,17.19,17.44,16.89,17.29,794860
2017-03-01,17.29,17.29,16.57,16.94,789050
2017-03-02,16.94,17.19,16.69,16.69,706100
2017-03-03,16.69,16.74,16.29,16.49,494650
2017-03-06,16.69,16.89,16.44,16.74,465820
2017-03-07,16.74,17.64,16.74,17.64,1799040
2017-03-08,17.74,18.86,17.59,18.34,2111980
2017-03-09,18.34,18.86,18.24,18.64,790290
2017-03-10,18.64,18.79,18.29,18.44,863420
2017-03-13,18.44,18.74,18.39,18.49,690280
2017-03-14,18.64,18.64,18.19,18.24,572890
2017-03-15,18.09,18.44,17.59,17.59,1625510
2017-03-16,17.64,18.24,17.44,18.24,1325990
2017-03-17,18.24,18.39,17.84,18.09,504040
2017-03-20,17.94,18.11,17.81,17.81,551040
2017-03-21,17.81,17.89,17.44,17.44,1210100
2017-03-22,17.44,17.44,16.69,16.99,1437930
2017-03-23,17.19,17.44,16.79,17.44,678420
2017-03-24,17.54,17.69,17.14,17.56,704630
2017-03-27,17.56,17.56,17.24,17.29,403410
2017-03-28,17.24,17.69,17.24,17.39,616870
2017-03-29,17.39,17.39,17.14,17.19,440270
2017-03-30,17.09,17.09,16.69,16.77,1179460
2017-03-31,16.77,17.27,16.74,17.24,754910
2017-04-03,17.24,17.27,16.94,17.14,561860
2017-04-04,17.14,17.27,17.04,17.09,580890
2017-04-05,17.14,17.19,16.79,16.84,600910
2017-04-07,16.79,16.79,16.59,16.62,356870
2017-04-10,16.62,16.84,16.29,16.64,515640
2017-04-11,16.84,17.09,16.74,16.84,668140
2017-04-12,16.84,16.89,16.59,16.69,205110
2017-04-13,16.69,16.69,16.22,16.22,473800
2017-04-14,15.95,16.14,15.6,15.75,1094580
2017-04-17,15.75,16.12,15.65,15.7,409220
2017-04-18,15.7,15.87,15.5,15.87,328100
2017-04-19,15.95,16.39,15.87,16.39,437390
2017-04-20,16.44,16.44,16.09,16.09,354510
2017-04-21,15.99,16.34,15.99,16.19,372010
2017-04-24,16.19,16.44,16.04,16.04,333690
2017-04-25,16.04,16.14,15.95,16.12,276660
2017-04-26,16.12,16.39,15.95,16.29,404680
2017-04-27,16.29,16.94,16.29,16.87,814820
2017-04-28,16.74,17.49,16.72,17.37,1548660
2017-05-03,17.54,18.04,17.49,17.94,1605790
2017-05-04,17.94,18.29,17.59,17.94,1964560
2017-05-05,17.79,18.09,17.69,17.96,840030
2017-05-08,17.99,18.44,17.99,18.16,1111010
2017-05-09,18.14,18.24,17.96,18.11,628000
2017-05-10,18.11,18.16,17.74,17.74,705960
2017-05-11,17.69,17.79,17.37,17.42,962040
2017-05-12,17.44,18.61,17.44,18.61,782250
2017-05-15,19.91,19.91,19.91,19.91,1097980
2017-05-16,20.18,20.43,19.36,19.43,2618370
2017-05-17,19.43,19.88,19.33,19.73,833580
2017-05-18,19.58,19.93,19.23,19.23,764610
2017-05-19,19.23,20.58,19.23,20.58,1780880
2017-05-22,21.18,21.23,19.53,19.73,1621300
2017-05-23,19.73,20.83,19.73,20.08,1260870
2017-05-24,21.43,21.43,20.78,21.0,2291250
2017-05-25,20.73,21.03,20.58,20.93,1203870
2017-05-26,21.18,22.17,20.65,21.35,4664040
2017-05-29,21.35,21.55,20.68,20.83,2007860
2017-05-30,20.93,20.93,19.93,20.18,1931980
2017-05-31,19.98,20.33,19.78,19.93,1139490
2017-06-01,19.93,20.43,19.88,20.13,865760
2017-06-02,20.08,20.4,19.83,20.33,676510
2017-06-05,20.33,20.58,20.23,20.28,662790
2017-06-06,20.18,20.43,20.13,20.18,637780
2017-06-07,20.13,20.98,19.93,20.68,1979890
2017-06-08,20.83,21.13,20.58,20.88,821310
2017-06-09,20.83,21.1,20.8,20.88,706130
2017-06-12,20.83,21.33,20.83,20.93,1021610
2017-06-13,20.7,21.13,20.38,20.48,1057530
2017-06-14,20.35,20.58,20.28,20.5,766540
2017-06-15,20.53,20.83,20.28,20.43,598180
2017-06-16,20.43,21.43,20.43,21.43,2010020
2017-06-19,21.82,22.42,21.68,22.02,2532530
2017-06-20,22.17,22.3,21.53,21.73,1183670
2017-06-21,21.7,21.92,21.33,21.6,823370
2017-06-22,21.63,22.15,21.63,22.12,1261300
2017-06-23,22.12,22.82,21.92,22.57,1476330
2017-06-26,22.72,22.72,22.22,22.22,607030
2017-06-27,22.22,22.22,21.53,21.58,2053150
2017-06-28,21.68,21.87,21.28,21.73,806870
2017-06-29,21.73,21.92,21.48,21.8,458450
2017-06-30,21.85,21.85,21.43,21.43,774160
2017-07-03,21.38,21.78,21.38,21.45,623780
2017-07-04,21.43,21.63,21.33,21.35,920210
2017-07-05,21.35,21.92,21.35,21.9,690520
2017-07-06,21.87,21.92,21.7,21.78,408840
2017-07-07,21.75,21.97,21.43,21.48,715120
2017-07-10,21.48,21.48,20.88,20.98,1059520
2017-07-11,20.68,21.08,20.48,20.88,502090
2017-07-12,20.88,21.23,20.83,21.1,248130
2017-07-13,21.0,21.3,20.95,21.05,248230
2017-07-14,21.03,21.13,20.88,21.03,522080
2017-07-17,20.93,20.93,20.53,20.68,581480
2017-07-18,20.53,20.98,20.43,20.68,567950
2017-07-19,20.73,21.13,20.68,20.93,455420
2017-07-20,21.03,21.03,20.58,20.68,417910
2017-07-21,20.88,20.88,20.53,20.53,247180
2017-07-24,20.43,20.53,19.13,19.13,708620
2017-07-25,19.11,19.93,19.11,19.68,662350
2017-07-26,19.68,20.28,19.68,19.98,440590
2017-07-27,19.93,20.13,19.63,19.78,402540
2017-07-28,19.68,20.18,19.68,20.18,354930
2017-07-31,19.93,20.28,19.81,20.18,347320
2017-08-01,20.18,20.58,20.13,20.43,394010
2017-08-02,20.18,20.38,20.01,20.06,484740
2017-08-03,20.18,20.33,20.06,20.08,298080
2017-08-04,20.18,21.13,20.18,20.7,1415690
2017-08-07,20.7,21.18,20.7,20.85,685610
2017-08-08,21.08,21.13,20.83,20.83,652130
2017-08-09,20.75,20.83,20.03,20.18,1091470
2017-08-10,20.03,20.38,19.98,20.11,405500
2017-08-11,20.13,20.18,19.78,19.88,455340
2017-08-14,19.83,20.08,19.78,19.96,234320
2017-08-15,20.16,20.43,19.98,20.18,402280
2017-08-16,20.08,20.53,20.08,20.4,511690
2017-08-17,20.4,20.83,20.38,20.58,675390
2017-08-18,20.58,20.63,20.43,20.43,186470
2017-08-21,20.68,20.68,20.18,20.18,284480
2017-08-22,20.33,20.33,19.98,20.03,181560
2017-08-23,20.03,20.28,19.98,20.28,168800
2017-08-24,20.18,20.38,20.03,20.08,266190
2017-08-25,20.18,20.28,20.11,20.23,366260
2017-08-28,20.23,21.38,20.23,21.23,2166910
2017-08-29,21.28,21.48,21.13,21.15,672670
2017-08-30,20.98,21.38,20.98,21.05,534560
2017-08-31,21.18,21.33,20.93,21.23,804590
2017-09-01,21.33,21.73,21.18,21.43,1162130
2017-09-05,21.38,21.65,21.25,21.28,801000
2017-09-06,21.28,21.38,21.13,21.18,379470
2017-09-07,21.18,21.58,21.08,21.08,815650
2017-09-08,21.08,21.13,20.53,20.58,841690
2017-09-11,20.53,20.88,20.23,20.23,676180
2017-09-12,20.23,20.53,20.18,20.48,758190
2017-09-13,20.48,20.8,20.48,20.8,266240
2017-09-14,20.8,21.13,20.78,20.85,653110
2017-09-15,20.9,21.03,20.63,20.73,314880
2017-09-18,20.73,21.18,20.73,20.9,523080
2017-09-19,21.13,21.13,20.78,20.78,488180
2017-09-20,20.78,21.08,20.75,20.78,364630
2017-09-21,20.88,20.9,20.75,20.83,324340
2017-09-22,20.83,20.9,20.68,20.73,742930
2017-09-25,20.73,21.18,20.68,20.98,805110
2017-09-26,21.4,22.17,21.28,22.17,2466320
2017-09-27,22.17,22.27,21.58,21.58,963490
2017-09-28,21.68,21.82,21.2,21.35,762850
2017-09-29,21.43,22.02,21.43,21.8,1621910
2017-10-02,21.92,22.52,21.9,22.17,1193290
2017-10-03,22.42,22.62,21.73,21.87,1862390
2017-10-04,21.87,22.17,21.78,21.82,731420
2017-10-05,21.87,22.15,21.43,21.43,760020
2017-10-06,21.43,22.07,21.43,21.68,672340
2017-10-09,21.87,22.07,21.73,21.97,851850
2017-10-10,21.97,22.07,21.8,21.92,440210
2017-10-11,21.92,22.15,21.9,21.95,1559210
2017-10-12,22.07,22.27,21.97,22.05,654830
2017-10-13,22.0,22.15,21.82,21.92,493280
2017-10-16,21.92,21.92,21.55,21.58,903280
2017-10-17,21.48,22.12,21.45,22.07,746890
2017-10-18,22.07,22.07,21.68,21.68,477600
2017-10-19,21.78,21.8,21.53,21.53,338610
2017-10-20,21.55,21.68,21.03,21.03,1252240
2017-10-23,21.03,21.13,20.68,20.73,785410
2017-10-24,20.68,20.9,20.68,20.78,410040
2017-10-25,21.03,21.03,20.68,20.83,190620
2017-10-26,20.73,20.83,20.33,20.53,429570
2017-10-27,20.53,20.68,20.43,20.68,314200
2017-10-30,20.78,20.83,20.26,20.26,486720
2017-10-31,20.38,20.43,20.16,20.18,379640
2017-11-01,20.13,20.33,19.93,19.93,314370
2017-11-02,19.73,20.03,18.59,18.93,967520
2017-11-03,19.13,19.73,17.94,19.43,1041060
2017-11-06,19.43,19.83,19.33,19.43,384680
2017-11-07,19.43,19.88,19.28,19.68,444660
2017-11-08,19.53,19.83,19.48,19.71,399340
2017-11-09,19.71,19.71,19.28,19.33,669320
2017-11-10,19.33,19.68,18.98,19.63,542920
2017-11-13,19.73,19.73,19.33,19.43,373110
2017-11-14,19.43,20.38,19.28,20.08,859180
2017-11-15,20.18,21.08,20.18,20.78,1066000
2017-11-16,21.08,21.13,20.83,21.1,493670
2017-11-17,20.93,21.15,20.63,20.68,906320
2017-11-20,20.53,20.83,20.53,20.63,274010
2017-11-21,20.83,20.93,20.33,20.43,547240
2017-11-22,20.43,20.53,20.13,20.33,646580
2017-11-23,20.33,20.83,20.28,20.58,804610
2017-11-24,20.73,21.5,20.58,21.35,1436540
2017-11-27,21.43,21.43,21.15,21.2,759960
2017-11-28,21.08,21.58,21.08,21.25,818610
2017-11-29,21.2,21.53,21.2,21.38,524060
2017-11-30,21.48,21.68,21.28,21.33,791340
2017-12-01,21.43,21.43,21.25,21.25,339300
2017-12-04,21.48,22.07,21.48,21.85,1169550
2017-12-05,21.92,22.07,21.23,21.23,910660
2017-12-06,21.33,21.55,20.93,21.28,557770
2017-12-07,21.33,21.35,21.13,21.2,511980
2017-12-08,21.23,21.48,21.18,21.23,530740
2017-12-11,21.18,21.18,20.58,20.58,652430
2017-12-12,20.63,20.68,19.43,20.03,1183190
2017-12-13,20.08,20.28,19.38,19.73,642170
2017-12-14,19.78,20.18,19.78,20.18,447790
2017-12-15,20.28,20.33,20.13,20.26,397560
2017-12-18,20.28,20.68,20.28,20.58,540030
2017-12-19,20.58,20.73,20.08,20.11,556720
2017-12-20,20.28,20.28,19.93,20.06,615590
2017-12-21,20.03,20.18,19.93,19.93,463490
2017-12-22,19.93,19.93,19.68,19.73,519330
2017-12-25,19.68,19.73,19.23,19.48,1116700
2017-12-26,19.68,20.13,19.56,20.06,679480
2017-12-27,19.98,20.06,19.78,19.78,434310
2017-12-28,19.81,19.98,19.78,19.88,365850
2017-12-29,19.88,20.06,19.78,20.01,580650
2018-01-02,20.03,20.65,20.03,20.58,794550
2018-01-03,20.68,21.53,20.68,21.13,1762650
2018-01-04,21.28,21.4,20.95,21.13,1082300
2018-01-05,21.08,21.35,20.93,21.23,1046650
2018-01-08,21.33,22.1,21.23,21.92,1810290
2018-01-09,22.17,22.32,21.68,22.22,1402210
2018-01-10,22.22,22.65,21.97,22.42,1485000
2018-01-11,22.42,23.07,22.0,22.97,1775630
2018-01-12,23.17,23.17,22.62,22.67,1827630
2018-01-15,22.67,22.82,22.32,22.65,861110
2018-01-16,22.72,23.22,22.37,22.65,2004840
2018-01-17,22.67,22.82,21.68,21.68,1324840
2018-01-18,21.33,21.87,20.93,21.87,946820
2018-01-19,21.92,22.07,21.53,22.07,706300
2018-01-22,22.07,22.42,21.68,22.02,695700
2018-01-23,22.02,22.02,22.02,22.02,0
2018-01-24,22.02,22.02,22.02,22.02,0
2018-01-25,22.07,22.27,21.68,21.78,1292720
2018-01-26,22.0,22.02,21.18,21.43,694100
2018-01-29,21.68,21.68,20.83,20.83,1158650
2018-01-30,20.83,21.92,20.68,21.92,811820
2018-01-31,21.92,22.55,21.53,21.87,1871530
2018-02-01,21.92,22.02,21.18,21.28,732920
2018-02-02,21.43,21.43,20.93,20.98,897050
2018-02-05,20.98,21.58,20.58,20.68,1180690
2018-02-06,19.68,19.93,19.23,19.43,2086620
2018-02-07,20.18,20.33,19.71,19.91,699780
2018-02-08,19.93,19.93,19.18,19.33,481440
2018-02-09,18.93,19.93,18.69,19.43,872640
2018-02-12,19.43,20.43,19.43,19.91,507750
2018-02-13,19.93,20.73,19.93,20.43,637240
2018-02-21,20.75,20.93,20.43,20.9,407430
2018-02-22,20.83,21.2,20.43,20.43,846990
2018-02-23,20.68,21.33,20.58,21.33,1237420
2018-02-26,22.42,22.42,21.63,21.68,3058040
2018-02-27,21.73,21.82,21.33,21.48,1138670
2018-02-28,21.23,21.48,20.73,20.73,2057200
2018-03-01,21.08,21.68,20.93,21.18,1955670
2018-03-02,21.23,21.92,21.18,21.92,2095170
2018-03-05,22.42,22.42,21.53,21.53,2292950
2018-03-06,21.68,21.82,21.55,21.68,1217030
2018-03-07,21.68,22.07,21.23,21.33,1633850
2018-03-08,21.43,21.53,21.03,21.18,2768230
2018-03-09,21.79,21.79,19.83,20.26,2248430
2018-03-12,20.26,20.38,19.03,19.95,2254840
2018-03-13,19.95,19.95,19.09,19.33,1105500
2018-03-14,19.33,19.7,19.24,19.7,1429430
2018-03-15,19.7,19.76,19.33,19.33,1150380
2018-03-16,19.33,19.95,19.06,19.09,1567350
2018-03-19,19.09,19.37,18.41,18.72,1510780
2018-03-20,18.6,18.63,18.29,18.6,1313720
2018-03-21,18.6,19.18,18.6,19.06,1312720
2018-03-22,19.33,19.33,18.84,18.84,582170
2018-03-23,18.29,18.72,18.05,18.72,1217870
2018-03-26,18.41,18.97,18.11,18.41,780800
2018-03-27,18.72,19.0,18.35,18.84,1130310
2018-03-28,19.03,19.33,18.78,19.15,1622330
2018-03-29,19.27,19.33,18.81,18.94,893560
2018-03-30,18.94,18.94,18.69,18.87,740610
2018-04-02,18.81,18.87,18.41,18.41,1221940
2018-04-03,18.41,18.66,18.35,18.63,795510
2018-04-04,18.91,18.91,18.44,18.44,917330
2018-04-05,18.48,18.57,18.38,18.41,672150
2018-04-06,18.41,19.12,18.35,18.66,1087950
2018-04-09,18.66,19.09,18.63,18.63,537570
2018-04-10,18.66,18.66,18.35,18.41,1161230
2018-04-11,18.41,18.51,17.89,17.92,1449030
2018-04-12,17.55,17.86,17.49,17.65,1220060
2018-04-13,17.8,17.92,17.62,17.92,1028170
2018-04-16,17.65,18.02,17.55,17.95,768760
2018-04-17,17.8,17.98,17.74,17.92,642760
2018-04-18,17.92,18.11,17.83,17.98,675040
2018-04-19,17.98,17.98,17.55,17.55,622220
2018-04-20,17.55,18.11,17.49,17.59,478210
2018-04-23,17.59,17.65,16.7,17.0,735410
2018-04-24,16.82,16.82,16.45,16.79,703590
2018-04-26,16.94,16.94,15.84,15.96,466540
2018-04-27,15.96,16.36,15.77,16.27,309580
2018-05-02,16.82,16.82,16.27,16.51,380980
2018-05-03,16.51,16.51,15.9,16.45,467580
2018-05-04,16.39,16.57,16.33,16.36,288030
2018-05-07,16.36,16.48,16.2,16.39,191090
2018-05-08,16.42,17.13,16.36,16.88,816890
2018-05-09,16.73,17.0,16.57,16.57,288270
2018-05-10,16.57,16.79,16.17,16.17,291840
2018-05-11,16.17,16.51,16.02,16.36,305920
2018-05-14,16.57,16.76,16.45,16.66,255470
2018-05-15,16.76,16.94,16.6,16.88,461800
2018-05-16,16.88,17.59,16.82,17.31,1097180
2018-05-17,17.4,17.4,17.13,17.13,511120
2018-05-18,17.13,17.25,16.76,17.13,316680
2018-05-21,17.09,17.25,16.7,16.7,453440
2018-05-22,16.63,16.7,15.71,16.11,610650
2018-05-23,16.02,16.45,15.9,16.27,328760
2018-05-24,16.27,16.33,15.84,16.08,477220
2018-05-25,16.08,16.08,15.65,15.65,389110
2018-05-28,15.65,15.65,14.58,14.61,1139540
2018-05-29,14.73,15.53,14.24,15.53,596150
2018-05-30,15.28,16.02,15.07,15.47,249950
2018-05-31,15.74,15.74,15.44,15.68,406740
2018-06-01,15.65,16.08,15.62,15.96,619940
2018-06-04,15.84,16.79,15.84,16.79,603110
2018-06-05,16.82,17.22,16.57,17.19,885040
2018-06-06,17.25,18.14,17.0,18.05,2435960
2018-06-07,18.05,18.08,17.68,17.8,679800
2018-06-08,17.59,17.92,17.59,17.68,417570
2018-06-11,17.43,17.65,17.13,17.13,657040
2018-06-12,17.06,17.19,16.63,16.76,569010
2018-06-13,16.76,17.13,16.76,17.03,132370
2018-06-14,17.0,17.49,16.91,17.13,362080
2018-06-15,17.37,17.37,17.0,17.25,164750
2018-06-18,17.25,17.25,16.51,16.51,338770
2018-06-19,16.51,16.57,15.38,15.9,695610
2018-06-20,15.96,16.39,15.77,16.2,380380
2018-06-21,16.3,16.3,15.84,15.84,164250
2018-06-22,15.96,16.08,15.71,16.05,144020
2018-06-25,16.05,16.3,16.05,16.11,251390
2018-06-26,16.11,16.11,15.84,15.84,231440
2018-06-27,15.96,16.02,15.77,15.77,266300
2018-06-28,15.53,15.9,15.53,15.65,145970
2018-06-29,15.65,15.9,15.38,15.38,214650
2018-07-02,15.65,15.65,14.76,14.98,228780
2018-07-03,14.98,15.1,14.42,14.42,458630
2018-07-04,14.42,14.73,14.18,14.73,396100
2018-07-05,14.92,14.95,14.12,14.46,211790
2018-07-06,14.46,14.92,14.36,14.88,210420
2018-07-09,15.04,15.28,14.85,14.88,202500
2018-07-10,14.79,15.01,14.7,14.7,187040
2018-07-11,14.42,14.67,14.24,14.49,338870
2018-07-12,14.49,14.64,14.24,14.55,118820
2018-07-13,14.58,14.76,14.58,14.7,245640
2018-07-16,14.79,15.1,14.7,15.01,452130
2018-07-17,15.01,15.35,14.92,15.35,435840
2018-07-18,15.65,15.71,15.28,15.59,711640
2018-07-19,15.53,15.53,15.28,15.28,453400
2018-07-20,15.35,15.35,14.95,15.04,519080
2018-07-23,15.1,15.41,15.04,15.07,371250
2018-07-24,15.16,15.25,14.88,15.07,207370
2018-07-25,15.07,15.35,14.73,14.73,285910
2018-07-26,14.88,14.88,14.67,14.73,238070
2018-07-27,14.73,15.01,14.73,15.01,182810
2018-07-30,15.01,16.05,15.01,16.05,1134910
2018-07-31,16.33,16.57,16.14,16.14,848860
2018-08-01,16.2,16.2,15.81,15.81,468580
2018-08-02,15.77,15.84,15.35,15.77,572260
2018-08-03,15.84,16.02,15.71,15.77,359670
2018-08-06,15.71,15.9,15.47,15.53,214040
2018-08-07,15.53,15.71,15.47,15.53,418520
2018-08-08,15.53,15.65,15.47,15.59,746580
2018-08-09,15.65,16.33,15.65,16.14,1717170
2018-08-10,16.14,16.2,15.87,16.02,541100
2018-08-13,15.96,15.96,15.74,15.87,453910
2018-08-14,15.77,16.14,15.74,15.99,823240
2018-08-15,15.96,16.02,15.35,15.41,742960
2018-08-16,15.41,15.77,15.28,15.77,491250
2018-08-17,15.68,15.84,15.53,15.59,289490
2018-08-20,15.65,15.65,15.35,15.59,456520
2018-08-21,15.65,15.77,15.44,15.65,449670
2018-08-22,15.71,16.54,15.71,16.36,1739050
2018-08-23,16.36,16.39,16.11,16.3,641310
2018-08-24,16.14,16.91,16.05,16.66,1105180
2018-08-27,16.7,16.76,16.45,16.57,606910
2018-08-28,16.66,16.66,16.3,16.45,649140
2018-08-29,16.45,16.45,16.17,16.2,601460
2018-08-30,16.2,16.33,16.08,16.3,428630
2018-08-31,16.36,16.57,16.24,16.24,827700
2018-09-04,16.33,16.51,16.05,16.08,621040
2018-09-05,16.33,16.63,16.14,16.36,1299190
2018-09-06,16.36,16.94,16.36,16.63,1694490
2018-09-07,16.7,16.82,16.45,16.66,541590
2018-09-10,16.66,16.7,16.51,16.54,575290
2018-09-11,16.39,16.73,16.36,16.73,840460
2018-09-12,16.82,17.0,16.57,16.57,1227620
2018-09-13,16.63,16.7,16.51,16.57,692040
2018-09-14,16.57,16.63,16.54,16.6,729710
2018-09-17,16.96,16.99,16.8,16.83,1073050
2018-09-18,16.44,16.93,16.44,16.9,586980
2018-09-19,17.03,17.51,16.99,17.22,1815200
2018-09-20,17.45,17.97,17.45,17.71,2707410
2018-09-21,17.81,18.03,17.45,17.74,1461660
2018-09-24,17.81,17.81,17.55,17.64,902900
2018-09-25,17.55,17.87,17.45,17.64,1408160
2018-09-26,17.64,18.03,17.58,17.87,1032460
2018-09-27,17.87,18.0,17.68,17.77,937310
2018-09-28,17.87,17.87,17.48,17.48,1228580
2018-10-01,17.51,17.81,17.42,17.45,1031210
2018-10-02,17.45,17.48,17.09,17.16,1053090
2018-10-03,17.19,17.42,17.09,17.29,591840
2018-10-04,17.48,18.0,17.38,18.0,1693650
2018-10-05,18.26,18.85,18.2,18.42,3174600
2018-10-08,18.42,18.68,18.33,18.42,2416840
2018-10-09,18.42,18.52,18.2,18.29,993180
2018-10-10,18.26,18.36,17.97,18.13,1263500
2018-10-11,17.48,17.68,16.86,16.86,3380950
2018-10-12,16.51,17.25,16.38,17.22,1393250
2018-10-15,17.22,17.25,16.7,16.7,720230
2018-10-16,16.86,17.12,16.83,17.12,597380
2018-10-17,17.48,17.68,17.29,17.48,904940
2018-10-18,17.35,17.97,17.29,17.64,1281460
2018-10-19,17.32,17.81,17.29,17.81,1288940
2018-10-22,17.74,17.87,17.22,17.22,563210
2018-10-23,17.32,17.32,16.38,16.8,1113850
2018-10-24,16.7,16.93,16.34,16.38,767960
2018-10-25,15.95,16.31,15.47,16.31,1127980
2018-10-26,16.57,17.45,16.57,17.45,2692290
2018-10-29,17.61,17.81,17.29,17.48,1653390
2018-10-30,17.35,17.64,17.29,17.51,882460
2018-10-31,17.68,18.07,17.51,17.84,1409640
2018-11-01,17.94,18.26,17.84,17.87,1148410
2018-11-02,18.03,18.13,17.64,17.87,796950
2018-11-05,17.87,18.13,17.81,17.94,1356330
2018-11-06,18.07,18.13,17.9,18.0,1037600
2018-11-07,18.13,18.13,17.94,18.0,700170
2018-11-08,18.16,18.49,18.03,18.33,1372030
2018-11-09,18.33,18.39,17.87,18.0,817570
2018-11-12,18.0,18.29,18.0,18.29,1113680
2018-11-13,18.13,19.37,18.0,18.98,2304170
2018-11-14,18.88,19.43,18.88,19.37,2503940
2018-11-15,19.37,19.43,18.55,18.59,1041200
2018-11-16,18.65,18.98,18.65,18.68,2106430
2018-11-19,18.72,18.75,18.46,18.72,1697410
2018-11-20,18.75,19.17,18.72,19.07,1868640
2018-11-21,19.04,19.2,18.85,19.14,1660390
2018-11-22,19.14,19.17,18.78,18.91,1406360
2018-11-23,18.75,18.85,18.46,18.49,1095260
2018-11-26,18.26,18.42,18.13,18.33,617960
2018-11-27,18.26,18.46,18.26,18.29,596890
2018-11-28,18.23,18.33,18.03,18.2,624420
2018-11-29,18.33,18.39,18.2,18.23,499640
2018-11-30,18.2,18.39,17.87,18.0,965240
2018-12-03,18.39,18.39,18.13,18.36,525130
2018-12-04,18.39,18.85,18.36,18.75,644230
2018-12-05,18.75,18.75,18.36,18.59,612740
2018-12-06,18.39,18.72,18.36,18.65,424790
2018-12-07,18.65,19.04,18.65,18.94,850120
2018-12-10,19.11,19.24,18.78,18.85,921890
2018-12-11,18.85,18.85,18.59,18.65,340210
2018-12-12,18.59,18.85,18.59,18.78,343170
2018-12-13,19.17,19.17,18.75,18.78,675380
2018-12-14,18.88,18.88,18.59,18.59,256340
2018-12-17,18.52,18.59,18.07,18.1,360100
2018-12-18,18.0,18.07,17.61,17.77,798570
2018-12-19,17.94,17.94,17.64,17.64,295340
2018-12-20,17.74,17.87,17.68,17.74,272150
2018-12-21,17.68,17.74,17.48,17.74,467220
2018-12-24,17.74,18.0,17.74,17.74,160960
2018-12-25,17.29,17.51,16.77,17.09,594440
2018-12-26,17.16,17.38,16.9,16.96,722170
2018-12-27,17.51,17.51,16.99,16.99,327090
2018-12-28,17.16,17.16,16.99,16.99,162760
2019-01-02,17.03,17.32,16.99,17.16,373200
2019-01-03,17.22,17.32,16.57,16.57,744230
2019-01-04,16.57,16.77,16.15,16.6,612880
2019-01-07,16.9,16.9,16.67,16.7,295310
2019-01-08,16.77,16.83,16.6,16.67,261540
2019-01-09,16.7,16.96,16.7,16.83,235660
2019-01-10,16.9,16.9,16.77,16.83,157950
2019-01-11,16.83,16.9,16.67,16.7,422200
2019-01-14,16.73,16.99,16.7,16.9,292460
2019-01-15,16.9,17.25,16.9,17.22,340690
2019-01-16,17.22,17.38,17.03,17.22,350940
2019-01-17,17.16,17.22,16.31,16.31,293360
2019-01-18,16.64,16.8,16.51,16.7,367840
2019-01-21,16.54,16.96,16.54,16.9,358460
2019-01-22,16.9,16.96,16.8,16.9,176040
2019-01-23,16.9,17.42,16.77,17.19,679230
2019-01-24,17.19,17.25,17.09,17.09,186520
2019-01-25,16.96,17.22,16.96,17.16,122290
2019-01-28,17.22,17.25,16.99,16.99,120560
2019-01-29,16.9,16.96,16.8,16.96,197250
2019-01-30,16.96,17.03,16.83,16.9,156960
2019-01-31,16.77,16.93,16.77,16.77,295680
2019-02-01,16.77,16.8,16.57,16.67,298230
2019-02-11,16.93,17.09,16.77,17.06,239060
2019-02-12,17.19,17.22,17.09,17.12,450870
2019-02-13,17.19,17.87,17.19,17.87,2008050
2019-02-14,17.94,18.0,17.64,17.64,589990
2019-02-15,17.64,17.74,17.45,17.55,378050
2019-02-18,17.51,17.77,17.51,17.74,447850
2019-02-19,17.77,18.13,17.74,17.77,1249700
2019-02-20,17.68,17.87,17.68,17.84,264330
2019-02-21,17.87,17.94,17.77,17.94,440780
2019-02-22,17.94,17.97,17.84,17.84,369840
2019-02-25,17.94,18.07,17.84,17.87,497690
2019-02-26,18.07,18.33,17.9,18.1,588070
2019-02-27,18.1,18.36,18.1,18.36,781300
2019-02-28,18.39,18.39,17.87,17.87,704100
2019-03-01,17.87,18.07,17.74,18.0,258550
2019-03-04,18.13,18.29,18.0,18.26,444630
2019-03-05,18.13,18.26,18.0,18.0,464470
2019-03-06,18.0,18.07,17.87,17.9,275310
2019-03-07,17.87,18.2,17.87,18.03,322200
2019-03-08,18.03,18.07,17.74,17.74,350070
2019-03-11,17.74,18.0,17.68,17.81,205390
2019-03-12,17.81,18.03,17.81,18.0,320820
2019-03-13,18.03,18.36,18.0,18.29,1229270
2019-03-14,18.52,18.94,18.46,18.49,1122050
2019-03-15,18.52,18.52,18.26,18.36,404170
2019-03-18,18.36,18.52,18.26,18.33,572880
2019-03-19,18.33,18.33,18.07,18.1,596280
2019-03-20,18.07,18.07,17.74,18.0,679810
2019-03-21,18.0,18.16,17.61,17.68,446960
2019-03-22,17.68,17.87,17.48,17.51,412390
2019-03-25,17.22,17.35,16.9,17.06,549330
2019-03-26,17.22,17.38,17.03,17.03,326900
2019-03-27,17.22,17.25,17.06,17.12,377360
2019-03-28,17.09,17.22,17.09,17.09,170770
2019-03-29,17.09,17.42,17.09,17.22,320000
2019-04-01,17.22,17.35,17.12,17.19,283780
2019-04-02,17.29,17.42,17.16,17.22,243690
2019-04-03,17.25,17.25,17.12,17.12,245190
2019-04-04,17.12,17.25,17.09,17.16,202300
2019-04-05,17.16,17.61,17.16,17.55,483070
2019-04-08,17.61,17.61,17.35,17.35,163340
2019-04-09,17.35,17.35,17.09,17.19,221540
2019-04-10,17.03,17.19,16.96,17.06,324910
2019-04-11,17.16,17.16,17.03,17.06,156830
2019-04-12,16.9,17.12,16.9,16.9,265810
2019-04-16,16.9,17.03,16.7,16.9,288880
2019-04-17,16.9,17.06,16.86,16.86,297830
2019-04-18,16.8,16.96,16.8,16.8,340670
2019-04-19,16.8,16.9,16.8,16.83,124180
2019-04-22,16.83,16.86,16.25,16.54,225310
2019-04-23,16.83,16.83,16.51,16.54,146000
2019-04-24,16.54,16.73,16.54,16.7,187400
2019-04-25,16.73,16.83,16.64,16.77,176570
2019-04-26,16.77,16.86,16.7,16.83,93960
2019-05-02,16.86,16.93,16.83,16.86,163010
2019-05-03,16.9,17.03,16.83,17.03,256850
2019-05-06,16.9,16.9,16.57,16.7,130950
2019-05-07,17.03,17.06,16.7,16.8,78580
2019-05-08,16.7,17.06,16.6,16.99,321110
2019-05-09,16.96,17.09,16.83,16.9,212910
2019-05-10,16.83,17.03,16.83,16.93,147760
2019-05-13,16.93,17.19,16.9,17.06,197750
2019-05-14,16.9,17.19,16.9,17.12,276050
2019-05-15,17.16,17.25,17.09,17.09,229120
2019-05-16,17.19,17.19,16.9,16.9,186600
2019-05-17,17.03,17.55,16.9,17.55,698200
2019-05-20,17.61,17.74,17.51,17.68,479310
2019-05-21,17.74,17.74,17.48,17.48,432280
2019-05-22,17.48,17.68,17.38,17.51,451950
2019-05-23,17.35,17.55,17.35,17.51,357260
2019-05-24,17.51,17.9,17.48,17.71,993350
2019-05-27,17.74,17.74,17.48,17.55,185550
2019-05-28,17.71,17.71,17.48,17.61,180450
2019-05-29,17.74,17.74,17.42,17.42,262680
2019-05-30,17.22,17.48,17.22,17.35,323620
2019-05-31,17.29,17.35,16.96,16.96,329150
2019-06-03,16.9,17.16,16.7,16.77,291060
2019-06-04,16.77,16.99,16.7,16.8,221030
2019-06-05,17.03,17.03,16.86,16.86,188150
2019-06-06,16.83,17.09,16.73,17.09,146330
2019-06-07,17.09,17.19,16.93,17.19,172470
2019-06-10,17.32,17.32,16.96,16.99,231790
2019-06-11,16.99,17.16,16.9,16.99,132460
2019-06-12,16.99,17.03,16.86,16.9,143940
2019-06-13,16.83,17.03,16.7,16.9,303270
2019-06-14,16.9,16.99,16.86,16.86,175610
2019-06-17,16.86,16.9,16.57,16.86,462770
2019-06-18,16.86,16.9,16.8,16.83,246210
2019-06-19,16.96,16.96,16.83,16.83,184070
2019-06-20,16.9,16.99,16.83,16.93,318030
2019-06-21,17.03,17.09,16.99,16.99,107680
2019-06-24,16.96,17.06,16.9,16.99,130680
2019-06-25,16.86,16.99,16.86,16.86,179940
2019-06-26,16.9,17.32,16.9,17.16,366130
2019-06-27,17.25,17.25,16.9,16.9,290660
2019-06-28,17.16,17.16,16.77,16.9,355530
2019-07-01,17.03,17.19,16.96,17.16,359240
2019-07-02,17.16,17.55,17.03,17.29,812470
2019-07-03,17.87,18.0,17.61,17.61,1476190
2019-07-04,17.71,17.87,17.61,17.61,607310
2019-07-05,17.61,17.74,17.55,17.64,377610
2019-07-08,17.61,17.64,17.25,17.35,633770
2019-07-09,17.32,17.42,17.25,17.38,335490
2019-07-10,17.35,17.61,17.29,17.55,369510
2019-07-11,17.58,17.68,17.55,17.55,243400
2019-07-12,17.55,17.61,17.45,17.45,337570
2019-07-15,17.42,17.81,17.42,17.68,581050
2019-07-16,17.77,17.94,17.68,17.74,535390
2019-07-17,17.81,17.81,17.55,17.58,385180
2019-07-18,17.48,17.58,17.42,17.42,405160
2019-07-19,17.55,17.58,17.38,17.45,230200
2019-07-22,17.45,17.48,17.29,17.29,161010
2019-07-23,17.29,17.61,17.29,17.35,206030
2019-07-24,17.32,17.42,17.25,17.25,157350
2019-07-25,17.22,17.48,17.22,17.25,209610
2019-07-26,17.29,17.45,17.25,17.32,137090
2019-07-29,17.42,17.45,17.22,17.22,163630
2019-07-30,17.22,17.32,17.12,17.16,232710
2019-07-31,17.09,17.09,16.8,16.96,460660
2019-08-01,16.9,16.96,16.64,16.7,615980
2019-08-02,16.57,16.9,16.44,16.9,439060
2019-08-05,16.77,16.93,16.73,16.9,297920
2019-08-06,16.73,17.29,16.73,17.25,753260
2019-08-07,17.29,17.29,17.09,17.19,427130
2019-08-08,17.06,18.39,17.06,18.2,3368880
2019-08-09,18.33,18.33,18.0,18.0,721070
2019-08-12,18.07,18.16,17.87,17.97,627270
2019-08-13,17.87,18.0,17.55,17.68,1320440
2019-08-14,17.74,17.87,17.55,17.55,422200
2019-08-15,17.35,18.2,17.22,18.16,1637940
2019-08-16,18.16,18.78,18.0,18.52,2220100
2019-08-19,18.52,18.72,18.2,18.52,828250
2019-08-20,18.29,18.85,18.29,18.85,1083000
2019-08-21,18.72,18.94,18.59,18.62,1009040
2019-08-22,18.62,18.62,18.29,18.29,688770
2019-08-23,18.29,18.62,18.29,18.33,751000
2019-08-26,18.13,18.65,18.13,18.39,974240
2019-08-27,18.59,18.59,17.94,18.13,696170
2019-08-28,18.2,18.2,17.97,18.13,426210
2019-08-29,18.13,18.42,18.1,18.33,445010
2019-08-30,18.36,18.72,18.2,18.59,1529350
2019-09-03,18.65,18.78,18.39,18.42,681310
2019-09-04,18.39,18.46,18.26,18.39,883740
2019-09-05,18.46,18.46,18.29,18.33,766820
2019-09-06,18.29,18.39,18.26,18.33,504320
2019-09-09,18.2,18.39,18.07,18.07,576280
2019-09-10,18.0,18.0,17.45,17.45,1720230
2019-09-11,17.45,17.55,17.22,17.29,435120
2019-09-12,17.42,17.68,17.38,17.61,390670
2019-09-13,17.61,17.74,17.45,17.61,449320
2019-09-16,17.61,17.84,17.61,17.61,333770
2019-09-17,17.61,17.68,17.55,17.61,183360
2019-09-18,17.68,17.9,17.61,17.77,631290
2019-09-19,17.77,17.77,17.68,17.74,233780
2019-09-20,17.68,17.9,17.64,17.84,539640
2019-09-23,17.87,17.87,17.77,17.81,395230
2019-09-24,17.77,18.07,17.74,17.97,441810
2019-09-25,18.0,18.33,17.97,18.16,656410
2019-09-26,18.2,18.2,17.97,18.13,282710
2019-09-27,18.13,18.16,17.94,18.0,394220
2019-09-30,18.0,18.0,17.74,17.81,832680
2019-10-01,17.81,18.03,17.81,17.87,263130
2019-10-02,17.87,18.03,17.81,17.81,457120
2019-10-03,17.74,18.0,17.71,18.0,409230
2019-10-04,18.0,18.07,17.84,17.84,219940
2019-10-07,17.84,17.87,17.55,17.55,343840
2019-10-08,17.55,17.68,17.29,17.29,593420
2019-10-09,17.48,17.48,17.12,17.16,583640
2019-10-10,17.16,17.42,17.12,17.22,418780
2019-10-11,17.38,17.51,17.22,17.38,226090
2019-10-14,17.38,17.51,17.25,17.29,226440
2019-10-15,17.32,17.32,17.12,17.16,266750
2019-10-16,17.25,17.35,17.16,17.16,197230
2019-10-17,17.16,17.25,17.06,17.09,324040
2019-10-18,17.22,17.22,17.06,17.16,218820
2019-10-21,17.29,17.29,17.06,17.22,127320
2019-10-22,17.12,17.35,17.12,17.35,321270
2019-10-23,17.48,17.81,17.42,17.81,849460
2019-10-24,17.87,17.87,17.61,17.68,329180
2019-10-25,17.81,17.87,17.64,17.81,448790
2019-10-28,17.81,17.84,17.55,17.55,420390
2019-10-29,17.55,17.74,17.48,17.48,349840
2019-10-30,17.55,17.61,17.45,17.48,230460
2019-10-31,17.58,17.61,17.32,17.35,244670
2019-11-01,17.29,17.48,17.29,17.35,414620
2019-11-04,17.45,17.68,17.38,17.48,439420
2019-11-05,17.9,17.9,17.62,17.83,494650
2019-11-06,17.83,17.83,17.59,17.59,128880
2019-11-07,17.52,17.65,17.52,17.55,190520
2019-11-08,17.55,17.62,17.45,17.45,228030
2019-11-11,17.48,17.48,17.24,17.34,196920
2019-11-12,17.41,17.41,17.21,17.28,308360
2019-11-13,17.34,17.34,17.17,17.24,309160
2019-11-14,17.24,17.24,17.1,17.17,308970
2019-11-15,17.21,17.38,17.14,17.21,257460
2019-11-18,17.21,17.34,17.17,17.17,216770
2019-11-19,17.17,17.24,17.14,17.21,202820
2019-11-20,17.14,17.21,17.03,17.07,135080
2019-11-21,17.07,17.17,16.86,16.86,505960
2019-11-22,16.86,17.0,16.45,16.52,348420
2019-11-25,16.38,16.73,16.38,16.52,240870
2019-11-26,16.66,16.69,16.55,16.66,149470
2019-11-27,16.79,16.79,16.45,16.52,145370
2019-11-28,16.52,16.66,16.38,16.42,179780
2019-11-29,16.42,16.48,16.17,16.35,153450
2019-12-02,16.42,16.45,16.11,16.17,129840
2019-12-03,16.04,16.17,15.9,16.07,179350
2019-12-04,16.07,16.24,16.04,16.17,139340
2019-12-05,16.17,16.17,15.93,16.04,131260
2019-12-06,15.86,16.04,15.69,15.69,302250
2019-12-09,15.69,15.9,15.69,15.83,260530
2019-12-10,15.83,15.93,15.62,15.76,105400
2019-12-11,15.73,15.8,15.66,15.76,183380
2019-12-12,15.76,15.93,15.76,15.9,132970
2019-12-13,15.97,16.42,15.97,16.24,447640
2019-12-16,16.24,16.45,16.04,16.45,191310
2019-12-17,16.45,16.45,16.17,16.17,85200
2019-12-18,16.17,16.24,16.04,16.21,329020
2019-12-19,16.38,16.38,16.11,16.38,263660
2019-12-20,16.38,16.42,16.17,16.42,289090
2019-12-23,16.42,16.73,16.42,16.73,316850
2019-12-24,16.52,16.55,16.42,16.48,218610
2019-12-25,16.45,16.48,16.28,16.48,175490
2019-12-26,16.38,16.48,16.17,16.17,182530
2019-12-27,16.17,16.31,16.0,16.17,162140
2019-12-30,16.31,16.31,16.04,16.04,178550
2019-12-31,16.28,16.28,15.9,16.04,53250
2020-01-02,16.04,16.11,15.93,15.97,102780
2020-01-03,15.97,16.04,15.62,15.66,391080
2020-01-06,15.62,15.69,15.28,15.31,193970
2020-01-07,15.31,15.38,14.94,14.97,348050
2020-01-08,14.94,14.94,14.45,14.45,320710
2020-01-09,14.66,14.97,14.66,14.94,253950
2020-01-10,14.97,15.14,14.28,15.14,631400
2020-01-13,15.07,15.07,14.73,14.8,109300
2020-01-14,14.97,14.97,14.59,14.8,149040
2020-01-15,14.66,14.8,14.52,14.69,219200
2020-01-16,14.73,14.73,14.45,14.59,425730
2020-01-17,14.59,14.73,14.45,14.73,208740
2020-01-20,14.66,14.73,14.56,14.66,199720
2020-01-21,14.66,14.83,14.56,14.73,395000
2020-01-22,14.73,14.83,14.69,14.83,474460
2020-01-30,14.73,14.73,13.8,14.11,517710
2020-01-31,13.83,14.11,13.15,13.15,2241720
2020-02-03,12.87,13.04,12.25,13.04,974650
2020-02-04,12.94,13.04,12.49,12.94,392420
2020-02-05,12.94,13.15,12.73,13.01,473070
2020-02-06,13.08,13.49,12.87,13.42,418210
2020-02-07,13.49,13.49,13.21,13.39,263280
2020-02-10,13.18,13.39,12.94,13.28,379700
2020-02-11,13.32,13.32,13.08,13.15,272250
2020-02-12,13.08,13.21,13.04,13.18,297530
2020-02-13,13.18,13.49,13.18,13.42,790710
2020-02-14,13.42,13.77,13.28,13.7,351460
2020-02-17,13.77,14.08,13.7,14.08,507890
2020-02-18,14.08,14.08,13.66,13.77,480470
2020-02-19,13.56,13.77,13.56,13.77,265310
2020-02-20,13.63,14.01,13.63,13.77,353490
2020-02-21,13.9,13.94,13.66,13.66,248170
2020-02-24,13.49,13.56,12.73,13.01,507460
2020-02-25,12.6,13.18,12.6,13.18,299060
2020-02-26,13.01,13.01,12.63,13.01,305720
2020-02-27,13.01,13.18,12.8,13.18,138150
2020-02-28,12.77,13.08,12.73,13.04,302040
2020-03-02,12.77,13.28,12.77,13.08,377990
2020-03-03,13.35,13.35,13.08,13.18,146770
2020-03-04,13.15,13.28,13.08,13.18,270000
2020-03-05,13.21,13.35,13.15,13.21,231490
2020-03-06,13.15,13.21,13.08,13.11,84780
2020-03-09,12.39,12.8,12.22,12.29,728440
2020-03-10,11.91,12.42,11.84,12.39,356930
2020-03-11,12.39,12.53,11.53,12.18,447460
2020-03-12,11.74,11.98,11.36,11.36,607800
2020-03-13,10.57,10.87,10.57,10.87,917640
2020-03-16,10.77,11.05,10.67,10.87,455770
2020-03-17,10.74,11.29,10.6,11.29,485340
2020-03-18,11.49,11.84,11.43,11.67,663440
2020-03-19,11.56,11.77,11.29,11.63,340320
2020-03-20,11.63,11.63,11.05,11.32,287940
2020-03-23,10.74,11.01,10.53,10.53,786690
2020-03-24,10.81,10.81,10.32,10.81,385850
2020-03-25,10.98,11.22,10.84,11.22,271200
2020-03-26,11.01,11.15,10.87,10.94,177230
2020-03-27,11.01,11.01,10.74,10.94,176920
2020-03-30,10.5,10.5,10.19,10.39,247430
2020-03-31,10.32,10.67,9.7,10.29,255840
2020-04-01,10.22,10.46,10.22,10.29,225870
2020-04-03,10.29,10.53,10.29,10.46,348250
2020-04-06,10.6,11.18,10.6,11.18,419790
2020-04-07,11.36,11.36,11.01,11.18,229600
2020-04-08,10.67,11.18,10.67,11.18,308590
2020-04-09,11.22,11.49,11.15,11.36,442690
2020-04-10,11.43,11.49,11.01,11.29,302240
2020-04-13,11.49,11.7,11.36,11.49,389230
2020-04-14,11.49,11.56,11.22,11.49,261590
2020-04-15,11.43,11.7,11.43,11.67,339960
2020-04-16,11.63,12.11,11.49,11.98,1059740
2020-04-17,12.32,12.66,12.25,12.63,975490
2020-04-20,12.66,12.73,12.25,12.35,594640
2020-04-21,12.15,12.22,11.56,11.63,862080
2020-04-22,11.63,12.11,11.36,12.04,446280
2020-04-23,12.25,12.39,12.08,12.11,559470
2020-04-24,12.11,12.11,11.91,12.01,337120
2020-04-27,12.11,12.22,11.98,12.04,255570
2020-04-28,12.04,12.53,12.04,12.53,783490
2020-04-29,12.7,13.01,12.66,12.8,568850
2020-05-04,12.8,12.8,12.22,12.39,404050
2020-05-05,12.39,12.39,12.15,12.39,199960
2020-05-06,12.39,12.53,12.25,12.39,371930
2020-05-07,12.56,12.73,12.35,12.6,424580
2020-05-08,12.56,12.77,12.49,12.53,413560
2020-05-11,12.6,13.15,12.42,13.08,733410
2020-05-12,13.18,13.35,12.97,13.28,549130
2020-05-13,13.28,13.56,13.01,13.42,676310
2020-05-14,13.18,13.59,13.08,13.46,575970
2020-05-15,13.52,13.52,13.08,13.39,540940
2020-05-18,13.39,13.39,13.18,13.28,211940
2020-05-19,13.35,13.49,13.32,13.46,460510
2020-05-20,13.46,13.46,13.28,13.42,256160
2020-05-21,13.42,13.49,13.32,13.35,238910
2020-05-22,13.42,13.42,13.25,13.28,308830
2020-05-25,13.28,13.39,13.18,13.35,240930
2020-05-26,13.49,13.94,13.49,13.87,580970
2020-05-27,14.11,14.11,13.49,13.49,384870
2020-05-28,13.56,13.7,13.35,13.49,196260
2020-05-29,13.56,13.59,13.35,13.49,330870
2020-06-01,13.66,13.66,13.46,13.56,320680
2020-06-02,13.7,13.7,13.21,13.21,471480
2020-06-03,13.21,13.7,13.18,13.56,595720
2020-06-04,13.63,13.66,13.49,13.66,406150
2020-06-05,13.66,14.35,13.49,14.35,802660
2020-06-08,14.38,14.63,14.11,14.52,995290
2020-06-09,14.45,14.66,14.25,14.28,289650
2020-06-10,14.11,14.38,14.04,14.38,444990
2020-06-11,14.38,14.45,13.39,13.39,738480
2020-06-12,12.73,13.63,12.73,13.63,593750
2020-06-15,13.94,13.94,13.08,13.08,214760
2020-06-16,13.21,13.49,13.15,13.46,180310
2020-06-17,13.46,13.56,13.18,13.35,93350
2020-06-18,13.21,13.39,13.15,13.35,181850
2020-06-19,13.28,13.52,13.28,13.52,229200
2020-06-22,13.63,13.63,13.49,13.63,377800
2020-06-23,13.73,14.11,13.63,13.77,455710
2020-06-24,13.9,13.97,13.49,13.77,226780
2020-06-25,13.39,13.7,13.32,13.59,123090
2020-06-26,13.59,13.7,13.35,13.49,198940
2020-06-29,13.35,13.35,12.77,13.08,385800
2020-06-30,13.08,13.15,12.77,12.8,264890
2020-07-01,12.8,13.08,12.8,13.01,110530
2020-07-02,13.01,13.08,12.94,13.01,42850
2020-07-03,13.01,13.08,12.97,13.01,94940
2020-07-06,13.08,13.21,13.08,13.18,142180
2020-07-07,13.21,13.28,13.15,13.18,161710
2020-07-08,13.18,13.21,13.08,13.15,77840
2020-07-09,13.11,13.35,13.08,13.28,284050
2020-07-10,13.28,13.28,13.15,13.21,107920
2020-07-13,13.39,13.39,13.21,13.28,190260
2020-07-14,13.28,13.32,13.21,13.28,86810
2020-07-15,13.28,13.7,13.28,13.59,430110
2020-07-16,13.7,13.73,13.49,13.52,162340
2020-07-17,13.52,13.59,13.42,13.49,104600
2020-07-20,13.49,13.49,13.28,13.46,259790
2020-07-21,13.49,13.52,13.39,13.46,68740
2020-07-22,13.46,13.56,13.42,13.46,167170
2020-07-23,13.35,13.46,13.25,13.39,124260
2020-07-24,13.39,13.46,12.46,12.8,339740
2020-07-27,12.04,12.32,11.91,11.94,926780
2020-07-28,11.94,12.63,11.91,12.63,300540
2020-07-29,12.15,12.32,12.01,12.25,182240
2020-07-30,12.39,12.66,12.39,12.66,220450
2020-07-31,12.56,12.6,12.42,12.6,236540
2020-08-03,12.42,12.8,12.42,12.77,194730
2020-08-04,13.08,13.42,12.87,13.18,316610
2020-08-05,13.35,14.04,13.18,14.01,1149290
2020-08-06,14.01,14.45,13.87,14.08,580190
2020-08-07,13.94,14.11,13.9,13.94,218780
2020-08-10,13.77,14.11,13.77,13.8,526000
2020-08-11,13.87,14.38,13.77,14.28,624980
2020-08-12,14.35,14.59,14.28,14.35,673390
2020-08-13,14.45,14.56,14.21,14.45,726470
2020-08-14,14.38,14.56,13.97,14.25,566480
2020-08-17,14.11,14.52,14.01,14.52,706990
2020-08-18,14.66,15.38,14.66,15.07,1287980
2020-08-19,15.07,15.97,15.04,15.8,1187460
2020-08-20,15.49,15.69,15.38,15.59,613210
2020-08-21,15.52,16.14,15.45,15.8,871990
2020-08-24,15.83,16.04,15.62,15.83,679450
2020-08-25,16.11,16.45,15.83,15.83,1145650
2020-08-26,15.93,16.17,15.76,16.14,614910
2020-08-27,16.11,16.35,16.04,16.14,443220
2020-08-28,16.0,16.14,15.83,15.83,450980
2020-08-31,15.83,16.04,15.56,15.62,692920
2020-09-01,15.52,15.83,15.52,15.83,659800
2020-09-03,16.33,16.37,16.01,16.37,956750
2020-09-04,16.05,16.3,15.97,16.12,335850
2020-09-07,16.15,16.19,15.69,15.69,474570
2020-09-08,15.69,15.9,15.61,15.79,342930
2020-09-09,15.69,16.3,15.69,16.23,848620
2020-09-10,16.3,17.13,16.3,17.13,1545260
2020-09-11,16.91,17.05,16.84,16.98,347880
2020-09-14,17.05,17.05,16.84,16.87,440080
2020-09-15,16.91,17.23,16.84,16.91,787080
2020-09-16,16.87,16.98,16.77,16.84,430610
2020-09-17,16.98,17.02,16.77,16.91,578030
2020-09-18,16.91,17.49,16.91,17.31,1098050
2020-09-21,17.31,17.34,17.05,17.16,601860
2020-09-22,16.95,17.13,16.8,17.02,642380
2020-09-23,16.98,17.13,16.91,17.05,556570
2020-09-24,17.05,17.41,17.05,17.31,1051110
2020-09-25,17.31,17.38,17.02,17.13,415100
2020-09-28,17.31,17.31,17.09,17.13,443050
2020-09-29,17.09,17.16,16.91,16.91,803470
2020-09-30,16.84,17.27,16.84,17.23,494620
2020-10-01,17.27,17.56,17.27,17.34,559230
2020-10-02,17.38,17.41,16.98,17.41,858770
2020-10-05,17.45,18.21,17.41,17.99,1003420
2020-10-06,18.21,18.21,17.7,17.77,600240
2020-10-07,17.77,17.85,17.49,17.63,587430
2020-10-08,17.63,17.63,17.31,17.45,700500
2020-10-09,17.49,17.59,17.34,17.41,323030
2020-10-12,17.63,17.63,17.23,17.23,482380
2020-10-13,17.23,17.27,16.98,17.05,320640
2020-10-14,17.2,17.2,17.02,17.13,322390
2020-10-15,17.13,17.27,17.02,17.02,285370
2020-10-16,16.95,17.05,16.77,16.95,462700
2020-10-19,16.95,17.23,16.91,17.13,299140
2020-10-20,17.27,17.27,16.95,17.05,400630
2020-10-21,17.05,17.09,16.91,16.91,287660
2020-10-22,16.98,16.98,16.77,16.87,285370
2020-10-23,16.87,17.09,16.87,17.05,471190
2020-10-26,17.2,17.2,16.87,16.91,605400
2020-10-27,16.84,16.87,16.77,16.77,722530
2020-10-28,16.77,16.77,15.9,15.9,1184680
2020-10-29,15.54,16.12,15.47,16.12,833190
2020-10-30,16.23,16.87,16.15,16.87,878700
2020-11-02,16.77,16.77,16.48,16.59,253880
2020-11-03,16.59,16.73,16.48,16.66,266890
2020-11-04,16.62,17.09,16.59,17.02,442760
2020-11-05,17.02,17.13,16.84,16.84,315900
2020-11-06,16.84,16.98,16.69,16.91,162670
2020-11-09,16.91,17.99,16.91,17.92,2268270
2020-11-10,18.35,18.39,17.92,17.95,1386060
2020-11-11,17.99,18.28,17.99,18.17,1135700
2020-11-12,18.1,18.92,18.1,18.92,1715910
2020-11-13,19.07,19.07,18.74,18.92,1054130
2020-11-16,19.0,19.43,18.78,19.14,2080380
2020-11-17,19.28,20.15,19.0,19.75,2085150
2020-11-18,19.75,20.29,19.72,20.0,981120
2020-11-19,19.72,19.79,19.07,19.36,3067900
2020-11-20,19.28,19.43,18.89,19.36,1293880
2020-11-23,19.43,19.79,19.18,19.68,787780
2020-11-24,19.57,20.44,19.46,19.79,2692030
2020-11-25,20.15,20.15,19.43,19.43,1474320
2020-11-26,19.61,20.15,19.43,19.72,1041640
2020-11-27,19.86,20.29,19.68,20.15,1815370
2020-11-30,20.44,20.44,20.0,20.0,3297280
2020-12-01,19.86,20.51,19.68,20.51,4040970
2020-12-02,20.87,21.55,20.83,21.19,4912230
2020-12-03,21.3,21.59,20.87,21.23,4964610
2020-12-04,21.16,21.23,20.69,20.72,3953960
2020-12-07,20.72,21.12,20.72,20.98,5783650
2020-12-08,20.98,21.16,20.83,21.01,5156760
2020-12-09,20.98,21.01,20.8,20.9,4117910
2020-12-10,21.01,22.27,21.01,21.7,10777940
2020-12-11,22.02,22.38,21.98,22.38,10330800
2020-12-14,22.59,23.35,22.52,22.92,7734180
2020-12-15,22.67,24.11,22.67,23.89,7050050
2020-12-16,24.03,24.11,23.03,23.71,4699340
2020-12-17,23.31,23.71,22.81,22.81,5670710
2020-12-18,23.03,23.67,22.81,23.57,3494080
2020-12-21,23.75,25.11,23.75,24.61,5056940
2020-12-22,24.72,24.72,24.07,24.14,3673780
2020-12-23,24.18,24.18,22.49,23.17,4694690
2020-12-24,22.88,23.17,21.55,22.52,6889010
2020-12-25,22.52,23.39,22.52,23.13,3886280
2020-12-28,23.39,23.57,22.67,23.03,3296720
2020-12-29,22.85,24.0,22.59,23.53,4724320
2020-12-30,23.39,23.71,23.06,23.17,2177800
2020-12-31,23.39,23.53,22.85,23.46,2518000
2021-01-04,23.75,24.47,23.6,23.82,4226500
2021-01-05,23.82,24.79,23.57,24.32,4851900
2021-01-06,24.61,24.61,23.82,24.03,3641300
2021-01-07,24.25,24.83,23.39,24.47,5753700
2021-01-08,24.75,25.04,24.11,24.39,4587500
2021-01-11,24.68,24.72,24.18,24.54,4088600
2021-01-12,24.83,26.16,24.75,26.16,7879300
2021-01-13,26.62,26.84,25.58,25.83,5334400
2021-01-14,25.83,25.9,25.33,25.72,3097100
2021-01-15,25.76,26.23,25.54,25.72,3847900
2021-01-18,25.72,25.72,25.11,25.11,3669100
2021-01-19,25.04,25.04,23.39,23.39,5956600
2021-01-20,23.1,23.75,21.77,22.49,5114900
2021-01-21,22.74,23.75,22.38,23.53,2930000
2021-01-22,23.53,23.75,22.95,23.1,2511900
2021-01-25,23.03,24.47,22.7,23.39,4009100
2021-01-26,23.39,23.71,22.52,23.17,2603300
2021-01-27,22.95,23.53,21.95,22.27,2641400
2021-01-28,20.72,21.3,20.72,20.72,2662300
2021-01-29,19.28,21.44,19.28,21.44,4405300
2021-02-01,20.87,21.37,19.97,19.97,4364400
2021-02-02,19.43,20.0,18.6,19.93,3078300
2021-02-03,20.29,21.05,19.9,20.9,3536000
2021-02-04,20.87,21.91,20.51,21.88,4194600
2021-02-05,21.7,22.38,21.55,22.31,2379300
2021-02-08,22.31,22.31,20.76,21.26,2714400
2021-02-09,21.26,22.06,21.16,22.02,2053700
2021-02-17,22.74,23.53,22.06,23.53,3496400
2021-02-18,23.75,24.32,23.17,23.82,3318800
2021-02-19,23.39,24.32,23.35,24.11,3302700
2021-02-22,24.11,24.47,23.42,24.03,2069300
2021-02-23,23.89,24.03,23.39,23.75,1858900
2021-02-24,23.78,24.03,23.39,23.49,2287600
2021-02-25,23.75,24.07,23.31,23.75,2041000
2021-02-26,23.31,24.43,23.31,24.11,2507700
2021-03-01,24.47,24.83,24.32,24.72,3084500
2021-03-02,24.83,24.83,24.25,24.47,1940500
2021-03-03,24.57,24.57,24.11,24.18,2364900
2021-03-04,24.18,24.54,22.88,23.24,2564700
2021-03-05,23.1,23.53,22.31,23.53,2472100
2021-03-08,23.85,23.89,22.92,23.13,2298300
2021-03-09,22.95,22.99,22.38,22.81,2346400
2021-03-10,22.81,23.17,22.45,23.1,1148200
2021-03-11,23.1,23.53,23.03,23.17,1781000
2021-03-12,23.31,23.31,22.88,23.03,1763400
2021-03-15,23.03,23.46,22.88,22.99,1528800
2021-03-16,23.03,23.67,22.88,23.6,2630500
2021-03-17,23.6,24.07,23.6,24.0,2915000
2021-03-18,24.18,24.25,23.75,23.89,1467400
2021-03-19,23.75,23.89,23.49,23.71,1836100
2021-03-22,24.32,25.11,24.25,24.9,5846400
2021-03-23,24.9,24.97,24.03,24.61,2503700
2021-03-24,24.03,24.47,23.46,23.89,1845300
2021-03-25,23.89,24.03,23.31,23.75,2056300
2021-03-26,23.39,23.6,22.52,23.39,2443000
2021-03-29,23.67,23.75,23.46,23.75,998000
2021-03-30,23.75,24.68,23.6,24.36,4080500
2021-03-31,24.36,24.83,24.25,24.36,2916600
2021-04-01,24.36,25.01,24.18,24.93,3630100
2021-04-02,25.4,25.4,24.75,25.04,2308700
2021-04-05,25.04,25.11,24.5,24.79,2362000
2021-04-06,24.47,24.79,24.43,24.75,2608200
2021-04-07,24.61,26.05,24.61,25.8,5418300
2021-04-08,25.87,25.9,25.26,25.4,2073800
2021-04-09,25.19,26.19,25.04,25.69,2762900
2021-04-12,25.76,25.83,25.37,25.69,2607300
2021-04-13,25.83,25.9,25.04,25.11,2997600
2021-04-14,24.61,25.04,24.54,24.9,1693600
2021-04-15,24.9,25.9,24.18,24.65,2739000
2021-04-16,24.54,24.93,23.53,24.11,2765600
2021-04-19,23.96,24.39,23.75,24.32,1425700
2021-04-20,24.32,24.61,23.75,23.96,1863500
2021-04-22,23.75,24.11,23.03,23.03,2481300
2021-04-23,23.03,24.21,22.81,24.11,2337100
2021-04-26,24.47,24.47,23.67,23.75,1204100
2021-04-27,23.6,24.32,23.53,24.0,1499100
2021-04-28,23.93,24.29,23.93,24.25,1865500
2021-04-29,24.25,24.61,24.25,24.61,2485800
2021-05-04,24.03,24.43,23.96,24.39,1503600
2021-05-05,24.47,25.62,24.39,25.26,3516500
2021-05-06,25.29,25.33,24.79,24.93,1994100
2021-05-07,24.93,25.11,24.47,24.54,1644700
2021-05-10,24.47,25.65,24.25,25.65,4539900
2021-05-11,25.9,27.16,25.69,26.34,6475800
2021-05-12,26.08,27.09,26.08,27.09,3040300
2021-05-13,26.8,26.98,26.19,26.19,3220800
2021-05-14,26.62,26.62,25.69,25.69,3508400
2021-05-17,25.87,27.06,25.76,26.98,4562300
2021-05-18,26.98,27.67,26.84,27.2,3736200
2021-05-19,27.06,27.34,26.8,27.27,1897800
2021-05-20,27.34,28.03,27.34,27.92,3613100
2021-05-21,27.92,28.57,26.98,27.31,3738300
2021-05-24,27.34,28.06,26.98,27.81,2736600
2021-05-25,27.88,28.42,27.81,28.03,2834700
2021-05-26,27.7,27.92,27.34,27.38,2582600
2021-05-27,27.34,27.56,26.44,26.55,3619200
2021-05-28,27.34,27.34,26.48,27.13,2601100
2021-05-31,27.2,27.27,26.48,26.66,2129400
2021-06-01,26.7,27.34,26.7,26.98,1790800
2021-06-02,26.98,28.06,26.91,28.03,3894100
2021-06-03,28.39,29.36,28.28,29.0,3324200
2021-06-04,28.86,29.0,28.21,28.96,3406200
2021-06-07,29.47,29.47,27.34,28.78,3750600
2021-06-08,28.46,29.14,27.7,27.78,2818100
2021-06-09,27.78,28.42,27.34,28.06,1977900
2021-06-10,27.92,29.14,27.78,28.93,3021400
2021-06-11,29.14,30.11,29.14,29.72,3080900
2021-06-14,30.51,31.3,29.86,30.33,3614600
2021-06-15,30.33,30.8,29.86,30.33,2227500
2021-06-16,30.58,31.23,30.33,30.37,3034400
2021-06-17,29.86,31.91,29.86,31.66,4641000
2021-06-18,31.66,31.88,31.41,31.59,2057200
2021-06-21,31.09,31.66,30.94,30.98,2336900
2021-06-22,31.16,31.88,31.01,31.34,3038700
2021-06-23,31.66,31.66,30.33,30.83,2561000
2021-06-24,30.91,31.09,30.51,30.51,1677200
2021-06-25,30.51,30.91,30.44,30.69,1430100
2021-06-28,31.09,31.66,30.58,31.66,2170800
2021-06-29,31.66,31.66,30.87,30.94,1337800
2021-06-30,30.94,31.3,30.87,30.94,1475200
2021-07-01,31.3,32.24,30.8,32.17,5087700
2021-07-02,32.38,32.38,32.02,32.06,1950700
2021-07-05,32.38,32.74,31.7,32.02,3670300
2021-07-06,32.45,32.45,29.79,29.79,2992500
2021-07-07,30.08,30.22,28.42,30.15,3613500
2021-07-08,30.22,30.83,29.86,30.11,2557500
2021-07-09,29.79,30.15,28.42,28.78,3335500
2021-07-12,28.64,28.71,26.98,27.92,4660500
2021-07-13,28.06,28.71,27.96,28.57,1667800
2021-07-14,28.78,29.14,27.85,28.21,2195000
2021-07-15,27.78,29.14,27.78,29.07,1346500
2021-07-16,29.5,29.79,29.21,29.65,1746600
2021-07-19,28.82,31.09,28.5,30.01,4987200
2021-07-20,30.15,30.58,29.29,30.51,2374900
2021-07-21,30.65,31.09,30.44,31.01,2536300
2021-07-22,31.01,31.77,30.65,31.37,2376700
2021-07-23,31.3,31.45,30.58,30.58,2891100
2021-07-26,30.29,32.56,30.15,32.24,5618100
2021-07-27,32.42,32.74,32.09,32.24,3947300
2021-07-28,31.95,32.31,31.7,31.73,1796100
2021-07-29,31.88,32.81,31.63,32.49,3482700
2021-07-30,32.52,33.82,32.52,33.17,4955500
2021-08-02,33.1,34.76,32.96,34.04,4890600
2021-08-03,34.25,34.9,33.68,34.32,5214300
2021-08-04,34.5,34.5,33.71,33.86,4266000
2021-08-05,33.68,34.61,33.46,34.07,2653200
2021-08-06,34.07,35.44,33.78,34.76,5999000
2021-08-09,34.76,35.58,34.76,35.33,3157500
2021-08-10,35.62,36.7,35.12,36.34,6002400
2021-08-11,36.55,37.13,35.58,35.58,6203300
2021-08-12,35.4,36.12,34.54,34.76,6291200
2021-08-13,34.79,36.16,33.94,36.16,4997000
2021-08-16,37.04,37.04,35.68,35.97,3635000
2021-08-17,35.93,35.93,34.68,35.57,2787200
2021-08-18,35.05,35.79,35.05,35.27,3458900
2021-08-19,35.05,35.42,34.72,34.72,3645200
2021-08-20,35.05,35.6,34.02,34.94,5276400
2021-08-23,34.9,35.75,34.53,34.9,3640400
2021-08-24,34.94,35.57,34.57,34.64,4011500
2021-08-25,34.75,35.38,34.39,35.34,2512600
2021-08-26,35.71,37.78,35.57,37.63,10599400
2021-08-27,37.63,38.37,37.12,37.71,4565800
2021-08-30,38.0,38.52,37.63,38.22,3434300
2021-08-31,37.85,38.81,37.85,38.07,5871200
2021-09-01,38.0,39.99,37.93,39.11,5790600
2021-09-06,39.26,39.85,38.66,38.89,4099300
2021-09-07,38.66,38.66,37.48,37.48,6740700
2021-09-08,37.48,38.3,37.04,37.26,2841100
2021-09-09,37.63,38.3,37.34,37.93,2460200
2021-09-10,38.07,38.15,37.48,37.63,2028000
2021-09-13,37.63,38.74,36.78,38.37,4764600
2021-09-14,38.52,38.74,37.63,37.93,1919700
2021-09-15,37.85,38.37,37.63,37.93,1554100
2021-09-16,37.93,39.11,37.78,39.03,4854000
2021-09-17,39.4,39.4,38.66,38.81,1842900
2021-09-20,39.11,39.11,37.48,37.56,3815300
2021-09-21,36.97,37.78,36.52,36.75,5013100
2021-09-22,36.97,37.19,36.67,37.04,2261500
2021-09-23,37.04,37.56,36.75,37.04,2085500
2021-09-24,36.89,37.04,35.42,36.16,3742600
2021-09-27,36.16,36.67,35.12,35.12,2045500
2021-09-28,34.9,36.19,34.68,36.16,1999000
2021-09-29,35.57,36.16,35.53,35.9,1367100
2021-09-30,35.97,37.04,35.93,36.6,1232100
2021-10-01,36.38,36.86,35.79,35.93,1634600
2021-10-04,35.93,37.12,35.93,36.38,2609100
2021-10-05,36.16,36.38,35.6,35.6,3092800
2021-10-06,35.64,35.93,35.2,35.42,2581600
2021-10-07,35.49,36.78,35.42,36.67,3768400
2021-10-08,36.89,38.37,36.89,37.78,4968600
2021-10-11,38.0,38.15,37.26,37.63,2910600
2021-10-12,37.63,37.63,36.89,37.26,4179100
2021-10-13,37.41,37.85,36.97,37.26,3521700
2021-10-14,37.26,38.37,37.12,37.78,4930100
2021-10-15,37.93,38.15,37.34,37.56,2379200
2021-10-18,37.63,38.74,37.56,38.0,7102100
2021-10-19,38.15,38.52,37.78,38.0,2729300
2021-10-20,38.0,38.15,36.97,37.34,3270800
2021-10-21,37.34,37.34,36.75,36.97,3902600
2021-10-22,36.97,37.04,36.38,36.67,3895500
2021-10-25,36.52,37.85,36.3,36.89,3030000
2021-10-26,36.89,37.63,36.41,37.19,2020100
2021-10-27,37.26,38.0,37.26,37.71,4309800
2021-10-28,37.71,38.89,37.63,38.59,6615400
2021-10-29,38.81,39.26,38.15,38.59,3814500
2021-11-01,39.03,39.03,37.85,38.07,3998900
2021-11-02,38.07,38.59,38.0,38.37,3912400
2021-11-03,38.37,38.74,37.34,37.34,4239100
2021-11-04,37.48,38.0,37.04,37.56,2745300
2021-11-05,37.71,37.93,37.26,37.63,2472800
2021-11-08,37.63,38.96,37.63,38.52,5149200
2021-11-09,39.26,40.51,38.96,40.21,8318100
2021-11-10,40.21,40.51,39.7,40.07,2920000
2021-11-11,39.62,40.21,39.11,39.48,4234800
2021-11-12,39.11,39.33,38.37,38.89,4570800
2021-11-15,38.89,39.7,38.74,39.03,3786500
2021-11-16,39.03,41.32,38.22,40.66,7671600
2021-11-17,40.66,40.73,39.92,39.99,2856600
2021-11-18,40.14,40.14,39.26,39.33,2830300
2021-11-19,39.11,39.18,36.6,36.67,7902200
2021-11-22,36.3,36.67,35.05,35.53,5543600
2021-11-23,35.57,37.63,35.57,37.63,1975300
2021-11-24,37.78,37.93,37.34,37.85,2360200
2021-11-25,37.85,37.85,37.26,37.63,1852100
2021-11-26,37.63,37.63,36.45,36.49,2602300
2021-11-29,35.79,37.19,35.79,36.82,1749200
2021-11-30,37.26,37.78,36.67,36.75,2333400
2021-12-01,36.75,36.89,36.38,36.6,1231600
2021-12-02,36.6,37.04,36.52,36.78,1092300
2021-12-03,36.89,37.19,36.16,36.16,1862700
2021-12-06,36.19,36.52,33.94,34.98,2533300
2021-12-07,35.64,35.64,34.9,35.42,2091100
2021-12-08,35.64,36.16,35.49,36.12,946900
2021-12-09,35.79,36.16,35.79,36.05,774400
2021-12-10,36.01,36.23,35.64,35.93,1324900
2021-12-13,36.16,36.27,35.79,36.08,1451900
2021-12-14,36.16,36.16,35.64,35.93,1679600
2021-12-15,36.16,37.56,36.12,37.12,2445400
2021-12-16,37.41,37.41,36.52,36.52,990700
2021-12-17,36.38,36.64,36.16,36.38,1262100
2021-12-20,36.38,36.38,35.49,35.57,1905100
2021-12-21,35.57,35.64,35.05,35.16,1778600
2021-12-22,35.16,35.86,35.12,35.23,1460800
2021-12-23,35.27,35.27,33.2,34.16,2654700
2021-12-24,34.09,34.53,33.43,33.76,2414400
2021-12-27,33.94,34.09,33.46,33.79,1084100
2021-12-28,33.57,34.16,33.57,33.76,1222400
2021-12-29,33.83,34.09,33.72,33.91,826300
2021-12-30,33.98,35.12,33.98,34.9,1410700
2021-12-31,34.75,34.9,34.31,34.9,969600
2022-01-04,35.05,35.16,34.68,34.98,1193000
2022-01-05,35.05,35.38,34.83,35.12,1718500
2022-01-06,35.05,35.12,34.53,34.53,1897700
2022-01-07,34.53,35.97,34.53,35.53,2117300
2022-01-10,35.53,35.53,34.31,34.31,1203500
2022-01-11,34.09,34.68,33.79,33.79,1008500
2022-01-12,33.87,34.35,32.1,32.72,2682300
2022-01-13,33.2,33.5,32.47,32.47,1660400
2022-01-14,32.39,32.47,31.58,31.58,1693300
2022-01-17,31.73,32.32,29.88,29.88,2185900
2022-01-18,29.48,30.7,29.48,30.36,1618700
2022-01-19,30.36,31.36,30.36,30.62,927700
2022-01-20,30.99,31.29,30.84,31.03,647100
2022-01-21,31.32,31.43,30.99,30.99,602300
2022-01-24,31.06,31.06,29.99,30.18,1133000
2022-01-25,29.81,31.77,29.81,31.73,1209500
2022-01-26,32.36,32.36,30.99,30.99,1047600
2022-01-27,30.99,31.84,30.99,31.21,925200
2022-01-28,31.36,31.91,31.03,31.73,1276600
2022-02-07,32.36,33.94,32.36,33.94,1355200
2022-02-08,34.27,35.05,33.94,34.42,1632900
2022-02-09,34.68,35.79,34.31,35.79,2810900
2022-02-10,35.71,35.71,35.05,35.23,1635600
2022-02-11,35.23,35.93,35.05,35.68,1659800
2022-02-14,35.57,36.67,34.61,36.08,2783900
2022-02-15,36.08,36.23,35.64,36.08,1162000
2022-02-16,35.79,36.71,35.79,36.45,1462200
2022-02-17,36.89,37.85,36.71,37.78,3545000
2022-02-18,37.63,38.44,37.26,38.3,3444800
2022-02-21,38.22,38.74,37.78,37.78,1489200
2022-02-22,37.26,38.66,36.52,38.52,3583400
2022-02-23,38.52,39.33,38.3,38.44,2823400
2022-02-24,38.0,38.96,37.04,37.93,2961300
2022-02-25,38.37,38.89,37.04,37.26,2841200
2022-02-28,37.34,37.78,36.08,36.67,3043400
2022-03-01,37.26,38.0,36.64,36.89,2258800
2022-03-02,36.67,37.63,36.01,37.56,2071300
2022-03-03,37.34,40.14,36.97,40.14,6625300
2022-03-04,41.54,42.06,40.36,40.58,3852900
2022-03-07,40.51,42.8,40.21,41.32,3521400
2022-03-08,40.88,41.47,38.81,38.81,4881800
2022-03-09,39.03,41.47,38.81,41.47,6222700
2022-03-10,42.06,42.58,40.21,40.58,4931700
2022-03-11,40.58,41.62,40.21,41.1,3028400
2022-03-14,40.58,41.47,38.3,38.3,6156600
2022-03-15,37.26,38.89,36.16,38.66,4176100
2022-03-16,39.03,40.07,38.59,39.48,2357300
2022-03-17,39.55,39.85,38.66,39.11,2264900
2022-03-18,39.4,40.21,38.89,39.77,2628000
2022-03-21,39.85,40.36,39.48,40.14,2407700
2022-03-22,40.14,41.17,39.33,40.29,3443500
2022-03-23,40.58,40.95,39.55,39.55,2233600
2022-03-24,39.62,41.62,38.96,41.17,5789100
2022-03-25,41.17,41.39,39.85,40.44,3140800
2022-03-28,39.55,41.76,39.55,41.54,5191400
2022-03-29,41.69,43.9,41.62,43.53,5425200
2022-03-30,43.53,44.2,42.06,42.43,3404100
2022-03-31,42.8,43.39,42.43,43.09,2149600
2022-04-01,42.43,43.76,42.06,42.8,2562300
2022-04-04,42.87,44.13,42.43,43.46,3446600
2022-04-05,43.9,45.31,43.17,43.9,3848300
2022-04-06,43.83,44.79,42.65,42.87,3138800
2022-04-07,42.87,43.24,40.58,41.47,3956200
2022-04-08,41.69,41.91,40.21,40.44,2202100
2022-04-12,40.44,41.17,38.44,38.44,1925200
2022-04-13,38.74,41.1,38.59,41.1,2542200
2022-04-14,42.06,42.21,41.03,41.69,1500200
2022-04-15,41.32,43.17,41.03,42.28,2769800
2022-04-18,42.06,43.02,41.03,41.39,2269300
2022-04-19,41.76,43.83,41.69,42.43,3745800
2022-04-20,42.65,43.46,40.58,41.03,2570300
2022-04-21,40.21,42.06,39.33,41.03,2008600
2022-04-22,40.66,41.32,38.22,38.66,5448200
2022-04-25,38.52,38.59,35.97,35.97,4328000
2022-04-26,34.02,38.44,34.02,38.0,2805500
2022-04-27,37.63,39.85,37.48,39.33,1702400
2022-04-28,39.7,40.8,39.62,39.7,2595800
2022-04-29,39.48,40.44,39.4,40.14,1834400
2022-05-04,40.51,42.21,39.48,41.69,2454200
2022-05-05,42.43,42.43,40.51,41.1,2748000
2022-05-06,39.99,42.72,39.99,41.39,4339200
2022-05-09,40.58,40.95,38.59,39.48,3568900
2022-05-10,38.59,40.66,37.71,40.58,1708900
2022-05-11,40.88,41.91,40.58,41.69,2018900
2022-05-12,41.17,43.46,41.03,41.25,5734700
2022-05-13,41.32,41.69,38.37,38.37,3165800
2022-05-16,39.85,40.21,35.71,35.71,3057200
2022-05-17,34.68,38.15,33.24,38.15,3938200
2022-05-18,38.59,39.48,37.71,37.78,1982700
2022-05-19,36.67,38.37,36.67,37.63,1728900
2022-05-20,37.63,38.3,36.52,36.75,1914500
2022-05-23,36.89,38.3,36.52,37.26,1204600
2022-05-24,37.26,38.0,36.89,37.93,858900
2022-05-25,38.0,40.44,38.0,40.21,3751300
2022-05-26,39.85,40.58,39.48,39.62,1739700
2022-05-27,39.77,41.54,39.62,40.8,3247100
2022-05-30,40.8,42.21,40.07,41.76,2402100
2022-05-31,41.76,43.09,41.17,41.17,3087000
2022-06-01,41.17,43.17,40.58,43.17,4321700
2022-06-02,43.17,44.13,42.43,42.43,2953400
2022-06-03,42.43,43.76,41.76,43.17,3116200
2022-06-06,43.39,45.6,43.17,44.13,7791200
2022-06-07,44.13,45.38,42.8,45.31,4032200
2022-06-08,45.75,45.9,44.27,44.35,2869800
2022-06-09,44.42,44.42,43.17,43.53,3673900
2022-06-10,42.8,44.13,40.58,40.58,4882400
2022-06-13,39.77,40.44,38.0,38.0,5711500
2022-06-14,37.63,39.7,37.41,39.18,2865700
2022-06-15,39.48,39.7,37.93,38.74,2116400
2022-06-16,39.7,40.73,39.48,40.14,2479800
2022-06-17,39.11,41.17,38.89,40.95,3565000
2022-06-20,41.25,41.62,39.85,39.92,2907800
2022-06-21,39.62,40.14,37.19,37.41,4110400
2022-06-22,38.22,38.22,36.52,36.6,2980000
2022-06-23,36.23,39.11,36.19,39.11,1587700
2022-06-24,39.18,39.7,38.37,38.37,1777300
2022-06-27,38.74,39.26,38.37,38.74,1097200
2022-06-28,38.81,39.11,37.26,39.03,2772000
2022-06-29,38.89,41.32,38.07,40.21,2413500
2022-06-30,40.44,40.73,38.37,38.37,1914300
2022-07-01,38.3,38.74,37.34,37.93,1650000
2022-07-04,38.07,38.52,36.89,37.48,1684000
2022-07-05,37.48,38.0,36.16,36.27,2049400
2022-07-06,36.01,36.23,33.94,33.98,2427700
2022-07-07,34.09,35.34,33.94,34.83,1244200
2022-07-08,35.09,35.75,34.68,35.2,1170300
2022-07-11,35.27,35.64,34.83,35.49,1225400
2022-07-12,35.38,36.38,35.27,36.23,1417700
2022-07-13,36.52,36.89,35.93,36.38,930400
2022-07-14,36.16,36.49,35.71,36.49,847600
2022-07-15,36.52,36.67,36.16,36.16,952400
2022-07-18,36.16,36.41,35.93,35.93,744500
2022-07-19,35.79,36.3,35.79,36.16,750600
2022-07-20,36.45,37.85,36.3,37.63,1526100
2022-07-21,37.63,37.63,36.86,37.34,755500
2022-07-22,37.63,38.66,37.48,37.48,1180400
2022-07-25,37.26,37.56,36.89,36.89,435400
2022-07-26,37.12,37.71,36.89,37.19,677300
2022-07-27,36.89,37.48,36.52,36.89,453900
2022-07-28,37.71,37.71,35.05,36.89,927900
2022-07-29,37.26,38.15,36.89,36.89,1519800
2022-08-01,37.63,38.74,37.63,38.74,1816000
2022-08-02,38.59,38.96,37.85,38.37,1404400
2022-08-03,37.85,39.26,37.85,38.96,1487900
2022-08-04,39.11,39.11,37.85,38.07,1674300
2022-08-05,38.37,38.66,38.07,38.3,1128700
2022-08-08,38.3,38.59,37.85,38.37,1790500
2022-08-09,38.52,39.18,38.52,38.66,1394100
2022-08-10,38.59,38.96,38.3,38.37,514200
2022-08-11,38.74,38.89,37.85,38.0,1459000
2022-08-12,38.0,38.3,37.71,38.22,904700
2022-08-15,38.22,39.11,38.22,38.74,1214300
2022-08-16,38.74,39.7,38.66,39.26,2285700
2022-08-17,39.48,39.62,38.81,38.81,920300
2022-08-18,38.81,38.89,38.37,38.74,822700
2022-08-19,38.74,39.33,38.37,38.37,832100
2022-08-22,38.15,38.52,37.63,37.93,849000
2022-08-23,37.63,38.66,37.48,38.66,777700
2022-08-24,38.66,38.74,38.3,38.44,766500
2022-08-25,38.59,39.03,38.22,38.89,1257600
2022-08-26,39.03,39.11,38.22,38.37,798300
2022-08-29,38.22,38.22,37.12,37.71,1294700
2022-08-30,37.93,38.15,37.04,37.04,1006800
2022-08-31,37.04,37.78,36.89,37.48,633200
2022-09-05,37.63,38.15,37.26,37.71,823300
2022-09-06,37.71,38.0,37.48,37.48,611700
2022-09-07,37.48,37.48,35.86,35.9,1838300
2022-09-08,36.16,36.27,35.2,35.42,983800
2022-09-09,35.9,36.52,35.45,36.52,726600
2022-09-12,36.3,36.52,36.08,36.27,922869
2022-09-13,36.16,36.49,36.16,36.19,409995
2022-09-14,35.71,36.75,35.64,36.67,708365
2022-09-15,36.89,36.89,36.56,36.67,624981
2022-09-16,36.52,36.52,36.08,36.16,701360
2022-09-19,36.05,36.16,34.53,34.68,1317485
2022-09-20,35.23,35.42,34.72,35.42,697526
2022-09-21,34.9,35.57,34.9,35.38,669915
2022-09-22,35.05,36.27,35.05,36.16,513005
2022-09-23,36.3,36.52,35.86,35.93,507282
2022-09-26,35.45,35.64,34.53,34.98,753323
2022-09-27,34.98,35.27,34.68,34.98,458491
2022-09-28,34.98,35.23,34.09,34.31,695658
2022-09-29,34.53,35.23,34.53,34.94,962192
2022-09-30,34.79,35.49,34.75,35.42,1358221
2022-10-03,35.42,36.64,34.61,35.01,1546259
2022-10-04,35.79,36.38,34.83,35.86,1718596
2022-10-05,36.56,36.86,36.12,36.86,1170609
2022-10-06,37.04,37.04,34.68,36.16,1167169
2022-10-07,35.55,36.53,34.64,35.89,1246260
2022-10-10,35.48,37.48,35.02,36.69,1079398
2022-10-11,36.69,36.95,35.55,35.66,777175
2022-10-12,35.66,36.84,35.66,36.31,564281
2022-10-13,36.65,36.69,35.74,36.61,608322
2022-10-14,36.69,36.76,35.93,36.08,691757
2022-10-17,36.31,36.31,35.55,36.16,460678
2022-10-18,36.35,36.65,36.08,36.08,758455
2022-10-19,36.08,36.69,36.08,36.61,630799
2022-10-20,36.61,36.91,36.46,36.8,579917
2022-10-21,36.8,36.8,34.23,34.79,1373130
2022-10-24,35.1,35.1,32.37,32.37,953091
2022-10-25,32.49,32.6,30.14,32.22,1769012
2022-10-26,32.15,32.79,32.15,32.53,970784
2022-10-27,32.34,34.72,32.15,34.72,518886
2022-10-28,34.72,35.17,34.57,35.1,743046
2022-10-31,34.27,35.32,34.27,34.76,328943
2022-11-01,34.98,35.17,34.91,34.98,316022
2022-11-02,35.02,35.02,34.61,34.61,538452
2022-11-03,34.49,35.78,34.27,35.78,488729
2022-11-04,34.91,36.84,33.66,36.84,2451510
2022-11-07,36.01,36.27,35.7,36.23,894046
2022-11-08,35.93,36.46,35.25,35.25,595268
2022-11-09,34.95,36.23,34.27,34.42,320531
2022-11-10,34.42,34.49,32.15,33.17,712807
2022-11-11,33.24,34.27,33.17,33.51,1102561
2022-11-14,33.77,33.81,31.77,31.77,999201
2022-11-15,29.88,31.77,29.58,29.58,874780
2022-11-16,27.99,31.39,27.53,31.39,1578987
2022-11-17,30.03,32.75,30.03,31.84,701369
2022-11-18,30.63,32.53,30.63,32.0,456392
2022-11-21,33.21,33.21,31.62,31.62,377937
2022-11-22,31.62,33.06,31.62,32.34,509611
2022-11-23,32.9,33.13,32.34,33.13,386970
2022-11-24,33.13,34.87,31.96,34.79,791108
2022-11-25,34.79,36.84,34.42,34.79,1458931
2022-11-28,36.23,36.23,34.11,34.95,339887
2022-11-29,35.32,35.78,34.95,35.55,329180
2022-11-30,36.53,37.06,35.55,35.85,1267405
2022-12-01,36.38,36.38,34.95,35.02,356752
2022-12-02,34.72,35.78,34.72,35.55,350252
2022-12-05,37.06,37.06,35.97,36.31,731213
2022-12-06,36.31,37.74,36.31,36.69,845791
2022-12-07,36.69,36.91,36.38,36.76,243896
2022-12-08,36.99,37.29,36.31,36.65,518911
2022-12-09,36.5,36.76,36.01,36.04,237041
2022-12-12,35.59,36.99,35.59,35.97,278058
2022-12-13,36.31,36.31,35.85,36.16,155465
2022-12-14,36.69,36.69,35.55,36.01,305757
2022-12-15,36.23,36.46,35.78,36.08,303594
2022-12-16,35.55,36.46,35.55,35.55,405720
2022-12-19,36.19,36.19,35.17,35.17,274955
2022-12-20,35.02,35.17,33.74,33.81,258367
2022-12-21,33.81,34.72,33.81,34.42,243706
2022-12-22,34.79,35.02,34.42,34.95,143922
2022-12-23,35.25,35.25,34.72,34.79,38824
2022-12-26,34.79,34.79,33.74,33.74,52911
2022-12-27,34.42,34.72,33.43,34.72,135763
2022-12-28,34.45,35.48,34.45,34.45,317521
2022-12-29,35.02,35.48,34.11,34.34,192764
2022-12-30,34.27,34.79,34.04,34.34,178101
2023-01-03,34.95,34.95,34.34,34.79,537923
2023-01-04,34.79,36.31,34.79,34.79,487202
2023-01-05,35.51,35.51,34.79,34.83,552071
2023-01-06,35.7,36.08,35.21,35.25,362661
2023-01-09,35.4,35.85,35.4,35.78,269161
2023-01-10,35.85,36.31,35.63,36.27,486261
2023-01-11,36.31,36.35,35.93,35.93,260228
2023-01-12,36.31,36.31,35.78,36.12,94094
2023-01-13,36.27,36.27,35.7,36.12,131540
2023-01-16,36.16,36.16,35.55,35.55,417710
2023-01-17,35.85,36.76,35.78,36.31,822304
2023-01-18,36.42,37.06,36.27,36.91,714436
2023-01-19,37.14,38.73,37.03,38.65,923168
2023-01-27,39.03,39.56,38.65,39.26,734360
2023-01-30,39.33,39.48,38.58,39.03,662361
2023-01-31,39.33,40.47,38.88,40.09,1188177
2023-02-01,40.77,40.85,38.88,38.96,946030
2023-02-02,38.73,40.09,38.73,40.09,782192
2023-02-03,40.17,41.3,38.96,41.3,3204652
2023-02-06,40.24,42.51,39.79,42.51,856230
2023-02-07,41.75,42.28,40.54,40.54,353968
2023-02-08,40.92,40.92,39.41,39.41,482585
2023-02-09,39.71,40.92,39.41,40.69,533192
2023-02-10,40.69,40.69,39.79,39.79,215554
2023-02-13,40.09,40.09,38.35,39.33,438608
2023-02-14,39.94,39.94,39.11,39.11,215222
2023-02-15,39.79,39.79,39.03,39.11,199099
2023-02-16,39.11,40.09,39.11,39.48,194714
2023-02-17,39.94,40.69,39.41,39.41,543079
2023-02-20,39.71,40.92,39.41,40.47,955581
2023-02-21,40.54,41.0,40.32,40.47,871646
2023-02-22,40.54,41.3,40.39,40.47,1353314
2023-02-23,40.24,40.47,38.73,39.48,778792
2023-02-24,39.79,40.09,38.96,38.96,401008
2023-02-27,38.5,38.58,36.84,36.84,583199
2023-02-28,37.06,37.59,36.8,36.99,568400
2023-03-01,36.99,38.2,36.76,38.2,188928
2023-03-02,38.2,38.5,37.82,38.05,257959
2023-03-03,38.05,38.2,37.14,37.14,436994
2023-03-06,37.06,37.4,36.91,37.03,355820
2023-03-07,37.4,37.44,37.03,37.44,98339
2023-03-08,37.44,38.8,37.06,38.8,507910
2023-03-09,38.58,39.18,38.58,38.8,293356
2023-03-10,38.65,38.73,38.12,38.58,180632
2023-03-13,38.58,38.88,37.9,38.05,178471
2023-03-14,38.05,38.43,37.52,38.2,306008
2023-03-15,38.73,38.73,38.12,38.27,476724
2023-03-16,38.27,38.73,37.82,38.2,326607
2023-03-17,38.43,39.18,37.22,37.22,478213
2023-03-20,37.52,37.9,37.48,37.74,251023
2023-03-21,38.43,38.43,37.74,37.97,208630
2023-03-22,38.35,38.35,37.74,37.9,174096
2023-03-23,37.82,38.12,37.52,37.97,201278
2023-03-24,37.9,38.27,37.59,37.67,243468
2023-03-27,37.82,39.03,37.67,38.96,1176306
2023-03-28,39.33,39.79,38.96,38.96,662573
2023-03-29,39.03,39.18,38.2,38.5,1043304
2023-03-30,39.11,39.11,38.58,38.8,565244
2023-03-31,38.96,39.64,38.8,38.96,938969
2023-04-03,39.71,40.01,38.96,39.64,1103614
2023-04-04,39.86,40.85,39.56,40.39,1138216
2023-04-05,40.39,40.62,40.01,40.24,661506
2023-04-06,40.24,40.32,39.18,39.33,676359
2023-04-07,39.33,39.86,39.18,39.71,471001
2023-04-10,39.79,39.94,39.18,39.33,608581
2023-04-11,39.71,40.39,39.48,40.09,1128741
2023-04-12,40.09,40.32,39.86,40.09,393502
2023-04-13,40.01,41.6,40.01,41.22,1435975
2023-04-14,41.38,41.53,40.62,40.69,533020
2023-04-17,40.85,41.07,40.47,40.85,344310
2023-04-18,40.92,40.92,39.71,40.09,591646
2023-04-19,40.09,40.39,39.71,39.86,461824
2023-04-20,40.62,40.77,39.86,40.01,944273
2023-04-21,40.01,40.09,39.64,40.01,353234
2023-04-24,39.71,40.54,39.64,39.64,523718
2023-04-25,39.71,40.69,39.64,39.94,1264363
2023-04-26,40.09,40.24,39.71,40.09,339707
2023-04-27,40.24,40.77,39.79,40.77,697256
2023-04-28,40.77,40.77,39.79,39.79,1744466
2023-05-04,39.94,40.01,38.35,38.35,1490353
2023-05-05,38.35,38.73,37.82,37.82,548758
2023-05-08,37.82,38.27,37.74,38.2,379170
2023-05-09,38.43,38.43,37.9,38.35,249921
2023-05-10,38.58,38.58,38.05,38.12,926766
2023-05-11,38.2,38.35,37.44,37.44,1165736
2023-05-12,37.59,38.12,37.1,37.14,892999
2023-05-15,37.59,38.12,37.4,37.78,969241
2023-05-16,37.82,38.12,37.78,37.9,972831
2023-05-17,37.52,38.12,37.52,37.74,415623
2023-05-18,37.9,38.73,37.82,38.65,1342764
2023-05-19,38.88,38.88,38.05,38.12,225427
2023-05-22,38.5,38.5,37.4,37.59,499697
2023-05-23,37.67,37.74,37.44,37.52,313837
2023-05-24,37.63,38.27,37.52,37.97,456416
2023-05-25,37.82,38.12,37.67,37.67,191202
2023-05-26,37.78,37.9,37.52,37.52,368067
2023-05-29,37.82,37.82,37.56,37.67,156605
2023-05-30,37.67,38.12,37.63,37.9,908177
2023-05-31,37.82,38.05,37.74,37.9,479701
2023-06-01,37.9,38.65,37.82,38.58,1135504
2023-06-02,38.73,39.26,38.58,38.88,1672357
2023-06-05,39.11,40.09,38.65,39.33,1103091
2023-06-06,39.33,39.79,39.03,39.33,461623
2023-06-07,39.18,39.41,38.5,38.58,1398437
2023-06-08,38.43,38.88,37.78,37.82,1060623
2023-06-09,37.97,38.96,37.9,38.88,1065705
2023-06-12,38.96,39.26,38.73,39.03,808513
2023-06-13,39.03,39.03,38.58,38.58,494383
2023-06-14,38.96,38.96,38.2,38.2,422882
2023-06-15,38.2,38.73,37.9,38.12,473095
2023-06-16,38.2,38.73,38.12,38.27,721660
2023-06-19,38.43,38.43,37.9,37.97,545672
2023-06-20,38.12,38.58,37.97,38.58,494025
2023-06-21,38.58,39.26,38.43,39.18,884176
2023-06-22,39.33,39.71,39.11,39.18,885939
2023-06-23,39.33,39.86,39.11,39.86,1230539
2023-06-26,40.09,40.09,39.11,39.71,657285
2023-06-27,40.01,40.77,39.41,40.01,1423157
2023-06-28,40.32,40.32,39.86,39.86,573174
2023-06-29,39.86,39.86,39.11,39.11,936657
2023-06-30,39.03,39.94,39.03,39.26,458937
2023-07-03,39.33,39.94,39.26,39.79,830150
2023-07-04,40.09,40.77,39.86,40.47,796629
2023-07-05,40.54,41.15,40.39,40.69,922031
2023-07-06,40.39,40.77,39.94,40.47,1054192
2023-07-07,40.69,42.36,40.24,42.21,2438358
2023-07-10,42.36,42.36,41.75,42.13,1137289
2023-07-11,42.36,43.8,42.28,42.89,2643300
2023-07-12,43.49,43.49,42.89,43.19,953233
2023-07-13,43.27,43.49,42.81,43.27,1025797
2023-07-14,43.42,43.64,42.81,43.12,892885
2023-07-17,43.27,43.64,42.74,43.04,1600196
2023-07-18,43.12,44.02,43.04,43.64,1349209
2023-07-19,43.72,44.17,42.89,43.27,1220381
2023-07-20,43.49,43.49,42.96,43.27,728258
2023-07-21,43.49,43.8,43.19,43.49,955150
2023-07-24,43.87,45.23,43.49,44.48,1996418
2023-07-25,44.63,44.86,43.87,44.17,1103744
2023-07-26,44.33,44.33,42.96,43.04,1323485
2023-07-27,43.12,43.64,42.74,43.49,1277930
2023-07-28,43.8,43.8,43.12,43.64,958266
2023-07-31,45.69,45.69,43.87,44.4,2341217
2023-08-01,44.48,44.48,43.19,43.19,1324452
2023-08-02,43.12,43.34,42.59,42.81,1499912
2023-08-03,42.81,43.12,42.51,42.81,959323
2023-08-04,42.74,43.87,42.66,43.87,4239302
2023-08-07,44.63,44.86,43.8,43.8,1534120
2023-08-08,43.8,44.55,43.49,44.25,1591952
2023-08-09,44.25,44.25,43.42,43.57,965759
2023-08-10,43.49,43.49,42.59,42.59,1399740
2023-08-11,42.28,42.81,41.6,41.75,956696
2023-08-14,41.75,42.51,41.75,42.13,695732
2023-08-15,42.36,42.66,41.91,42.36,630380
2023-08-16,42.36,42.51,42.13,42.21,580623
2023-08-17,41.98,42.28,41.53,41.75,709370
2023-08-18,41.6,41.75,39.48,39.48,1711462
2023-08-21,38.73,41.53,38.73,41.0,1225367
2023-08-22,41.38,41.45,40.17,40.85,1038013
2023-08-23,41.22,41.22,40.62,40.85,376408
2023-08-24,41.15,41.98,40.77,41.98,1072793
2023-08-25,41.98,42.06,40.92,41.83,506233
2023-08-28,41.91,41.98,41.3,41.98,499945
2023-08-29,42.36,42.74,42.21,42.74,865566
2023-08-30,43.04,44.4,42.74,44.4,2028080
2023-08-31,44.86,47.5,44.63,47.43,6000398
2023-09-05,47.43,48.79,46.82,48.11,2708200
2023-09-06,48.41,48.71,47.65,48.41,1221981
2023-09-07,48.41,49.17,48.18,48.33,1729108
2023-09-08,48.33,50.68,47.65,49.02,2435099
2023-09-11,50.07,50.07,47.65,47.81,1704689
2023-09-12,48.26,48.86,47.65,48.86,1410489
2023-09-13,49.92,50.6,47.65,49.62,1897661
2023-09-14,50.3,50.91,48.26,48.56,1916795
2023-09-15,48.56,49.09,47.81,48.41,1472020
2023-09-18,48.49,49.17,47.81,47.81,1380099
2023-09-19,49.47,49.85,48.26,48.64,2704432
2023-09-20,49.47,50.68,49.17,50.0,1785214
2023-09-21,50.16,50.78,49.69,50.7,1509306
2023-09-22,49.53,50.23,48.91,49.92,2135908
2023-09-25,49.14,50.16,46.88,46.88,1880902
2023-09-26,46.57,48.44,46.57,47.35,1237142
2023-09-27,47.66,49.92,47.11,49.92,1675444
2023-09-28,50.08,53.04,49.53,51.33,3328037
2023-09-29,51.72,52.42,50.39,51.72,1407226
2023-10-02,51.72,53.04,50.78,50.94,1395849
2023-10-03,50.62,50.62,48.36,48.75,2320697
2023-10-04,47.66,51.56,47.66,50.0,1956958
2023-10-05,50.94,51.4,49.69,50.16,1235204
2023-10-06,49.69,51.4,49.38,50.7,882856
2023-10-09,50.7,51.64,50.7,51.56,1621151
2023-10-10,52.18,52.96,51.64,51.64,1696345
2023-10-11,52.03,52.03,50.0,51.72,861291
2023-10-12,51.79,52.18,50.94,51.09,1323603
2023-10-13,50.55,51.87,50.47,51.56,1086622
2023-10-16,51.64,52.03,51.01,51.01,1065394
2023-10-17,51.56,52.89,50.0,50.0,1482842
2023-10-18,50.78,51.4,49.14,50.55,2750737
2023-10-19,50.86,51.95,49.92,50.62,1061089
2023-10-20,50.7,50.7,47.11,49.92,3200262
2023-10-23,48.75,49.84,47.66,48.28,753921
2023-10-24,48.36,48.6,47.35,47.89,745657
2023-10-25,47.74,48.99,47.43,48.13,632039
2023-10-26,47.27,47.35,44.77,46.02,2660026
2023-10-27,46.02,48.75,45.55,48.75,1075339
2023-10-30,48.67,48.67,47.19,47.19,262025
2023-10-31,48.05,48.13,46.02,46.02,1041062
2023-11-01,46.41,48.21,46.1,48.21,729015
2023-11-02,48.83,49.92,48.28,49.53,977685
2023-11-03,49.61,50.7,49.53,50.7,2182319
2023-11-06,50.7,51.72,49.84,51.48,1796295
2023-11-07,51.33,52.89,50.78,51.56,1651496
2023-11-08,51.56,53.04,51.56,52.89,1719698
2023-11-09,53.82,54.84,53.59,53.59,1907063
2023-11-10,53.51,54.53,53.2,53.75,1265393
2023-11-13,53.82,54.68,52.73,53.51,1244704
2023-11-14,54.21,56.32,53.98,55.38,1697945
2023-11-15,56.55,57.18,55.23,55.46,995824
2023-11-16,55.46,56.55,55.31,55.46,647050
2023-11-17,54.84,56.09,54.6,54.6,1054316
2023-11-20,53.82,54.99,53.82,54.29,608615
2023-11-21,54.53,54.99,53.82,54.6,774545
2023-11-22,54.6,55.31,54.21,54.92,499075
2023-11-23,54.99,54.99,54.21,54.37,870909
2023-11-24,54.21,54.21,51.87,53.75,1703895
2023-11-27,53.82,54.37,52.26,52.26,456269
2023-11-28,52.26,53.28,52.11,52.65,915203
2023-11-29,53.43,54.6,52.65,54.6,704420
2023-11-30,54.6,55.23,54.14,54.76,412330
2023-12-01,54.84,54.99,53.9,54.76,623129
2023-12-04,55.07,55.54,54.21,55.07,1156614
2023-12-05,55.38,55.93,54.21,54.76,948738
2023-12-06,54.92,55.54,54.21,54.99,731207
2023-12-07,54.99,54.99,53.43,54.92,949585
2023-12-08,54.6,54.99,53.43,54.92,589295
2023-12-11,54.92,55.38,54.68,54.99,644017
2023-12-12,54.99,55.23,54.37,55.07,466119
2023-12-13,55.07,55.07,53.75,53.75,634655
2023-12-14,54.21,54.21,52.89,53.2,799266
2023-12-15,53.2,53.35,52.34,53.04,698152
2023-12-18,53.2,53.43,52.34,53.43,580322
2023-12-19,53.67,53.67,53.04,53.43,261313
2023-12-20,53.43,53.82,52.89,53.43,617459
2023-12-21,53.59,53.82,53.04,53.04,563105
2023-12-22,53.04,53.59,53.04,53.28,378068
2023-12-25,53.59,56.94,53.43,56.94,2435652
2023-12-26,56.94,57.57,55.77,55.77,1166767
2023-12-27,56.55,56.55,55.7,56.01,1056368
2023-12-28,56.01,57.18,55.85,56.16,1437489
2023-12-29,56.48,56.48,54.99,54.99,1460972
2024-01-02,55.23,56.32,55.15,55.93,930860
2024-01-03,56.16,56.4,55.54,56.16,750544
2024-01-04,56.48,56.71,55.46,55.93,1233472
2024-01-05,55.7,55.85,55.31,55.46,781004
2024-01-08,55.54,56.16,55.31,55.93,648067
2024-01-09,56.32,56.4,55.62,55.93,751061
2024-01-10,55.93,57.49,55.46,55.85,1488172
2024-01-11,56.16,56.16,55.23,55.77,813828
2024-01-12,55.77,55.77,54.21,54.84,1621012
2024-01-15,54.84,55.15,53.98,53.98,975769
2024-01-16,53.98,53.98,52.96,53.67,1140441
2024-01-17,54.06,55.07,53.75,54.37,531060
2024-01-18,54.29,54.37,53.43,54.14,999875
2024-01-19,54.29,54.29,53.67,54.06,914489
2024-01-22,53.59,54.06,53.59,53.75,598571
2024-01-23,53.75,54.92,53.75,54.68,1039272
2024-01-24,54.68,54.84,54.29,54.76,589257
2024-01-25,54.99,54.99,54.21,54.6,313529
2024-01-26,54.68,54.99,54.45,54.68,525688
2024-01-29,54.76,54.76,54.29,54.6,370824
2024-01-30,54.76,54.76,54.21,54.21,543481
2024-01-31,54.37,54.37,52.5,53.12,2657561
2024-02-01,53.12,53.82,53.12,53.82,398350
2024-02-02,53.98,53.98,53.04,53.67,898042
2024-02-05,53.82,54.45,53.43,53.67,1058509
2024-02-06,53.82,53.9,53.28,53.82,1005528
2024-02-07,53.98,54.84,53.9,54.21,1060426
2024-02-15,54.6,54.92,53.98,54.21,744942
2024-02-16,54.21,54.53,53.98,54.45,966744
2024-02-19,54.68,55.62,54.68,55.15,2038941
2024-02-20,55.38,56.16,54.76,56.16,1487369
2024-02-21,56.09,56.09,55.31,55.93,960535
2024-02-22,56.09,56.16,55.07,55.62,507471
2024-02-23,56.09,56.09,54.21,54.45,1136963
2024-02-26,54.6,58.11,54.21,57.8,3256322
2024-02-27,58.66,58.66,57.57,57.8,1800898
2024-02-28,57.96,59.52,57.72,58.5,1998664
2024-02-29,58.82,59.28,57.72,59.28,1597761
2024-03-01,59.6,63.34,58.66,62.79,2991817
2024-03-04,63.65,63.65,62.01,62.72,2142420
2024-03-05,62.72,62.72,61.7,62.4,1572674
2024-03-06,62.25,62.25,60.45,61.47,2201415
2024-03-07,61.47,62.64,60.84,62.4,2343589
2024-03-08,62.4,62.95,61.0,61.08,2474412
2024-03-11,61.23,61.39,59.13,60.53,2381204
2024-03-12,60.53,62.33,60.06,61.16,1870355
2024-03-13,61.86,64.2,61.47,62.87,2527605
2024-03-14,63.73,64.12,62.56,62.87,1815606
2024-03-15,62.64,62.79,61.86,62.4,1794924
2024-03-18,62.17,62.17,58.27,60.77,3036602
2024-03-19,60.14,60.84,59.28,60.06,1983479
2024-03-20,60.06,61.31,59.52,60.84,2052338
2024-03-21,62.09,62.09,60.53,61.16,1022710
2024-03-22,61.62,61.78,60.61,61.31,1198833
2024-03-25,61.55,62.09,60.53,60.92,1315130
2024-03-26,60.84,61.62,60.61,61.55,824745
2024-03-27,61.86,63.18,61.16,62.4,1633544
2024-03-28,63.11,63.11,61.7,62.4,806204
2024-03-29,62.56,62.56,61.86,62.17,671317
2024-04-01,62.01,63.18,61.62,62.01,1179727
2024-04-02,62.56,62.56,61.7,62.56,836548
2024-04-03,62.56,64.98,62.09,62.79,2769758
2024-04-04,63.18,63.18,61.86,62.25,742470
2024-04-05,61.86,62.09,60.84,60.84,1263113
2024-04-08,60.92,61.39,60.06,60.45,909669
2024-04-09,61.08,61.31,60.38,61.31,650121
2024-04-10,61.39,62.33,61.08,61.62,902206
2024-04-11,60.45,61.86,60.45,61.86,644525
2024-04-12,62.48,64.28,62.01,63.73,2691067
2024-04-15,63.26,64.2,60.06,61.08,1962697
2024-04-16,61.08,61.62,59.75,61.16,2020997
2024-04-17,61.62,63.42,61.55,62.79,3456860
2024-04-19,62.4,63.03,61.16,62.4,1665237
2024-04-22,63.18,63.18,62.01,62.25,865182
2024-04-23,62.79,62.79,60.61,61.62,1653204
2024-04-24,61.86,63.42,61.23,63.42,2056701
2024-04-25,63.57,63.57,62.48,63.5,1285414
2024-04-26,63.5,67.47,63.03,65.68,5626362
2024-05-02,66.15,66.15,64.98,65.68,1654622
2024-05-03,66.3,66.69,64.35,66.69,4047102
2024-05-06,66.54,66.54,65.29,65.68,1675786
2024-05-07,65.76,68.25,64.98,66.07,2710611
2024-05-08,65.52,67.01,65.13,66.23,1889590
2024-05-09,66.23,67.32,65.76,65.76,2113540
2024-05-10,66.69,66.69,65.06,65.21,1528567
2024-05-13,65.68,65.68,63.57,64.04,2525433
2024-05-14,64.28,65.06,63.73,64.2,1191163
2024-05-15,64.67,65.29,64.12,64.74,1561475
2024-05-16,65.29,66.54,65.06,65.84,2154207
2024-05-17,66.07,66.62,65.6,66.15,1475789
2024-05-20,66.54,66.69,65.45,65.45,1643147
2024-05-21,65.37,66.54,64.82,66.54,1674276
2024-05-22,67.08,67.32,65.13,65.52,1683327
2024-05-23,65.37,66.69,65.13,66.69,1531563
2024-05-24,66.3,66.38,63.57,65.13,2197368
2024-05-27,65.13,65.13,64.35,64.67,925649
2024-05-28,64.74,65.52,64.51,64.9,1617831
2024-05-29,64.9,65.91,63.96,64.43,1487371
2024-05-30,64.04,65.91,63.96,64.67,2862506
2024-05-31,64.98,65.76,64.98,65.37,1135573
2024-06-03,65.91,65.91,64.74,64.98,1670389
2024-06-04,65.37,66.69,64.9,65.91,2562207
2024-06-05,66.3,66.46,65.52,65.52,1703617
2024-06-06,66.23,66.23,64.04,65.52,1852780
2024-06-07,65.52,66.3,64.67,65.06,2037578
2024-06-10,65.52,68.49,65.52,67.79,3775627
2024-06-11,67.86,68.1,66.38,67.08,1905910
2024-06-12,66.69,67.01,65.76,66.85,1713241
2024-06-13,66.93,66.93,66.07,66.3,1023015
2024-06-14,66.15,66.93,64.74,64.74,2065658
2024-06-17,64.82,66.23,64.74,65.37,1105696
2024-06-18,65.52,65.6,65.21,65.21,857542
2024-06-19,65.21,66.3,65.06,65.13,1355685
2024-06-20,65.13,65.45,64.82,64.9,1000353
2024-06-21,65.13,65.91,64.98,65.06,977476
2024-06-24,64.82,65.29,63.89,63.96,1929978
2024-06-25,63.96,65.68,63.81,64.74,1089789
2024-06-26,64.74,65.91,63.96,65.52,2136632
2024-06-27,65.13,65.13,64.35,65.06,986959
2024-06-28,65.21,65.68,64.35,64.74,1658955
2024-07-01,64.74,64.74,63.81,63.96,1184150
2024-07-02,64.04,64.82,63.57,63.57,1464706
2024-07-03,63.65,64.28,63.5,64.12,1200162
2024-07-04,64.51,64.59,63.96,63.96,726692
2024-07-05,64.59,65.21,63.96,65.21,1862264
2024-07-08,65.52,65.76,64.12,65.52,1650458
2024-07-09,65.6,66.62,64.82,66.3,2351193
2024-07-10,66.38,66.46,65.52,65.6,1232526
2024-07-11,65.68,66.07,65.29,65.29,782318
2024-07-12,65.37,65.76,64.9,65.52,1043875
2024-07-15,66.09,66.09,65.04,65.12,850503
2024-07-16,65.2,65.44,64.88,65.12,817117
2024-07-17,65.28,65.28,60.72,64.88,2021665
2024-07-18,64.08,64.88,62.96,64.0,1351321
2024-07-19,63.52,64.24,62.16,63.12,1300910
2024-07-22,62.64,62.64,61.04,62.48,1766523
2024-07-23,62.48,62.48,61.2,61.36,955281
2024-07-24,59.84,62.64,59.84,62.4,1359170
2024-07-25,61.68,62.24,61.6,62.24,415025
2024-07-26,62.24,63.28,62.0,63.28,643651
2024-07-29,63.36,63.68,63.04,63.28,272095
2024-07-30,62.88,63.44,62.88,63.28,472744
2024-07-31,63.28,64.08,62.88,64.08,797416
2024-08-01,63.92,63.92,62.72,63.2,1052275
2024-08-02,61.12,64.88,61.12,64.88,1278649
2024-08-05,63.12,63.84,60.56,60.56,1116790
2024-08-06,60.24,61.68,60.16,61.68,786763
2024-08-07,61.6,61.68,60.56,61.12,485323
2024-08-08,60.72,61.36,60.4,61.28,446565
2024-08-09,61.52,62.32,61.04,61.76,694195
2024-08-12,62.4,63.92,62.08,63.28,563600
2024-08-13,63.52,63.6,62.72,62.96,220971
2024-08-14,63.28,63.28,62.24,63.12,707944
2024-08-15,63.2,63.92,62.48,63.44,700387
2024-08-16,63.76,64.48,63.28,63.92,676925
2024-08-19,64.08,67.37,64.0,66.33,2591093
2024-08-20,66.33,66.73,65.52,66.33,836500
2024-08-21,66.73,66.97,65.92,66.81,1080893
2024-08-22,66.81,66.89,65.92,66.41,714593
2024-08-23,66.17,66.33,65.28,65.92,858727
2024-08-26,66.41,66.41,64.88,64.96,981838
2024-08-27,64.88,65.36,64.08,64.32,820312
2024-08-28,64.56,65.12,64.16,64.24,629939
2024-08-29,64.24,64.4,64.08,64.24,708396
2024-08-30,64.64,64.88,64.16,64.48,437301
2024-09-04,64.4,64.4,62.72,63.28,987432
2024-09-05,63.44,63.44,61.44,63.12,1941008
2024-09-06,62.48,63.04,61.84,62.48,678013
2024-09-09,62.4,62.4,61.76,61.92,614955
2024-09-10,61.84,62.32,61.84,61.92,1048080
2024-09-11,62.0,62.08,61.6,61.76,421907
2024-09-12,61.92,62.32,61.76,62.08,888996
2024-09-13,62.16,62.48,61.76,61.84,311315
2024-09-16,61.84,62.0,61.2,61.2,889191
2024-09-17,61.2,61.76,61.04,61.52,439651
2024-09-18,62.4,62.48,61.92,62.32,764021
2024-09-19,62.32,62.64,62.32,62.64,450368
2024-09-20,62.56,63.12,62.56,62.8,679438
2024-09-23,62.48,63.28,62.32,63.28,525409
2024-09-24,62.8,63.36,62.8,63.28,209594
2024-09-25,63.44,63.6,62.64,63.28,577430
2024-09-26,63.28,63.44,62.96,63.2,450430
2024-09-27,62.96,63.2,62.32,62.88,565584
2024-09-30,62.88,62.88,61.36,62.48,1178532
2024-10-01,62.24,62.56,62.0,62.0,572831
2024-10-02,61.84,62.96,61.84,62.32,810371
2024-10-03,62.48,62.48,61.6,62.0,477320
2024-10-04,62.0,62.24,61.52,61.52,307929
2024-10-07,61.52,61.76,60.88,61.2,366279
2024-10-08,61.28,61.36,60.32,60.32,784113
2024-10-09,60.48,60.88,60.32,60.48,332600
2024-10-10,60.64,61.44,60.64,61.36,609488
2024-10-11,61.6,61.68,61.36,61.52,368011
2024-10-14,62.08,62.08,60.88,60.96,465716
2024-10-15,61.2,61.44,60.48,60.56,779972
2024-10-16,60.16,60.4,60.08,60.16,601515
2024-10-17,60.24,60.24,58.4,58.56,1499517
2024-10-18,58.48,58.8,57.51,57.51,1265107
2024-10-21,57.51,57.67,56.31,57.11,1959393
2024-10-22,57.65,59.25,57.65,59.06,891744
2024-10-23,59.06,59.06,58.12,59.06,598745
2024-10-24,58.59,59.06,58.03,59.06,968168
2024-10-25,58.88,59.25,58.31,58.97,731785
2024-10-28,59.06,59.06,58.5,58.78,412817
2024-10-29,58.78,61.6,58.69,61.13,5257939
2024-10-30,61.23,61.98,60.76,61.23,1104008
2024-10-31,61.23,61.7,60.38,61.42,1353763
2024-11-01,61.42,62.07,60.38,60.38,3482825
2024-11-04,61.04,61.04,59.06,60.47,951881
2024-11-05,60.19,60.47,59.63,60.1,780543
2024-11-06,60.19,60.94,60.0,60.66,995686
2024-11-07,61.23,61.51,60.66,61.13,1329623
2024-11-08,61.23,61.32,60.66,60.76,637354
2024-11-11,60.29,61.98,60.19,61.89,2053923
2024-11-12,61.89,62.07,60.94,61.98,1223534
2024-11-13,61.98,61.98,60.94,61.89,730442
2024-11-14,61.51,63.67,61.42,62.64,2483373
2024-11-15,62.36,62.54,61.23,61.89,816839
2024-11-18,61.6,61.6,59.63,60.76,1143812
2024-11-19,60.76,60.76,57.94,60.0,1722855
2024-11-20,59.53,60.19,57.94,59.91,1199195
2024-11-21,59.35,61.13,58.88,61.13,994755
2024-11-22,60.85,60.85,60.0,60.29,554618
2024-11-25,60.19,61.04,59.91,60.19,584899
2024-11-26,60.29,61.13,60.1,61.04,849047
2024-11-27,61.04,61.13,60.47,60.47,446190
2024-11-28,60.57,60.94,60.0,60.85,734184
2024-11-29,60.85,61.42,60.38,60.85,814356
2024-12-02,61.13,61.13,60.19,60.47,670067
2024-12-03,60.19,61.04,60.19,60.19,968355
2024-12-04,60.29,60.85,60.0,60.85,641396
2024-12-05,60.94,62.36,60.66,62.07,1470884
2024-12-06,62.07,63.77,61.51,63.39,1934954
2024-12-09,63.39,63.39,62.73,63.3,1047646
2024-12-10,63.3,63.3,62.26,62.92,826697
2024-12-11,62.64,63.01,61.98,61.98,610382
2024-12-12,62.17,62.54,61.23,62.45,1080680
2024-12-13,62.54,62.73,61.79,61.98,665877
2024-12-16,61.89,62.17,61.42,61.89,636692
2024-12-17,61.89,62.07,60.94,61.6,991466
2024-12-18,61.13,61.6,61.04,61.51,445694
2024-12-19,61.04,61.89,60.94,61.23,661790
2024-12-20,61.23,62.17,60.85,61.13,774283
2024-12-23,61.23,61.7,61.04,61.13,318703
2024-12-24,61.42,62.36,61.13,61.79,937704
2024-12-25,61.79,62.92,61.79,62.83,984956
2024-12-26,63.01,63.01,62.07,62.83,587910
2024-12-27,62.83,62.83,62.26,62.54,726594
2024-12-30,62.45,62.45,61.79,62.07,563506
2024-12-31,62.07,62.07,61.32,61.32,384678
2025-01-02,61.23,62.26,60.76,62.26,776123
2025-01-03,62.26,62.36,61.51,61.89,713027
2025-01-06,61.6,61.89,60.0,60.29,878781
2025-01-07,60.19,60.19,58.97,58.97,847419
2025-01-08,58.97,59.72,58.31,59.72,584535
2025-01-09,59.63,59.72,58.69,59.72,362229
2025-01-10,59.06,59.25,58.03,58.31,692097
2025-01-13,57.94,58.22,57.37,58.12,601693
2025-01-14,58.12,58.12,56.43,56.43,1004821
2025-01-15,56.52,57.37,56.34,56.62,856907
2025-01-16,56.71,58.31,56.52,57.56,901295
2025-01-17,57.56,58.31,57.37,58.31,851213
2025-01-20,58.31,58.78,58.22,58.5,549344
2025-01-21,58.31,58.5,57.47,58.31,748576
2025-01-22,58.31,58.31,57.47,57.75,619446
2025-01-23,57.75,58.31,57.56,58.31,858418
2025-01-24,57.94,60.1,57.94,60.1,1301594
2025-02-03,59.72,59.82,58.59,58.97,953966
2025-02-04,58.88,59.63,58.88,59.35,490246
2025-02-05,59.16,59.91,59.16,59.82,1110358
2025-02-06,59.91,59.91,59.25,59.25,713240
2025-02-07,59.25,60.0,58.88,58.88,949412
2025-02-10,58.88,58.88,57.94,58.03,830809
2025-02-11,58.03,58.03,56.81,57.28,1986089
2025-02-12,57.09,57.65,56.99,56.99,758091
2025-02-13,56.99,58.03,56.99,58.03,767133
2025-02-14,57.84,58.59,57.47,58.03,810191
2025-02-17,58.03,58.12,57.56,57.65,661281
2025-02-18,57.47,57.75,56.9,57.28,1476393
2025-02-19,57.28,57.84,56.99,57.37,855430
2025-02-20,57.65,57.84,57.28,57.84,729795
2025-02-21,57.84,58.69,57.75,58.31,860401
2025-02-24,58.31,58.41,57.75,58.22,816565
2025-02-25,58.03,58.03,57.09,57.37,1405523
2025-02-26,57.37,57.84,57.18,57.47,1420431
2025-02-27,57.37,57.65,57.18,57.65,901859
2025-02-28,57.65,57.65,56.99,57.09,1336703
2025-03-03,57.09,57.37,56.99,57.18,681932
2025-03-04,57.09,57.94,57.09,57.47,1108506
2025-03-05,57.37,57.56,56.43,56.43,2452322
2025-03-06,56.71,57.37,56.43,57.37,1632773
2025-03-07,57.75,57.84,56.9,57.84,1872721
2025-03-10,57.94,57.94,56.99,57.84,1856759
2025-03-11,57.28,57.75,56.81,57.56,2129541
2025-03-12,57.18,57.47,56.52,56.52,2851997
2025-03-13,56.81,57.18,56.05,56.05,1306760
2025-03-14,56.24,56.43,54.64,54.64,2360861
2025-03-17,54.74,55.11,53.99,54.55,1862807
2025-03-18,54.74,55.96,54.74,55.96,1750274
2025-03-19,56.15,56.24,54.93,55.77,1113209
2025-03-20,56.43,56.43,55.02,55.87,879020
2025-03-21,55.77,55.87,55.21,55.87,598144
2025-03-24,55.49,55.77,54.64,55.49,1095721
2025-03-25,55.4,55.4,54.74,54.83,1243265
2025-03-26,55.3,55.3,54.74,55.21,623721
2025-03-27,55.21,55.21,54.55,54.64,596763
2025-03-28,54.55,55.11,54.55,54.55,975160
2025-03-31,54.55,54.74,53.51,54.08,1539481
2025-04-01,54.08,54.36,53.42,54.17,1142433
2025-04-02,54.17,54.36,52.2,52.95,2318623
2025-04-03,49.28,51.54,49.28,49.28,1741398
2025-04-04,45.85,45.85,45.85,45.85,546378
2025-04-08,42.65,43.59,42.65,42.65,1289373
2025-04-09,39.69,39.69,39.69,39.69,686598
2025-04-10,42.46,42.46,42.46,42.46,1472071
2025-04-11,45.14,45.14,40.54,43.26,5779629
2025-04-14,43.83,45.61,43.12,43.59,4791281
2025-04-15,43.55,44.58,40.58,43.17,4947022
2025-04-16,42.37,43.03,40.44,40.44,3457329
2025-04-17,40.91,43.26,40.82,43.26,5668807
2025-04-18,44.49,46.27,44.2,45.76,4313857
2025-04-21,45.76,45.76,44.2,44.86,2773255
2025-04-22,44.49,44.49,41.76,44.02,4435303
2025-04-23,44.49,45.9,44.2,44.2,3096764
2025-04-24,44.2,46.08,44.2,46.08,3417142
2025-04-25,46.37,47.97,46.27,47.97,4354084
2025-04-28,48.34,48.34,47.31,47.97,2297694
2025-04-29,47.97,50.22,47.97,49.85,4561398
2025-05-05,50.79,52.57,49.85,51.26,3399913
2025-05-06,51.63,51.63,48.91,50.04,4315376
2025-05-07,50.13,50.41,48.91,48.91,2524613
2025-05-08,49.38,50.22,48.81,49.38,2820882
2025-05-09,49.75,50.13,49.38,49.85,1625371
2025-05-12,50.22,50.69,49.75,50.69,3743915
2025-05-13,51.73,52.67,51.07,52.57,4292514
2025-05-14,52.76,53.42,52.39,52.48,2540868
2025-05-15,52.39,52.39,51.16,51.92,1970580
2025-05-16,51.54,52.1,50.69,50.69,2233912
2025-05-19,50.32,51.26,50.04,51.26,1983670
2025-05-20,50.79,52.67,50.69,52.01,2276269
2025-05-21,52.1,52.1,50.6,51.54,1553859
2025-05-22,51.26,51.26,49.85,49.94,2695151
2025-05-23,49.85,50.13,49.19,50.13,1944107
2025-05-26,50.13,52.57,49.47,52.39,3950513
2025-05-27,52.67,55.96,52.67,55.96,6098363
2025-05-28,56.9,57.84,56.24,57.28,3813220
2025-05-29,57.65,57.65,55.96,56.9,2506371
2025-05-30,55.96,56.52,54.74,56.24,2490834
2025-06-02,55.87,55.96,54.83,55.02,1214360
2025-06-03,55.11,55.96,55.02,55.3,1856037
2025-06-04,55.3,56.24,55.02,55.58,1598582
2025-06-05,55.49,55.87,54.46,54.93,1663911
2025-06-06,55.02,55.49,54.08,54.08,1449211
2025-06-09,54.08,54.36,51.54,51.82,2907770
2025-06-10,51.73,52.57,51.63,52.29,1718916
2025-06-11,52.57,52.76,51.92,52.67,1787313
2025-06-12,52.86,53.8,52.67,53.14,1546058
2025-06-13,51.82,53.14,51.73,52.29,1932393
2025-06-16,52.48,54.08,52.48,53.23,1680200
2025-06-17,53.51,53.51,52.29,53.14,1621300
2025-06-18,53.42,53.7,52.2,52.2,1954635
2025-06-19,52.01,52.57,51.45,51.54,2208100
2025-06-20,51.73,52.95,51.54,52.57,1513984
2025-06-23,53.14,53.8,52.01,52.2,1415270
2025-06-24,52.76,52.95,51.92,52.67,2158627
2025-06-25,52.67,53.14,51.82,52.48,1955393
2025-06-26,52.48,52.48,51.73,52.01,1623820
2025-06-27,52.01,52.57,51.92,52.1,1071911
2025-06-30,52.67,55.02,52.48,54.46,4820396
2025-07-01,55.02,55.02,53.51,54.08,1897743
2025-07-02,54.36,56.43,53.99,56.43,6543420
2025-07-03,56.15,57.09,54.93,56.9,5701396
2025-07-04,56.9,57.09,56.05,56.9,2275395
2025-07-07,56.99,57.09,56.15,56.81,2926910
2025-07-08,56.9,58.5,56.43,58.41,4337280
2025-07-09,58.5,58.89,57.92,58.89,2672325
2025-07-10,58.99,59.57,58.5,59.18,1856814
2025-07-11,58.5,59.18,58.31,58.5,2406591
2025-07-14,58.6,58.6,56.85,57.34,4487238
2025-07-15,57.34,57.43,56.27,56.27,3751103
2025-07-16,56.27,56.85,55.59,55.78,2604361
2025-07-17,56.36,56.66,55.1,55.49,3438903
2025-07-18,55.59,56.27,55.0,55.59,3576186
2025-07-21,56.17,56.27,54.81,55.39,2509037
2025-07-22,55.3,55.78,54.52,55.49,3252323
2025-07-23,56.17,56.46,55.59,56.17,2339484
2025-07-24,56.36,56.46,55.68,56.27,2074128
2025-07-25,56.56,57.34,56.56,56.75,2846433
2025-07-28,56.85,57.24,56.27,56.85,4580446
2025-07-29,56.95,57.24,54.52,54.71,3537956
2025-07-30,54.71,55.88,54.03,55.88,2167696
2025-07-31,55.98,55.98,54.42,54.62,1854720
2025-08-01,54.81,56.36,54.13,54.42,4651026
2025-08-04,54.42,55.98,54.42,55.39,1553898
2025-08-05,55.49,57.92,54.91,56.75,8137343
2025-08-06,56.85,57.53,56.66,56.95,3515562
2025-08-07,57.34,58.99,57.34,58.31,6310390
2025-08-08,58.5,58.6,56.75,57.34,3956863
2025-08-11,57.92,59.28,57.24,57.24,4333284
2025-08-12,57.43,59.77,57.43,59.09,6836213
2025-08-13,59.57,59.67,57.82,59.18,3543202
2025-08-14,59.67,59.67,58.6,59.47,4475156
2025-08-15,59.77,59.77,57.14,58.02,5568582
2025-08-18,58.21,61.51,57.53,61.51,6964091
2025-08-19,62.2,62.68,61.03,61.22,3629220
2025-08-20,61.03,61.22,56.95,60.45,4376113
2025-08-21,60.45,60.93,59.28,60.64,2895182
2025-08-22,59.57,62.58,59.28,59.96,3790664
2025-08-25,60.25,60.74,58.6,58.7,3200554
2025-08-26,58.6,59.96,58.31,59.96,2269224
2025-08-27,60.45,64.14,60.06,64.14,9811063
2025-08-28,65.01,68.03,64.33,66.96,6051877
2025-08-29,66.96,67.73,66.47,67.15,4681714
2025-09-03,67.05,67.05,65.01,65.5,3027454
2025-09-04,65.4,66.96,65.21,66.57,2477643
2025-09-05,66.96,67.05,63.75,64.62,2750510
2025-09-08,64.72,66.28,64.33,64.33,3018168
2025-09-09,64.72,66.37,64.53,66.28,3909589
2025-09-10,66.76,68.41,65.4,66.76,5269935
2025-09-11,66.96,66.96,65.01,66.96,2222597
2025-09-12,67.25,68.03,66.37,67.25,2139837
2025-09-15,67.25,71.91,67.25,71.72,6604529
2025-09-16,71.91,71.91,70.46,71.91,2963987
2025-09-17,71.52,72.4,70.55,71.52,2239254
2025-09-18,70.94,71.14,68.61,70.94,2866364
2025-09-19,70.75,71.14,69.39,70.84,1538587
2025-09-22,70.46,70.84,68.22,69.09,2546591
2025-09-23,69.29,69.29,67.15,67.54,2149608
2025-09-24,68.32,69.0,67.25,68.71,2326964
2025-09-25,69.09,70.26,68.8,69.78,1967374
2025-09-26,69.78,69.78,67.83,68.03,1995823
2025-09-29,67.93,67.93,66.57,67.83,2788679
2025-09-30,67.83,67.83,64.72,65.99,3466670
2025-10-01,65.3,65.99,64.33,64.62,1997192
2025-10-02,64.92,65.4,64.14,64.14,1615506
2025-10-03,64.14,64.72,63.65,64.04,1649890
2025-10-06,64.53,66.28,64.53,66.08,1522548
2025-10-07,66.37,66.37,64.62,64.62,1264390
2025-10-08,65.11,65.6,64.43,65.6,1406447
2025-10-09,65.6,65.6,64.14,65.4,2636365
2025-10-10,65.4,67.15,65.21,66.57,2197166
2025-10-13,65.3,66.57,65.21,65.3,2091822
2025-10-14,65.4,66.76,65.01,66.18,2320622
2025-10-15,66.37,69.29,61.61,67.05,3946470
2025-10-16,67.54,67.54,65.6,65.6,2469632
2025-10-17,65.6,66.47,65.11,66.08,2523654
2025-10-20,66.08,66.08,61.51,61.51,5554194
2025-10-21,61.9,64.43,61.61,64.14,2311315
2025-10-22,64.14,65.3,63.46,65.11,1994951
2025-10-23,65.11,67.73,64.82,65.4,2383580
2025-10-24,65.6,65.6,64.04,64.92,1223141
2025-10-27,65.4,65.5,63.46,64.62,1408087
2025-10-28,64.53,64.62,62.2,64.62,2081293
2025-10-29,64.53,68.03,63.75,67.25,3995853
2025-10-30,67.83,68.61,66.86,68.51,3454735
2025-10-31,67.93,68.03,66.18,66.18,4258496
2025-11-03,66.28,69.0,65.79,66.57,3828168
2025-11-04,65.69,66.18,62.29,65.4,3775405
2025-11-05,65.4,65.4,63.75,65.11,1441752
2025-11-06,65.11,65.79,64.24,64.24,1891675
2025-11-07,64.24,64.33,61.22,61.61,2328622
2025-11-10,61.61,61.81,59.28,59.28,2652251
2025-11-11,59.28,60.25,57.82,59.28,1525079
2025-11-12,59.77,61.22,59.67,60.25,1119168
2025-11-13,60.35,62.1,60.35,61.22,1574773
2025-11-14,61.22,61.32,60.35,60.74,767955
2025-11-17,60.74,62.2,60.74,61.81,614442
2025-11-18,61.61,62.68,61.32,61.71,1083549
2025-11-19,61.81,62.2,60.93,61.42,907553
2025-11-20,61.42,61.42,60.74,60.83,757437
2025-11-21,60.74,62.1,60.15,61.42,865664
2025-11-24,61.42,61.71,61.13,61.13,438379
2025-11-25,61.22,61.61,60.25,61.13,1312794
2025-11-26,61.22,61.9,60.74,61.61,1234043
2025-11-27,61.71,62.49,61.32,62.1,1197035
2025-11-28,62.29,62.88,61.61,62.2,1069025
2025-12-01,62.1,62.2,60.93,61.71,562626
2025-12-02,61.03,61.03,60.15,60.93,1274053
2025-12-03,60.93,61.03,60.54,60.93,1276308
2025-12-04,61.22,61.81,60.35,60.35,1571398
2025-12-05,60.54,60.74,59.28,59.28,1150617
2025-12-08,59.96,59.96,57.43,57.82,1700225
2025-12-09,57.82,57.82,56.27,56.85,2523667
2025-12-10,57.04,57.24,56.17,56.36,1257102
2025-12-11,56.46,57.14,56.36,56.36,1060341
2025-12-12,56.46,56.75,55.78,55.78,1207063
2025-12-15,55.88,57.14,55.3,56.85,1516530
2025-12-16,57.04,57.53,55.68,57.24,654364
2025-12-17,57.04,57.43,56.56,57.04,393201
2025-12-18,56.85,57.04,56.56,56.75,210419
2025-12-19,56.75,57.82,56.36,57.82,722306
2025-12-22,57.82,58.41,57.53,57.82,600688
2025-12-23,58.79,58.79,57.82,57.82,808492
2025-12-24,57.43,58.41,57.24,58.31,1052787
2025-12-25,58.41,58.89,57.72,58.79,740766
2025-12-26,58.31,58.5,56.85,57.82,820686
2025-12-29,57.72,59.57,57.72,59.57,1399845
2025-12-30,59.28,60.25,59.28,60.06,1096143
2025-12-31,60.25,60.25,59.28,59.28,319352
2026-01-05,59.28,59.47,58.6,58.89,637627
2026-01-06,58.89,59.47,58.6,58.7,712535
2026-01-07,58.6,61.32,58.5,60.93,2596499
2026-01-08,60.93,61.51,60.15,61.22,1996703
2026-01-09,61.22,61.42,60.25,60.25,822079
2026-01-12,60.64,61.81,60.64,61.22,1242242
2026-01-13,61.03,62.2,60.83,61.13,1022466
2026-01-14,61.42,62.0,60.83,61.22,1539398
2026-01-15,61.42,62.1,61.22,61.71,934694
2026-01-16,61.71,64.14,61.32,62.1,1896045
2026-01-19,62.58,62.58,61.81,62.0,967886
2026-01-20,62.2,66.28,61.9,66.28,4476081
2026-01-21,66.57,69.19,66.57,68.51,5348406
2026-01-22,68.61,68.61,66.76,68.03,2689096
2026-01-23,68.12,68.12,64.72,66.57,2549945
2026-01-26,65.89,66.28,62.2,62.2,3118981
2026-01-27,61.51,63.94,61.51,63.94,1216089
2026-01-28,63.75,64.24,63.07,63.94,826451
2026-01-29,63.36,65.99,63.36,65.99,996972
2026-01-30,66.08,68.03,65.11,66.57,1902876
2026-02-02,66.67,67.05,64.72,66.28,1994482
2026-02-03,67.25,70.84,67.25,70.84,7672143
2026-02-04,70.65,72.89,70.65,71.23,2084226
2026-02-05,70.94,72.2,69.09,69.09,1908628
2026-02-06,68.71,70.94,68.22,69.48,2873270
2026-02-09,70.46,70.75,67.44,69.29,1313501
2026-02-10,68.51,69.48,66.76,69.0,2073054
2026-02-11,69.09,69.29,67.93,69.29,1318542
2026-02-12,69.39,72.69,69.39,72.4,4715962
2026-02-13,71.43,72.89,71.43,72.89,1370078
2026-02-23,73.37,73.37,71.91,73.37,1303737
2026-02-24,73.57,78.13,73.18,77.55,5163857
2026-02-25,77.74,78.13,76.87,77.74,2203826
2026-02-26,77.94,81.53,77.26,79.1,3049371
2026-02-27,80.27,82.7,78.52,82.02,4409491
2026-03-02,82.21,86.98,78.72,78.72,4975834
2026-03-03,78.72,80.47,77.74,79.2,4685411
2026-03-04,79.69,79.69,73.95,76.77,3975342
2026-03-05,77.06,78.04,74.93,75.12,2757655
2026-03-06,74.83,76.77,73.76,75.8,2313650
2026-03-09,70.94,71.91,70.55,70.55,1547726
2026-03-10,71.43,71.72,68.22,69.48,3034904
2026-03-11,68.71,74.34,68.71,74.34,4178803
