time,open,high,low,close,volume
2013-01-02,101.89718362413191,102.17656707763672,100.593390227178,102.17656707763672,4449000
2013-01-03,102.20760976171385,102.26969629260324,100.94263370045167,101.61780548095703,4584600
2013-01-04,101.61004867005855,104.48925117406984,101.13666102225069,104.38835906982422,5234600
2013-01-07,104.08567222126511,104.38833662713519,103.12336069582884,104.19432067871094,3556900
2013-01-08,103.7674921016503,103.9537398280697,102.98366011365735,103.25528717041016,2760200
2013-01-09,103.52691657328396,104.32626142016301,103.42603632157937,104.24090576171875,3666500
2013-01-10,104.82294238513224,107.21320845091108,104.09344052376865,106.60787963867188,5960700
2013-01-11,106.3362709924409,106.45267583207335,105.64557464643455,106.42163848876953,3211700
2013-01-14,106.46821764709713,106.56910975229538,105.28084072359611,105.64559173583984,2855800
2013-01-15,105.19547937349084,106.52254220485669,104.86176569003001,105.22651672363281,4322800
2013-01-16,107.82631003766136,109.8751180676419,107.01919702602993,109.49484252929688,10650800
2013-01-17,109.33963064798291,110.16225639889848,108.35402628519063,109.43275451660156,6596000
2013-01-18,109.69661877755007,112.38179279405013,109.61125128906056,112.10240936279297,7349000
2013-01-22,111.76098950076522,113.522658366388,111.24102796211331,113.26655578613281,5158400
2013-01-23,113.13459456370421,113.25876762992064,112.38181163223577,112.96385955810547,3948700
2013-01-24,112.52930548407969,113.87966141293649,111.79980326418462,112.4982681274414,4638200
2013-01-25,111.89287495357581,112.73879351010876,111.20994685007177,112.11018371582031,4639400
2013-01-28,112.08690296188712,112.72328104150158,111.51262325684465,111.8696060180664,3045600
2013-01-29,111.83080504201806,114.46941738398185,111.62902086313507,114.15899658203125,4519800
2013-01-30,113.9339560186359,114.4073555409225,113.23550314264449,114.19781494140625,4083100
2013-01-31,113.50712546648336,114.8574811976653,113.50712546648336,114.74883270263672,3680900
2013-02-01,115.25328725332972,116.7200480816977,114.67123911759958,116.33201599121094,4563800
2013-02-04,115.05151652571698,115.59475909204843,113.78652810270246,114.48499298095703,4679400
2013-02-05,115.12907733498491,116.99162584555955,114.99713605918909,116.75880432128906,4219200
2013-02-06,116.21557427452089,117.29430267057582,115.76545577117335,117.27877807617188,3940600
2013-02-07,116.99943652556715,118.34979251965918,115.63356777330634,116.61140441894531,4890800
2013-02-08,117.01492799360575,117.93844604056628,116.6812261604603,117.65130615234375,3612300
2013-02-11,117.5116319679476,118.63692261513391,117.15464909097496,118.14801025390625,3751400
2013-02-12,118.33421710335121,119.76218364227506,117.79873113147914,119.59920501708984,4309000
2013-02-13,119.59923033341882,120.17352198921276,118.95509575567357,119.91741943359375,4369100
2013-02-14,119.38969427201886,121.62476259395055,119.21895922843808,121.01166534423828,5035800
2013-02-15,121.37635289329285,121.48500133310073,119.57589134193493,120.28211212158203,4254400
2013-02-19,120.82543806476161,123.39420869061408,120.48396791960903,123.1225814819336,5103400
2013-02-20,122.78882916609476,123.00612610714231,119.94843249723652,120.4295883178711,5029700
2013-02-21,119.29653246531791,119.47502382987271,116.25436368368906,117.09251403808594,8318000
2013-02-22,118.24890874584446,119.6147894365088,118.00057433777884,119.583740234375,4772700
2013-02-25,120.43739123203362,120.82542328737658,114.54706747395925,114.58586120605469,6294200
2013-02-26,115.3333763746219,116.38462721118374,114.24320000354626,115.24771881103516,5686600
2013-02-27,115.14651508624901,118.40149150196606,115.06085749946607,118.09000396728516,4695000
2013-02-28,117.85641463654854,118.67404127481112,116.61827087402344,116.61827087402344,4956000
2013-03-01,115.34117013618776,118.12892070259072,114.6403440994747,117.21784210205078,4538400
2013-03-04,116.81292874853307,118.72853837129581,116.57932796212752,118.5027084350586,3209200
2013-03-05,119.49163268317402,120.6674784691008,118.98548192742513,119.11007690429688,4589300
2013-03-06,119.96664155247556,120.73755961047581,118.98548283668248,120.02115631103516,3593200
2013-03-07,120.46505465456096,122.40402462056893,120.30931681502629,121.96015930175781,3886300
2013-03-08,121.39168629273091,121.6564417546046,118.37032291218866,119.12566375732422,6615000
2013-03-11,118.71295449765778,120.1691333177126,118.64287426558934,119.3748550415039,3586400
2013-03-12,119.37483368062718,119.76418407627042,117.16332628506098,118.24571990966797,3432200
2013-03-13,118.38589788711363,119.04000379700996,117.25678394888078,118.2924575805664,3356400
2013-03-14,118.5727520641949,120.18465624139492,118.48709451686346,119.93547821044922,3886600
2013-03-15,117.85634747799351,121.18918529098441,117.81741006930322,120.57400512695312,7301200
2013-03-18,118.77524872219433,119.22689667534569,117.49817970646849,118.32360076904297,3788100
2013-03-19,118.83753813529404,119.21131121928637,115.10756626233673,115.9018325805664,4726900
2013-03-20,116.82075261347738,117.95764966543129,116.22114938682294,116.90641021728516,2883800
2013-03-21,116.25223828665868,116.97643621605998,113.19973254807194,113.20752716064453,4704000
2013-03-22,114.08745489167853,115.01411078510012,113.38662889401489,114.15754699707031,3456800
2013-03-25,115.23993944255993,115.7616675697979,112.66242972926437,113.7759780883789,3775400
2013-03-26,115.47355115908982,115.51248858047148,112.81039550863616,114.11082458496094,3860400
2013-03-27,113.59688378646302,115.73831112370311,113.58130644249594,115.12313079833984,3964800
2013-03-28,115.3411945379575,116.07317541855782,114.57028811088543,114.58585357666016,3701300
2013-04-01,114.21208971010905,115.29448377139936,112.60018460049186,113.72150421142578,2581100
2013-04-02,113.12192711364284,114.85064473527635,112.73257651205039,114.21988677978516,3374100
2013-04-03,114.28214878106711,114.36780636207513,110.71569695314903,111.67350769042969,4373300
2013-04-04,111.75915369235727,112.87269024805711,110.76241751591529,111.34644317626953,3423800
2013-04-05,109.49311779677285,111.97717520074653,109.2828652579643,111.89151763916016,3864300
2013-04-08,112.00056532517642,112.2263833852049,110.45094607052062,111.99278259277344,2908700
2013-04-09,112.38215105448204,114.91292968801231,112.1874757749797,114.09529113769531,3262800
2013-04-10,114.70267680934047,116.60270943427044,114.65595664348746,116.38467407226562,3127600
2013-04-11,116.38465604781351,117.26458009318935,115.4190625355933,116.08096313476562,2951800
2013-04-12,115.55919986231622,116.49365037561121,114.47680617038031,116.11986541748047,3131400
2013-04-15,115.83178127392651,117.93427173408824,113.32436294049283,114.0485610961914,5554900
2013-04-16,115.34896372786454,115.58256448334504,110.68454123690937,112.21080017089844,8274400
2013-04-17,111.34646176096966,111.8214698526221,107.49967686824908,109.48536682128906,6361500
2013-04-18,109.08821242988947,109.71895829361583,107.00908233455557,107.9279556274414,4819700
2013-04-19,108.480823514438,108.89353405242785,107.34392682255269,108.02139282226562,3962600
2013-04-22,108.24719549688972,108.90131320869907,106.90782915094555,108.64434051513672,3187100
2013-04-23,109.36077308590527,111.65793871715357,108.95584522877263,111.30752563476562,3698200
2013-04-24,111.56447375854474,112.48333505530381,111.31528378394648,112.07840728759766,2785200
2013-04-25,112.21855026203652,113.72923141225075,111.93821755496553,112.72470092773438,2637400
2013-04-26,112.5222903155343,113.23091105087045,111.40875363032085,112.21859741210938,2235200
2013-04-29,112.55345673255586,113.61249075056934,112.06288309769266,112.99732208251953,2715300
2013-04-30,113.05959712381997,114.1108363170091,112.56901170444466,113.74485778808594,2586300
2013-05-01,113.55793158197635,113.55793158197635,110.88698183590958,111.0505142211914,3509000
2013-05-02,111.10505825831986,111.8759765625,109.32183811164448,111.8759765625,4331900
2013-05-03,113.15300977320834,114.34442103007639,112.95833457591577,113.1997299194336,4018800
2013-05-06,113.62806223121419,116.44695638975327,113.41002687541756,115.59817504882812,3740400
2013-05-07,116.34573026935624,116.75844088784075,114.89734579704074,116.27565002441406,3137600
2013-05-08,116.12771275531068,117.57609745008314,115.55925232915331,117.00763702392578,3519200
2013-05-09,116.88300384256556,117.47481221865299,115.44240249870644,115.66822052001953,2819500
2013-05-10,115.69158335054964,116.16657943094225,114.8583677926786,116.10429382324219,2632400
2013-05-13,114.99073957633537,117.06208644553335,114.51573163839193,116.51699829101562,2975200
2013-05-14,116.41579275736838,120.65192785314314,116.41579275736838,120.32487487792969,5825300
2013-05-15,119.95109403326433,121.69538851039049,119.75641878777394,121.17366027832031,4177800
2013-05-16,120.48843062510436,122.63765349302,119.88883926972642,120.28597259521484,3233800
2013-05-17,121.01790341469442,123.5798240141036,120.69863321064307,123.17489624023438,4177000
2013-05-20,122.70771646578694,124.97373943910404,122.66099630254914,123.735595703125,4010100
2013-05-21,123.55647671966388,125.94709430875686,123.447459063349,125.16059875488281,4077900
2013-05-22,125.06715478575046,128.0729408013992,123.44745545214374,124.07820129394531,6176200
2013-05-23,121.75765628679463,123.7277683395778,120.40271263146838,122.5752944946289,5619800
2013-05-24,121.14248010654461,123.75112046238534,120.92443296737027,123.59538269042969,3317100
2013-05-28,125.70449501678357,127.07933483303718,124.91552626898229,125.53263854980469,4471200
2013-05-29,124.78278548486102,128.21208517986207,124.52500067029953,127.22781372070312,4969100
2013-05-30,127.06374614836413,129.24318172369604,125.7670150578757,128.3839111328125,4336200
2013-05-31,128.07147894388413,129.540066990516,126.60290281683578,126.61071014404297,4404800
2013-06-03,126.20447659790123,127.90741522453705,124.82181711438047,127.76679992675781,4557300
2013-06-04,127.68870427706852,129.4697521048184,125.37646026372565,126.29822540283203,3977300
2013-06-05,126.10294149485443,127.24344294795591,123.07204186803264,123.65791320800781,4138300
2013-06-06,123.65793603723137,124.82185968566112,122.1268534081509,124.73593139648438,3243900
2013-06-07,125.74356951117639,129.80560698872287,125.44672432241973,129.6806182861328,5690300
2013-06-10,130.21965231869038,131.39139486250508,129.11821146680498,130.83677673339844,3914200
2013-06-11,129.16515631767055,129.98536697629945,127.47784334298318,127.57157897949219,3858100
2013-06-12,128.8761025292497,128.8761025292497,125.8217681893054,126.43888092041016,3243300
2013-06-13,125.92326657822467,129.9774978024391,125.82172366018378,129.53224182128906,3768500
2013-06-14,129.46975040809886,129.75877643613563,127.25906126499862,127.2668685913086,2970600
2013-06-17,128.1730840339457,129.41512896297954,127.25130652010749,128.19651794433594,2628300
2013-06-18,128.22775268554688,128.79019034558013,127.36848153575376,128.22775268554688,2060700
2013-06-19,128.23550823112097,128.83699416129815,126.16542256309751,126.20448303222656,3557100
2013-06-20,124.32189765682266,124.97808263802273,120.95509215302123,121.40036010742188,6488600
2013-06-21,122.64234991089066,122.84544760058672,118.97089341212354,120.49415588378906,5390200
2013-06-24,118.72874954860923,119.20525857600174,116.16654059070247,117.78353881835938,4013200
2013-06-25,119.08814220173481,120.54110397028153,118.38510118323211,119.56465148925781,3274600
2013-06-26,120.6738785060068,120.7363728839713,117.76014816096684,118.47100830078125,3580400
2013-06-27,119.54121380949847,121.07229649602691,119.21312721658214,119.91616821289062,2654900
2013-06-28,119.27557044810007,119.33806480846006,117.95540539449897,118.15069580078125,3011300
2013-07-01,119.34591662101877,120.37705607195515,118.50226032104852,118.54132080078125,2496100
2013-07-02,118.08043511150416,119.66619280750825,117.0961634935812,117.89295196533203,3091600
2013-07-03,116.87739285746606,118.28348609828029,116.6118007785289,117.5101318359375,1267700
2013-07-05,118.97089126609977,119.7442334733767,118.34595972193637,119.70518493652344,2243700
2013-07-08,120.75202604480825,120.92388264215302,119.42405299953303,120.15052795410156,2699100
2013-07-09,121.07227214628298,122.98611617984697,119.65055194332604,122.59553527832031,3127100
2013-07-10,122.30650332849294,123.12671364648622,120.82228882250261,121.72843933105469,2430100
2013-07-11,123.81415700829834,124.78280202294673,121.94718060653388,123.1970443725586,2965700
2013-07-12,123.90789524175798,125.20462684053041,123.8532201076136,125.07183074951172,2844600
2013-07-15,127.17316148122572,127.63404414796646,125.89205642410502,127.32939147949219,4129900
2013-07-16,128.04804785104233,128.34489316559544,124.54062688555676,125.17337799072266,5972700
2013-07-17,124.86091457139383,126.54041979921443,124.59532238750636,126.15764617919922,3715000
2013-07-18,126.22008655627594,128.56357124112418,126.15759220099712,128.15736389160156,3462700
2013-07-19,127.91522977261192,128.77451241983314,127.00127200397574,128.39173889160156,3329700
2013-07-22,128.07151942903778,129.93068897624156,128.01684428213682,129.86819458007812,2741100
2013-07-23,130.06349027603213,130.77435065115475,129.2667015927124,129.87600708007812,2545400
2013-07-24,130.25870425471896,130.36806640819458,128.4542227625811,128.92291259765625,2548100
2013-07-25,128.32922658255538,129.67282548695042,127.8683440996564,129.60252380371094,2236200
2013-07-26,128.9307350643452,129.39942491113192,128.32142991981576,129.0947723388672,2372200
2013-07-29,128.60268266785937,128.75891265818,126.5638497072767,127.4621810913086,2823600
2013-07-30,127.71218943983278,128.1183851288009,126.80603858982008,126.88414764404297,2553300
2013-07-31,126.96225967842214,129.64945888189533,126.88413871011265,128.13400268554688,3700300
2013-08-01,129.46974376561462,131.15704396982582,128.7979442303776,130.83677673339844,3251900
2013-08-02,130.32124183284284,131.1570788716705,130.0322157427227,130.9383544921875,1866700
2013-08-05,130.6727382926681,132.5553409954496,130.01656527480003,131.4851531982422,2618400
2013-08-06,131.28990892004313,131.45394627239483,128.4777208267184,128.71987915039062,3598500
2013-08-07,128.11051135008404,128.29017519315335,126.58724850758155,127.68087005615234,2131000
2013-08-08,128.69639802051785,130.00874403614088,127.19656889427048,127.20437622070312,2818400
2013-08-09,126.86069304245966,128.18867786308775,126.56385961349238,126.64978790283203,2012000
2013-08-12,126.33727149511326,126.84503372409665,125.41550646091659,126.3060302734375,1982000
2013-08-13,126.54036569858913,128.54013738984708,125.7279509992784,127.88396453857422,2309600
2013-08-14,127.99337851896057,128.73547991938042,127.27469910173713,127.59497833251953,1667400
2013-08-15,126.4779126533969,126.52478045528439,125.04057777079161,125.57176208496094,2206900
2013-08-16,125.20463475116297,126.77476595902985,125.00934426622298,125.50148010253906,2024300
2013-08-19,125.11867906968202,125.60299555203802,123.83757424572202,123.91569519042969,2228400
2013-08-20,123.98600831098844,125.00932841518457,123.25171427358805,124.64218139648438,2288700
2013-08-21,124.03286360217304,124.38438401111509,122.25962306515895,122.72832489013672,3053800
2013-08-22,123.27513791691734,124.72029196980522,122.79862875695382,124.5250015258789,2302700
2013-08-23,124.665629570686,124.82185957279741,123.4235849624604,123.93133544921875,1495800
2013-08-26,123.74388214318792,125.5327379777749,123.22831233389518,123.3454818725586,1885200
2013-08-27,121.64246884841795,122.27520775168117,119.463021604313,119.69737243652344,3672000
2013-08-28,119.9090239222938,120.81029611604566,118.69425690913788,119.88551330566406,2343200
2013-08-29,119.415277261526,121.22566649676071,119.19583686686752,120.40277099609375,2133000
2013-08-30,120.51248693014124,120.67706124101076,118.60021045124836,119.22718811035156,2234000
2013-09-03,121.06890497866453,122.29150467708403,120.31654145283836,121.28834533691406,2464800
2013-09-04,121.28841151736498,123.23987715225192,120.9670956479911,122.05646514892578,2194200
2013-09-05,122.25236127312382,123.86682089801302,121.92320064695664,122.39342498779297,2443900
2013-09-06,123.02823448259439,123.60035809862968,120.23819609352275,122.77745056152344,2464000
2013-09-09,123.36520913446275,125.15992036048308,123.16927938688573,124.99534606933594,2150400
2013-09-10,127.73053425271586,129.72902032883277,127.40137366914196,129.42337036132812,5265900
2013-09-11,129.25876944112534,129.93276826213528,128.3574973710017,129.36065673828125,2233100
2013-09-12,129.18822611096607,129.55657496635044,127.80105220904815,128.02049255371094,2690000
2013-09-13,128.82775484127697,129.09421647629108,127.71487510803712,128.52993774414062,2231500
2013-09-16,130.34033852763065,132.11155157706582,129.46257684843826,130.9046173095703,3553100
2013-09-17,131.02999880912176,131.33564878109962,129.8309095376237,131.2102508544922,2653700
2013-09-18,130.48928316557684,132.51911358919736,129.81528398739826,131.71188354492188,3422400
2013-09-19,132.98930760481974,133.23225863365718,130.7870586548991,131.49240112304688,3534700
2013-09-20,131.6648075064433,133.03631591796875,128.55344175332291,133.03631591796875,20410100
2013-09-23,131.80581164711722,132.02526389571884,129.0941515098271,129.509521484375,4816200
2013-09-24,129.72120361034732,130.4108683653399,127.72271728515625,127.72271728515625,3422600
2013-09-25,127.94999043221308,128.28699590180315,126.30418731123328,127.20545959472656,3614600
2013-09-26,127.66785036984749,128.4750801731829,126.21013220835336,127.18978118896484,2711400
2013-09-27,125.93582514673166,126.13958780934,124.94833141895737,125.27750396728516,3679100
2013-09-30,123.60817609876116,124.72105577393498,122.70690392675408,123.99220275878906,2803600
2013-10-01,124.50163080510112,125.6380212370851,123.48279346798915,124.6113510131836,2465300
2013-10-02,123.58466554732654,125.06589415305976,123.4514347367013,124.35270690917969,2431000
2013-10-03,124.3213803008054,124.73675051937538,121.83699187627344,122.92636108398438,2949500
2013-10-04,123.10654736476587,123.23977812229859,122.33066146767592,122.69117736816406,2984500
2013-10-07,121.60968434124374,122.41691401128459,120.86515363064146,120.88866424560547,2618000
2013-10-08,121.17866757191494,122.14265086727782,119.90904620357247,119.94823455810547,2917200
2013-10-09,120.34792091928021,121.72727439321977,119.77580923989728,121.03759765625,3227500
2013-10-10,122.91065128699765,124.01569793880861,122.26016308682387,123.83543395996094,3639000
2013-10-11,124.21169147083637,125.77913026401875,123.4514826994542,125.39510345458984,3124900
2013-10-14,124.00003915724604,125.3323592591476,123.43576043855286,124.97185516357422,2428100
2013-10-15,125.24617624069954,125.42642832671439,123.44361950472945,123.53767395019531,3038000
2013-10-16,124.28214687908222,127.3543235884609,123.43572901650826,127.15839385986328,3649300
2013-10-17,122.63640037337703,124.76811795917651,122.25238554590678,124.07845306396484,7522100
2013-10-18,124.48599948880057,125.1599987207878,122.79316253981726,124.36844635009766,4982100
2013-10-21,124.35270979824183,125.90447028825118,124.02354920694316,125.21480560302734,2695400
2013-10-22,125.89665839013102,125.95152447712967,124.00789214934193,124.80728912353516,3239400
2013-10-23,123.84330362587099,123.89032486156799,122.69906840328801,123.62386322021484,2735800
2013-10-24,124.96398129913787,125.66933551300562,124.47807938811479,125.36368560791016,2591000
2013-10-25,125.39508770344347,127.15062323639036,125.32455583667607,127.0330581665039,3721000
2013-10-28,126.96251923415527,127.1114278058934,125.59101053872459,126.5314712524414,3341500
2013-10-29,127.01736255191211,127.8324251687233,126.18661024580626,127.0487060546875,3702100
2013-10-30,127.40140150348047,127.7227292714356,126.2963544723803,127.001708984375,2344200
2013-10-31,127.03301709716945,128.02051074708956,126.06904602050781,126.06904602050781,2785000
2013-11-01,126.20231198755712,127.43275697082615,125.95936092935926,127.001708984375,2738400
2013-11-04,127.29162572456428,127.93428097996751,126.64113758504702,127.87158203125,1711000
2013-11-05,126.70387654505979,127.45625220865784,126.00636696339113,126.9233169555664,2529400
2013-11-06,127.37787652919843,128.76506281706546,127.2211350859526,128.1537628173828,3593700
2013-11-07,128.5612899306913,128.6945327158025,125.08941967897445,125.11293029785156,3490300
2013-11-08,125.7007247293495,128.28700053702804,125.30103223379979,127.87946319580078,3856000
2013-11-11,127.35434510419545,129.1177129594843,127.08788349835,128.40452575683594,2289000
2013-11-12,127.82460521328137,128.8277648240374,127.06439663907638,127.66001892089844,2239600
2013-11-13,126.79011668413439,128.3027012624005,126.33555802180705,127.69923400878906,3398300
2013-11-14,128.1772299856327,128.490712765858,127.28379090752881,127.90292358398438,3648200
2013-11-15,127.8872457638923,129.64278042423462,127.8872457638923,128.8433837890625,2667200
2013-11-18,129.10991732226083,131.39053131785167,128.68670221807614,129.8466033935547,3555000
2013-11-19,129.99545773602938,131.66478291763056,129.80737284250952,130.5675811767578,2691900
2013-11-20,130.6929856444469,131.07701228748667,129.20392421954028,129.3136444091797,2793100
2013-11-21,129.5095541414363,131.1318580786773,129.3214572917469,130.93592834472656,3158500
2013-11-22,130.70089208433848,131.8529605977929,129.72907569053876,131.7432403564453,2680500
2013-11-25,132.0567263594327,133.62416524797197,132.0567263594327,132.82476806640625,3101700
2013-11-26,132.73063592375698,133.77298351574711,131.66477772100478,131.6961212158203,2953400
2013-11-27,132.1364885432121,132.73406666651925,131.20865693300246,132.27015686035156,2285300
2013-11-29,132.01064840337736,133.96852106330678,131.85339230169095,132.8362579345703,2018700
2013-12-02,133.57539466013117,134.91208971991242,132.63183391405192,133.4495849609375,3121100
2013-12-03,132.95419828591727,134.26730534428745,132.02637887856304,132.13645935058594,3288200
2013-12-04,131.55460631160253,133.61468897975996,131.55460631160253,132.64755249023438,2328200
2013-12-05,131.6332657000618,132.06572909092347,130.013504634175,130.17861938476562,3564100
2013-12-06,131.76687648531492,132.0656714245097,129.55739685062352,131.4759521484375,2708500
2013-12-09,132.09712441851292,132.98563867802724,131.18502234661057,131.837646484375,2589500
2013-12-10,131.994983756676,135.3996334140341,131.7197884435861,133.45748901367188,4235400
2013-12-11,133.28452539233774,133.53614491751478,131.41315616482086,131.78271484375,2977100
2013-12-12,130.98844483855956,132.85196593961507,130.93341061079548,132.35659790039062,2911900
2013-12-13,132.56106471198964,133.1114671247648,131.78264272744792,132.40380859375,2490600
2013-12-16,133.12718303320165,134.84130694498623,132.95419772106177,134.4167022705078,2980000
2013-12-17,134.6683151031937,134.6683151031937,133.44170076594693,134.0550079345703,2856700
2013-12-18,134.45602703853288,137.53829241744933,133.66187587642818,137.4753875732422,4509600
2013-12-19,137.2945699261747,138.23026016632627,136.81493089541945,137.42037963867188,3094400
2013-12-20,137.33391959347435,138.22242240415395,136.618390181236,137.72706604003906,3754300
2013-12-23,138.29317024338712,138.93006543987048,137.9943751643949,138.757080078125,1585300
2013-12-24,138.91434117203363,138.92219978043826,137.9472044317473,138.51333618164062,781300
2013-12-26,138.859329917038,138.9851276617251,137.74278344912443,138.7413787841797,1320100
2013-12-27,138.69413563038242,138.7413112614153,138.04938200981397,138.66268920898438,1716900
2013-12-30,138.78068075578634,139.26817845793107,137.80567335362076,138.17523193359375,1241000
2013-12-31,138.56049576262217,139.51977378328178,138.56049576262217,139.37823486328125,1663900
2014-01-02,139.13450169581697,140.25890658323667,138.67059184619555,139.0873260498047,1982100
2014-01-03,138.66274645803585,140.62847854846518,138.56052455001304,140.07806396484375,2147400
2014-01-06,140.86432239771813,142.42119047157533,140.65203202227056,141.0373077392578,2954000
2014-01-07,142.10668179200144,142.30325497458236,139.58268884647222,140.18812561035156,2734700
2014-01-08,140.35325169373925,140.66776398521952,139.3782443935506,140.3060760498047,2208600
2014-01-09,140.80932046938247,140.80932046938247,138.86717623278665,139.48834228515625,2149500
2014-01-10,139.48827453651325,140.51832771466653,139.17376235857992,140.26670837402344,2506500
2014-01-13,140.19596311504745,140.19596311504745,138.143739093532,138.2931365966797,2823800
2014-01-14,138.5919500637268,139.56695735263648,138.1594986674128,138.8592987060547,2208800
2014-01-15,139.1738077230387,141.3282540375341,139.1738077230387,140.54981994628906,3540200
2014-01-16,140.549838736105,140.58128516920425,137.2080943186032,137.7349090576172,4712200
2014-01-17,137.60911644713823,139.39400469391992,137.208111386391,138.6077117919922,3451000
2014-01-21,137.67984578001116,138.06512149417978,134.72337778105208,136.18588256835938,5141200
2014-01-22,136.38251047217284,137.31820100709646,135.8556956327365,136.5633544921875,2476900
2014-01-23,135.5725984577373,135.5725984577373,132.8992078291446,134.25949096679688,3977700
2014-01-24,132.5139328459334,133.63833785859208,131.48389113368512,131.8141326904297,4156200
2014-01-27,131.37379177144135,131.7826673535689,128.5038160862985,129.4945526123047,5589600
2014-01-28,129.76189798522546,130.95706638369316,129.41592723846827,130.72117614746094,3170400
2014-01-29,128.9284288222496,130.60323629239835,128.65322154855002,128.87338256835938,3473700
2014-01-30,129.99778346374285,130.6582665027198,129.40020528531733,130.39878845214844,2829400
2014-01-31,128.7946878557867,130.50879940019507,128.40154168528542,129.04629516601562,3415500
2014-02-03,129.85628296114626,130.14721952703852,125.62603481846018,125.66535186767578,5079700
2014-02-04,126.51446178041384,127.82758084809888,125.68886423198319,127.190673828125,3346600
2014-02-05,126.27068455502882,127.89044486287526,126.05839426076321,126.13701629638672,3212900
2014-02-06,126.71893624909843,127.37941924718653,125.88546789467185,127.18284606933594,3798000
2014-02-07,127.99275561078768,128.08710691822006,126.01916477710394,127.32440185546875,4879900
2014-02-10,126.60884597267224,127.19856546068586,126.02698509193095,126.5931167602539,4321700
2014-02-11,126.75820190720353,129.7067983798512,126.05053155504623,129.25860595703125,4996300
2014-02-12,129.345130477112,129.91912070584314,128.34653553286915,128.558837890625,3046600
2014-02-13,127.81187838987083,129.26651265889188,127.45804908107512,128.99917602539062,3119600
2014-02-14,128.42521881224744,129.34518005128638,128.11069445838115,128.73187255859375,3287900
2014-02-18,128.9834347573679,130.2021907052019,128.73182736049222,129.46307373046875,3399900
2014-02-19,128.88121454290206,130.66608999006615,128.14995623368353,128.3701171875,3669700
2014-02-20,128.55095697691561,129.71466644357685,127.90619140890169,129.34510803222656,2631900
2014-02-21,129.1878519417919,130.24933955062883,129.06990087556292,129.34510803222656,2594500
2014-02-24,129.01489976869024,131.63325573936748,129.01489976869024,130.9491729736328,3242900
2014-02-25,130.61104387478082,130.76044136511638,128.29148346648762,128.5430908203125,3682300
2014-02-26,128.8035370829689,129.30846289389197,126.8390659309371,128.4406280517578,3978300
2014-02-27,128.33007712933298,130.79947219155937,128.07760839900973,130.47601318359375,3806600
2014-02-28,130.02636350449262,132.40110186827474,129.83702391396642,131.3202362060547,4291500
2014-03-03,129.5608593583815,130.42080858006494,129.11905102571382,129.9711151123047,3122900
2014-03-04,131.47009214102624,133.1426554776562,131.12295362850924,133.11898803710938,3400500
2014-03-05,133.17420651400187,136.4088807888223,132.7402834175925,135.61993408203125,4451200
2014-03-06,136.25904112091388,137.27677744995057,136.08547181853928,136.17225646972656,3403500
2014-03-07,137.26098363984488,138.53118867987538,136.5746036623788,137.4818878173828,4088900
2014-03-10,136.96122740398795,137.66338987236003,136.0697132894653,136.8902130126953,2179100
2014-03-11,137.24515226814898,137.24515226814898,134.00258134483502,134.0341339111328,3832300
2014-03-12,133.43464002114914,134.113135075529,132.39322396812858,133.90011596679688,2550000
2014-03-13,134.49965900085195,135.09926632649533,131.4148858889125,131.51744079589844,3421400
2014-03-14,131.67523540790557,132.06970886573438,130.1999085279057,130.45237731933594,2762100
2014-03-17,131.2650512008063,133.17430215783207,131.22560142946023,131.62796020507812,3198000
2014-03-18,131.96714454227907,133.33201923829327,131.76201065427637,132.61407470703125,1941300
2014-03-19,132.92967277223596,134.24721270274026,131.59635053236264,132.68508911132812,3534100
2014-03-20,132.44838370649367,134.47597058583813,131.9671257094056,133.5055694580078,3950500
2014-03-21,133.87642565252946,134.1209973097187,131.68315383606418,131.71470642089844,4779100
2014-03-24,131.85669594442982,132.5272935695974,130.2551347406412,130.74427795410156,2723000
2014-03-25,131.4306421187317,132.08546939535867,128.4405390983091,128.79556274414062,4437500
2014-03-26,129.97113562025882,130.17625751039918,127.58851226356559,127.59639739990234,2590300
2014-03-27,127.65158603010111,128.84289128386362,126.83897184402934,128.0381622314453,3890200
2014-03-28,127.97512496367892,129.5372369800253,127.24928297792364,128.04612731933594,2630500
2014-03-31,128.77189582801486,129.4977254290893,127.98294903923319,129.26893615722656,2494300
2014-04-01,129.98690294448556,131.19399088731376,129.5608768628186,130.90208435058594,3325500
2014-04-02,130.88629755058764,132.1801701002771,130.7521780102487,131.9671630859375,2407600
2014-04-03,131.9986947027785,132.28271604849616,130.17622941707916,131.0361785888672,2337300
2014-04-04,131.76201019082478,131.78567763345356,128.48000041643627,128.78768920898438,3262500
2014-04-07,128.5588659480256,128.7561026285345,125.00072056545886,125.09539031982422,4650800
2014-04-08,125.20586286976898,125.25319775469818,122.66545304599734,123.51751708984375,6839900
2014-04-09,123.95142679188916,125.44253569694055,123.4070515976308,124.77982330322266,4010000
2014-04-10,124.97709928478837,125.347905344165,122.9258322345506,123.05995178222656,4806600
2014-04-11,121.85286632357723,121.88443094625443,119.64381223284916,120.48799133300781,6460700
2014-04-14,122.12900756602153,122.38936154100305,121.04025676853088,122.08167266845703,3053700
2014-04-15,122.2867652657085,123.09149444658881,120.78777102296227,122.22364807128906,3639600
2014-04-16,123.34393860776684,124.09343565270922,122.38142255817847,124.03821563720703,3194200
2014-04-17,127.0441862825437,127.36765757373423,124.14086591637316,124.21186828613281,4525200
2014-04-21,124.25915546665446,124.86664804190343,123.25718938198754,124.49584197998047,4551700
2014-04-22,124.36958541153162,126.87054557109458,124.07767891884532,126.59442138671875,4547300
2014-04-23,126.43660026839675,126.97309031176148,125.66343583363629,126.58650207519531,2040600
2014-04-24,127.05201230673856,127.89619132681213,126.69698858474624,126.9021224975586,2934200
2014-04-25,126.61021303231738,126.8390144071385,124.58262547275727,124.84297943115234,3302100
2014-04-28,125.12697245987235,125.30842686061736,121.49781221473232,123.5017318725586,3897800
2014-04-29,123.88834825037041,124.95343153122515,123.58065939742643,124.84297943115234,2160500
2014-04-30,124.9534149552777,126.51552646004703,124.80351311684096,126.0895004272461,2745700
2014-05-01,126.07372872643717,127.0204626866126,125.99482921376611,126.52342224121094,2079500
2014-05-02,126.59447659349975,127.68321557423052,125.10336682481307,125.34793853759766,2561500
2014-05-05,123.47017436301024,123.78574826807775,121.90806306769227,123.35183715820312,3015700
2014-05-06,122.95737389055964,122.95737389055964,121.63982203047306,121.92384338378906,3073100
2014-05-07,122.61023684650968,123.32028421931767,121.26902956544237,122.697021484375,3260900
2014-05-08,122.88634928660022,124.82716371231207,122.44454100455143,124.18022155761719,2719600
2014-05-09,124.31438714905002,124.57472907068367,122.82326573125516,124.02246856689453,2637000
2014-05-12,124.58266052694015,126.19210758633822,124.58266052694015,125.87653350830078,2256100
2014-05-13,125.88439548782426,126.94158169697619,125.54515401826335,126.45243835449219,1901500
2014-05-14,126.38928706098537,126.9336623312786,125.66345738005236,125.79757690429688,2128700
2014-05-15,125.19800172137778,125.41102078274446,123.01261515425716,123.58065795898438,2769300
2014-05-16,122.76800977619898,123.84097788604018,122.16051738060476,123.4149398803711,2845600
2014-05-19,123.2729464192653,124.64571828440477,123.08359483975079,124.39324951171875,1618000
2014-05-20,124.24333885728662,124.58259224168837,122.76801219161813,123.35183715820312,2034900
2014-05-21,123.99082566683049,126.03419406162615,123.96715823664887,125.71862030029297,4226300
2014-05-22,125.40313772164959,126.46822110997681,125.16645118664606,126.11319732666016,1645100
2014-05-23,126.16048272600058,126.61017613152727,125.84489679035924,126.35771942138672,1210200
2014-05-27,127.11515262694124,128.93761849789,126.6891264907415,127.62797546386719,3248800
2014-05-28,127.38252162490085,127.93666601845928,126.48796648137248,127.60417938232422,1855200
2014-05-29,127.56460583694529,128.24541531500515,126.36131213816545,127.24795532226562,1779200
2014-05-30,126.99463392832446,127.16879534713681,125.99717386739856,126.51173400878906,2206300
2014-06-02,126.48795013095607,126.82043672411237,125.0075905682134,126.68585968017578,2162500
2014-06-03,126.54341975907947,128.1900172183064,126.0921800134416,128.0871124267578,2408600
2014-06-04,127.8021145820208,128.82332287780375,127.34296282688419,128.55416870117188,2098400
2014-06-05,128.81544929534576,129.3775060037752,127.89714551094379,128.70462036132812,1859600
2014-06-06,128.95788102120758,131.61778633229216,128.95788102120758,131.5623779296875,3478100
2014-06-09,131.44361700391093,132.09276620303953,131.12696651812834,131.41195678710938,2377500
2014-06-10,131.3011564749445,132.40944549574405,131.00032999239414,131.6969757080078,1684500
2014-06-11,130.69156974229185,131.5386285583311,130.37491924027182,130.96072387695312,2004100
2014-06-12,131.2220032008037,131.92656103518723,130.63619839794632,131.38034057617188,2309900
2014-06-13,131.54657848544855,132.25906043938966,130.95284956355388,131.32492065429688,1761100
2014-06-16,131.03198603847108,131.83153644145932,130.18492718667633,131.29322814941406,1756400
2014-06-17,131.12701977521832,133.58901635235665,130.9766065055768,133.16944885253906,2450000
2014-06-18,132.90819871561447,134.65772526607805,132.43321074297438,134.4677276611328,2873200
2014-06-19,134.57856820179035,134.70523328269462,133.73150906262103,134.3648223876953,2306900
2014-06-20,134.83182303334002,135.43346371232937,134.11934141090083,134.4518280029297,4688200
2014-06-23,134.72100046627105,135.06932325193944,133.95312242624632,134.7685089111328,1738500
2014-06-24,134.22229085607898,135.01392924263274,132.9556646058157,133.1773223876953,1608000
2014-06-25,132.8528115828815,133.8027756009193,132.52031270109276,133.29612731933594,1601200
2014-06-26,132.20359299492503,133.0823119704642,131.7048570122175,133.00314331054688,2131200
2014-06-27,132.40152047182758,132.71817099543884,131.704874824551,132.02944946289062,3111200
2014-06-30,132.10067080014127,132.92398134393065,131.70485167547668,132.55191040039062,1885200
2014-07-01,131.68901482623264,133.20895866788925,131.45943299172288,132.05316162109375,2947800
2014-07-02,132.2035815410801,132.8448065607545,131.8631829076986,132.1165008544922,1877600
2014-07-03,132.86076298517733,134.4994492878987,132.7736822197558,134.15113830566406,1801200
2014-07-07,133.76309623238356,133.76309623238356,132.12439949976326,132.821044921875,1774000
2014-07-08,131.99777177434666,132.02943199074073,129.61493280953798,130.549072265625,2422200
2014-07-09,130.81035536191015,130.88159993071542,129.53581684235235,130.35911560058594,1943800
2014-07-10,128.41955860525982,129.6545123495107,127.87332627697012,129.36952209472656,2204100
2014-07-11,129.0528751909184,130.73114447133437,128.54622717723953,130.4619903564453,2293300
2014-07-14,132.34611767087088,132.77360922225589,131.77614906809885,132.20362854003906,3007700
2014-07-15,134.34104569344908,134.69728058839817,132.32236518281175,133.92147827148438,4802300
2014-07-16,133.94522308783382,135.36226267532288,133.78689781400192,134.9506072998047,3295100
2014-07-17,134.74475153018872,135.84512821192018,133.72353142560627,134.6893310546875,3815500
2014-07-18,134.90314402404414,135.9955971371281,134.3014909246458,135.74227905273438,2558600
2014-07-21,134.71306765788847,136.24093562678806,134.61807494169742,135.9401092529297,2227400
2014-07-22,136.46261142170388,138.83752627649474,136.46261142170388,138.5525360107422,3849500
2014-07-23,138.70292487036534,140.29411319516691,138.24377329616996,139.9774627685547,3436100
2014-07-24,139.9616864924599,140.3733418866943,139.01963476307952,139.53419494628906,2012800
2014-07-25,139.2571369364852,139.69254054457812,138.31508515155105,138.8533935546875,2114900
2014-07-28,138.53673370329648,139.6925311965767,138.27549155592263,139.28878784179688,2303400
2014-07-29,139.46296957780265,140.20711178845977,138.89298882408428,138.9642333984375,3055600
2014-07-30,139.29670404944636,140.499985770958,138.82171615765122,139.13836669921875,2345600
2014-07-31,138.09340297539632,138.75046429001452,136.78719238147707,136.85052490234375,3797600
2014-08-01,136.4626372124502,136.7634516035558,134.10354598030372,134.7764434814453,3140000
2014-08-04,135.02981144121145,136.07476818650883,134.6181559575744,135.91644287109375,2103900
2014-08-05,135.60768434533787,135.97975542556884,133.69983256448478,134.11940002441406,2746200
2014-08-06,133.11401201599568,135.25144567889163,133.01110722264278,134.3727264404297,1711700
2014-08-07,134.81603738134416,135.42560240142427,133.58108326857024,133.86607360839844,1920900
2014-08-08,134.06400138300512,136.54974609717507,133.5335928925117,136.36766052246094,2250900
2014-08-11,136.7555097223681,137.2779938742083,135.86095462113633,136.52593994140625,2098000
2014-08-12,135.987600751009,137.04048094244473,135.67095032206214,136.42300415039062,1362900
2014-08-13,136.47846010053743,136.8663672787012,135.58391689127896,136.4547119140625,1708200
2014-08-14,136.7951360696513,137.03263003702253,135.9164168459893,136.73971557617188,1431400
2014-08-15,136.8267683179745,138.22005953262928,135.71847946944686,136.08262634277344,2446000
2014-08-18,137.15134865226563,138.24381347664917,136.71594512954442,138.18048095703125,1877700
2014-08-19,138.46549410688726,138.61590735587248,137.45219778466011,137.71343994140625,1916100
2014-08-20,137.16717332007053,137.88755500160622,136.6367771020423,137.76881408691406,1755100
2014-08-21,137.9350899816415,139.2650367998048,137.30177679608764,138.6554718017578,2075200
2014-08-22,138.81386646368662,140.10422947555222,138.40221091121788,138.9088592529297,2682000
2014-08-25,139.89042447313855,142.38408055669305,139.69251487668365,140.8087158203125,3063500
2014-08-26,141.28366754113176,141.82197570764922,140.76118344108363,140.83242797851562,3110600
2014-08-27,141.63449241959805,141.63449241959805,140.56246153497997,141.19773864746094,2073700
2014-08-28,140.59419955680622,141.1500623579017,139.67304856247634,141.07064819335938,1961800
2014-08-29,141.60272836368952,142.53975267659231,141.22950352939026,142.2300567626953,2560600
2014-09-02,142.34920071503254,143.11153582932292,141.65040665358075,142.7541961669922,1986300
2014-09-03,143.31799572130515,144.5806136324546,142.48419509829117,142.61920166015625,2397700
2014-09-04,142.88121441757605,144.20736100992494,142.5794671761121,143.00033569335938,1678500
2014-09-05,142.6032715886689,142.8653238230982,141.25331544634656,142.73826599121094,2562800
2014-09-08,142.60334700981244,143.66742965161944,142.31747279532163,143.0242156982422,1746400
2014-09-09,141.29307630369675,141.85688812254716,140.25281556844612,140.87220764160156,2598500
2014-09-10,141.6106890420421,143.07975468188542,141.443924082984,142.83358764648438,2457800
2014-09-11,141.96008629348123,144.08031430382033,141.74567767401425,143.7309112548828,1905300
2014-09-12,143.43709440358958,145.69231674656714,143.43709440358958,145.45408630371094,3358600
2014-09-15,145.24766197189712,146.4308536703879,144.93001726462265,146.0973358154297,2308000
2014-09-16,146.0337858937462,146.55789049777255,145.16029033727378,146.14495849609375,2137600
2014-09-17,145.9702347111495,147.51871420674047,145.68436064143253,146.7643280029297,2820300
2014-09-18,147.56639408754748,149.6310298828253,147.30434178290778,149.2022247314453,3566600
2014-09-19,149.49602955405643,149.75014527590292,147.60609536966743,147.86019897460938,5442900
2014-09-22,147.70140025273477,148.45578670161217,146.98672090472587,147.13758850097656,1826100
2014-09-23,146.56588552666662,148.3843548364857,146.56588552666662,146.9788055419922,1977600
2014-09-24,147.1137313853559,149.3848388776844,146.4864029629312,149.138671875,2834200
2014-09-25,148.8607805979597,149.13076949397046,145.68440643245194,146.18467712402344,3074600
2014-09-26,146.70879848655096,147.38378292039675,145.4938361991543,147.0026092529297,1932500
2014-09-29,145.40644695735432,146.557879995638,144.68381903542516,145.9781951904297,1745400
2014-09-30,146.43876405103708,146.8993396684131,145.06497377067467,145.771728515625,2037700
2014-10-01,145.47001912785382,145.99412385012005,143.19891078160776,143.4927215576172,4196300
2014-10-02,143.41323859191186,145.66051171363927,143.40528990499428,145.22377014160156,2782600
2014-10-03,146.59758527167946,149.71836656467627,146.56582686663768,149.34515380859375,3271400
2014-10-06,150.13925045150762,150.4807048098963,148.6145804048061,148.8766326904297,1934800
2014-10-07,148.14605425797018,148.14605425797018,145.81141785733269,145.95436096191406,2927100
2014-10-08,146.1370254708491,148.49548412931415,144.64412581716613,148.20960998535156,3154500
2014-10-09,147.55843985546028,147.8363652724012,143.53238054360077,143.9453125,4892900
2014-10-10,144.18357496926998,145.27941585370036,142.98448592667523,143.2386016845703,4405600
2014-10-13,143.73084613171312,145.46991189930338,141.74561345033587,141.96002197265625,3436500
2014-10-14,142.52385650203738,144.35821001439686,141.16596379775385,141.9044647216797,3557200
2014-10-15,140.14953194916362,141.3089013905505,136.20288724867777,140.74510192871094,6330500
2014-10-16,136.59998724801932,139.99075826493493,135.99646834490204,137.044677734375,7797500
2014-10-17,139.60164893388745,140.9833639602296,139.04578587059427,140.48309326171875,4951000
2014-10-20,139.93516051482172,141.34864600552453,139.61752795482994,141.22158813476562,2307900
2014-10-21,142.31746508858558,143.22273136596667,141.6345440641116,143.0797882080078,2649500
2014-10-22,143.37356888635244,143.57209224063516,140.41954040527344,140.41954040527344,3088300
2014-10-23,141.98391315463337,143.8103305370852,141.91244765124856,142.98446655273438,3397000
2014-10-24,143.15122149845288,145.7082032316617,142.94474945835412,145.59703063964844,2900900
2014-10-27,145.20794739394805,146.24027143486208,144.77119351699525,146.041748046875,2383700
2014-10-28,146.24026051886116,147.95550537109375,145.47792543445607,147.95550537109375,3027700
2014-10-29,147.77284440917845,148.74163936921823,147.2169814280665,147.76490783691406,3379000
2014-10-30,147.28843046318775,148.57486992354967,147.04226346456562,148.4716339111328,2794800
2014-10-31,150.27431794428884,150.87782488172815,149.384924631803,150.86988830566406,3357000
2014-11-03,151.15568852374355,152.45005256895317,150.6792276212625,151.53684997558594,2298100
2014-11-04,151.25097935146525,151.64802607373676,149.94073001473097,151.0921630859375,2027300
2014-11-05,152.13244430711367,152.36272610599863,150.5680790386664,150.75071716308594,3141100
2014-11-06,151.17951043533327,152.02124752883472,150.70304953260592,151.67184448242188,1915400
2014-11-07,151.87039454981772,152.0530326773269,150.32191451896554,151.44158935546875,1981400
2014-11-10,151.28274155163373,152.36270914797157,151.28274155163373,152.30712890625,1553900
2014-11-11,152.31513515500566,153.00599290770506,151.2986960248853,152.3707275390625,1620100
2014-11-12,151.40184921197653,151.58448729962691,150.34570354529617,151.0206756591797,2322200
2014-11-13,151.54477761491444,151.82271514446262,150.2424649573894,151.06832885742188,1749600
2014-11-14,151.16360626560316,151.5447676699646,150.5759728413314,150.86184692382812,1691600
2014-11-17,150.49662016887044,151.82275500661112,150.25838966912337,150.8221893310547,1593400
2014-11-18,150.5759879080775,151.4018518365502,150.5521660752277,150.5918731689453,1810300
2014-11-19,150.64747483644317,150.86982003472247,149.44044939085234,150.2345428466797,2260100
2014-11-20,149.14663521836516,150.7665804991123,148.93222659754866,150.67922973632812,2850000
2014-11-21,152.08477641351308,152.19594900853048,150.37746827664822,150.5521697998047,2367900
2014-11-24,150.98900617276985,151.5845765682315,150.61578108892766,150.9334259033203,2028800
2014-11-25,151.27481655883201,151.27481655883201,149.44839902739153,149.97250366210938,3677900
2014-11-26,150.8142099918924,150.8142099918924,149.07514358885257,149.70248413085938,2024000
2014-11-28,150.0848604051128,150.95319503158584,149.86180531453005,150.09283447265625,1195200
2014-12-01,149.76632047916814,150.26022679521188,147.8464407939796,149.92564392089844,2469000
2014-12-02,150.80979650494922,152.10830534150944,150.41148210409918,151.51083374023438,3116100
2014-12-03,151.16028948628264,152.80931666081563,150.82570690498366,152.11624145507812,3049600
2014-12-04,151.98086371718787,153.22360288203114,151.32763432656702,152.9129180908203,3123400
2014-12-05,153.5263324651755,156.88013354297684,153.38293293303477,155.7011260986328,3625500
2014-12-08,155.7010788033494,157.78028022086974,154.9522458717045,156.6331329345703,2715000
2014-12-09,154.299026482878,157.11112503347834,153.66968295529207,156.84823608398438,4568400
2014-12-10,155.72499306783965,156.13128153188882,152.6340816164884,152.95272827148438,6506700
2014-12-11,153.7494063507754,155.2948686496628,153.3510918265506,154.17958068847656,3179500
2014-12-12,152.72170549120477,153.46256440605333,149.82197728033594,150.41944885253906,3838900
2014-12-15,151.55069969867733,152.0047718908781,147.70298031313234,147.80653381347656,4729100
2014-12-16,146.54787595699156,148.91385290010817,145.3051245082556,146.03005981445312,4181900
2014-12-17,146.6673105735507,148.57125268201898,146.28493220077593,147.40020751953125,5074800
2014-12-18,149.76624357059964,152.68190846383771,149.61488212422378,152.64207458496094,4209600
2014-12-19,153.15992322842,155.34269157840836,152.97670191884333,153.9724884033203,4798200
2014-12-22,154.48226448874098,154.94431067848404,153.55817210925483,154.89651489257812,3056400
2014-12-23,155.61347274914326,156.21891843957727,155.127528676575,155.74093627929688,2346100
2014-12-24,156.625224841211,156.7367524126125,155.35061360611368,156.05165100097656,694200
2014-12-26,156.21096814123507,156.5296270151072,155.66129221994964,155.7011260986328,1016300
2014-12-29,155.79675852190945,156.90407248184425,155.19928669844256,156.29066467285156,1219900
2014-12-30,155.74095148226058,156.53758039009824,155.00805434572104,155.9082489013672,1136200
2014-12-31,156.65705522659556,156.8004547375157,154.3627724521951,154.4105682373047,1566800
2015-01-02,155.58169547147617,155.92424021542394,153.51045455237622,154.87269592285156,1877700
2015-01-05,153.7971837474583,154.57787671796507,149.35199273029062,150.03709411621094,3413200
2015-01-06,150.00524795514949,150.29203489059606,146.52397084739098,147.001953125,3429200
2015-01-07,148.850112882862,149.75826933077536,147.9897522234295,149.19265747070312,1896800
2015-01-08,150.84167264295164,152.0127179863398,150.76200489833823,151.57456970214844,1962500
2015-01-09,151.74188403405685,152.4030875431965,148.93775878891685,149.24844360351562,1980700
2015-01-12,149.25637299886878,149.39179843669208,146.6673293894212,147.43209838867188,2084200
2015-01-13,148.63498604558518,150.86554886282892,146.07780254017442,147.32054138183594,2745300
2015-01-14,144.33327235828267,145.39279065102346,141.8796651236794,143.57647705078125,5204700
2015-01-15,143.53656954398005,144.66779312267195,141.40161022151617,142.19027709960938,3146000
2015-01-16,140.7881785929922,143.47282542229834,138.66118154585848,141.18649291992188,5124100
2015-01-20,141.45738815530555,142.06282169427647,138.79663860646943,139.91192626953125,3606600
2015-01-21,139.05157491764737,142.11062693212003,137.67341034411953,141.122802734375,3737000
2015-01-22,142.4452027642072,145.4564588456182,141.20246370274765,145.018310546875,6228200
2015-01-23,144.5323750300559,145.76715225222517,143.7277842196425,143.78355407714844,3123800
2015-01-26,142.3734862881249,144.18183689215212,141.84770841382084,143.72775268554688,2736500
2015-01-27,141.19453292665207,142.30980870067535,140.44569969741036,140.59706115722656,3335600
2015-01-28,141.58481435288607,141.77600961542015,137.79286614621262,137.85659790039062,3017300
2015-01-29,137.96020796869638,140.4456987790584,137.87259044579073,140.19874572753906,2421400
2015-01-30,138.7170199509465,139.9597593203304,137.27512331965895,137.34681701660156,3037400
2015-02-02,137.80884271780417,139.88804470742156,137.22729484796994,139.8004150390625,2975300
2015-02-03,140.21461758419852,143.77554895924865,140.1349620050109,143.58436584472656,3766900
2015-02-04,142.37352989049023,143.95882591011903,142.22216844193355,142.42132568359375,2980500
2015-02-05,142.94708917912894,144.66781048939316,142.77979176468986,144.00660705566406,2434400
2015-02-06,145.0262709079543,147.07360053862908,144.30133580542216,146.1256103515625,3250900
2015-02-09,144.7395003207908,145.74324831394296,144.3093139268743,145.16171264648438,2421900
2015-02-10,146.06191893332772,147.2170284487763,145.26529000466076,147.0258331298828,2556300
2015-02-11,146.6354906714402,149.9175979215834,146.38056358316874,149.48741149902344,4079600
2015-02-12,149.9654387581285,151.35953978244046,149.28829911265277,151.1842803955078,3086700
2015-02-13,151.2559294830712,152.41901305728842,150.0370882052396,150.5628662109375,2720400
2015-02-17,150.3876485100006,151.86141728548472,150.01323184067425,151.37547302246094,2123300
2015-02-18,150.9929744681595,151.39128875489743,149.62278450492136,150.29991149902344,1850700
2015-02-19,149.5113117457303,151.240007220729,149.18470312268516,150.65049743652344,1470400
2015-02-20,150.04504014644414,152.66594356403164,149.0094202697753,152.5623779296875,2317100
2015-02-23,151.94901735660827,151.94901735660827,150.77797177326912,151.60646057128906,1691100
2015-02-24,151.38335660014957,153.9723999728325,151.10453168239397,153.1279754638672,2627300
2015-02-25,152.59421936442584,153.3111802826132,151.72589705881063,152.72964477539062,2775700
2015-02-26,152.2422418755165,153.80854193752978,151.83468999213164,153.5927734375,2449300
2015-02-27,152.78562863750517,153.83248672604293,151.66683959960938,151.66683959960938,2572400
2015-03-02,151.8346540406196,153.36898171293768,151.65884451833554,153.2650909423828,1659400
2015-03-03,152.3940841763147,154.12819476316724,152.2902055710578,152.84959411621094,1487800
2015-03-04,152.11433736721722,152.48992928713636,151.0195214289684,151.5709228515625,1648500
2015-03-05,151.9385337528492,152.41001734931731,151.09145822190604,151.89857482910156,1330100
2015-03-06,149.90074133041347,152.95341025511016,149.10161167977287,149.36532592773438,4103600
2015-03-09,149.67699177310553,150.86768719445547,149.09363051990218,150.18043518066406,2233700
2015-03-10,148.31050358410207,148.75002743338587,146.00901794433594,146.00901794433594,2768500
2015-03-11,146.48048991143168,148.51027417073377,146.2487354486308,147.1837158203125,2098600
2015-03-12,148.59021697099945,151.83468244487335,148.59021697099945,151.7947235107422,3114800
2015-03-13,150.9316437305334,151.6268949589103,148.76600876793992,151.30723571777344,3095100
2015-03-16,151.86661497745862,153.8244926541594,151.7547372982545,153.35299682617188,2127700
2015-03-17,152.60985402528846,152.8256225352276,150.87574342319886,152.2902069091797,1883200
2015-03-18,151.57098833164105,154.26405257752106,151.19539624946262,153.68869018554688,2790100
2015-03-19,153.2410595246326,153.2410595246326,151.10738534827345,151.8106231689453,2097100
2015-03-20,152.21026441853027,154.96725997882635,151.75475454829458,154.33595275878906,3473800
2015-03-23,154.44781324233816,155.2309569985305,153.4009552001953,153.4009552001953,1590500
2015-03-24,153.38500315156952,153.84050087815203,152.7616827717691,152.85757446289062,1799100
2015-03-25,152.6977308610353,152.81759545919672,149.71697998046875,149.71697998046875,2542000
2015-03-26,149.05366924205302,150.2124048230879,147.85497473882708,149.62904357910156,2377200
2015-03-27,149.5890933252325,150.61996529249288,148.8538954505678,150.28433227539062,1539600
2015-03-30,151.22736041518826,153.432954749967,151.18740147780431,152.64981079101562,2403800
2015-03-31,152.10639753029628,152.27422019141898,150.21246337890625,150.21246337890625,2146600
2015-04-01,150.18849783506502,153.69667813336906,149.40535383010652,153.61676025390625,4031400
2015-04-02,153.21714072199723,154.01627045723035,152.5139148467435,153.07330322265625,2296300
2015-04-06,151.97853428968853,153.94439941280743,150.99560782500697,153.47291564941406,1997000
2015-04-07,153.84845863772688,154.7434800310218,153.62470328940316,153.74456787109375,1778000
2015-04-08,154.2640110181367,154.9113163980139,153.59274491354518,153.88043212890625,1997300
2015-04-09,154.12016865778605,155.90222463905113,153.76056269833833,155.74240112304688,1986500
2015-04-10,155.5506385826085,156.5175911792337,155.10312776537066,156.34178161621094,1764800
2015-04-13,156.08605386334037,157.73225946354438,155.64652999101546,156.2938232421875,2196100
2015-04-14,157.41260676011652,158.61930073207213,156.39772055067974,158.00396728515625,3267400
2015-04-15,158.39556239905343,161.53613744077245,157.74026994715177,160.70504760742188,5066100
2015-04-16,161.9836306070857,162.11948122877737,158.7871109613859,159.99380493164062,5976900
2015-04-17,158.09987889075953,158.42752512268498,156.3497822107866,157.70831298828125,4578400
2015-04-20,159.08283539777725,159.50637337670838,158.163828463416,158.30767822265625,2616600
2015-04-21,159.00285531096074,159.42639312421156,157.0929356003807,157.3007049560547,1868300
2015-04-22,158.15578280816666,159.1546950655164,157.08495179478854,158.48342895507812,1938100
2015-04-23,158.35558738153784,160.21756155260147,157.90807657872946,159.2745819091797,2053400
2015-04-24,159.02682800079813,159.10674585719417,157.78817438917702,158.21971130371094,1445700
2015-04-27,158.83504119056138,159.27456503738802,156.9251213777634,157.0449981689453,1767100
2015-04-28,156.7892604085445,157.91603632492632,155.35082436569033,157.8201446533203,1909400
2015-04-29,156.4616988669082,159.61027385368638,156.2139704521506,158.67529296875,2480600
2015-04-30,158.54742327229795,159.62625389578048,156.15003272567796,156.96514892578125,2732800
2015-05-01,158.58734044469577,158.68324433305335,157.292753792547,157.85214233398438,2029500
2015-05-04,158.4354995855339,159.6022346784364,158.14781231562336,159.2666015625,1581600
2015-05-05,158.4754553026166,160.13764702902856,157.20484163372046,157.66033935546875,2287500
2015-05-06,158.0279337111552,158.69919988360422,155.03918357131658,156.82923889160156,2433700
2015-05-07,156.8372137781567,158.18774512232835,155.6784779801629,157.740234375,1795300
2015-05-08,159.10673290758425,160.89677568513696,159.10673290758425,160.2255096435547,3192500
2015-05-11,160.0577014602526,161.38425984798621,160.0577014602526,161.2084503173828,1966700
2015-05-12,160.20953753154907,160.65704826475476,158.28364399712845,160.24949645996094,2247500
2015-05-13,160.20154647052496,161.2244316038372,159.70608991356977,160.9687042236328,2143300
2015-05-14,161.68792021844268,162.12744401000955,160.96869614303728,161.91966247558594,1957000
2015-05-15,161.86372306856984,162.19935607910156,161.28036180219934,162.19935607910156,1742900
2015-05-18,161.94365276063857,163.96545022493348,161.93566585220876,163.54991149902344,2164600
2015-05-19,163.81361667044672,164.78055686794474,163.46199761908284,164.14125061035156,2370100
2015-05-20,163.95744731456227,164.58876663774822,163.14233156540223,163.88552856445312,1831200
2015-05-21,163.5019890859394,163.98945883257107,163.16634378374607,163.78167724609375,2225000
2015-05-22,163.54984640642576,166.4267052903513,163.5258734969242,166.05911254882812,3040400
2015-05-26,165.8354154207689,165.8354154207689,163.82160496017838,164.92440795898438,3336300
2015-05-27,165.33196039001638,167.56152712031817,164.5168445967462,167.06607055664062,3011500
2015-05-28,166.80159408492594,167.21041711436757,166.1602937046311,167.1222381591797,3084900
2015-05-29,166.92180308427348,166.9538748251089,164.82956845492166,165.2864990234375,2255500
2015-06-01,166.19232646134827,167.3947598053823,165.84762254219723,166.58511352539062,2088200
2015-06-02,165.8155280889114,166.60912610037875,164.8535718309916,165.4788360595703,2230700
2015-06-03,166.35260847147114,168.47690197589333,165.75139194398017,166.9698486328125,2417000
2015-06-04,166.41677829614775,168.38876211384584,165.93580006989805,167.43482971191406,3462500
2015-06-05,168.901791043241,169.89580695084592,167.17830824728512,168.70138549804688,3225100
2015-06-08,169.26253955390186,169.703434254323,167.89978412406072,168.17233276367188,2180700
2015-06-09,168.34067059974808,168.69338634285214,166.43280575211315,167.55508422851562,2278800
2015-06-10,168.11618198430386,171.0661453391652,167.82759754899942,170.84971618652344,2677300
2015-06-11,170.88183184920985,172.03616996981074,170.6413427021203,171.49908447265625,2024100
2015-06-12,171.13035060250033,171.5552095060752,169.95196466789457,170.79367065429688,2006200
2015-06-15,169.05411842480373,170.21646825890295,168.6452954744307,169.75152587890625,1903800
2015-06-16,169.8236150289323,171.2024057617079,169.24644624629227,171.1943817138672,1954200
2015-06-17,171.21851154277198,171.9479908030195,170.40086556821706,170.68943786621094,1778400
2015-06-18,171.1062339400097,172.35676245264918,169.9518961647171,172.02810668945312,2167200
2015-06-19,171.64331454711052,172.3487458863038,170.89781188964844,170.89781188964844,4163400
2015-06-22,172.39689992158966,173.7997390282933,172.3488045378742,173.5592498779297,2006100
2015-06-23,173.88788237982106,175.3708883103279,173.6634291472383,175.07427978515625,2735600
2015-06-24,173.3106742944466,173.9519743420639,171.30661929050578,171.8917999267578,3945200
2015-06-25,172.46898017128356,172.99004184589344,170.33667480199398,170.60121154785156,2434700
2015-06-26,171.24257884187156,172.03618944758304,170.38484920601044,170.88185119628906,2762600
2015-06-29,168.4528609809074,169.31861428267857,166.45681762695312,166.45681762695312,3292800
2015-06-30,168.25245567304265,168.97391064285821,166.8576288687129,167.37066650390625,4167300
2015-07-01,169.64731554001045,170.3367111433877,167.49896161459455,168.29257202148438,2820300
2015-07-02,168.29259151585802,168.84571287275108,167.13825342004392,167.6993865966797,1816600
2015-07-06,165.70335381934973,167.16230006951244,165.3426139928161,166.76950073242188,2816800
2015-07-07,166.72139504992487,167.51500549476606,162.8896416063614,166.90577697753906,3304200
2015-07-08,165.37464798571435,165.7674350013591,163.29042555348428,163.57901000976562,2185100
2015-07-09,166.04002157789043,166.37670145714696,163.88365575504224,164.1802520751953,2256200
2015-07-10,166.51300892557418,166.72142634990962,165.27850355739068,166.08815002441406,1840600
2015-07-13,167.89173146664857,168.58913876654105,167.25844316959802,168.43682861328125,2041700
2015-07-14,168.34867895065457,170.5531400678574,168.10017801816448,170.07217407226562,2090700
2015-07-15,171.17838527438627,171.23450469507523,169.4869620807741,170.7134552001953,2536700
2015-07-16,169.45487554444347,171.65933606335503,167.7955243507344,169.28652954101562,4405200
2015-07-17,168.94991537911037,170.58523175802608,168.1723407519194,170.31268310546875,2849000
2015-07-20,170.48899580707422,171.54714293380988,169.31062248034914,170.25653076171875,2175400
2015-07-21,169.92786604124638,170.5852020991345,168.9418741861979,169.5430908203125,1985300
2015-07-22,169.78357318474323,171.32268623920356,169.7434896310357,170.9459228515625,2301300
2015-07-23,171.27462299106338,172.03616172720493,168.9018156088714,169.18238830566406,2192700
2015-07-24,169.5029822197937,169.5029822197937,165.85559939873414,166.21633911132812,2453900
2015-07-27,164.69329400201886,165.00592620009164,163.13013301165486,164.34860229492188,2910500
2015-07-28,166.04802369809863,166.0800832044379,164.01190867149083,165.32656860351562,2018100
2015-07-29,165.59109645714963,166.8416250771761,164.86962916974576,165.80752563476562,1987300
2015-07-30,165.1582034463737,166.21635050988732,164.41270075035686,166.09609985351562,1342900
2015-07-31,166.25642542134386,166.31254484188605,164.25237008968938,164.38865661621094,1644000
2015-08-03,164.9337782987207,165.09410030271485,162.60105461048346,164.0840606689453,2075500
2015-08-04,164.34056380554682,166.05603483457816,164.17222999233493,164.4688262939453,1451500
2015-08-05,165.88769264503273,166.56105232744795,164.27642426637343,164.8936767578125,1535500
2015-08-06,165.13418806560156,165.6953212097587,163.77143264928128,164.4047088623047,1485800
2015-08-07,164.57301831627697,165.6471889864246,162.18418790146654,163.08200073242188,1691100
2015-08-10,164.00381952324787,165.59103967217197,163.80341405076769,165.1100616455078,1640300
2015-08-11,163.13008643646447,163.4667662281264,160.85348276039892,161.68716430664062,2554000
2015-08-12,160.24425114783432,161.56693493746354,157.5828721654166,161.23025512695312,2771900
2015-08-13,160.90161244618295,161.88760434863087,159.98776360766882,160.9176483154297,3353600
2015-08-14,160.98980834843883,162.36859968616446,160.91766527690083,161.94374084472656,3567100
2015-08-17,161.13399643855394,162.61700168725588,160.1480050321715,162.38453674316406,1600700
2015-08-18,162.0239127421039,162.80951148726055,161.2703857421875,161.2703857421875,1665400
2015-08-19,160.34049566835506,162.52892111969064,159.63506413107478,161.08599853515625,2721400
2015-08-20,159.06585058382933,159.69913882555102,157.71913146972656,157.71913146972656,3140000
2015-08-21,155.24215332109253,155.9956801225564,150.3682890300645,150.49655151367188,5406200
2015-08-24,143.05747828139448,149.8151463793313,137.95916148796402,143.85910034179688,7183600
2015-08-25,149.01353731771314,150.16787514247315,142.45627416287218,142.86509704589844,7204800
2015-08-26,146.7289459734233,148.34822650572028,143.5785760862302,147.81915283203125,5561800
2015-08-27,149.75107152582356,152.1960221768962,148.64482875181346,151.6749725341797,3798500
2015-08-28,150.89464134851423,151.9081747212488,149.82480738504222,151.02334594726562,2413100
2015-08-31,150.97514417638885,153.03436947061067,150.56489964074484,151.70713806152344,2858000
2015-09-01,148.19993387897551,149.99370944084146,145.6580736975867,146.49462890625,5494500
2015-09-02,148.70670871991473,149.47088458556456,146.80835889240535,148.41712951660156,3043800
2015-09-03,148.8112664382823,151.1359392446577,148.23210809509342,148.85952758789062,2902200
2015-09-04,146.60726783308863,147.0657733689561,144.08955006202405,145.09503173828125,4295600
2015-09-08,147.93450969070958,149.86502958232686,147.72536164858784,149.51914978027344,3060100
2015-09-09,152.47127181302315,154.240917433085,149.02045119365144,149.35829162597656,4756800
2015-09-10,149.17328172966583,151.07968362416926,148.62630550606022,149.54330444335938,3042600
2015-09-11,149.1571804964172,149.47090258891038,147.45993906645026,149.0284881591797,2536800
2015-09-14,149.2939313574714,149.50306713753832,147.44384252967473,147.95864868164062,2746000
2015-09-15,148.6343509151517,151.24056433986965,148.1597664184312,150.7820587158203,3092800
2015-09-16,151.1923120523716,152.27018573416927,150.0902955122522,151.73928833007812,2717800
2015-09-17,151.58646283950492,153.29176864625217,149.61572058762994,149.97769165039062,3712600
2015-09-18,147.36339291329887,147.50818865801216,145.23177665625386,145.5454864501953,6529900
2015-09-21,147.4438175896763,148.3366857009272,146.15679629048674,147.48403930664062,2947200
2015-09-22,145.50530812934082,145.5937910347398,143.18867371449423,144.56417846679688,4166900
2015-09-23,144.63655336439507,144.94222377904333,142.9795212145727,144.31480407714844,2732600
2015-09-24,142.90716806618084,143.16456511071303,140.62271559741825,142.3038787841797,3910000
2015-09-25,144.14586691731762,145.68224603773427,143.30931146882003,144.6526336669922,3026500
2015-09-28,143.55063298723115,143.55063298723115,138.9575866614446,139.17477416992188,3898500
2015-09-29,139.1667069572033,139.39998558541942,134.7265085995165,138.24166870117188,4419100
2015-09-30,140.4295755378488,140.83176815460035,138.48296474564458,139.7699737548828,2931500
2015-10-01,140.28479333364115,141.7085587708649,139.19082881968575,141.58790588378906,3613000
2015-10-02,138.4669089261746,142.45666610264385,136.6409505436293,142.38426208496094,4469900
2015-10-05,143.36564457840575,145.64205733940616,143.04389524231433,145.35247802734375,3411900
2015-10-06,144.9502641001326,145.81900190973963,144.36306612404636,145.0467987060547,1859100
2015-10-07,146.23731098620598,147.83803054549531,145.22377723016473,146.58319091796875,2572200
2015-10-08,145.73858660556502,146.77625097053962,144.58832101416715,145.65011596679688,3253400
2015-10-09,145.56159834349845,146.63142020496912,143.34953832695808,144.13783264160156,3334900
2015-10-12,145.43287076600961,145.75461998986304,143.993014145492,144.974365234375,3059800
2015-10-13,144.44350635228585,147.3151561297983,144.3871934772619,145.56964111328125,2918800
2015-10-14,145.37655369722341,146.575092228219,144.09758399956343,144.39520263671875,3252000
2015-10-15,142.15908666645603,149.41464938981758,141.37883152621887,148.77919006347656,5720100
2015-10-16,148.90786980556274,150.13857888637264,147.70934302464198,148.9561309814453,2977500
2015-10-19,147.58868145600024,150.01792965167752,147.3232327081392,149.40660095214844,2665700
2015-10-20,148.97220006276646,149.59158036739083,147.9264964023998,149.2215576171875,2736200
2015-10-21,149.79266183880767,149.79266183880767,144.42741227572682,144.54806518554688,3613800
2015-10-22,144.9743797178441,148.1597513575865,144.95024913734167,147.65298461914062,2609600
2015-10-23,148.9400433309507,149.905303613589,148.3528329951041,149.21353149414062,2935700
2015-10-26,150.5005198621076,151.22446184433653,150.114406015901,150.42811584472656,2573700
2015-10-27,149.61572421059046,150.2833657431139,148.4091457895373,149.86508178710938,1932300
2015-10-28,150.1868470458651,154.0237576807871,149.75247193032067,153.8950653076172,3231900
2015-10-29,153.63763465545904,154.40985015688267,152.29431230699984,152.74476623535156,3068100
2015-10-30,152.64020313346137,152.9056518475463,150.61316031054903,150.82229614257812,2791600
2015-11-02,151.48186853214065,153.1791099892305,150.96705007917436,152.57582092285156,2531500
2015-11-03,152.22992775900892,154.33741345210487,152.06905314351127,153.38824462890625,2443200
2015-11-04,153.6376462244269,155.15793448406663,153.0826182087894,154.16049194335938,2174300
2015-11-05,154.8763556668094,155.47160526663848,153.63760758212882,154.4580841064453,2186300
2015-11-06,157.65955685387163,160.45077550049638,157.57911339487697,160.20945739746094,4270800
2015-11-09,160.10485640063195,160.79662830009565,157.9169395169233,158.27085876464844,2604400
2015-11-10,158.12608788231495,159.44527948471082,157.08038437791578,159.115478515625,2149900
2015-11-11,159.50159094601128,160.01639716069553,158.24675156484014,158.77764892578125,1637500
2015-11-12,157.81241392421475,157.81241392421475,154.6511721117983,155.06141662597656,3166900
2015-11-13,154.94883168094898,155.55212099629426,152.88155440220189,153.14700317382812,2484000
2015-11-16,152.82520938157126,154.5707244873047,151.23251721453886,154.5707244873047,4626600
2015-11-17,154.98091935021228,155.24636798077313,153.09062119771556,153.29171752929688,1783800
2015-11-18,153.6778212335472,156.09097724682263,153.645638946627,155.7772674560547,2509200
2015-11-19,155.90597913157973,156.21968893658527,154.17654321254145,155.2705078125,1835800
2015-11-20,155.24641019596632,155.64056353166592,153.7261220067669,154.0157012939453,2932100
2015-11-23,153.87898649157597,154.03182173803756,151.64279523291572,152.18173217773438,2671700
2015-11-24,151.240582010655,152.67238737839133,150.06617364916622,151.763427734375,2679400
2015-11-25,152.02084376095266,152.64826356684028,151.34515050742317,152.1495361328125,1495600
2015-11-27,152.1575606935385,153.79046223978935,151.90820315799505,153.2113037109375,1092700
2015-11-30,153.7601654392531,154.22830810328477,152.74317350317096,153.37274169921875,3415000
2015-12-01,154.34130457597382,155.89907879154003,153.36465980256227,155.8345184326172,4140900
2015-12-02,156.0201490216793,156.45599915951186,153.19515930127218,153.56643676757812,1817200
2015-12-03,153.88932028237983,154.68838102573403,149.10297352484275,149.48233032226562,3599000
2015-12-04,149.81324902199597,153.85701580279078,149.1191081611911,153.34852600097656,3517200
2015-12-07,153.35661267232155,153.4534655392115,149.32091233883938,149.71641540527344,3499900
2015-12-08,148.44919939179667,148.89312889108632,146.77034657737948,147.64205932617188,2663800
2015-12-09,146.9156124384511,149.19981990165377,145.14797403405194,145.85826110839844,3907500
2015-12-10,146.08422763688014,148.45720815403462,145.53536620313426,146.98822021484375,2212300
2015-12-11,145.02687827743938,145.4062349816004,141.6288265009882,142.50860595703125,3750100
2015-12-14,142.59738676053175,144.1793861850367,139.55446627091425,142.37945556640625,5102400
2015-12-15,144.4619137818355,147.9326182457595,144.35699395667922,146.9075469970703,3398700
2015-12-16,148.5218134369025,150.83831340075054,146.64117593029852,150.2975311279297,3191700
2015-12-17,150.8383371809996,151.65354420150777,147.391845703125,147.391845703125,2807900
2015-12-18,146.25378257108773,146.81877817369735,141.564300595457,141.64501953125,6740800
2015-12-21,143.2673160000357,143.79195194913837,141.91939399783982,143.46910095214844,2472900
2015-12-22,144.39734312069098,145.8421306381216,142.90414148910966,145.3255615234375,2312800
2015-12-23,145.850209846239,147.70663449156956,145.65650410946103,147.66627502441406,2367900
2015-12-24,147.11742881403904,147.84384997438087,146.91564378994627,147.2788543701172,1107600
2015-12-28,146.71383656443274,146.84296960016593,145.15605000985815,146.59275817871094,1723300
2015-12-29,147.56136732523365,148.65906609987024,147.30307656697946,148.13442993164062,1848900
2015-12-30,147.9326182457595,148.13440324580185,146.770334674959,146.9075469970703,1514300
2015-12-31,146.22144105461751,147.6177893830869,145.3093691898378,145.47079467773438,1773900
2016-01-04,141.88710193439925,143.01710505920764,140.24860910360442,142.97674560546875,3745500
2016-01-05,142.62969907225377,143.26733418282603,139.57063191303638,140.51498413085938,4521600
2016-01-06,138.27110638409837,138.8441810164354,136.48733446215587,137.08460998535156,5539400
2016-01-07,134.52600769144541,136.8102151209395,132.04809456524475,132.87136840820312,5687900
2016-01-08,134.59057078704225,135.93849286663246,132.07229838119488,132.322509765625,4929800
2016-01-11,133.1780947385488,134.35652451102348,131.83823943564735,133.76730346679688,4386500
2016-01-12,134.703594215855,135.74479939766286,131.80596456935612,133.7511749267578,4441300
2016-01-13,134.35648312746386,134.87305205530666,127.46350302596414,128.3271484375,5252500
2016-01-14,129.38454833245473,131.16832088885042,126.52726575005916,130.2643280029297,4272500
2016-01-15,126.47886278044763,127.52008050167497,124.14622817063552,125.59908294677734,6237200
2016-01-19,127.17297456153977,128.1415400841178,125.33269637384791,126.57569885253906,5860600
2016-01-20,124.38026696073756,127.82674556167387,122.40276429819444,124.09776306152344,9369100
2016-01-21,124.27535712231028,125.23585577275972,122.27365320428576,122.40278625488281,5738800
2016-01-22,124.7677156731926,126.71292623163242,124.186573827385,126.60799407958984,5583800
2016-01-25,126.23666530119881,126.34159742088922,121.97496795654297,121.97496795654297,5051700
2016-01-26,121.97494314413353,125.99450757333756,121.97494314413353,124.6627197265625,5237700
2016-01-27,123.9686762179023,127.87523232971968,123.64582502300208,124.0736083984375,5153100
2016-01-28,125.11481485947226,127.56852829568777,123.11311034170552,126.76945495605469,4292900
2016-01-29,128.04468773731486,130.4257482486423,127.35054685210282,130.4015350341797,4887900
2016-02-01,129.47329740736936,129.94950693034824,127.89129799092704,128.85986328125,2963500
2016-02-02,126.72099057203964,126.72099057203964,121.20015546728406,122.44314575195312,6316200
2016-02-03,123.08885156919284,124.17041622714616,118.6576484789494,123.234130859375,5893200
2016-02-04,122.92742290302994,127.48775891875962,122.69334540905255,126.30934143066406,4573100
2016-02-05,127.1810642472092,128.90026418772464,125.6636370042564,126.29320526123047,4596100
2016-02-08,124.16237109987193,124.16237109987193,117.23710711557462,120.46566772460938,8680000
2016-02-09,117.45503446627345,121.03065930919888,117.11603709161092,119.65852355957031,6919400
2016-02-10,121.07099384228093,123.79913084464008,118.81907877584499,118.83521270751953,7609600
2016-02-11,115.75193236943021,116.55907224401075,112.23280202361995,113.55651092529297,10252200
2016-02-12,116.0263302597868,118.25403136702398,115.98597081215377,117.94732666015625,9009300
2016-02-16,120.74814908723248,121.45842391331287,119.01279069533352,120.2800064086914,10198000
2016-02-17,121.71668994128368,122.58032316298089,121.32118698721207,121.8296890258789,5578800
2016-02-18,122.07996781121531,122.68532302350233,118.94825957186914,119.23883056640625,5895500
2016-02-19,118.64955918708701,119.23876783525685,117.3823436977057,118.57691955566406,5257300
2016-02-22,120.42530602248145,121.06295362790061,119.6423791040186,120.09437561035156,4287900
2016-02-23,119.45671362483154,119.49707308587344,116.26851325817529,116.96265411376953,4249600
2016-02-24,115.48556329823742,117.55183920201745,113.20942316562055,117.48726654052734,5714700
2016-02-25,117.84245827789049,120.3203843738978,117.22095693301874,119.65852355957031,4299600
2016-02-26,120.84501337511047,122.66107854928308,120.27193850111806,121.27279663085938,5924500
2016-02-29,121.39435432708567,121.83209814218453,120.23513537837832,121.21601104736328,5506400
2016-03-01,122.36719260585427,125.463870853279,122.14831439796693,125.36658477783203,6490400
2016-03-02,125.44760539177535,125.98263530428859,124.39376196789802,125.00174713134766,5047500
2016-03-03,124.83963890119824,126.18531589959045,124.32082531223267,125.91780090332031,3615800
2016-03-04,126.76082549083841,128.7712382916939,125.88532553617313,127.14183044433594,5256700
2016-03-07,126.46095194016944,126.7608874192255,125.17202597561155,125.93403625488281,2771900
2016-03-08,124.83958232388127,125.02602758727254,122.81296572771437,122.89403533935547,3830400
2016-03-09,123.30749131365263,123.62364308643838,120.93228964057884,121.5240707397461,3250900
2016-03-10,121.92935610041097,124.51532069165702,120.65663502166569,122.4238510131836,4631800
2016-03-11,124.25594759087987,124.96932077374316,123.51825599219072,124.79097747802734,4058700
2016-03-14,124.56400172165007,125.20440731001858,123.32371299305197,124.42619323730469,3317900
2016-03-15,123.74524237546737,123.81820999612306,122.32661032295698,123.24264526367188,3731400
2016-03-16,122.3428169014995,123.90737170021646,121.36194117371632,122.0347671508789,4310300
2016-03-17,121.91319796078066,124.823417629615,120.583737417811,123.9560317993164,4431700
2016-03-18,124.76666839330862,128.22812177928515,124.73423559012238,127.7579574584961,7413200
2016-03-21,127.46615430274835,128.81181908630498,126.25828567219268,126.69602966308594,4410200
2016-03-22,126.055590555225,126.12854580616138,124.32080671696161,125.00174713134766,3521500
2016-03-23,125.0422884737022,126.09613195256505,124.50725853327316,124.90447998046875,3633400
2016-03-24,123.54258334973,124.0613968740476,121.70242378177743,124.02897644042969,3693400
2016-03-28,124.14247240410668,125.35844281907553,123.52638518020579,124.70992279052734,2308600
2016-03-29,123.9235606555463,125.93397343573288,122.81297860265593,125.674560546875,2919500
2016-03-30,126.5663593360208,128.09848214658913,125.56115229113381,126.86629486083984,3130600
2016-03-31,126.60684338603458,127.66068696711955,126.50956970360853,127.25536346435547,2927300
2016-04-01,126.83378285865072,129.71156862858035,125.72318851450956,129.55755615234375,3373400
2016-04-04,129.67918795058245,129.7035063684673,127.58771742605207,127.89576721191406,2478100
2016-04-05,126.8176386555299,126.8905939283554,125.28551607872683,125.93403625488281,2822700
2016-04-06,125.8610296207175,126.67979088264029,124.7747657746404,125.80429077148438,2927400
2016-04-07,124.5559088828075,124.86395870668515,121.08634064883944,121.9294204711914,4786800
2016-04-08,123.27505444503262,123.92356193489765,121.6051117871165,121.82398986816406,3122200
2016-04-11,122.55358414198588,124.75854455088492,121.92939497710204,123.38044738769531,3464300
2016-04-12,123.7614213495583,125.72318473885612,122.65083940825605,125.09088134765625,2732900
2016-04-13,126.89052570735484,129.69536870420825,126.76893365135136,129.58187866210938,5151100
2016-04-14,129.32246571677115,131.54364210469112,129.01441601573833,130.441162109375,3067100
2016-04-15,130.7005688566273,131.1464270321687,128.24431025349355,128.50372314453125,3467900
2016-04-18,127.76604266035304,129.70348801784,127.39313968972681,128.9090576171875,3031500
2016-04-19,127.87952057473993,132.70286610350303,127.27153553238776,131.8516845703125,5832200
2016-04-20,131.32482789999014,135.7428520437147,131.27619105396087,135.36184692382812,4802200
2016-04-21,135.0132667101117,136.9182798285251,133.76486334414616,134.01617431640625,4165100
2016-04-22,134.39714280367483,135.77525241588796,134.29176711895107,135.1753692626953,2680300
2016-04-25,134.5673883189526,135.69418703961483,132.9947313197211,133.82969665527344,2473000
2016-04-26,134.0648076632599,134.56740485568832,133.12445415462645,134.4376983642578,2251600
2016-04-27,134.42953896623047,136.72367053001017,133.69994954047593,135.31314086914062,3323600
2016-04-28,134.04044830995235,135.6374234357282,132.95417223780615,133.18115234375,2528000
2016-04-29,132.78397973197082,133.49734067350724,131.77877300911257,133.0352783203125,2890800
2016-05-02,133.8215832418119,135.53204858701716,132.9379811455775,134.71328735351562,1998400
2016-05-03,132.67050234187442,133.03529104919267,130.8141136260998,132.24896240234375,2777000
2016-05-04,130.67630721573232,131.81122055284666,128.96584137700026,129.76028442382812,3203900
2016-05-05,130.33583385358392,130.36826666303318,128.48755953873751,129.32252502441406,2366200
2016-05-06,128.2362560008205,129.8413336610935,127.27968607070368,128.7712860107422,2307000
2016-05-09,128.24428463469752,129.5818588941204,127.10127000468661,127.6849365234375,2097900
2016-05-10,128.6253204007751,130.91945222440194,128.39834029669433,130.85459899902344,2379600
2016-05-11,130.80594815680695,131.7544032835529,129.11980158609634,129.23329162597656,2096900
2016-05-12,129.96290184629643,130.89514072519313,127.5228470443078,128.13894653320312,2448100
2016-05-13,127.98491487790677,129.4765019528843,125.86101194797281,125.92586517333984,2550100
2016-05-16,125.92584967726671,127.19045649258479,125.32597906304409,125.95828247070312,3177700
2016-05-17,125.43955242679093,127.36078233631689,124.65322365169071,125.36658477783203,2701500
2016-05-18,125.49626861700241,129.70352881195913,125.36656211951228,129.65489196777344,3653300
2016-05-19,128.6334217223233,129.66294656924217,125.26114060722625,125.40705108642578,4712000
2016-05-20,126.26636041267973,126.79328833490494,124.77477304139286,125.2530517578125,3247800
2016-05-23,125.19626601497083,126.53382799063648,124.62881585467284,126.0150146484375,2767600
2016-05-24,127.00404613201155,128.52806623576907,126.81760081170818,127.74983978271484,3038800
2016-05-25,128.13087646723835,131.55991017844875,128.10655804421148,130.7168426513672,3259900
2016-05-26,130.64383899486765,130.7816474641432,129.03064743778063,129.07118225097656,2576100
2016-05-27,129.17704921717245,130.56079586918872,128.86774903249446,129.85264587402344,2157000
2016-05-31,130.56075565980612,131.57821794649473,129.0549189276233,129.81190490722656,2916100
2016-06-01,128.5258610113558,130.68288901347708,126.97932294358321,130.21078491210938,2581600
2016-06-02,130.3491234122626,130.50377966165618,128.98166010851747,129.64910888671875,2257100
2016-06-03,126.86530379599762,127.41879716860262,125.23736457747856,126.71064758300781,4329300
2016-06-06,127.18279605266993,128.5339890587803,126.79209398085071,127.84210968017578,2540400
2016-06-07,127.95607660992482,128.17585197915332,126.30371856689453,126.30371856689453,2489700
2016-06-08,126.32810501661734,127.45138726653595,125.27808948487952,125.87228393554688,2426800
2016-06-09,125.18038504486034,125.5873698634758,124.09781635711128,124.67572784423828,2711700
2016-06-10,123.19439099549176,123.4467197625942,121.74552507712359,122.00598907470703,4335700
2016-06-13,121.28147331749861,123.16988879661699,120.94774279262482,120.98030853271484,3385800
2016-06-14,120.64662834829551,121.32222490486653,118.39192808361824,118.99427032470703,5069600
2016-06-15,119.78381088589315,121.03731904001923,118.75820088504979,118.96984100341797,2981400
2016-06-16,118.02564200757081,119.64544666915205,116.82910519498185,119.3524169921875,3499200
2016-06-17,119.35238141251241,120.65472548396593,118.40003835132582,118.54654693603516,4296500
2016-06-20,120.87448476413785,122.50242395288045,120.1256342277391,120.26400756835938,3338900
2016-06-21,120.87454719918176,121.14315879449244,119.75126460428196,120.75245666503906,2424600
2016-06-22,120.475700001911,122.19317726676437,120.45942954380787,120.5815200805664,2487600
2016-06-23,122.55128626594067,124.37458301727858,122.209420453851,124.26062774658203,2940500
2016-06-24,116.42210026188404,119.18145740512485,114.70462347584255,115.46975708007812,9442200
2016-06-27,114.01276409593193,114.9569596928926,112.49063201408191,113.55693054199219,7381000
2016-06-28,115.75467370168343,116.08839194658376,113.80928599030656,115.91746520996094,5041500
2016-06-29,116.88607185841394,118.47331053340132,116.34070114579845,118.43260955810547,3804100
2016-06-30,119.38493584512622,121.18381436865644,118.32677273835503,120.93962097167969,4528600
2016-07-01,120.86637008554439,122.66523623958773,120.52450428821749,120.67101287841797,3096800
2016-07-05,119.42565692455221,119.6047312844764,116.66629964051296,117.57794189453125,3943000
2016-07-06,116.34884663865235,118.79075606886268,116.08837033773698,118.49772644042969,2941800
2016-07-07,118.83957947192549,120.54077321091717,118.31863934639048,119.65354919433594,2578300
2016-07-08,121.57450215398634,122.84429276574619,120.71983157447394,122.40475463867188,3281400
2016-07-11,123.3082754466646,124.52108236178114,123.21873828204191,123.8780517578125,3041600
2016-07-12,125.3513663919041,127.99676860472024,125.2862473085498,127.72815704345703,5110800
2016-07-13,127.79326350350188,128.82700866682146,127.10138417887667,128.5421142578125,4276400
2016-07-14,130.4711957662955,132.8724162809752,130.24328524737274,132.30262756347656,5087700
2016-07-15,132.56314318432766,132.79105377091898,130.8049651561699,131.57009887695312,3078400
2016-07-18,132.15611190381034,133.56427591035316,131.87121756031846,132.94566345214844,4734500
2016-07-19,131.879364996465,133.55614047330522,130.82933720200685,131.38284301757812,5399700
2016-07-20,132.31082946095896,132.58757628738425,129.60030779930716,131.67593383789062,3547800
2016-07-21,131.62708727516105,131.78173113410148,130.04798357058425,130.27589416503906,2855500
2016-07-22,130.4712848516169,130.8294337459502,130.12128360864588,130.5689697265625,1811700
2016-07-25,129.94211890923367,131.31772965239148,129.9177008125071,130.6502685546875,1956100
2016-07-26,130.78865264534943,131.45611379784208,129.76305523807213,131.1793670654297,2150100
2016-07-27,131.21189650863923,132.00144801108138,130.56886599210728,131.0409698486328,2317200
2016-07-28,130.3817010075795,131.01660899700167,129.290984252262,130.66659545898438,2047400
2016-07-29,129.83628624493855,130.3897920306711,129.1362718931003,129.26651000976562,2388200
2016-08-01,129.26654335736222,130.17005034200133,128.55024595110604,128.7537384033203,2316300
2016-08-02,128.3223155040443,128.9816413799639,126.46646562118367,127.02810668945312,3182800
2016-08-03,127.3455848550398,129.380509548857,127.12580951045305,128.8839874267578,2284700
2016-08-04,128.78630734047033,129.33980086250787,128.1269937661987,128.64793395996094,2005700
2016-08-05,130.0316843692723,131.96893659912647,129.58399846486975,131.93637084960938,2676100
2016-08-08,131.94450184739566,133.4747565363538,131.8712351303247,132.5386962890625,2266600
2016-08-09,132.27011407867874,133.96317302930927,132.27011407867874,133.03524780273438,1957400
2016-08-10,133.04340481884185,133.16550778087432,131.8712859364365,132.01780700683594,1656100
2016-08-11,132.02594293277843,133.6945840611119,131.80616753611852,133.37713623046875,1827700
2016-08-12,132.40851109870817,132.9782876692724,131.9201365040236,132.880615234375,1440800
2016-08-15,133.38521000021112,134.98873129363793,133.3282385800374,134.752685546875,2222200
2016-08-16,134.29688056271291,135.73759815318692,134.07710524103982,134.83409118652344,2523800
2016-08-17,135.07011706596654,135.3794294876368,134.0933560325014,134.850341796875,2061700
2016-08-18,134.5817873274052,135.57483165098378,134.00387562347407,135.1678466796875,1750500
2016-08-19,134.59806353838215,135.85157172301268,133.89804892561068,135.30621337890625,1840900
2016-08-22,135.1190149793296,135.8597306326537,134.21550781609372,135.3306427001953,1448100
2016-08-23,135.93294796806276,136.62482722220483,135.10269534713083,135.18409729003906,1965500
2016-08-24,134.93991161866424,135.68876233962538,134.1829256710229,134.54920959472656,2035300
2016-08-25,134.37019436557165,135.15159875724441,133.98762739999475,135.0376434326172,1441400
2016-08-26,135.73765067108855,136.80396194500304,134.59809748853635,135.09461975097656,2402200
2016-08-29,135.6073855148083,136.63298308128662,135.24108913659964,135.8271484375,2620900
2016-08-30,135.82712745851398,138.51555444763352,135.82712745851398,138.40115356445312,2934100
2016-08-31,138.3031086157228,139.11209436019095,136.84857765850597,138.47471618652344,3688200
2016-09-01,138.91595676757788,138.97316344066368,136.18666978594092,137.69839477539062,2843300
2016-09-02,137.70658405041144,138.7035113966079,137.1999408698576,138.2458953857422,1747500
2016-09-06,137.87003599638504,138.74438310111074,136.84859488834448,138.36849975585938,2034900
2016-09-07,137.8536773008209,139.08758603062023,137.81281716634683,138.6463165283203,1584300
2016-09-08,138.38483985285077,140.4522355616345,137.8618625286676,140.2724609375,3031600
2016-09-09,139.59421259869686,140.8934825421706,137.6984121410711,137.74745178222656,3411800
2016-09-12,136.47269396738335,140.28062926816506,135.83531573731847,139.78216552734375,2647900
2016-09-13,137.722917794381,138.8914527004183,135.9578773460747,136.46450805664062,2788200
2016-09-14,136.46454269274275,137.16729472871344,135.3123540403784,135.77813720703125,1995900
2016-09-15,135.46762204032865,137.9027344656671,135.4512754892315,137.34707641601562,1645200
2016-09-16,137.15907624568118,137.32250428068485,135.32864983486436,135.6473388671875,4534900
2016-09-19,136.74235925633062,137.53499854342994,135.3858824898758,135.81898498535156,2030700
2016-09-20,137.02021179027633,137.51050858757006,135.96608988549002,136.03146362304688,1532900
2016-09-21,136.80773331306332,137.51048528676316,135.59017103631496,136.48904418945312,2333600
2016-09-22,137.6494197301523,138.36851835688637,137.0365549829399,137.2980499267578,2467700
2016-09-23,137.07736800912218,137.36337644701817,134.87105817128193,134.93643188476562,3421200
2016-09-26,133.87412543640178,133.98852631317249,131.56158184925982,131.9538116455078,2772200
2016-09-27,131.33282811136434,133.56365225836825,130.59739541592808,133.10604858398438,2602700
2016-09-28,133.47375708779637,133.84147341390477,132.11728022647148,133.5636444091797,1678100
2016-09-29,133.50643773109934,133.98038788428465,128.92220970580001,129.88644409179688,3733800
2016-09-30,130.70359408892975,132.71379555888902,128.94672047279144,131.78224182128906,4497200
2016-10-03,131.15302185965666,132.14994925384784,130.94873366361358,131.61880493164062,2444700
2016-10-04,131.75772931845324,134.13563462298245,131.74954980998865,132.59939575195312,2469900
2016-10-05,133.45742310107727,136.1131701352876,133.20409521789833,135.9742431640625,2548200
2016-10-06,136.6116412796112,136.70152861410241,134.68317204646533,136.58712768554688,2858000
2016-10-07,136.87308641822236,138.89962175871355,135.84347843600958,138.7770538330078,3390200
2016-10-10,139.3408672061916,140.3459614299834,138.99766460462268,139.76577758789062,2532000
2016-10-11,138.78524029194588,139.62690674959663,137.20814123962896,138.1315155029297,2680000
2016-10-12,138.13152639789772,138.90783165976399,137.52684120709358,138.343994140625,2404000
2016-10-13,136.95478744038846,136.97930102208568,135.24692894666964,136.8076934814453,2713700
2016-10-14,140.22345382273468,141.3266028445502,138.18873845053113,139.34092712402344,5282300
2016-10-17,139.32456044755745,139.95377163115486,137.64939461704537,138.0988311767578,3061400
2016-10-18,140.5584507716959,141.75149936405134,139.81485118867383,141.06509399414062,4482500
2016-10-19,141.66973442812485,143.55735483461092,141.51447344771978,142.60128784179688,3676000
2016-10-20,142.18454452762413,143.64724211438448,142.02111651042455,142.60128784179688,2471100
2016-10-21,141.23667987758228,142.92001256617434,140.96701797085223,142.73207092285156,2004400
2016-10-24,143.41028394662422,143.64725271874343,142.47056342678542,143.09976196289062,1943200
2016-10-25,143.0344768383631,143.7862686823284,142.7076205774133,143.45123291015625,2423300
2016-10-26,142.83011764226646,145.37146308597772,142.12736580825356,144.6932373046875,2533800
2016-10-27,145.60840468264269,146.14772832037622,144.28462163434898,145.2488555908203,3021900
2016-10-28,145.869937820033,145.869937820033,143.37763182371427,144.7504425048828,2042800
2016-10-31,145.19170645873987,145.86177775331288,144.82399018504702,145.64932250976562,1828200
2016-11-01,146.2703380825308,146.41741958833472,144.3173435644251,145.50221252441406,2900600
2016-11-02,144.69322544861055,145.04459510244553,143.87607280014606,144.29281616210938,2104800
2016-11-03,144.4481279410011,145.42870897012935,143.9905242919922,143.9905242919922,1972700
2016-11-04,144.08854513971056,144.91386492408012,142.78109575913885,143.75350952148438,1846500
2016-11-07,146.27038485730787,148.313267327382,146.27038485730787,148.2969207763672,3338800
2016-11-08,147.1774036670462,149.27748005565908,145.829106421318,148.6564483642578,2646200
2016-11-09,151.1732771185501,158.15175696522638,149.90668770839883,157.4081573486328,7823800
2016-11-10,158.96074849263186,167.24667818372325,158.52765846443114,164.14149475097656,11345400
2016-11-11,162.0005301557483,167.5163111320474,162.0005301557483,166.65013122558594,6290200
2016-11-14,166.82172948708913,173.04844194182738,166.82172948708913,170.9320068359375,8248100
2016-11-15,168.7910572145036,172.58264518753913,167.65521547709403,172.57447814941406,4893800
2016-11-16,169.43665030646505,170.03316840230008,167.37742161046685,168.5459442138672,5276200
2016-11-17,168.54597530701557,171.34881661429483,168.06385802375323,171.29978942871094,3572400
2016-11-18,171.49586495357698,173.2936112018798,171.3732970133577,171.8881072998047,4278200
2016-11-21,172.7951412029469,172.9830828607279,170.93202129777796,172.484619140625,2860200
2016-11-22,172.71345878246754,173.19557606053255,171.51224287354947,172.50917053222656,2945700
2016-11-23,172.82782377798162,174.38858867788866,171.08728425773123,173.48971557617188,3717400
2016-11-25,172.71340504072694,173.84924685988597,172.4192295531654,172.72975158691406,1974000
2016-11-28,171.6020988142757,173.04028334415494,171.27524266118226,171.8881072998047,3297400
2016-11-29,172.12580856554862,174.5274817176854,172.06842456168442,173.56845092773438,2577600
2016-11-30,176.39638930170352,180.9620454090897,176.20786506161042,179.7489013671875,6507900
2016-12-01,181.0931770708007,186.19982858984469,180.6177703152131,185.76539611816406,7606500
2016-12-02,185.24899199835826,185.45391344968388,181.33089484960547,183.08502197265625,5297400
2016-12-05,184.8555407079165,187.87197837639425,184.62602968998502,187.3391876220703,4599300
2016-12-06,188.675211341528,190.71623283606786,186.806329313418,189.65884399414062,5259300
2016-12-07,188.85566768317864,193.51968347596332,188.85566768317864,193.0852508544922,6595200
2016-12-08,194.1671591832789,198.7082126115537,193.44583174051883,197.91311645507812,7343700
2016-12-09,197.22462805588341,198.3639909748224,195.80657492826342,198.2410430908203,5456000
2016-12-12,197.13438546299395,199.04425439892998,193.74907995558272,194.4048309326172,5022000
2016-12-13,195.90491263919608,196.87213591142964,193.04420460049892,195.5360565185547,4680500
2016-12-14,193.17539380752046,199.2820518697394,192.92948551152588,196.66725158691406,6172400
2016-12-15,198.76566519881712,201.2902996121741,198.0525298646034,199.18370056152344,4829700
2016-12-16,199.01967268424897,199.3393495783977,195.41304842196035,195.82289123535156,6876400
2016-12-19,195.36388545224506,196.5114529291497,193.65893770656103,195.96226501464844,3743300
2016-12-20,197.15075430681856,199.71636134318675,196.91303851448885,199.25733947753906,4487700
2016-12-21,198.56067356365352,198.6918137733847,196.79014940446174,197.90492248535156,3277800
2016-12-22,197.73280401794284,199.06889588773456,196.35573786366976,196.8229522705078,2636500
2016-12-23,196.34751149784267,198.2819702937165,195.83111800024952,197.51966857910156,2187500
2016-12-27,198.32294228691748,198.84754060730538,197.05242701659049,198.00326538085938,1998200
2016-12-28,199.7492525730183,200.41319612956192,197.08527348336156,197.2574005126953,3053000
2016-12-29,197.33932522811307,197.60163064630365,193.97041662111863,195.23272705078125,2619000
2016-12-30,195.50322090077887,197.13439985547322,194.59336932422642,196.2737274169922,2355500
2017-01-03,198.93768025720513,200.7983699556629,195.06057111219027,198.01144409179688,4384200
2017-01-04,197.90492079252257,199.44593393723895,196.74916093398528,199.29019165039062,2728700
2017-01-05,198.9541193382778,199.37215455360658,194.08518415100983,197.8065643310547,3562600
2017-01-06,198.60161741012058,201.80659108997605,197.84750816322685,200.74099731445312,3591100
2017-01-09,199.38857799946337,200.56892759497313,197.92953822373968,199.09349060058594,3022800
2017-01-10,197.43770098825917,199.54429935211877,195.94587943929253,198.8311767578125,3432900
2017-01-11,198.99508605482018,201.5115144623518,198.36392461080183,201.44593811035156,3532600
2017-01-12,200.87217943873475,201.20825358386764,198.0114842963903,199.87216186523438,4022300
2017-01-13,201.17547347999172,203.09354769650602,199.10987433514913,200.24923706054688,4186100
2017-01-17,199.13439916737698,199.23275742589357,193.1261028972932,193.232666015625,6277200
2017-01-18,193.44582699884182,194.83109784590917,189.7736385307695,192.04415893554688,7590500
2017-01-19,191.86383865313223,192.42121892804587,189.03591296966647,189.6834716796875,4561800
2017-01-20,189.8555897245445,191.17528414548826,188.970327705457,190.3310089111328,5211800
2017-01-23,190.052319427681,191.60152483945546,189.14246783616832,190.7162628173828,3136200
2017-01-24,190.0523373831311,193.49501501150252,189.2162544209484,191.54415893554688,4448200
2017-01-25,193.06055294200817,194.5359895584508,192.20808540106907,194.4704132080078,3716800
2017-01-26,194.65075753157808,197.37210745878048,194.65075753157808,196.3802947998047,4195600
2017-01-27,194.1835615482491,195.06063136020651,193.4540416845499,194.22454833984375,3253100
2017-01-30,193.10156583537722,193.6835356997108,189.77364377171028,191.7244873046875,3803300
2017-01-31,190.86379554235523,192.09332393320378,187.0194681057832,187.97030639648438,5156400
2017-02-01,188.9457668275702,190.87203343578472,188.13428590074102,189.07691955566406,4024500
2017-02-02,187.30638959143002,190.43759521618367,186.10965537910286,188.86380004882812,2775700
2017-02-03,192.23272207750318,197.63444863146373,191.97041661145073,197.5032958984375,7381000
2017-02-06,196.3967188251277,199.716436243988,196.04424743419668,196.70819091796875,4639200
2017-02-07,197.6672347863434,197.90495068346146,196.22459221445618,196.41311645507812,2660200
2017-02-08,195.33108789608056,195.85568619835462,193.69990899167036,194.86386108398438,2744700
2017-02-09,194.86389625712562,199.42134717589573,194.60979566745075,197.99510192871094,3550800
2017-02-10,199.48690753059978,200.13446624659238,197.7327806089438,198.95411682128906,3072800
2017-02-13,200.40495888522793,202.8558110940063,200.40495888522793,201.86399841308594,2998200
2017-02-14,201.65090989305568,204.92146091187809,201.38861692694343,204.4788360595703,4141500
2017-02-15,205.39682335948575,206.51978865213525,203.70006812914593,205.36402893066406,4296600
2017-02-16,205.16728660956068,205.56073215411791,203.64267105356708,204.4623565673828,2286300
2017-02-17,202.88040368547178,205.38044757911524,202.5525344074971,205.23291015625,3262300
2017-02-21,205.74107241724715,207.09354856762408,205.50336911173812,206.36402893066406,2794900
2017-02-22,204.97061907997139,206.84770647393202,204.9214399355728,206.33949279785156,2378800
2017-02-23,205.9952393985768,206.47885102584496,204.3640726375516,205.89688110351562,2594700
2017-02-24,203.03615007530055,204.00338572748154,201.7246604294735,202.749267578125,3565400
2017-02-27,202.6345538555327,204.72474286379298,202.14273731981612,204.37228393554688,2372600
2017-02-28,203.8133937304006,204.6352219309264,201.84922483274804,203.86270141601562,3627100
2017-03-01,208.50606291679998,209.68948513174155,206.49257355545086,207.68423461914062,5218300
2017-03-02,208.34987351796522,208.94159078184256,206.25420925340808,206.3281707763672,3020000
2017-03-03,206.328190914058,209.3607390523815,206.328190914058,207.83213806152344,3163700
2017-03-06,207.24042802456884,207.70064983754568,205.86797635369004,207.1089324951172,2467000
2017-03-07,207.50341748600178,207.92254537528532,205.71182539630146,206.1967010498047,2497300
2017-03-08,208.432083177144,209.37719321783962,205.13655630749585,205.65431213378906,3574400
2017-03-09,206.45967352779928,207.70885585535387,205.0625681491396,205.60496520996094,3061500
2017-03-10,206.96922058722757,207.01852827512405,202.88473323841745,204.12570190429688,3365900
2017-03-13,204.89822428756668,204.89822428756668,203.16416618710906,203.9449005126953,1801100
2017-03-14,202.8354310026828,203.673699339767,201.68487645382538,203.5832977294922,2144200
2017-03-15,204.1010521363795,205.68717464921033,201.8081442825714,202.81077575683594,3427000
2017-03-16,203.69012923175546,205.62141802363826,203.24633497074,203.99420166015625,2940600
2017-03-17,205.19404641834143,205.19404641834143,200.41101310746296,200.4767608642578,5438100
2017-03-20,199.9672767749122,201.29040835763678,198.4879832617942,198.9975128173828,2759100
2017-03-21,199.95904013325057,199.95904013325057,191.31340297231802,191.48599243164062,5660900
2017-03-22,190.0231410554714,191.42024666131968,188.33017675919953,189.89987182617188,6291300
2017-03-23,189.63690308951337,192.82560129080807,188.97943786222189,190.58200073242188,4770700
2017-03-24,191.48599506262175,192.06127236809368,186.5303713867417,187.71380615234375,6387300
2017-03-27,183.51429766165046,186.612594467682,181.50082044228097,185.30587768554688,9194800
2017-03-28,185.3879781021029,188.8149996596664,184.9935041385254,188.46983337402344,4471200
2017-03-29,188.51920951791325,188.9958714778954,186.9823944770111,187.74668884277344,2636000
2017-03-30,188.59314662952627,190.66415736733163,188.51097132713733,190.02313232421875,3156800
2017-03-31,189.45608421538776,189.6779813760729,187.97679071099543,188.7904052734375,2858400
2017-04-03,189.02046720976563,189.1026550376367,185.37977466493078,188.165771484375,3735600
2017-04-04,187.14671312543987,189.58754380984882,186.78510672180852,188.41232299804688,3042700
2017-04-05,190.787412723162,191.39557010913484,186.80976722166142,187.097412109375,5286900
2017-04-06,186.62896527960294,189.11910375376647,185.49485087658505,187.90280151367188,2927200
2017-04-07,186.22630475843448,188.05897842472285,185.92221974879456,187.2782440185547,2853300
2017-04-10,187.37680409398732,188.84787085409812,186.51388209342892,188.1082305908203,2653900
2017-04-11,187.19607562681156,188.52743364813603,185.2319062138239,187.1632080078125,3374700
2017-04-12,187.08917847280685,187.5822803923986,185.10035579996483,185.5277099609375,2947500
2017-04-13,185.05924311470642,187.51651361595583,183.3334116513736,183.53065490722656,3653700
2017-04-17,184.00733848374858,186.4563956753271,183.28413815760328,185.9468536376953,4190900
2017-04-18,180.24339189781733,180.71182751607816,175.19735400989842,177.17796325683594,12464000
2017-04-19,177.40805895909057,178.48465195194768,175.55073164271982,175.94520568847656,6428800
2017-04-20,177.10400719904723,179.96396630987195,176.69309302921184,179.2078857421875,5168200
2017-04-21,179.61058685223333,180.12833018099857,177.82722085291906,178.22169494628906,3845700
2017-04-24,181.7719498277406,184.75519011747272,181.04874956061067,183.448486328125,5353500
2017-04-25,185.89755336568703,187.36040669251935,185.03463116859723,186.25094604492188,3996900
2017-04-26,186.63717481958497,188.4945018936819,185.80712037603502,185.89752197265625,3765300
2017-04-27,186.30842233570235,186.30842233570235,183.69501507306722,185.57699584960938,2805800
2017-04-28,185.16609635877282,186.3659709617366,183.85939262479675,183.92514038085938,2936600
2017-05-01,184.82913679331165,186.05366519078933,181.56647819569207,184.78805541992188,3004800
2017-05-02,184.79632364984926,185.60171192322028,183.41564549825063,185.00999450683594,2602400
2017-05-03,184.45934454040042,186.30024429827043,184.35251539729313,185.98794555664062,3042200
2017-05-04,187.5905150507392,188.10827086996025,184.7552100475892,186.2180633544922,2935400
2017-05-05,186.45639220149303,186.94126784592015,185.157902097694,186.4481658935547,2435800
2017-05-08,186.34958094101765,186.83445666460156,184.58265498011087,184.93603515625,2316800
2017-05-09,185.29762005991972,186.20163616817936,183.21016924270359,183.8922882080078,2145400
2017-05-10,183.64571918492732,185.1989738468029,183.316980409336,184.81271362304688,2630400
2017-05-11,184.3771408171621,184.98528559066273,182.56910894972316,184.71408081054688,2440300
2017-05-12,183.6703743219495,184.49220245657528,182.8403198803121,183.1197509765625,2166100
2017-05-15,183.37456411275332,186.20165564878846,183.14445317750446,185.00999450683594,2468100
2017-05-16,185.27295393947375,186.4070808837636,184.42647188514542,185.40444946289062,1710700
2017-05-17,185.40445182639618,185.40445182639618,175.1480265909914,175.64112854003906,7525700
2017-05-18,175.87120039067494,178.83800011382257,175.75614496678972,176.82452392578125,4792400
2017-05-19,176.58624135733652,178.99420477740713,175.87125475504433,177.0135955810547,3747100
2017-05-22,178.6408021629005,178.8626993009753,177.0217995119662,177.53134155273438,2506100
2017-05-23,177.4902996437772,181.4515064370276,176.41370633038545,180.50640869140625,3308800
2017-05-24,180.8022252213063,184.41826470969056,180.3502171502321,183.9498291015625,4141600
2017-05-25,184.4264561440104,185.28115189306368,182.69239826477806,182.8321075439453,2640000
2017-05-26,182.45411022458433,184.27857019234676,181.77199117896993,183.7032928466797,1787100
2017-05-30,182.91990410009325,183.42290753617257,179.76994526837527,180.1080322265625,3097800
2017-05-31,179.9596000640955,180.00907374617753,172.85158329006876,174.20391845703125,8312000
2017-06-01,175.31713496565308,178.0547836903081,173.81636609879575,177.29615783691406,4057900
2017-06-02,175.58931296628012,177.46114768996767,174.73998087301777,175.8944091796875,3692000
2017-06-05,175.70467850580152,177.9558190047104,175.37483300447465,176.45506286621094,2696600
2017-06-06,175.23462937891875,178.1289650633324,175.20989254249793,176.9003143310547,2891300
2017-06-07,177.59300437072952,179.126751429339,176.71893576635466,177.93109130859375,2679400
2017-06-08,177.93106249323375,182.23544829669126,176.9827835191872,180.3883514404297,3765600
2017-06-09,182.09529900481388,184.58557920419688,181.2047349749222,183.4228973388672,4455400
2017-06-12,184.404159320257,185.7235035951745,182.98585510253906,182.98585510253906,3388200
2017-06-13,184.17329310328427,187.01814325681218,183.69502650685638,184.8741912841797,2767800
2017-06-14,183.87644164777427,187.13358934708947,182.86218074915917,186.7790069580078,3652900
2017-06-15,185.37723318141764,186.6471167552518,183.71980146381807,184.07437133789062,3378900
2017-06-16,183.59608395041937,184.4371744295127,182.34270852617587,182.90342712402344,3758300
2017-06-19,184.23926627895224,187.21605491754326,183.97540240533434,186.46568298339844,2900900
2017-06-20,185.95443795652548,186.80376990972303,184.86597895864008,185.61636352539062,2264200
2017-06-21,185.1545514908354,185.47614303012097,183.00235808721024,183.46414184570312,3015300
2017-06-22,182.59834000009877,182.97764669800998,180.8254529949976,181.2212677001953,3344600
2017-06-23,181.82318780893095,181.97986286375163,178.49182972271169,179.09378051757812,4448700
2017-06-26,179.97607352276657,183.03532605602916,179.51430240430867,181.77369689941406,2589500
2017-06-27,182.92813548139344,183.39816062902847,181.04806005549335,181.6417694091797,2899400
2017-06-28,182.95286243307325,185.2287523599542,182.02932019162554,184.06607055664062,3482800
2017-06-29,188.31278342616034,188.6591118664942,183.9094485075005,185.04739379882812,5063400
2017-06-30,185.78953365065573,186.3997385992316,182.68080637165716,182.9776611328125,3154300
2017-07-03,185.08857412913704,188.88995706677602,184.23098839936787,187.41392517089844,2846600
2017-07-05,188.3210671378724,188.76634303645204,185.70710170641001,188.0406951904297,2772000
2017-07-06,187.98297109696344,189.70637206671688,185.74007111838193,186.927490234375,3076600
2017-07-07,188.19730791257547,188.4117106590927,185.05560306613265,185.76475524902344,2697600
2017-07-10,184.93189406839704,187.4633937634928,184.67627167318062,186.22650146484375,2357500
2017-07-11,186.39147637896937,187.96645608629555,185.26178508491012,187.14186096191406,2742900
2017-07-12,186.6883155547738,188.8487631564232,186.41621025886937,187.50466918945312,2567300
2017-07-13,187.50466776704783,190.18460167741597,187.14184393216496,189.9866943359375,2852600
2017-07-14,187.3644658296044,189.33524725979902,185.616328559297,188.50241088867188,3703600
2017-07-17,188.60956610201637,189.35995039383505,187.3561910585001,189.04660034179688,2551800
2017-07-18,187.59532848454006,189.9536702602099,183.68674436362298,184.14027404785156,6400700
2017-07-19,183.81047192474463,184.8741939237952,182.78796960926644,183.77748107910156,4884600
2017-07-20,183.8846785629392,185.33596118250003,182.73849205635543,183.30746459960938,3497800
2017-07-21,182.96935844320345,183.31568678486207,180.66049024982675,181.55929565429688,3446600
2017-07-24,180.53681065460597,181.1882350938431,179.7616894301306,179.9101104736328,3123100
2017-07-25,181.69124287984823,183.77746703494913,181.5593046720006,182.7137451171875,3509500
2017-07-26,183.43110601447995,184.49484032515386,182.95283953293202,183.2661895751953,2792500
2017-07-27,182.9281565909825,183.64556281582762,181.7654745906486,182.6313018798828,2812500
2017-07-28,182.87038294289283,184.43710794963624,182.11999869361028,184.38763427734375,2483200
2017-07-31,184.6680697526216,185.94619467148436,183.92593919706138,185.80601501464844,1994900
2017-08-01,187.25725495568292,188.51888416047794,186.96040028500644,187.18304443359375,2986800
2017-08-02,186.68827398245796,187.78498667206443,186.0038713111587,186.58108520507812,1863300
2017-08-03,186.35845053435054,186.9686553002486,184.68452386578244,184.70101928710938,2106400
2017-08-04,186.39971096328904,189.4836883544922,185.5833573455649,189.4836883544922,3400300
2017-08-07,189.4919193085021,192.23782196249493,189.0713678373492,192.0646514892578,3809800
2017-08-08,191.63584492106577,194.46421189993978,191.05863102200556,191.3472442626953,3322500
2017-08-09,189.9207098685972,190.8854844245404,188.88171220656605,190.4896697998047,2571100
2017-08-10,188.84876032623703,189.20333015531642,185.92144540626506,185.94618225097656,3325500
2017-08-11,185.59161582104193,186.9192017859469,183.59608470740557,184.83297729492188,2956600
2017-08-14,186.66359623982635,189.5167009363655,186.60588112332164,187.47994995117188,2266100
2017-08-15,189.30226267224967,190.159835856672,187.59534514068673,187.6695556640625,1867000
2017-08-16,188.22202135816102,188.84046751349197,185.53384659929065,186.03684997558594,2393900
2017-08-17,185.02259336058478,186.3419375490258,182.326164723341,182.581787109375,3460300
2017-08-18,182.06231197064878,184.7834777996391,181.86441723696822,183.1837615966797,3149300
2017-08-21,183.3898999222084,183.3898999222084,180.75945277190144,182.0623016357422,2203300
2017-08-22,182.94465633802568,184.52787730720001,182.5076219727895,184.3629608154297,2021300
2017-08-23,182.97758834631745,185.37716232927175,182.5075758344761,183.67025756835938,2568000
2017-08-24,184.5196173872184,185.17929587048474,183.54658879337845,183.87643432617188,2263000
2017-08-25,184.41242171611574,185.49263913197063,183.16728781992717,183.44764709472656,2232500
2017-08-28,183.8104389280661,183.95885995985319,180.47082730735107,181.69947814941406,2641600
2017-08-29,179.77166745547723,182.13806442025032,178.5139986690529,181.99740600585938,2369100
2017-08-30,182.23732552159063,185.52214915282056,182.1049366931844,184.03280639648438,2411400
2017-08-31,184.71957916255343,185.74557375541576,184.16521508726893,185.12501525878906,2240600
2017-09-01,185.79515639712105,188.2856591472954,184.95119357925404,186.89561462402344,2346900
2017-09-05,185.21601105960565,185.34011769544497,179.79646491443458,180.19361877441406,5646200
2017-09-06,181.18651508676936,182.874441135784,180.05296569498864,181.06240844726562,3613600
2017-09-07,180.97967339554245,181.04586781577805,177.59556414725057,178.5884552001953,3594600
2017-09-08,178.31536064194188,181.43470400698573,178.22434491642736,179.7219696044922,3120900
2017-09-11,182.08835709691724,183.59423865321344,181.19475164168276,182.90748596191406,2971500
2017-09-12,184.1320771125952,188.39325223400414,183.70183239231238,186.95355224609375,3745800
2017-09-13,186.37437580129523,187.93818248946639,185.9358488682568,187.45828247070312,2383500
2017-09-14,187.07766855794193,188.73249087999258,187.0362954748322,187.69822692871094,1986600
2017-09-15,187.9464458688452,187.99610114525615,185.19117772944335,186.34954833984375,4365800
2017-09-18,187.24316722059447,189.4771750564635,186.71362452894186,188.26087951660156,2466800
2017-09-19,188.65803226983027,190.42042225096108,188.09539868682327,189.4027099609375,1858000
2017-09-20,189.89086990638543,191.66979893164398,189.06345870853627,190.1308135986328,2682300
2017-09-21,190.2135471744338,192.0421313557382,189.8081111692263,191.37191772460938,1800800
2017-09-22,190.83410946896456,191.53741400519786,189.37787037222884,191.15679931640625,1861800
2017-09-25,190.94170218306982,191.84357743668565,188.94763799365597,190.51971435546875,2261800
2017-09-26,191.0161606786304,191.49606071614983,189.501996584033,190.25494384765625,1770000
2017-09-27,193.67213888934523,194.93807697116907,192.71233890075032,194.2430419921875,3072100
2017-09-28,194.44165157549733,195.43454259039848,193.20053465054735,194.83053588867188,2121800
2017-09-29,194.4499293877282,196.5929342975603,194.08587901288794,196.25369262695312,1902300
2017-10-02,196.26188961048643,199.4888001339262,196.1791560844229,199.116455078125,2501300
2017-10-03,199.46400137476581,200.8209550835343,198.32217000844284,199.9190673828125,2010800
2017-10-04,199.91909650599948,200.96164273157285,198.67797966625466,198.83518981933594,1840400
2017-10-05,199.40609023261374,203.80792367880184,198.67796436926417,203.59278869628906,3521300
2017-10-06,203.79141232066553,204.43679214556101,202.39308515829364,203.5597381591797,2396100
2017-10-09,202.83980935009558,203.8327126882649,200.25002140634075,200.89540100097656,2165200
2017-10-10,200.89544492740836,201.6649312949208,199.9852875435078,200.72996520996094,2187100
2017-10-11,200.2335089562925,201.22639986407506,199.69569673028738,200.56446838378906,2175700
2017-10-12,200.50654191108777,201.40841701839935,197.54440853199188,198.41319274902344,2148200
2017-10-13,197.75128052157643,198.12361304352493,195.96406926587173,197.36239624023438,2491000
2017-10-16,197.42027416779035,200.86229441133563,197.21342141305684,200.5727081298828,2969200
2017-10-17,202.2524417782386,202.62477437791838,194.59888643638266,195.3435516357422,7088400
2017-10-18,195.9888267519586,200.7712610101335,195.9888267519586,200.25827026367188,4235900
2017-10-19,198.86825728649637,199.3977998704437,197.00658236437508,198.5703887939453,2710900
2017-10-20,201.01954915720842,202.92259744834735,199.1330526252044,202.49234008789062,3022800
2017-10-23,202.21102449575713,202.98879305085342,199.72052130628956,200.34107971191406,1963300
2017-10-24,201.557376938671,203.7500116073742,201.0609251597642,202.58335876464844,2285300
2017-10-25,203.67555353674922,203.95687032782058,199.24062879256053,199.9935760498047,2904300
2017-10-26,200.7382264984585,201.88832753143322,199.84462091074326,200.0018310546875,1948800
2017-10-27,199.28200187955187,200.59758271893875,198.30565005278936,199.9935760498047,2111500
2017-10-30,198.66142945798464,200.72167521692933,198.18979902503082,199.31507873535156,1764400
2017-10-31,199.14128805862535,202.03722677150418,199.0999276058169,200.63063049316406,2658700
2017-11-01,201.7973164868116,204.70152524541396,200.98645704820882,202.10345458984375,2969600
2017-11-02,202.4592231722335,204.98282954098858,201.37531665613494,204.27125549316406,2509100
2017-11-03,203.02190453790524,203.77485184317652,201.21815398273074,202.2193145751953,1954600
2017-11-06,201.47466971512395,202.36827551472754,199.9605053845703,201.46640014648438,1744800
2017-11-07,201.8138847684412,202.6992082572429,197.61890359283316,198.42149353027344,2483900
2017-11-08,197.91673499720528,200.49826624573743,196.5515117157511,199.61293029785156,2349800
2017-11-09,198.1732298556677,200.53962612864817,196.79145482087475,199.23231506347656,2122400
2017-11-10,199.97700959066836,201.3256938506309,198.5786826800826,198.70278930664062,1845600
2017-11-13,196.89906032446083,199.32336927794034,196.22885921787554,198.80210876464844,1953900
2017-11-14,198.28911082000656,199.306835798056,194.96292652070088,196.29505920410156,3000200
2017-11-15,194.41675555145707,197.04791636130906,193.24183349561537,196.6011199951172,2564100
2017-11-16,197.2382746035385,199.14959234606226,197.0893340309135,198.05740356445312,2304300
2017-11-17,197.63543679629908,197.81746826761398,196.19573678461558,196.94041442871094,2826400
2017-11-20,197.56926063581622,197.56926063581622,196.18748533977623,197.0314483642578,2000700
2017-11-21,198.0905154745863,198.23944342822972,196.54324796840964,196.94041442871094,2223800
2017-11-22,196.8742158416201,197.70989657834966,195.566904677774,195.62481689453125,2177200
2017-11-24,196.4439872585829,197.38723562562035,194.8967321839999,195.22769165039062,1268500
2017-11-27,195.06215058713337,195.99712909239474,194.27611263262506,194.53260803222656,1999600
2017-11-28,195.3434888909491,198.57866941015965,193.88724986037963,198.0904998779297,3212900
2017-11-29,200.2402259604373,202.91286335743823,199.53471129003015,200.33152770996094,4500000
2017-11-30,202.58091758603447,208.15858334371785,202.52281070050006,205.54405212402344,6364600
2017-12-01,207.3202433689233,208.0672485517304,202.5310741165713,206.63133239746094,4765400
2017-12-04,211.56162691315055,211.56992246861162,207.51116681340503,208.04237365722656,3326100
2017-12-05,208.16682805909838,208.62333678842091,205.3530903737772,206.11669921875,2526800
2017-12-06,204.38196094896767,205.90917850617913,203.46064801712362,204.14125061035156,2331400
2017-12-07,203.03737047289002,207.07122610251548,202.8547669644115,206.3076171875,2667000
2017-12-08,207.91781632258258,208.0672122671035,205.1787766883337,207.79331970214844,1959100
2017-12-11,207.5028275091322,208.66483827719634,206.4736089252986,207.61073303222656,1494200
2017-12-12,208.17510083838286,214.30889558185675,208.07550355014163,213.8772735595703,3464200
2017-12-13,213.98521651115925,216.21794898969333,212.11769104003906,212.11769104003906,3482300
2017-12-14,213.42082640047775,215.4294397196272,212.05130004882812,212.05130004882812,3353200
2017-12-15,213.06396462225624,214.94808163005686,211.45372760244808,213.45407104492188,5283400
2017-12-18,215.802958451751,217.46298120907218,215.10575193326858,215.81954956054688,2575600
2017-12-19,217.13094001064658,217.29692705652872,212.6322680573722,212.88128662109375,2195500
2017-12-20,214.86503580196285,215.04763931358826,211.27939332770643,211.8022918701172,2052400
2017-12-21,212.98922574754417,217.537697606373,212.71533311457569,216.64129638671875,3337800
2017-12-22,217.1808072520721,217.57922188190304,213.91055998912117,214.9480743408203,2100600
2017-12-26,214.3006746617833,215.13899439586186,212.48294742112137,213.9105682373047,1289300
2017-12-27,214.1263563518279,214.1263563518279,212.0845226755384,212.44142150878906,1567900
2017-12-28,213.29631799450198,213.31290910211456,211.735892661121,212.8979034423828,1301000
2017-12-29,212.37503334220432,213.02244128342926,209.91820645370203,211.45372009277344,2519300
2018-01-02,213.95203124817095,214.06824500351277,210.75649493043295,212.20901489257812,2258300
2018-01-03,212.0513085319879,212.59913175953187,210.17548733086045,210.23358154296875,2988200
2018-01-04,211.8437881772389,215.57054360775612,211.0884874924302,213.1717987060547,2583200
2018-01-05,213.46234310188171,213.71964463037466,210.56561118630248,212.08453369140625,2594700
2018-01-08,211.44542375695497,211.80232261286451,208.8474837812626,209.00518798828125,2940500
2018-01-09,209.82690448569116,212.1509391605663,209.67749583364292,210.7731170654297,2637300
2018-01-10,211.65286198136513,211.7773585988971,209.45333730519232,211.0967559814453,2927200
2018-01-11,212.27537562349733,212.39157669104253,209.96794537869533,211.76077270507812,2422400
2018-01-12,212.27538564314344,213.5618929999161,210.8975638736682,213.33779907226562,2849200
2018-01-16,215.18041996975634,217.2720392341,212.81488280381282,214.5247039794922,4445500
2018-01-17,216.6163609837538,217.46296340188528,206.54001151355718,210.53236389160156,8608100
2018-01-18,211.2295964261507,211.27108686234507,208.00085272919839,208.30795288085938,4984500
2018-01-19,208.33282027848543,212.59909019076315,207.7186074043323,212.5824737548828,4643400
2018-01-22,212.02641251378788,218.18509566671472,211.810614106208,217.0645751953125,5264700
2018-01-23,214.14290402644536,216.01873757039522,213.1883961481281,215.87762451171875,4003600
2018-01-24,216.41716714145622,220.60043174417507,216.05196009431754,220.51742553710938,4314000
2018-01-25,221.0735490832526,224.51809144610533,219.96133680847268,223.2979736328125,5055000
2018-01-26,222.01973747202328,223.27306277010456,220.82451905013033,222.55926513671875,3535400
2018-01-29,223.3062429215266,227.24879652020502,223.11533120744585,226.16148376464844,3881100
2018-01-30,224.4267779152503,225.76308401150806,221.70431640896135,223.22325134277344,3970400
2018-01-31,222.89953078862249,224.10305733964287,221.0569046372991,222.35174560546875,3710200
2018-02-01,220.90754148752586,226.25281723101523,220.78304483650064,225.9540252685547,3388200
2018-02-02,224.10310432202076,225.55562444262645,215.2634869397514,215.83619689941406,5913900
2018-02-05,213.73623263610898,218.54198015534774,200.44774270561467,206.76412963867188,6528500
2018-02-06,202.6970694372505,214.76542842218583,200.95404060435877,214.72393798828125,6739900
2018-02-07,212.39988087590302,217.42146430343917,212.20068627485412,213.39590454101562,4125000
2018-02-08,214.08483319408163,214.79034794634944,204.22430642624877,204.4733123779297,4166200
2018-02-09,207.18741098779813,208.88893663926444,198.6133929734533,206.92181396484375,5978600
2018-02-12,208.45738592040485,212.6074434753798,206.5234702449606,210.12571716308594,3692500
2018-02-13,209.17117544069944,212.81492510353993,207.98426517767555,212.0928192138672,2700500
2018-02-14,211.65289164469394,218.05227198203968,211.22128220181568,217.94436645507812,3793800
2018-02-15,220.5838216127092,222.44303890694897,218.21828422998766,222.17742919921875,3523100
2018-02-16,220.77471717862525,223.5054616904032,220.7000191945868,222.1276397705078,2602500
2018-02-20,221.52170147828687,223.14851633902168,218.55024719548732,219.86167907714844,2618400
2018-02-21,219.0566068547989,224.10306472264048,218.40089079526533,218.62498474121094,3017900
2018-02-22,219.45497210215288,221.0486048666989,216.40053674420093,216.98983764648438,2678900
2018-02-23,218.29300050712013,221.59645503281163,217.7949885958691,221.42213439941406,2507100
2018-02-26,222.02802931896954,225.58047677487565,221.42211193326625,225.1488800048828,2751400
2018-02-27,224.9331515468368,226.69277214821275,222.385009765625,222.385009765625,3140600
2018-02-28,224.01636170136132,224.3076608511679,218.54787297052246,218.84750366210938,3104300
2018-03-01,218.58113038346823,219.36353321529788,213.2458451551338,213.7285919189453,3483500
2018-03-02,212.24703230380052,215.77615130083265,209.8332476048674,214.84393310546875,3122800
2018-03-05,213.46223459709228,220.19587241081308,213.2791185019894,219.00563049316406,2445800
2018-03-06,220.3789589011734,222.95922156698776,219.08050872888626,222.17681884765625,2217300
2018-03-07,218.64776991942648,221.76071870570138,217.19950397518852,220.86180114746094,2509400
2018-03-08,221.80223939568592,223.15062775499405,218.59772145722548,221.68569946289062,2565400
2018-03-09,223.6501196718319,225.63940218987153,222.26843005210688,225.373046875,4410600
2018-03-12,225.56449481118574,229.15188382204053,225.37304716567974,227.54547119140625,3065600
2018-03-13,228.34449123890695,228.91880872283102,222.601341800705,223.5085906982422,2288100
2018-03-14,225.06505577145023,225.38134949213855,219.66316950286193,220.09597778320312,2478700
2018-03-15,221.169751843511,223.89983054564667,220.86178959800543,221.9105224609375,2255200
2018-03-16,221.41107768845077,224.6072646599154,220.8450664010278,222.7344970703125,4114400
2018-03-19,222.22676087349015,222.65126299856684,215.96756441880083,218.5145263671875,2426900
2018-03-20,219.14712775232616,220.2707934837703,217.98185512014047,219.0638885498047,1514800
2018-03-21,218.9140968520271,221.8106283644892,216.66676514659727,217.94857788085938,2817600
2018-03-22,215.09365269060828,217.09126675610847,209.89982563905863,210.24942016601562,4489300
2018-03-23,211.1067196921816,211.40636305643426,203.86534050616257,204.1400146484375,3634200
2018-03-26,208.6263278936468,212.54666074422067,206.79517969550022,212.1471405029297,3787200
2018-03-27,212.9877963630943,213.96163407596663,204.4313295537614,205.8046875,2981500
2018-03-28,207.06986529011368,209.10909891228187,203.39923714989888,207.56094360351562,2660200
2018-03-29,208.74284219641504,210.5656714410997,206.6952899740023,209.63345336914062,3073900
2018-04-02,209.13406820856426,210.24941519092144,202.8998400671852,205.87962341308594,3429900
2018-04-03,206.92840161553445,208.826139043341,204.67275077167795,208.568115234375,2488200
2018-04-04,204.51456875328626,210.7654468043934,203.51574911910885,210.2660369873047,2853200
2018-04-05,211.83083865660143,214.7440329013877,210.91525824231815,212.92120361328125,1924800
2018-04-06,209.3171946086242,212.53003265806387,205.32195367504582,208.06036376953125,3621900
2018-04-09,209.317143781835,214.32784093975602,207.394437803934,209.90811157226562,3256700
2018-04-10,214.7107589708416,216.3171970170674,213.03775749625007,213.55381774902344,3113900
2018-04-11,210.24106989617374,212.10551883826935,207.91051189368403,210.5323944091797,3322000
2018-04-12,213.30406503406851,217.01632498526433,212.33855891775383,216.06744384765625,3059100
2018-04-13,218.0235007331605,218.48960986879717,211.8641669679749,213.01280212402344,3026200
2018-04-16,214.01990910323508,216.9580726918212,213.62870770074167,214.6441650390625,3257400
2018-04-17,217.7405281107947,218.28154497236656,210.0330381657048,211.1067657470703,10134400
2018-04-18,212.1637289413181,213.9282879062844,209.9580302351103,211.4146270751953,4524800
2018-04-19,211.41467111837255,213.21253121222819,210.44083340933054,211.55616760253906,3990000
2018-04-20,211.497930463908,212.813018548002,209.31718761068953,209.7167205810547,2930600
2018-04-23,209.46698571921982,210.37423456297924,204.91407842005472,205.3135986328125,3775900
2018-04-24,207.10314832314884,207.377809749115,199.79518073178204,201.8344268798828,4705100
2018-04-25,201.58472254327515,201.80945822931037,197.68935902091454,199.12098693847656,5041400
2018-04-26,199.15432444500846,201.1436198241627,198.10556618368702,199.8368377685547,2891100
2018-04-27,199.76189417183625,201.36830664121888,198.94620332677997,199.59542846679688,2136800
2018-04-30,200.56926754994421,202.31718921612196,198.2803291635549,198.37188720703125,2790500
2018-05-01,197.68935215254095,198.01396470974964,194.73455107817512,196.9901885986328,3269800
2018-05-02,196.9319361348647,198.02230109213755,194.28508447246378,194.80946350097656,3710900
2018-05-03,193.47771077012837,194.76784217936898,189.27438514025616,194.27676391601562,4511400
2018-05-04,193.36118573155548,197.0900708206734,193.3362165111332,195.5502471923828,2622300
2018-05-07,196.43255888544965,198.2387380935118,195.83327209653712,197.43136596679688,1979400
2018-05-08,198.2970157243667,200.31128034783714,196.43256645363593,197.26490783691406,3267000
2018-05-09,198.08059367336088,201.46822911125363,197.47298803555128,201.20187377929688,2434000
2018-05-10,201.5181372195988,204.27318467954547,199.89507434899028,202.62515258789062,2599000
2018-05-11,202.62514275534284,203.84868532931725,201.18519604262823,202.19232177734375,1540100
2018-05-14,202.7583184269526,204.65605531908264,202.6750792279657,203.01634216308594,1928500
2018-05-15,202.2589219320523,203.04964357234118,200.3195653129213,201.0603485107422,2165700
2018-05-16,200.81895206818203,201.29337991764442,200.25295348402216,200.56092834472656,1965200
2018-05-17,200.11143996368455,201.7927724933142,198.74640110709367,199.01275634765625,2462700
2018-05-18,198.18048843872862,198.71318641600575,197.15669939292098,197.26490783691406,2699000
2018-05-21,199.01278897986754,199.82016097199718,197.53122263772673,197.84750366210938,1951700
2018-05-22,198.67983476530188,200.34451710552312,198.08054810678078,198.09719848632812,2551500
2018-05-23,197.16500038501496,197.9890100984489,195.08414724924108,197.93907165527344,3114000
2018-05-24,196.93191763784765,197.4063454805685,194.47650112897594,196.5157470703125,2308700
2018-05-25,195.60021692530296,196.53243517158873,195.00093013825608,195.60853576660156,1985600
2018-05-29,192.7036318425515,193.49435341644264,187.2934142204815,188.96641540527344,5323600
2018-05-30,191.2300699753708,191.83982420167624,189.00820974554878,191.41383361816406,3348600
2018-05-31,189.89359589003155,190.53676859392732,187.17892096883844,188.67408752441406,5334900
2018-06-01,190.7789976860301,192.32427929537073,190.5200614991034,190.73724365234375,3330900
2018-06-04,192.40778077173655,193.07599814447855,191.23837487857924,192.02354431152344,2133600
2018-06-05,191.23005769235178,191.56416643300696,189.85183045992827,190.7288818359375,1986200
2018-06-06,191.99016552473262,194.27048885600976,191.58087149278802,193.97813415527344,2566400
2018-06-07,195.3647196556221,197.0603464180041,194.2370803181773,194.9971923828125,2905000
2018-06-08,194.62133725153635,195.6821524009849,194.0784072887075,194.9470977783203,2253100
2018-06-11,195.9744533235036,196.42551410938515,195.11411127296455,195.53175354003906,1936800
2018-06-12,195.55683708260676,196.4840035487237,193.66909837255048,194.31227111816406,2080000
2018-06-13,195.16421735843497,198.98982187890417,194.70482108205846,195.3145751953125,3637400
2018-06-14,197.0185938780572,197.0353031404195,194.2788611405475,195.1642608642578,2899600
2018-06-15,193.36838975232035,194.74660427873218,191.98181422262252,193.71920776367188,4738100
2018-06-18,192.2824834353348,193.51035263219376,191.40543218823132,193.27647399902344,2327500
2018-06-19,190.62868566554553,191.31361252933021,188.9080011288331,190.71221923828125,3326600
2018-06-20,192.04864578717942,192.0653550489517,189.57621035304348,190.2945556640625,2678300
2018-06-21,189.10008065123827,190.80405563235811,187.579869302304,189.5928955078125,3094600
2018-06-22,190.2611425847948,192.53311792440508,188.4235188456658,188.79104614257812,2731800
2018-06-25,187.52138283038354,188.0559644364302,184.08836279525283,185.04893493652344,3817700
2018-06-26,185.24940604509254,186.10139985281586,183.02754608839777,185.0823516845703,2692900
2018-06-27,184.99883643616897,188.3316267009716,183.87955808995005,183.9129638671875,3104200
2018-06-28,183.9714273845341,187.65503541399738,183.4117882495244,186.61927795410156,3072600
2018-06-29,187.4378834900488,188.0810562843179,184.13851144054595,184.23875427246094,3393700
2018-07-02,183.5538120421415,186.5524810434482,182.8354666933879,186.48565673828125,1723200
2018-07-03,187.48796411388804,187.63830920578965,183.7542413865045,184.0800018310547,1204400
2018-07-05,185.01556435847246,185.55014606621458,183.57887362914673,184.38075256347656,2218200
2018-07-06,184.21366096857386,186.43552107424293,183.66238281643072,185.2577667236328,1846400
2018-07-09,186.56918190615542,190.61195659599034,186.2684789191592,190.43655395507812,2743900
2018-07-10,190.44487080712904,191.17156426193432,188.64901418497078,189.4842987060547,2524800
2018-07-11,188.57384674049,189.81842538306213,188.1060894036776,188.49032592773438,2527000
2018-07-12,190.14415290272683,190.27780147448354,188.58217504978705,189.7933349609375,2223100
2018-07-13,189.30055440450508,190.96276261396758,187.04527577114743,189.11679077148438,2541500
2018-07-16,189.77664158805524,193.31825256347656,189.39241784388057,193.31825256347656,3271200
2018-07-17,193.351661494591,194.81340943765647,189.50099926046988,192.96743774414062,9280200
2018-07-18,194.06998934535585,195.22268598444194,192.24071432956427,193.15118408203125,6149900
2018-07-19,193.04261405731984,193.77766854441555,191.2634538762499,191.806396484375,4638500
2018-07-20,191.28851507203024,193.8277873060507,191.1131124495106,193.52708435058594,2683500
2018-07-23,193.61895300469237,196.174921579721,193.55212871408264,195.256103515625,2788500
2018-07-24,196.08310166125955,198.36342553677753,195.74063184333033,197.0269775390625,2887400
2018-07-25,196.30020661716236,197.8371397904266,195.41480708254986,197.7034912109375,2181500
2018-07-26,197.9624547299318,199.08173306064043,197.48633637922975,198.05433654785156,1885500
2018-07-27,198.76433699544899,199.46597302868457,197.11882524782106,198.49703979492188,1998200
2018-07-30,198.79769936155745,200.24273789323848,197.8705331110204,199.59121704101562,2454100
2018-07-31,200.0506854598125,200.0506854598125,197.58659814624173,198.32164001464844,2503700
2018-08-01,199.21540476421507,199.967155910435,196.94342931708076,197.1605987548828,2510500
2018-08-02,195.3981449166159,196.46732106478032,194.42922434537596,195.44827270507812,2579700
2018-08-03,195.82410822516343,196.726217051496,195.03059046680795,195.53175354003906,3053100
2018-08-06,195.57352605753783,197.9457311452616,195.4816442462667,197.0686798095703,2259600
2018-08-07,198.17123417701825,200.0172184047382,197.53642258845164,198.65570068359375,2399500
2018-08-08,198.8979663223671,199.76666945013696,197.31927892668415,197.43621826171875,2522400
2018-08-09,197.41951462646324,197.83715691444354,194.94706667363013,195.2728271484375,2951900
2018-08-10,192.92564492212293,193.33493887927943,190.53673095358337,191.78965759277344,3863400
2018-08-13,191.6894321772755,192.02354085763696,189.25040312343512,189.4926300048828,2662700
2018-08-14,189.9019530332374,192.42450327048738,189.8601862554432,191.7479248046875,2359000
2018-08-15,191.5725014420529,193.40176375526448,190.7037984415312,191.4889678955078,3218500
2018-08-16,192.67512298226677,194.8635648491077,192.49135932599717,194.621337890625,2438300
2018-08-17,194.21202964852708,195.22272968439836,193.4853360805724,194.93873596191406,2107200
2018-08-20,195.5652057892728,197.11047479671294,195.52343900627542,196.94342041015625,2604900
2018-08-21,196.53412596005052,200.07573757738538,196.53412596005052,199.34068298339844,2437300
2018-08-22,198.70583219331166,200.1926376061106,198.44689603367357,199.9169921875,1870900
2018-08-23,199.67479025022067,199.86690214341678,196.99352102156288,197.41116333007812,2064700
2018-08-24,198.26317966368046,198.6307069760695,196.04131927182536,196.3837890625,1948100
2018-08-27,197.9540832342651,203.5170684579949,197.59490426258571,202.64002990722656,4106900
2018-08-28,203.02428546082527,204.71156402646145,201.79641600284157,202.44793701171875,2951000
2018-08-29,202.85017581179017,203.47032514973452,201.3919629807565,202.30543518066406,1911700
2018-08-30,201.8026581987742,202.0708278357669,200.02598160467508,200.62937927246094,1963700
2018-08-31,200.24387657348845,200.58748049862123,198.71861785468906,199.296875,1965500
2018-09-04,199.254924714602,199.55662347036449,196.59830559830039,199.17112731933594,2083500
2018-09-05,198.6264412688552,200.67128753212052,197.92248157457624,199.08737182617188,2092000
2018-09-06,198.61803520907606,199.9840620749217,196.00332086292545,196.5396728515625,2651400
2018-09-07,196.98383500283646,197.47828188548436,194.99764599285982,196.02845764160156,1952900
2018-09-10,196.95029019288128,197.36093963899222,194.20987361391118,194.3523406982422,1948100
2018-09-11,193.31316953286864,194.13445570672334,191.62869208914174,192.92767333984375,2719400
2018-09-12,193.5143070033869,194.41940337246737,190.4889432022749,191.20127868652344,3577700
2018-09-13,192.33264490687046,192.62596778104347,190.71521311609095,191.3521270751953,3003600
2018-09-14,191.9807006578156,193.21263649709746,191.71251823321245,192.1147918701172,2228300
2018-09-17,192.2488351962157,192.8857619445446,190.48893630971628,190.98338317871094,1918800
2018-09-18,191.36891508060097,192.24885823548408,189.87718560333343,191.8214569091797,2498100
2018-09-19,192.66790362057057,198.01467264403544,192.34945296288535,197.42803955078125,3716500
2018-09-20,198.6180471114803,199.88349926378754,197.80513678172585,198.95326232910156,2503000
2018-09-21,199.50638225761475,199.89189127315302,196.79948160686487,197.2268829345703,3760300
2018-09-24,196.7240298735206,197.56208059035612,194.6289030814318,195.1820068359375,2057000
2018-09-25,196.64026067171005,196.64026067171005,194.62055495414404,194.84683227539062,2003200
2018-09-26,195.23235984806337,195.26587626034342,191.27675824158058,191.8131103515625,2372700
2018-09-27,191.72082653537376,192.62592265742882,190.67326335535216,190.85763549804688,2451500
2018-09-28,189.18998222824723,190.57276103645364,187.5557856037375,187.92453002929688,3097800
2018-10-01,189.58384685405312,190.73197232079417,188.56142388818157,188.83798217773438,2451300
2018-10-02,188.79603225082704,189.67598791088253,187.6981880451234,189.45809936523438,2272700
2018-10-03,190.86606433370247,192.55893048264596,189.88554645978707,190.89120483398438,2573900
2018-10-04,192.13153049384476,193.92495877544926,188.8882778432094,190.63980102539062,2903600
2018-10-05,191.07556362230702,191.4191674855735,187.8993570290062,189.15643310546875,1722400
2018-10-08,187.94129687260028,190.17051541441853,186.46633184002368,188.8547821044922,2522900
2018-10-09,188.553022393719,188.6619602838076,186.4914121457803,186.80987548828125,1862900
2018-10-10,187.0864747703778,187.4216899924775,179.81218680451678,180.0887451171875,3955500
2018-10-11,179.51050486365813,181.04413958482678,176.78683936823862,178.47970581054688,6217400
2018-10-12,181.85700480244836,182.67829092101726,177.21420947691018,179.23390197753906,4161300
2018-10-15,179.72000791348063,181.97436681735832,178.5467418014008,180.3653106689453,3333800
2018-10-16,183.82645612646218,186.04728572843442,181.27039851725957,185.79586791992188,5924200
2018-10-17,184.81531831066616,191.82979851927416,184.4130575585511,191.31021118164062,4953700
2018-10-18,190.65654798772215,191.6873468424573,187.6060437314242,188.51951599121094,2995400
2018-10-19,188.77934374747977,191.32702567987752,187.88263592162258,190.20404052734375,2759100
2018-10-22,190.1788506378198,191.80467113951227,185.64500579705717,185.71205139160156,2736800
2018-10-23,181.51340669508363,183.9689020126873,179.61104072251487,183.16436767578125,3318200
2018-10-24,182.8123919613695,183.4744464340726,174.64977296941817,175.30345153808594,4152700
2018-10-25,177.05499112203458,180.75917401944568,176.27559725035928,179.3512420654297,3179700
2018-10-26,176.6024332507976,180.01330598547426,175.59677489532024,177.9684600830078,3557900
2018-10-29,179.46853207938955,182.87102827983963,177.70863348016096,179.75347900390625,3278200
2018-10-30,181.01061004235447,184.6645123072431,180.21445149441718,183.76779174804688,3897400
2018-10-31,185.95506247153938,191.91360324087287,185.54441304009424,188.87147521972656,4369600
2018-11-01,189.19832483435613,191.8130517610203,188.95529575354226,190.21237182617188,2557600
2018-11-02,192.75170657420026,194.16801463809426,189.64253211550619,192.49191284179688,3699000
2018-11-05,191.34377038097156,193.67355064998586,190.19563205585249,191.67898559570312,2565200
2018-11-06,191.2348644497905,192.34947384178182,190.27948679774704,191.2432403564453,2275600
2018-11-07,192.79354216776858,195.09818130677385,190.15367511778018,193.8243408203125,3514300
2018-11-08,193.58971733463036,196.15415050524862,193.2545021599291,194.1344451904297,2404800
2018-11-09,194.16799709385486,194.16799709385486,186.29870038278227,186.59201049804688,3721700
2018-11-12,186.04728217680895,186.30707588517748,171.90936892505772,172.6803741455078,11019400
2018-11-13,171.29757499209705,175.64706060346253,169.5628165202325,171.84231567382812,6984800
2018-11-14,172.83955861498163,173.76140659315848,166.30276144297991,169.69686889648438,5742500
2018-11-15,169.1186254769412,171.38135969781996,167.04026342398066,170.74444580078125,4260000
2018-11-16,170.0655987115296,171.58248100874405,167.90343945998382,169.38677978515625,2829600
2018-11-19,169.1437872314382,169.5376721135266,165.389323389284,166.11842346191406,3419100
2018-11-20,163.5037563577149,164.1658110257786,159.5230140798952,160.35267639160156,5513800
2018-11-21,160.9811705148185,163.62103813216348,160.2269299313714,161.40858459472656,4111700
2018-11-23,160.57889016149588,160.7967787331926,158.34129639636492,158.4753875732422,1862600
2018-11-26,160.21018625757213,163.61267080691422,159.80792541304405,162.86680603027344,3143300
2018-11-27,162.0790462255496,163.1014693924883,160.53703556931637,162.28855895996094,2345400
2018-11-28,163.28581989086194,166.31118388463625,161.09850672320087,166.22738647460938,3762900
2018-11-29,164.93999413200646,166.1432538933129,162.53346176996632,163.95550537109375,2665700
2018-11-30,160.3540783799088,161.09454078071087,158.29252916240978,160.45504760742188,6220000
2018-12-03,163.24026775459555,164.6370690034427,161.23762530960815,161.2460479736328,4017000
2018-12-04,160.45501225801726,160.80841731587904,154.51441767884518,155.0865936279297,5797500
2018-12-06,152.5791525348608,155.56628346556053,151.58624121945203,154.9015350341797,5275500
2018-12-07,154.69955623844515,156.71901763869153,150.61854581114514,151.18231201171875,3921200
2018-12-10,150.2819962579755,151.32537924450386,146.98352244416975,150.47552490234375,4528300
2018-12-11,153.26908409664426,155.1875761985045,147.6314094871629,148.76736450195312,4713900
2018-12-12,150.19789173098832,151.4600588883916,148.498169697312,148.68328857421875,3677300
2018-12-13,149.63409402224718,150.3577368882625,147.35377351812338,148.0269317626953,4008600
2018-12-14,146.6974499081414,148.31302201511042,145.03980300287836,145.3763885498047,5078300
2018-12-17,142.540716542037,144.24884813003018,140.1257745395831,141.37110900878906,8395800
2018-12-18,142.8604536153615,145.58673855939298,142.4733963153018,144.3077392578125,5150800
2018-12-19,144.3834669069116,147.12658435056753,141.02611137769202,142.41448974609375,5316100
2018-12-20,141.69082437703113,144.4339285448109,140.65585134272428,141.70765686035156,6488200
2018-12-21,141.5730612829376,142.73425899969936,134.1431035393634,134.6732177734375,8960000
2018-12-24,133.78969866357022,134.63114330925305,129.84332122100952,131.55987548828125,3783500
2018-12-26,132.10679748037512,137.24802431627757,127.647138691815,137.0965576171875,7054700
2018-12-27,134.73208586667107,139.18333435058594,133.8065046434404,139.18333435058594,4973000
2018-12-28,139.37688072207138,139.63772648944314,136.33085542913565,137.1807098388672,4110500
2018-12-31,137.81178155835258,140.62220315533494,137.81178155835258,140.5633087158203,4550000
2019-01-02,138.2745872854048,144.93882671770254,137.44997520448828,144.7537078857422,3999400
2019-01-03,143.60096998696574,144.53497421122557,141.60673711712917,142.63330078125,4060200
2019-01-04,145.56147216202822,148.0942151974747,143.97114275104136,147.2948455810547,3788300
2019-01-07,147.44633555178106,149.634096675577,144.9556666939534,148.111083984375,3152100
2019-01-08,149.59201722074678,149.86128565073886,145.48576353934544,147.5641326904297,2692700
2019-01-09,148.17841566576192,149.51630964700632,147.17709442615723,148.48974609375,3321400
2019-01-10,147.80816544988986,149.83605007130376,147.67353122884577,148.09425354003906,2808700
2019-01-11,147.3369680769113,148.96935996515546,145.0818896660732,148.87680053710938,3182700
2019-01-14,146.84890068478686,151.07294291524966,146.4954955284189,150.38296508789062,3361700
2019-01-15,150.04638372087595,151.4515944419317,148.43079904336267,151.38427734375,2911800
2019-01-16,157.3501312923245,166.73223291542843,156.17211405478295,165.83189392089844,15194200
2019-01-17,164.88102793421234,168.1205940163099,162.255725509699,167.52316284179688,8177000
2019-01-18,168.60869765292233,170.8132787179061,165.68888343783152,170.42620849609375,5650900
2019-01-22,168.7096568732943,169.52585923295266,164.8558387316669,166.33677673339844,4648500
2019-01-23,166.22738186961996,166.6817563003686,163.68621560441508,165.68043518066406,3410700
2019-01-24,165.10822986054077,168.01962044726284,164.7211597668802,166.43771362304688,2631800
2019-01-25,168.1458729225362,169.29023807144952,167.8008775613036,168.91159057617188,3275000
2019-01-28,166.59760353959192,168.3478096651412,165.84871843754948,168.0532989501953,2369600
2019-01-29,167.44742818247352,169.9465189669235,166.49659194397807,168.7095947265625,2694100
2019-01-30,169.04620273328305,171.05725466772518,167.9943970596329,170.3756866455078,2773300
2019-01-31,168.37305447319034,170.26630465314634,165.72249651759722,166.6144256591797,5604500
2019-02-01,166.60603247791516,167.98600112223602,165.3775177001953,165.3775177001953,3174200
2019-02-04,164.7548503203315,166.40407449692748,163.90498308251725,166.37042236328125,2400200
2019-02-05,166.7069850704434,167.72513859434432,165.64676959186087,166.6144256591797,2601000
2019-02-06,165.9160464172714,167.49796643445237,164.78010386743654,165.44483947753906,2063100
2019-02-07,164.31733417050108,164.82220616984569,160.75802637734927,162.45774841308594,2948800
2019-02-08,161.3217531408908,162.0790481141462,158.3766971613473,161.27967834472656,2757500
2019-02-11,162.2978483439197,162.66808604455483,160.77483558038315,160.9936065673828,2056500
2019-02-12,162.4408902961051,164.62863865612908,162.398815496226,163.65257263183594,2392900
2019-02-13,164.8558044358802,167.2623362126927,163.7451043755028,163.82083129882812,2757300
2019-02-14,161.73405558940686,163.34962751459818,159.4032506919698,162.00331115722656,2865000
2019-02-15,162.5755421952626,167.35494210645768,162.48298276123597,167.0267791748047,3065400
2019-02-19,165.47845544069813,167.49791682411035,164.5949362706719,167.1697540283203,2558200
2019-02-20,167.22027994490762,167.69990952461728,166.19371651691458,167.11090087890625,2266000
2019-02-21,167.4221989136608,167.82608864417656,164.12373829569876,165.2260284423828,2785900
2019-02-22,165.4279827638933,166.39563873835974,164.24995283908282,164.92311096191406,2626600
2019-02-25,166.60603549072314,169.55109167363995,166.36202219920034,167.15296936035156,3032200
2019-02-26,167.00151200864943,168.76012815402922,165.38593990558311,167.3633270263672,2499800
2019-02-27,167.70127420512958,168.87560503026003,166.53538716605172,167.36334228515625,1804200
2019-02-28,167.31264338010612,167.61678726911012,165.59761372277916,166.18055725097656,2964300
2019-03-01,167.9124809890652,170.18510983838928,166.79728247468375,167.44781494140625,2580500
2019-03-04,167.96315648889325,169.6697421631051,164.02618684979342,165.57225036621094,2683600
2019-03-05,165.4624358652592,165.74122259157178,163.05462918962752,165.5891571044922,2338600
2019-03-06,165.50466585534087,166.90710771330862,164.34723557888373,164.524658203125,2247500
2019-03-07,163.16446491418984,163.43480785838588,160.5876922566803,162.86032104492188,3567800
2019-03-08,160.85803432361237,165.39484808972324,160.2751037276974,164.94708251953125,3162700
2019-03-11,166.6282786215888,168.09830917677152,165.36101490234367,165.56378173828125,2669000
2019-03-12,165.5891439806356,166.77191842398747,165.32724484612731,166.12139892578125,1977400
2019-03-13,167.06765453111385,168.0645627925888,166.02850155370174,166.64523315429688,1904500
2019-03-14,166.7043334650739,167.70124145822314,166.18052233274014,166.8310546875,1482300
2019-03-15,166.56921577623442,167.9970022242779,166.3073165610366,167.49853515625,2985200
2019-03-18,168.27574321414323,172.22116950829522,168.0560887785663,171.05528259277344,3354900
2019-03-19,173.09133466251234,174.4177306774393,169.62747527326695,169.9147186279297,3284900
2019-03-20,169.2473457505767,169.2473457505767,163.8741454688644,164.1698455810547,5033500
2019-03-21,162.97015339515124,165.2089943085689,161.998589436398,164.38949584960938,4031500
2019-03-22,162.77580751889613,163.65445096279012,158.6445280930305,159.64144897460938,5703100
2019-03-25,159.95406870035885,161.74513108529257,157.56316233090456,159.26129150390625,3751000
2019-03-26,160.5454433748223,162.5561729522568,159.41335734856733,161.10304260253906,2910100
2019-03-27,161.02699184636168,161.88027816330342,159.45558422030606,160.54542541503906,2343800
2019-03-28,161.14530883175124,162.13377329037283,159.92027654600858,161.51702880859375,2343400
2019-03-29,162.78425498885963,163.14754398579308,161.48320314486875,162.20132446289062,2632800
2019-04-01,163.8995119498869,167.35491609244926,163.57002375594806,166.21438598632812,3562600
2019-04-02,165.79191775151966,167.07606923176755,165.08224016464305,166.85641479492188,2247000
2019-04-03,168.33490166528645,169.88940908111235,167.73505769860878,169.69509887695312,3227900
2019-04-04,169.64442016490992,172.59291299704964,169.39096477153504,170.8525390625,2582300
2019-04-05,171.8241213080011,173.61518379911416,170.7089226987047,170.97927856445312,2447100
2019-04-08,171.32563632291442,172.03531395043282,169.96543913281164,171.1144256591797,1891500
2019-04-09,170.00764874027578,170.3117925489046,168.00537618671214,169.49229431152344,2400900
2019-04-10,170.48926729299282,171.64669772010916,169.19665893374224,171.48617553710938,1907100
2019-04-11,172.5422105871875,173.57291965021864,170.29493893832813,171.35943603515625,2802100
2019-04-12,174.88242208612846,177.391605695188,174.35016711109301,175.5920867919922,5096600
2019-04-15,172.44077616146072,173.81787334581546,168.71501822654815,168.89244079589844,6617200
2019-04-16,168.64750411086345,171.4523882034143,168.3264726348234,170.52305603027344,4852600
2019-04-17,170.62439248240088,176.1496566148504,170.4723141329404,175.6427459716797,4195300
2019-04-18,174.95847130658723,175.60900379387115,173.31947440919157,173.96156311035156,2874300
2019-04-22,173.29410622402443,173.69118326870463,172.4661641035587,172.85479736328125,1591400
2019-04-23,172.55911973515157,173.35327392774866,171.2834119118736,172.4661865234375,2120900
2019-04-24,171.50303140423853,171.9423531237962,168.74039275679092,169.42471313476562,4606100
2019-04-25,168.71509134209433,171.131342076134,168.20819343663916,170.1513214111328,2075300
2019-04-26,170.43012060816466,171.604451489245,169.23890215417453,171.57066345214844,1543100
2019-04-29,171.92547436125943,175.7272661776018,171.73116416687017,174.81483459472656,2997000
2019-04-30,174.83172902008724,175.7188163248589,172.474610956229,173.96998596191406,1833000
2019-05-01,174.3755004059461,176.07364221343803,172.37322765042225,172.96461486816406,1981800
2019-05-02,172.71117295203393,174.22344848137823,171.60443116748644,173.18429565429688,1514700
2019-05-03,174.04601105204662,176.36088430607253,173.75876767570546,175.3217315673828,1897600
2019-05-06,171.33407857549813,174.86551438802388,170.4132032530481,174.40084838867188,1927800
2019-05-07,171.79029123211083,172.34789044215321,169.82180642667637,171.19046020507812,2839500
2019-05-08,170.1512641704997,171.67198315783378,169.64436643557016,169.77108764648438,1817600
2019-05-09,168.55456675389485,170.84409620170595,167.20282613403413,170.34564208984375,2333400
2019-05-10,169.79646691666304,170.74269942135786,168.11523834576784,170.70045471191406,2089400
2019-05-13,167.19434626630533,167.19434626630533,163.89946526541777,164.71896362304688,3605600
2019-05-14,164.73587276629976,167.3886781684593,164.6598271305216,165.82571411132812,2463300
2019-05-15,164.44014481888092,166.93242763282137,163.4094359304678,165.92706298828125,2271100
2019-05-16,166.1213781525783,168.96849313672476,166.11292147750677,168.24192810058594,2008100
2019-05-17,165.8426235085878,168.19972895408088,165.8426235085878,166.7972869873047,1928300
2019-05-20,166.51006089181672,167.09300447428595,165.2259091442694,166.6367950439453,2483400
2019-05-21,167.83642194632316,168.39402111615058,167.27882277649573,168.2165985107422,2327600
2019-05-22,166.80572046849446,167.68435107642944,165.13293577556118,165.18362426757812,2427200
2019-05-23,163.0546044788683,163.0546044788683,160.1483441809935,162.18441772460938,3184100
2019-05-24,162.96170851062632,163.95862960390303,161.93944316755477,163.0546417236328,1637200
2019-05-28,162.20974584257607,163.31648735837757,160.00470659437767,160.0469512939453,3040000
2019-05-29,159.32565027407338,160.09791239114335,156.9324496372216,159.58872985839844,2815800
2019-05-30,159.62267186128452,160.70894348183103,157.85747724055162,159.0116424560547,1919300
2019-05-31,156.80514597304045,156.90697988239563,154.71746018561257,154.87022399902344,2640100
2019-06-03,154.1998004677125,155.71889218536992,153.37660840828462,155.46429443359375,2857800
2019-06-04,158.00172211453682,161.23509095172042,157.602868347895,161.14173889160156,2420800
2019-06-05,161.3284096694808,161.37932661004479,158.70607068606628,159.91964721679688,1967800
2019-06-06,159.59718305167655,161.8715727276644,158.96069528796983,161.0823211669922,1653500
2019-06-07,161.14173290730562,161.76124403815467,159.9875679111424,161.0823211669922,1838600
2019-06-10,162.4317205883909,167.18416915529883,162.4317205883909,164.74005126953125,2372000
2019-06-11,165.74141207480395,166.4372986118791,164.22232073212388,165.25767517089844,1632200
2019-06-12,164.30722250551946,164.680630794426,161.09932467719148,161.4302978515625,2059400
2019-06-13,161.59156070226905,163.15307466796293,161.30302261174785,162.47415161132812,1411400
2019-06-14,162.3383190574816,163.08513550607896,160.65799499751424,162.65232849121094,1403900
2019-06-17,162.9578943483342,163.98475433850078,161.87162259954968,161.947998046875,1155600
2019-06-18,161.81218246262964,167.29447015934363,161.81218246262964,165.46986389160156,2363000
2019-06-19,165.78389580908197,167.7018414560959,165.30864060730048,166.02999877929688,2196800
2019-06-20,167.60847560640434,168.19404652979065,164.30722564281538,166.08090209960938,2749300
2019-06-21,165.775350526302,168.32130148822714,164.61270373082323,166.2845458984375,3365500
2019-06-24,166.7852503029315,169.1784504777003,166.36092513288398,167.59996032714844,2069800
2019-06-25,167.6084723559552,167.6254489916401,164.64667747381282,166.38641357421875,1828300
2019-06-26,166.7597894300992,167.92243623550607,166.43729816170114,167.19259643554688,1649900
2019-06-27,167.66786171362656,169.39910279028828,166.98044402867234,169.1529998779297,2239200
2019-06-28,172.70037515290485,174.6862141966893,172.22513294920043,173.63389587402344,4854900
2019-07-01,176.51929510974475,178.08930363542407,174.60134973811697,175.5518341064453,2465700
2019-07-02,174.3127739267161,175.08504884073434,173.26045579712124,174.80499267578125,1621400
2019-07-03,175.92521897638156,176.01007624119194,174.16850654784884,174.8559112548828,978800
2019-07-05,175.55179661768457,177.16422696239266,174.99168432765418,176.43438720703125,1511400
2019-07-08,175.12749476005342,175.88279308815046,173.72722679820987,174.6098175048828,1853900
2019-07-09,172.9125334201403,176.46838096458268,172.7343111235513,176.32411193847656,1812100
2019-07-10,175.8233991293564,177.3594673660127,174.52496493903996,174.79653930664062,1779800
2019-07-11,174.99168689698914,180.41456172247223,174.82195942916607,179.36224365234375,3691600
2019-07-12,179.91388833653383,181.7724348209673,178.8870156346227,181.56027221679688,2626000
2019-07-15,181.70456465338822,182.12040807293582,178.03838816509267,179.55747985839844,2600200
2019-07-16,182.29012418795062,184.43720884866298,180.380660623725,182.90115356445312,5283700
2019-07-17,181.4669193029013,183.12178501780292,180.8983250803134,181.0171356201172,2583500
2019-07-18,180.51640479855774,183.1641894996384,179.70169484086924,182.05245971679688,2858100
2019-07-19,181.6282132586589,183.11335187587903,181.0596188848489,181.20388793945312,1822300
2019-07-22,181.10201057758633,182.34104599886373,180.1769846452522,181.6112060546875,1907100
2019-07-23,182.41736515383798,186.7030514241305,182.41736515383798,186.2193145751953,3330600
2019-07-24,186.0665802038601,188.47674397299485,185.54042115620598,188.4258270263672,3180000
2019-07-25,188.20521830148238,188.20521830148238,185.2009883869282,186.68612670898438,2776700
2019-07-26,187.08497433750836,188.60406577468925,187.0170807529449,188.51919555664062,2304500
2019-07-29,187.55177710311844,188.51075639681383,186.87285405314063,186.97470092773438,1372800
2019-07-30,185.42165691920212,188.39193374148684,184.43721920739387,187.89122009277344,1644600
2019-07-31,187.7553873119646,188.3833802138471,185.8628879174059,186.81338500976562,1991100
2019-08-01,186.15144143125713,186.66062382233807,178.86152578895476,179.57440185546875,3070100
2019-08-02,179.55746904819273,179.55746904819273,174.23642694430143,177.68194580078125,2503000
2019-08-05,174.66923260384402,174.66923260384402,169.37364941392696,171.1558074951172,2794200
2019-08-06,172.75125368255073,174.88137423161567,170.485358926472,174.8304443359375,2349400
2019-08-07,170.6721229662313,174.78808356279046,168.923904799241,174.60137939453125,2454200
2019-08-08,175.81490805728365,176.34956197207006,172.7343028520902,175.67063903808594,2342200
2019-08-09,174.49948296912285,176.77387266876826,173.00586299653054,175.58575439453125,1790100
2019-08-12,172.51363946253494,173.25196111189504,170.13741592915434,171.02001953125,1479300
2019-08-13,171.01153662767294,175.33117698462476,169.9252651567972,173.21803283691406,2115900
2019-08-14,169.56038011148524,169.6537321886565,165.53777189889564,165.96209716796875,3025100
2019-08-15,166.25909394283863,167.15866124608556,164.3920657541066,166.48822021484375,1981900
2019-08-16,167.20959522820968,170.2986823131455,167.1841367509491,169.2378692626953,1878700
2019-08-19,172.9634192044817,173.50655488991612,171.27461335960612,171.5970916748047,1646100
2019-08-20,169.9083184409522,171.41891526066817,169.47549840818704,169.71311950683594,1545600
2019-08-21,172.0553747444504,172.29299580390892,169.8743371530346,170.30714416503906,1160800
2019-08-22,171.6650181860384,172.65793769445094,170.50237117137544,171.78382873535156,1275900
2019-08-23,170.41748204694306,171.32554417622993,165.64807101845207,166.5052032470703,2200500
2019-08-26,168.2619157061554,169.4839743342452,168.0327764760443,169.43304443359375,1441900
2019-08-27,170.0101234431954,170.45990708553265,166.7597911008915,168.09217834472656,1513300
2019-08-28,166.81922095373358,170.97760287382653,166.54764660089953,170.08651733398438,1437800
2019-08-29,171.95674391885967,174.527209021364,171.95674391885967,173.73301696777344,1816800
2019-08-30,174.93709364364113,175.24452570909597,173.3657669587345,174.1343536376953,1529600
2019-09-03,171.73470004184838,172.1702234182593,167.8747221484644,169.9157257080078,2633600
2019-09-04,172.067759022785,172.58868529785667,170.838030568147,172.272705078125,1720600
2019-09-05,175.2957796340853,178.42132407437362,175.09935563479863,176.81585693359375,2237900
2019-09-06,176.82439507954328,177.84062933205888,175.55197826811533,176.95249938964844,1438800
2019-09-09,178.66898448589524,182.64851855124178,178.00288378336154,181.0259552001953,2734500
2019-09-10,182.32401566907697,185.38978873025496,182.0849032483564,184.1429901123047,2615800
2019-09-11,183.78428561472236,185.18480653304496,182.20442390053384,185.14210510253906,1886300
2019-09-12,184.78348830499996,188.52389750734324,183.73308754902308,186.7988739013672,2913800
2019-09-13,188.17378972373584,189.15585781389495,187.19170860292508,187.78948974609375,2722400
2019-09-16,186.01319991741823,187.3026999662186,184.73223494407299,185.5008087158203,2205500
2019-09-17,184.28817263840875,184.57852158617308,181.50420028440325,184.38211059570312,2429100
2019-09-18,183.45979350557806,186.07295980191626,182.15321035740897,185.38124084472656,2474900
2019-09-19,185.80824195082852,186.10712596135457,183.65621713405278,183.8013916015625,1596200
2019-09-20,183.31461808138263,185.03964141247658,182.43502323544055,182.52896118164062,5458900
2019-09-23,181.76892969498095,182.844935550568,180.6672925524676,182.28985595703125,1485500
2019-09-24,182.78514223159812,182.92178161233826,176.60236010556562,177.41363525390625,2837600
2019-09-25,177.59299285414664,180.26593095275695,177.15745641570632,179.3607177734375,1593400
2019-09-26,178.52380455815836,179.30946143885205,177.72106449748372,177.81500244140625,1685500
2019-09-27,179.20696303967344,179.80474394786003,177.7039561497797,178.45545959472656,1530900
2019-09-30,179.08742996471958,179.08742996471958,176.6279733043969,176.9695587158203,1794500
2019-10-01,176.78168606543332,178.80561940863174,173.02419434842136,173.09251403808594,3156200
2019-10-02,172.23857012086208,172.40082778574953,168.74580839489354,169.30088806152344,3386800
2019-10-03,168.75435224899144,169.403369911649,165.6629604709506,168.43838500976562,2914500
2019-10-04,168.22489657970422,171.84574991635455,167.41360818526417,171.47854614257812,3021100
2019-10-07,171.4699827782593,172.95590698724988,170.34274026471368,171.13693237304688,2202200
2019-10-08,168.74577091171895,169.89863143186392,167.31108353671777,168.54934692382812,2654900
2019-10-09,169.24962643345006,169.92426222191494,167.96011341263838,168.1053009033203,2443500
2019-10-10,168.73726025490825,171.92260286444716,168.69455881194872,170.684326171875,2108000
2019-10-11,173.9721056938331,177.02079523443558,173.9721056938331,174.7919158935547,3334300
2019-10-14,174.0660844869127,176.06438697718073,173.28896250825804,175.7655029296875,2286100
2019-10-15,172.50328534001136,177.83210439006342,169.6083049835015,176.31202697753906,8241900
2019-10-16,176.06436512043092,178.15660531575642,176.00459353061285,177.1318359375,3405800
2019-10-17,177.8747927985486,178.42133733978602,174.54428903642213,176.31202697753906,2876500
2019-10-18,175.0566827251978,177.67838433291212,175.0566827251978,176.36326599121094,2207000
2019-10-21,178.199333017485,180.06954424952465,177.3538913147317,178.69464111328125,1934900
2019-10-22,178.98498216640385,180.74417216941012,177.8918929794747,178.9935302734375,1868000
2019-10-23,178.66898523691177,181.06012232227147,178.48110934252037,180.46234130859375,1574500
2019-10-24,180.71000586198286,182.02512421632238,179.1472269731615,180.23178100585938,1266500
2019-10-25,179.48881009614604,183.9636525342468,179.48881009614604,182.94741821289062,2602100
2019-10-28,184.73221940769633,186.9525506897037,184.19420999433123,185.95339965820312,2707800
2019-10-29,185.50078271535887,187.25997228060803,184.84321713929322,185.8594512939453,2030800
2019-10-30,185.32997864738624,185.35559689923898,182.5887084233193,184.29666137695312,1584900
2019-10-31,183.73308703726474,183.91242788287005,180.46236764987677,182.2215576171875,1876200
2019-11-01,183.82697620743937,186.0729385662411,183.39145288463692,185.6459503173828,2112300
2019-11-04,187.618650009524,188.4640915056985,186.65366534530486,187.76382446289062,2538100
2019-11-05,188.55800167248458,189.39489494004954,186.56823499184773,186.71340942382812,2525100
2019-11-06,186.17544018524552,187.0806663576725,184.92864160414953,186.52557373046875,1863000
2019-11-07,188.53242129167586,191.94832775800904,188.2249891884799,190.68443298339844,3748600
2019-11-08,190.43682487680226,190.63323589064876,188.8142741820409,190.35997009277344,1610800
2019-11-11,188.64342560139627,189.0789620067198,186.6109701555987,187.04649353027344,2754500
2019-11-12,186.64514400860097,188.82278718271434,186.107134521997,188.22500610351562,1891600
2019-11-13,186.49995390138764,187.73821739678624,185.32146199357356,187.29415893554688,1756000
2019-11-14,186.84154750044848,188.27623506359328,186.19252993060303,187.38809204101562,1483100
2019-11-15,187.87486947760004,188.8057009308376,187.05504613184814,188.08836364746094,1693100
2019-11-18,187.644287109375,187.83216301628224,186.20106447479216,187.644287109375,1603400
2019-11-19,188.35311392648538,188.4555869688703,186.43166619785993,187.90904235839844,1817100
2019-11-20,186.4743595547637,187.422274247666,184.80055942804722,186.09007263183594,2177700
2019-11-21,186.6792919738072,187.2941561748516,185.15921465196107,186.36331176757812,1677700
2019-11-22,186.16690225383704,188.48118461625793,186.16690225383704,188.1139678955078,1529100
2019-11-25,188.63490004284571,191.24806648402293,188.63490004284571,190.22329711914062,2181800
2019-11-26,190.16351303052528,190.23183272579482,188.8227764739777,189.96710205078125,1926300
2019-11-27,190.82107706391344,191.52987923679314,189.4632573374972,190.3940887451172,1614600
2019-11-29,189.6899032543809,190.6517457060659,189.2862701318087,190.09353637695312,770400
2019-12-02,189.76717187364255,190.47997044023114,186.42647323271493,186.9073944091797,2118500
2019-12-03,185.00947757416228,185.00947757416228,180.3462452372902,182.2699432373047,3207100
2019-12-04,183.3863713338777,186.34921314148832,182.39018293468988,185.44747924804688,1583600
2019-12-05,186.4866105431802,186.8988399900136,185.00090458623353,186.47802734375,1329300
2019-12-06,188.89121633705793,193.57162809823183,187.92079070627116,192.8931884765625,4229400
2019-12-09,192.89317492329965,192.92752082026243,190.45421001124035,190.48855590820312,2134600
2019-12-10,190.36830829933967,191.4074517695994,189.40646602242495,190.5486602783203,1854100
2019-12-11,190.8664327201856,191.38171292080816,189.65553342160646,189.95611572265625,1778600
2019-12-12,190.57441050152667,194.75672059700344,189.44939581824283,194.1298065185547,2974300
2019-12-13,194.70522618938858,195.79589515463036,192.11167197363142,193.2281036376953,1908200
2019-12-16,196.23388658378093,198.12322554056877,195.6928436659645,195.83883666992188,3218400
2019-12-17,197.52206896906824,199.29977387976743,196.49152166483623,198.50967407226562,3590000
2019-12-18,199.21387511422114,199.4113934997954,197.47052933169425,197.90850830078125,2280800
2019-12-19,198.33789471886215,198.71576507631116,196.62890801692473,197.47052001953125,2418100
2019-12-20,198.34652376509266,198.6299134758452,196.3369413600037,196.60316467285156,3715500
2019-12-23,197.23010288094923,197.934305253358,196.1566132673032,196.74058532714844,1670400
2019-12-24,196.64612584027228,197.47915486320306,196.1222623630078,197.44480895996094,467700
2019-12-26,197.7453405349655,199.41139826347444,197.5134762479729,198.5612030029297,1704000
2019-12-27,199.07645691901223,199.41998138390022,197.92567944590394,198.08885192871094,1343900
2019-12-30,198.9647998008964,198.9647998008964,197.09264070206896,197.35028076171875,1494500
2019-12-31,197.27302248551206,197.49630358208634,196.37987189097547,197.46194458007812,1447200
2020-01-02,198.38086123853537,201.50686216418993,197.65947943356588,201.2320556640625,3736300
2020-01-03,198.8961162666989,199.76349096258116,197.77968469797986,198.87893676757812,2274500
2020-01-06,197.46190050494312,200.97436729350358,197.0840432960321,200.91424560546875,3329300
2020-01-07,201.81601907798918,204.19487539755127,201.6099043835755,202.23683166503906,5255200
2020-01-08,202.4000063811838,205.89529462793192,202.22825067489387,204.18629455566406,3564700
2020-01-09,207.2607487371698,209.02985722672625,205.95539502114158,208.34283447265625,3980700
2020-01-10,208.47168426690976,209.02131042835077,207.30372703583245,207.92205810546875,2248100
2020-01-13,209.92300115273105,211.3571814180033,208.68633926781834,210.5842742919922,3359200
2020-01-14,210.6787476628855,213.42687798023758,210.06041670346642,210.97073364257812,4302800
2020-01-15,207.82754774819767,214.26848414535257,205.3885829774635,210.5842742919922,5411200
2020-01-16,212.13009710065447,214.54331237558944,211.46024073666,214.45742797851562,3968400
2020-01-17,214.89540617759144,215.092937669324,212.9803046876582,214.23414611816406,3108400
2020-01-21,212.3018801562298,213.7102978756647,210.9192251368238,211.00509643554688,2492400
2020-01-22,211.7866040740243,213.42689922980037,211.55472666512583,212.1644744873047,2030900
2020-01-23,209.97454209187075,212.12152104986532,208.58330392040853,210.90203857421875,2806800
2020-01-24,210.46405134124947,211.01367740880468,206.62525206637574,207.75885009765625,2877400
2020-01-27,202.99255430719668,205.24259707708026,201.82459727602722,204.5126190185547,2506200
2020-01-28,205.67202049483728,209.18447525844311,204.43535840101987,208.32568359375,3123000
2020-01-29,209.99171873115196,211.69212237355896,205.74070307307477,206.21302795410156,3711600
2020-01-30,204.12617926786615,209.8371382156604,203.30173355891583,209.65679931640625,3261700
2020-01-31,207.8189849759796,208.5918921779559,203.43055935523677,204.17770385742188,3482800
2020-02-03,204.70155635377117,208.16248528527598,204.4353330673661,205.259765625,2733000
2020-02-04,208.5832976547562,209.32185891828541,207.4411033109192,207.77603149414062,3052500
2020-02-05,210.3953331209092,210.51556340606928,208.68633332802432,209.80276489257812,3126600
2020-02-06,210.70452216046547,211.06521305630574,207.12334969323192,207.67298889160156,2225600
2020-02-07,205.89528027702778,206.55655345947974,203.14714985557228,204.39239501953125,3006500
2020-02-10,203.87714985819463,204.28078301645243,202.21110492254948,203.84280395507812,2591300
2020-02-11,205.2511640746967,205.72350201033655,202.86372480450038,203.06983947753906,2238800
2020-02-12,204.4009964253433,207.12336439035886,204.1519526120151,204.95062255859375,2119200
2020-02-13,204.26359734295403,205.22543978891846,203.16434508924596,204.6929931640625,1461300
2020-02-14,204.3408561524699,205.2597562637704,202.8723168889884,203.602294921875,1718700
2020-02-18,203.14715411296413,203.59372941084698,198.55261384496683,200.27879333496094,2736500
2020-02-19,201.81597011995697,204.22058855497545,200.33884792862204,203.81695556640625,2207100
2020-02-20,203.0269217363021,203.4477212262771,198.59555401311798,199.86656188964844,3183700
2020-02-21,198.30357656198373,199.06790058132557,196.12223850400568,198.0545196533203,3081600
2020-02-24,191.7080083879683,194.67943251922205,191.1154402010913,192.83302307128906,4139400
2020-02-25,193.03914014991713,193.97521968090584,185.40448472047203,186.88160705566406,5343100
2020-02-26,187.81768220831393,188.93411368271705,184.43404189388286,185.3100128173828,4171100
2020-02-27,180.7670541110338,183.33483268665972,176.37003207421662,176.6448516845703,5848200
2020-02-28,172.0221722730165,174.75254900889314,168.3586414881965,173.47377014160156,6727100
2020-03-02,174.02681634352297,181.12059842562695,170.76073649950976,180.99099731445312,5285500
2020-03-03,180.5848630376805,182.99553555180654,174.6402470593969,175.7721405029297,5677200
2020-03-04,177.85449842478226,180.51575080797036,175.14140560299987,180.3602294921875,3520400
2020-03-05,173.95766033849645,175.80671057225862,170.17315035610133,171.7629852294922,4151500
2020-03-06,164.7556312515581,169.6115594700404,163.54597692481494,166.630615234375,5071900
2020-03-09,149.9804559975242,154.87957399448808,147.02543307162082,149.3151397705078,6443000
2020-03-10,156.9274392126108,160.19351973573333,149.72996156076792,159.28628540039062,6803900
2020-03-11,154.21431638328454,156.19298127974787,147.7253613371296,148.52027893066406,5314000
2020-03-12,138.24675816539684,144.07904327549952,129.60633578005954,130.19387817382812,8357700
2020-03-13,140.68341038456836,153.41938877743172,131.63688408435723,153.08241271972656,6368400
2020-03-16,129.80509747558233,146.48975557736674,129.6063713976936,133.6328125,6888000
2020-03-17,135.65470649550127,144.07048730084992,129.60640747977828,137.09765625,6876300
2020-03-18,129.60637076763956,134.76470537893096,116.99999426852519,120.98323059082031,9543200
2020-03-19,118.7021979323869,131.75788449127444,113.05999979547798,129.16575622558594,6548200
2020-03-20,128.73372897169764,128.9065348780063,119.48846136536135,119.59215545654297,7561300
2020-03-23,117.53567953224201,122.64217297264175,115.14227853692817,116.61979675292969,5472600
2020-03-24,124.6986494764371,132.97616698570522,124.1024579006876,132.7169647216797,6647400
2020-03-25,133.58095326024016,140.15631610441184,125.56264126636923,134.0388946533203,8587800
2020-03-26,135.11032433327603,144.86537174557967,133.33039885550917,143.24960327148438,6762200
2020-03-27,137.45191159052226,141.46970479267992,135.65470122781505,136.81251525878906,4186700
2020-03-30,136.9680030560753,138.61831399735814,132.3540066835016,137.91844177246094,4152800
2020-03-31,136.63102887938751,139.19723586115822,132.82059873260795,133.5723114013672,3588200
2020-04-01,126.23661339880023,129.23484190182234,125.28616138357282,125.53672790527344,4689100
2020-04-02,123.57534508423761,129.99517364985473,122.40888259560592,129.54586791992188,4446900
2020-04-03,128.91511516520504,130.4012690525148,125.48486600273024,126.9537353515625,2801600
2020-04-06,134.3326852487145,137.3222648425195,132.86381567143954,136.71743774414062,4689400
2020-04-07,143.4310339423951,146.14412646670692,140.3636808808753,143.4483184814453,4953500
2020-04-08,145.63435515280224,153.88596304937974,145.63435515280224,152.9009552001953,5194800
2020-04-09,156.02879551913762,161.86108236748706,155.3289232068144,159.20846557617188,6445800
2020-04-13,158.85422787847256,159.8219513142189,154.77594599319443,154.8191375732422,4774300
2020-04-14,157.5581082447973,158.44807070012257,150.80992725391806,153.9982452392578,4149600
2020-04-15,147.4316198026164,156.97928171726846,146.15282702997433,154.24891662597656,6042700
2020-04-16,153.12559674525164,154.1797295387474,148.95227032855763,152.97006225585938,4662200
2020-04-17,158.54315185546875,160.08978201998852,154.0501206259266,158.54315185546875,5426700
2020-04-20,155.26843338966125,160.98840365987354,153.8168483295358,155.87326049804688,4674800
2020-04-21,151.58763867832067,154.83643416853434,150.04964387639959,150.1792449951172,3819000
2020-04-22,153.36754754281725,153.95509012891105,150.74949975781166,152.05419921875,2314500
2020-04-23,152.9355210917779,154.72409537874506,150.7322101002174,151.25064086914062,2013300
2020-04-24,152.93553161621094,153.75636940329113,149.9027470067593,152.93553161621094,2024400
2020-04-27,154.74996731793405,159.19977948995538,154.4216270544396,158.5863037109375,2743100
2020-04-28,163.44224784222405,164.5309364152798,159.73549891924952,161.5845489501953,3344700
2020-04-29,166.423231544458,167.3823192761731,163.79654806515535,164.19400024414062,3086300
2020-04-30,160.71189713869,162.0511655850274,158.0333602460152,158.482666015625,2695400
2020-05-01,154.66358687851024,155.18201758308413,152.6330820005431,153.02191162109375,2650200
2020-05-04,151.2074189805364,152.3393124074265,148.3733609823833,152.09738159179688,2990100
2020-05-05,154.74998282196697,157.77413090359147,153.9204964042275,154.05874633789062,3272600
2020-05-06,155.25116203926177,156.56451043209043,151.38890389603844,152.8664093017578,2408700
2020-05-07,154.81912059971017,158.4481094543822,154.81912059971017,157.5322265625,2480100
2020-05-08,159.87378913086076,160.63415078030718,157.89513752758762,160.18484497070312,2277500
2020-05-11,157.7223108123021,159.71826004515074,156.61633747641415,158.25802612304688,2212200
2020-05-12,158.88872382034762,159.2429842959061,152.71946287704066,153.11692810058594,3549200
2020-05-13,151.77766267207238,152.83179525703792,147.5438477958657,148.4424591064453,3445300
2020-05-14,146.05773526309522,151.01734385294037,142.87806525979857,150.73220825195312,4176700
2020-05-15,149.89408437134594,150.42115080670726,147.38836647590207,148.5029754638672,2867800
2020-05-18,153.54898328772506,158.20617137468827,151.41479746908928,157.15203857421875,4505800
2020-05-19,156.01149628505797,157.4198896399427,153.5576189915859,153.6526641845703,2210500
2020-05-20,156.3484498583981,158.83689587446048,155.7868276431636,156.77183532714844,2599900
2020-05-21,155.70044052039427,156.5385627175449,153.523049943367,155.61404418945312,2153500
2020-05-22,155.55357261096242,156.0806390714326,153.85140780506248,155.4671630859375,2176400
2020-05-26,160.3921887318539,170.30275573155316,160.0379281973282,169.40414428710938,5971200
2020-05-27,175.40064000160694,182.0624139524887,172.81714799614244,181.15516662597656,8182100
2020-05-28,182.17472536932277,182.58082641652456,173.85400470181526,173.86264038085938,4886100
2020-05-29,171.48037017729928,174.6886194208961,169.23720393164086,170.8369903564453,3822600
2020-06-01,171.5498973256284,175.427621228637,169.64581391062276,173.8278350830078,2230800
2020-06-02,177.1665150893531,179.54009225535353,175.03638105490887,177.4882049560547,4128700
2020-06-03,181.27030627710707,184.26118120517543,179.47924126438159,183.07875061035156,3471900
2020-06-04,181.5310932450707,186.92165328274814,180.8094668516275,186.7738494873047,3522300
2020-06-05,193.01644710100862,193.86849797264716,189.24306568852646,189.4691162109375,4737600
2020-06-08,191.2949266073659,193.24247119042732,189.7473185297607,191.98178100585938,3260300
2020-06-09,187.5737234022537,191.29494008320557,187.0694446395719,189.6256103515625,2478400
2020-06-10,189.00835847278728,191.14719573358823,185.01761522030756,185.64361572265625,3091200
2020-06-11,177.97505916626082,179.88783196971133,168.68941013497138,168.78504943847656,4923400
2020-06-12,174.4277976753499,176.44491350629076,170.59356089094726,175.4363555908203,3380800
2020-06-15,170.17617901641938,179.96612168963645,169.67190017523038,179.37489318847656,3467400
2020-06-16,186.91293818341424,186.91293818341424,177.13169994565553,182.2266387939453,3099100
2020-06-17,182.58313113100786,183.26998564412503,178.61847097768504,179.2705535888672,1798300
2020-06-18,177.3578109791914,180.20088209921394,176.21013901882284,177.22738647460938,2051700
2020-06-19,180.0182906782356,180.33998054818812,174.73207227294824,175.305908203125,4962400
2020-06-22,174.74947158325404,177.87077088116138,173.88871765486618,176.86221313476562,1806900
2020-06-23,179.54009116824741,180.4182243684254,177.05348211098948,178.04464721679688,2451800
2020-06-24,175.92319483681416,176.15794829678555,171.61076250048302,172.16720581054688,2756700
2020-06-25,172.02811884131577,180.3139156547456,171.81075793169452,180.06178283691406,3466500
2020-06-26,173.01924346281191,174.0973580975706,163.8987770590532,164.49000549316406,9530700
2020-06-29,166.39410886192778,168.58509702983244,164.02922137277034,168.21124267578125,3736000
2020-06-30,168.53293198259388,172.50629531360607,168.34165334317308,171.81942749023438,3102800
2020-07-01,172.91495475949668,173.66267681792937,169.9936236087198,171.77598571777344,2620100
2020-07-02,176.06234181760166,176.49706364925007,171.39343359102824,171.628173828125,2699400
2020-07-06,175.05375750335463,180.66166562996503,174.87118179100915,180.28781127929688,3567700
2020-07-07,178.67065852589047,178.85324751791728,173.1844715716778,173.332275390625,2853500
2020-07-08,173.488757620584,176.71439898176158,173.03665653311467,175.84495544433594,2789700
2020-07-09,175.7232290494613,176.06231148907037,169.5414851376233,171.132568359375,3160100
2020-07-10,171.167342484601,179.3835944074079,171.13257058093683,178.72280883789062,4414800
2020-07-13,181.71368871428194,185.17407007657002,179.97480174093954,181.60935974121094,4449600
2020-07-14,183.82647477947427,186.32178721513856,179.98353522465482,186.06964111328125,5202000
2020-07-15,195.0770346835076,195.83345955306623,186.66082793552775,188.58229064941406,12516700
2020-07-16,185.63484463097927,191.67748651861393,185.626154973486,186.64340209960938,5769600
2020-07-17,186.84343182627566,187.07818532235373,183.66996786567358,183.80908203125,3614300
2020-07-20,183.21785146659607,185.3392960352455,182.80052224106637,184.06991577148438,2268700
2020-07-21,184.5393847963248,185.89571454778138,182.92221933882155,184.33941650390625,3393500
2020-07-22,183.01785770897726,183.45257946125514,178.54022896717737,179.10536193847656,4978400
2020-07-23,178.32287900662698,179.1227654877827,175.67107350207743,176.51443481445312,4088600
2020-07-24,176.4970260243883,178.1750455688427,175.03636734942208,175.16677856445312,3191500
2020-07-27,173.97566121774437,177.52297925881544,173.5322365126186,176.51443481445312,2601200
2020-07-28,175.54932619990024,177.0186877198056,174.83637621904398,175.29718017578125,2139600
2020-07-29,175.36673673449337,177.2708199640461,173.5582928126651,176.13185119628906,2635000
2020-07-30,173.45397451958866,173.8800066014219,170.67175803275575,173.4800567626953,3057900
2020-07-31,173.74959612480941,173.74959612480941,170.8543475066982,172.11505126953125,2399700
2020-08-03,172.57585875583564,173.78438478586253,170.8717435235728,173.3583526611328,2294600
2020-08-04,173.32354046404186,175.3841169978601,172.5671157136638,175.31455993652344,1944700
2020-08-05,176.64484938375574,178.07073631482223,176.50573522788193,177.818603515625,2232400
2020-08-06,178.2359603452274,179.35753689250924,177.21871279769508,177.58387756347656,1882400
2020-08-07,176.91435311094307,181.5397987275721,176.01882740045326,181.07899475097656,3075000
2020-08-10,182.22664307154386,183.13956131516193,180.8790031182652,182.0440673828125,2432800
2020-08-11,184.94804027582802,188.6257829220016,183.04395670393518,183.5047607421875,4042700
2020-08-12,186.66950610329906,187.75631041604143,181.94843453674022,184.43504333496094,2439400
2020-08-13,182.93967560000453,184.495974185585,180.57478737089676,181.1833953857422,2219900
2020-08-14,180.37476483474603,182.13103125486796,179.63573251011496,180.81817626953125,2287600
2020-08-17,179.97481386937991,180.71384618951546,176.08840016072315,176.5579071044922,3922600
2020-08-18,176.88830353616896,177.00133545318576,174.84511896952105,175.02769470214844,3067900
2020-08-19,175.9753707873057,179.1923225644035,175.42763036723247,176.51443481445312,2458500
2020-08-20,174.54948879550673,176.74049033742784,174.1843240829626,175.4971923828125,1764200
2020-08-21,173.98436255300652,176.80136464524094,173.73222974165986,176.00146484375,1780900
2020-08-24,176.59267388468703,180.34866299257138,175.03637582115525,180.27041625976562,3097400
2020-08-25,182.57444629764967,183.00916804992752,178.38372223769673,179.10536193847656,2627600
2020-08-26,179.00968493298475,180.21821061920377,178.2619631458286,180.16604614257812,2563200
2020-08-27,179.6965617309345,185.1914505761164,179.4618215568429,182.71353149414062,3692400
2020-08-28,184.22640037943958,184.32203970429202,180.05306852525644,180.59213256835938,3697400
2020-08-31,179.75239446879124,180.54838151131935,178.1166956855338,179.20132446289062,3046200
2020-09-01,178.09046587778613,180.81080694347406,177.57437826984884,179.71742248535156,2457000
2020-09-02,180.00604966194305,184.50204565582484,179.63867411539752,183.7235565185547,3565200
2020-09-03,185.21931741692723,188.26329585030908,180.041050498573,181.55429077148438,3533500
2020-09-04,184.46706517801493,186.61885151278017,179.59495131605684,184.51080322265625,3668900
2020-09-08,183.25998753027392,183.65361663442783,176.05240532802307,177.1107940673828,4574700
2020-09-09,178.60653675754418,179.16634905562594,176.71716524640138,176.88336181640625,4681400
2020-09-10,178.2041384920673,179.62117358485352,174.5478678921948,174.95022583007812,2510300
2020-09-11,175.15143637962393,176.61219631778772,174.02305621888343,175.74623107910156,2376400
2020-09-14,177.8280650411183,177.8280650411183,175.5275796877552,176.11363220214844,2756900
2020-09-15,176.6909074879656,177.2069816877501,173.17457975030905,173.19207763671875,3717600
2020-09-16,173.62070238053758,178.26539722787453,173.2533268196893,175.5363006591797,3571400
2020-09-17,173.37578140141963,174.8452836114302,170.13935293736694,170.4192657470703,4274800
2020-09-18,170.5767116557631,172.01123147979132,168.27623991384442,170.4455108642578,9066300
2020-09-21,166.10693158987027,169.8419359625442,163.98139899306614,169.6932373046875,4871300
2020-09-22,169.69327380584565,171.56514752941243,164.82114608435484,167.61146545410156,3355800
2020-09-23,167.94386811788587,168.74859755097987,162.58190597413036,162.8005828857422,3116100
2020-09-24,165.30222320767322,172.71975257880584,163.61404410250947,170.6641845703125,5114600
2020-09-25,168.7835715077321,170.90910440722135,165.8532959322212,170.52423095703125,3106000
2020-09-28,172.99962597761868,176.57717598809515,172.4485560526347,174.1280059814453,3280100
2020-09-29,173.3320713263773,173.86564352736937,170.94410982930904,172.1337127685547,2400000
2020-09-30,173.78684500153238,177.63556524142413,173.506945597835,175.78993225097656,3075800
2020-10-01,176.27978105010956,177.6793182272792,173.07834876654266,173.67315673828125,2288700
2020-10-02,170.8653552088222,175.55378781544027,170.82161716561396,174.85401916503906,2541200
2020-10-05,176.62967885106397,177.42566587835884,174.58286650685764,176.51597595214844,2551600
2020-10-06,178.65905337761106,180.26851239325762,174.8540694234327,175.8949737548828,2833100
2020-10-07,178.35282511403474,179.31500854746974,175.96487776175073,178.09042358398438,2326600
2020-10-08,179.44620745800643,182.0790851227531,178.5365176869578,181.921630859375,2330600
2020-10-09,182.60390246276208,183.52234785409163,180.2509508913602,181.53675842285156,3040900
2020-10-12,181.42310833556434,187.9659175119126,181.42310833556434,187.29238891601562,3474200
2020-10-13,187.19614070014046,187.28361678586123,182.97130202178064,184.39707946777344,3317300
2020-10-14,187.0824637136651,187.58104009978524,183.92476877830896,184.7644805908203,7550100
2020-10-15,183.32119886792944,184.3271071509357,180.97697583496546,182.4639892578125,4325700
2020-10-16,182.2191078347614,183.68861031069665,180.0235830456474,180.37347412109375,3244500
2020-10-19,181.40560987999018,181.86046157227813,178.95642591371976,179.91860961914062,3235300
2020-10-20,180.80206085757249,184.89569942502726,180.60088184382576,181.96542358398438,3335500
2020-10-21,181.40557835708952,181.89541239582923,176.69964798338376,177.4868927001953,3083600
2020-10-22,177.74059333268238,180.51341500528983,176.86588567519183,179.66494750976562,2136900
2020-10-23,180.85448856852202,182.12282491543598,178.45779894922407,179.34999084472656,2110200
2020-10-26,177.11953545035487,177.39943492410256,173.63818981421412,175.9386749267578,3249700
2020-10-27,174.9414773016147,175.45755145638034,170.92657360081677,171.16273498535156,3430400
2020-10-28,167.34026860526404,169.14216369271597,165.26721636249323,165.99322509765625,4214600
2020-10-29,166.01950924029913,168.25001634465704,163.48284912960577,166.1419677734375,3581200
2020-10-30,165.76578882447967,166.54427784962212,162.27571496149255,165.35467529296875,3658800
2020-11-02,167.94384572994977,168.55613833144466,164.64619460528604,166.36936950683594,2459600
2020-11-03,169.64076983310656,174.06678752098824,169.01097938336292,173.13084411621094,4545500
2020-11-04,171.66134725849207,175.6587669489714,170.48048679206315,173.078369140625,3868500
2020-11-05,174.63536162883344,178.54530554830862,174.11928736398454,177.53065490722656,2892800
2020-11-06,178.73771006021965,178.781448100385,175.30885859347615,176.04360961914062,2475100
2020-11-09,187.61600967639362,190.6862280851465,183.1374983628533,188.00086975097656,6960500
2020-11-10,188.280804377512,191.01864334170006,184.7207381622912,190.22265625,4166500
2020-11-11,191.24605471056415,192.36567928638848,188.08835997876866,190.72998046875,2680700
2020-11-12,188.25456264626726,189.68908251471484,185.7878809137657,187.63351440429688,3005500
2020-11-13,188.8056189266073,193.27537477868765,188.42074549167637,191.63092041015625,2832100
2020-11-16,195.5233336548172,196.45927692958495,192.4618579176499,194.51742553710938,3004700
2020-11-17,192.45313486520618,196.6779734059784,190.9748771547131,196.50302124023438,2722900
2020-11-18,196.80917670228524,199.188382039511,195.50585779387856,196.19688415527344,2856200
2020-11-19,196.19686970179617,196.75668189596323,194.2812583874974,196.43304443359375,1505200
2020-11-20,195.05976806367988,196.64298646715577,194.73613056707322,195.3659210205078,1848100
2020-11-23,197.7363584522783,201.18270784390307,197.44770340025642,200.1593017578125,3371300
2020-11-24,202.14490419389972,208.2853411005751,201.7337906100797,207.74302673339844,3915200
2020-11-25,205.55623106480274,207.69926144267907,203.30822672703533,206.9032745361328,2272800
2020-11-27,207.30568054784368,207.5680954710972,204.4978635588927,205.90614318847656,1050400
2020-11-30,202.9758538987838,205.5562380474309,201.4975962641181,201.69003295898438,2705400
2020-12-01,204.00309457863906,206.56235747863366,203.46661411388342,204.10862731933594,2577600
2020-12-02,204.10862339849325,209.42945149530576,203.66888576106624,209.00729370117188,2136300
2020-12-03,208.6906647445955,210.06265733206686,206.36006082755807,207.09002685546875,2142600
2020-12-04,209.05123335884554,210.85416003895264,208.39162701878624,210.70465087890625,2373000
2020-12-07,209.78999548969693,210.94211920389745,207.07242050841626,209.71084594726562,1788600
2020-12-08,208.44445250632182,210.36171579020348,208.06628453888464,210.05389404296875,1371800
2020-12-09,211.0740724262718,215.788060580581,210.6607179608588,213.55419921875,3552300
2020-12-10,211.07404021652496,215.62971514306312,210.64309255331483,214.9437255859375,2541700
2020-12-11,211.78642453941544,212.12941933673943,208.52357900431014,211.0652618408203,2077300
2020-12-14,213.95877211692294,214.15225777658281,208.77866259907526,209.1304473876953,1927800
2020-12-15,210.63432556062187,214.24896942957866,208.60273984955268,213.211181640625,2348000
2020-12-16,214.20499849913716,214.5040168756259,212.05907665425957,214.3896942138672,2400900
2020-12-17,215.4714000231226,216.2893054266403,213.7124498188522,214.9700927734375,2983600
2020-12-18,215.81444180436145,215.81444180436145,211.5665745250273,212.94735717773438,4088100
2020-12-21,220.1238334138302,229.41110244021948,218.77823748330377,226.00753784179688,7408500
2020-12-22,225.90200545787116,226.6407883049897,219.6929256051254,219.94796752929688,3599800
2020-12-23,221.18801460107477,229.1736376727402,221.01212224358784,225.5414276123047,3376100
2020-12-24,226.06030413456008,226.57038792137033,223.1668233240023,225.28636169433594,968100
2020-12-28,226.73749847914831,230.99415521354103,226.0251257164589,228.30296325683594,2793400
2020-12-29,228.8922409764081,229.419904663657,225.58540539255438,226.91342163085938,1430900
2020-12-30,227.61697832594672,229.23520950137362,226.75508295274446,228.1798553466797,1566500
2020-12-31,227.60813530884894,232.11984667120151,226.9045659950315,231.92636108398438,2043100
2021-01-04,234.8198787473283,235.32996255472338,228.80427159116482,233.06092834472656,3572000
2021-01-05,232.07593990428262,240.53648775703624,230.92382944097574,238.27622985839844,4207100
2021-01-06,242.99021767381547,253.62306993398695,240.18468955609754,251.13414001464844,6383500
2021-01-07,253.0865036555075,260.22786299092553,252.1278791543927,256.4988708496094,4009700
2021-01-08,256.8067990406657,257.0530510620579,250.70323803959738,255.11819458007812,2800800
2021-01-11,252.23339948611036,259.44510465640536,249.94678613696578,258.4161071777344,2649700
2021-01-12,261.3273049676054,267.34291283208006,260.3422700810243,265.7862243652344,4814400
2021-01-13,263.9128793659705,267.1141816513267,263.0510109348749,266.4281921386719,2413800
2021-01-14,267.4044060857522,272.1184068015612,266.95589201433285,270.7640075683594,3192200
2021-01-15,264.88916458915475,268.1168238714939,261.0986282386021,264.7308654785156,3863700
2021-01-19,268.2399604744477,269.6471262907294,258.38982659993167,258.74163818359375,6727800
2021-01-20,260.16636414274205,261.5999130353004,252.83154408165436,255.46116638183594,4792600
2021-01-21,255.44351559958673,257.457493955124,253.75491184897203,254.49366760253906,2516000
2021-01-22,252.1367586557237,255.56670672319302,251.09018097316257,254.5113525390625,2568800
2021-01-25,251.11655090274874,251.83772700281932,244.05436617318918,248.92666625976562,4575000
2021-01-26,249.7094106897051,251.32764198987826,246.32342548187094,247.80096435546875,3296800
2021-01-27,242.73517366259077,243.94005048392196,238.6192358549987,240.386962890625,3891800
2021-01-28,241.51267244433413,246.10353407436818,238.62799485408556,241.87326049804688,3778700
2021-01-29,241.2136409357976,243.96640246339,238.00356199011847,238.48728942871094,3412000
2021-02-01,239.79770503935882,243.43871831650122,239.2172482016646,241.61822509765625,2324100
2021-02-02,244.77557019993935,253.5087534254777,244.49413166446766,252.38302612304688,5195500
2021-02-03,252.06642911842908,254.88076110749896,250.80878574983694,253.77261352539062,2712800
2021-02-04,255.04785364029254,260.1751831644583,254.62569580654514,258.34588623046875,2994700
2021-02-05,259.4452200634516,261.41523619666316,256.9738965550885,258.1260070800781,2938100
2021-02-08,259.4451951971035,264.6253172316041,259.00545757812534,263.9744873046875,2826200
2021-02-09,263.4907346401147,265.99724394133506,261.8197373857841,264.2470703125,2071700
2021-02-10,263.84259717548923,268.39827291191637,261.8637776966731,267.60675048828125,3213700
2021-02-11,267.34286654433424,268.24872487791646,263.1125932075669,265.8829345703125,2159900
2021-02-12,265.59270576119184,269.73505325735084,265.3992201445594,269.4008483886719,1977300
2021-02-16,272.6373503823257,275.20543013722346,271.9513607033291,274.3611145019531,2792200
2021-02-17,272.6637181453732,277.01713148778634,271.5467942095122,275.0470886230469,2333100
2021-02-18,271.95137115727175,276.5949999719345,270.5090186878328,272.5494079589844,2093300
2021-02-19,272.83959872205435,278.60015049906053,272.83959872205435,277.5799560546875,2749500
2021-02-22,275.2757563278205,281.9245871450038,274.5809633575048,278.6793212890625,3162300
2021-02-23,279.6555672392418,281.43209769372913,273.1474285085092,280.7373046875,2942500
2021-02-24,281.58162617477376,291.0799489341544,281.52005646065027,290.78973388671875,3934400
2021-02-25,293.15543093945826,295.3365389066948,286.96394539795915,288.25677490234375,4244000
2021-02-26,286.50667306818804,289.06594953920825,280.58782118206625,280.97479248046875,3732200
2021-03-01,286.9521471962485,292.2850500302455,285.45999387523796,291.2961730957031,2957800
2021-03-02,291.3668212125845,296.83215859031384,290.93419425193287,292.19677734375,2850300
2021-03-03,294.61597046167384,300.2843908881474,294.23631716436097,295.2781677246094,3606300
2021-03-04,294.1304377693965,299.984267235406,285.9986610491114,290.739990234375,3647600
2021-03-05,296.2936165283867,296.2936165283867,279.41200043696756,289.0447692871094,3740200
2021-03-08,292.5676385105875,298.0683014836113,290.572235260607,295.06634521484375,2998000
2021-03-09,290.1483532460215,297.00873424894144,287.45542844321153,291.8877258300781,3324800
2021-03-10,293.1945685673512,302.31522351829614,292.71777882766094,301.9797058105469,3153100
2021-03-11,299.0130122709953,304.6107840252034,297.0705559137524,302.05029296875,2756600
2021-03-12,304.80501679897185,309.0254200290014,303.4099996157302,307.9747314453125,2436700
2021-03-15,308.53104833930155,311.1621893284578,301.96204726084335,305.53790283203125,2276200
2021-03-16,304.85799845119226,306.28834040749587,298.2095381745699,301.7059326171875,2332600
2021-03-17,304.27526846261094,306.4031325496464,300.54930356639136,304.566650390625,2710900
2021-03-18,309.6876395653034,315.0735169467195,306.36781476399506,307.25958251953125,3713000
2021-03-19,305.86455470652123,306.5885366680459,300.7523835943031,303.9044494628906,3513000
2021-03-22,301.1320314566459,302.7389701382009,296.66440888322103,299.60455322265625,2094500
2021-03-23,298.09477147333115,301.86489917537324,292.5411351754781,292.92962646484375,2457500
2021-03-24,294.38648896273514,297.4943924034111,289.9894885121946,290.1748962402344,3332200
2021-03-25,289.0270881918332,292.59413228603626,284.23278563273146,291.8524475097656,2804700
2021-03-26,295.34892685494464,296.1788832215864,284.9126876492133,289.0624694824219,3082600
2021-03-29,282.84651394037036,289.3890257686229,280.5244046893117,287.5966796875,4533200
2021-03-30,290.84588730924156,296.4436585970941,290.3514488131136,293.1415100097656,2717300
2021-03-31,291.56992108438914,293.70659613712695,287.34067974661673,288.7180480957031,2624500
2021-04-01,286.33413274966523,291.0666506441605,286.21053658495026,289.28314208984375,2659000
2021-04-05,293.88322217404016,293.88322217404016,285.2304929997693,285.66314697265625,3235000
2021-04-06,286.5019207704902,290.0778031090771,286.0692937325781,288.77105712890625,1801700
2021-04-07,289.33610003264215,290.6604947042382,285.4953500960378,288.3207092285156,2157300
2021-04-08,286.3253081391031,292.68238643787214,285.1598343536212,292.3733825683594,2402800
2021-04-09,294.89854890902956,295.69318032849134,290.29849226252963,292.0820007324219,2347100
2021-04-12,293.72427139108777,295.3223721896531,291.3138633125638,292.9914245605469,2318800
2021-04-13,290.93419697751307,291.4109596527426,286.22816621682966,289.31842041015625,3575900
2021-04-14,290.0866062018326,304.1428619848922,287.9675798429731,296.0905456542969,9876800
2021-04-15,299.2249243949011,301.38811333151534,295.3753631358866,298.9158935546875,4354800
2021-04-16,300.4521484840512,303.49823971446705,298.97764406205675,302.23565673828125,4231900
2021-04-19,300.19609738975925,304.1074694860379,297.1941418048369,302.9243469238281,3228200
2021-04-20,300.1696944546681,300.61115942713167,290.79298275072347,293.02679443359375,3662300
2021-04-21,291.3668065188032,296.1964331470766,289.2124558544074,296.01983642578125,2733300
2021-04-22,295.4459141212432,297.52080418034,291.6228406060825,292.1172790527344,2165200
2021-04-23,292.4704863729371,300.78769666380225,292.00253467253555,299.6222229003906,2163800
2021-04-26,301.9090597272275,305.40545467427773,300.9819940869487,303.3040771484375,2171500
2021-04-27,303.7278173315683,306.8622069941035,303.42762446642803,306.0499267578125,2088600
2021-04-28,307.25961061353564,309.1314177233334,305.5732112414375,307.3567199707031,2140900
2021-04-29,309.51097298661585,312.40698111363554,306.8003994833845,311.6476745605469,2584400
2021-04-30,310.0142982792008,311.51528967461525,306.55322865041774,307.6568908691406,2101100
2021-05-03,309.3256079012426,312.61010767579177,308.37205561922156,309.16668701171875,1871700
2021-05-04,308.05419911316955,310.59704122591563,302.46526538422563,308.8841552734375,2831400
2021-05-05,310.79135574782146,317.09548879511465,307.7452365115437,315.75341796875,2786800
2021-05-06,317.6515883679075,323.41711786627076,314.7644181317625,323.1257629394531,3048700
2021-05-07,319.8854280781186,328.1408263826453,318.6758186679828,327.4698181152344,3378100
2021-05-10,329.774282822828,332.84688825049045,325.35963378905524,325.5185546875,3396300
2021-05-11,320.503499914659,325.47439872864805,316.6362632904587,317.7840881347656,3734300
2021-05-12,320.5653218910044,325.03294442499634,311.91259387468875,312.9103088378906,3309800
2021-05-13,311.89492894144206,318.64052505152273,311.89492894144206,316.80401611328125,2673900
2021-05-14,319.6205373202509,326.2513476975144,319.3556691998691,325.59796142578125,2732300
2021-05-17,324.72382103046937,327.3019871103578,321.8278132537449,326.021728515625,1826100
2021-05-18,327.90238440771805,329.4033484932698,321.38635994167703,321.88079833984375,2018600
2021-05-19,317.8547806784341,317.8547806784341,312.4953894374451,316.4244384765625,3696000
2021-05-20,316.9541284102949,319.5764308212259,311.98322965279976,317.66046142578125,1919600
2021-05-21,319.1703043240367,324.15887955541547,318.30505031177546,323.38189697265625,2657500
2021-05-24,324.3177514291826,326.4367773695925,322.719650790528,325.1741943359375,1834300
2021-05-25,326.60457717532125,330.0126733910742,321.46591908966417,321.8367614746094,2631000
2021-05-26,322.26934080618076,325.6156519169253,319.54109126397384,324.38836669921875,2121200
2021-05-27,327.85832150251275,329.818426800423,324.30011536991884,327.8936462402344,3897000
2021-05-28,329.55913476158315,330.5070667184598,326.2458338323966,329.57684326171875,2169700
2021-06-01,334.6088621168868,339.62309858046854,333.3774318685221,338.8080749511719,3644000
2021-06-02,339.5965358939404,340.7836814188477,336.08833296846797,339.6940002441406,2809700
2021-06-03,338.6397925209794,346.6129988851098,336.7616637920589,344.37164306640625,3003900
2021-06-04,345.22201929225224,347.32162541893626,342.24536934958024,346.79010009765625,2514100
2021-06-07,348.1633285576238,348.3936742712561,343.3350985558943,343.8755187988281,2188700
2021-06-08,341.7758822076153,342.3871634432971,338.61317095097985,340.81024169921875,2452600
2021-06-09,339.4459647708545,340.42931388073424,335.6542633903062,339.10931396484375,2025900
2021-06-10,345.1865933060892,345.1865933060892,329.86917485962965,331.27777099609375,3900800
2021-06-11,332.8370438824759,335.53906381302073,332.31433217631474,334.9189147949219,2117300
2021-06-14,334.3696499676952,335.53905991263554,328.4074814667981,330.37420654296875,2560500
2021-06-15,330.88804256647495,332.07516108131,325.2713652488759,328.93902587890625,2302900
2021-06-16,328.6644110390841,331.4018752651786,323.5792859429619,328.67327880859375,3264200
2021-06-17,330.9056974644715,330.9056974644715,315.87177624184005,320.2570495605469,4146300
2021-06-18,315.84519410969415,317.4930037454487,308.41240983939366,309.03253173828125,6290100
2021-06-21,312.6294170496989,317.12983693913634,310.99047487034403,316.7489013671875,2717300
2021-06-22,316.27048861499634,318.82191873124475,312.4079264371451,316.7400207519531,1870800
2021-06-23,317.85634742236357,321.1253645913803,316.85526262048495,319.8584899902344,1713100
2021-06-24,321.5859394862288,328.5669278426898,321.3910378354081,326.679931640625,2716600
2021-06-25,326.7419436402896,328.8061059041567,322.95024283188906,326.6976318359375,2782400
2021-06-28,325.8383178277999,326.7862498510688,322.34782350927406,326.6445007324219,1833400
2021-06-29,332.09286260553665,334.9543672649125,328.4517783233956,330.1084289550781,2365900
2021-06-30,328.58461977371434,336.7438583560439,328.58461977371434,336.23004150390625,2238400
2021-07-01,337.2666138861141,338.09937309360623,331.46387570472194,332.2080383300781,2571000
2021-07-02,333.37736060325454,333.6342825130781,329.9311788628066,331.47265625,1598900
2021-07-06,330.6488448015151,331.0032040864255,323.721008582613,327.6632995605469,2162900
2021-07-07,325.57255816015044,327.86706627811634,320.8595013057922,325.7231750488281,2012800
2021-07-08,318.6535694920746,321.4884976392778,315.0213262521826,317.9891357421875,2940500
2021-07-09,324.24369733550753,329.6920491376575,323.31350082143825,329.3465576171875,2641800
2021-07-12,328.0619737255961,340.19010758869905,325.42194701191255,337.08941650390625,4135900
2021-07-13,337.5855024441085,341.36833558284434,329.56801255858824,333.0850830078125,6466800
2021-07-14,335.53905453297307,338.2144981193689,329.01875743399006,331.6853332519531,3295700
2021-07-15,328.88583927330313,335.53904455746164,328.2922935953001,330.755126953125,2183900
2021-07-16,332.1548308572102,332.1548308572102,322.32120665575695,323.1805419921875,2583300
2021-07-19,313.6127528237062,314.66698994663375,309.18319416800415,314.2506103515625,4394600
2021-07-20,312.0801456711262,325.40426695303324,311.43344734844925,323.14520263671875,2937900
2021-07-21,326.0509304608277,332.1282713881568,325.9534661209029,330.88800048828125,2398800
2021-07-22,329.8249747972436,331.05640526036694,326.4142357635696,330.1882019042969,1887100
2021-07-23,331.85364400495155,334.8746059964738,329.0098751589956,331.375244140625,1706900
2021-07-26,330.6045704483632,333.7052618554038,330.5425501316103,333.0142517089844,1559100
2021-07-27,330.00219515048616,332.34101563159703,327.09640509073074,332.0752258300781,1791800
2021-07-28,332.9345188184836,334.37855941042216,329.8604037225055,331.5347900390625,1668900
2021-07-29,334.0153182720366,336.21238922553766,332.0485930334661,334.4759826660156,1296600
2021-07-30,333.6078193540243,336.60220562066655,330.49826022545216,332.1106262207031,1474900
2021-08-02,333.25346709258883,342.7858600592196,332.88137222584896,335.0429992675781,2383200
2021-08-03,336.86792523867035,337.806989481462,329.35538426045736,336.9653625488281,1494600
2021-08-04,335.299898362248,338.9941353242053,332.8902172526163,334.7506103515625,1460500
2021-08-05,336.77943382456397,340.46483090605074,336.60226765007855,340.4559631347656,1583800
2021-08-06,344.5132895721647,353.3546695813815,344.3006794506064,352.495361328125,3655800
2021-08-09,351.343704861184,358.439865967152,348.6771020913501,354.25836181640625,3319100
2021-08-10,354.4710024461438,363.78194352083,353.9217414909726,361.4254150390625,3152300
2021-08-11,362.16069899784276,367.36986421814254,360.61922126215893,366.6700134277344,3000500
2021-08-12,367.1041508527675,370.86040838516084,363.7199611513236,367.6534118652344,2312800
2021-08-13,368.5393167340233,369.32779123022146,361.611479820267,363.91485595703125,1980000
2021-08-16,362.32902388264023,362.32902388264023,356.26939099272886,361.7620544433594,1590700
2021-08-17,357.76661554263677,361.76208638391984,354.54191067205517,358.7677001953125,2077400
2021-08-18,356.6680245760106,359.7775559861562,353.11551031879964,353.3015441894531,2187800
2021-08-19,349.58082308936696,352.3537315188724,346.31180618435917,348.6683349609375,2241500
2021-08-20,346.8255738860526,351.21971552457586,346.39148579063556,350.70587158203125,1612100
2021-08-23,356.0390647840497,357.9969220638208,353.4787670032203,355.6492614746094,1857600
2021-08-24,357.54507713025356,362.92256729753217,356.7566298258105,361.94805908203125,1958400
2021-08-25,363.1351565578991,369.141636076911,362.28468899867767,365.98779296875,1845300
2021-08-26,368.4329094066086,372.72958594401894,364.2514056994601,365.3587951660156,2076500
2021-08-27,365.6866053848389,371.9500071632324,365.4385512072727,371.8082580566406,2174500
2021-08-30,372.03856868909884,372.7561548864587,365.63341840746506,366.41302490234375,2089400
2021-08-31,366.8670785890583,369.3151737626301,363.8848752932339,368.1134033203125,1958100
2021-09-01,367.80184000718515,370.42796229334846,365.2647176342218,368.2469482421875,1680400
2021-09-02,369.5377394560504,371.73657518576505,367.33893089358605,368.9947204589844,1830400
2021-09-03,368.54968367996986,369.5467219557248,365.5229525807835,366.1549987792969,1373600
2021-09-07,365.8790224081665,369.1995401046372,364.6683408730835,365.273681640625,1557000
2021-09-08,364.29437316001656,365.861162790072,360.27060462594216,360.53765869140625,1646200
2021-09-09,360.2439007114397,363.9917043376405,359.21124637528527,360.16375732421875,2424600
2021-09-10,363.2083391919649,364.8018343653485,358.89969450671873,359.1845703125,1956000
2021-09-13,362.6831111150915,364.4279278655321,359.4694153913099,364.33001708984375,1802800
2021-09-14,365.25577731273074,371.2291489050417,358.56135977850977,359.3714599609375,3263200
2021-09-15,354.3062043878195,359.3003064395365,352.71270907783696,357.82257080078125,3199800
2021-09-16,360.11033594361345,361.4100714754478,351.5375746512766,353.13104248046875,2882900
2021-09-17,352.81056612316314,355.33877741010735,346.1428268898798,348.4841003417969,3843700
2021-09-20,336.34155828969574,339.0477965170584,331.6056006409394,336.6175231933594,3834500
2021-09-21,339.03891118046397,339.617546389618,333.01212894661626,334.57891845703125,2377300
2021-09-22,338.994440803546,346.55239755112757,338.0241080543705,343.1517639160156,2991300
2021-09-23,347.53158743850196,350.51379059323557,345.56418966803676,348.8401794433594,2518000
2021-09-24,347.6027839922865,349.4010112635009,345.9380837419363,347.9410705566406,1789700
2021-09-27,353.0420106593857,356.97677913107833,351.7957131233005,355.91741943359375,2788500
2021-09-28,356.4871060408422,359.8343006470366,345.7511003036267,346.7392272949219,2609000
2021-09-29,347.7898018920507,349.31209178211617,342.11021584755855,342.6354675292969,1955000
2021-09-30,345.4040246262156,345.4218191771707,335.27335584583045,336.528564453125,2665700
2021-10-01,337.78373803249804,340.7036469542887,334.5878641796274,338.2822570800781,2382300
2021-10-04,338.4691411260533,344.39798510720067,331.8904566150686,333.0744323730469,2895600
2021-10-05,336.59087541659113,345.5998623531668,334.2763070052084,343.4544372558594,2508100
2021-10-06,340.4009441434916,346.78378038216437,337.0893381191903,345.4484558105469,2111800
2021-10-07,349.77493130133536,354.17260251984993,346.97075505620734,347.736328125,2348000
2021-10-08,347.9233355048978,351.02129899683956,345.5642669911977,349.68597412109375,1446700
2021-10-11,349.7660836458126,353.3714770415352,342.7511727529981,342.947021484375,1787400
2021-10-12,343.81937200912955,345.92918048689006,339.1902359576291,344.0953369140625,2088200
2021-10-13,345.4040042007785,345.7422908196942,337.0626798893911,343.8995361328125,2391600
2021-10-14,348.9647866788591,350.44254898455847,340.2406778787858,348.25262451171875,3380900
2021-10-15,358.1429812796252,362.5584473073727,352.8283879351876,361.4902038574219,6451400
2021-10-18,363.2171980296808,370.27660748325695,362.8522060496585,368.27362060546875,3832300
2021-10-19,369.6000957762375,370.19655281036864,364.7128156754833,366.9116516113281,2568300
2021-10-20,365.8789728065936,368.84338172756753,361.6059445750228,363.11041259765625,2453400
2021-10-21,362.1399832285991,367.35666492046266,360.1993181972922,362.84326171875,2162100
2021-10-22,364.9798505530655,369.7603087643046,364.18757200282585,368.8345031738281,2411000
2021-10-25,370.5170242354934,373.4369334451509,367.8997853940455,369.2173156738281,1824700
2021-10-26,370.6593850254264,373.7217315066101,368.33593334379583,371.76324462890625,1843300
2021-10-27,370.8196575229502,372.16389307823647,365.4783587344756,365.87005615234375,2067200
2021-10-28,366.7691547788973,369.36859860616227,364.1519164039398,369.2795715332031,1444700
2021-10-29,368.5674075954879,370.2944296947383,366.0391961187168,367.9709777832031,2061700
2021-11-01,371.28256175754035,372.7603242467422,367.8819285775909,370.95318603515625,1820800
2021-11-02,369.5287838080102,379.37457370599327,367.47238637154817,377.31817626953125,3000800
2021-11-03,376.6683539747428,377.4517487434228,367.2676710850789,372.02142333984375,3542400
2021-11-04,369.1281800962519,370.32106666763025,358.7838711285167,363.27056884765625,3802300
2021-11-05,366.23508529952227,368.9502620926685,361.5169484248466,362.38934326171875,2105600
2021-11-08,364.89089940949845,368.2380953902486,363.1727607046311,363.51104736328125,1728400
2021-11-09,361.525728042224,362.83434708806595,356.13993030172725,360.84918212890625,2246900
2021-11-10,358.16071786628834,361.0272154857249,353.638430942127,355.3031311035156,2243900
2021-11-11,356.21124822549996,359.43382765284497,354.7601909638801,358.1697082519531,1252400
2021-11-12,358.75729409754575,360.6267544133909,355.37448184392497,360.4576110839844,1360100
2021-11-15,361.4278900556012,362.6207768760102,359.56734087671515,360.3685302734375,1436500
2021-11-16,359.567355888724,361.28546724279636,355.19638953933514,358.8373718261719,1311000
2021-11-17,357.73351654113225,358.4456788952992,348.4930646510155,348.56427001953125,2927000
2021-11-18,349.23191702967677,350.6740905592997,343.3386882317127,348.4040222167969,1847400
2021-11-19,340.40096882792096,347.3980570503167,339.20808205084273,344.8609619140625,2610400
2021-11-22,349.99750250726044,358.3032100265982,347.3446477078302,352.66815185546875,3058700
2021-11-23,356.3091452133989,362.2824901721699,353.8699607579255,361.7305603027344,2402300
2021-11-24,360.53769542785994,362.7454422072341,354.5732337970906,355.36553955078125,2186300
2021-11-26,342.2703918851325,348.7066387059039,340.70360241626844,346.641357421875,2687900
2021-11-29,350.7452857590507,352.8550944256129,340.4632964977351,344.1042785644531,2883400
2021-11-30,341.42476244713,344.3624662822377,335.84311429352385,339.1636047363281,4570400
2021-12-01,343.4859952221574,349.15974831024397,336.6756835536983,336.9173278808594,2476000
2021-12-02,338.2776337278055,348.20223086863,336.5146513167464,346.81512451171875,3343700
2021-12-03,348.90919085017197,348.90919085017197,339.19936525541,342.51055908203125,2807500
2021-12-06,347.82633316523555,352.2382538581276,343.19065659948456,348.3901062011719,1990200
2021-12-07,352.2203286352072,359.5317898696373,351.75498307005967,358.0641174316406,2441000
2021-12-08,359.06647044646564,359.4960118269163,353.61644569706374,355.5673522949219,1635200
2021-12-09,354.11759182519444,358.1357482064574,351.7013123428671,354.8245544433594,2111500
2021-12-10,356.17591784898286,356.94553109503676,347.81742094356997,349.9652099609375,1893800
2021-12-13,350.0815573967191,350.0815573967191,342.4479388517369,344.2198791503906,2313300
2021-12-14,343.2533135128269,351.2538492317705,342.9848501574057,347.9605712890625,2788500
2021-12-15,348.5690865334682,350.26941807882565,340.6043554868674,348.9360046386719,2802300
2021-12-16,353.60749177160733,357.822530478146,350.62741185830015,355.6120910644531,3578200
2021-12-17,348.3095711105225,352.3009083694446,340.63121878470656,341.6782531738281,7058600
2021-12-20,336.05816929990664,336.15662406305904,328.1202847451842,332.5590515136719,3735600
2021-12-21,336.87259098623184,341.93780931565595,335.37809936549746,340.35382080078125,2942800
2021-12-22,340.44335589821895,343.65609539086915,339.4141824660418,342.1526184082031,1487900
2021-12-23,343.4591769164129,346.87772888659794,343.26229467221435,344.57781982421875,1624000
2021-12-27,346.32292722001074,348.22014144571165,344.5420562401423,347.2626037597656,1430400
2021-12-28,348.05897886447264,350.2067675169864,345.65165744280154,346.877685546875,1528200
2021-12-29,347.19992486248816,348.53333851765,344.02298981311986,345.6159362792969,1327800
2021-12-30,347.00299278405544,348.8196675790625,344.7209724211335,345.00732421875,1160100
2021-12-31,344.5420077607428,346.3318363724869,340.81916097104096,342.3494567871094,1601300
2022-01-03,348.12164280961815,357.3392486487115,346.6360818792236,353.78643798828125,3334300
2022-01-04,359.9613681620874,367.1654169413905,359.0216918143856,364.65966796875,3916400
2022-01-05,366.7359564254716,369.2954261336337,356.07754861124795,356.7397766113281,3469600
2022-01-06,358.8606304705872,359.03962425292394,345.82172270417766,355.21832275390625,2960900
2022-01-07,355.8806163370238,358.45794683096784,353.0705720524142,355.7374267578125,2360700
2022-01-10,359.1470217532451,361.87649950724983,352.79312461387957,357.22296142578125,3009400
2022-01-11,358.1894110588044,360.9546926788991,354.66344690125896,360.6951599121094,1748800
2022-01-12,360.86533654607166,361.6528657244494,347.72799742858825,349.2940979003906,4158000
2022-01-13,352.6409542636921,355.1646190388464,348.7928338586449,349.73248291015625,2497800
2022-01-14,341.97364171986914,343.99615698953573,335.59289772149197,340.90869140625,4685300
2022-01-18,322.2049220621277,323.57413972055076,310.7410731369387,317.1575927734375,13123500
2022-01-19,320.683601473177,321.90962974987013,309.98939149138397,310.8216552734375,7426100
2022-01-20,312.2356655533041,319.6455565675222,309.7657200889803,311.5197448730469,4599900
2022-01-21,309.22867307197015,312.3161108029717,304.9151798954729,307.76995849609375,4904100
2022-01-24,301.87249025285274,307.9131616182137,291.94789420540775,307.30462646484375,6569800
2022-01-25,302.3556929446533,306.8929144097922,296.13605575535826,305.6579284667969,3959300
2022-01-26,310.1772959770411,313.64956776508336,302.847945813781,306.6692199707031,3745900
2022-01-27,309.34498060735814,312.1191925732902,302.23040232032236,305.19256591796875,2573400
2022-01-28,302.23941635944055,310.66949377117754,298.40918424800947,310.5442199707031,3714600
2022-01-31,308.3874195335588,317.8824454938147,307.34931584908026,317.40814208984375,3312400
2022-02-01,318.70588626199384,326.2321200357562,316.84444891897385,325.80255126953125,3303700
2022-02-02,325.30132670687374,329.80274424810955,320.22715094212055,324.9075622558594,2742400
2022-02-03,324.6927731777324,327.32382308286196,320.52246977239514,321.16680908203125,2372900
2022-02-04,324.1111115942151,331.96845775388437,323.0819383402658,328.9704895019531,3762300
2022-02-07,327.08226240425165,332.4338604640404,325.16715974827514,329.4627380371094,2635600
2022-02-08,332.0848233397178,333.489845501439,327.7623988069367,331.20782470703125,3422300
2022-02-09,333.80305386006665,336.73837184716206,331.9237282555672,335.1722717285156,2250400
2022-02-10,332.6486061284885,337.74067097611913,330.07124842507955,331.62841796875,2406200
2022-02-11,329.82063270111377,335.50334359539266,322.85820099634583,324.9075622558594,3142100
2022-02-14,324.90763746712923,326.0083920705388,319.6455361405807,322.38397216796875,2585600
2022-02-15,325.8293916145153,327.4402539752493,323.38626538824366,325.6951599121094,1846400
2022-02-16,323.3772414797654,324.87173285290237,319.0637486166392,322.2138366699219,2165300
2022-02-17,321.0773209231939,323.0282273570907,311.2869572275279,312.3787536621094,3102400
2022-02-18,309.2555366537037,313.2200003898038,307.2867142984354,309.6761474609375,2910900
2022-02-22,306.47240060371973,312.3251488626181,305.3448269469574,308.0921936035156,2590800
2022-02-23,311.04537309374444,312.5577804615821,304.1097871954253,305.3358154296875,2217300
2022-02-24,294.0419880118382,305.1657658244393,292.59223126530344,304.4408874511719,4564000
2022-02-25,304.44084076627837,313.84639703349933,304.44084076627837,313.32733154296875,2980500
2022-02-28,304.4945744989154,307.7073133890217,302.07829509223836,305.42529296875,4245700
2022-03-01,303.7239264788202,304.4080792777343,294.3799552372428,295.44219970703125,5631500
2022-03-02,298.5028808855665,304.2640889090497,294.72207352586463,302.8057861328125,3469900
2022-03-03,305.0472212838642,307.4147241404907,297.1795735916505,300.1412048339844,2393700
2022-03-04,294.36198472834434,297.6566817989606,291.6614160611118,296.7655029296875,3293100
2022-03-07,294.1999207753581,295.07310563518143,288.82578869409525,289.7619934082031,3689900
2022-03-08,290.3111027693252,297.5666276671653,286.7553433901762,289.29388427734375,3596400
2022-03-09,298.57482434067515,303.78692884623973,297.0895172715582,300.294189453125,3202100
2022-03-10,294.92914404950324,298.71893484337767,292.3456041089501,296.9725646972656,2232600
2022-03-11,300.9963612698976,303.01277697606963,294.1009063448797,294.3619689941406,2613500
2022-03-14,296.35139383082446,298.5208539412141,290.67119997251166,292.5436096191406,2342200
2022-03-15,294.4249429680765,298.7728455248102,292.4175107891393,296.30633544921875,2140700
2022-03-16,301.62645549925816,307.2616222131212,300.8973043152631,306.74853515625,3468500
2022-03-17,303.69694379506956,309.3051345759372,301.47347450985035,309.008056640625,2403500
2022-03-18,305.04719800823807,312.1586892500972,303.63389396242036,310.9074401855469,5861900
2022-03-21,310.7994718417789,311.7356492515082,303.4989198593225,305.1642761230469,3401200
2022-03-22,308.04486601747146,311.68161191388515,306.1724564239636,308.7740173339844,2840200
2022-03-23,306.06442436430575,306.81156954804277,301.6805059754853,302.1125793457031,2196800
2022-03-24,302.8597168920099,303.813915436096,300.9332984344324,302.6706848144531,1944100
2022-03-25,303.7509224708285,307.711750594982,301.99556950923886,303.804931640625,1580800
2022-03-28,304.39901061182667,304.7140823656084,298.42176786040267,301.8334655761719,2182600
2022-03-29,308.28789205535196,309.6651808597303,303.12081323540775,305.75836181640625,2378700
2022-03-30,305.16431577613946,305.9384657507326,300.3303013641697,302.09466552734375,2650200
2022-03-31,302.58066784629796,302.9137335293139,297.15252685546875,297.15252685546875,2632000
2022-04-01,300.60028508525306,300.8073385682569,294.8750928241496,297.2605895996094,2444800
2022-04-04,297.0625186835441,298.7458685606279,293.33572117187254,295.451171875,2569400
2022-04-05,294.686004843269,296.8284601273817,291.19329285723535,291.6253662109375,2573900
2022-04-06,288.0607008949352,288.61881410746173,284.2348947111744,284.6940002441406,3151300
2022-04-07,283.5596611135327,284.3068062283277,277.43838417972194,282.79449462890625,3562600
2022-04-08,282.2814148102738,291.3733343669314,281.7593169813284,289.3119201660156,3294200
2022-04-11,288.60979210376007,296.0723720357754,287.18750453636477,288.7448425292969,2747700
2022-04-12,289.57293379523384,294.46996656904065,286.2692539193659,287.8625793457031,2365200
2022-04-13,284.2798036481388,290.428112680016,283.3076111764039,289.833984375,3022900
2022-04-14,295.6852388321532,299.79010065264214,287.18744796513323,289.5369567871094,5460900
2022-04-18,288.6457694937729,299.4570546221478,288.6457694937729,296.95452880859375,3653400
2022-04-19,297.48556231160944,303.5438462564025,297.48556231160944,302.4186096191406,2774800
2022-04-20,304.3540626070923,310.4753399602641,303.8139434355531,307.01861572265625,3040100
2022-04-21,309.9622180847868,312.6808077780175,300.0871388196577,300.9333190917969,3097800
2022-04-22,299.1419602953396,299.3129984922062,287.5835308080524,287.85357666015625,3125200
2022-04-25,284.80196534013623,290.0050596779629,281.5252622939817,289.33892822265625,3093600
2022-04-26,286.2153018724714,289.50098850498114,281.5793033326704,281.86737060546875,2791700
2022-04-27,280.9851359498814,287.3764587910187,280.9851359498814,281.9663391113281,2469300
2022-04-28,285.4681117774025,287.4845276214131,280.9941685197999,286.6293640136719,2176000
2022-04-29,285.5851711328017,287.23250613173377,274.29678504514743,274.9989318847656,3129600
2022-05-02,275.2869107884438,280.2919615196688,272.04622354156436,279.4367980957031,2968100
2022-05-03,280.42705358622095,287.6285703678337,280.24703214964444,283.253662109375,2606200
2022-05-04,284.3068087737109,292.3815088661002,281.012139713903,291.7603759765625,2629400
2022-05-05,288.51072789300923,288.67275540597353,277.87949234840846,281.82232666015625,2622100
2022-05-06,281.11117485473466,282.3984392414834,275.51199508790785,281.7232971191406,2375600
2022-05-09,278.0865443802763,282.4524413516539,274.5397956551833,278.0595397949219,3234000
2022-05-10,280.6071131691838,283.694757013574,270.6420073503518,274.6118469238281,2798400
2022-05-11,274.61176081057374,279.8778740004241,270.9569942486684,271.45208740234375,2320600
2022-05-12,270.05686537458155,272.6584263640604,264.5657036176441,269.5257568359375,3408300
2022-05-13,273.324528233146,278.7256649555586,273.27051906365006,276.3491516113281,2152500
2022-05-16,275.4130186184393,275.88110731982783,270.5519728098063,273.1535339355469,1568800
2022-05-17,278.9417069505943,282.94756108471546,277.3753860621509,281.7322998046875,2096200
2022-05-18,278.15853241028765,281.6332504054845,274.44975637360665,276.1151123046875,2033200
2022-05-19,273.4955811128102,279.04973495649875,273.10850622010395,277.43841552734375,2108800
2022-05-20,280.1929961038363,281.39023606646947,269.52574489963274,276.1781311035156,2201100
2022-05-23,281.5072795912239,289.7079932757456,280.0219723152955,285.0090026855469,2653000
2022-05-24,283.87473109372144,284.2797998383489,275.84502960603766,282.6144714355469,1870900
2022-05-25,280.1839793759703,285.9001881443067,279.04074861094426,283.46966552734375,1929500
2022-05-26,286.5302830845203,293.0116579353246,286.24224334684095,291.32830810546875,2440400
2022-05-27,294.13684540289137,295.8652208971989,290.93217378383474,295.7841796875,2106700
2022-05-31,293.45658707128536,298.62813904224305,292.23388353829984,296.0287780761719,2722900
2022-06-01,296.1646047113223,298.220538653014,286.0478994775452,291.500244140625,2330200
2022-06-02,290.3591370390428,294.53443958993455,289.127395008486,293.67401123046875,1957500
2022-06-03,290.6217676045074,292.0890009543686,287.5604893116652,288.62921142578125,1238900
2022-06-06,292.5418722373171,294.54346678188995,289.63457530191664,290.28668212890625,1099700
2022-06-07,288.2669541569347,291.49125243818975,286.7997207147712,291.1923828125,2516800
2022-06-08,288.32125173465056,289.41714372098477,283.30365351680945,285.0063781738281,1438100
2022-06-09,283.9920326909225,284.5173555433996,275.35162434911905,275.53277587890625,2896500
2022-06-10,268.98453503057044,270.4880042648337,259.8007274736083,259.9546813964844,3866900
2022-06-13,252.69093617612558,259.4112592567479,252.0750652591504,256.60357666015625,4218100
2022-06-14,257.5183277504253,261.91098951787933,254.77405083423716,255.8971405029297,2487700
2022-06-15,260.0815047474998,266.7112529553514,257.37346341368095,262.71710205078125,2725800
2022-06-16,256.0239540270554,259.14863843901105,252.82682558286857,258.1070861816406,2777300
2022-06-17,255.52583453941395,259.26639004952665,251.921128867715,253.406494140625,5234400
2022-06-21,260.633965807249,260.9056931070993,256.295671276693,257.9530944824219,2506300
2022-06-22,255.6707570961523,259.03997137829515,254.5386290126345,257.7085876464844,2463100
2022-06-23,257.00200828189264,259.5651327795405,252.62745214499728,259.18475341796875,2547000
2022-06-24,263.55938292297816,274.5455568122111,262.6536805761638,274.2013854980469,3984300
2022-06-27,274.48214497509866,275.6233387517252,270.6963158822742,272.4171447753906,2091700
2022-06-28,277.0543344918082,279.8348472510998,270.9680137885261,271.248779296875,2276600
2022-06-29,274.76293690242875,278.44915236083216,271.6292142892635,274.6814270019531,2475900
2022-06-30,268.61314653532907,272.00952978812165,264.6733640739599,269.01165771484375,2669500
2022-07-01,267.4267047018986,272.0095560692677,264.21147263453923,271.0133056640625,1749400
2022-07-05,265.3708128950111,269.31062400691627,261.16834033835374,269.1747741699219,2480900
2022-07-06,268.3324064930383,269.30151457323456,263.19709000647237,266.0591125488281,1774500
2022-07-07,269.59135611316094,270.8683997022086,265.9142069020769,270.4427185058594,2046500
2022-07-08,272.1635906673259,272.5168278957172,267.2456329171165,268.51361083984375,1438900
2022-07-11,265.55200625273625,268.5770495388101,264.3564722192415,265.53387451171875,1519400
2022-07-12,262.39101169797436,270.8774380240237,262.2098878176652,264.9450988769531,1772600
2022-07-13,263.1156485795538,263.73151966111095,258.85883566910525,262.7895812988281,1884100
2022-07-14,257.43684906822625,257.43684906822625,251.640359061988,255.0367431640625,3171900
2022-07-15,259.483730361974,268.4773483095439,258.26102662811127,266.15875244140625,3457600
2022-07-18,276.92758973263915,281.8998873343647,270.5423708813994,272.8519287109375,6767900
2022-07-19,274.9621176333915,289.04580291776176,274.88060775512093,288.0585632324219,5641100
2022-07-20,287.36127017245326,291.7901683883612,286.4827376966511,291.1380615234375,3489800
2022-07-21,290.28660301713694,296.30951674674793,289.6888362853188,295.74798583984375,2518800
2022-07-22,296.2642821096505,298.0213468778705,291.80824203095153,293.3841552734375,1830300
2022-07-25,295.2317987870034,296.4273325333044,292.1795862624618,293.5562438964844,4024500
2022-07-26,291.4278064768621,293.7101938633372,287.79595920652395,288.5114440917969,2054700
2022-07-27,290.0873804403573,295.61216967520744,288.35748583174956,293.9366149902344,2081900
2022-07-28,294.6249598925071,298.86366784633907,291.53653923882587,298.07568359375,1820700
2022-07-29,298.42892253246,303.57330521599766,298.42892253246,301.9521179199219,2112200
2022-08-01,300.44868177397456,303.22916727147106,297.9851700200816,300.7656555175781,1476500
2022-08-02,298.4288725342918,300.53914648203465,296.363872640255,296.9616394042969,1862900
2022-08-03,300.7566513580219,303.8722703302907,298.53766906235927,301.7529296875,1770600
2022-08-04,301.8524218100946,302.7762280844712,299.4432506915987,300.57537841796875,1533400
2022-08-05,299.69690410573577,305.14018411065024,298.5829078972311,303.1114196777344,1876400
2022-08-08,305.32133367528996,306.88820883346057,302.8125478882472,303.1204833984375,1460000
2022-08-09,304.45179078174624,306.28132692593715,303.02079345890974,304.8774719238281,1587900
2022-08-10,309.1705982326432,316.72418155473656,309.16156000256075,315.10296630859375,2459500
2022-08-11,316.9957609653024,322.47524806319643,316.7965053813879,318.517333984375,2360800
2022-08-12,320.11145610956606,321.1258383677201,317.1316874963558,320.45562744140625,2369000
2022-08-15,317.9015274911618,324.80297503312505,316.1353968380517,322.294189453125,2045700
2022-08-16,319.70389162274114,322.8557460265453,318.8253591608668,321.4971923828125,1740900
2022-08-17,318.7166287869936,322.0586724321741,317.69318078185165,320.38311767578125,1576300
2022-08-18,319.4050064402449,321.6149224710355,317.77472556318907,321.089599609375,1102200
2022-08-19,317.90153080692244,318.68042157539327,314.7315725225229,316.33465576171875,1812300
2022-08-22,310.14874985064745,312.0416646584031,308.62717636496524,310.1306457519531,1723900
2022-08-23,309.70488675004475,311.6249710437739,307.060224092751,308.1017761230469,1538000
2022-08-24,307.0511685525883,311.8514070881925,306.5711474630118,309.6958312988281,1530800
2022-08-25,311.969129382477,314.1518473301909,309.84976194174243,313.8167419433594,1763900
2022-08-26,315.49237262458945,315.8546480588316,304.3160082571641,304.67828369140625,1703900
2022-08-29,302.4321594238281,304.6782837000997,300.70226451244037,302.4321594238281,1835600
2022-08-30,303.41024120256253,304.3250092819811,299.95045211707964,302.16943359375,1830300
2022-08-31,302.55273003930404,305.8287742740417,300.8462841074811,303.5747985839844,2488000
2022-09-01,301.01968834615093,304.5055992541977,296.2288513885311,304.33221435546875,1575100
2022-09-02,305.4089732616451,310.55571379187035,301.1109163540126,302.4888610839844,2215400
2022-09-06,303.255428798155,304.1040846763972,295.1703064692627,297.935302734375,1578100
2022-09-07,295.8911953841424,303.10939257481164,294.9786550745537,301.6493225097656,1496600
2022-09-08,301.40296343472085,306.44017619867134,298.72919901386683,306.04779052734375,1755600
2022-09-09,308.420399370894,311.20363631570206,307.5534748937785,310.35498046875,1445600
2022-09-12,311.7784900803758,314.25146624070675,310.34579527351116,312.6180114746094,1563200
2022-09-13,306.6865378432805,307.08805781111255,298.2455399011423,299.66912841796875,2242100
2022-09-14,299.7239258658801,301.9870083884526,295.20683943983283,298.63800048828125,1953300
2022-09-15,299.9793806991066,305.9565084819521,298.939071397257,302.6166076660156,1489400
2022-09-16,297.8349231652069,300.22577442063516,291.8212856151389,297.6797790527344,2946800
2022-09-19,292.5330491782529,300.49040166803354,292.5056740833319,299.9154968261719,1652700
2022-09-20,297.2143935790471,298.218165652959,292.0220369265983,294.98779296875,1569900
2022-09-21,296.50258098450973,300.9466474068731,292.5877756371997,292.6607666015625,1796700
2022-09-22,294.13002874091364,295.10645365365224,283.9825839373176,285.5521545410156,2239900
2022-09-23,280.6517774239124,282.695886773464,271.444248505602,275.559814453125,2918500
2022-09-26,272.84959273295885,275.67847367882484,266.7446949352325,268.8526611328125,2308800
2022-09-27,271.4807382534871,272.9864241732563,263.37737596346864,265.89599609375,2007400
2022-09-28,268.28681551176425,275.96128184152474,266.88149582340367,274.48297119140625,2289700
2022-09-29,271.0883695815816,273.1689604742631,266.0511290056527,270.2123107910156,1930800
2022-09-30,270.1119577050614,274.7567849872885,267.10058553221813,267.4199523925781,1970800
2022-10-03,271.17960774317373,274.88451905868044,265.6404815500792,272.9864196777344,1938800
2022-10-04,279.96730676019513,287.59615689214235,279.12778541772474,287.3315124511719,2399500
2022-10-05,279.7666156273516,283.0791416409694,277.0472631356935,281.9749755859375,1992800
2022-10-06,280.5057617250422,282.04792913190965,276.8829758068453,278.0236511230469,1367400
2022-10-07,277.41221872878083,278.4616343812423,272.98639322212165,274.7475891113281,1790100
2022-10-10,277.0745983025932,278.0692638251554,272.3293779019024,274.2548522949219,1309600
2022-10-11,271.94606236650554,276.0615989514195,268.21377699777736,268.4783935546875,2392800
2022-10-12,268.27773980864833,273.5613564537799,266.19714883754557,269.4822998046875,1763800
2022-10-13,265.0199841776157,281.75597107438216,262.58348915779754,280.2137756347656,2724900
2022-10-14,280.5696374725608,284.3658085250572,272.91343871038896,273.7529602050781,2397600
2022-10-17,277.7864221585056,284.3658305419524,277.5400462798296,279.88525390625,3118600
2022-10-18,293.5368281201934,296.1010639393348,284.7125518402581,286.4007568359375,6428600
2022-10-19,285.2692283351315,287.25858748315403,281.1171808399923,284.49359130859375,2363800
2022-10-20,284.8038633761111,288.40838123391603,281.9749825766729,283.6266784667969,2382300
2022-10-21,283.7999873649156,297.2781953889028,282.42204282341953,296.66680908203125,3545700
2022-10-24,299.7694766574424,302.2698280687212,297.3512505280831,299.9519958496094,2232600
2022-10-25,299.185458768756,304.423459191936,297.4151561519037,303.3283996582031,1837700
2022-10-26,305.2629431349745,309.05000731148004,304.9162012455308,306.33062744140625,2176700
2022-10-27,309.6340841807264,312.024935598325,307.09722295575625,307.69036865234375,1998800
2022-10-28,308.91310012654327,312.6180111304271,306.6135088357413,311.92449951171875,1677100
2022-10-31,311.24013155316277,315.90319919001655,310.78386139620153,314.3792724609375,2224000
2022-11-01,314.9450448439734,318.193686152678,313.7039755285412,318.0932922363281,2316600
2022-11-02,317.2172242159806,326.17837578644514,316.4141843732115,319.19744873046875,3221200
2022-11-03,317.1077344789592,320.0004993029497,312.6271585434918,318.35791015625,2515600
2022-11-04,323.03929409928975,327.03622541424795,320.5115672754498,326.6073303222656,3172700
2022-11-07,328.5236497766312,331.215627013665,327.16394576175327,330.8506164550781,2526900
2022-11-08,330.6134126215957,335.07574904213504,329.84688194200226,332.1829833984375,3501300
2022-11-09,331.206554660342,335.03920769303244,329.31758931823566,330.3396301269531,3047200
2022-11-10,337.6399362979534,347.1577256564369,337.4026668906494,345.22314453125,3790400
2022-11-11,346.76530876376677,353.15309076730983,345.6246334059912,351.483154296875,3409100
2022-11-14,350.41549433593855,353.4268663509795,347.2216031115224,348.9189147949219,2609100
2022-11-15,352.2223131014872,355.5074358847826,347.3584577338015,349.3934326171875,3192400
2022-11-16,349.6945499050483,351.6930153290071,346.77443774317925,348.8915100097656,2303700
2022-11-17,344.1645592976675,348.33487503989323,342.21173758953995,346.5645446777344,2297600
2022-11-18,347.9333804959676,349.3478068867085,344.3836130466946,346.0353088378906,2384500
2022-11-21,345.76157495689966,347.4680211624837,342.5859519770192,346.9570007324219,1877500
2022-11-22,348.0428081594628,352.0853543463493,348.0428081594628,350.2967834472656,2019400
2022-11-23,350.3241530379528,354.2480923363113,349.8770172823305,352.4686279296875,1865400
2022-11-25,352.0215502195803,355.37969179395526,351.4922612576563,354.85040283203125,1129300
2022-11-28,351.72042035255487,354.4215598389965,347.5775072152477,348.9189147949219,2232200
2022-11-29,347.79653686157354,351.264179339413,346.0900907214807,350.15087890625,1746900
2022-11-30,351.3357444973324,354.6883544921875,344.5386664191702,354.6883544921875,2964100
2022-12-01,355.00983542087323,355.00983542087323,349.45277158987676,352.53900146484375,1706300
2022-12-02,350.43555907831654,351.3540838454835,347.5697662897399,349.5721435546875,1932300
2022-12-05,347.7075158789335,348.00145051202094,339.22035657436834,341.2686767578125,2329600
2022-12-06,339.3766039945122,340.19407661267564,330.9720783915661,333.3418884277344,3081900
2022-12-07,332.95601568574483,335.5370678979483,328.96962177781796,330.5954284667969,2128200
2022-12-08,332.5334876411208,333.0478592176686,327.04989419904143,328.9053039550781,1967800
2022-12-09,327.64696131844704,332.1753097169446,327.187698935605,329.8789978027344,1588800
2022-12-12,329.35548783435854,334.35226564988125,327.30716716816863,333.5898742675781,1750400
2022-12-13,344.10691794763187,347.716713344674,335.7299770444212,338.65087890625,3062600
2022-12-14,337.10782989568924,338.7795238970025,330.16378394821834,331.01800537109375,2519700
2022-12-15,325.5987082660493,327.09588026835877,319.591547725881,321.3275451660156,3163700
2022-12-16,316.9645589571063,319.44458739017006,315.4306380773664,318.131103515625,5008800
2022-12-19,318.0575608729395,320.0140231109882,314.71414529836125,316.5328063964844,1646700
2022-12-20,317.80042530734227,319.113937235075,315.504113027527,316.4226379394531,1623000
2022-12-21,319.8854542467556,322.29198472595084,318.62707976192087,321.6306457519531,1923100
2022-12-22,318.8750212183496,319.69249358157725,312.1881628800334,317.4237365722656,1528900
2022-12-23,316.7440731507555,319.42617776906445,315.1550152333897,317.3594970703125,1062000
2022-12-27,318.2780203736564,319.4169820946944,313.9425824285801,314.10791015625,1035000
2022-12-28,312.75765401497705,314.9161926224849,311.6554131848436,313.0975036621094,1117200
2022-12-29,314.5396440006133,316.5604098324761,313.4374029957512,315.448974609375,1273600
2022-12-30,313.896651549575,315.6877860956025,311.74730691303307,315.4030456542969,1031400
2023-01-03,317.3503187368956,320.19775122614885,314.8794847797804,318.01165771484375,1589700
2023-01-04,319.6741640628416,321.7683993482839,316.9645048680435,319.3710632324219,1881000
2023-01-05,316.20217391130655,317.0196744680207,312.4270503008267,315.7521057128906,1397800
2023-01-06,319.0036750161825,320.56517850215045,313.17106453712705,319.7201232910156,3097800
2023-01-09,323.210484089905,327.45406382617466,321.02439076366915,324.2392272949219,1989000
2023-01-10,323.9085781688559,328.37259495582055,321.9429217678744,328.2439880371094,1610100
2023-01-11,329.6310267927687,335.720851372416,327.18774719195585,334.7839660644531,2127000
2023-01-12,336.4005192380436,339.94603959974694,333.02954886481587,339.799072265625,2103100
2023-01-13,333.8745551068276,343.84974854867306,332.836617645952,343.52825927734375,3310200
2023-01-17,335.0778112426053,336.9056945216756,315.97250801683805,321.4101867675781,14448300
2023-01-18,319.94060357609527,325.88346086870854,319.4629526826609,320.6478576660156,5585200
2023-01-19,317.83716878949195,323.4677308895761,317.36871212234433,322.172607421875,3100400
2023-01-20,321.36427867464903,323.550372261071,310.65427576353204,313.988525390625,11247200
2023-01-23,313.83240471978496,321.0795513691126,308.77132371525795,320.69378662109375,4915700
2023-01-24,312.2984679356903,321.7592632518681,312.2984679356903,319.94976806640625,2372000
2023-01-25,316.6614238501639,321.44693019508696,315.8806721662753,321.1438293457031,1985200
2023-01-26,323.07272530711185,326.0762911939374,321.04276539640523,326.0487365722656,1919200
2023-01-27,323.2747535343589,326.9855728432826,323.1645070330068,324.8821716308594,2427400
2023-01-30,324.5056737993066,332.8091188159836,323.6881731732006,328.3359069824219,3184500
2023-01-31,329.8973399343934,336.10657597646747,327.7847162716438,336.0055236816406,2311500
2023-02-01,329.84229079050596,338.88057226723873,329.52999569430955,335.9137268066406,2889400
2023-02-02,338.0171379819577,342.5087378628129,334.8482161009156,339.36737060546875,2619600
2023-02-03,335.83096968854244,344.05177631386994,335.6656419831332,339.8081970214844,2243100
2023-02-06,338.93565580779654,341.0115308539866,335.97800479034146,340.5889892578125,1816200
2023-02-07,338.17329916414144,345.6500767078856,337.41090785741386,343.89569091796875,2205500
2023-02-08,342.536288390296,347.52387143807215,341.67287281654455,344.5386657714844,1893200
2023-02-09,346.3205696196389,348.74546031363826,337.833382112766,338.0079040527344,2052500
2023-02-10,337.0985918005133,341.90248645607846,334.85738911117306,341.0298767089844,1933400
2023-02-13,339.0182802700782,344.5018738844664,338.01709170458247,343.5466003417969,1570600
2023-02-14,343.47321398653133,346.3298130590512,339.2847425552986,341.48919677734375,2155500
2023-02-15,338.69677147523845,343.86806975505453,338.24670336537133,343.84051513671875,1687200
2023-02-16,340.5430802754067,343.75791717618597,338.75194564679697,340.03790283203125,1947800
2023-02-17,338.0630320335562,340.82780057469853,336.9699853094373,338.47637939453125,1857300
2023-02-21,336.84143769197357,336.84143769197357,330.7516133867884,331.69769287109375,2403000
2023-02-22,332.1661190416207,333.42449349904325,328.8686184613876,331.4864196777344,2203800
2023-02-23,333.6082066518817,337.9068958348032,330.3106780702958,333.9205017089844,1931400
2023-02-24,330.82506641276603,335.42685627774665,330.2371971269268,334.2052307128906,2428600
2023-02-27,338.2191858803736,340.1297050340904,334.8114668933554,335.74835205078125,2842400
2023-02-28,336.180073414021,336.18926763189717,322.7053024000308,322.9992370605469,4945600
2023-03-01,323.2212676136708,326.1353320617389,320.0481476101771,320.2979431152344,2717400
2023-03-02,318.2257186526773,323.5820652979896,314.9878627647036,322.9530029296875,3259800
2023-03-03,324.3776847444494,330.9736363764983,323.3785590644006,330.3445739746094,2396200
2023-03-06,331.24191791898534,331.9819879984736,327.23623991379014,330.30755615234375,1614200
2023-03-07,328.91989380012274,329.5212324826751,319.74290086711346,320.1591796875,2048500
2023-03-08,320.26087249222473,323.49872755972484,319.3172791788785,323.1286926269531,1584600
2023-03-09,323.0455049385957,327.7542689123341,315.50590396475104,316.468017578125,3177800
2023-03-10,313.48923579389447,314.469841422528,301.6109323218808,303.12811279296875,4559700
2023-03-13,295.7272098191197,301.684837523783,290.98143459270625,291.8787841796875,5660700
2023-03-14,300.4452153620534,301.9346435139874,295.0611458845017,298.0214538574219,3785900
2023-03-15,287.49383831239055,289.10353442979846,281.61020519152686,288.8074951171875,6596700
2023-03-16,285.85642936486653,294.47838410711756,282.08202679721455,291.49029541015625,4399100
2023-03-17,286.86479449430425,287.1515737744808,279.26045708010884,280.8053894042969,6369800
2023-03-20,283.80268068881327,288.8167440119799,283.3216379982988,286.3467102050781,3963700
2023-03-21,293.8308276091931,296.32861374842594,291.73085669802646,293.51629638671875,3242400
2023-03-22,293.51626988688867,298.0862746001145,290.01012649548403,290.1766662597656,2505900
2023-03-23,291.601272542263,297.2906418356141,289.22378284480425,291.26824951171875,2585900
2023-03-24,286.9202687032997,289.325538619571,282.4890239319109,289.1590270996094,2456700
2023-03-27,294.75586317689425,296.8650936662951,293.4144828146598,294.672607421875,2300600
2023-03-28,295.19072702151834,296.5968715799814,292.4431735737262,294.58941650390625,1224300
2023-03-29,298.3452575529626,298.53952097854153,294.81136276537114,296.6985778808594,1475900
2023-03-30,300.2510208870666,300.53780017022046,295.9215514847456,297.0871887207031,1456300
2023-03-31,299.2426300464793,302.8135088426071,298.2712846125938,302.6099853515625,2281100
2023-04-03,301.71266355703693,304.3399488367069,298.94659044535496,302.0641784667969,1808800
2023-04-04,302.34172557788975,302.38796936727016,296.14353328038703,298.4840393066406,1536800
2023-04-05,295.68101978126447,298.0677981300295,295.44974434144655,297.4479675292969,1329300
2023-04-06,296.38405153612933,299.020596710575,296.01401654698225,298.25274658203125,1311000
2023-04-10,298.2527444057726,300.6487541154527,297.2443870691639,300.6210021972656,1114400
2023-04-11,301.6294143341149,304.54350743248716,299.4276958835942,302.8505554199219,1559600
2023-04-12,306.87471477931143,307.19850599718234,302.6747454612371,305.50555419921875,1862400
2023-04-13,305.3575832489725,308.00338902145694,302.50828218739355,307.2540588378906,1765500
2023-04-14,311.3244385260034,314.19225911586153,309.27997190669714,311.68524169921875,2275700
2023-04-17,310.8341580542492,314.95087173789113,308.68791542537053,314.238525390625,3012100
2023-04-18,303.4333716307259,311.34298023872,301.70343588883196,308.9007263183594,7549500
2023-04-19,308.04035046493357,311.7499887980772,306.8284695899762,311.6575012207031,2625400
2023-04-20,309.86282335550965,313.89625318559655,309.28000477183576,313.3411865234375,2217900
2023-04-21,313.60947754524915,316.717805718297,310.83417243422923,316.07025146484375,2278900
2023-04-24,316.37551608136494,319.2155850287269,315.9499772113716,318.1979675292969,1966300
2023-04-25,315.45967221921524,317.7446744933034,312.9896383167695,314.05352783203125,2138200
2023-04-26,312.29579687140694,315.0896218716844,309.5760240434792,311.3522033691406,2041900
2023-04-27,314.66412982755423,317.64293042652605,313.38748486692884,316.0147705078125,1768200
2023-04-28,314.580810741188,318.3274894336871,314.25704774305234,317.7169189453125,1714100
2023-05-01,318.28122546440756,321.4358256182299,314.87685801751053,315.0618896484375,1375000
2023-05-02,313.6187407773848,314.4328348019725,305.2835653085519,308.4011535644531,2397600
2023-05-03,307.46678736981363,309.7517896974127,303.6646329352321,304.03466796875,1825400
2023-05-04,301.53691038354464,302.4897640051936,294.7003952697989,297.19818115234375,2965100
2023-05-05,300.7135420574983,303.3130754524536,298.271288366091,302.5267333984375,2413400
2023-05-08,304.9505041579619,305.56104636828843,301.277849686531,302.054931640625,1607300
2023-05-09,300.69507752065357,302.67478056398767,299.08538129513863,300.4452819824219,1253300
2023-05-10,305.20956373649443,305.20956373649443,295.18143651536667,298.39154052734375,1752200
2023-05-11,295.71797247117206,297.82720293017906,294.3488119784673,296.6985778808594,1515200
2023-05-12,297.9197736598248,299.0113869425265,293.5532922971533,295.57000732421875,1099100
2023-05-15,296.4211279760648,299.0391536197635,294.23787307107784,297.9475402832031,1178200
2023-05-16,298.34525373224625,298.8725683982099,296.49505060832536,296.7818298339844,1618900
2023-05-17,298.493318605446,305.64436492658194,298.493318605446,305.4500732421875,2098100
2023-05-18,305.2835746846873,305.8386413759415,301.2686365145367,304.89501953125,1645400
2023-05-19,305.28357113777184,307.0875308054226,300.46379902563996,301.721923828125,1546100
2023-05-22,301.7219330228025,302.8228063744571,298.28055335037493,300.5840759277344,1498900
2023-05-23,299.3629264832658,302.6377945234246,298.6320882091808,299.3351745605469,1550900
2023-05-24,296.39335581727727,297.7902402271555,294.9224192275427,295.8567810058594,1439100
2023-05-25,295.03348168678406,300.8245998200986,294.9224457548086,299.6219787597656,1618500
2023-05-26,300.3990064921175,307.93857923237726,299.73293218022036,307.14300537109375,2718700
2023-05-30,307.20779939198906,307.6241065029613,303.18362906797006,306.0514221191406,1998600
2023-05-31,303.9447351044275,305.044660130371,299.9831161416954,301.9219665527344,2938000
2023-06-01,302.4906249918995,302.6490738384181,292.71239677721957,294.930908203125,3339700
2023-06-02,296.6460529469412,303.19903639997733,295.53679723404224,301.68896484375,3987700
2023-06-05,301.0178145869382,301.5398139214229,298.5849278794466,299.97381591796875,1462900
2023-06-06,300.55171121909103,305.80902627164306,299.5916023498689,304.62518310546875,1495600
2023-06-07,305.40817831687446,314.91604575481233,304.17773937709126,312.9678649902344,3382700
2023-06-08,312.6043278560251,313.50851020592455,308.85711286765934,312.7068786621094,2009500
2023-06-09,312.464538266859,313.3873818127534,309.97572528851975,313.2195739746094,1702100
2023-06-12,315.4753904815726,317.013425185008,313.527209397644,316.4541320800781,2290800
2023-06-13,317.1159337491395,321.85122072001934,316.4168245728379,319.2598571777344,1772400
2023-06-14,321.38512733723024,324.1349679665007,314.34744012559173,315.4566955566406,1819400
2023-06-15,314.43135739044897,320.65808310727056,312.92128608544755,316.6871337890625,3322700
2023-06-16,318.2159425229885,318.23457519840804,314.2356616913835,315.354248046875,4544900
2023-06-20,312.56708092953204,312.6230073918454,306.8903174301041,308.2792053222656,3208100
2023-06-21,306.16329155219285,307.60810612647856,302.87281810028895,303.01263427734375,2158700
2023-06-22,301.7261828934447,302.2575126622378,297.3637487268585,297.8950500488281,2409100
2023-06-23,295.08003550783053,296.15199735527017,292.75900185721105,293.3555603027344,2612000
2023-06-26,293.7471010513701,295.1546502670551,290.987957537285,291.1650390625,2481000
2023-06-27,291.21162136510077,294.2597273519608,289.487146250268,292.1810607910156,2156800
2023-06-28,290.5684660753013,293.5326826488738,289.608357117943,292.3768310546875,2423500
2023-06-29,296.28249710597186,303.4134055564114,294.79105839390206,301.16693115234375,3553600
2023-06-30,303.71170295603656,303.9074455777121,300.570376662418,300.6542663574219,2361800
2023-07-03,300.5330345265812,307.04872247852666,300.5330345265812,304.4480285644531,1106800
2023-07-05,301.9685815521902,302.5837726212039,297.9417056922328,298.33319091796875,2561000
2023-07-06,296.4223560662315,297.01894301593825,291.61248045983893,291.7616271972656,2896900
2023-07-07,291.9480043617305,295.8350354645196,291.4819315759978,293.7843322753906,2903100
2023-07-10,295.18262584326146,298.3612180186379,294.558075634645,294.9961853027344,1775800
2023-07-11,297.1959874105446,299.2560497949644,293.2343683668838,299.1069030761719,2041700
2023-07-12,302.55577716267794,310.73071149251973,302.24818166093604,304.2522888183594,2741300
2023-07-13,305.137883317477,306.9369175894358,303.59051812941857,306.37762451171875,2787800
2023-07-14,309.4630127631281,309.9197834570542,302.9659567067129,304.05657958984375,1815200
2023-07-17,303.7769688294548,305.26837915763423,302.350758632354,304.9980773925781,1777400
2023-07-18,305.0912423719495,315.29824803289785,305.0912423719495,314.3847351074219,3887400
2023-07-19,315.06523960354656,322.41055210792655,308.8198521735022,317.44219970703125,6037400
2023-07-20,316.1465251610696,327.8169785724054,316.1465251610696,327.0526123046875,3915000
2023-07-21,327.9101320197332,330.98620068938715,323.2494046736987,328.0779113769531,3217400
2023-07-24,328.8889483765462,337.0825168842731,328.11527997729524,334.5750427246094,3517500
2023-07-25,333.1674866833495,336.33677597514645,329.96090360313366,330.6320495605469,2893000
2023-07-26,330.4363706216859,335.81487033915863,330.2406279598643,333.2980651855469,2281600
2023-07-27,333.8293803387298,336.07585513326507,330.1380909310523,330.45501708984375,2010800
2023-07-28,331.9463042822979,332.3098546641749,327.75164973534476,329.2617492675781,1827400
2023-07-31,330.79987162461447,332.96245648276437,329.99821152770147,331.7226867675781,1385500
2023-08-01,329.9795907938469,333.5869902434054,329.4109955489349,333.4471740722656,2024300
2023-08-02,330.90236838145773,330.90236838145773,325.1976416723377,327.2763366699219,2106600
2023-08-03,326.2416797143302,331.1074816340154,324.9646445970333,329.19659423828125,1840400
2023-08-04,329.36438590089074,334.38866530055924,328.59071742148416,329.2525329589844,1725300
2023-08-07,331.2845690978412,333.4005579981474,329.90501169693175,331.4337158203125,1260300
2023-08-08,327.8356422056029,328.11527452675233,318.82178109617547,324.6290588378906,1917300
2023-08-09,323.2867780053374,324.81548215864126,319.2505712003043,319.43701171875,1326000
2023-08-10,320.72335515787586,323.6969020064553,316.74307509422687,317.3023681640625,1345900
2023-08-11,316.8642822380676,318.59808803933674,314.64577091172293,317.6100158691406,1256800
2023-08-14,314.5152499279611,315.48468931589605,312.13826158274986,314.8228454589844,1347000
2023-08-15,310.684095522546,311.3645720041406,308.05546673270663,309.6680603027344,1657800
2023-08-16,308.1113709866056,310.32988175214433,306.6478957744716,306.77838134765625,3340300
2023-08-17,307.60808782935425,311.3273401519418,302.0152135051842,305.2963562011719,3135200
2023-08-18,302.313484884505,305.38955415941524,301.26948630506456,302.882080078125,1730500
2023-08-21,303.3108784875494,304.2430241122861,297.71800473912924,300.2068176269531,1983500
2023-08-22,300.5983725443039,300.74751927834205,296.7113122392917,297.15875244140625,1810300
2023-08-23,298.86453499075236,300.5703774675492,296.42231792911815,300.45849609375,1429000
2023-08-24,300.29069923466085,305.2683533231193,297.8298496439608,298.2492980957031,1185600
2023-08-25,299.0323110981353,300.82204325051123,296.5994246227353,298.4264221191406,1159600
2023-08-28,299.53569288231967,304.43878831914645,299.53569288231967,303.8515319824219,1440100
2023-08-29,303.46935693676335,310.12489100154176,302.64906415542964,309.98504638671875,1831700
2023-08-30,310.17298372262644,311.9682307977707,307.9641703744633,308.8382873535156,1131500
2023-08-31,309.61847185185877,310.633570933271,306.3757424400739,308.0205993652344,1271100
2023-09-01,309.8628809620428,311.69570445070275,306.6107429665613,307.729248046875,1201400
2023-09-05,307.6728259083329,308.7443464447345,303.24581913494694,304.29852294921875,1846000
2023-09-06,302.94500346705905,304.6650696698665,300.12524913959373,301.8359069824219,2120800
2023-09-07,301.35654100185315,304.7402519477175,300.8959903050634,302.61602783203125,1471100
2023-09-08,302.5784756738603,306.3851328612964,302.3340877661144,305.962158203125,2026400
2023-09-11,308.5375593350205,310.31398982782895,304.8060829115982,305.1444396972656,1283100
2023-09-12,304.5429294178912,315.13579804936893,304.5335210562531,311.0189514160156,2054700
2023-09-13,313.4627314862264,316.7618536711624,310.9437574996793,314.85382080078125,2165000
2023-09-14,318.6322635899625,324.38455827240784,316.61144523615303,323.86761474609375,2822700
2023-09-15,324.4127675095051,325.3902904886677,321.3204285378633,321.9595947265625,3063900
2023-09-18,321.95964436461963,323.57630509770206,318.8860929572414,322.6927795410156,1356600
2023-09-19,322.8243131784423,324.2435989107206,317.6641711797773,321.3486633300781,1660200
2023-09-20,322.0253811746127,323.1438861983333,316.08511957340806,316.4704895019531,1224400
2023-09-21,314.4026818764171,314.58126865411873,310.2482302303499,310.39862060546875,1685100
2023-09-22,310.2670307081861,311.62051532935135,307.19347956744315,308.1898193359375,1669100
2023-09-25,307.419118427662,309.505738426115,305.7366564576398,309.082763671875,833300
2023-09-26,306.04675177558613,307.75740978622275,303.0484391025616,304.36431884765625,1481800
2023-09-27,305.4546405787191,305.4734286173068,299.8151311273226,302.606689453125,1493000
2023-09-28,300.97122623742086,307.20288906115917,300.97122623742086,305.66143798828125,1389600
2023-09-29,307.5412410913831,308.2555594056506,302.90742264722087,304.12933349609375,1403900
2023-10-02,302.6818628011555,304.1387245664358,298.0480728674288,299.36395263671875,1303800
2023-10-03,296.3279984157027,296.71336831696124,286.10171256924286,287.7277526855469,3118600
2023-10-04,286.53411357481,290.49116178076844,285.24643002996584,290.0588073730469,1872000
2023-10-05,288.893277750511,291.89161945161396,285.93254081330497,291.8446350097656,1584600
2023-10-06,289.59819121157494,296.3750222821243,288.71469446732084,293.7056579589844,1595100
2023-10-09,290.3407312733327,294.64557276696905,289.84257576606325,293.82781982421875,1094400
2023-10-10,295.5760682489996,297.81307808441926,293.527053521306,295.8580322265625,1193800
2023-10-11,296.4784021908109,297.60631554721704,292.8785279691965,294.21319580078125,1672500
2023-10-12,295.27531006373533,295.36930762476527,289.5136066493431,291.2336730957031,1727700
2023-10-13,293.2544653049755,297.18331632136955,289.6545913806967,290.7166748046875,1785200
2023-10-16,294.3635633801298,296.92014193064205,291.609610046931,295.5008850097656,2273900
2023-10-17,294.5516225183456,297.18338247303353,287.5304311676245,290.77313232421875,4123000
2023-10-18,288.5549457407431,288.7617289339121,283.36660655400175,283.8177490234375,3460300
2023-10-19,283.817643456286,286.9945710223782,280.68772900262866,281.2140808105469,3211800
2023-10-20,280.56559911587,285.03021082709404,280.1896375506779,282.0224609375,2329000
2023-10-23,280.3681925762842,285.3121425327628,280.2741950246195,281.2423095703125,2959800
2023-10-24,281.9754823007631,284.88923468801016,281.11074486740114,281.2047424316406,1697100
2023-10-25,280.6595606713233,281.9754403226908,277.30404604731723,278.93011474609375,1809300
2023-10-26,279.11807435596944,282.10703575036007,277.06905975709134,279.1462707519531,2011200
2023-10-27,279.6726596255131,280.3494019027394,271.974726978575,272.49169921875,2601700
2023-10-30,275.8189825981141,283.6766842790951,275.6685922574797,282.75555419921875,3065200
2023-10-31,283.5545558101043,286.0077575748858,282.63345420156105,285.36859130859375,2611000
2023-11-01,285.1053586674486,289.7297685677493,284.6448079546962,288.70526123046875,2345400
2023-11-02,291.08324824698013,295.64185691855363,289.49478431107076,294.9087219238281,2597000
2023-11-03,299.3263502457017,309.54325677373976,298.82819473324076,307.9360046386719,3742000
2023-11-06,307.033719451578,309.13912729301904,302.74769424062697,304.4489440917969,2087600
2023-11-07,302.77582288254337,306.7798831772185,301.9862951186963,304.4864807128906,1505000
2023-11-08,304.48650864403993,307.03367890339644,304.22333269861593,305.0598449707031,1484400
2023-11-09,306.4133011280506,307.02424215729866,300.45422380586405,301.5069274902344,1787900
2023-11-10,303.894426732378,306.46979399287886,302.32475036914633,305.9528503417969,1781400
2023-11-13,304.68390158538506,308.9699264856697,304.0917485018935,307.2686767578125,1403300
2023-11-14,313.4909922055692,321.245319238105,312.4946809664146,318.3691711425781,3592700
2023-11-15,319.47823747219655,320.58733422729534,315.1922121439916,317.3164367675781,2534500
2023-11-16,317.4667680983701,319.3371960649394,314.8819931486171,316.4422607421875,1620400
2023-11-17,319.1022243939446,319.9951581449463,317.80513270681655,318.81085205078125,1465200
2023-11-20,319.57224147445254,320.8129405902269,317.22244558125806,319.0552978515625,3146000
2023-11-21,318.03069855295394,318.71684914399395,314.4496126163718,314.8443908691406,1900900
2023-11-22,316.69607273675865,318.5477129259991,315.2203941288602,318.2939453125,1235200
2023-11-24,318.4442772850412,319.82595819767744,317.3539974060879,318.77325439453125,460100
2023-11-27,318.8108585581094,319.5909780480446,315.5681292741011,317.4197692871094,1250500
2023-11-28,317.10963570951174,318.0683420343443,314.7504316343291,317.3634033203125,1419000
2023-11-29,319.3534150878414,325.5414786210399,318.8890825812914,322.4427185058594,2038100
2023-11-30,323.78841578377404,326.70715224913613,322.2816772963493,323.65576171875,1903600
2023-12-01,323.579879899338,330.6208395219028,322.5943589785653,330.1849060058594,3623300
2023-12-04,328.16641362109414,332.137011723113,327.2093206977718,331.0946350097656,2178100
2023-12-05,328.450778604186,328.66871646539346,322.7081043935424,323.854736328125,2429700
2023-12-06,325.52256997239033,328.82981156062647,323.7125810839421,324.0632019042969,1869300
2023-12-07,325.7120798293133,326.64077385784935,324.0916297779023,326.5744323730469,2162400
2023-12-08,326.28065028577004,333.8427983278513,325.778404206406,332.459228515625,2238800
2023-12-11,333.0373255951384,334.5440639413671,330.7724608070683,333.340576171875,1636000
2023-12-12,333.00888038690306,335.463254968443,331.2746897382961,334.1460266113281,1597600
2023-12-13,334.45877701849605,343.84985675485484,333.1889477747719,343.73614501953125,2876500
2023-12-14,347.3087164543997,365.97716380435884,345.8872619532221,363.3901062011719,5376300
2023-12-15,360.2818629554426,365.6928583674333,359.4574239655437,360.5851135253906,4522300
2023-12-18,361.2958042919106,362.71725866046876,356.22594459347397,356.6902770996094,2740900
2023-12-19,356.3207727251248,363.67441153840673,354.93720275629124,362.4235534667969,2091800
2023-12-20,360.79361209164523,364.9632064112031,357.49582705331,357.7516784667969,1836500
2023-12-21,360.1491478937142,361.51374641731644,357.2683544946104,360.6419372558594,1301600
2023-12-22,361.9970576773016,363.4090264752379,359.5426831911461,360.7177429199219,1538200
2023-12-26,360.71774917994196,362.5751082169159,360.1491616201764,361.6274719238281,837300
2023-12-27,361.2389829775205,365.5507167400039,360.3955727567935,364.34722900390625,1367200
2023-12-28,364.38513133446077,367.4554928786166,363.54174999233436,366.1761779785156,1024700
2023-12-29,365.38016170881366,366.3941395642642,363.48488897095484,365.5696716308594,881300
2024-01-02,362.94470227244756,368.7632030257781,362.17711918434,367.9671630859375,2263100
2024-01-03,363.77865223459946,365.2190490976081,357.0314859464306,361.798095703125,2265300
2024-01-04,363.4659280866624,366.8205690256924,361.94973298884724,362.8973693847656,1618300
2024-01-05,361.92128399447796,369.07592679952415,361.12524401900646,366.20458984375,2913900
2024-01-08,365.7591794164565,368.70631439219846,362.0254901263307,368.4978332519531,1902600
2024-01-09,364.4609784655353,365.740293435929,361.77915116114093,363.64599609375,1708800
2024-01-10,361.3811231958154,362.9920876182996,358.7087817825837,361.95916748046875,1547300
2024-01-11,360.9452179863294,361.03050178624176,355.06037551628145,359.8648986816406,2209900
2024-01-12,363.26688782292865,365.64546413814327,356.8608573208397,357.9696044921875,2223800
2024-01-16,358.547613165823,364.8494169333146,354.7191837995396,360.5281982421875,3926600
2024-01-17,355.5531724002725,360.29135418108865,354.5391945584819,357.4294738769531,2415100
2024-01-18,360.41448377827084,361.65591387707485,354.94663300344456,357.173583984375,1771200
2024-01-19,357.00301305478155,363.2289612066952,352.5870246819313,362.18658447265625,2603300
2024-01-22,366.12877410596025,372.16524207651906,364.4230402074416,365.7497253417969,2922700
2024-01-23,360.08287004051937,363.2858566053594,358.80355518639243,360.83148193359375,3313300
2024-01-24,361.81704076874547,364.4704110417046,359.3247524840194,359.5332336425781,2235800
2024-01-25,362.6509147739707,366.4604020453625,362.006529071866,362.660400390625,2376300
2024-01-26,358.8224606186006,360.954642183121,357.0219575258071,358.00750732421875,3464700
2024-01-29,356.2070313727047,360.8978138203269,354.6434083039318,360.6324768066406,1632300
2024-01-30,363.89234892035597,367.6070960401935,361.60854190600276,366.612060546875,3897900
2024-01-31,365.78758125888083,373.28338723637273,363.6080295186866,363.90179443359375,3421100
2024-02-01,364.2997994100297,369.1422357224327,358.964602654932,363.75018310546875,2138500
2024-02-02,361.80752775190257,368.3841259870993,360.67038154370516,367.5502014160156,2180900
2024-02-05,364.46090450438453,365.1526604526139,361.0494082488294,362.963623046875,2231100
2024-02-06,362.9636302626379,366.5646654060318,362.94468794846154,364.8304748535156,1487800
2024-02-07,365.1337710413674,366.80162032341093,362.4709151287581,366.4130859375,1963200
2024-02-08,365.7876219456763,367.7871207127443,361.3716331948443,364.8778991699219,1913700
2024-02-09,364.6219771984685,365.9107774931551,362.5561371838688,364.1387023925781,2028200
2024-02-12,364.83997042443866,375.5956480637214,364.19558469009877,372.0799255371094,2797200
2024-02-13,367.29439992248126,368.78219605620836,355.5531996092879,358.91729736328125,3030800
2024-02-14,360.935698757114,361.5042862898136,356.1027481085119,358.2444152832031,2041300
2024-02-15,359.55218861866854,366.9342547983595,359.2868516033718,365.2380065917969,2218900
2024-02-16,363.17215096699186,367.28488931733125,361.0020845150306,364.309326171875,2376800
2024-02-20,361.00206169087807,365.3895934873521,360.90729227653503,364.3851013183594,2358900
2024-02-21,361.8454264846679,368.30831272636146,361.29581017781265,367.938720703125,1772500
2024-02-22,368.84846935268064,374.88490766021187,368.6305026033377,370.0235290527344,2326800
2024-02-23,369.57817455789893,376.012633438065,368.82953374785444,370.57318115234375,2247400
2024-02-26,370.57314646187865,375.320813360248,368.45993611882983,369.78662109375,1797800
2024-02-27,371.7198178214844,375.16919885526505,368.94322153194923,370.3457336425781,1724900
2024-02-28,369.5154072098542,375.30832855088215,369.3340780715386,375.2319641113281,2572900
2024-02-29,377.1789213094063,377.90423800061035,368.06487322696006,371.2905578613281,3139100
2024-03-01,371.84409874826275,373.1897382893615,367.6640331789998,370.3839416503906,1697700
2024-03-04,371.061479747566,378.4672582115173,368.5706358064343,374.3444519042969,1955100
2024-03-05,372.88434465218126,379.34529599528787,372.4930569106451,373.065673828125,2697800
2024-03-06,376.96895795911297,377.2457281337419,366.9673406909708,371.7868347167969,2692400
2024-03-07,374.0104851496168,376.5013586292508,369.3914256787075,370.6988830566406,2033100
2024-03-08,370.98520751282257,377.5606766567185,369.0573981237834,369.3246154785156,1657200
2024-03-11,368.0648476712674,368.7710586376652,364.0088527840839,368.532470703125,1654200
2024-03-12,369.9258009741256,371.36688135971997,366.26109394423554,370.4602355957031,1703900
2024-03-13,371.1569432673939,377.207529878538,370.46025600379613,374.4017333984375,2370600
2024-03-14,376.4249394321783,378.28593692363205,367.8548796831218,370.87060546875,3029500
2024-03-15,371.11874270542523,373.2755868776478,368.7614928300987,369.5345153808594,3763900
2024-03-18,370.9088435344811,371.2715019001955,365.90804912180533,366.82421875,2069000
2024-03-19,366.5378943130728,372.94158658766077,366.19431252830015,370.9183654785156,1858200
2024-03-20,368.72334491355934,378.4004860782745,368.3797922477023,378.3718566894531,2157400
2024-03-21,381.5211937162195,395.12070633563775,380.8722415074196,394.8248596191406,4613800
2024-03-22,395.4833631680341,397.73564846437705,387.25685566405735,388.2493896484375,2190300
2024-03-25,388.2971227470103,391.723242307077,385.42451443118705,386.4552307128906,1683900
2024-03-26,387.5526921611469,390.64478245943405,386.0543529489014,387.6385803222656,1407000
2024-03-27,390.9215206633861,396.52356022407963,389.7285810934087,396.2945251464844,2353600
2024-03-28,397.21074833606934,400.06427997828575,396.0369142800369,398.6231994628906,2409700
2024-04-01,397.6593121842287,398.8713576438973,393.1929526248762,394.634033203125,1863900
2024-04-02,391.9904627684598,394.30955985846924,389.0128897078874,391.4273986816406,1976000
2024-04-03,392.2385985885841,397.6116040028937,392.2385985885841,395.1016540527344,1549200
2024-04-04,398.9190159254808,399.87336763822117,387.1805015085752,387.70538330078125,1704700
2024-04-05,388.0012717338453,390.4635157272676,383.1436244884654,389.4423522949219,1694900
2024-04-08,390.42535257078475,393.69877246757704,388.9460897099739,391.79962158203125,1181900
2024-04-09,392.72526027604573,394.3571934570827,388.46883090985386,391.9617614746094,1247200
2024-04-10,385.5676464981637,386.9419153005795,379.1544017950575,382.46600341796875,1903300
2024-04-11,382.19880972241975,383.1436086607814,376.816251726227,379.33575439453125,2176200
2024-04-12,374.9075949269737,376.1005347956922,369.44870092273726,371.71051025390625,2815800
2024-04-15,388.4211949480041,394.02323553217343,380.4905335678469,382.58056640625,6177000
2024-04-16,385.98760501117164,386.4838574724439,377.14074500553414,378.7440490722656,3459700
2024-04-17,384.0311789070466,388.5357208074513,382.8668684841811,385.4722595214844,4373800
2024-04-18,386.9801021789816,389.2419112857435,384.0407114488767,384.708740234375,2776300
2024-04-19,385.6153642435623,389.3755124535891,384.6133065598436,385.55810546875,2805500
2024-04-22,388.363900907915,398.89995231313395,386.102091935286,398.2987060546875,4165600
2024-04-23,398.6422609451122,405.9335222876947,397.2012096086939,404.6451416015625,2662300
2024-04-24,402.259293941968,405.19868474602566,400.4555550142801,403.72900390625,1575900
2024-04-25,401.7725507762859,404.2729478063146,395.9128459300783,400.8754577636719,1970100
2024-04-26,401.0472766967099,408.9683851705508,400.4842126165965,408.0522155761719,2322700
2024-04-29,408.05216638073904,413.54921240878605,407.6990609090445,411.1442565917969,2453000
2024-04-30,408.93971253071624,411.6978029847223,406.55383322773656,407.2314147949219,1829900
2024-05-01,407.2123389685365,413.6446602609526,405.7808113842063,407.4604797363281,2310100
2024-05-02,411.5164868523033,413.8546311685241,408.6248022105497,412.8239440917969,2087500
2024-05-03,415.14305506745166,422.1098119279761,415.06671973417644,418.1778869628906,2406300
2024-05-06,421.5848378431714,424.09478732149006,419.6093229543996,423.4172058105469,1914300
2024-05-07,424.848776630725,426.99606804431056,422.6537501554687,423.5412902832031,2058200
2024-05-08,422.5869631382203,427.5686806726528,421.87119929203465,426.54754638671875,2006700
2024-05-09,425.9653712470674,435.5947772407383,425.9653712470674,434.7644958496094,2710200
2024-05-10,435.6806808916888,437.8088959278332,433.5811243695723,433.972412109375,1823900
2024-05-13,435.44205899266166,436.3296282476608,432.6267388274609,432.85577392578125,1579600
2024-05-14,434.0773246384166,440.6909749433301,433.28522554054564,437.5416259765625,2412900
2024-05-15,440.5192292978929,444.909253257604,439.9084593108356,444.8138122558594,2217700
2024-05-16,443.1723437765656,446.8752334461417,441.1777519956869,443.31549072265625,2070300
2024-05-17,445.09055696401003,447.2664777066017,443.05778315359487,446.369384765625,1655900
2024-05-20,446.82751689087013,449.95778957721564,441.4831410759008,441.8076171875,2591500
2024-05-21,441.12999459512815,449.7954951735098,441.10136520924976,448.93658447265625,2762600
2024-05-22,446.02587756673915,448.8603037956811,438.7632737900221,441.2732238769531,2729500
2024-05-23,443.03877320966706,443.1151085434696,436.53008655284555,437.2362976074219,2254500
2024-05-24,438.8491322761903,444.01217905688657,438.1429212575,440.1279602050781,1932200
2024-05-28,438.944535472272,442.52335444710275,437.96155435883196,438.8204650878906,1930800
2024-05-29,434.0773390239943,437.79930496020484,431.0329546637917,436.3009948730469,2315700
2024-05-30,434.9376179452546,437.68356764981735,429.75293696897245,432.278076171875,2135000
2024-05-31,431.8267907001946,438.5572620089632,430.252168130471,438.3172302246094,2638300
2024-06-03,440.5735636543025,440.5735636543025,432.2492772372446,436.83868408203125,1930700
2024-06-04,432.5372754833179,439.4597839411148,431.2987032716182,437.1458740234375,1835000
2024-06-05,439.3061849021931,444.55808181354155,439.2581902629041,443.2715148925781,1678900
2024-06-06,443.4059640153877,445.9982899537384,438.78775438705816,439.83428955078125,1598000
2024-06-07,437.2803506379683,442.77227959904036,436.377828692212,436.771484375,1736100
2024-06-10,434.2943418366565,437.2035262035664,432.3452847103209,435.4656982421875,1698600
2024-06-11,433.05577438489286,433.84305640921474,425.7011966205225,426.5556945800781,1938200
2024-06-12,437.43395378452755,439.3926214570575,428.39915340722433,430.80908203125,1733000
2024-06-13,428.91764844605166,430.44424722722636,424.52024931971755,428.55279541015625,1849100
2024-06-14,424.36655600308825,430.35776886854245,421.63979862939084,428.6583251953125,1559100
2024-06-17,427.3526385554887,432.8061542231709,425.71082918632635,432.2300720214844,1531600
2024-06-18,431.6443932601161,439.4406214526828,430.6266607699982,439.19097900390625,1798400
2024-06-20,439.73826024282675,442.0521703248242,437.0882997786583,439.7862548828125,2080600
2024-06-21,440.39115352656273,440.50636410674844,431.96123756746505,432.2300720214844,3780800
2024-06-24,433.257386110536,445.0381359557847,432.05722714624085,443.6651611328125,1882200
2024-06-25,441.14005715456705,445.57584035213233,438.5381205167424,439.14300537109375,1555900
2024-06-26,437.2515540683209,439.671064187999,434.40958561493983,437.68359375,2131700
2024-06-27,431.8460378924686,431.8460378924686,425.144339068438,428.1783447265625,2835200
2024-06-28,432.1532758801265,439.1045877101595,431.60599632203616,434.2847595214844,3839700
2024-07-01,436.38744888195356,445.5182391699728,435.90738525353424,445.172607421875,1850500
2024-07-02,443.1082715796681,447.67845669532414,441.2744252848544,447.0447692871094,1491800
2024-07-03,450.3380635904318,451.1541775588005,447.24645287903684,449.2627258300781,993900
2024-07-05,448.83060197466045,448.9362018878555,441.783272806533,446.21905517578125,1593800
2024-07-08,449.0034321995138,455.9259403823661,445.53738743484666,446.2862854003906,2214300
2024-07-09,447.03522784370296,460.18895283450036,443.1754977673916,453.9769287109375,4525100
2024-07-10,453.6696724051929,460.7265832585998,451.1157307636511,459.7952880859375,1946000
2024-07-11,460.8610525268749,463.8950579721009,457.27976754959155,460.12176513671875,2251400
2024-07-12,461.7539714582297,464.16390012836285,459.0368243498811,460.745849609375,2727800
2024-07-15,461.1010300728614,473.3426503402825,457.31812703439806,472.6033630371094,3568200
2024-07-16,474.30282863653304,486.39082636038955,472.37296362150676,482.9631652832031,3981700
2024-07-17,482.94395802626656,489.1655925268451,479.5162970573979,482.1566467285156,3908900
2024-07-18,479.60271564105255,483.606458850909,464.91278159202307,466.82342529296875,3320200
2024-07-19,469.6174177888719,472.95867103877174,463.92387044730367,465.594482421875,2032700
2024-07-22,465.2392353155224,469.9534634001054,463.14616504438175,467.620361328125,1792500
2024-07-23,467.65872902692695,476.04064976850435,466.89063901130214,472.5265808105469,2020500
2024-07-24,469.7518380556919,476.21347528778176,466.44899818014034,467.2939147949219,1598600
2024-07-25,466.66983280519844,476.3287104856755,463.9622962597391,472.1041564941406,1489700
2024-07-26,475.95424457697567,483.90409641751893,475.887028642514,479.13226318359375,2249700
2024-07-29,480.46681235142375,481.9838002647062,471.4800075324071,473.0738220214844,1599500
2024-07-30,478.4410164325747,489.15604025640044,478.4314057836547,485.507568359375,2642500
2024-07-31,484.72977741214254,496.6353774765804,484.72977741214254,488.7335205078125,2658900
2024-08-01,489.66489487508244,493.52462515187716,474.95573845175096,480.1788330078125,4006800
2024-08-02,471.5184613688385,474.74447461156,448.58100910023495,451.874267578125,6115500
2024-08-05,429.7433133734831,444.7116923286461,419.930812595538,440.7175598144531,4177200
2024-08-06,442.628215168247,456.30041604878556,439.19094365313396,451.4709777832031,2209300
2024-08-07,460.2753965518508,469.07013599713383,453.7273219576326,454.1497802734375,2587600
2024-08-08,458.81600160574845,468.28287147218344,458.1343194664183,466.4010009765625,1936400
2024-08-09,465.6808584040488,472.3825564400268,462.9733221174178,470.7119445800781,1622700
2024-08-12,470.71193816763736,473.2178559234226,464.46150114803925,466.1417236328125,1839300
2024-08-13,470.7407472390312,473.60190738541127,467.07305450428,472.324951171875,1243700
2024-08-14,473.2467047036055,479.4395370429717,468.92613217867773,478.8154602050781,1545600
2024-08-15,484.86425205849326,486.6980985873203,478.39300389241055,479.1226806640625,1732300
2024-08-16,477.2312094028042,484.77782437368637,477.18321476347273,484.15374755859375,1587000
2024-08-19,484.8642240469667,487.53337642513554,481.8494106489256,484.5569763183594,1027900
2024-08-20,483.77927280726055,484.0577178909722,476.70314024739895,477.5096435546875,2122700
2024-08-21,479.583528732264,480.8124903565847,474.3316318602028,476.66473388671875,917100
2024-08-22,477.18322490268713,479.7755800983165,475.06135196598376,477.9033203125,943800
2024-08-23,482.7039405158251,492.00757524894243,479.91957754953,489.1080017089844,1751800
2024-08-26,491.9115496337663,493.02527129740844,485.1714385648128,487.6197509765625,1084200
2024-08-27,487.59101007225064,491.0858872617356,486.3908510320304,487.0341491699219,977900
2024-08-28,486.40040715482434,488.09982161699793,478.5945689441499,483.2607727050781,1568100
2024-08-29,485.8243370892309,492.7756482673885,481.1581332123807,489.7608642578125,1566300
2024-08-30,490.46586467627395,493.71099224289816,487.89684342340524,492.8031311035156,1838900
2024-09-03,490.11826475903933,492.2720257939451,468.80288913694216,470.7924499511719,2373600
2024-09-04,470.05839509822124,479.2335638704249,470.05839509822124,473.8636779785156,1509400
2024-09-05,476.7031737513327,478.818294183163,466.55255865367,471.1980895996094,1828300
2024-09-06,469.9618283595147,478.47058813868904,460.74801865523966,463.2108154296875,1995600
2024-09-09,468.92840904181674,477.37922276997324,466.86159678226204,471.8644714355469,1714200
2024-09-10,472.4052905944741,472.47290417370897,445.78764594891663,451.15753173828125,3583100
2024-09-11,448.1152611968581,455.75480012781156,441.8375140335964,455.0594177246094,2426500
2024-09-12,455.18494847622395,458.12101079052087,449.48669155422084,457.8505859375,1480500
2024-09-13,459.7146081240733,465.61570606424385,459.2413719779321,462.6120300292969,1794500
2024-09-16,464.96857329964485,470.71513817742124,463.09490489281177,468.571044921875,1500300
2024-09-17,471.3139557605471,472.9848129766855,465.3259387952611,468.793212890625,1444900
2024-09-18,468.8028332766323,476.13330676757596,465.2969482431162,468.0108642578125,1699500
2024-09-19,477.8234766348873,489.0944603808631,476.58724451521914,486.6026611328125,3060700
2024-09-20,483.08715939411474,484.88354683811656,478.53821522950045,481.3873291015625,4452600
2024-09-23,481.17482517794275,484.255752685193,478.2870709117,480.4021911621094,953200
2024-09-24,480.5760429494411,482.4786844780465,477.20538495970686,480.9913330078125,1035400
2024-09-25,481.4549153655137,484.8352407492235,473.6318707255373,474.3465881347656,1763900
2024-09-26,477.1087849193104,481.3583309549461,475.64076849946485,479.928955078125,1378100
2024-09-27,481.9088627082184,488.1189964838506,478.90518672201586,481.464599609375,1420100
2024-09-30,477.9683673490808,479.5426084190393,472.1831618398688,478.1808166503906,1602500
2024-10-01,477.66897441027913,477.66897441027913,468.03987418936543,473.4097900390625,1528600
2024-10-02,474.375571422492,477.9393731450018,471.2656708233242,475.1675109863281,1445100
2024-10-03,473.1779104119853,473.7380950887318,467.6438540663089,469.4788818359375,1290600
2024-10-04,478.692754618791,479.3398290182172,469.38235789890706,478.2291564941406,1721600
2024-10-07,477.7172175524885,481.9474577822118,474.0085214607836,477.7075500488281,1173300
2024-10-08,480.00620190778955,481.30038008227893,475.93049414522227,479.5909118652344,1296700
2024-10-09,481.1651784728378,488.9592204947101,478.31603532688507,487.906494140625,1695900
2024-10-10,488.99786668548126,489.47110280655625,482.5076407825899,486.4964294433594,1309000
2024-10-11,490.630082376775,500.25915235190934,490.4369091373811,498.6462707519531,2409700
2024-10-14,499.9501390994764,505.1847978110578,497.8832974676764,504.875732421875,2174900
2024-10-15,520.3769723085975,522.0285240474108,497.883341043595,504.5184326171875,4525400
2024-10-16,511.87781138286226,517.8851038175437,507.99524761046115,511.7425842285156,2649000
2024-10-17,513.0754778503612,516.9869857570773,510.1683883480235,510.9120788574219,2123500
2024-10-18,511.28872079470585,512.6215395326872,508.85486763001,510.42913818359375,1779200
2024-10-21,509.9462784525737,511.73299846256793,499.3223976514784,500.09503173828125,1752100
2024-10-22,497.97988738422265,501.86245159036247,495.4011984008996,500.5779113769531,1588000
2024-10-23,498.1633796856186,502.21978202236187,495.84547759904945,499.5155334472656,1263200
2024-10-24,501.25397793285276,507.04882160837707,500.48134389908915,506.56591796875,2058200
2024-10-25,509.99455001459046,510.71890551379164,493.27642745095574,495.07281494140625,1633200
2024-10-28,497.77719222564707,506.6529652080614,497.3715106466701,505.677490234375,1687100
2024-10-29,503.35944707557724,509.2122370200114,503.1856088334495,506.3534851074219,1281600
2024-10-30,505.50352261381903,512.640793170213,505.18478972567,506.4693298339844,1441600
2024-10-31,504.5763237598634,507.0487878723225,496.9368146264592,500.0852966308594,2061700
2024-11-01,502.21977828260094,508.63275267593076,499.3609675541028,501.59197998046875,1625000
2024-11-04,500.288196510601,500.3364750874193,493.0543090468221,493.9814758300781,1797800
2024-11-05,495.4591127247338,509.4247065971557,495.0727662505435,508.9418029785156,2169900
2024-11-06,547.9024607907266,578.141884515103,546.7434802595103,575.601806640625,8042800
2024-11-07,569.8262022904985,574.6552379031299,561.6361767548962,562.263916015625,4475600
2024-11-08,566.3687145627919,574.8002525879972,561.4237857786486,569.1116333007812,2714000
2024-11-11,578.4220053542559,586.3899154388168,575.7853113869535,581.744384765625,2510800
2024-11-12,577.6011519765356,581.5030519249693,571.2461222487618,572.327880859375,2392900
2024-11-13,574.2979915375533,582.9129760283909,572.3857119735397,573.9019775390625,1763100
2024-11-14,579.4843850744925,580.9620985515685,566.1948670784055,568.4838256835938,1670500
2024-11-15,573.0714620355666,574.7906274946629,567.0158897506748,573.2453002929688,2007700
2024-11-18,574.3752653017744,574.7229417729438,564.7268011153425,567.885009765625,1848900
2024-11-19,559.8397575789575,564.7654095091883,555.8316931969975,561.5009765625,2217400
2024-11-20,563.8672227497428,567.7014489615556,556.903731756335,562.0321655273438,1528600
2024-11-21,566.4556297703205,580.1604372511019,564.5240152357393,575.7273559570312,2281900
2024-11-22,575.833499121174,583.2895608225934,574.1143930817345,582.1692504882812,1733700
2024-11-25,587.9737667719014,590.397952369225,578.3543644152815,582.4107666015625,2940800
2024-11-26,579.609945149374,586.4285423939665,572.7237343193577,584.7963256835938,2846500
2024-11-27,586.9017038643667,591.3154497792954,582.6521876137984,584.7286376953125,1424500
2024-11-29,588.4759793962145,591.7790234963221,586.3029132083186,587.7612915039062,1170200
2024-12-02,590.1198328291449,593.9148208199626,583.6168557180157,584.0148315429688,1804100
2024-12-03,591.0517008566442,593.4393191627529,583.1316372942955,584.3740234375,1718100
2024-12-04,585.2669677085897,586.5093538863016,579.2104831928289,581.1031494140625,1617300
2024-12-05,582.8695544412659,588.7221925151989,578.8124283606811,579.2492065429688,1672800
2024-12-06,579.5985842893322,582.3550911196635,576.8906544421061,582.0444946289062,1405700
2024-12-09,581.3747877018164,585.26687039799,576.2597498278678,576.6480102539062,1633200
2024-12-10,572.6492530306311,578.7348835408986,566.5927687143036,567.825439453125,2600800
2024-12-11,572.7656646209294,576.2501154697288,569.6403872619254,575.1339111328125,2195300
2024-12-12,575.1630733615768,578.7833621493734,571.3000773613899,574.2118530273438,1218400
2024-12-13,576.5315462990685,577.5021381278549,567.8738837735574,568.2620849609375,1215000
2024-12-16,570.7080912776036,570.9701700723099,561.6815976003413,569.0872192382812,1713300
2024-12-17,563.7586648546768,564.5059803868057,555.4600561346798,557.77978515625,2314100
2024-12-18,560.5070893200947,562.4288422651098,528.4775576219673,534.0681762695312,3271600
2024-12-19,544.9291024395474,550.3255908728537,537.3196361049885,537.6981811523438,2753300
2024-12-20,538.6202473124024,556.0520983847528,537.1061263855997,549.4520263671875,4515900
2024-12-23,548.3843964600937,554.8291405759691,545.278490685195,553.9944458007812,1519500
2024-12-24,557.3138936784744,565.6512451171875,554.557386553215,565.6512451171875,913400
2024-12-26,561.1477654120373,565.4571960843687,560.5168569418973,564.1371459960938,1092000
2024-12-27,560.0315492377067,564.8457065853665,554.5476810820078,559.2356567382812,1486000
2024-12-30,550.5876969508977,559.0803762437348,548.4814698333089,556.6829833984375,1265900
2024-12-31,558.1582964989514,559.9538678354153,553.6256488688995,555.7803344726562,1055800
2025-01-02,562.273613339134,567.1265730300486,552.9850413818959,558.0612182617188,2219000
2025-01-03,563.9138070563976,565.0202958696514,554.9164025721387,563.0693969726562,1422600
2025-01-06,567.776850578613,576.1919252991241,562.768622265014,566.233642578125,2257000
2025-01-07,569.8441811413506,570.979816287322,551.6844450857084,563.0597534179688,2021900
2025-01-08,563.9527320722154,564.1080599606098,555.8288820924007,562.9627685546875,1513400
2025-01-10,559.3036133902414,559.3036133902414,541.6000256309552,543.531494140625,2817900
2025-01-13,541.4738668675312,549.539483975742,540.3868085724349,546.394775390625,1871200
2025-01-14,552.9073507715057,556.7218290359858,548.5785488497461,554.722412109375,2221900
2025-01-15,580.4139421094743,591.4883693539235,575.5609827272881,588.1010131835938,5119800
2025-01-16,592.0513589899481,598.6999492218816,588.1787066867346,594.963134765625,3224500
2025-01-17,599.6316554265935,608.5611126273853,594.9728262210323,607.5322875976562,3425200
2025-01-21,598.6708401730702,616.743258202848,591.0905191363497,616.0735473632812,5076700
2025-01-22,614.8118223368737,616.90827507126,611.1915329954451,614.1226806640625,2835700
2025-01-23,616.2482148305606,626.5558964418389,615.8308674073061,620.6935424804688,2582700
2025-01-24,611.4729357151961,621.7611868105018,610.4635414017688,618.1700439453125,3183500
2025-01-27,606.6199041795895,617.0149641840919,606.0958059088593,614.6564331054688,3351700
2025-01-28,613.6082269811859,620.2859041660165,613.2296819126894,619.0435180664062,2338000
2025-01-29,618.2670955987618,629.9141994404968,617.6944202608404,618.6359252929688,1918900
2025-01-30,625.5368050734705,630.4189110851541,622.1494485993155,626.7112426757812,1812800
2025-01-31,630.8847361983258,630.8847361983258,618.6941042807795,621.5670776367188,1995100
2025-02-03,607.5904672924257,619.7034340093717,604.1739651967857,613.7731323242188,2102600
2025-02-04,613.4140850140105,618.9173245375526,610.589688631308,615.5299682617188,1743400
2025-02-05,619.2377055698918,627.4003583503368,616.8403717281551,626.4686279296875,1908200
2025-02-06,630.8846787674945,639.4743926207781,629.8558538148056,638.8629150390625,2439200
2025-02-07,640.0084001870539,644.3469180709926,633.9518562346228,636.611328125,2616700
2025-02-10,639.6394237484866,643.0073488420971,625.303763978329,631.3991088867188,2351600
2025-02-11,627.759498227982,629.9529863024395,624.672963654417,628.2059326171875,2711400
2025-02-12,624.8282316155583,631.3408651485328,620.3149557246472,629.9141235351562,2295800
2025-02-13,632.6609098872407,632.8258939164893,621.6738029024401,629.8656005859375,2031800
2025-02-14,631.1953748568546,643.7548372748392,631.1953748568546,641.12451171875,2246000
2025-02-18,643.1045215098335,652.4221801757812,641.5806850980475,652.4221801757812,2350100
2025-02-19,649.4036198857102,651.3059420222809,643.774198931802,648.5009765625,1953600
2025-02-20,648.3845482023148,650.5683800204604,613.0840656008802,623.3723754882812,3929000
2025-02-21,625.7890662332936,628.458193696871,605.0960418432047,607.2022094726562,3000800
2025-02-24,614.8796981576213,618.5582202165534,596.7199019654104,607.7264404296875,3274100
2025-02-25,610.046176800247,612.7541069700144,588.178712088765,596.82666015625,2885900
2025-02-26,598.5349134224257,604.8049586642322,597.1081717098222,599.6026000976562,2001200
2025-02-27,599.3793604054525,606.8432152308034,589.4502232345985,590.1199340820312,2396300
2025-02-28,592.8411902170297,608.3111537187588,589.1541914768842,606.9845581054688,3337200
2025-03-03,607.0919881803418,613.3150757397507,583.6042232750428,590.37353515625,3152300
2025-03-04,581.3216515357369,585.2427973287116,553.6104312771719,566.8466796875,4061000
2025-03-05,567.7733517418171,582.4336535213013,562.593955132206,578.4832763671875,2600600
2025-03-06,566.3102178513883,572.2796896089985,550.7329744705766,553.7079467773438,4332300
2025-03-07,554.1956639547817,554.1956639547817,531.5077414256298,545.9047241210938,4069600
2025-03-10,528.961938091121,533.0293588759528,510.263447326631,518.5836181640625,5272100
2025-03-11,519.3737745779262,526.7088378561193,511.3072172206217,518.359375,4190500
2025-03-12,530.6201409057438,531.5955455765264,515.5891811239334,522.5340576171875,3078100
2025-03-13,522.494979564127,524.9042599490473,507.26892763388673,511.902099609375,2529100
2025-03-14,520.856385322587,530.200779719483,513.7457059580978,528.0938720703125,2808100
2025-03-17,527.9182761472052,543.4564661513002,526.7185473956773,537.7796630859375,2695600
2025-03-18,536.7554592165548,540.1303810886376,533.2050311672788,538.2088623046875,2641000
2025-03-19,535.497238831166,549.152906123764,531.2054338684698,543.6321411132812,2769800
2025-03-20,539.4963047375271,554.4590387248728,538.4233834030322,548.8406982421875,2531300
2025-03-21,541.671576487402,553.0545340909754,537.6529133833575,551.2402954101562,3565600
2025-03-24,560.8577954449948,568.3878924005681,558.9557440579924,565.8323364257812,1877700
2025-03-25,570.3093087228631,572.4552107149184,563.9887060680556,571.528564453125,1875500
2025-03-26,573.9183975105055,578.0638675706612,556.9560951409135,559.8042602539062,1944200
2025-03-27,551.1036954488446,552.0791002195506,538.9598941467594,545.1732177734375,2100900
2025-03-28,542.2762383749621,546.7143177181536,524.4848667136381,529.7617797851562,2773100
2025-03-31,520.6905525701835,533.9268017086266,515.589204957053,532.8538208007812,2455100
2025-04-01,529.8886981745096,538.3844960652822,520.1248858534399,534.9608154296875,1869600
2025-04-02,526.5235069744309,553.3666665210665,525.821244084285,549.2504272460938,2560700
2025-04-03,512.5069187742536,516.9547621234152,497.0272499090409,498.65618896484375,5193900
2025-04-04,475.0221217278079,479.89914556484905,448.6861930077857,459.2303161621094,8105200
2025-04-07,435.908371298954,477.92882406609965,428.5733383880003,454.0606689453125,6353800
2025-04-08,476.24134569961427,479.8210940530395,441.692498061063,450.8515625,4240900
2025-04-09,440.25863987524224,509.1612404140665,436.11317000597063,504.15740966796875,7024100
2025-04-10,490.72610455819984,490.72610455819984,462.3418221798374,477.7532043457031,5374500
2025-04-11,475.02210024682427,486.25875194311743,466.8091793791675,482.27911376953125,3770200
2025-04-14,497.45642913098294,499.4072386569868,484.92247197301,491.5845031738281,4392600
2025-04-15,494.93011044995524,505.89367969784973,494.5301909444111,495.3983154296875,2501200
2025-04-16,489.38010076708434,496.9199906383591,480.5721965540031,486.7757568359375,2765600
2025-04-17,490.8627043461913,502.1676722265674,486.84404131391943,496.958984375,2593500
2025-04-21,492.96954358239833,496.7443551170751,482.51320370746123,489.0289001464844,2859300
2025-04-22,497.6808137934284,508.1859130260451,496.4127696627262,507.20074462890625,2514600
2025-04-23,520.5051981844679,538.2185207752668,515.2672798756294,516.2914428710938,3048100
2025-04-24,514.1358181608949,533.390357868882,510.546335837194,531.9564819335938,2223600
2025-04-25,531.205369630512,535.5849866911356,527.9084970201238,531.458984375,1612700
2025-04-28,531.4589593539089,540.8618743980542,529.1277279696118,532.9611206054688,1459700
2025-04-29,530.4152975707595,537.3309430520726,527.986549406063,535.4191284179688,1695600
2025-04-30,522.5828845951478,536.0044641537329,518.3788922931593,534.0828857421875,2438300
2025-05-01,534.6192648953747,544.6171625586969,532.0832366187562,540.2083740234375,2583000
2025-05-02,547.7678465111262,555.7661778108879,545.9340807168496,552.1766357421875,2883000
2025-05-05,544.6269877322786,552.6253186744062,543.7881539264848,545.7974853515625,2197200
2025-05-06,536.0824152462426,543.7296145165742,533.6049086668088,535.8483276367188,2902500
2025-05-07,536.6774330049587,541.7202585553811,534.2681524760638,538.3453369140625,1954900
2025-05-08,545.0757093369739,558.0875758355531,544.4807267060188,551.7864990234375,1994600
2025-05-09,556.2245261353389,558.0290010036424,551.8644957343139,553.1519775390625,1522500
2025-05-12,581.5948118227957,588.5299249024574,573.6160085774584,576.7958374023438,3527700
2025-05-13,578.7076535492615,592.7632699983918,578.4735659236634,588.9591674804688,2765800
2025-05-14,588.9493503077307,599.8738949352994,587.681336095151,596.5574951171875,2874400
2025-05-15,594.7334802414604,603.9803571493618,594.7334802414604,600.7517700195312,2428100
2025-05-16,601.77601192277,605.5215330696144,598.4693753150509,603.8048706054688,2021800
2025-05-19,594.2068010330235,604.146177465599,583.6236836831513,597.2402954101562,2842100
2025-05-20,592.8022679170762,596.5087942547628,588.178858684921,591.6025390625,1601600
2025-05-21,586.9986124419158,594.8701365326444,577.4396570529049,578.86376953125,2635900
2025-05-22,577.9760656535524,587.3887451897965,577.9370708962614,583.516357421875,1939600
2025-05-23,570.6117073212516,587.154591242659,568.1731957515027,583.8186645507812,1530600
2025-05-27,590.9977518342739,602.4782250643269,590.0711054306637,600.5859375,2364700
2025-05-28,602.0978851252372,603.414657751414,592.3730686086744,593.4752807617188,2001900
2025-05-29,593.5533523357727,594.996932399572,583.5846842483897,589.9833374023438,1736100
2025-05-30,588.1600032852964,591.6889393727164,582.1117746707836,588.6011352539062,2129500
2025-06-02,586.7876462152421,587.3464054363336,580.4845382612037,586.9052734375,1221200
2025-06-03,588.1599906844644,594.3552830993615,582.0136996359787,591.9144287109375,1730300
2025-06-04,593.5318515290264,594.3651141072453,586.9052391851477,587.3856201171875,1294900
2025-06-05,588.1600380709151,597.688201968912,581.2001682193692,593.9240112304688,2086700
2025-06-06,600.9034613693187,609.1181007500264,597.9626613952438,601.8837280273438,1675900
2025-06-09,602.6189168289575,606.8830527798808,598.9527291689494,601.4132080078125,1610700
2025-06-10,600.9034175002457,604.3833519160354,597.2862314029777,602.7365112304688,1376400
2025-06-11,605.0010332821518,617.4112440002459,602.4621758725634,611.8530883789062,2063600
2025-06-12,608.7455935000501,613.6567390205274,603.6481949216657,612.7744750976562,1634700
2025-06-13,603.8932792448966,607.8829718319845,597.5607947523365,601.4328002929688,1674800
2025-06-16,606.7850523209887,619.7932098259483,605.8047856774975,615.4603881835938,1870400
2025-06-17,612.3725953447363,619.2050252559669,610.706130054205,612.3137817382812,1479300
2025-06-18,612.18634762106,627.2530415516758,611.3433326442812,622.70458984375,2423100
2025-06-20,626.2238104914916,629.95862433129,624.126025334562,628.1549072265625,4115400
2025-06-23,626.6453017138105,634.6442516794216,617.5778347171216,634.1149291992188,2020800
2025-06-24,641.5355559368838,650.6716487912713,640.3494116868349,649.0443725585938,2307800
2025-06-25,651.4852204971688,656.896311790536,647.750406788568,656.6512451171875,1566400
2025-06-26,657.3864470053501,675.7272584299293,657.2786320281458,673.6000366210938,2849500
2025-06-27,677.3642926178128,680.5011580374714,671.8650107664996,677.1780395507812,3650500
2025-06-30,700.1751720273676,700.2045489187819,689.0785448991738,693.7838134765625,3976400
2025-07-01,694.0288152349607,698.9399609156842,686.7846300498984,692.5192260742188,3301000
2025-07-02,694.8130055248181,704.5470464033773,691.1664422217477,701.7631225585938,2906500
2025-07-03,701.7826621083397,711.6735788059702,699.3222431060915,709.3993530273438,1502000
2025-07-07,707.4584925287415,709.6836572628231,692.4016103085945,696.9010009765625,2863700
2025-07-08,696.6951748187087,697.1559313157412,680.0797008182029,683.5204467773438,3100700
2025-07-09,690.4410788963177,690.4410788963177,681.0011057192286,682.8145751953125,1763400
2025-07-10,682.9910026008907,696.3618545841297,682.7067468004434,695.126708984375,1733500
2025-07-11,689.7058531520885,692.0682695029161,686.4121116672359,691.0390014648438,1681800
2025-07-14,690.8331623890392,699.3516826248053,688.2746805954782,699.2242431640625,1909300
2025-07-15,699.2242117124812,700.5867967586829,686.225865947249,688.6471557617188,1981200
2025-07-16,694.5189490814288,695.7737191619638,677.6583500663052,694.8326416015625,3323200
2025-07-17,692.3428187803571,703.2923814650685,690.382285309038,691.9114990234375,2046100
2025-07-18,693.107420350669,696.273662873522,684.6085242031114,694.2837524414062,1925200
2025-07-21,695.1464114800391,698.6949725022735,690.4508952260355,692.068359375,2006500
2025-07-22,689.7743674172641,692.5485386397702,678.2268580149444,686.5885009765625,1978900
2025-07-23,688.1472040128454,704.8215496829964,687.6570706766539,703.3609619140625,2395700
2025-07-24,704.7431535321654,711.4482042957683,700.6260212970221,704.9882202148438,1974700
2025-07-25,706.5370241802281,715.4868637846075,704.1745479684266,714.5947875976562,1851400
2025-07-28,713.6341311719812,718.0649556377284,707.9191597700191,709.3699951171875,1464800
2025-07-29,712.5068712611394,719.6432419995773,708.1642966898378,717.53564453125,2136000
2025-07-30,716.7122133940387,723.3192014159648,708.9092688794633,716.3298950195312,1816200
2025-07-31,712.2519571169744,719.5548956469156,706.2232934093392,709.3111572265625,2358100
2025-08-01,696.4892630975747,700.4201419146029,680.3540525914104,695.5678100585938,2999100
2025-08-04,701.0867588058161,712.4480164022169,701.0867588058161,711.7030639648438,1753700
2025-08-05,713.634138034062,715.0065353087269,700.449539314402,706.6840209960938,1977300
2025-08-06,710.2032221280867,713.9282236113356,707.7525553850636,710.4384765625,1477100
2025-08-07,716.2024153176443,718.4766411262242,703.4491366232222,705.537109375,1400400
2025-08-08,711.5363779871594,713.6341631007047,704.4686933173496,707.0369873046875,1275400
2025-08-11,707.9485466946776,709.5561982694417,701.6160029535309,705.0469360351562,1273500
2025-08-12,710.9678893124791,733.3767726107974,710.0561885939944,728.710693359375,2418100
2025-08-13,731.0633290414049,734.1315087714756,718.1629857501376,729.9948120117188,1862600
2025-08-14,728.0636259033031,733.3962789335744,722.4565293198689,732.4552612304688,1371200
2025-08-15,734.2197806135523,734.2687819838953,714.7908868494043,716.3004760742188,1645900
2025-08-18,715.1045556844332,717.1729040563725,709.5856493921442,716.5357666015625,1157800
2025-08-19,714.7712806668087,715.5947310664358,703.5668388381553,707.1448364257812,1856400
2025-08-20,706.9683149291217,707.9975829381718,691.6271180331997,706.4585571289062,1872700
2025-08-21,702.4003453862659,705.0274532083358,698.9007857602054,701.822021484375,1162000
2025-08-22,705.9293200070513,730.1419209829708,704.400106252295,727.2501220703125,1948600
2025-08-25,727.2500441743131,731.7690591015532,723.7602972702863,724.211181640625,1381200
2025-08-26,723.1525278212538,734.3765330357014,719.3784653416586,734.1707153320312,1511600
2025-08-27,731.2494663609954,738.1407694613018,730.3182609307717,734.87646484375,1534800
2025-08-28,736.1704928593244,738.4643433045972,732.249425987956,736.3959350585938,1411200
2025-08-29,735.8933401798311,738.0712880954991,728.196476576733,734.4544677734375,1467000
2025-09-02,725.7228489345496,725.7228489345496,710.7134260883109,720.2630615234375,2296400
2025-09-03,718.0062055350631,721.4161062377915,711.8368771702192,719.9772338867188,1485600
2025-09-04,723.1210111990421,738.061379321732,720.5783678369725,738.0515747070312,1778200
2025-09-05,741.2939491434615,746.3791760906007,716.6166945427516,727.5164794921875,1822800
2025-09-08,728.7089063983016,732.769220165311,722.9436722820858,731.1036987304688,1400100
2025-09-09,729.4086423351365,754.5293901055707,727.8416482634565,752.85400390625,2611300
2025-09-10,750.8238666376,763.2511868039619,750.5972176100646,758.4320678710938,1996200
2025-09-11,760.8169721496809,781.6802911887554,760.1763638510663,773.362548828125,2075700
2025-09-12,772.1504253784065,775.629319600717,765.0153117355115,768.76025390625,1099400
2025-09-15,771.608352495527,780.9017441542022,770.1202164340411,775.3631591796875,1292000
2025-09-16,778.0930577896903,778.5660853589413,768.39557156295,774.1510009765625,1529500
2025-09-17,777.4327460202405,787.0021109091882,773.8553245303494,782.715087890625,1945300
2025-09-18,784.0455509353465,795.5859440427938,780.921487717317,792.658935546875,1501600
2025-09-19,792.4421367702416,797.9313979121331,785.8194500908996,793.3389282226562,3789800
2025-09-22,789.5348522300642,794.3540310530707,785.9869650571767,793.8908081054688,1151000
2025-09-23,795.4085013545462,813.295608473162,790.3824029027276,794.6398315429688,1758800
2025-09-24,797.8231113041302,801.0654919362538,780.8624482349952,780.9511108398438,1402500
2025-09-25,774.6142000044849,786.6177563436844,770.682007773663,783.247314453125,1413100
2025-09-26,785.612472708354,797.7737443951031,783.611910162147,790.885009765625,1376200
2025-09-29,796.0984260672956,797.1233994186408,786.4305333535833,792.4717407226562,1059000
2025-09-30,793.8316879733414,797.8920016646126,775.0576544965396,784.814208984375,2463900
2025-10-01,782.123792530161,784.7452940468534,771.8842853210717,774.1312866210938,1788900
2025-10-02,777.4524731061118,779.5417584684341,761.250616706113,768.090087890625,1553700
2025-10-03,771.6576895583662,783.4050030603156,766.5921316683158,778.5365600585938,1470500
2025-10-06,783.48379295204,790.8751494893233,768.750343557519,785.238037109375,1632600
2025-10-07,786.4403231319254,793.6542942163699,770.0709468824275,778.2113037109375,1547200
2025-10-08,780.2808848254331,783.4838060451143,763.1231086966021,765.2616577148438,1939300
2025-10-09,767.5677156449597,771.5689009171675,760.1763590964712,768.6616821289062,1575000
2025-10-10,771.7758531368867,780.1921225067388,752.9328269907693,753.28759765625,2457900
2025-10-13,766.6118336387212,779.5910395372795,766.6118336387212,775.3829345703125,2766000
2025-10-14,753.3763782100943,775.1759485434106,731.7049295409796,759.594970703125,4710800
2025-10-15,767.3410573489115,771.1549924697414,751.6122291495192,756.805908203125,3217400
2025-10-16,759.4963195882016,770.1201911545714,741.5106860851039,747.1084594726562,3160900
2025-10-17,747.1676310160249,747.946165596567,729.2903886035565,739.89453125,2884700
2025-10-20,746.0342384418652,755.3177652272203,741.9739248095863,752.2626953125,1925400
2025-10-21,748.0053252367004,754.2140530602404,747.2859190734017,747.985595703125,1782200
2025-10-22,749.5919346001375,749.5919346001375,732.3454362525788,733.8138427734375,2141400
2025-10-23,738.4852150983854,744.0631988377974,733.8729558468717,739.9043579101562,1615400
2025-10-24,748.842966434872,773.2443084860438,745.0487606954401,772.52490234375,2505600
2025-10-27,777.5707372429499,785.1690737061155,775.6095735247633,778.54638671875,1645300
2025-10-28,780.5765687644163,786.7951614278965,775.94463964598,780.6160278320312,1242000
2025-10-29,776.5851783231896,788.8942408782873,767.538165316683,771.7167358398438,2251500
2025-10-30,772.209497583184,795.4479390639711,769.2923539216112,778.7138671875,1829500
2025-10-31,773.6089418588799,780.2512981521454,771.6576429296814,777.9353637695312,1328100
2025-11-03,778.1324336561212,784.4692825774129,770.1201986086705,774.14111328125,1569100
2025-11-04,765.7445284036169,794.3244400171367,761.8024716293384,779.3742065429688,2046000
2025-11-05,778.9898647138912,785.8096062937142,764.3451377986157,781.6015014648438,1832700
2025-11-06,782.4983102922872,786.637482150233,765.7445681323768,776.1713256835938,1572500
2025-11-07,771.6576358172671,775.6588211525012,751.7502365028895,774.9492797851562,2098400
2025-11-10,784.5481454341376,794.6791999283029,777.373573329629,785.6519165039062,1698200
2025-11-11,786.9133714737683,800.2375429144618,784.0849504876173,798.572021484375,1521500
2025-11-12,802.33675326636,827.8320031218527,802.33675326636,826.81689453125,2954100
2025-11-13,820.9924331959973,829.09339096319,793.3586374851283,793.8316650390625,2557400
2025-11-14,784.0258646088754,789.0125644035685,766.7301012195379,779.4530639648438,2552000
2025-11-17,778.5562678177587,785.18875955983,759.3387396880798,764.325439453125,1850600
2025-11-18,760.8760560719772,776.289511891786,755.4359986882776,765.0546264648438,1673500
2025-11-19,765.0546739220587,776.4570806203654,763.7735174713418,774.6043090820312,1521100
2025-11-20,783.7301274638397,804.1795460678946,761.0041735802654,762.4923095703125,2599000
2025-11-21,765.577054834328,769.0657536393828,743.0777475715416,762.817626953125,2284700
2025-11-24,767.3608174254849,782.4884368535778,764.1283018662043,779.2559814453125,2319500
2025-11-25,785.4548111856097,793.5951680373666,766.720176767673,790.69775390625,2252900
2025-11-26,794.1668508133124,807.7078073443738,793.338992354842,804.1895141601562,1862500
2025-11-28,808.1216733847655,818.5385660756641,807.0868954673417,814.0741577148438,868300
2025-12-01,806.7321408040563,812.7831526175127,797.8821818877664,799.1140747070312,2133200
2025-12-02,803.3332097388572,811.8308583110671,800.5402746011598,807.3839721679688,2254200
2025-12-03,805.1456378076209,829.8659814534967,805.1456378076209,828.5388793945312,2347900
2025-12-04,827.5186887656407,835.887579788815,826.4886946586389,829.7867431640625,1670800
2025-12-05,829.2222338753676,847.9804104882268,828.4893476177687,846.3561401367188,2277500
2025-12-08,852.8333279144113,862.202532710398,848.0794204942646,858.3696899414062,2238100
2025-12-09,857.6863466479022,875.236204540594,856.0125683340502,868.164794921875,2274800
2025-12-10,862.9849773523011,888.5868524806153,860.9249889675638,880.7032470703125,2394300
2025-12-11,881.4360911847975,910.2765316831278,879.4751187098009,902.2840576171875,2683000
2025-12-12,904.977939402971,906.2060256488637,878.4748275057357,879.435546875,2715200
2025-12-15,883.4367640630632,895.7870225450473,881.0499267578125,881.0499267578125,1976600
2025-12-16,881.6836702093026,887.6359831895505,865.9264346378657,870.7100830078125,2161600
2025-12-17,877.8211650818964,887.3685742285825,860.1028962664201,863.95556640625,2213300
2025-12-18,872.0471429897783,884.2191364323135,866.302835455157,867.887451171875,2066300
2025-12-19,874.6914454710769,891.1122924143385,873.4831866325773,884.9024658203125,4808300
2025-12-22,887.9133953034745,896.787340295759,886.2495306174212,890.3695678710938,1442300
2025-12-23,891.7065380081661,897.2230727806882,885.120414852416,893.0535278320312,1210200
2025-12-24,892.5087354632198,903.1258536841647,890.0723904289903,902.0364379882812,771800
2025-12-26,902.254341935098,904.5520770411326,896.618963879796,898.3323364257812,995300
2025-12-29,897.7480163863435,897.7776969502469,883.0009471220923,883.614990234375,1578000
2025-12-30,886.150377356392,886.4277183379118,872.7205574258533,875.929443359375,1833300
2025-12-31,875.6125388135954,877.4943228277873,868.3727178682782,870.5615234375,1221500
2026-01-02,875.5135558134159,905.6613327098464,872.2947559758666,905.5623168945312,2817600
2026-01-05,905.6217084820269,952.4576988054562,903.8389402716671,939.3348999023438,3742000
2026-01-06,940.2955423062087,949.367639240271,934.1947055208689,946.29736328125,1966000
2026-01-07,947.6938731242234,949.0507161684332,925.0335182899208,931.9861450195312,2683300
2026-01-08,926.4992534327896,936.116057957002,923.0526812200502,925.8555297851562,1960800
2026-01-09,929.757752946327,937.056995526318,923.7460181734681,929.9656982421875,1334100
2026-01-12,925.0335579270275,941.4345787630969,920.1904876394906,940.4342651367188,2179600
2026-01-13,938.2256884137788,940.8205314482959,922.0623539668134,929.1437377929688,1969600
2026-01-14,923.3498654465398,929.1437414496185,909.0881423719485,923.71630859375,2513000
2026-01-15,916.0208976392803,971.8398218580155,915.7930645553358,966.4916381835938,3773700
2026-01-16,963.6591084375203,975.2467994263548,947.8127099431726,952.7647094726562,3071600
2026-01-20,937.2947121626017,953.3589703813221,930.0845714906263,934.3135986328125,2629100
2026-01-21,934.9375101350598,959.618258836998,934.3928022772602,943.8610229492188,2251300
2026-01-22,950.8433273989625,961.6287968384512,941.6821283063989,945.4852905273438,2468300
2026-01-23,925.1128072316803,928.1929365850489,908.2462669762169,910.0587158203125,3872600
2026-01-26,909.5931713770888,924.7760192007825,909.1673066619076,922.9140625,2655900
2026-01-27,915.1295579749972,924.4393417271565,911.5542286469977,920.7946166992188,2012500
2026-01-28,923.5578815932334,928.1731188352726,913.9014819286365,927.8165893554688,1674100
2026-01-29,928.3018525104284,946.2083003675783,916.2487021555244,931.0947875976562,2335400
2026-01-30,924.9840474330892,937.9087547192612,914.3075069329105,926.4299926757812,1893700
2026-02-02,923.1814871937376,940.3253074824875,903.3239807815754,937.2451782226562,1802000
2026-02-03,940.3847602040299,955.2407595753416,910.2369830618794,929.9756469726562,2321900
2026-02-04,928.1235596947575,935.0959533059877,885.2194282993655,904.5322265625,3561900
2026-02-05,893.0138508974348,902.0859477313048,868.303361579572,881.8619384765625,3214300
2026-02-06,899.1543682273673,922.8249504343177,898.5204977723823,919.8339233398438,2473200
2026-02-09,920.0815153939743,939.8895135725313,918.2096450582895,934.5611572265625,2322600
2026-02-10,936.6212445988094,952.5964006247325,921.0026180469961,939.879638671875,3324900
2026-02-11,941.5137577786719,958.8358420327925,922.3396305822372,935.5218505859375,2654300
2026-02-12,946.9907130858718,959.0934320339674,895.3017367413962,895.8662719726562,3188700
2026-02-13,885.8235900215421,897.2924383338793,860.6575539652756,896.4506225585938,2623000
2026-02-17,899.0156898208336,912.7030238135872,896.9853820977502,907.2459106445312,2008500
2026-02-18,912.7327903233859,938.6020318265028,911.1481141555994,924.76611328125,1864900
2026-02-19,916.1199126884006,920.7351496508852,897.7876007637025,907.85009765625,1974200
2026-02-20,903.7894359206774,913.5151703999004,891.9244642095072,913.3864135742188,2009100
2026-02-23,909.6823514476142,923.0527507339972,875.2659532845172,883.7437744140625,2535900
2026-02-24,876.939706733635,903.0169535277645,873.1861128021866,893.608154296875,1971500
2026-02-25,905.9385707595484,913.6538246956984,898.8077398133594,912.53466796875,1763600
2026-02-26,918.8533957630589,929.3813512480314,912.6930771199676,920.0814819335938,2220300
2026-02-27,903.2447140013328,907.4539136005715,845.950103636087,851.3180541992188,5552300
2026-03-02,836.3142104248782,869.7966520679189,832.3317618038074,857.9190063476562,2873200
2026-03-03,832.3317774173322,864.5299018603185,821.0216377054891,858.795166015625,3782100
2026-03-04,866.0233033314352,874.9439493459278,856.2264529921267,863.4446411132812,2081700
2026-03-05,858.2276182019754,862.7178386116808,818.5923019083422,831.7941284179688,3093700
2026-03-06,812.4195338956446,823.5305390186446,797.8139203195095,817.8157348632812,2473000
2026-03-09,806.4458464581081,833.0087714913384,791.5116641162913,828.3792114257812,3258200
2026-03-10,831.0175448995619,842.3775135994551,822.7240786469663,830.1513671875,1871900
2026-03-11,826.3082882089209,829.1457584338937,806.9834229987335,820.1454467773438,2227000
2026-03-12,801.786398600958,803.6681201830515,780.6594767923647,784.0645141601562,3533000
2026-03-13,785.8963611272785,794.49846434799,777.075252410534,778.7777709960938,2567400
2026-03-16,788.5247888263667,801.9257496642291,786.5335646121588,791.2826538085938,2082700
2026-03-17,802.7620360546564,816.8400059428774,799.9444367547594,803.498779296875,1955600
2026-03-18,797.4853555933689,812.6087070271379,797.4853555933689,801.9456787109375,1541300
2026-03-19,789.450757980204,812.5987411471679,787.1210595105324,805.9480590820312,1765900
2026-03-20,803.4590116225854,823.600226136298,801.3980871631452,809.9603881835938,3918400
2026-03-23,829.3448870621654,845.8023843975209,825.3624386248922,827.6224975585938,2190300
2026-03-24,821.3103450133813,840.7944825887811,814.4107599261373,832.052978515625,1656100
2026-03-25,841.3022527755711,850.9995056264154,830.2410161078947,838.1461791992188,1628900
2026-03-26,830.1314345449495,841.0931340639529,812.5290189853214,819.0303955078125,2052200
2026-03-27,810.0997329651887,813.5146753977273,794.2795018526815,799.3670654296875,2106800
2026-03-30,807.5609096079204,815.037966460176,798.3614632086708,804.0563354492188,1621400
2026-03-31,820.2848552245671,844.7768892263738,806.445822361064,842.2778930664062,2689800
2026-04-01,856.1766779939967,866.381702501079,846.4196911065476,856.435546875,1803600
2026-04-02,834.7113090494499,863.4944303968281,827.3537204650028,859.2531127929688,1717700
2026-04-06,859.2132730694112,869.3784948506818,855.9974653167983,862.2498779296875,1444500
2026-04-07,854.2352372478092,864.1614613607902,846.2703399308134,860.3582763671875,1498400
2026-04-08,899.0477282599688,914.0914131111363,889.6789839929008,901.7756958007812,2439000
2026-04-09,898.0421539173074,905.4097080900849,891.3615745546059,899.7545776367188,1797800
2026-04-10,899.4061568259743,904.9716555671396,891.0728878645393,903.8167114257812,1642700
2026-04-13,871.7082278292152,893.0043868405718,861.5430664116833,886.88134765625,4236200
2026-04-14,890.4953894144785,910.1786607831826,886.1943376960936,905.638671875,2822600
2026-04-15,910.9851058311854,923.7189631938282,893.1636242626328,895.5431518554688,2403900
2026-04-16,894.0497132467892,903.975997630366,891.9190887369546,896.0509033203125,1742100
2026-04-17,911.4829258115856,925.1128586129627,908.217288782352,921.8870849609375,2805100
2026-04-20,919.6270348638764,937.6675223849871,918.9400600411338,937.6077880859375,2374300
2026-04-21,940.3556864865968,947.8327435418381,918.4920215449791,922.4844360351562,1765400
2026-04-22,934.8798179913987,936.8511106221245,927.0642868444145,930.7380981445312,1382600
2026-04-23,930.8973390362396,940.2461514958565,916.6501319251059,927.2135620117188,1655000
2026-04-24,926.4071429970794,928.8264732380284,915.1865745814679,922.8428344726562,1263300
2026-04-27,921.9766331321692,937.5977898511031,921.9368305232924,933.6950073242188,1223000
2026-04-28,937.109981117505,941.1521640622856,920.1845743729076,922.4844360351562,1501600
2026-04-29,923.4302732630828,925.9193036492366,895.2145980680115,901.6263427734375,1725900
2026-04-30,906.4152500147118,923.9280948431746,901.0290149063287,919.7166748046875,1880300
2026-05-01,912.3789989974781,931.6739673349706,908.1376815137018,919.6569213867188,1359800
2026-05-04,918.2232098806113,920.9412115242092,895.0552963894747,899.3065795898438,1660100
2026-05-05,905.7381912105915,917.7054682953158,904.234807192047,914.8580322265625,1507200
2026-05-06,931.8232473114226,939.9175787356154,927.2434558509663,933.2369995117188,2318200
2026-05-07,933.8145144098863,941.1422053898132,917.9344881603267,921.8074340820312,1715300
2026-05-08,931.892975221478,935.6564183281972,923.3904693109786,932.370849609375,1665000
2026-05-11,928.5576652353872,945.6125056611387,922.5640608454437,940.7140502929688,2411400
2026-05-12,938.0259322060158,944.3381400802936,916.7596709102469,941.7495727539062,2236500
2026-05-13,937.7073532243602,955.3396051173437,928.9857812616895,951.2277221679688,2355200
2026-05-14,962.6574154181511,971.3789268372649,956.2854733295283,964.7083740234375,1898000
2026-05-15,949.4655519556767,955.2898587311545,937.4783427684613,944.3082275390625,1862700
2026-05-18,943.5814691885706,957.4702711270156,934.431790906699,942.20751953125,1508000
2026-05-19,929.1251177947441,935.5169913874638,919.7564344394463,924.664794921875,1767300
2026-05-20,940.8534894606655,978.417916742471,936.373234748948,977.8106079101562,3104400
2026-05-21,977.9002358621685,995.1143481322039,966.0424610758233,983.8340454101562,2452300
2026-05-22,990.2656841750414,1000.9485827382347,986.5520704264984,992.3564453125,1923500
2026-05-26,1002.113500296361,1012.0795266126196,982.6990638791686,990.1561889648438,2080600
2026-05-27,991.5400548498139,999.2461438209881,970.1443597867003,992.0975952148438,2195000
2026-05-28,982.0917353818012,1005.5383897283438,978.1391842526722,1003.9454345703125,2273000
2026-05-29,1004.8414977203302,1022.7126872637696,999.5946022252514,1021.06005859375,2158000
2026-06-01,1015.3300170898438,1051.199951171875,1011.5999755859375,1048.5799560546875,2666700
2026-06-02,1049.739990234375,1073.969970703125,1047.8900146484375,1064.5799560546875,2123100
