time,open,high,low,close,volume
2013-01-02,31.565465548875398,31.579501203987135,31.03212403976682,31.340900421142578,31413000
2013-01-03,31.397047949145158,31.404064439284006,31.018093232977716,31.277746200561523,24227700
2013-01-04,31.193532338257004,31.88126342684033,31.186513171674292,31.83213996887207,24487700
2013-01-07,31.642666199513055,31.923373999908918,31.59354273599798,31.867231369018555,24456900
2013-01-08,31.860213795098588,31.930389404296875,31.551434689759184,31.930389404296875,19624200
2013-01-09,31.972491384620103,32.421621638239735,31.67774798254005,31.909332275390625,25920600
2013-01-10,32.20407100247884,32.39354831841196,31.951434581234682,32.386531829833984,23413600
2013-01-11,32.2602213426814,32.38653958354552,31.90933793517615,32.379520416259766,19723900
2013-01-14,32.20407230551227,32.40758528386315,31.91634807568177,32.19705581665039,19079500
2013-01-15,31.923376351364425,32.61110756826135,31.82512674006928,32.526893615722656,29898000
2013-01-16,32.21810857626823,32.86373532202936,31.97950779499112,32.85671615600586,43453600
2013-01-17,32.56197729433786,32.891805836568075,32.48478252582836,32.59004592895508,41086800
2013-01-18,32.54794025631732,32.70232710975243,32.407586381081074,32.60408020019531,28679100
2013-01-22,32.45671191626486,32.66724140409996,32.37250065653635,32.66022491455078,24257300
2013-01-23,32.44267654418945,32.590046919261546,32.22512788787276,32.44267654418945,19105100
2013-01-24,32.44969251647242,32.842680144645556,32.33740995456189,32.54092025756836,20008200
2013-01-25,32.800561985306715,33.09530258178711,32.70933160576579,33.09530258178711,26009100
2013-01-28,32.870765460992466,32.98304807074791,32.61812891978557,32.730411529541016,19706800
2013-01-29,32.47776885366637,33.09532442918664,32.45671670488515,33.06725311279297,19907400
2013-01-30,33.01110922521537,33.22865520878508,32.954966599114954,33.07426834106445,18631300
2013-01-31,32.990056126888256,33.13742918959376,32.89882837024663,33.01812744140625,19536000
2013-02-01,33.26374355601663,33.68480251666389,33.13040616609051,33.57953643798828,24520000
2013-02-04,33.36198868859514,33.55146601388659,33.24970612661066,33.460235595703125,20822600
2013-02-05,33.64268974806505,34.246209450735314,33.63567325997622,34.239192962646484,28067500
2013-02-06,33.97955091618759,34.26727790584709,33.90937529926413,34.11288833618164,28282600
2013-02-07,34.140957758613084,34.211133371641125,33.6146326298186,33.846214294433594,21429600
2013-02-08,33.916385505854436,34.169019266245435,33.86725937455419,34.126914978027344,15218300
2013-02-11,34.042690805215415,34.31638198142579,33.95146309017196,34.14795684814453,13935900
2013-02-12,34.24621670392115,34.60411924387749,34.105862819174114,34.48481750488281,16388000
2013-02-13,34.63220042795393,34.70237873426994,34.03569954792547,34.162017822265625,21635600
2013-02-14,33.965509915142235,34.59008186019499,33.94445509341371,34.540958404541016,18017800
2013-02-15,34.63218524546127,34.70938001005294,34.08480808130576,34.3023567199707,20016200
2013-02-19,34.47077777651819,34.86376807197866,34.47077777651819,34.702362060546875,20445900
2013-02-20,34.63219432628293,34.76553174627698,33.93744661684479,34.11288833618164,24786700
2013-02-21,33.97252732078989,34.00059863250012,33.56550400910194,33.86024475097656,24437700
2013-02-22,34.12692000285426,34.32341384887695,33.972530451249085,34.32341384887695,23584100
2013-02-25,34.45674157444086,34.52691984592254,33.43918206971619,33.47426986694336,32775500
2013-02-26,33.839191988535255,33.86726062270594,32.877769657701606,33.40409469604492,39401400
2013-02-27,33.57953094524431,34.66727132354075,33.51637184377566,34.58305740356445,31921200
2013-02-28,34.49885811312392,34.77254675530146,34.21113381275419,34.3304328918457,24711500
2013-03-01,34.10586517861764,34.68131373656511,33.94445913695216,34.32341384887695,25923400
2013-03-04,34.19709220886443,34.48481645920882,33.91638712490979,34.45674514770508,17695200
2013-03-05,34.73043441772461,35.16552901284668,34.60411620026539,34.73043441772461,25561100
2013-03-06,35.004126850668,35.22167283366818,34.821665993347096,35.10939025878906,19607900
2013-03-07,35.123426711960036,35.69185876600705,35.0953553983466,35.530452728271484,24245400
2013-03-08,35.50237970304084,35.68483787867603,34.81464861483485,35.22869110107422,32711900
2013-03-11,35.24975585249426,35.62871067244119,35.0251906281617,35.42519760131836,19473000
2013-03-12,35.3339439999751,35.558509077226084,35.12341457468066,35.284820556640625,18003400
2013-03-13,35.29184916751978,35.39009608048597,35.16553094312679,35.200618743896484,16680200
2013-03-14,35.26377133762135,35.790096282958984,35.221664378264585,35.790096282958984,26378700
2013-03-15,35.067291037433776,35.291856219666386,34.4918424233342,35.102378845214844,60880800
2013-03-18,34.51989976553154,34.84973094018703,34.351477272493135,34.74446487426758,28011400
2013-03-19,34.842715852026046,35.08131662427558,34.16200133298497,34.526920318603516,24411500
2013-03-20,34.786571118464906,34.8356945676734,34.41463566673572,34.47077560424805,19385300
2013-03-21,34.239198992706925,34.54797538651126,33.930419921875,33.930419921875,23535900
2013-03-22,34.126910535806914,34.386563428454174,33.923397579151995,34.232173919677734,22791500
2013-03-25,34.414647482267185,34.611141346563095,33.79709189544387,34.04972839355469,23581400
2013-03-26,34.204104656575886,34.365510650476196,33.9093612977379,34.13392639160156,16417500
2013-03-27,33.82516313118531,33.902357913981504,33.3760327698563,33.52340316772461,26530100
2013-03-28,33.57251542012499,33.63567452340536,33.17952514671073,33.305843353271484,27506700
2013-04-01,33.3690132573205,33.67779238531458,33.32690895952356,33.56550979614258,17442200
2013-04-02,33.69183589360172,33.95149163727694,33.60060810185208,33.88131332397461,17273700
2013-04-03,33.91661401054303,33.94486084890427,32.85738181589755,33.083351135253906,33467400
2013-04-04,33.16101837645657,33.57058932519925,33.118650825735564,33.535282135009766,21514000
2013-04-05,33.04097853551208,33.92367189651358,33.012731701456104,33.831871032714844,22961500
2013-04-08,33.81068766357724,34.31205685219484,33.60590215484057,34.304996490478516,18672300
2013-04-09,34.41797296370672,34.57332512848394,34.22024786362499,34.37560272216797,20066700
2013-04-10,34.559205421399646,34.99702321629567,34.51683786908238,34.778114318847656,20388900
2013-04-11,34.74986327842893,35.0252631101926,34.4815265003732,34.82048034667969,22584700
2013-04-12,34.53097162572336,35.01115711674183,34.213201419348366,34.608646392822266,37805900
2013-04-15,34.170811984901896,34.84165922328524,33.824797827285394,33.84598159790039,31527300
2013-04-16,34.199069571006284,34.26262359661767,33.6058995632221,34.24143981933594,23865500
2013-04-17,33.97310534422502,34.02253596106469,32.75145795390655,33.04098129272461,43466300
2013-04-18,33.04802411217435,33.422287761562686,32.51840833251206,32.93503952026367,26106800
2013-04-19,33.295205022467655,33.443496906789434,32.977434774801544,33.3516960144043,19746100
2013-04-22,33.47171887078541,33.535272873080224,33.09745521559812,33.43640899658203,15230100
2013-04-23,33.66945054745994,34.0648980815172,33.464665073014245,34.015464782714844,20568500
2013-04-24,34.12140279128178,34.545094631905556,34.008418120864306,34.403865814208984,16459300
2013-04-25,34.61570117500378,35.04645594137089,34.52390031649123,34.60157775878906,19058800
2013-04-26,34.50272609769479,34.665141388510285,34.32618738675183,34.516849517822266,13929000
2013-04-29,34.65807324263014,34.67219396581975,34.35442651249277,34.54508590698242,13496300
2013-04-30,34.57333919072879,34.77812473414455,34.40386354317336,34.608646392822266,13802600
2013-05-01,34.43210090211568,34.538025181285576,33.78950025310856,33.90248489379883,17686400
2013-05-02,34.071953078114646,34.071953078114646,33.69062901892322,33.951908111572266,15529300
2013-05-03,34.340294930205204,34.38972553091445,33.17513889916574,33.59177017211914,43257900
2013-05-06,33.690624738192504,34.17080993088075,33.59176355624466,34.022518157958984,20829500
2013-05-07,34.297920202336215,34.87696661526049,34.07901136085885,34.7004280090332,24291600
2013-05-08,34.75693458892089,35.3006740216756,34.67925714227502,35.13825607299805,23559300
2013-05-09,35.0958836994943,35.17356113548039,34.54508128694112,34.62982177734375,18103100
2013-05-10,34.636887771490066,34.76399583400144,34.34736444994001,34.573333740234375,16199600
2013-05-13,34.48858495408598,35.09587823864802,34.32616974673471,35.07469177246094,23979500
2013-05-14,35.14531570105392,35.60431458701591,35.06763826198306,35.47014617919922,24188400
2013-05-15,35.44896494439483,36.31753486454804,35.41365774967633,36.07744216918945,27467000
2013-05-16,35.92207779018832,36.479940478172495,35.900894017706705,35.99269485473633,21389500
2013-05-17,36.1974758629202,36.95306360145654,36.19041550368848,36.93187713623047,26080300
2013-05-20,36.91775307871808,37.16490874775569,36.65647669146383,36.9248161315918,22020000
2013-05-21,37.0942907666341,37.89930637326059,37.03779981387425,37.4403076171875,37112600
2013-05-22,37.72984320760097,38.81025896131565,37.63098198749194,37.87107467651367,46968300
2013-05-23,37.29909394438648,37.98406491875626,37.18610929133475,37.67335510253906,25294200
2013-05-24,37.355570069889325,37.89224624633789,37.22846205819474,37.89224624633789,18342300
2013-05-28,38.52778614388527,38.591340149467115,38.15352246934096,38.5560302734375,27162300
2013-05-29,38.19589672910238,38.81025038528573,38.06878870454506,38.605464935302734,20482600
2013-05-30,38.55604333511756,39.474046547573984,38.50661272444883,39.27632141113281,24890800
2013-05-31,39.33988091689437,39.424621427356044,38.548988342285156,38.548988342285156,24990100
2013-06-03,38.55603395330082,38.73963562862292,37.4544346764306,38.47835922241211,28279600
2013-06-04,38.513676087491795,39.113906475420556,38.0405510610373,38.16059875488281,22022600
2013-06-05,37.97698444518792,38.32300130170769,37.214339060305,37.44736862182617,24326000
2013-06-06,37.31320825531653,37.793393587024184,36.91070035870364,37.77927017211914,23940900
2013-06-07,37.969932199943074,38.47130130669293,37.71571611940344,38.3230094909668,21691000
2013-06-10,38.584280928040236,38.725512364886484,38.1464658982059,38.386558532714844,16007000
2013-06-11,37.75102269860119,38.167654003014974,37.50386967639212,37.77220916748047,17600800
2013-06-12,38.06173881771662,38.20296760051508,37.40501474139165,37.553306579589844,18479100
2013-06-13,37.42619226018532,38.30182511341647,37.405008485062005,38.25239181518555,17090200
2013-06-14,38.16059837286396,38.224152399847995,37.36264285490129,37.51799774169922,17185300
2013-06-17,37.92051044159435,38.31595537578842,37.80752578985797,38.026432037353516,16856600
2013-06-18,38.153539744533674,38.32301806741023,37.93463349911938,38.21003341674805,13259100
2013-06-19,38.12529260996721,38.492490675475224,37.79339904617251,37.81458282470703,20840000
2013-06-20,37.482692541599434,37.55330693366445,36.91070626831378,37.058998107910156,31857100
2013-06-21,37.397950006465685,37.41207342286452,36.501133268386106,36.691795349121094,44412200
2013-06-24,35.92914569567503,36.331653589776934,35.385406347169706,35.95738983154297,30736500
2013-06-25,36.37402063718379,37.11548508910125,36.37402063718379,36.77653121948242,20951400
2013-06-26,37.179040569432324,37.28496214260841,36.63530120707721,37.073116302490234,19332000
2013-06-27,37.447375449579674,37.772208594396496,37.341453881853944,37.5321159362793,17093600
2013-06-28,37.510937982098575,37.518001037809675,37.12961648045992,37.27790832519531,18256000
2013-07-01,37.581543953148085,37.87106719502859,37.023681242720926,37.0660514831543,23511100
2013-07-02,37.39324324377387,38.07609428976732,37.07315596802417,37.55684280395508,23935300
2013-07-03,37.208315621614226,37.56396764460015,37.13718358897128,37.53551483154297,10442300
2013-07-05,37.95519030382484,38.41042453078483,37.777364264330465,38.40331268310547,17070200
2013-07-08,38.794512872441,39.05769453882976,38.44597278986491,38.908321380615234,21786900
2013-07-09,39.1715148689466,39.24264419049397,38.54556652837299,39.043479919433594,20508700
2013-07-10,38.9581256785191,39.22842199485785,38.723394024312086,39.00080490112305,16915000
2013-07-11,39.71921923709183,39.74055749082538,38.801636338813395,39.22130584716797,21322600
2013-07-12,39.48448202393057,39.72632548130611,38.94389220277839,39.100379943847656,32569200
2013-07-15,39.47026398894684,39.4773758357377,38.83720108817268,39.043479919433594,28292000
2013-07-16,39.05059641323685,39.41336031254628,38.965237967061846,39.12883758544922,19222700
2013-07-17,39.15727495527704,39.5342678269875,39.007901803505646,39.31376266479492,19166600
2013-07-18,39.48448853297835,40.210019024709226,39.47026483909026,40.09621047973633,24563100
2013-07-19,40.19578605304253,40.231353422183474,39.7690047574442,39.94683074951172,17762600
2013-07-22,39.95395808412249,40.3096102061321,39.79747299555731,40.23136901855469,15999700
2013-07-23,40.345168204734364,40.466088595654455,40.167342185092075,40.309600830078125,10577100
2013-07-24,40.48742310468723,40.494537664324284,40.103320999980205,40.28114700317383,16665000
2013-07-25,40.15312170435389,40.18868637084961,39.75479038473553,40.18868637084961,13870200
2013-07-26,39.87570968395415,39.98951823387548,39.54850772869668,39.868595123291016,16762300
2013-07-29,39.81879711930398,39.833023524743375,39.39201580975977,39.612518310546875,10049100
2013-07-30,39.74056275643487,39.82592120949842,39.17863453085507,39.35646057128906,14207400
2013-07-31,39.53428196846515,40.025080805591585,39.48448818665462,39.64097595214844,19404900
2013-08-01,40.089097619325415,40.3878440247982,39.97528907722964,40.217132568359375,15979400
2013-08-02,40.025076582073744,40.20290258285775,39.84013602174909,40.18156433105469,11007300
2013-08-05,40.06776570958324,40.24559175435133,39.84014587594278,39.9041633605957,9370200
2013-08-06,39.8259049261779,39.904146072714546,39.342218076886056,39.470252990722656,10588600
2013-08-07,39.16439067802739,39.45602514590753,38.965223756332264,39.33510208129883,12828400
2013-08-08,39.42047171305112,39.640976959723496,38.5028914910495,39.00080490112305,18587100
2013-08-09,38.901228189009515,39.228430203958474,38.64516094002954,38.78030776977539,12652500
2013-08-12,38.438857807696614,38.63802200239279,38.18278800685375,38.474422454833984,15133000
2013-08-13,38.56690053058239,38.908326096487485,38.125890133721924,38.61669158935547,15078100
2013-08-14,38.64515149653887,39.01502722581791,38.41041985057095,38.51711654663086,15785800
2013-08-15,38.068991291312365,38.18279982542383,37.62086900113183,37.905391693115234,16933200
2013-08-16,37.748903941183414,38.253929141714934,37.748903941183414,37.905391693115234,17139000
2013-08-19,37.62087050470715,37.66354972423324,36.845548987145435,36.86688995361328,22793300
2013-08-20,36.831318621028494,37.24387622519932,36.034658936054676,37.07316207885742,18701500
2013-08-21,36.93090072235279,37.14429408351622,36.475666616901485,36.72462463378906,17136200
2013-08-22,36.987814741755734,37.457275358787776,36.938023669753086,37.13718795776367,14658500
2013-08-23,37.179858928079604,37.286552895793925,36.916677218293096,37.215423583984375,11126800
2013-08-26,37.10161275580129,37.37190900804911,36.838431062338735,36.845542907714844,16548400
2013-08-27,36.29073059891184,36.66772085262887,35.95641684884011,35.991981506347656,23596800
2013-08-28,35.79993430163326,36.31207137484218,35.657672948304814,35.977760314941406,18748100
2013-08-29,35.98487790316891,36.40454747007323,35.885295753972976,36.0631217956543,13576000
2013-08-30,36.14847473592483,36.15558929655064,35.771484425052485,35.942195892333984,15863100
2013-09-03,36.4543284950419,36.78864222953131,36.155582129811684,36.36897277832031,15277200
2013-09-04,36.39030722133803,37.05893190694397,36.22670765081984,36.89533233642578,19923800
2013-09-05,37.00915728784031,37.357697545675165,36.92380154214186,37.066062927246094,13913200
2013-09-06,37.2794460353208,37.49283671269529,36.475671680020234,37.38614273071289,22339900
2013-09-09,37.542623644840766,37.83425817159018,37.35768580173039,37.59952926635742,19936400
2013-09-10,38.28949330585837,38.36062261619116,37.91250036354866,38.175682067871094,20233200
2013-09-11,37.96231144608052,38.23971970146593,37.74180883970273,37.88406753540039,16028600
2013-09-12,38.00497827635729,38.20414255604668,37.04471882681509,37.15852737426758,21976700
2013-09-13,37.19409146320919,37.55685535468115,37.15141224104376,37.4074821472168,11942900
2013-09-16,38.019219015005724,38.047671840946364,37.684905093730315,37.79871368408203,17055300
2013-09-17,37.83425568209715,37.926725954272484,37.61375319675262,37.763126373291016,13207000
2013-09-18,37.47861333599375,38.31795241981791,37.38614575348136,37.990753173828125,20844500
2013-09-19,38.147230412340136,38.23258612393203,37.36479446361883,37.52128219604492,22452200
2013-09-20,37.66353946700793,38.033417795273266,37.55684280395508,37.55684280395508,30792200
2013-09-23,37.04471683172404,37.258107507528784,36.55391529262249,36.60370635986328,28189500
2013-09-24,36.283626533945416,36.468567147931516,35.77860119640145,35.79282760620117,34906900
2013-09-25,35.72168456200986,36.91667539249254,35.60787604069766,36.7744140625,39175500
2013-09-26,36.93802160143225,37.38614393777366,36.660613440547955,36.909568786621094,22298700
2013-09-27,36.632161146418724,37.27233592172006,36.5539172612808,37.15852737426758,23026000
2013-09-30,36.79574482559622,37.051814624799285,36.58946607474835,36.76729202270508,21350600
2013-10-01,36.731744924969696,37.05183232690036,36.59659811678116,36.9593620300293,19188000
2013-10-02,36.773062816252484,37.58275885107972,36.751567356352744,37.32480239868164,23841200
2013-10-03,37.260320779767035,37.40363025252323,36.902048464576964,37.21732711791992,18614500
2013-10-04,37.31045770507814,37.74755012117155,37.2674640674069,37.74038314819336,17407200
2013-10-07,37.4681061565693,37.51826404432375,37.13849639892578,37.13849639892578,16159300
2013-10-08,37.138495782895454,37.23164458238013,36.42911565822085,36.45061111450195,19536000
2013-10-09,36.66556363147936,36.78737756096485,36.006344311343035,36.36461639404297,24721200
2013-10-10,37.14565374775599,37.661566478532954,36.81604405127043,37.632904052734375,24328700
2013-10-11,37.948173991306405,38.22762574641834,37.3749392714103,37.625728607177734,32498800
2013-10-14,37.2173261774747,37.8622174218814,37.088347928593365,37.769065856933594,18881600
2013-10-15,37.91237038111181,38.00552193390975,37.38929321038566,37.482444763183594,17566500
2013-10-16,37.69739381231678,38.72921655876174,37.6758983592865,38.693389892578125,24864000
2013-10-17,38.542928513270816,38.90120075585544,38.41395028726832,38.843875885009766,17791000
2013-10-18,38.87969328430781,39.108989979570694,38.55008355580434,38.908355712890625,24796600
2013-10-21,38.88686752319336,39.30246188168907,38.61457986758574,38.88686752319336,19471700
2013-10-22,39.15913913965831,39.1806345896072,38.42109680175781,38.42109680175781,24820900
2013-10-23,38.19898005099018,38.234806721593074,37.77621877771666,37.79771423339844,21034400
2013-10-24,37.86221213803318,37.89803881696693,37.339134972079286,37.60425567626953,17759000
2013-10-25,37.374946014662,37.91235417403698,37.310456926201034,37.81203842163086,20889600
2013-10-28,37.89803608917862,38.041345527999034,37.61858418684891,37.747562408447266,14836800
2013-10-29,37.85504231116582,37.96968930688114,37.43944524332278,37.78338623046875,23363100
2013-10-30,37.97685015361047,38.14882199851139,37.61857798234999,37.69023132324219,16157200
2013-10-31,37.72605920554215,37.769050114983685,36.930694580078125,36.930694580078125,23738000
2013-11-01,36.86619362833992,37.76903797050145,36.75871092249744,37.625728607177734,25794400
2013-11-04,37.79054097208675,37.804869450187915,37.260297080173295,37.28895950317383,18891300
2013-11-05,37.15282740732592,37.35346170538593,37.016684950363825,37.224483489990234,14532200
2013-11-06,37.44660958146081,37.5039344461666,37.13849800056716,37.33196258544922,14013000
2013-11-07,37.35345863802275,37.50393229916123,36.95935978263157,37.009517669677734,17348900
2013-11-08,37.13848900510831,38.6718932303765,37.116990819350804,38.66472625732422,31183100
2013-11-11,38.62891033694128,38.80088220383889,38.47843666178093,38.765052795410156,12062800
2013-11-12,38.64323164745098,38.75071437838383,38.406770732758474,38.67189407348633,15964800
2013-11-13,38.3494520910407,38.83670244422056,38.08433145967508,38.79370880126953,22121900
2013-11-14,38.87969629322185,39.051668144628074,38.47843319560708,38.98001480102539,17634000
2013-11-15,38.88685843009625,39.38127299960921,38.82953357562544,39.3167839050293,20530100
2013-11-18,39.761041853994705,40.126478220809915,39.62489669636991,39.94017791748047,22318800
2013-11-19,40.10498482170847,40.585068184404285,39.9688396571115,40.23396301269531,22979900
2013-11-20,40.434603988572185,40.44176823045699,39.96168475557018,40.198143005371094,17682800
2013-11-21,40.327106646172425,41.12963811712253,40.327106646172425,41.00065994262695,22843600
2013-11-22,41.022168081831296,41.215635403413,40.88602562593308,41.17264175415039,16730600
2013-11-25,41.20131695389053,41.65990508785926,41.13682782671363,41.308799743652344,18649600
2013-11-26,41.29444472900188,41.53090290346982,40.9648323059082,40.9648323059082,16263300
2013-11-27,41.25864111892961,41.43777727647953,41.07950496137969,41.18698501586914,11238900
2013-11-29,41.25861629161812,41.45208081996229,40.98632873063864,41.00065994262695,7128800
2013-12-02,40.91468940768878,41.380444420938254,40.77138269598154,40.828704833984375,12465300
2013-12-03,40.764213201667815,41.00067418149517,40.22680486576943,40.74271774291992,20426800
2013-12-04,40.44174841390591,41.17979070280613,40.27694359730846,40.979156494140625,20287200
2013-12-05,40.635233094309804,40.656731285458946,39.94735111233757,39.99750900268555,21324900
2013-12-06,40.534911955853076,40.67105439260275,39.85419430530539,40.16947555541992,18661200
2013-12-09,40.32711179767473,40.50624787031316,40.19096936649337,40.49191665649414,12714000
2013-12-10,40.47758955178975,40.89318383306797,40.37727105164708,40.6280632019043,14543700
2013-12-11,40.5134201065771,40.67822498680451,40.097823052038514,40.17664337158203,17836100
2013-12-12,40.16229928418231,40.55639802219428,40.061983539968246,40.348602294921875,15325300
2013-12-13,40.391600418732374,40.52774558171417,40.15514222699479,40.248291015625,11461300
2013-12-16,40.370118502884594,40.800044122980744,40.36295426035652,40.42744064331055,26379200
2013-12-17,40.59940058338893,40.59940058338893,39.882856271833596,39.92584991455078,18338500
2013-12-18,40.01183993763998,41.03649866194368,39.6965613814696,41.0150032043457,27685900
2013-12-19,40.91468004547158,41.22996129924468,40.71404850827028,41.00783157348633,16790000
2013-12-20,40.99350038317503,41.55957105878475,40.986336142584896,41.344608306884766,22001700
2013-12-23,41.53806959648323,41.83901685894104,41.416255656869865,41.731536865234375,13990600
2013-12-24,41.60973409699554,41.76737474350112,41.58823863916297,41.738712310791016,4532600
2013-12-26,41.810357045096815,41.88917735211048,41.502242790443084,41.702877044677734,6677000
2013-12-27,41.68138467759661,41.81036288282753,41.60256709297758,41.659889221191406,8943700
2013-12-30,41.65988128136975,41.7530327970386,41.35176704241836,41.523738861083984,8815800
2013-12-31,41.70288331107787,41.953672749806216,41.59540056110864,41.90351486206055,11017400
2014-01-02,42.05496621779955,42.191999070474715,41.80974765161238,41.98284149169922,15627600
2014-01-03,42.040560279518566,42.5165726818826,41.982860472551664,42.30741500854492,14214100
2014-01-06,42.668009109361,42.89159162209953,42.43000440340552,42.5526123046875,17550700
2014-01-07,42.76177431401337,42.86274618467965,41.910721759430274,42.06217956542969,17851200
2014-01-08,42.22085753839641,42.4877122009887,42.047760911866725,42.4588623046875,14687400
2014-01-09,42.538188243010374,42.55261318780354,42.06938991797868,42.3795166015625,13242500
2014-01-10,42.314618233293444,42.37952912841105,41.96121661086912,42.18479919433594,12694900
2014-01-13,42.19921211358704,42.314608929392456,41.492406272869225,41.61501693725586,20711600
2014-01-14,42.04776268218168,42.249709213515025,41.51405333452661,41.64387512207031,30272400
2014-01-15,41.636645977141086,43.02141028516515,41.636645977141086,42.90601348876953,35186600
2014-01-16,42.40115963048703,43.14402647825125,42.36509864053989,42.545406341552734,21689400
2014-01-17,42.70408912575775,42.718514076679924,41.85303628029566,41.910736083984375,20997900
2014-01-21,41.89629390759052,42.14872356674817,41.52846743977838,41.9539909362793,19548300
2014-01-22,42.069394691015,42.069394691015,41.413072009208285,41.535682678222656,15433500
2014-01-23,41.17506761134405,41.18227870897987,40.540383719579204,40.7279052734375,26234600
2014-01-24,40.38892102233332,40.64856452625263,39.732601165771484,39.732601165771484,26833100
2014-01-27,39.7253900690079,40.24467432556961,39.44410777224405,39.732601165771484,23935000
2014-01-28,39.94897214975261,40.63414193561841,39.84078918436984,40.2014045715332,18041000
2014-01-29,39.638844491421295,40.295164415723775,39.55950866244893,40.04994583129883,25459000
2014-01-30,40.43941339893926,40.67020705003545,40.12207281650132,40.3889274597168,17031100
2014-01-31,40.02831716726758,40.468268480841985,39.797523486585554,39.927345275878906,18174000
2014-02-03,40.028311465844624,40.331227096864936,39.09071192771093,39.170047760009766,28549900
2014-02-04,39.46575100156613,39.92012443322565,39.379201323012424,39.63163375854492,20709300
2014-02-05,39.73981319468916,39.99224560776605,39.36477562609413,39.819149017333984,19491600
2014-02-06,39.92011974258868,40.7855971674912,39.81193678402392,40.735111236572266,20881600
2014-02-07,40.85772888432877,41.05967264256907,40.57644654085175,40.836090087890625,23388500
2014-02-10,40.944270166931396,41.05245312908606,40.67020171050769,40.92263412475586,14715200
2014-02-11,40.8288902875834,41.52127143708912,40.80725423643576,41.4202995300293,18774100
2014-02-12,41.355377201030095,41.62223184615312,41.22555542745082,41.485198974609375,13437900
2014-02-13,41.16064635499245,41.90351328555873,41.08131051749945,41.85302734375,16605500
2014-02-14,41.75205363284914,41.99727223287844,41.65108175365073,41.9395751953125,13067300
2014-02-18,41.8458197696909,42.30019603551416,41.759272826626656,42.18479919433594,14983800
2014-02-19,42.091031649638644,42.22085341905026,41.26882894421664,41.29767608642578,18669900
2014-02-20,41.49240915753153,41.809752486516814,41.30489035053984,41.528472900390625,12457000
2014-02-21,41.5356849160743,41.71599262924509,41.37701324807525,41.55010986328125,16790100
2014-02-24,41.557322791179956,41.997274070893866,41.528475646773174,41.85302734375,16151400
2014-02-25,41.7592629154372,41.81695994669358,41.05245433578786,41.13179016113281,17991800
2014-02-26,41.377010040931374,41.38422388961438,40.54759627540025,40.929847717285156,23661700
2014-02-27,40.951484674713875,41.03082050433463,40.48989739467732,40.886573791503906,16277500
2014-02-28,40.80004272108977,41.43472685344607,40.67022090421511,40.980350494384766,18599000
2014-03-03,40.60529326694884,40.69184019211636,40.165342041158446,40.540382385253906,19151000
2014-03-04,41.07409629009922,41.369800820141826,40.850513742495394,41.29767608642578,17157000
2014-03-05,41.45635155861705,42.040549574649404,41.369804621482544,41.9467887878418,17761500
2014-03-06,42.199220707146324,42.61753596917596,42.11988761553715,42.48050308227539,19420600
2014-03-07,42.805057923257756,43.12961241724873,42.60311412756465,42.841121673583984,18602200
2014-03-10,42.65358643130901,42.89880499817974,42.45885379721075,42.696861267089844,16945200
2014-03-11,42.85553944174541,42.87717823995968,41.92515365685904,41.96842575073242,19420000
2014-03-12,41.61502035480492,41.802539164159406,41.41307384710316,41.77368927001953,17932100
2014-03-13,41.83139356436236,42.07661218841145,41.24719552584838,41.41307830810547,17192500
2014-03-14,41.189486748899675,41.49240232987411,40.836082486485985,40.965904235839844,18635800
2014-03-17,41.26161550987532,41.615019830442385,41.146218686047206,41.528472900390625,13581400
2014-03-18,41.70155629461025,41.94677482761188,41.55730961320753,41.87465286254883,12554800
2014-03-19,41.824180196421864,42.50213623728993,41.75205545721623,42.047760009765625,21450700
2014-03-20,42.091037255999034,43.6272598978037,41.9251544732731,43.35319137573242,33736500
2014-03-21,43.966222957926114,44.13931953706362,43.27384214392967,43.39645004272461,35144100
2014-03-24,43.54070819865961,44.132117310255175,43.526283250660015,44.045570373535156,25810500
2014-03-25,44.07441328235475,44.34126789984851,43.677736904723034,43.9445915222168,24053500
2014-03-26,44.1681860655649,44.28358291137272,43.19452259973855,43.20173645019531,22745200
2014-03-27,43.230573322671866,43.67052455251603,42.56704230481175,43.216148376464844,24632600
2014-03-28,43.425315615196816,43.699384151452136,43.043064085274914,43.30270767211914,14708700
2014-03-31,43.87247650685853,44.009509385959475,43.70659098047645,43.785926818847656,15216700
2014-04-01,43.95901894882952,44.20423753723196,43.54070375338178,43.75707244873047,14584400
2014-04-02,43.81513787622956,44.105449658856244,43.69175716821514,43.89497375488281,14012200
2014-04-03,44.018359143136124,44.12722398988513,43.749819763527945,44.02561569213867,11925200
2014-04-04,44.28689194081245,44.3159236715598,43.40144353334584,43.4087028503418,16966900
2014-04-07,43.32160471735194,43.54659646244372,42.70469570824787,42.82081985473633,18685700
2014-04-08,42.675671555763095,42.835343323763325,42.27649490438106,42.71195983886719,16956500
2014-04-09,42.89339738746258,43.14742086713122,42.457932520342204,43.016780853271484,15308400
2014-04-10,43.07484246338574,43.10387419344523,41.64506436568315,41.65958023071289,29977200
2014-04-11,40.0483522260301,40.679777080464596,39.591112201761966,40.13544464111328,47241300
2014-04-14,40.53463183621203,40.599951856803315,39.54031842820568,39.88869094848633,31081500
2014-04-15,39.9830436837072,40.38222036659862,39.4459676380691,39.77256774902344,26691400
2014-04-16,39.91771788870099,40.17173862236356,39.692726118443886,40.10641860961914,27049400
2014-04-17,40.16447736597546,40.331405652619196,39.92496975777921,40.07738494873047,17955400
2014-04-21,40.106427243512066,40.21529487772866,39.91046993171251,39.93949890136719,12384800
2014-04-22,39.94674780363346,40.70155619020815,39.874168476875376,40.50559616088867,16257600
2014-04-23,40.49833489748701,40.730583194714185,40.32415005887568,40.679779052734375,11379000
2014-04-24,40.69430252291337,40.83219910997091,40.36044587933073,40.781394958496094,15360600
2014-04-25,40.868486400280794,40.897515363723514,40.382214578422065,40.42576217651367,15937700
2014-04-28,40.374950406980254,40.425754544186205,39.68546212810517,40.27334213256836,21394100
2014-04-29,40.447535476622384,40.868487294867265,40.33141131445456,40.71607208251953,13453400
2014-04-30,40.81768221886663,40.897515329039344,40.440278008247816,40.62897872924805,14388100
2014-05-01,40.585430219293535,40.7813902532091,40.28060534561485,40.440277099609375,12744600
2014-05-02,40.52010532782081,40.91202255305332,40.237050153183766,40.338661193847656,15153800
2014-05-05,39.10484791153078,39.72901629321114,38.97420788891776,39.35161209106445,25232300
2014-05-06,39.22097300891454,39.235488874954974,38.698412905932216,38.712928771972656,25327400
2014-05-07,38.86534495728092,39.27903748912985,38.64035593352155,39.228233337402344,18502600
2014-05-08,39.33708860361609,39.57659341958918,39.23548033207491,39.45321273803711,16090800
2014-05-09,39.35160723376675,39.4169272370106,38.95968721430366,39.19919204711914,12366500
2014-05-12,39.38790416626663,39.69998838717815,39.2137165297924,39.663700103759766,12825500
2014-05-13,39.729013370119155,39.7943333766197,39.55482576324502,39.64191818237305,12310700
2014-05-14,39.656429281119465,39.699976869759006,39.40966514939757,39.45321273803711,10325800
2014-05-15,39.33710291643368,39.33710291643368,38.720190978356456,38.8363151550293,19763000
2014-05-16,38.77099140897024,38.83631142511393,38.44439409687031,38.691158294677734,19992400
2014-05-19,38.524229022490026,39.1266222509631,38.509713156083414,39.06856155395508,12068900
2014-05-20,38.988731384277344,39.220979743567106,38.76373957494465,38.988731384277344,16888200
2014-05-21,39.22822189458613,39.627398442556746,39.177417757678114,39.27902603149414,13210200
2014-05-22,39.3153219416609,39.6274061396384,39.206457099405846,39.59111785888672,11800900
2014-05-23,39.591107353871955,39.620139078217434,39.30805496304762,39.57659149169922,10876500
2014-05-27,39.736280372642106,40.22980882524388,39.692732767311774,40.01933288574219,14503700
2014-05-28,39.98302848225425,40.35317328819515,39.917708484897894,40.24430847167969,11374900
2014-05-29,40.462049513838345,40.585430219293535,40.200769468617594,40.440277099609375,11741000
2014-05-30,40.338653509958725,40.55638587552831,40.14269355036093,40.33139419555664,11991900
2014-06-02,40.389476722675056,40.389476722675056,39.93223660087438,40.1717414855957,9440000
2014-06-03,39.98303506476184,40.39672752658678,39.98303506476184,40.353179931640625,9131500
2014-06-04,40.295126894817955,40.44753935315463,40.09916683326279,40.411251068115234,9727800
2014-06-05,40.57817460817985,41.12250712542531,40.273349727459205,41.10073471069336,16803400
2014-06-06,41.19506943238396,41.46360870804206,41.11523634978502,41.34748458862305,15399800
2014-06-09,41.303961611935904,41.85555081562434,41.296705061419324,41.67410659790039,11999700
2014-06-10,41.710391962913526,42.051505163011996,41.652328492230325,42.02247619628906,11609200
2014-06-11,41.71763610613752,41.9426278351972,41.35474782814194,41.565223693847656,14232200
2014-06-12,41.42007640082353,41.67409714054297,41.27492050586168,41.3983039855957,11670200
2014-06-13,41.391044668107476,41.85554131709069,41.2821798233499,41.3983039855957,12040800
2014-06-16,41.26038648377936,41.33296578363257,40.88298519901143,41.27490234375,11199100
2014-06-17,41.21686916264174,41.79749010563458,41.137033263864154,41.67410659790039,11200500
2014-06-18,41.57974241249496,41.95714657976095,41.33297825576788,41.93537139892578,13729400
2014-06-19,41.87005425316311,41.87005425316311,41.52168179080663,41.58700180053711,11624400
2014-06-20,41.87004852144927,41.92811197486932,41.62328438164975,41.76844024658203,17124800
2014-06-23,41.76119507446511,42.254723488495394,41.54346260206788,42.232948303222656,16007700
2014-06-24,42.00796606266294,42.18215096125127,41.58701414860622,41.67410659790039,12322900
2014-06-25,41.528940152103665,41.90634433645941,41.27491666738941,41.753929138183594,14836600
2014-06-26,41.61604020634416,41.724907829563165,41.07896417701237,41.65232849121094,11854400
2014-06-27,41.60877602533906,41.87731260644324,41.54345601711175,41.753929138183594,10178600
2014-06-30,41.68861198874693,41.93537617356988,41.64506715935475,41.819252014160156,11549000
2014-07-01,41.76808700120644,42.38200123598437,41.716927713972616,42.075042724609375,14472200
2014-07-02,41.85579014092512,42.009268009603616,41.52690700234822,41.63653564453125,19189900
2014-07-03,41.82657590272069,42.133534578041925,41.65848061374836,41.69502258300781,12599800
2014-07-07,41.578073880277216,41.651160584395605,41.21995878800153,41.41728591918945,13916100
2014-07-08,41.183418178819515,41.27112223257143,40.65720779617288,40.75221633911133,18343400
2014-07-09,40.83990783330736,41.01531031092347,40.64257795501015,40.94222640991211,10914300
2014-07-10,40.24061960940934,40.78875734922599,40.167532904650166,40.60604476928711,12436600
2014-07-11,40.40871213819231,40.86183852541728,40.335625438335036,40.78144454956055,10230000
2014-07-14,41.3149746887716,41.54153932998106,41.07379549210505,41.13957214355469,14004400
2014-07-15,42.35278274977353,42.89361050381855,42.21391938451277,42.58665466308594,36178000
2014-07-16,42.76204777321244,43.105548289871635,42.615879950608324,42.90821838378906,20507500
2014-07-17,42.79857907231219,43.01783352531541,42.21389681367474,42.286983489990234,17013500
2014-07-18,42.63049789415721,42.74012376266272,42.3162320527575,42.557411193847656,12803300
2014-07-21,42.47701992254916,42.68896718498544,42.316234747573986,42.56472396850586,9141400
2014-07-22,42.6962737811035,42.97399767959524,42.65973182319023,42.87898635864258,10375200
2014-07-23,42.94476528278447,43.25903115590879,42.76936276028006,43.12017059326172,11122100
2014-07-24,43.17132755275572,43.37596474723426,43.11286097775014,43.24441146850586,9844100
2014-07-25,43.06169148108553,43.31749071813835,43.0032249161409,43.12746810913086,10500600
2014-07-28,43.07631301004826,43.31018486852369,42.87898310671478,43.25902557373047,12382800
2014-07-29,43.2151888782565,43.2151888782565,42.71090027191131,42.85707092285156,13498800
2014-07-30,43.1347801087999,43.324799938366276,42.83513163157871,43.054386138916016,11815700
2014-07-31,42.86437189782184,42.88629651502231,42.14082886250676,42.148136138916016,15955900
2014-08-01,41.94349694985992,42.016583650341545,40.90569089477383,41.27842330932617,23915400
2014-08-04,41.592687838576644,41.64384713331265,41.17610341688497,41.40266799926758,13543900
2014-08-05,41.24187603674854,41.36611922959279,40.6352690468228,40.97146224975586,16863300
2014-08-06,40.847217756984236,41.431897366905396,40.803368528722835,41.095706939697266,12190600
2014-08-07,41.38804466377431,41.4318938883542,40.693736465547985,40.86183166503906,11743800
2014-08-08,40.84722987923727,41.19073047174467,40.664517272664924,41.17611312866211,12213200
2014-08-11,41.32227553322499,41.35151021356169,41.051858922069364,41.1614875793457,9066800
2014-08-12,41.09571320137054,41.32958508097361,41.02262928448436,41.183414459228516,11289600
2014-08-13,41.43190712642329,41.54153579884503,41.30035383470638,41.453834533691406,7012600
2014-08-14,41.49036292896589,41.65845812720322,41.43920364202287,41.64384078979492,8275900
2014-08-15,41.833867803856265,42.023887634277344,41.212643444305286,41.47574996948242,12727400
2014-08-18,41.55613578244374,41.972720102876444,41.483049102034265,41.8265495300293,8881400
2014-08-19,42.096965650488144,42.1846696719231,41.906945846656285,42.06773376464844,9040500
2014-08-20,41.9654251070761,42.27969097573357,41.94350048906788,42.12621307373047,8121400
2014-08-21,42.14083107775893,42.95207541249394,42.0969790530801,42.75474548339844,12745500
2014-08-22,42.71089939986316,43.178646030916404,42.630508192062024,42.74744415283203,10228600
2014-08-25,43.105542025843526,43.72676633352574,43.017840787431155,43.368648529052734,13996800
2014-08-26,43.53675709792091,43.81448102412938,43.40520380592601,43.66100311279297,10281100
2014-08-27,43.74137323592392,43.814459911799815,43.507501449064314,43.551353454589844,11410900
2014-08-28,43.302886786349035,43.39058805490412,42.981313609665015,43.23711013793945,9096100
2014-08-29,43.368660731863756,43.595225348481534,43.28826674570993,43.44905471801758,8897900
2014-09-02,43.45636248394006,43.63907507708274,43.229800652745816,43.609840393066406,8671100
2014-09-03,43.86563149601953,44.12142796341158,43.45635436021986,43.63175964355469,11791800
2014-09-04,43.580602032129015,43.9533344401396,43.434431421703735,43.639068603515625,9811900
2014-09-05,43.573289126745934,43.78523635864258,43.280950712931684,43.78523635864258,9600900
2014-09-08,43.73408410900066,44.011808016622396,43.66100019077152,43.770626068115234,8090000
2014-09-09,43.58060114266035,43.61714309752773,42.959376758025066,43.16401672363281,14868700
2014-09-10,43.22978934925076,43.52943781213534,43.0616913540967,43.280948638916016,9153800
2014-09-11,43.25172167225258,43.734082766487,43.09824377589906,43.67561340332031,11467000
2014-09-12,43.7048410387347,44.15066010310057,43.66829908663322,43.8729362487793,14359100
2014-09-15,43.69022350484318,43.84370416373835,43.44904439167458,43.807159423828125,10685600
2014-09-16,43.63907946171929,43.997197406968915,43.5733028100601,43.843719482421875,10947900
2014-09-17,43.81447296271014,44.28221667575505,43.71946164975651,44.077579498291016,15091800
2014-09-18,44.245668822798564,44.87420039890662,44.245668822798564,44.815731048583984,16973700
2014-09-19,45.122698429263316,45.203089619797176,44.56725064393091,44.662261962890625,18739300
2014-09-22,44.538011192714414,44.91074636441797,44.43569260847338,44.51608657836914,13225200
2014-09-23,44.450312208437396,44.87420669382392,44.4137702533457,44.53801345825195,14328800
2014-09-24,44.71341801160899,45.049608453687874,44.59648208445231,45.042301177978516,13728200
2014-09-25,44.93998711708495,44.94729439353038,43.96064758300781,43.96064758300781,16340100
2014-09-26,44.09218542999433,44.49415240514443,44.08487536813482,44.26028060913086,11948900
2014-09-29,43.872936314633165,44.2164367984416,43.65368181372295,44.092193603515625,10686500
2014-09-30,44.143348872898535,44.39183802808664,43.94601900366339,44.02641296386719,14384800
2014-10-01,44.02642673796333,44.14336268357922,43.653691494581324,43.682926177978516,18995800
2014-10-02,43.52105983993101,43.77122326519972,43.12374096331187,43.29296875,24559100
2014-10-03,43.59462883343077,44.43341111633475,43.44747340681898,44.367191314697266,18321100
2014-10-06,44.7203674819151,44.73508330684043,44.14646434361028,44.27890396118164,11578000
2014-10-07,44.087596108552795,44.087596108552795,43.55048118930996,43.609344482421875,14542000
2014-10-08,43.675563243859514,44.46284152656991,43.54312364426746,44.44076919555664,15834100
2014-10-09,44.38925346643991,44.38925346643991,43.32973695021512,43.46953582763672,19189500
2014-10-10,43.43275786454366,44.01402025970571,43.05015487557964,43.05751419067383,16689400
2014-10-13,43.04278875621914,43.521043087323854,42.75583728025859,42.792625427246094,17169300
2014-10-14,41.71104038215663,43.057508579786465,41.24750463485491,42.66754913330078,29096800
2014-10-15,41.95384883266725,42.21872801655194,39.9231102940553,40.8575439453125,37866900
2014-10-16,40.28363665300634,41.188638564290585,39.93782188768626,40.52644348144531,31965100
2014-10-17,41.0046986621978,41.77726106422285,40.88697489433451,41.35051345825195,20183500
2014-10-20,41.27693833556737,41.75519276750118,41.254866004072554,41.666900634765625,10807600
2014-10-21,42.108377959201476,42.68228122093589,41.99801345866028,42.62342071533203,14020400
2014-10-22,42.704343947765864,42.86621239617206,42.26287765371053,42.27023696899414,13750700
2014-10-23,42.763207472986664,43.11637884925677,42.630767856040805,42.71906280517578,12641900
2014-10-24,42.67490902752563,43.24881207835452,42.67490902752563,43.219383239746094,13758000
2014-10-27,43.006016854220185,43.25618027768935,42.85886140392831,43.14581298828125,11087100
2014-10-28,43.31503176825947,43.91836646293766,43.27088710707962,43.87422180175781,13625000
2014-10-29,43.86685798692753,43.98458174925728,43.23409171187167,43.624053955078125,16712100
2014-10-30,43.36653665108059,43.91101087332037,43.35182082812749,43.697635650634766,14709800
2014-10-31,44.234750773432,44.543777443439524,44.05080719575683,44.499629974365234,18347600
2014-11-03,44.72772931468525,44.99260856473331,44.411346077878584,44.793949127197266,11841200
2014-11-04,44.323038237979226,44.41868686137786,43.71970082272165,44.33039474487305,15295800
2014-11-05,44.73507679871113,45.05145997168628,44.43340944852043,44.99259948730469,14063800
2014-11-06,44.94109580464295,45.11032355763577,44.60999680671951,45.05146026611328,10421600
2014-11-07,44.933735579101466,45.286906900809605,44.77922365212093,45.22804641723633,12384600
2014-11-10,45.06617487993836,45.56650161743164,45.02938672710189,45.56650161743164,10801000
2014-11-11,45.404639585253186,45.537079207729185,45.09561567064699,45.154476165771484,12539800
2014-11-12,44.45547619193232,44.76450281805334,44.31568010318463,44.55848693847656,17219600
2014-11-13,44.51433700428015,44.60998843166855,44.13909341491906,44.315677642822266,12240400
2014-11-14,44.330390443259226,44.602626080006786,44.27888647973281,44.35246276855469,6803400
2014-11-17,44.14646087013382,44.53642037632463,44.06552524279089,44.426055908203125,9017600
2014-11-18,44.403975508636854,44.74979030931296,44.29361105359023,44.536415100097656,8897800
2014-11-19,44.47756048766593,44.727723881573034,44.2568287416906,44.58792495727539,9210100
2014-11-20,44.29360831008521,44.330396459488796,43.96250935194117,44.234745025634766,10917300
2014-11-21,44.933733573960836,44.933733573960836,44.367187060224516,44.47755432128906,12340500
2014-11-24,44.66151358194715,45.11033648477726,44.66151358194715,44.852813720703125,8335000
2014-11-25,44.99995768439854,44.99995768439854,44.109671423193866,44.367191314697266,14802600
2014-11-26,44.56586477449943,44.56586477449943,44.29362897380329,44.396636962890625,7626600
2014-11-28,44.44077011646768,44.558493895571644,44.168531596800285,44.264183044433594,6759600
2014-12-01,44.13175328969471,44.300981084496016,43.81537003648797,44.14646911621094,12771600
2014-12-02,44.1538273906942,45.02204154255166,44.14647088052054,44.94110870361328,12546600
2014-12-03,44.852805784362026,45.33841676563293,44.742441310792955,45.27955627441406,12115500
2014-12-04,44.95580837586869,45.30162319325045,44.76450829382622,45.161827087402344,11515200
2014-12-05,45.6253591769514,46.39792437079224,45.52971054705694,46.1330451965332,20071100
2014-12-08,46.059473192885825,46.47150783936812,45.80930980158522,46.11097717285156,15528200
2014-12-09,45.50764561348946,46.243420015044705,45.29427317017345,45.94911193847656,19676400
2014-12-10,45.735735295098294,45.794598592672656,44.41869848281538,44.64678955078125,29620600
2014-12-11,45.00731326745261,45.66215476207537,44.96316860510599,44.9852409362793,16886200
2014-12-12,44.536423575471304,45.04410970827011,44.11703239161977,44.17589569091797,17405400
2014-12-15,44.69094064028642,44.742444626453356,43.2561799235126,43.52841567993164,19209900
2014-12-16,42.98394317375334,44.0434602064734,42.755854884464775,42.991302490234375,20709700
2014-12-17,43.09429661608987,44.02137372175052,42.925068879256315,43.97722625732422,17856400
2014-12-18,44.61735442566842,45.23540496826172,44.47019899995453,45.23540496826172,18173400
2014-12-19,45.17654214520394,45.87552546936541,45.15446700809713,45.56650161743164,22756400
2014-12-22,45.73572758805541,45.8608106709446,45.331052309072334,45.573856353759766,17073400
2014-12-23,45.6547929861689,46.331706775476086,45.56650085947878,45.97117614746094,13552600
2014-12-24,46.162479029838316,46.2581276642709,45.816664224064205,45.97117614746094,7412500
2014-12-26,46.11097814261447,46.27284940120048,45.91967804254083,46.02268600463867,6086500
2014-12-29,45.92703722494518,46.60395114018456,45.80195692276074,46.32435607910156,10601200
2014-12-30,46.14776250393259,46.55979429337452,46.03739524218575,46.46414566040039,7518100
2014-12-31,46.57452887399292,46.71432783607922,46.04477310180664,46.04477310180664,18529400
2015-01-02,46.044752742851806,46.622347640828366,45.96329647266296,46.27431106567383,12600000
2015-01-05,45.95589054102993,46.118800249151,44.60076063486097,44.83772277832031,20100600
2015-01-06,44.90437903137463,44.9858353168401,43.20861600155856,43.67513656616211,29074100
2015-01-07,44.3489952726243,44.3489952726243,43.445575187118166,43.74177932739258,23843200
2015-01-08,44.40823033925333,45.09690245743172,44.40823033925333,44.719242095947266,16971100
2015-01-09,44.963624190050304,45.01545949815668,43.9046980533417,43.94172286987305,15396200
2015-01-12,43.897286346451324,43.9861492856812,43.14937496921185,43.56406021118164,15455200
2015-01-13,43.88248403882772,44.20830922713251,43.223432653120504,43.57147216796875,21644700
2015-01-14,43.57145890999907,43.57145890999907,40.92784751284817,42.06822967529297,49602300
2015-01-15,41.26848640833177,41.92013385884552,40.35766243905173,40.72051239013672,42458100
2015-01-16,40.47614662264837,41.46842695199211,40.46133613118803,41.41659164428711,29368900
2015-01-20,41.49804623000143,41.757222757878374,41.038929488030426,41.25367736816406,23477700
2015-01-21,41.06113682944473,41.779427102919946,40.868603319168514,41.386959075927734,21842400
2015-01-22,41.74981109007348,42.74949502406896,41.43879649017397,42.64582443237305,31423500
2015-01-23,42.74209427626007,42.85316870760033,41.957155300653824,41.97196578979492,15458300
2015-01-26,41.77202541530816,42.20152109503299,41.61651952774369,42.03860855102539,12577700
2015-01-27,41.50544267875749,41.920127874395945,41.2906948368298,41.616519927978516,15220500
2015-01-28,41.927545714218404,41.97197719371387,40.54279708862305,40.54279708862305,24354400
2015-01-29,40.92784732774423,41.386961158346345,40.490947816825724,41.22404861450195,20393300
2015-01-30,40.720504999706414,41.098162547768766,40.26138835720026,40.268795013427734,26943700
2015-02-02,40.379883036975684,41.209253675532246,40.18735228237558,41.07596206665039,20308900
2015-02-03,41.40177481341722,42.04601555682824,41.37215383503208,42.0015869140625,18812500
2015-02-04,41.705381613498844,42.26076223103458,41.67576063594208,41.749813079833984,14934100
2015-02-05,42.1052543349547,42.23854590281332,41.80905022308849,42.03860855102539,11293900
2015-02-06,42.764325575486204,43.490022882638094,42.60881961498503,42.86799621582031,25214000
2015-02-09,42.51992754372795,43.02347273055843,42.37923217454135,42.816131591796875,14372400
2015-02-10,43.26044097671196,43.475188800788956,42.98645402950326,43.290061950683594,16367300
2015-02-11,42.99386368717462,43.43816702852352,42.83095114376787,43.223419189453125,13061900
2015-02-12,43.638101923880626,44.215696800092935,43.35670831696188,44.11202621459961,23211300
2015-02-13,44.03057883767632,44.59336616514597,43.941718721427705,44.18608474731445,16479100
2015-02-17,43.95652358572917,44.534118504638656,43.92690260916668,44.50449752807617,15308800
2015-02-18,44.5044944815671,44.5044944815671,43.77879755433381,43.963924407958984,14278100
2015-02-19,43.80102087715007,44.04538688950876,43.54184155062248,43.860260009765625,11256500
2015-02-20,43.6603222100185,44.34899442185514,43.20861217593081,44.2823486328125,15379000
2015-02-23,44.06018917556645,44.082403493059836,43.541833443832786,43.94911193847656,16814000
2015-02-24,44.615569710174576,45.35607709125632,44.489684811300194,45.03765869140625,22937700
2015-02-25,44.993237838151146,45.37089827342556,44.98583400551203,45.27463150024414,18307900
2015-02-26,45.19316726461166,45.68930870849208,45.10430716451802,45.60044860839844,15444800
2015-02-27,45.267221475172526,45.852220217249624,45.267221475172526,45.3782958984375,15225900
2015-03-02,45.37830754307928,45.785589007333,45.19318063198668,45.74115753173828,13047300
2015-03-03,45.65229711964839,45.90406983015112,45.541219843763,45.889259338378906,13706900
2015-03-04,45.64489760695507,46.0373658135151,45.43014967985837,46.007747650146484,16625500
2015-03-05,46.059574409133816,46.081788733736055,45.61526814340229,45.91147232055664,10931300
2015-03-06,46.02995306314867,46.55571278987613,45.02286225854754,45.089508056640625,22719200
2015-03-09,45.0524678015762,45.637469292712744,45.02284682928315,45.541202545166016,13001500
2015-03-10,44.99323088854052,45.17835774885758,44.40082550048828,44.40082550048828,16357700
2015-03-11,44.526713285062016,44.91177749393697,44.400825551001105,44.60816955566406,13015600
2015-03-12,44.911797868529916,45.50420352600563,44.911797868529916,45.44496154785156,18159600
2015-03-13,45.46715977580475,45.807792533959116,44.74886662615644,45.170955657958984,16506200
2015-03-16,45.541215630871996,45.85222745488029,45.356088738063576,45.800392150878906,15182900
2015-03-17,45.42272425261447,45.65968639579614,45.1117096741813,45.62266159057617,11718300
2015-03-18,45.45976186984196,45.948496780996656,45.237610151101165,45.72634506225586,15697900
2015-03-19,45.59303676043421,45.65227870362501,44.99322479727833,45.31904983520508,11523800
2015-03-20,45.40792656296286,45.985521596651395,45.28204162477427,45.72634506225586,18368300
2015-03-23,45.72634156115832,45.97071041043142,45.25982101015376,45.27463150024414,15112900
2015-03-24,45.14875194137236,45.34868934415348,44.763687627661966,44.77109146118164,12128700
2015-03-25,44.82291280288624,44.90436907028235,44.12683685163047,44.14164733886719,14950900
2015-03-26,44.0305750914524,44.27494392135984,43.59367555525188,44.08981704711914,14039600
2015-03-27,44.05279273207452,44.26753776174888,43.68994281156965,44.09722137451172,11755800
2015-03-30,45.082106834276615,45.51159980534011,44.88216942841838,45.1413459777832,20656500
2015-03-31,44.963610159057424,45.1265198659215,44.741455679568276,44.85993957519531,17346700
2015-04-01,45.03139249699391,45.1506610940221,44.5245002487272,44.68849563598633,18100600
2015-04-02,44.777955618590035,45.247577060425314,44.72577577434036,45.113399505615234,12697800
2015-04-06,44.666126228529635,45.284833966992366,44.464862802144324,45.076114654541016,12025200
2015-04-07,45.583013747815286,45.84391292785577,45.35938262939453,45.35938262939453,11505500
2015-04-08,45.51591688440305,45.88863155735351,45.42646331551208,45.508460998535156,11734000
2015-04-09,45.672462005602696,45.903546155064696,45.3444740765878,45.82154846191406,11728500
2015-04-10,45.732105589384446,46.05264055024612,45.62029285366256,45.99300765991211,9869700
2015-04-13,45.94828292633124,46.41790439953507,45.84392323086115,46.26881790161133,15468700
2015-04-14,46.93224659173072,47.416776965637176,46.768254014565095,46.99188232421875,33775400
2015-04-15,47.02168812296159,48.06529042496945,46.96950544863245,47.86402130126953,28732200
2015-04-16,47.767119406933226,47.908747131851044,47.45403756656909,47.565853118896484,16640500
2015-04-17,47.14841466973275,47.26023022930953,46.58188951539365,46.84278869628906,20221200
2015-04-20,47.126063203277404,47.34969152870712,47.06642746658231,47.14097213745117,12755300
2015-04-21,47.2080503557722,47.40931381311065,46.313534410629245,46.44771194458008,14985100
2015-04-22,46.70116309885395,47.073877879072775,46.23899472399917,46.917335510253906,14484700
2015-04-23,46.805508536212,47.11858749138211,46.66387514294122,46.81296157836914,12851300
2015-04-24,46.68624802674037,46.842787531384744,46.470072800181356,46.663883209228516,9597500
2015-04-27,46.73842492986128,47.07386873562049,46.447707912732476,46.470069885253906,11146400
2015-04-28,46.58189767059668,46.798070096789644,46.04518744040549,46.78316116333008,12307800
2015-04-29,46.63406496113816,47.62548459878984,46.559520313909154,47.40930938720703,17601200
2015-04-30,47.39441241840287,47.6180407159332,46.902426182812846,47.1558723449707,16840900
2015-05-01,47.483855883686424,47.61057752352958,47.208047787166656,47.41676712036133,11640100
2015-05-04,47.4689467344928,48.35600958364983,47.43912887457762,48.24419403076172,14972500
2015-05-05,48.087666353267636,48.69146252525291,47.923670927005794,48.00566864013672,17692400
2015-05-06,48.10256246523314,48.50509505878358,47.27513530413093,47.647850036621094,18087900
2015-05-07,47.461492378264666,48.15474200391665,47.148413369821945,48.0802001953125,15039900
2015-05-08,48.430551648219264,48.937443895131004,48.15474070791388,48.818172454833984,16802600
2015-05-11,48.646717637405075,48.929978723597266,48.51254013611946,48.78834533691406,13798800
2015-05-12,48.68398633049668,48.85543757385153,48.27400362302303,48.72126007080078,12762200
2015-05-13,48.765992403939634,48.922531903249634,48.497637351643846,48.84053421020508,11874100
2015-05-14,49.07162319855028,49.33252237467692,48.98216961508878,49.235618591308594,11855500
2015-05-15,49.29524406834826,49.31761172752703,48.78090165073605,49.10888671875,11152100
2015-05-18,49.04925859841155,49.60087478228548,49.04925859841155,49.51142120361328,10510900
2015-05-19,49.7723105293798,50.085395149270695,49.62322694823105,49.95121765136719,14282700
2015-05-20,49.90650324972684,49.96613897524601,49.496520432928094,49.556156158447266,12446000
2015-05-21,49.302698384041676,49.70523092881091,49.205794612720766,49.68286895751953,12934500
2015-05-22,49.667960360833504,49.8170496575997,49.43687905981484,49.5486946105957,9296900
2015-05-26,49.34742114768354,49.41451274712962,48.68398947507334,48.997074127197266,15571300
2015-05-27,49.16106812617875,49.6828721340977,49.06416434866209,49.5486946105957,10963700
2015-05-28,49.46671410580558,49.49653197551869,49.004545656018024,49.347442626953125,11797400
2015-05-29,49.33251660899663,49.36233446666553,48.72126474472119,49.03434371948242,14310700
2015-06-01,49.1908849280861,49.690326952547515,49.17597884231749,49.25797653198242,11899300
2015-06-02,49.07162528371084,49.489063983251356,48.885267908962284,49.213253021240234,12784200
2015-06-03,49.518886512557394,50.0406849361597,49.399615051633276,49.720149993896484,12927300
2015-06-04,49.429416536843306,49.98103833005536,49.205791152480444,49.44432830810547,13863300
2015-06-05,50.21958313680454,50.56993019440036,49.95122808494479,50.25685119628906,20801100
2015-06-08,50.28667668938636,50.35376830612302,49.80214634513671,49.86178207397461,14558700
2015-06-09,49.90650585529534,50.14504308265001,49.54870285785138,50.07795715332031,13263500
2015-06-10,50.38357641394451,51.06191997854024,50.294128515088396,50.883018493652344,17478900
2015-06-11,50.95755843175026,51.196095631890046,50.80101892733122,51.07682418823242,13739900
2015-06-12,50.92027325415131,51.091724494131,50.59228823206391,50.87554931640625,11804700
2015-06-15,50.37612810668588,50.84574665485319,50.167408751944855,50.6817512512207,14082300
2015-06-16,50.517753175247776,51.07682528323367,50.40594330339106,50.96501541137695,11692800
2015-06-17,50.99482532570562,51.19608875085763,50.719014414699444,50.793556213378906,14521900
2015-06-18,50.9501064067472,51.3004591900789,50.61466539859075,51.2706413269043,16759600
2015-06-19,51.03210532286287,51.188644842872066,50.62957269119235,50.748844146728516,21606400
2015-06-22,51.33772594151634,51.65080493140099,51.24827236418854,51.40481185913086,14306700
2015-06-23,51.695544201294446,52.045897040719346,51.57627841667689,51.993717193603516,15736900
2015-06-24,51.81480371727631,52.00861128345753,51.367547175601636,51.44953918457031,16995000
2015-06-25,51.67316141909747,51.7849769570948,51.16626924239414,51.17372512817383,13314300
2015-06-26,51.38991155513687,51.650810742728325,51.263184217870375,51.397361755371094,14489200
2015-06-29,50.45067368734269,50.8830242042555,50.06305281205363,50.092864990234375,19934400
2015-06-30,50.60720346096799,50.77119884523488,50.06304316281898,50.51029968261719,20677400
2015-07-01,51.11054211587073,51.31312100959049,50.8554366198516,51.07302474975586,13964400
2015-07-02,50.98297680931306,51.11803128755588,50.41275187837251,50.66034698486328,12822900
2015-07-06,50.1801564919419,50.61533268576941,49.925056758947115,50.51779556274414,13527100
2015-07-07,50.33773778780981,50.43528067138953,48.99470279604301,50.120155334472656,22421500
2015-07-08,49.51989571878213,49.63994669851364,48.92715688613582,49.09222412109375,17707200
2015-07-09,49.88754859469784,50.045111233712156,49.51239781865998,49.60243606567383,14984700
2015-07-10,50.43526242262611,50.570316907345415,50.142645326458535,50.30771255493164,12356100
2015-07-13,50.93796613574542,51.12554150249197,50.780403514599826,51.0880241394043,16175600
2015-07-14,51.00548656588445,51.84582038587001,50.84041935857448,51.800804138183594,20185100
2015-07-15,51.94336570765089,52.093423690017254,51.65824752707166,51.913352966308594,16891600
2015-07-16,52.243488432873576,52.48358467033611,52.07842692064908,52.19096755981445,18035700
2015-07-17,52.03340172497824,52.13844346460491,51.71077188916903,51.92835998535156,14040700
2015-07-20,52.14594826949012,52.34852713254446,51.9058520460001,51.965877532958984,11512900
2015-07-21,51.89086244355969,52.175974996508344,51.673274288277675,51.84584045410156,11659900
2015-07-22,51.98088371499026,52.73868978485666,51.92085822494533,52.58112716674805,15493000
2015-07-23,52.663656058183676,52.97878126612005,52.11593352828402,52.2509880065918,14331800
2015-07-24,52.1009441433413,52.19097667038988,51.53071333319731,51.703285217285156,12413900
2015-07-27,51.13304926120759,51.18557013814927,50.697873009778625,51.02800750732422,16801600
2015-07-28,51.43319152506223,51.47070318106967,50.84795130299089,51.058040618896484,14932400
2015-07-29,51.26059533743399,51.84582955827458,51.14055008091723,51.72578430175781,13059200
2015-07-30,51.71827053452861,52.1084247046155,51.42565347587723,51.800804138183594,10197200
2015-07-31,51.77830287239345,51.80081099921787,51.32061854581167,51.418155670166016,11911800
2015-08-03,51.46317192381485,51.65074727981245,51.0204968313464,51.418155670166016,9980600
2015-08-04,51.37315861155991,51.733300224004914,51.25310759117976,51.36565399169922,10964000
2015-08-05,51.80831828496912,52.08592616256423,51.440666446746924,51.56822204589844,11302900
2015-08-06,51.583219535184874,51.72577862823621,51.02049350389194,51.20806884765625,10803400
2015-08-07,51.268124210453536,51.5757449768482,50.68288971273075,51.058040618896484,11453300
2015-08-10,51.1855699309626,51.77830881081735,51.1855699309626,51.688270568847656,12661400
2015-08-11,51.19306564331055,51.32061550398596,50.90794745551228,51.19306564331055,14800300
2015-08-12,50.57782338848932,50.6828651333263,49.57241647089084,50.45026779174805,21069000
2015-08-13,50.45777621625871,50.87044433378815,50.24769271073325,50.68286895751953,11930600
2015-08-14,50.585319004540914,50.95297081199971,50.57031549525574,50.93796157836914,11248800
2015-08-17,50.73539135210748,51.20057463559223,50.57032410015622,51.07302474975586,10326500
2015-08-18,51.005500108814694,51.290612627106185,50.900452629079574,51.17806625366211,10617500
2015-08-19,50.96799123779995,51.2531038036116,50.540319526908824,50.72039031982422,15198200
2015-08-20,50.12764269166014,50.30021455987699,49.47488403320313,49.474884033203125,20972300
2015-08-21,48.837117140214794,49.09972721916532,47.69666148978246,47.71916961669922,28235500
2015-08-24,44.48537307798512,47.208965245244976,37.56759288319612,45.20566177368164,36339100
2015-08-25,47.344038283984084,47.50910558140666,44.81552224109427,44.95057678222656,31772500
2015-08-26,46.36863051274582,47.25398648088653,45.43075367040803,47.20146560668945,33576800
2015-08-27,48.00428671817299,48.56701567125283,47.37403338187032,48.37944030761719,29045700
2015-08-28,48.236906665129126,48.36445660589569,47.71919655638987,48.11685562133789,16687300
2015-08-31,47.72668366488823,48.28190522781765,47.621641902289326,48.094329833984375,14223400
2015-09-01,47.156449933361564,47.156449933361564,45.76089149422174,46.10602951049805,23637300
2015-09-02,46.98388367733993,47.201471820327285,46.17355946721833,46.94636917114258,17757900
2015-09-03,47.17895719810432,47.7641914283512,46.85632733728285,47.02889633178711,17065400
2015-09-04,46.368625459208474,46.458660824851854,45.58080956994033,46.14353561401367,20189000
2015-09-08,47.096428569200754,47.41905846421043,46.76629691805811,47.38904571533203,13385100
2015-09-09,47.97427301825326,48.27439187679337,46.51868925579293,46.653743743896484,13889500
2015-09-10,46.41366378187388,47.26900726491015,46.10604019828761,47.0139045715332,15751100
2015-09-11,46.803807350894715,47.013890850418655,46.51119023022265,46.93886184692383,12766700
2015-09-14,46.99888725755929,47.036401761525916,46.60873011952533,46.803810119628906,10202800
2015-09-15,47.08890530852319,47.93674652455381,46.90132999555363,47.70415496826172,14023500
2015-09-16,47.93676467338754,48.23688643263364,47.426559399973115,48.12434005737305,12235900
2015-09-17,48.12433333274342,48.49948404829293,46.81130582832013,47.006385803222656,21249200
2015-09-18,46.39114803781402,46.39114803781402,45.60332908954112,45.7233772277832,31008000
2015-09-21,46.15855038853256,46.45116752677435,45.82841874629086,46.10602951049805,13136400
2015-09-22,45.46827219137376,45.835921205428974,45.33321768516353,45.70086669921875,14811900
2015-09-23,45.61832768931405,45.88093491470351,45.258183335971516,45.4982795715332,11712200
2015-09-24,45.025593378580766,45.303207004351904,44.61292811114096,45.18315887451172,17293400
2015-09-25,45.97097184698391,46.413649832975295,45.67085011126423,46.12103271484375,18384300
2015-09-28,45.708372382794686,45.77589964170213,44.785501752508544,45.003089904785156,17452200
2015-09-29,45.003097815444086,45.11564422079777,44.065220644743334,44.89805603027344,19334900
2015-09-30,45.54330598846629,45.76839588761002,45.100627946541806,45.745887756347656,18743800
2015-10-01,45.85843288956145,46.421159088321716,45.423259450850374,46.08352279663086,16863200
2015-10-02,45.033074035437224,45.992832795179844,44.23201479397309,45.955047607421875,20435100
2015-10-05,46.27999654220389,47.03571168383944,46.26488189343224,46.86945343017578,13471100
2015-10-06,46.93747194093339,47.12640074257436,46.56717022127422,46.892127990722656,12134800
2015-10-07,47.26999765576821,47.6327407015401,46.67298179836582,46.952598571777344,12773100
2015-10-08,46.74099629962464,47.04328361251395,46.423597215633784,46.952598571777344,13964600
2015-10-09,47.149077168606915,47.26999150145512,46.53694961979889,46.801448822021484,12112000
2015-10-12,46.733434816251126,46.86190503500411,46.4009211181624,46.64274978637695,10857400
2015-10-13,46.39335646370659,46.975257523641616,46.33290074573691,46.5142707824707,15621900
2015-10-14,45.91725971667979,46.075962118404895,44.99528902390915,45.33536148071289,28989400
2015-10-15,45.69811050669535,46.82412482220305,45.418493737061524,46.77122497558594,18147900
2015-10-16,47.17930603027344,47.34556431744064,46.92236271502642,47.17930603027344,17456600
2015-10-19,46.854356308167695,47.43625753083723,46.7863418046654,47.02061462402344,14510400
2015-10-20,47.12640013694167,47.47402843561566,46.914800804327015,47.247314453125,11545100
2015-10-21,47.519371120302786,47.579826835372806,46.89212613985672,46.89968490600586,12113400
2015-10-22,47.171741978812605,48.04837438907635,47.171741978812605,47.75364303588867,15295700
2015-10-23,48.08616610285815,48.509367715334534,47.987922305121195,48.26753616333008,16985200
2015-10-26,48.244859144044526,48.358217578726894,47.91990137296813,48.29020309448242,13880200
2015-10-27,48.01058653308818,48.25997393699746,47.84433114664008,48.09371566772461,8831900
2015-10-28,48.13906826571813,49.680725385381166,48.1315094978526,49.49935531616211,17962000
2015-10-29,49.31798903483142,49.74874658584277,49.03081349038986,49.28020095825195,12753700
2015-10-30,49.348213798063895,49.37843733776274,48.4640224721357,48.554710388183594,15731400
2015-11-02,48.70584277431158,49.68827484945798,48.66050170690926,49.52957534790039,15253300
2015-11-03,49.34064250803568,49.952769930466935,49.24995461500368,49.710941314697266,11519500
2015-11-04,49.884764556865086,49.99056422910724,49.597589075936625,49.76384735107422,11388400
2015-11-05,49.71851212460112,50.383539537655174,49.68828281960088,50.2097282409668,12715900
2015-11-06,51.668266911580744,52.16703610580313,51.46422051321379,51.73627853393555,23262700
2015-11-09,51.91763947719099,51.93275701215118,50.693384365326644,50.92765426635742,17143800
2015-11-10,50.77650597708922,51.275275009419964,50.58001841131074,51.14680480957031,13239700
2015-11-11,51.46420153434286,51.517101365216504,50.821844797834636,50.89741516113281,8513900
2015-11-12,50.52712045035812,50.55734975126336,49.83941682747558,49.87720489501953,13576900
2015-11-13,49.75628852268909,50.00567593508667,49.29530753171892,49.5446891784668,11837000
2015-11-16,49.46912702436581,50.31553030748849,49.24996887697733,50.262630462646484,11041100
2015-11-17,50.38354323678207,50.43644308300376,49.79408616012586,49.97545623779297,12354800
2015-11-18,50.239964264357965,51.048579542883466,50.15683510590338,50.97300338745117,12911400
2015-11-19,51.07124000224706,51.25261005505117,50.66315305920029,51.13169860839844,12839500
2015-11-20,51.381077547306454,51.47176545172992,50.920090789707515,51.04100799560547,11209600
2015-11-23,50.86718261454936,51.07122892463908,50.466654525560585,50.5422248840332,11339000
2015-11-24,50.00567659786587,50.738721311244454,49.90743569121763,50.4666633605957,10910000
2015-11-25,50.580026153564795,50.723613908110586,50.29285641012349,50.52712631225586,7772000
2015-11-27,50.63293189564051,50.8823193618678,50.36087388987455,50.76140213012695,4052500
2015-11-30,50.844529912641114,51.02589998970412,50.3911018371582,50.3911018371582,15147500
2015-12-01,50.889875262607305,51.26017998166296,50.6253760101756,51.09392166137695,12708800
2015-12-02,51.260169700825685,51.29795200608036,50.23995520854742,50.37598419189453,13440900
2015-12-03,50.504467885034494,50.65560867768533,49.55982351683761,49.72608184814453,14626900
2015-12-04,49.9527766758426,51.38863679833788,49.89987683917618,51.30550765991211,17786000
2015-12-07,51.13168641546421,51.199698006928855,50.179483775418674,50.632911682128906,11686000
2015-12-08,50.06613917989097,50.6026963569597,49.650493454024236,49.846981048583984,13084500
2015-12-09,49.582489937617574,50.31553482890815,49.15173237215266,49.46913146972656,16770200
2015-12-10,49.529585354434644,50.255071407690146,49.18195698093622,49.58248519897461,12839000
2015-12-11,48.9703606972786,49.24241870514744,47.99548424719823,48.41868591308594,17889300
2015-12-14,48.53959686544535,48.94012505697114,48.063492530450326,48.569820404052734,17638200
2015-12-15,49.174395817370616,50.368427410990456,49.174395817370616,49.952781677246094,18126600
2015-12-16,50.56491508426773,51.192154421143556,49.809199760448344,51.03345489501953,21720000
2015-12-17,51.31307866423475,51.38864905383075,49.93767681724356,50.08881759643555,18122100
2015-12-18,49.85454857346225,49.85454857346225,48.66807556152344,48.66807556152344,23819600
2015-12-21,49.13660021158204,49.54468711515134,48.99301824292486,49.52957534790039,18869300
2015-12-22,49.816757501241696,49.877216116654466,49.10638894991984,49.6353874206543,12149500
2015-12-23,49.96788826240577,50.519557098317776,49.91498843203545,50.42887496948242,12524500
2015-12-24,50.34575260473706,50.549793187677864,50.11903572089184,50.33063507080078,4468200
2015-12-28,50.09635989190173,50.21727132236577,49.6580437044649,50.164371490478516,6610600
2015-12-29,50.51200829061678,50.859642405184,50.43643791313921,50.68582534790039,9820800
2015-12-30,50.66314581284603,50.67070457894633,50.217270863315676,50.32307052612305,7190700
2015-12-31,50.0208081407669,50.4666774946396,49.87722035836317,49.8998908996582,14654300
2016-01-04,48.6521833973738,48.73586727871001,47.93704390358697,48.401123046875,25393200
2016-01-05,48.46200251417852,48.78913737686413,47.95988455685423,48.484825134277344,16566700
2016-01-06,47.716414671198024,48.02833626484408,47.42731568859629,47.78488540649414,22961500
2016-01-07,46.75783379600223,47.16865829053587,45.70795284619013,45.852500915527344,27630900
2016-01-08,46.506787956247145,46.61329739211529,44.77219617928272,44.8254508972168,22373300
2016-01-11,44.75697708129883,45.05368272809351,44.15595631349396,44.75697708129883,20925500
2016-01-12,45.228662799854256,45.312349603042165,44.20160144549914,44.85587692260742,22971600
2016-01-13,45.2362646456788,45.4036382345677,43.296263937470364,43.6234016418457,28808100
2016-01-14,44.247239728281684,45.175398026474134,43.58535782657175,44.277671813964844,31296300
2016-01-15,42.94632023025662,43.798398744626574,42.77134000244095,43.39518356323242,38131700
2016-01-19,43.92011874176129,44.10270842303735,42.99196009109003,43.372352600097656,22818900
2016-01-20,42.32247458235248,42.740905793639115,41.584512130081585,42.231178283691406,34646100
2016-01-21,42.40616074469276,42.99957216592538,41.88882666899495,42.03337478637695,31301100
2016-01-22,42.93870018043198,43.48646625586711,42.83219075513385,43.32670211791992,22732200
2016-01-25,42.96912296563355,43.25061251468039,42.29963156315124,42.345279693603516,21114400
2016-01-26,42.48983401120345,43.47885666818422,42.45940482191731,43.425601959228516,17535700
2016-01-27,43.42561566428686,44.330948904419635,43.03000705707387,43.39518356323242,20560000
2016-01-28,43.760329291316665,44.10268293197829,43.08323148098746,43.57773971557617,15497900
2016-01-29,43.996191377272176,45.29713283660685,43.752737543612675,45.266700744628906,26992200
2016-02-01,45.00802764008081,45.38081346065218,44.460261667702845,44.77979278564453,16807900
2016-02-02,44.03423070260246,44.11030803152604,43.174542955378406,43.3875617980957,22448200
2016-02-03,43.64622272745849,43.97336042036416,41.858379626180835,43.67665481567383,31543200
2016-02-04,43.410380733868024,44.521125819789525,43.410380733868024,44.429832458496094,21651300
2016-02-05,44.566778448787296,44.99281611259083,43.684265225962434,43.935325622558594,22001300
2016-02-08,43.12889412877213,43.30387430423651,42.25399325145026,43.01477813720703,28267600
2016-02-09,42.0638045211675,43.128901809612074,41.942079033854846,42.75611877441406,26300000
2016-02-10,43.037608483090814,43.67666801796512,42.20074611935365,42.23878479003906,22389600
2016-02-11,41.006296288331704,41.01390285834228,39.94119655272699,40.37484359741211,44334700
2016-02-12,42.337681583466946,43.798387223876404,41.972502271200455,43.737525939941406,37011400
2016-02-16,44.30049893319127,44.5819884989838,43.8516357812803,44.39179229736328,23730700
2016-02-17,44.77219169872472,45.07650682974903,44.42223132956168,44.71133041381836,21580100
2016-02-18,44.76457585755552,44.77979190117255,43.55492796055573,43.9809684753418,17037800
2016-02-19,43.74512408850045,44.25484848918881,43.425595879501216,43.98857498168945,15658200
2016-02-22,44.51351782134914,44.79501028975459,44.445047072569935,44.559165954589844,14882800
2016-02-23,44.04945067733653,44.19399877604838,42.573525986411575,42.69525146484375,31772500
2016-02-24,41.99532395451148,42.76371536973002,41.33344195306938,42.7104606628418,25560100
2016-02-25,42.702863873802684,43.3875686487177,42.634393106094734,43.372352600097656,14473300
2016-02-26,43.851658719440955,44.20922869421953,43.471266117222115,43.77558135986328,20947500
2016-02-29,43.676663213566904,43.82882078173587,42.82458489485061,42.832191467285156,19554100
2016-03-01,43.182146705591784,45.0384635925293,43.11367595316927,45.0384635925293,23958100
2016-03-02,45.038455219461504,45.57100509461242,44.85586561289195,45.46449279785156,20943100
2016-03-03,45.32756111411018,45.61665725708008,44.96238184543408,45.61665725708008,15790600
2016-03-04,45.723169736240045,46.06552350974601,45.289522590520484,45.68513107299805,18459000
2016-03-07,45.29713582571349,45.68513486646175,45.12976221095405,45.60144805908203,12832400
2016-03-08,45.04607466977721,45.266702994336235,44.64285958860423,44.718936920166016,14132900
2016-03-09,45.00043706682067,45.297142773282815,44.64286716305108,44.97761154174805,13238800
2016-03-10,45.33516839884147,45.396029676469425,43.98097232227623,44.589599609375,21139200
2016-03-11,45.18301241748912,45.274305788177045,44.62003324572233,45.14497375488281,21055000
2016-03-14,45.00043706682067,45.122162559270905,44.58200296574363,44.97761154174805,13436100
2016-03-15,44.53634570881883,45.04607016405896,44.4526589111731,45.0384635925293,10910500
2016-03-16,44.87109904208791,45.456903841527165,44.48309996825904,44.8254508972168,17423900
2016-03-17,44.711329632927665,44.9852126656333,44.117918330174874,44.69611358642578,19405700
2016-03-18,45.6851379190022,46.38506161662861,45.38843223822312,46.01227569580078,29570200
2016-03-21,45.81447209971382,46.270941923614146,45.616666381103144,45.9970588684082,12684400
2016-03-22,45.639485180848865,46.08834836583522,45.35799269215028,45.829681396484375,12042700
2016-03-23,45.90576319461479,46.035095240809476,45.54058677327401,45.60144805908203,11658700
2016-03-24,45.11453480155812,45.27429890150125,44.787397129009726,45.2514762878418,12921200
2016-03-28,45.2895127154006,45.456886279767325,45.02323922860202,45.19061279296875,11159700
2016-03-29,45.13737938217722,45.13737938217722,44.5287490073305,44.909141540527344,15933400
2016-03-30,45.236267862516584,45.822072563121665,45.17540658178778,45.42646408081055,13307100
2016-03-31,45.22866441929364,45.59384083541835,44.96999742843478,45.05368423461914,14904700
2016-04-01,44.90151378594034,45.692730578277704,44.55155351700151,45.548179626464844,15417500
2016-04-04,45.55585629198605,45.65549138811139,45.187976233581885,45.371917724609375,12305000
2016-04-05,44.904413692222015,45.088355228809036,44.61317414414738,44.7281379699707,12886600
2016-04-06,44.59016947191716,45.126662295674755,44.4138938013605,45.07301330566406,12167900
2016-04-07,44.65148071949625,44.78177321028898,43.73944497854972,43.93104934692383,19226800
2016-04-08,44.22993899651107,44.89672411206436,44.214610300603546,44.252933502197266,13547700
2016-04-11,44.38323748999085,45.12666340360655,44.38323748999085,44.605499267578125,17627800
2016-04-12,44.71279991045817,45.51753775190535,44.60550192141867,45.433231353759766,17779200
2016-04-13,46.35292571021759,47.6405072235834,46.27628513685196,47.35693359375,37516800
2016-04-14,47.28028922833326,48.215319409202635,47.21897735549697,47.97006607055664,24249900
2016-04-15,48.19233049133815,48.207659191308764,47.09635329446926,47.41824722290039,19290700
2016-04-18,47.24197155241941,47.96240583268931,47.15766516441756,47.724815368652344,13813100
2016-04-19,47.939410675302,48.65217913416335,47.939410675302,48.5295524597168,19255600
2016-04-20,48.652196367358165,49.28832155273205,48.399280040823264,49.23467254638672,14594400
2016-04-21,49.24999042827206,49.556558599232694,48.544884804522916,48.7441520690918,15395800
2016-04-22,48.77480985285319,49.34195717282547,48.77480985285319,49.02772903442383,12444700
2016-04-25,48.7441520690918,49.012399949595036,48.399266531324535,48.7441520690918,10687200
2016-04-26,48.90510103242936,49.10436829319086,48.5372209884961,48.9970703125,12048000
2016-04-27,48.943420654750085,49.54122535253348,48.744150473055186,49.13502502441406,15284100
2016-04-28,48.774809470918015,49.372614188275406,48.5525476931541,48.7441520690918,12852500
2016-04-29,48.353269919072474,48.75180728523947,48.05436762535975,48.43757629394531,16376400
2016-05-02,48.81311939013675,49.050709818333345,48.39159043736547,48.88976287841797,10247300
2016-05-03,48.20765309468397,48.215315981874895,47.364592244822205,47.94707107543945,19120300
2016-05-04,47.326279354798814,47.71715098290179,46.958399315510526,47.188323974609375,17030200
2016-05-05,47.21131739332077,47.5178855664355,46.79745416036189,46.93540954589844,14033900
2016-05-06,46.52154118369954,47.27262995620561,46.43723479390742,47.2113151550293,11057900
2016-05-09,47.035037409369004,47.43357482845792,46.78978406279897,46.912410736083984,11197100
2016-05-10,47.17298859515555,47.71714422682992,47.01970453624229,47.54853439331055,11897200
2016-05-11,47.49489154028565,47.97773244124351,47.37226486206055,47.37226486206055,11254000
2016-05-12,47.72481870992542,47.94708048955464,47.03504178130053,47.341609954833984,11071700
2016-05-13,47.28795956775929,47.82445239378797,46.766795442320074,46.90475082397461,15122300
2016-05-16,46.91240909567414,47.510216665228945,46.751462140799944,47.25729751586914,10951300
2016-05-17,47.08102186191401,47.64050622194127,46.866425922081746,47.25729751586914,12180900
2016-05-18,47.28796181372982,49.181011109855184,47.280296001245645,49.08137893676758,24007100
2016-05-19,48.69050416188795,49.21933412238769,48.20766322880231,48.58320617675781,16076200
2016-05-20,48.94342643121148,49.19634563237059,48.56788053594066,48.67517852783203,11862000
2016-05-23,48.62918937606017,48.95108331222494,48.406927606622226,48.6368522644043,9347500
2016-05-24,49.00472833390594,49.64085326638734,48.90509617524586,49.46458053588867,13839400
2016-05-25,49.771153837574566,50.73683566813522,49.755822213234694,50.21567153930664,18935200
2016-05-26,50.254003703053876,50.26166951658909,49.748171108476775,49.84013748168945,9428400
2016-05-27,49.97807000251026,50.16967432203252,49.85544627861191,50.14668273925781,10116000
2016-05-31,50.376616432384836,50.44559118915787,49.78647178147983,50.0240592956543,15139400
2016-06-01,49.63319408520085,50.52223525769316,49.24998537266258,50.34596252441406,14031000
2016-06-02,50.215673094089844,50.43793487548828,49.93976816774522,50.43793487548828,10637600
2016-06-03,49.24231929228867,49.709834386816645,48.70582651293442,49.541221618652344,20261700
2016-06-06,49.541220169915526,50.399609761240555,49.510562772300275,50.0317268371582,13193500
2016-06-07,50.16201187935895,50.38427360660107,49.84778381484436,49.86310958862305,9924100
2016-06-08,49.76348991310438,50.18502188891964,49.75582410064365,50.00874328613281,9428000
2016-06-09,49.656176191653955,49.74048256010004,49.25763593221795,49.625518798828125,10817800
2016-06-10,48.99706300783064,49.10436097252511,48.72881809609446,48.92808532714844,16678400
2016-06-13,48.65218079319849,49.311297363542906,48.48356801371585,48.491233825683594,14314900
2016-06-14,48.039053935831994,48.64452452303046,47.27263635922159,47.57920455932617,19509300
2016-06-15,47.83211475868635,48.26897248792698,47.448906019096285,47.49489212036133,16982100
2016-06-16,47.09635492178702,47.747808612969514,46.67482589080712,47.68649673461914,16791200
2016-06-17,47.74780016385226,48.06203115937686,47.46422656390327,47.73247146606445,15751500
2016-06-20,48.62920035884538,48.93576566390828,47.7784763016322,47.80146789550781,12213200
2016-06-21,48.07737033501659,48.284303414775145,47.62518388450361,48.2459831237793,11611600
2016-06-22,48.245983728524976,48.828459760455125,48.03905064617258,48.062042236328125,12643500
2016-06-23,48.82079858124294,49.165687063907676,48.69050607728029,49.089046478271484,16583600
2016-06-24,46.35292640658854,47.28795661867886,45.47921099303223,45.6784782409668,44108700
2016-06-27,44.9963746519497,45.02703205630257,43.72412160781553,44.153316497802734,37300700
2016-06-28,45.36425684370698,45.64016764841699,44.65148823942317,45.6171760559082,29088700
2016-06-29,46.260960017470325,46.912413712444,45.98504925416125,46.90475082397461,21483000
2016-06-30,47.234303899085305,47.66349576030446,46.76678882998562,47.62517547607422,21343600
2016-07-01,47.62518547563944,47.895518629831095,47.238993571702565,47.31623077392578,14217800
2016-07-05,46.69060332426953,46.806459131448015,45.64788338120019,45.99545669555664,23357700
2016-07-06,45.57836355532952,46.567016753774716,45.38526761882829,46.489776611328125,20429800
2016-07-07,46.744656289043974,47.223533300797364,46.46659771886148,46.79100036621094,13771400
2016-07-08,47.37029314020297,48.01909261149905,47.37029314020297,47.75648498535156,16998800
2016-07-11,48.212199806928346,48.62156526206142,47.99593326592942,48.096343994140625,13151400
2016-07-12,48.68334852970948,49.09271393514785,48.5752152723368,48.81465530395508,16588100
2016-07-13,48.72196708985304,48.992300216717844,48.38211636304002,48.783756256103516,18526900
2016-07-14,50.004115944295464,50.1894922634714,49.471175231918565,49.52524185180664,28985900
2016-07-15,50.01185663240809,50.05047818384739,49.131339473548934,49.571598052978516,17607100
2016-07-18,49.53297238404856,49.74151931597082,49.355327404966104,49.401668548583984,10824400
2016-07-19,49.13132881399282,49.50979518613584,49.01547007763309,49.324424743652344,9737400
2016-07-20,49.51751975047467,49.61020791639909,49.20856509021328,49.37849044799805,10411100
2016-07-21,49.432551401234946,49.57158068776369,49.14677028844126,49.193111419677734,9808700
2016-07-22,49.35532194849433,49.50207085133409,49.123604470380634,49.46345520019531,8195700
2016-07-25,49.4171121899165,49.563864042357665,49.18539765317407,49.332149505615234,8168300
2016-07-26,49.41711462758569,49.633384092769035,49.208570650307294,49.5329704284668,8067800
2016-07-27,49.49434306265749,49.9654975354175,49.4788920905038,49.68743896484375,11806800
2016-07-28,49.432551330293876,49.57930610275787,49.21628486107493,49.509788513183594,10013400
2016-07-29,49.27808653060186,49.656555894244114,49.239467929351115,49.409393310546875,13210400
2016-08-01,49.548412216623774,49.67199053608463,49.13132433940667,49.278076171875,11422600
2016-08-02,49.11587592198436,49.440278583819186,48.95367606427184,49.1622200012207,13550000
2016-08-03,49.193113380439954,49.9500490003725,49.162220273854174,49.94232940673828,13122300
2016-08-04,49.81104565698456,50.06593380736529,49.6411202233974,49.8651123046875,9873000
2016-08-05,50.31307367615934,51.26310821867052,50.25900705294781,51.209041595458984,20752700
2016-08-08,51.031394859705976,51.35579462508816,50.853744001813574,51.0545654296875,11359200
2016-08-09,51.11637119569267,51.19360841386441,50.73790470167573,50.87693405151367,10097000
2016-08-10,50.9155402330084,51.031398985102506,50.32853276995449,50.42121505737305,11556100
2016-08-11,50.41348309120499,50.73788873394778,50.220387160133875,50.560237884521484,9604500
2016-08-12,50.18178092954318,50.47528467845141,50.096818232497405,50.45211410522461,7685400
2016-08-15,50.6374745841401,50.84602148764068,50.56023739102956,50.76105880737305,8371600
2016-08-16,50.48301609676501,50.94644529419823,50.390327900149586,50.75334930419922,10128900
2016-08-17,50.82284898394901,50.96187828338259,50.622027575251636,50.89236068725586,11868100
2016-08-18,50.683815696717176,50.9695938671424,50.61429810606008,50.938697814941406,9313600
2016-08-19,50.76106077764579,50.907815575226124,50.374868904283076,50.86919403076172,9084900
2016-08-22,50.784235355563396,50.884643129147506,50.52162768950306,50.82285690307617,9055600
2016-08-23,51.03138096607065,51.2399219319481,50.791943951022674,50.79966354370117,8949600
2016-08-24,50.9695938671424,51.15497018034837,50.79966852644664,50.938697814941406,10167200
2016-08-25,50.907812815289056,51.0854577674256,50.81512464929172,51.03139114379883,9978700
2016-08-26,51.2322138101878,51.65702132255467,50.86146702995001,51.14725112915039,14038600
2016-08-29,51.35579426740086,51.82694882981173,51.33262369758072,51.711090087890625,14583100
2016-08-30,51.71108899102546,52.213139600154115,51.71108899102546,52.135902404785156,13791200
2016-08-31,52.105006348073516,52.344443421563376,51.64157728303948,52.135902404785156,14952300
2016-09-01,52.24403241908652,52.30582452868028,51.479374214528384,51.91190719604492,12226500
2016-09-02,52.0586621242585,52.19769142481143,51.734262387241635,52.128173828125,13720700
2016-09-06,52.135906419325266,52.1745279663938,51.52572251113097,52.08956527709961,16649400
2016-09-07,51.87329864501953,52.205418020685315,51.71881834989748,51.87329864501953,10070400
2016-09-08,51.919631861673054,52.27492764698719,51.74970650938807,51.94280242919922,12253000
2016-09-09,51.77286610227486,52.0818206870455,51.47163700264859,51.47936248779297,19686900
2016-09-12,51.08546317074231,51.98143119168984,50.79195945327017,51.79605484008789,16453000
2016-09-13,51.062277110661675,51.641564774849044,50.83828517337096,51.38667678833008,18876100
2016-09-14,51.18587934963447,51.94281817762953,51.139538200532066,51.286293029785156,12648600
2016-09-15,51.2013084648267,51.69563348691333,51.046828212412706,51.471641540527344,12531300
2016-09-16,51.04683981976182,51.17814953737652,50.544795090510746,50.83829879760742,25161500
2016-09-19,51.0931846018118,51.47165097717954,50.86146712711798,51.124080657958984,13466900
2016-09-20,51.556629844639765,51.633867062846356,51.162712371117514,51.332637786865234,10092200
2016-09-21,51.62613296508789,51.850124985514206,51.216770473309836,51.62613296508789,14116800
2016-09-22,51.74199057468456,52.074115853786104,51.62613182284524,52.05094528198242,12781700
2016-09-23,52.05093567286788,52.44485299927217,51.88873580736489,51.94280242919922,13967400
2016-09-26,51.44075029709415,51.595230563944064,50.622025507658336,50.807395935058594,16408100
2016-09-27,50.521609103511445,51.29399262705461,50.28989168932104,51.25537109375,13711400
2016-09-28,51.425291887665935,51.57204073711231,50.96958258460057,51.525699615478516,11278000
2016-09-29,51.51799248463433,51.91190983731212,50.47527562667094,50.706993103027344,18727200
2016-09-30,51.039110148793846,51.79604278343713,51.039110148793846,51.433021545410156,21680100
2016-10-03,51.247658300267254,51.687916782006354,51.178146594486385,51.37124252319336,14901700
2016-10-04,51.51127454276462,52.26593395791893,51.42569424193329,51.814693450927734,17226900
2016-10-05,52.04032232945076,52.95836085225722,51.97030530934262,52.662723541259766,16280000
2016-10-06,52.693853181679955,52.88057120280189,52.164813842118754,52.802772521972656,17485000
2016-10-07,52.740512185270575,53.043931086055544,52.4370932844856,52.989471435546875,18497000
2016-10-10,53.16841919223183,53.728579109888095,53.08284481071135,53.40182113647461,13027500
2016-10-11,53.29289836922384,53.54185765702603,52.849439452336895,53.145076751708984,15657100
2016-10-12,53.10617900370046,53.36291399630378,52.94280003180472,53.005035400390625,11899800
2016-10-13,52.48376436250546,52.80274651314213,51.98584592766535,52.701602935791016,17890000
2016-10-14,53.526303504175225,53.70523984968175,52.35930565977307,52.530460357666016,24163800
2016-10-17,52.452651611423526,52.74051316124298,51.92361245283933,52.25815200805664,14963400
2016-10-18,52.78720268359735,53.06728264840523,52.546025022213165,52.670501708984375,11870300
2016-10-19,52.756073359126844,53.29289419274139,52.756073359126844,53.17619323730469,12705800
2016-10-20,52.96614592814718,53.43294389939029,52.85722659937906,53.10618591308594,14122000
2016-10-21,52.75607508395659,53.31623493984115,52.670494776215484,53.28511428833008,12175700
2016-10-24,53.65855962176303,53.720800928788115,53.29289936256284,53.58076095581055,10197100
2016-10-25,53.58853771022487,53.62744001178698,53.19953843723517,53.526302337646484,9945100
2016-10-26,53.191764452548604,53.87640105840333,53.191764452548604,53.78303909301758,9801300
2016-10-27,54.06312284216838,54.28096150767619,53.75970385297415,53.86084747314453,14210700
2016-10-28,54.09424073915627,54.10980403484607,53.269564137341604,53.76748275756836,12766500
2016-10-31,54.01642501083842,54.13312594902847,53.860827717022545,53.8841667175293,14336300
2016-11-01,54.055338791766474,54.2887347820994,53.16063932301308,53.6585578918457,15564500
2016-11-02,53.409590990536685,53.565188295235124,52.91167249271363,53.43292999267578,12449800
2016-11-03,53.57297726210082,53.82971819202882,53.07505869623546,53.19953536987305,10369700
2016-11-04,53.28511390768884,53.33957356352985,52.623816390860284,52.71717834472656,13571300
2016-11-07,53.74412483951738,54.436542862628336,53.68188354997445,54.366519927978516,16515100
2016-11-08,54.22648967735252,54.887793109434504,53.86861110205973,54.48323059082031,17531700
2016-11-09,55.59576636319145,57.68858401173425,55.48684705927874,56.98838424682617,50948400
2016-11-10,57.74305396359475,60.10038864622692,57.74305396359475,59.63359069824219,56192300
2016-11-11,59.36129583266207,59.68805382163655,58.94895158677528,59.66471481323242,27574300
2016-11-14,60.10038340081379,62.58220048531926,60.10038340081379,61.85866165161133,46130700
2016-11-15,60.9717455673955,61.78086473275315,60.512723358433874,61.74196243286133,28126300
2016-11-16,60.85504148751635,60.95617915213607,59.81252044750145,60.21708297729492,26054900
2016-11-17,60.629422986967505,61.041761239844845,60.372682058914926,60.699440002441406,19306700
2016-11-18,60.65275154347825,61.010630077449456,60.33377530184028,60.458251953125,19770000
2016-11-21,60.68388365002732,60.816141971886225,60.13150542138931,60.72278594970703,11983500
2016-11-22,60.9561895667765,61.1195685616873,60.49717323854972,61.096229553222656,14410100
2016-11-23,61.36072888019538,61.648584456233415,60.598287924288485,61.35294723510742,13373700
2016-11-25,61.53968499051184,61.8119832997415,61.049548033898446,61.329627990722656,6185700
2016-11-28,60.82391913166283,61.360739962219476,60.69943653039752,60.932838439941406,13007200
2016-11-29,60.98730467058054,61.58636686636906,60.98730467058054,61.39964294433594,14144100
2016-11-30,62.17763554720161,62.65221508302483,62.00647493616279,62.372135162353516,25351900
2016-12-01,62.74555928726917,64.01369428252525,62.74555928726917,63.632476806640625,23823600
2016-12-02,63.64028344639878,63.663622453076954,62.940083567764496,63.48468017578125,16931500
2016-12-05,64.02926821228871,64.79948493644882,64.02148656660646,64.7761459350586,18529800
2016-12-06,65.0406795564923,65.20405854464587,64.1304226500689,65.11070251464844,16130000
2016-12-07,65.00176214897616,65.42187601929528,64.4571597624203,65.40631866455078,18996900
2016-12-08,65.53082542644677,66.51888104786576,65.30520511763115,66.2232437133789,20844900
2016-12-09,66.14543287824864,66.51887478698782,65.46079630382755,66.51109313964844,14567200
2016-12-12,66.40995197827007,66.74449156839634,65.5774938264197,65.91981506347656,14511300
2016-12-13,66.11431399809224,66.65112891755972,65.21183290458711,65.94315338134766,16669000
2016-12-14,65.25851159449716,67.00123249618899,65.16515557395981,65.91981506347656,22622600
2016-12-15,66.4410695436676,67.28908501432527,66.05207031441387,66.90786743164062,19438900
2016-12-16,67.13351090103251,67.13351090103251,66.04431149551783,66.08321380615234,23008500
2016-12-19,65.97427955321082,66.47219815140684,65.49969996185868,66.46441650390625,21685100
2016-12-20,66.74449605511236,67.32799496532479,66.55777806582859,67.3202133178711,14587300
2016-12-21,67.24241186749065,67.53804916625988,66.9312112744581,67.49137115478516,11400500
2016-12-22,67.25018385463197,67.81811936485336,67.07124161025325,67.60028076171875,13924200
2016-12-23,67.68585966927782,67.80256061445962,67.21906182420723,67.72476196289062,10759400
2016-12-27,67.72476719880383,67.81034750284307,67.49136529039554,67.78700256347656,6946400
2016-12-28,67.81035689535858,67.9892932390202,67.18017402963143,67.296875,9455600
2016-12-29,67.35910166941949,67.4291186750287,66.16098344296782,66.82228088378906,14689000
2016-12-30,66.98568512636764,67.23464446641306,66.64336974359199,67.13350677490234,13617800
2017-01-03,67.95038149725332,68.27714535602246,66.89230907036537,67.86480712890625,20550700
2017-01-04,68.02909418884398,68.20120186964483,67.59100625116943,67.98998260498047,15266600
2017-01-05,67.91175334077053,68.14644673813763,66.69918670370998,67.36414337158203,14300800
2017-01-06,67.58318276946152,67.76311515768997,67.2311486658197,67.37196350097656,12893300
2017-01-09,67.06686543381586,67.88045562443727,66.90257648633398,67.41889953613281,12806600
2017-01-10,67.33284178265497,67.98215492507245,67.05903683359344,67.61447143554688,13989000
2017-01-11,67.6144646864456,68.12296295166016,67.20766965537375,68.12296295166016,14713100
2017-01-12,67.87264430896927,68.27161474361324,67.2937354986013,67.4658432006836,21337400
2017-01-13,68.14642309825712,68.97566246922396,67.3562953009497,67.82567596435547,28296000
2017-01-17,66.44103447321551,66.6679031975365,65.15023254376942,65.36145782470703,30024600
2017-01-18,65.42401636620944,65.89340307463274,64.95463562628606,65.66653442382812,21270100
2017-01-19,65.76040151010041,66.2376069136595,65.02504060062364,65.16585540771484,16555600
2017-01-20,65.26755591088994,65.58047838313308,65.15803394087979,65.45530700683594,18436800
2017-01-23,65.16586915398155,65.71347909235085,65.09545875133367,65.48661041259766,12179200
2017-01-24,65.65088084326653,66.49576970251486,65.3692512235171,66.27672576904297,15175300
2017-01-25,67.15291228220399,67.41107380316389,66.6287705046191,67.30155181884766,17551000
2017-01-26,67.2389696987778,68.02127303893111,67.2389696987778,67.86481475830078,15962800
2017-01-27,67.79442642608022,68.04476331565289,67.48932255992698,68.00564575195312,12535400
2017-01-30,67.42672321149506,67.66923532412379,66.74611719310091,67.30155181884766,13661900
2017-01-31,66.96517225535679,67.39544152823615,65.78389240768016,66.20633697509766,15655100
2017-02-01,66.91820405705953,67.35629185804562,66.24542295211737,66.4566421508789,15430900
2017-02-02,65.97945013664071,66.42536869792615,65.83864128802408,66.1750259399414,11081400
2017-02-03,67.42673887704989,68.30291495514561,67.1764020020937,68.20121765136719,17885200
2017-02-06,67.89612731898013,68.41244456975241,67.75531243813268,67.88047790527344,11828400
2017-02-07,68.1699357107997,68.37333631942546,67.65361843475326,67.84136962890625,9392800
2017-02-08,67.41891099621309,67.52060829520245,66.78524711693017,67.2468032836914,13970900
2017-02-09,67.24679579014702,68.31855353691954,67.24679579014702,68.21685028076172,13749100
2017-02-10,68.43587952243878,68.43587952243878,67.97431757829779,68.06037139892578,10992500
2017-02-13,68.40460260351564,69.42159331452046,68.3967778993193,68.96003723144531,18739100
2017-02-14,69.07735943250991,70.172578891722,68.92871994797467,70.06305694580078,17932100
2017-02-15,70.4698727492504,71.08789298523368,69.89878879472164,70.86884307861328,17381800
2017-02-16,70.72020977711864,71.22088334270711,70.22735494613333,70.82190704345703,17672700
2017-02-17,70.2664492823281,70.77494738304941,70.16475204958293,70.58719635009766,15776600
2017-02-21,70.80625142524252,71.3069249047022,70.76713388495715,71.19740295410156,14068300
2017-02-22,70.81409721922735,71.4242988509673,70.73586807726099,71.23654174804688,11839000
2017-02-23,71.33039256443783,71.45555794921634,70.81406968491756,71.29127502441406,11067000
2017-02-24,70.54811960696235,70.82974930347726,70.19608547056929,70.66546630859375,15062300
2017-02-27,70.65762902668251,70.97837622281615,70.42293566519449,70.74368286132812,12361000
2017-02-28,70.28994191418793,71.04877697949462,70.08654140930682,70.89231872558594,15183500
2017-03-01,72.58992327867941,73.52086610733355,72.4491084471897,73.22358703613281,24451400
2017-03-02,73.4347926003075,73.47390417338505,71.99535182297943,72.08140563964844,16862500
2017-03-03,72.08140961545233,72.84024460329852,72.08140961545233,72.59773254394531,12817500
2017-03-06,72.16748619164223,72.22224718903676,71.2678361185882,71.9093246459961,15059200
2017-03-07,71.69028716762526,72.04232133020604,71.35389644779184,71.51036071777344,11156800
2017-03-08,72.503868618676,72.63685874455042,71.26782799719513,71.3538818359375,17378400
2017-03-09,71.65897381792908,72.08141827330059,71.3069397560361,71.63550567626953,13726200
2017-03-10,71.93278741843132,71.971904971577,70.82191814370148,71.40864562988281,13729900
2017-03-13,71.43209675061046,71.79978017595089,71.13482371045184,71.4712142944336,10004300
2017-03-14,71.20525194142888,71.69810689703728,71.00967609390206,71.58858489990234,10237700
2017-03-15,71.81544214217492,72.40216959115183,71.29129441836201,71.76068115234375,16601400
2017-03-16,71.99536726073572,72.60556284177747,71.63550848136495,71.69026947021484,14492000
2017-03-17,71.83891236498046,72.00319533923012,70.91579424645826,70.93926239013672,21734700
2017-03-20,70.61852965985064,71.32260395710024,70.24302734698529,70.43077850341797,14623600
2017-03-21,70.6889279429688,70.90797191596728,68.10732461891392,68.36548614501953,33089200
2017-03-22,67.97434004838594,68.89745827332143,67.28591522429042,68.47501373291016,21741000
2017-03-23,68.22467130973472,69.23384330119251,68.13079276337795,68.36548614501953,16090100
2017-03-24,68.67839830215335,68.91308567988459,67.88044569976786,68.28724670410156,16093200
2017-03-27,66.9103930170486,68.3733021776068,66.67570563367288,68.24813079833984,16689300
2017-03-28,68.07603207951104,69.64063871489718,68.04474519908389,69.31207275390625,16264400
2017-03-29,69.31205550600565,69.48416314803025,68.9052605081741,69.05389404296875,10207600
2017-03-30,68.99914723031601,69.98485103889207,68.9365675036845,69.6484603881836,11631000
2017-03-31,69.39813541844907,69.42160356600311,68.6471248542129,68.717529296875,16987600
2017-04-03,68.83487717076949,68.97569202698371,67.74747587997696,68.46719360351562,19831800
2017-04-04,68.36488924264712,68.97859082545993,68.23113500081222,68.69534301757812,14280800
2017-04-05,69.56870481091818,69.66312276869186,67.76693596893456,67.81414794921875,17635500
2017-04-06,67.64892109784415,68.38064376369043,67.07455569232827,68.04232025146484,14379600
2017-04-07,67.60955963416889,68.30193978745143,67.43646309515,67.80625915527344,13097100
2017-04-10,67.72759946857701,68.20754691437938,67.1925763815905,67.57023620605469,15081600
2017-04-11,67.30273112505995,67.49943071123228,66.72050203077244,67.45222473144531,14690500
2017-04-12,67.60956799382417,67.62530131622898,66.90144842973301,67.19256591796875,14730600
2017-04-13,67.2712152531481,68.44354235280156,66.4057388305664,66.4057388305664,30529800
2017-04-17,66.4372297085239,67.72757803895554,66.3821540847662,67.55448150634766,19071700
2017-04-18,67.16109564410499,67.37352851944368,66.67327859320217,67.00373840332031,14127000
2017-04-19,67.27122005546171,67.60167373085365,66.37427093494554,66.45294952392578,17588500
2017-04-20,66.8621254677888,67.49156053710793,66.52380194201662,67.31060028076172,15635800
2017-04-21,67.27124028667099,67.41286419054414,66.49231181676537,66.50017547607422,19820600
2017-04-24,68.09740022390682,69.27759775983036,67.99511259567124,68.84485626220703,25468300
2017-04-25,69.67097459998807,70.12731293877262,69.44280242919922,69.44280242919922,18253800
2017-04-26,69.51360805866027,70.06437030755109,69.34838118483088,69.57655334472656,12832200
2017-04-27,69.52938023777901,69.52938023777901,68.45933388017151,68.93141174316406,13329000
2017-04-28,68.92350122821986,69.12020072145268,68.41208134525611,68.45142364501953,10755600
2017-05-01,68.73468380337958,69.03366492605991,68.105242910292,68.49864196777344,15712300
2017-05-02,68.22328663141617,68.35704091499625,67.68039382973852,68.05805969238281,14414200
2017-05-03,67.71183162957065,68.53010224175422,67.68035899031835,68.45142364501953,11540500
2017-05-04,68.99431953898781,69.0257921797782,68.11310360523461,68.53010559082031,11540100
2017-05-05,68.64812313825234,68.71893207447593,67.99507938004929,68.45142364501953,9436000
2017-05-08,68.48289963103097,68.70320211377117,68.17604888681537,68.53010559082031,8162200
2017-05-09,68.65602960427874,69.11236811109337,68.05806114350685,68.2547607421875,10273900
2017-05-10,68.08165239993774,68.8291143477644,68.0344464252856,68.7897720336914,8334900
2017-05-11,68.5222651547879,68.82912203267095,67.94003605882534,68.57734680175781,10907400
2017-05-12,68.19966651641415,68.49078400416462,67.93215201362844,68.38849639892578,8738800
2017-05-15,68.53012609520415,68.8369769312303,68.34129619675596,68.71895599365234,8835600
2017-05-16,68.73471213335085,69.30907163243982,68.7189728030002,68.93141174316406,9795000
2017-05-17,68.93137531672829,68.93137531672829,66.0674309915085,66.303466796875,24679700
2017-05-18,66.14612622646352,66.72049156925827,65.5875002096599,66.05957794189453,23350100
2017-05-19,66.2562753296649,67.14535512966731,66.20906935882398,66.70475006103516,13412900
2017-05-22,67.01947334708056,67.1060216324434,66.25627810495048,66.64180755615234,11636000
2017-05-23,66.68113942282244,67.71971268168565,66.49230955833636,67.4758071899414,11753000
2017-05-24,67.57023192370391,67.64104688804964,67.06668152113502,67.43647766113281,9833800
2017-05-25,67.65678684106803,67.72760181235235,66.94080348089695,67.15323638916016,12238500
2017-05-26,66.96437990191602,67.3184366094791,66.8935649587279,67.16107940673828,8113500
2017-05-30,66.98013337122978,66.99587269791435,65.9179569262052,66.01237487792969,12603200
2017-05-31,65.87861001439097,65.94941896469454,64.23419880252987,64.63546752929688,28327900
2017-06-01,64.87938554969342,65.36720264506056,64.2420808627933,65.3514633178711,17123500
2017-06-02,64.74564074382187,65.29639722004532,64.50173516189368,65.0210189819336,14998500
2017-06-05,65.02099428259675,65.70551078827378,64.97378831765113,65.1390151977539,9080200
2017-06-06,64.7456279911171,65.47735059557237,64.61973739117916,65.27278137207031,12196800
2017-06-07,65.54815705473224,66.17759802481515,65.38293015071412,66.0202407836914,13711100
2017-06-08,66.02024371246118,67.45221628027026,66.0045043859742,66.83850860595703,17951000
2017-06-09,67.2791277185395,68.49079788219316,67.18470975675527,68.41998291015625,19120200
2017-06-12,68.41996776740709,69.03366937619238,68.36489213592105,68.43570709228516,16053400
2017-06-13,68.88415732740032,69.12019309154935,68.4356827724465,68.66384887695312,12557200
2017-06-14,68.27047214909174,68.69534386616284,67.5230163152108,68.52224731445312,16175700
2017-06-15,67.86133824357184,68.51438212762964,67.85346858154408,68.11311340332031,12509700
2017-06-16,68.33341243116332,68.41996070067276,67.68036858042588,67.80625915527344,16936600
2017-06-19,68.42785792008459,69.41922558648467,68.3334399509242,69.2933349609375,15972300
2017-06-20,69.04155433315542,69.17530861028105,68.74257312496958,68.86058807373047,11197800
2017-06-21,68.82910045747249,68.88417608438336,68.26260486479313,68.54585266113281,10005900
2017-06-22,68.39639225090276,68.73471583812884,68.17608963648505,68.46720123291016,12180600
2017-06-23,68.9707266074928,69.23823508899584,68.14458617406358,68.3412857055664,18812000
2017-06-26,68.45932143069156,68.97860518471175,68.15247057540813,68.6402816772461,10082400
2017-06-27,69.01008856567282,69.97785326164906,68.84486161812478,69.27760314941406,15415200
2017-06-28,69.71032458444186,70.86691898624281,69.71032458444186,70.67021942138672,17466200
2017-06-29,72.65292216653494,72.89683362080574,71.05572323693201,71.71663665771484,27697800
2017-06-30,72.35396569079674,72.38543834084545,71.72453069820504,71.91336059570312,16892700
2017-07-03,72.43551857174548,73.95448558104998,72.31685446117153,73.37696075439453,13208100
2017-07-05,73.66964234774593,74.19969522601068,73.2661664686168,74.1126708984375,17535400
2017-07-06,74.00193402175253,74.76932728274164,73.47978791335511,73.87535095214844,16596100
2017-07-07,74.33420910901253,74.50034486901673,73.75669042459035,74.24718475341797,12817800
2017-07-10,73.97027610400667,74.11267901601371,73.645911568286,73.72502899169922,13987200
2017-07-11,73.83579434098779,73.83579434098779,73.00510958939698,73.44023132324219,13262300
2017-07-12,73.26618415193651,73.44023284909076,72.83897535959775,73.18707275390625,13540100
2017-07-13,73.32948814294807,73.87536110716654,73.05258914907941,73.65384674072266,12820100
2017-07-14,71.8421457170491,73.26617484393108,71.6601901282771,72.98136901855469,22235200
2017-07-17,72.64118691373582,72.77567688113282,72.19024534860715,72.3010025024414,14374200
2017-07-18,71.55732848969977,72.4513045352783,71.45448430529464,72.0478286743164,14719400
2017-07-19,72.2614300453662,72.48295034671435,71.99245016173145,72.15067291259766,11651200
2017-07-20,72.11112024278663,72.56206172214745,71.91333878629835,72.15067291259766,11561700
2017-07-21,72.03994654221583,72.27728680567485,71.61273768947777,71.90545654296875,10971300
2017-07-24,71.96082914789167,72.41968373331477,71.92127646448058,72.2139892578125,10725100
2017-07-25,73.07631185049961,73.98610193501678,72.99719442070467,73.41649627685547,16447700
2017-07-26,73.6538341092905,73.72503859247254,72.53043656594826,72.72821807861328,11815500
2017-07-27,72.64911138870838,72.83106701209661,72.1190583490113,72.42759704589844,12332400
2017-07-28,72.34847924587382,72.58581948959284,71.92127646448058,72.2139892578125,9351900
2017-07-31,72.39593895612786,73.0683948211563,72.38802600642764,72.6253662109375,11520300
2017-08-01,73.17126370448793,73.68549696383407,73.0051279196187,73.59847259521484,12523700
2017-08-02,73.47188983143168,73.74086983295871,73.18708392639502,73.66175842285156,10165600
2017-08-03,73.33738387058035,73.67756832023844,72.97346660468311,73.17916107177734,11078800
2017-08-04,73.97028735429942,74.68230202262637,73.94655453799068,74.09687042236328,14324000
2017-08-07,74.27881625902316,74.51615646249026,74.13641334410532,74.38166046142578,7978300
2017-08-08,74.32627222514627,75.33100544865061,74.04937938096404,74.1126708984375,13745400
2017-08-09,73.55888767923828,74.11267338619176,73.44021758894495,73.99400329589844,11214400
2017-08-10,73.49559759258884,73.63008754749805,72.83896164453328,72.93389892578125,13252300
2017-08-11,72.88644397377897,73.3136527835992,72.18234224161591,72.32474517822266,10679500
2017-08-14,73.07631812304598,73.49561397937481,73.04467235557416,73.17124938964844,10994800
2017-08-15,73.81997833561704,74.01775987100199,73.29783822082378,73.36112976074219,8812700
2017-08-16,73.60636304806086,73.75667891805816,72.6886539998008,72.85478973388672,11085400
2017-08-17,72.59373427508284,72.7519570843518,71.59691367641116,71.71558380126953,13837500
2017-08-18,71.44658165686633,72.41966921810072,71.35165040705647,71.7867660522461,13040700
2017-08-21,71.87379385902759,71.94499833563515,71.32792103882655,71.69974517822266,11502100
2017-08-22,72.04785860259916,72.55417885828882,71.99248001325228,72.43550872802734,9211800
2017-08-23,71.88963989357909,73.05259033630942,71.86590103751962,72.52253723144531,8811300
2017-08-24,72.72821895197309,72.87853483486367,72.31683605644736,72.40385437011719,8623200
2017-08-25,72.68867365679637,73.16335420919387,72.62538814751547,72.69658660888672,11794600
2017-08-28,72.91018253695121,72.93391535365595,72.09531760327287,72.46714782714844,7292900
2017-08-29,71.55733071109178,72.23769942488933,71.44657357496764,72.07156372070312,10886100
2017-08-30,72.19026629269737,72.68867362955119,72.142800651801,72.23773193359375,9165300
2017-08-31,72.63329116504976,72.66493693589854,71.83425808541922,71.90545654296875,13217400
2017-09-01,72.19024511573134,73.06839542959317,71.95290490924516,72.54624938964844,9815800
2017-09-05,72.00830161993322,72.07950611413547,70.42604927373038,70.81370544433594,16897300
2017-09-06,71.20132863733139,71.61271143592339,70.91652283991715,71.2883529663086,11845700
2017-09-07,71.28837953769919,71.30419940531368,69.68239438111982,70.03839874267578,14592300
2017-09-08,69.86434588299687,70.74249636103855,69.80896729590475,69.95137023925781,14242200
2017-09-11,70.71875042917436,71.39911925060467,70.37065306868105,71.03520202636719,13219000
2017-09-12,71.335844739318,72.19026244479412,71.28046614928604,71.90545654296875,14003800
2017-09-13,71.68395137082538,72.38805326397043,71.45452402962545,72.11116027832031,12485400
2017-09-14,72.15069034508866,72.41176337932629,71.78677310152071,71.96873474121094,10562800
2017-09-15,72.05576998266481,72.55417727591673,71.80260986034128,72.48297882080078,18171800
2017-09-18,72.72823085409134,73.68549281924562,72.66493931032565,73.51144409179688,11318700
2017-09-19,73.34528704697081,74.65064608848327,73.19497118307063,74.31837463378906,12626100
2017-09-20,74.44494456485864,75.38638629938639,74.13640595260041,74.84050750732422,15311600
2017-09-21,74.72977580179807,75.44970349931408,74.516174395921,75.18071746826172,10851500
2017-09-22,74.91962595862294,75.14114629738961,74.7060246052916,75.02247619628906,8358300
2017-09-25,74.76931592323312,75.06202866454879,73.93071830404442,74.46077728271484,10463400
2017-09-26,74.19181632679377,74.38959788280924,73.84371885674604,74.12852478027344,9358100
2017-09-27,75.13324169573116,75.72658623134768,74.82470302007559,75.29937744140625,15090200
2017-09-28,75.62372391496558,75.85315115642508,75.08576408289582,75.45758819580078,10270400
2017-09-29,75.39428911547752,75.56833171668987,75.17276882738686,75.5604248046875,11438400
2017-10-02,75.76614333149885,76.64429377829681,75.52089617393273,76.6126480102539,13797200
2017-10-03,76.60474560289975,77.07942007984924,76.55727393013538,77.01612854003906,9633500
2017-10-04,76.97657831262806,77.087335492926,76.16962624381324,76.23291778564453,12166600
2017-10-05,76.39206461214951,77.5061167686292,76.0339792377184,77.25942993164062,14236200
2017-10-06,77.6254799425844,77.69709458844073,76.76606776573385,77.12415313720703,10231900
2017-10-09,77.15597429396664,77.24350734207663,76.50345907147991,76.71831512451172,7765100
2017-10-10,76.75809312457064,77.33103446059675,76.58302704177439,77.29124450683594,10631500
2017-10-11,77.05251744775101,77.19575277144084,76.503447695091,77.06047058105469,14283600
2017-10-12,77.42652386239516,77.58567152940235,76.08966281781399,76.38408660888672,18251600
2017-10-13,75.97825665896524,76.95702632581408,75.5644630195882,76.2806396484375,13190600
2017-10-16,76.66259082746308,77.9437494605863,76.66259082746308,77.85621643066406,12434000
2017-10-17,78.03926057107235,78.12679362216765,77.44244762511093,77.6811752319336,10335700
2017-10-18,78.1029318508832,78.4212333427862,77.68913809008048,77.9756088256836,10158600
2017-10-19,77.33899405626907,78.14269770066542,77.25941414834543,78.07108306884766,9133900
2017-10-20,79.00212482277824,79.48753321272088,78.5644656009435,79.18515014648438,15326600
2017-10-23,79.18512501823682,79.56708181531704,78.9702690076721,79.04984283447266,9238600
2017-10-24,79.47954776176705,80.52198491404997,79.38406159927263,80.30712890625,13000800
2017-10-25,80.56973640297524,80.72888407113597,79.72624283375356,80.38671112060547,14632700
2017-10-26,80.6493439469004,81.50079707674915,80.6254723938079,80.95968627929688,13054400
2017-10-27,80.71298347714195,81.3495863846044,80.41060043519968,80.98353576660156,10400400
2017-10-30,80.47425200406498,81.11085488095277,80.26736122950719,80.69706726074219,8839500
2017-10-31,80.66523506677534,80.92782813303118,80.02863220127568,80.06046295166016,8690200
2017-11-01,80.4503642210854,80.92781324683877,80.15594045860257,80.30712890625,8418200
2017-11-02,80.26735102384413,80.98352158041602,79.70236892621149,80.84028625488281,8731800
2017-11-03,80.45038045862331,80.79255344250888,80.15595663671607,80.69706726074219,7103500
2017-11-06,80.64134276936973,80.91986026675414,80.10023832463004,80.19572448730469,8121500
2017-11-07,80.02066684804291,80.17186138297939,78.18248517000222,78.58036041259766,18822600
2017-11-08,78.19841085456254,78.27799077353907,77.30717404454164,77.69709014892578,18524700
2017-11-09,77.28330423577836,78.1586287243517,77.03661740937369,77.68913269042969,13697800
2017-11-10,77.83236472730405,78.25411157655174,77.58568398252038,77.59364318847656,9314000
2017-11-13,76.94111241413692,78.0233335042415,76.88541012587098,77.87213897705078,9303100
2017-11-14,77.45836648803994,77.80849872190372,77.06845036375256,77.40266418457031,11043800
2017-11-15,76.70240440212862,78.5724172089321,76.35227217459081,78.13475799560547,15384100
2017-11-16,78.40531756339658,78.82706447412237,78.23025143341314,78.35757446289062,9808000
2017-11-17,77.84030791659706,78.30980383388156,77.64137030629385,78.0949478149414,9017900
2017-11-20,78.34165270860369,78.8986818321747,77.79258886290566,78.78727722167969,9483200
2017-11-21,79.17719521309286,79.21698517681425,78.70770521088004,78.72361755371094,13389400
2017-11-22,78.80316291705452,79.193078921938,78.45303079041163,78.4928207397461,7342200
2017-11-24,78.64401648724919,78.699718774529,78.19043898480096,78.2381820678711,3680000
2017-11-27,78.23023182850389,78.8827470133117,77.92784881591797,77.92784881591797,13076200
2017-11-28,78.15067179777509,80.92783990864936,77.95969333877433,80.65728759765625,16773000
2017-11-29,81.4928072707278,82.93311365612384,81.13471592217859,82.54319763183594,21105500
2017-11-30,83.34691057409762,84.87475623802554,82.78988761976105,83.17184448242188,23945900
2017-12-01,83.47425945236726,83.80847332857404,81.32572866725927,83.38672637939453,19683500
2017-12-04,85.72622039330675,86.25937187297225,84.96229442498239,85.10552978515625,23576600
2017-12-05,84.01532730408259,85.47155196913944,82.85353246776585,84.1267318725586,17193900
2017-12-06,83.99146777678659,84.15857465340119,83.17979886626485,83.49810028076172,15476200
2017-12-07,82.7182692016278,83.70500427816768,82.54320917620464,83.25142669677734,13371800
2017-12-08,83.35489052614733,84.301835855305,83.0286298066204,84.29387664794922,13506900
2017-12-11,84.12674638458284,84.39729864866862,83.80048575555563,84.04717254638672,10591200
2017-12-12,85.07371200091725,85.43975660191451,83.9835313338999,85.02596282958984,15508800
2017-12-13,84.90657179415912,85.2328323974246,83.9357613310707,83.95963287353516,15020300
2017-12-14,84.44505935575248,84.70765245059806,83.26734574768346,83.28326416015625,13034200
2017-12-15,84.18246412662963,84.76335871604569,83.71296807425496,84.46097564697266,29350600
2017-12-18,85.29648962369585,85.64661568081347,84.73150755295973,85.11346435546875,12713100
2017-12-19,85.42385229754044,85.53525693054523,84.69972218300933,84.75542449951172,12149900
2017-12-20,85.62277089690059,85.726222369525,84.42118568502545,84.46097564697266,13091500
2017-12-21,84.81905858828816,85.99677221766736,84.79518704024257,85.80579376220703,12323700
2017-12-22,86.1002079994287,86.30710484454089,84.99411520882485,85.5033950805664,14573400
2017-12-26,85.30445971241917,85.9331033988916,84.6678628913385,85.16122436523438,7403700
2017-12-27,84.88272349195339,85.37609109864465,84.88272349195339,85.32038879394531,9496500
2017-12-28,85.46360645452786,85.8137325524939,85.27262803099232,85.7739486694336,7440600
2017-12-29,86.01268838434068,86.1638829568139,85.09757995605469,85.09757995605469,8925700
2018-01-02,85.64662046970119,85.95696266575261,84.99410533042712,85.90126037597656,13578800
2018-01-03,85.82966760233282,86.3309883379648,85.52728453385421,85.98881530761719,11901000
2018-01-04,86.67673542644341,88.01256034926544,86.54874913067192,87.22066497802734,12953700
2018-01-05,87.39662970780994,87.6286002563522,86.21278106399457,86.66072082519531,14155000
2018-01-08,86.508741577974,86.93268542252277,86.148784766449,86.78870391845703,12466500
2018-01-09,86.9646782282191,87.6925802819852,86.78069949659147,87.22864532470703,13292300
2018-01-10,87.56458936696724,88.54845772911277,87.5005962418481,88.18850708007812,15834500
2018-01-11,88.52448058314135,88.73245523246929,88.02854901522608,88.66046142578125,13676800
2018-01-12,89.30836890319492,90.26824143943918,88.66044914364532,90.12425994873047,18884200
2018-01-16,89.19641230040367,90.73221128715325,88.84445607741921,89.80432891845703,22703300
2018-01-17,89.50035707238814,90.62821328760445,89.0364159582117,90.38024139404297,14940300
2018-01-18,90.19626633140308,90.96416568809506,89.80431293367361,90.5962142944336,14572900
2018-01-19,91.14014368907425,91.46009717704338,90.22826282237473,90.396240234375,18785500
2018-01-22,90.1162628937968,91.50007919701328,89.98827663771728,91.45208740234375,12475700
2018-01-23,90.92416510264636,91.70006509879042,90.66819865984102,91.35610961914062,12320800
2018-01-24,91.87605015559672,92.7879310588191,91.71607340520474,92.52396392822266,15904500
2018-01-25,92.81990321323151,92.92388746336114,92.052004028446,92.54793548583984,13510000
2018-01-26,92.54795424609344,93.04389190673828,91.95603298209387,93.04389190673828,13883900
2018-01-29,92.80392497973621,93.86778805268423,92.80392497973621,92.94790649414062,11679900
2018-01-30,92.41196644960935,93.26785476384785,91.97202739433446,92.07601165771484,14279100
2018-01-31,92.5079686942722,93.31586532001197,92.11602138390654,92.52396392822266,13141400
2018-02-01,92.60395052396906,93.57982454968487,92.3719860711746,93.48384094238281,13800600
2018-02-02,93.17986316122735,93.52381861088254,91.26011195623838,91.41209411621094,16477300
2018-02-05,90.38823933073382,91.66007091944398,83.17318078793822,87.02867889404297,30097600
2018-02-06,85.46887638943203,89.97229424879254,85.27690308063302,89.67633056640625,33114800
2018-02-07,89.22837851568069,91.54807144270472,88.90841897662615,90.28424072265625,21878300
2018-02-08,90.47621276954882,90.47621276954882,86.26075856321252,86.29275512695312,27425800
2018-02-09,87.26862672881765,88.82842713198293,84.972929789328,88.0205307006836,28188000
2018-02-12,88.92442305920105,90.1722647754562,88.04453881625479,89.38036346435547,18043300
2018-02-13,89.04441936512471,90.42824208197862,88.62847614485344,89.93230438232422,16358200
2018-02-14,90.09226508492911,92.20398958671622,90.01227672251855,92.01201629638672,15186900
2018-02-15,92.57995348183839,92.77992746488357,91.36411435012117,92.39598083496094,12130200
2018-02-16,91.628071401288,92.84391039936885,91.58807416798652,91.7320556640625,13214300
2018-02-20,91.70807356364645,92.29999486869937,91.16414406359942,91.75606536865234,13461500
2018-02-21,91.98802485120065,93.94776728737689,91.72405775001803,92.14000701904297,14212500
2018-02-22,92.38798147446639,93.13188494603199,91.79606018503708,91.97203826904297,17070400
2018-02-23,92.23597063398807,93.89975514417604,92.23597063398807,93.83576202392578,12162500
2018-02-26,94.49970697006967,95.10762960035113,93.84379253569712,95.0036392211914,16511200
2018-02-27,95.11563467710492,95.45158952675719,93.86779278840466,93.87579345703125,17563300
2018-02-28,94.24372808444737,94.77965683520881,92.25998370637271,92.38796997070312,17735600
2018-03-01,92.37198204392877,93.29985812281815,90.1082751620154,90.73219299316406,18690000
2018-03-02,89.9002921877992,90.83616884780976,88.88442716502823,90.64419555664062,18353700
2018-03-05,89.62834358682673,92.7319376740545,89.50035730559419,92.03602600097656,13933000
2018-03-06,92.49997450093703,92.64395602745726,91.44411200736273,92.11602783203125,10674400
2018-03-07,90.98817106401422,92.06802945609763,90.47623810624546,91.7720718383789,13006500
2018-03-08,92.07600055165184,92.17199023892401,90.5561974014707,91.78003692626953,11173700
2018-03-09,93.22785759363445,94.45169718676925,92.52394538644117,94.4197006225586,15366600
2018-03-12,94.38768424085906,94.98760596272892,93.78776251898918,94.11572265625,12339300
2018-03-13,94.54770212512844,94.7636774566365,92.65195256367987,92.98790740966797,13312300
2018-03-14,93.23586915011452,93.25986505196568,91.66807383438132,91.94803619384766,12905100
2018-03-15,92.68393861970587,92.78792288803174,91.85204616493489,92.18000030517578,8748000
2018-03-16,92.25997898723179,93.26784940775738,92.25997898723179,92.33997344970703,19888900
2018-03-19,92.06801622134563,92.34797856383057,90.62820727311397,91.61207580566406,13214900
2018-03-20,91.88405199994266,92.34798702310599,91.54809105546462,91.7000732421875,9921200
2018-03-21,91.83602938483155,93.29183941016458,91.35609315391127,91.78003692626953,13633000
2018-03-22,90.54819319838155,90.86815270740426,87.62057803221596,87.94853210449219,22550400
2018-03-23,88.20452691996815,88.72446052686747,85.39689642761138,85.59687042236328,23081500
2018-03-26,87.34062421227804,88.9164199121407,86.90867974865677,88.23650360107422,20217500
2018-03-27,88.84441806480206,89.3403556120246,85.82881386222907,86.52471923828125,18039900
2018-03-28,86.61273331944486,87.32464023354825,85.30890510543206,86.38876342773438,19189300
2018-03-29,86.78873598340722,88.61249830689927,86.21280975436267,87.96458435058594,13274600
2018-04-02,87.95654130485984,88.57246448746737,84.8529478024551,86.26876068115234,18822500
2018-04-03,86.67671388774546,87.58859465899125,85.79682968249156,87.4526138305664,14050700
2018-04-04,85.66885418671953,88.95642699728886,85.60486104669208,88.78044891357422,15302600
2018-04-05,89.74517133640104,90.70991754328296,89.55222454849178,89.94615936279297,16627000
2018-04-06,88.87690810619895,89.68086021522411,86.6821161497464,87.70313262939453,18906000
2018-04-09,88.44279150086658,90.83053073929221,88.34631501973404,88.75633239746094,15974300
2018-04-10,90.14715385934332,90.74208287640424,89.57634855946182,90.4526596069336,13951400
2018-04-11,89.7693157696752,89.88990370640657,88.85280451483239,88.9332046508789,14503300
2018-04-12,89.68889314520108,91.96407903065142,89.64065798260293,91.14405059814453,16435500
2018-04-13,92.47058322898579,92.57510094492343,87.67099354568275,88.67593383789062,39152800
2018-04-16,89.19046450096515,89.61655821171118,88.26591818752757,88.60357666015625,16580500
2018-04-17,89.5361642135142,89.97833427043207,88.42670618392154,88.60357666015625,15501400
2018-04-18,88.86082760212726,89.29496248668,87.54234660474539,87.88804626464844,16081400
2018-04-19,88.056870744946,89.9381218102828,88.03275316382219,89.8175277709961,17911000
2018-04-20,90.28385144224286,90.63758630567573,89.1422344425946,89.61656951904297,15584400
2018-04-23,89.69695541991366,90.00245507746277,88.94123831574541,89.18242645263672,11285800
2018-04-24,89.84166688548515,90.76621323005618,88.10512702434279,88.76437377929688,16453100
2018-04-25,88.65181769944977,88.86084701553092,87.30921882633133,88.42671203613281,13548200
2018-04-26,88.41061751962772,89.09397560959417,87.90412374758483,88.51512908935547,10299500
2018-04-27,88.07294846392477,88.56335969917662,87.73528394542852,87.95235443115234,9384000
2018-04-30,88.23375306459275,88.675929223623,87.42980087266024,87.45391845703125,13744900
2018-05-01,87.1886127616131,87.60667133627234,86.4570194564621,87.45391845703125,10503400
2018-05-02,86.9152574313429,88.02470906262782,86.60975785759797,86.76250457763672,12162100
2018-05-03,86.49722527981824,86.64193693961167,84.55970342034597,86.2158432006836,15379100
2018-05-04,85.56461935294467,87.42174667832808,85.20284337365382,87.17252349853516,11967900
2018-05-07,87.43785702122378,88.17749169183796,87.11627486288342,87.92826843261719,9356700
2018-05-08,88.05687486501091,89.51202624179695,87.85588683468498,89.23064422607422,12543200
2018-05-09,89.59243690807723,91.36112932969652,89.26281355537739,91.17622375488281,11368100
2018-05-10,90.99935131808041,92.00429156628373,90.64561038793893,91.88369750976562,9159700
2018-05-11,92.04449738595457,92.23745035477585,91.38525674332185,91.53800964355469,10253000
2018-05-14,91.73899678725553,92.21332569670022,91.4415322302631,91.5701675415039,8710700
2018-05-15,91.57820180021756,91.57820180021756,90.50090261854831,90.87071990966797,11536200
2018-05-16,90.75818086393798,91.40134520139651,90.5491515342135,91.11995697021484,7571100
2018-05-17,91.00739231833039,91.17622768859222,90.20344006769614,90.81444549560547,8617200
2018-05-18,90.64561312206462,90.68581318667269,89.11006143233253,89.34320831298828,11806300
2018-05-21,90.08284453384641,90.47677938598093,89.97832682453738,90.16323852539062,9441900
2018-05-22,90.32402576556544,91.8836949501022,90.27579059776933,90.8546371459961,11507600
2018-05-23,90.45266695208183,90.66169011526448,89.33517384508473,90.43658447265625,11453900
2018-05-24,90.15520019296828,90.1632414324825,88.53121943020767,89.4236068725586,14084800
2018-05-25,88.80455318087404,89.3030057187835,88.59552390579354,88.96534729003906,8283500
2018-05-29,87.7755033997013,87.79157974524583,84.38282405862044,85.16265869140625,30643800
2018-05-30,86.53741003432226,87.30920337208379,85.74149911314136,87.10821533203125,17490800
2018-05-31,86.78666357747507,86.97961657961329,85.5566173237781,86.03095245361328,19808200
2018-06-01,87.10019618725589,87.58257251267842,86.66606730824725,87.1484375,13594200
2018-06-04,87.62275648429512,87.83982703277918,87.04390986656308,87.1886215209961,9415400
2018-06-05,87.01979381139638,87.07607022612923,86.07917110786053,86.69821166992188,10415200
2018-06-06,87.3574580710023,89.02967415912688,87.21274641462267,88.72417449951172,15453600
2018-06-07,89.3834033669809,89.64066781851241,88.45885713584104,89.0779037475586,13444400
2018-06-08,88.93319070586938,89.35124313288097,88.4829733225474,89.3271255493164,10383200
2018-06-11,89.33515182974823,89.97027466982975,89.05376371216317,89.10200500488281,12642900
2018-06-12,89.35126911004376,89.6648100548755,88.04886401589415,88.58751678466797,15294100
2018-06-13,88.80455649128648,89.60046742690166,88.09708078559169,88.4106216430664,14979700
2018-06-14,88.6598367469053,88.72415438708734,86.64995649372493,86.85094451904297,20487300
2018-06-15,86.66603546321927,87.1323230014989,85.43598364577231,86.74642944335938,26028600
2018-06-18,86.2319154295254,87.14842045469796,85.77366291693912,86.97154998779297,9786800
2018-06-19,85.94248724163889,86.7303569246014,85.70129913986035,86.46505737304688,12707200
2018-06-20,86.97155255753074,87.34136984759147,86.37662962427379,86.45702362060547,8876900
2018-06-21,86.10329134198336,86.99567889851517,85.64503876973754,86.43291473388672,11048700
2018-06-22,86.9554720635462,87.12430128788941,84.82499752721219,85.0179443359375,19478900
2018-06-25,84.94559543227624,84.97774812379714,83.5788729632259,84.24615478515625,16907600
2018-06-26,84.18182752255018,84.58380359101828,82.89550533018586,84.30242156982422,17086800
2018-06-27,84.15771601167118,85.15461501596967,82.9919877824755,83.0000228881836,16276800
2018-06-28,83.35375583642484,84.78478962502369,83.21708544845032,84.35869598388672,14491300
2018-06-29,85.76562430128237,85.94249477359837,83.73162613698585,83.77182006835938,18972400
2018-07-02,83.3859259336452,84.48733655866214,83.11257898706295,84.47930145263672,11130000
2018-07-03,84.74459395824925,85.04205231023924,83.22511884353003,83.29747772216797,8311700
2018-07-05,84.17046633665338,84.37254659344002,83.68547495376544,83.83905792236328,10723400
2018-07-06,83.35407396194489,84.46955485861791,82.61041386382897,84.1138916015625,12173700
2018-07-09,84.63930500069532,86.86218811393209,84.63930500069532,86.71669006347656,13900800
2018-07-10,87.31484934589429,87.62201533482794,86.1104525393416,86.1832046508789,14575900
2018-07-11,85.9326167655117,86.53885760883983,85.8517858864681,85.99728393554688,10186500
2018-07-12,86.82982988709274,86.9429943201097,85.657767044989,86.36908721923828,12456800
2018-07-13,86.73286157162478,87.13702214527261,84.9868849333057,85.97303771972656,21289100
2018-07-16,86.53076779620451,89.5377168151341,86.47418557139402,89.38414001464844,24662600
2018-07-17,89.47306387731173,89.66705921313113,88.71324007543504,89.3194808959961,14821900
2018-07-18,89.25481689340103,90.62896650226764,89.07698525967704,90.15205383300781,14244900
2018-07-19,89.7721580484763,89.79640669979541,88.69709544898362,88.82642364501953,16775300
2018-07-20,88.91532400382512,90.32180103857995,88.73749236909734,89.9499740600586,13578100
2018-07-23,89.77213584755228,92.34259709072748,89.66705632882197,91.6231918334961,18140000
2018-07-24,91.78486027433743,92.77909174026479,91.67977458800338,92.26985168457031,14000400
2018-07-25,92.05160472391383,93.37725083564875,91.64744417358,93.10242462158203,13329100
2018-07-26,93.29641321860471,93.4338263157104,92.61742650325884,92.8356704711914,11897800
2018-07-27,93.10242566561618,94.0077475286363,92.8033446348951,93.78949737548828,12802700
2018-07-30,93.99158319985196,95.06665181932111,93.81375155849604,94.35533142089844,13411600
2018-07-31,94.63824726220976,94.63824726220976,92.81143962950804,92.91651916503906,15843800
2018-08-01,93.5631786869315,94.3230025866416,93.18326673707645,93.49043273925781,13531600
2018-08-02,92.60934114707734,93.96732073862523,92.41534582457054,93.88648986816406,11058100
2018-08-03,93.76524191351919,94.67864248100496,93.71674462390054,94.64630889892578,11016100
2018-08-06,94.40381531996114,95.00197116481803,93.91073899053852,94.67056274414062,9857400
2018-08-07,95.17174243261526,95.61632158777722,94.84033392631412,95.0181655883789,10562100
2018-08-08,94.8403007798195,95.60011829717561,94.79988226456669,95.21212768554688,8997100
2018-08-09,94.98581638103367,95.15556307591314,94.33107208135488,94.47657012939453,9694200
2018-08-10,93.36108813107396,93.72483016348568,92.69826506807883,93.54700469970703,12630600
2018-08-13,93.40956395694913,93.66822640581887,92.00308727665737,92.0596694946289,10336300
2018-08-14,92.3668376751301,92.98924829675386,91.86568260353671,92.67400360107422,10597600
2018-08-15,92.00309051708216,92.41533592939392,91.31601894122886,91.90608978271484,10152100
2018-08-16,92.43150276247646,93.20749016267298,92.39109041370561,92.77099609375,10118600
2018-08-17,92.66591658654619,93.01349485437376,92.39109041370561,92.77099609375,8505100
2018-08-20,92.62552545660417,92.99735864403071,92.23753472529171,92.6497802734375,8618700
2018-08-21,93.25604048432655,94.08052558422393,92.85995856510857,93.21562194824219,10976700
2018-08-22,93.20751208954366,93.28834914010143,92.77910285639234,92.93268585205078,8314700
2018-08-23,92.92459601358713,93.07817900114698,92.49618680302626,92.73868560791016,9265400
2018-08-24,92.9407791740178,93.13477454545293,92.51236373522114,92.69828033447266,8845700
2018-08-27,93.13476789534715,94.79990756252273,93.09434936930842,94.33916473388672,13768000
2018-08-28,94.5735592800805,94.59780792394514,93.74098961672799,93.87840270996094,8302600
2018-08-29,94.04815739750059,94.0643272727881,93.24792124678251,93.57125091552734,7221700
2018-08-30,93.43382763827478,93.7975758126448,92.94075746915138,93.11050415039062,8991800
2018-08-31,92.81951955844234,92.82759832973854,92.00311346645393,92.61743927001953,13065700
2018-09-04,92.42341895211025,93.15090907584641,91.84951178977387,93.07816314697266,10174200
2018-09-05,92.95690280794219,93.52272496693006,92.3506621374556,92.62548828125,11462400
2018-09-06,92.55276846392069,92.71443022151152,91.74444734196506,92.22943878173828,9877600
2018-09-07,92.55273982489898,92.77098374681445,91.84949844628454,92.40724182128906,10955600
2018-09-10,92.83568547283426,92.93268623370128,91.87378747065782,91.91419982910156,8276900
2018-09-11,91.77679514489309,92.61744998200082,91.48579900254803,92.49620056152344,9333800
2018-09-12,92.35067951739694,92.85991955632248,91.21902881945113,91.40494537353516,10800800
2018-09-13,91.6393768705155,92.25369654365814,91.0735483290403,91.7606201171875,12470800
2018-09-14,91.99503102117025,92.54468966725575,91.5262094262453,91.74445343017578,10337900
2018-09-17,91.97886712148467,92.4961921794395,91.58279147301951,92.01927947998047,9561300
2018-09-18,92.41533140432651,92.68207878552589,91.79292084819464,92.39108276367188,7944200
2018-09-19,92.50428342323819,95.43040232543328,92.50428342323819,95.07474517822266,16052800
2018-09-20,95.78604901861983,96.38420489754559,95.44655564141877,95.89112854003906,15590000
2018-09-21,96.29527763041257,96.37611466327414,95.17171194403412,95.26062774658203,24788200
2018-09-24,95.18787589456625,95.7536980873917,94.1128075611985,94.34722137451172,12492500
2018-09-25,94.60590004828818,95.35763890020291,94.02390788332188,94.08049011230469,9308300
2018-09-26,94.37147386746571,94.4684746046228,92.6820859892272,92.97307586669922,14023600
2018-09-27,93.29642181808747,93.57125420463133,92.27794165119151,92.56893157958984,13283000
2018-09-28,91.86569706341258,92.342603566866,90.95229024554297,91.21095275878906,15815100
2018-10-01,91.63937389746869,92.64169042844772,91.37262642944164,91.74445343017578,10146300
2018-10-02,91.63128275377619,92.24560853238816,91.18670367050422,92.12435913085938,13753100
2018-10-03,92.90841931511197,93.49041143186506,92.53659238874192,92.98925018310547,17142000
2018-10-04,93.24159805083187,95.0811920603429,92.96484106777909,93.8276596069336,16357400
2018-10-05,94.2834702489666,94.5032425019361,92.81015964209051,93.29855346679688,13777600
2018-10-08,92.99740987943082,94.24280089556474,92.26482510223805,93.86837005615234,14370900
2018-10-09,93.33927683756373,93.63231073629798,92.52529516556575,93.21717834472656,14069500
2018-10-10,93.36368460986732,93.56718000457948,90.73452758789062,90.73452758789062,23086400
2018-10-11,90.32752638149375,90.7345171239821,87.40532962113075,88.01581573486328,33705600
2018-10-12,89.83915799373818,90.21358881188178,85.95646200025914,87.05533599853516,32075700
2018-10-15,87.25883979364862,88.60191090283398,86.54253810017074,86.5588150024414,18903200
2018-10-16,87.22626060563027,88.54490666239231,86.87624831188279,88.4146728515625,19302800
2018-10-17,88.21932016741077,90.18916028312456,88.09722790027247,89.39959716796875,18794500
2018-10-18,88.74024109899531,89.407705535433,87.75532444340948,87.98323822021484,17582500
2018-10-19,87.62510928800445,88.90305998833988,87.31579234499989,87.83674621582031,15234500
2018-10-22,88.03212415261567,88.18677645629933,86.37160070061941,86.5750961303711,16199100
2018-10-23,84.81687148949109,86.41228072593462,84.40988073146055,85.67155456542969,21407500
2018-10-24,85.27273372462918,85.49250607458394,83.76686866107607,84.07617950439453,23168900
2018-10-25,84.80059540374923,86.20064461841173,84.42616464799771,85.3541030883789,17464700
2018-10-26,84.65407946875452,85.10990714017282,83.62032565387764,84.18196868896484,19174900
2018-10-29,85.02851782425844,86.79485641897323,84.40989006479724,85.3459701538086,18445200
2018-10-30,86.04598952733508,87.07974958101288,85.35410644687049,86.8518295288086,18019700
2018-10-31,87.97511133952283,89.9286679446038,87.73905598793279,88.74024963378906,20860000
2018-11-01,89.2286502766144,89.71703791274336,88.17047188984688,88.70770263671875,13065000
2018-11-02,89.45659316790218,90.19731331123911,87.49489422212278,88.2193374633789,19009200
2018-11-05,88.40652596244642,88.9600335979879,88.25186749937015,88.79723358154297,10276400
2018-11-06,88.45535364778235,89.26933501465662,87.71463383322296,89.21235656738281,10825000
2018-11-07,89.83915566581167,90.94617119084985,89.0088909169395,90.74267578125,12679600
2018-11-08,90.3601069597332,91.92295027627944,90.35196540417768,91.47525787353516,11662500
2018-11-09,91.35315738392084,91.45897275588693,90.2135819058324,90.5880126953125,10432200
2018-11-12,90.69382402323164,91.11709791259567,88.3983962699467,88.68328857421875,13279700
2018-11-13,88.80540484449158,90.44965140464207,88.80540484449158,89.20425415039062,13746100
2018-11-14,89.72517129496936,90.11587888421653,86.2657503896752,87.3646240234375,18361400
2018-11-15,88.10538261468496,89.603112259453,86.94138846729777,89.594970703125,19100000
2018-11-16,89.0902801406397,90.1566002177317,88.35770169753042,89.52983093261719,13798600
2018-11-19,89.50541108168132,90.51474647147008,89.15539876447095,90.21357727050781,13987000
2018-11-20,89.35890322127123,89.93682943899813,87.89373999906117,88.27630615234375,18936200
2018-11-21,88.74842319475452,89.2205340682066,87.61698913574219,87.61698913574219,10619600
2018-11-23,86.88438969765511,87.41347895200015,86.33088199021799,86.8111343383789,6488400
2018-11-26,87.68212096253995,89.52172157931449,87.46234239764915,88.93565368652344,13948300
2018-11-27,88.52864459669058,89.56239854340518,88.4228230093397,89.31006622314453,9238200
2018-11-28,89.37518491833985,90.67755427643748,88.6181817586039,90.3031234741211,13977300
2018-11-29,89.75775027491063,90.18916574896213,89.24494409129201,89.5868148803711,11144300
2018-11-30,89.41587612870828,90.6124300557473,89.19610383260505,90.5066146850586,18652700
2018-12-03,91.47524690138673,91.89037924230247,90.95429919169057,91.36128997802734,16034500
2018-12-04,90.84032860564322,90.84032860564322,86.8762429174541,87.28323364257812,23555900
2018-12-06,85.47619427143086,85.76108653845384,83.74240979891762,85.62271118164062,27213900
2018-12-07,85.59832768138914,87.07977428496818,83.76686866107607,84.07617950439453,19248600
2018-12-10,83.73430987263446,84.23897461333627,80.8121119858396,82.50519561767578,23636400
2018-12-11,83.94591787407691,84.3773333268226,81.56909315759401,81.69933319091797,16860700
2018-12-12,82.74937036721315,83.75870578711597,81.44699487163794,82.2284164428711,22621500
2018-12-13,82.6598344208612,83.0017052043056,81.94352663438329,82.30982208251953,17250900
2018-12-14,81.39001173525641,82.97727945051219,81.28419637164718,81.63420867919922,19879500
2018-12-17,81.21093718563277,81.8539833606969,80.12834643488141,80.59231567382812,25113500
2018-12-18,80.92603348909802,82.12258720270285,79.86786134040142,80.20973205566406,20837200
2018-12-19,80.10393769071369,81.87027639252888,78.63062667147727,79.19227600097656,28767900
2018-12-20,78.63877735335251,79.99812538521792,77.889915633902,78.50853729248047,31825200
2018-12-21,78.69573673169157,80.12020444834184,76.26193362895275,76.65264129638672,41313900
2018-12-24,75.61075325242719,76.69335031275571,75.0002670288086,75.0002670288086,17009300
2018-12-26,75.44795548245826,78.10967254638672,74.16186308120955,78.10967254638672,22542900
2018-12-27,77.18173697037162,79.07831563567153,76.14798304531485,78.98877716064453,20304700
2018-12-28,79.72949600241668,80.03067143297932,78.50038824593494,78.81784057617188,17963300
2018-12-31,79.4364746843745,80.42953339653742,78.7690099088501,79.46089935302734,13237200
2019-01-02,78.10152369448305,81.21907437996549,78.0933883506864,80.83650207519531,15670900
2019-01-03,80.94317226192153,81.14832020586611,79.34302080340122,79.68766784667969,16286400
2019-01-04,81.32886759148093,82.82234467033624,80.64777477942536,82.62540435791016,16935200
2019-01-07,82.41204162073244,83.26545791542125,81.82121447359256,82.6828384399414,15430700
2019-01-08,83.39674180248296,83.5526562468009,81.68991562837638,82.52691650390625,13578800
2019-01-09,82.72388302937857,83.28188587698907,82.00176427507931,82.38744354248047,14230300
2019-01-10,82.07560540436401,82.65823120757986,81.46016143196572,82.37922668457031,14376100
2019-01-11,81.96889807685008,82.19866273339294,81.19753993506994,81.98531341552734,15439900
2019-01-14,81.13193358126229,83.17520591552768,80.95961001192619,82.83055877685547,21258500
2019-01-15,81.1483227798862,84.08604293290522,80.91035040608782,83.43777465820312,26504900
2019-01-16,83.9055316273759,84.89023951875477,83.53626773326384,84.11067962646484,18533000
2019-01-17,83.79065235671546,84.93127477310854,83.63473786822622,84.45532989501953,14247600
2019-01-18,85.15282135345633,86.08009423605688,84.38146920071674,85.8257064819336,16428700
2019-01-22,84.58661545964144,85.0051128254735,83.80704938992832,84.47173309326172,17083700
2019-01-23,84.88202099024743,85.09537035863224,83.67574999714597,84.25836944580078,12146700
2019-01-24,83.80702524890539,84.59479250314011,83.65111708836841,84.30758666992188,11296800
2019-01-25,84.93946907010519,85.59593883178697,84.30760980303198,84.84099578857422,14369400
2019-01-28,84.43069595096047,85.53849370952715,84.18451588878163,85.24308013916016,12283100
2019-01-29,85.24309902882605,86.25242999468175,85.12001523108061,85.48107147216797,9743300
2019-01-30,85.45643048005927,86.35908021774732,85.16101692799865,85.67799377441406,12526300
2019-01-31,84.85740126877943,85.17743157078107,84.29939859287065,84.9312515258789,17520600
2019-02-01,85.3415534161555,86.03905524483682,84.94766656879318,85.24308013916016,13000800
2019-02-04,85.16923562363036,85.54670715332031,84.52917493152046,85.54670715332031,9871500
2019-02-05,85.76827150188024,85.79289452034655,84.75894686646157,85.16924285888672,12763000
2019-02-06,85.10358758971033,85.8503292447961,84.9066472811484,85.12820434570312,8745000
2019-02-07,84.7261166336082,84.9312646157719,83.24084724614127,84.01219940185547,13177500
2019-02-08,83.7660286278462,83.97937802941406,82.1084293656971,83.17520141601562,12892600
2019-02-11,83.50342054314082,83.70856848631634,82.69103018052049,82.78129577636719,10978500
2019-02-12,83.65934015796635,84.45531528798665,83.61010664827248,84.1927261352539,12852300
2019-02-13,84.43892513816144,85.21848509933335,84.43892513816144,84.59483337402344,10754100
2019-02-14,84.08606842269423,84.60303916072434,83.16700307224242,84.04503631591797,11518500
2019-02-15,85.25951671511017,86.7365786741697,85.06257637269302,86.61349487304688,14716900
2019-02-19,86.08829555124836,86.46576705782584,85.18563949136842,86.30985260009766,12764900
2019-02-20,86.33448375099945,86.81863628754408,86.06368688787892,86.7283706665039,10030300
2019-02-21,86.53140570242596,86.97452604053382,86.1293174599391,86.54782104492188,8400100
2019-02-22,86.73655933453813,87.05658966734163,85.98161630641802,86.16214752197266,10647300
2019-02-25,86.7775905444116,88.02488743633496,86.7283570354441,87.0647964477539,11230700
2019-02-26,85.75185523120746,86.54783039151204,85.29232576159635,86.4001235961914,15465400
2019-02-27,86.30985848559992,86.47397436552244,85.760063401178,86.29344940185547,9968800
2019-02-28,86.1703641799164,86.33448006901565,85.4892713449768,85.63697814941406,15156900
2019-03-01,86.24420730102426,86.9088909961907,85.50567334007229,85.69441223144531,13813300
2019-03-04,86.09648790402397,86.91707968258451,84.74251021727538,85.4974594116211,12466300
2019-03-05,85.4482251830363,85.79287851042844,84.73431429623716,85.43181610107422,10856600
2019-03-06,85.22664532532181,85.80926461858246,84.97226392899287,85.11176300048828,9070800
2019-03-07,84.72613319142971,84.90666445271368,83.83169081949468,84.49636840820312,12705700
2019-03-08,83.69217510040225,84.70971367313531,83.69217510040225,84.52918243408203,10582400
2019-03-11,85.32513870083375,85.79287577960031,85.06254957346688,85.62875366210938,9763200
2019-03-12,85.82572681680718,85.98984899716278,85.13643244117671,85.37440490722656,10219100
2019-03-13,85.49747469536936,86.14574306759252,85.3005281256629,85.66159057617188,13022200
2019-03-14,85.75184509822611,86.87605814424569,85.71902067418699,86.4411392211914,10926500
2019-03-15,86.49858498818382,87.63920709388485,86.35087821316979,87.4340591430664,24811700
2019-03-18,87.4340730669283,88.4516053120564,87.39304096598282,87.9592514038086,12935500
2019-03-19,88.78801397467325,88.9521360609493,87.43404276144615,87.63919067382812,12889300
2019-03-20,87.33560611247451,87.516137352731,85.67801304039416,85.76827239990234,14920700
2019-03-21,84.92305435529974,84.92305435529974,83.93013890316301,84.41429138183594,19751000
2019-03-22,83.55266083812677,83.96295675783091,81.66529710324016,81.86224365234375,31115200
2019-03-25,81.72276275259392,82.52694575069047,80.49187462490501,81.1811752319336,21032300
2019-03-26,81.91150283347851,82.38744775206301,81.09091073686557,81.99356079101562,15987100
2019-03-27,81.96071237480155,82.4284494825898,81.30424264596172,81.71453857421875,12753200
2019-03-28,82.05918807211464,82.71566408093923,81.84583243015375,82.64180755615234,12454100
2019-03-29,83.32290872697216,83.69217260630768,82.54334260525741,83.06852722167969,14523400
2019-04-01,83.82346525317848,85.8995617935515,83.79884849746172,85.86673736572266,17499300
2019-04-02,85.83392575269636,86.52322631877392,85.61236865754809,86.27704620361328,10295400
2019-04-03,86.82682760473624,87.27815565746215,85.98982661495837,86.44935607910156,11499200
2019-04-04,86.44934984733939,87.4250577021886,86.36665771556191,87.28448486328125,11952100
2019-04-05,87.48296833305794,87.73929636537865,86.81319842600297,87.07779693603516,9933700
2019-04-08,86.91242134655559,87.35893249511719,86.74704965087759,87.35893249511719,8056300
2019-04-09,86.8876008825966,86.9868213590752,86.20129648050445,86.71395874023438,9092200
2019-04-10,86.928927464045,87.41678453068222,86.38319600058718,87.10256958007812,10882300
2019-04-11,87.40852456358148,88.2519364383003,87.28449266335524,87.8385009765625,11183800
2019-04-12,90.49274782899221,92.48550329675729,90.02969586326621,91.95630645751953,25834100
2019-04-15,91.71648812624476,91.78263929022899,90.22812478773275,90.90615844726562,15163800
2019-04-16,90.87312897495576,92.10516506382564,90.84005337618085,91.86537170410156,11583200
2019-04-17,92.36146810075239,94.80901128025253,91.7909315245622,94.51133728027344,17791900
2019-04-18,94.70153948281056,95.04882380659485,93.7092967552768,93.81678771972656,12501900
2019-04-22,93.29586060033608,94.20541747915144,93.15529403811993,93.93254852294922,7975900
2019-04-23,93.43641894968846,94.56923444165184,93.31238704336002,94.04830169677734,9193100
2019-04-24,93.65142670611476,94.38734151307277,93.27933090949567,93.89122009277344,9245700
2019-04-25,93.44468983824738,94.38732223686529,93.0229838782789,93.94081115722656,9311800
2019-04-26,94.22195527638091,94.74288808447237,93.93255166551099,94.65193176269531,7889300
2019-04-29,94.7594183760748,96.87621249373164,94.63538646039359,96.01626586914062,14242200
2019-04-30,96.27258270600942,96.51237603291611,95.30514523121401,95.9583740234375,11389100
2019-05-01,95.6855189137955,96.74391284841408,95.18112706862173,95.22247314453125,10412900
2019-05-02,95.23072276674438,95.73511453487414,94.74287194986205,95.4291763305664,8613300
2019-05-03,95.91703907489061,96.47931162525684,95.64417012209701,96.01626586914062,8185400
2019-05-06,94.41211682371257,95.47878101020709,94.03175697797815,95.16456604003906,9387000
2019-05-07,94.2880955877616,94.2880955877616,92.8493418680572,93.61006164550781,15017700
2019-05-08,93.15526818291703,93.99040315619254,92.98989023633504,93.11392211914062,9575800
2019-05-09,91.89843304198105,93.22142524504727,91.43538734803899,93.03951263427734,12205900
2019-05-10,92.4028187496351,93.30410496035432,91.40230576449191,93.03124237060547,13189000
2019-05-13,91.02196274459179,91.32790098234734,90.11240589080263,90.50102996826172,13783700
2019-05-14,90.58369497609715,92.37800302501215,90.54234891437076,91.22038269042969,10503600
2019-05-15,90.30256500346287,91.69997876228047,89.80644375389313,90.87310791015625,10142000
2019-05-16,91.46847997549807,92.7501263480564,91.44366854425255,92.03901672363281,9672700
2019-05-17,90.95581845525591,92.40284283977135,90.81525188623486,91.5925064086914,9570100
2019-05-20,91.435394639588,92.45244241396195,91.26175249051256,92.07208251953125,8518200
2019-05-21,92.14652100668813,92.54341561743668,91.96460834820918,92.38631439208984,7967900
2019-05-22,92.11343682378501,92.43591603067578,91.57596937612523,91.63385009765625,7918900
2019-05-23,90.65813164199398,90.78216354782516,88.88862829047487,89.83126068115234,14558000
2019-05-24,90.5589035483434,90.92272878458958,90.28604092968347,90.71601104736328,8537300
2019-05-28,90.294305274581,90.81523801087138,89.66588789431519,89.7320327758789,11665500
2019-05-29,88.84728408548706,89.63281529990357,88.52480490866631,89.48397827148438,9966400
2019-05-30,89.83953901416777,90.27777965237671,88.09484062952535,88.52481079101562,10367800
2019-05-31,87.28449237439436,88.13616841339078,86.68914430209897,87.61524200439453,10952800
2019-06-03,87.4829625221203,88.35944384553417,87.06952698337403,88.02869415283203,11680700
2019-06-04,89.17803615194548,90.87312422656538,88.58268802215653,90.7408218383789,12858600
2019-06-05,90.8400334704839,91.27000354328801,89.83125000874178,91.06328582763672,8340500
2019-06-06,91.0798366487258,91.67518474368808,90.07105307765357,91.26174926757812,8726700
2019-06-07,90.70775053750339,90.97234901788336,90.09586773447322,90.26124572753906,10618900
2019-06-10,91.57594328194244,91.95630310198229,91.13770275686443,91.23692321777344,11380600
2019-06-11,91.63385073830497,92.25400403412688,91.26176128422205,91.5180892944336,9847700
2019-06-12,91.53460612047739,91.69998408561707,90.03797180997812,90.35218048095703,9670500
2019-06-13,90.50928826685268,91.08810168394895,90.17027447712465,90.575439453125,8406900
2019-06-14,90.6002509487051,91.20386952601449,89.82299022660047,90.80696868896484,9077400
2019-06-17,90.70773127401144,91.26173954747124,90.1785344256364,90.31083679199219,8128600
2019-06-18,90.13721420571152,92.12170597153896,90.11240908377405,91.54289245605469,11057300
2019-06-19,91.63383505964163,92.27052289199612,90.7077373586015,90.88138580322266,13126500
2019-06-20,91.6834594009695,91.85710156377985,90.15374922604695,91.11292266845703,13638000
2019-06-21,91.11292060505932,92.33668619387305,90.20335742732915,90.49276733398438,27089500
2019-06-24,90.36044181848601,90.76560675218765,89.74855918065771,89.84778594970703,13039600
2019-06-25,89.8643191734868,90.11238293793731,89.02917789559525,89.10359954833984,18660100
2019-06-26,89.55010710054657,90.38524203784567,89.43434569718782,89.69894409179688,10324600
2019-06-27,89.99662017822266,90.58370403252124,89.66587688543756,89.99662017822266,10906600
2019-06-28,91.81575960265063,92.96510982559309,91.69999816354314,92.44418334960938,21634700
2019-07-01,93.62660594757382,94.69326398426968,93.50257403607834,93.99869537353516,12724500
2019-07-02,93.85810709949415,94.42864366671373,93.6183138083633,94.097900390625,10174900
2019-07-03,94.38104274286447,94.82239230285181,93.48170462567364,93.94802856445312,6849400
2019-07-05,94.5226166149291,95.15548304121012,94.03130556082438,94.5059585571289,7929400
2019-07-08,94.06458909126,94.49760952868192,93.68153646011649,93.9896469116211,6917200
2019-07-09,93.49836587572689,94.50596240528954,93.390113908368,94.3893814086914,8947300
2019-07-10,94.40603708439717,94.78908982829263,93.88141625975895,94.11457824707031,9242300
2019-07-11,94.40601519560131,95.23041098907727,94.19783399045787,95.01390075683594,11595200
2019-07-12,95.03890573544174,96.05483129227913,94.87236327010584,96.01319885253906,10783400
2019-07-15,96.21303464566849,96.23801537588267,94.53925583626378,94.84736633300781,12946600
2019-07-16,94.49762812785454,96.17972969596612,94.03129784552509,95.86329650878906,16945000
2019-07-17,95.28870320683504,95.71339465195005,94.70579836309781,94.92230224609375,13120900
2019-07-18,94.87235646562041,95.82166242696168,94.55592326290244,95.48857116699219,9397200
2019-07-19,95.67176958181744,95.86329911689008,94.43101117762858,94.54759216308594,10402800
2019-07-22,94.02297931801944,95.30537017972965,93.90639197740391,95.15547943115234,9061100
2019-07-23,95.6634383232357,96.97081621811849,95.61347686011503,96.8958740234375,12752200
2019-07-24,96.24637082245738,97.32890966573551,96.19640299512655,97.28727722167969,10011000
2019-07-25,97.33721465128815,97.62866710043724,96.0298367909449,96.35459899902344,10138400
2019-07-26,96.40452882792007,97.02074963613607,96.20467669310709,96.77925872802734,12800400
2019-07-29,96.97914650245158,97.57870948041335,96.42122231308771,96.47118377685547,8500400
2019-07-30,95.92159191136942,96.66271663092701,95.5635199179617,96.25467681884766,7121100
2019-07-31,96.67935581080884,96.74597532494928,95.64677875437815,96.59608459472656,13648000
2019-08-01,96.03816271575015,97.26226931580939,93.76482097947061,94.0479507446289,15664500
2019-08-02,93.59829147015905,94.4559972054774,92.76556646838395,94.03963470458984,11025500
2019-08-05,92.25759411419054,92.41581388109287,90.15912377017466,91.24166870117188,15855300
2019-08-06,91.64138388173663,92.0161075703864,90.21741861721821,91.95781707763672,10203500
2019-08-07,89.93430118756686,90.16746317413572,88.21888969793517,89.95928192138672,17320900
2019-08-08,90.80865676150502,91.66636242859744,90.53385600801315,91.48316192626953,10903300
2019-08-09,91.05846229969833,91.97445837636208,90.17577597986428,91.38322448730469,9980800
2019-08-12,90.30071958862706,90.35901009647748,89.27646483275369,89.6678466796875,9393700
2019-08-13,89.89263817689074,91.87452723514124,89.12653289794335,91.05012512207031,12124700
2019-08-14,88.51865670883856,89.02661939058564,86.97811060832133,87.26956939697266,19491800
2019-08-15,87.28622034097404,88.58526910101251,86.88650960924636,87.60265350341797,13365600
2019-08-16,88.57695630241017,89.91764399656881,88.16059382231586,89.70113372802734,11830600
2019-08-19,91.29163008526656,91.39155936214922,90.28403370115058,90.50887298583984,8265400
2019-08-20,89.80938292039791,90.30069393543869,89.30142020206848,89.35971069335938,8374000
2019-08-21,90.10916893248002,90.2923694437952,89.47629617153325,89.60953521728516,8189300
2019-08-22,90.24242199535014,90.99186950795847,89.87602091580769,90.53387451171875,9343400
2019-08-23,89.93430560022188,90.58383012415784,87.52773070861912,88.28550720214844,14762300
2019-08-26,88.78514302687827,89.09324721514037,88.27718026153045,88.99332427978516,8209500
2019-08-27,89.39301762759116,89.56788909593654,87.30287632904766,88.05233001708984,14331800
2019-08-28,87.50271761199967,89.27641902932383,87.46940785986207,88.93500518798828,10585500
2019-08-29,90.05085864035443,91.508127028648,89.95092937801022,90.95020294189453,10002200
2019-08-30,91.46650386977404,92.06606683987009,91.15839970966535,91.48316192626953,10170300
2019-09-03,90.75036115909096,90.7586838336829,89.36803479442348,90.4006118774414,9868800
2019-09-04,91.14174391507038,91.78294568913103,90.40061921230529,91.49149322509766,6929200
2019-09-05,92.64064145506136,94.69747289309032,92.59900267043615,93.57329559326172,13224700
2019-09-06,93.81478636754446,94.08125807029401,93.23187514996407,93.77314758300781,7836600
2019-09-09,94.68915126678856,96.6460535865878,94.59755101600251,96.0964584350586,13985100
2019-09-10,96.84591131690617,97.6536491574635,96.3712583637928,97.32056427001953,14333100
2019-09-11,97.33721611368176,97.59535880777973,96.07979969624783,97.5870361328125,9919200
2019-09-12,97.05409331624942,98.65292366010702,96.52947254331797,98.18659973144531,12283500
2019-09-13,99.09426816924424,100.26008435951984,98.88608693359457,100.11852264404297,16257200
2019-09-16,99.01098305254517,99.81872715003436,98.57796258536986,99.22749328613281,11993900
2019-09-17,98.61126555120963,98.76948529022836,97.6286500703498,98.73617553710938,10735400
2019-09-18,98.52800882877612,99.9936064155277,98.05335589513099,99.72713470458984,10665600
2019-09-19,99.67718495503014,100.21012847348885,99.16922217131356,99.41071319580078,9382600
2019-09-20,99.71048752195662,100.2101212402995,98.98602085397503,99.01100158691406,21862800
2019-09-23,98.07833526330923,99.19418990518123,97.99506404602006,98.99433135986328,9135100
2019-09-24,98.88607338355091,99.31076482497453,97.46211468921013,97.70360565185547,11696500
2019-09-25,97.6536512701339,98.56132476166053,97.5287476112337,98.26154327392578,9389400
2019-09-26,98.16160361338743,98.30317166714923,97.38716924416413,97.45378875732422,9899200
2019-09-27,98.22822591021911,98.7944790817539,97.66197273868431,98.02837371826172,10207800
2019-09-30,98.56133458198988,98.9027485389797,97.61202856063981,98.00341033935547,9755000
2019-10-01,98.59463162961839,99.09426531012448,96.10478590197903,96.22136688232422,11250300
2019-10-02,95.60514780424667,95.68009635209307,94.03962721277664,94.30609893798828,12548700
2019-10-03,94.23896075968352,94.77617994697239,92.77001815470811,94.17181396484375,12735200
2019-10-04,94.29770511375528,96.48013894707904,94.23894767387846,96.21153259277344,9453100
2019-10-07,95.85060223522122,96.9502086126036,95.7498724402843,96.00169372558594,6771600
2019-10-08,94.9020778401845,94.9020778401845,93.72692895809571,93.8612289428711,10806300
2019-10-09,94.5747066605184,94.98601514131332,94.07107054967305,94.54113006591797,7273700
2019-10-10,94.96924024433893,96.86627654437649,94.85172534473394,95.86739349365234,10994100
2019-10-11,97.39507746404115,99.04029219014632,97.26077748848188,97.48741149902344,15076500
2019-10-14,97.243983526173,98.10017066449198,97.08450270949044,97.74761962890625,8779000
2019-10-15,99.76217894016276,102.06212139443683,98.93957472992682,100.69390869140625,23379000
2019-10-16,100.69389968741893,101.24790388092491,100.2070486817465,100.45886993408203,11087700
2019-10-17,101.35703031123302,102.0453345259204,100.62675375010531,101.02127075195312,10818500
2019-10-18,100.72747316169306,101.58365386577212,100.60995828866416,101.1975326538086,10417400
2019-10-21,102.44823539815012,103.89199044870072,102.39786730744612,103.70732879638672,12714600
2019-10-22,103.6233907000577,105.00839480697174,103.34639500193937,104.74818420410156,12549100
2019-10-23,104.25291305666912,105.05034258218731,104.22773221764585,105.02516174316406,8828300
2019-10-24,105.16788303148662,105.47846173121944,104.14381930142342,104.94963836669922,8020500
2019-10-25,104.9244554938058,106.30945958714014,104.71460658281819,105.78903198242188,9055700
2019-10-28,106.24230962787371,106.7795223440041,106.09961390104424,106.19194793701172,9522200
2019-10-29,105.814215305343,106.95579392017875,105.71349192432146,106.12479400634766,9797300
2019-10-30,105.80581488520643,105.98208718762481,104.85729378599515,105.5372085571289,8513700
2019-10-31,105.33573972575223,105.53719925711763,103.96752736331264,104.85728454589844,11589100
2019-11-01,105.93171933775048,107.43423819023292,105.78062787761036,107.2747573852539,11682600
2019-11-04,108.34919682483061,108.63458828447786,107.91270748126549,108.1309585571289,9159900
2019-11-05,108.60939350871064,109.37324655994044,108.14772337839811,108.36597442626953,13747600
2019-11-06,108.02184258493321,108.98714258728755,107.92950853885179,108.53387451171875,11231100
2019-11-07,109.4823480989569,110.20422873588888,109.05426100809306,109.12141418457031,13528900
2019-11-08,109.02068618213863,109.45716259841865,108.49186294499533,109.44038391113281,9293400
2019-11-11,108.78568318982374,109.20538102187065,108.5758342738003,109.05428314208984,8679000
2019-11-12,108.81085300636029,109.64184643236295,108.29041903782198,108.41633605957031,9099000
2019-11-13,107.55177735036234,108.13096244457353,106.95580075552066,107.8455581665039,8023300
2019-11-14,107.20760161459599,108.14772054026247,107.09847609352407,107.94627380371094,8483400
2019-11-15,108.47506936976484,108.72689056396484,107.7783696160133,108.72689056396484,10163600
2019-11-18,108.75211114703542,109.66704943911537,108.27366223054402,109.6418685913086,8749300
2019-11-19,109.95241632222687,110.17065453169552,109.272495238264,109.60826110839844,8824500
2019-11-20,109.3732532156307,109.64185315714667,108.23167464582585,108.81085968017578,11782800
2019-11-21,109.12145458909897,109.72582059301476,108.6094226360082,109.06269073486328,7705500
2019-11-22,109.24734081388284,110.14550032447991,109.20538127710918,109.78455352783203,8167900
2019-11-25,110.17068702494706,110.85899765561119,109.85171255628201,110.37214660644531,10068500
2019-11-26,110.64914090955311,110.64914090955311,109.42361762298367,110.52322387695312,10490700
2019-11-27,111.04363570532969,111.16115057426966,110.50642304615266,110.85057830810547,6607900
2019-11-29,110.69110417869108,111.14438501828018,110.33855953021155,110.59877014160156,5712000
2019-12-02,111.06043594885068,111.4213827371211,110.25462330071022,110.3553466796875,8615600
2019-12-03,108.92837823247477,109.08786545695803,107.93788469481314,108.936767578125,10361300
2019-12-04,109.44040876668966,111.19474259836285,109.1130449760513,111.08561706542969,10318200
2019-12-05,111.37098990264204,111.89981317152615,110.95129214845694,111.6899642944336,9587400
2019-12-06,113.05823176471475,113.97317018893474,113.02464875734704,113.35201263427734,10170600
2019-12-09,113.00782630869124,113.70452614793858,112.82315826416016,112.82315826416016,8498200
2019-12-10,111.84947517990622,113.12536020914429,111.53890287464131,112.89871978759766,7532900
2019-12-11,112.72243046467298,113.3351984798555,112.48740071929028,112.63009643554688,9011900
2019-12-12,112.89032044033345,116.23111138896554,112.6552906936856,115.85338592529297,13717400
2019-12-13,115.7946256636148,116.53329792343122,114.34247479662203,114.83771514892578,10592100
2019-12-16,116.15556371421502,116.54167850596959,115.26580645442581,115.28258514404297,11372000
2019-12-17,115.60995306728952,116.39898698513771,115.1902552648733,115.98767852783203,11546800
2019-12-18,115.96249699217405,116.69277987356844,115.60156303216749,115.87016296386719,10381500
2019-12-19,115.63511990010944,116.02124746713869,115.0811286022451,115.29097747802734,9350400
2019-12-20,115.85338937624368,116.57527013621079,114.91325755348778,115.19866180419922,29992600
2019-12-23,115.50087375098335,115.76108441442848,114.8965077160689,115.16510772705078,9738400
2019-12-24,115.27419042277367,115.5260116450459,115.04755004191273,115.48403930664062,3324300
2019-12-26,115.74422651430034,116.75990054282732,115.65189251170698,116.70952606201172,6770900
2019-12-27,116.92781681520998,117.32233379606662,116.39899345615508,116.79351043701172,7868200
2019-12-30,117.43144068299594,117.5825385529973,116.23111110894766,116.36541748046875,6963000
2019-12-31,116.26465732368067,117.07887192191339,116.07998930295832,117.01171875,7201600
2020-01-02,117.3391265882161,118.43874578267754,116.894247864113,118.43034362792969,10803700
2020-01-03,116.15785399145182,117.61932738145413,115.8030460933789,116.86746978759766,10386800
2020-01-06,115.36377043840189,116.80835761995961,115.31308543034523,116.7745590209961,10259000
2020-01-07,115.9719765023705,116.46195289602231,114.73859876178504,114.7892837524414,10531300
2020-01-08,114.63725414374525,116.22545312966461,114.55278342792542,115.6847915649414,9695300
2020-01-09,116.62248910506871,116.77454410982247,115.76924861043828,116.10717010498047,9469000
2020-01-10,115.91286749580017,115.94665319836851,114.73016165972709,114.94981384277344,10190900
2020-01-13,115.05117618181988,115.90440368652344,114.68791222886479,115.90440368652344,12355200
2020-01-14,116.52957308932032,118.9118586169676,116.31837696958193,117.25608825683594,24906000
2020-01-15,116.45353475275891,117.08712305306689,115.01739095975128,115.4989242553711,16293400
2020-01-16,116.11560192956371,116.49575229458179,115.60028297997475,115.94664764404297,10783800
2020-01-17,116.19163812824256,116.8252264141958,116.00579742351869,116.74919891357422,14697700
2020-01-21,115.8959986680396,116.63941322384781,115.47360637776488,115.6003189086914,8474200
2020-01-22,115.93820847064264,116.07336416952491,115.21169341630751,115.46511840820312,7549100
2020-01-23,114.64570304506613,115.51582999478342,113.80936180147917,115.34686279296875,9345700
2020-01-24,115.20324670723306,115.2539317097409,111.78188013408243,112.48303985595703,15166400
2020-01-27,110.0500872102076,112.30566041744393,109.5770099234989,111.53690338134766,12860500
2020-01-28,112.22118007716543,114.02057535049367,111.91705711393233,113.56438446044922,13062800
2020-01-29,113.88537747648242,114.50206644979741,112.93922311847736,113.39540100097656,9326000
2020-01-30,112.09446720928369,115.00052820689612,112.09446720928369,114.79777526855469,9048900
2020-01-31,113.61505338370068,113.90227697282953,111.06380100344782,111.81565856933594,12785200
2020-02-03,112.06912496448038,113.40388614162899,112.06912496448038,112.66891479492188,10021100
2020-02-04,114.51054578264923,115.39757211849022,114.11349602175268,114.2908935546875,9157100
2020-02-05,115.37220830773515,116.35214838626727,114.89911822970134,116.23387908935547,10150700
2020-02-06,116.78299647867824,116.82522538506045,115.82838601132762,116.25077819824219,8992300
2020-02-07,115.50738971460078,116.30148926645441,115.14413853981934,115.87909698486328,6379800
2020-02-10,115.6932088784437,116.4535224930027,115.5242545942258,116.360595703125,5960700
2020-02-11,116.7998852728262,117.27297535976665,116.39439237440693,116.58024597167969,6578600
2020-02-12,117.0871217624939,117.67001216442736,116.41129167153723,116.58024597167969,7958000
2020-02-13,116.36907860124231,116.86749842133986,115.22861423556414,116.4789047241211,7447500
2020-02-14,116.44507852017765,116.74075821612388,115.68477771686867,116.12406921386719,6627600
2020-02-18,116.02266320759144,116.33524213856523,114.08811299010806,114.58653259277344,8996400
2020-02-19,115.65943755409461,116.90971488117793,115.17790424931462,116.1494140625,7071200
2020-02-20,115.87907686184025,116.88437237991448,115.33841535090795,116.1494140625,7422800
2020-02-21,115.35530097948273,115.66786705161914,113.97829841886329,114.73015594482422,9772800
2020-02-24,111.03847502441053,112.52529108086578,110.4978134683915,111.64672088623047,13618400
2020-02-25,110.66675958180575,111.70584081437227,106.09647275271149,106.66248321533203,20797200
2020-02-26,107.2284935198547,108.9349553210869,106.73006732879965,106.98350524902344,24825600
2020-02-27,103.83245528048528,106.1218202659605,102.47235186013677,102.53148651123047,23005500
2020-02-28,99.27905612091634,100.09849798935026,95.17341002079658,98.0879135131836,45931400
2020-03-02,98.52720769633696,102.70889457453276,96.69402699388195,102.658203125,27355400
2020-03-03,102.19357970000215,103.86624936310947,98.19774626890069,98.80599212646484,32547700
2020-03-04,99.96332905972919,101.53462839368284,96.89675788611346,101.24739837646484,25795900
2020-03-05,97.71620591511243,98.35824383691954,95.10582532195937,96.28007507324219,25025600
2020-03-06,89.76679106917574,93.19661362946896,88.71925378523345,91.3042984008789,38159400
2020-03-09,81.58082587969382,83.8279553845469,78.56494595410214,78.93665313720703,40352000
2020-03-10,83.633662677713,85.55977024148383,79.89971686056471,85.06979370117188,31102700
2020-03-11,82.53544449085052,84.52069325613581,79.87437842625756,81.06552124023438,38127000
2020-03-12,75.6842248272043,81.91028764280817,72.92178291142793,74.38326263427734,49725200
2020-03-13,81.09085039449987,87.84912539807557,77.72016254112062,87.78154754638672,38543300
2020-03-16,71.97562010778405,79.39283170932649,71.42651546645222,74.6451416015625,38589700
2020-03-17,76.78248156006784,82.3158239730645,73.91866191684791,79.20701599121094,35239800
2020-03-18,74.06224128235037,76.69797073421668,67.8868698409747,70.86895751953125,41525600
2020-03-19,68.90060640364366,74.43394622366525,64.97236451017322,72.06010437011719,32175100
2020-03-20,72.90488838751293,75.57440345035587,69.6778125874754,70.53948974609375,30150800
2020-03-23,69.84678577170828,70.75070496842244,65.96922139566911,66.76332092285156,32536600
2020-03-24,71.72218944562655,76.11506529410134,70.03262082002966,74.70427703857422,34363200
2020-03-25,75.38854791594954,80.38122614241617,71.41806434782717,77.4920654296875,38111700
2020-03-26,79.47732126566615,83.27040157769451,79.02113689691805,82.89025115966797,29826300
2020-03-27,78.72547480070841,80.119364161326,76.49524408948668,76.98521423339844,30041500
2020-03-30,76.57970853978681,79.48576254583149,75.43925086811389,78.98734283447266,21656900
2020-03-31,77.7624146235215,79.55335361143094,75.4730429914774,76.05594635009766,23379300
2020-04-01,71.89114506817877,73.12452941439766,70.32829534945176,71.26600646972656,28029600
2020-04-02,70.54794822034278,74.26500093111576,70.08331421454855,73.92708587646484,24018000
2020-04-03,73.40640353531879,74.66967939174546,70.64939272323156,71.74195861816406,21199400
2020-04-06,75.95856557994038,77.6656914907921,74.85746858598078,76.3597412109375,26820800
2020-04-07,80.61902398488562,80.6617047404095,77.14502278194945,77.36695098876953,22563800
2020-04-08,78.61314726687282,80.96898285848074,77.2901285869598,80.4909896850586,22903300
2020-04-09,82.72730963908133,89.10342515357203,82.70170379559626,87.71212005615234,42055900
2020-04-13,88.01086007997746,88.01086007997746,83.0516623380751,83.81133270263672,26911900
2020-04-14,86.22693130838947,87.063425912907,79.9276387190717,81.51526641845703,46151300
2020-04-15,77.80227069644442,78.55340381083185,76.93163276787561,77.49498748779297,30118600
2020-04-16,77.01699043484916,77.30719872177143,74.3026599020473,74.54165649414062,32449600
2020-04-17,78.5277811199018,81.68596101659602,77.6400749866515,81.24211120605469,30191900
2020-04-20,78.9289678508776,80.84094705539302,77.2133044800934,78.28025817871094,23679400
2020-04-21,75.64275615903512,77.99858537377659,75.39522210510532,76.0097885131836,23035000
2020-04-22,77.40962412398073,78.41682864080556,76.12074227763246,76.25730895996094,16662400
2020-04-23,76.59875648600934,77.91324453955023,76.18904981425408,76.30001068115234,16638800
2020-04-24,77.36694000599896,77.75957815483896,75.53177848585804,77.42668914794922,15809200
2020-04-27,78.47658064484439,81.62622353971427,78.13515415832997,80.76412963867188,22870200
2020-04-28,83.4869973807112,83.95645964926898,81.1140932134608,81.33602142333984,20238900
2020-04-29,84.57101083061536,84.88682492513158,83.02605760566651,83.5296630859375,20462600
2020-04-30,81.6006170481878,82.65903328706901,80.70437985435761,81.73719024658203,19127600
2020-05-01,79.80814019988114,80.0129934957035,78.3912224993684,79.5947494506836,18547700
2020-05-04,78.544847949097,79.09966508536438,77.5035067773526,78.64727783203125,15725900
2020-05-05,79.93616633253987,80.41415946932798,78.44243126790894,78.52778625488281,18064100
2020-05-06,78.66437232735956,79.17650884524811,76.7609238964736,77.05113220214844,20978000
2020-05-07,77.96443067914447,79.30453065836929,77.3157275762283,77.85346984863281,16771900
2020-05-08,79.21065906696526,80.30321880380566,78.62169843825579,79.12529754638672,20487800
2020-05-11,77.76812044043447,77.76812044043447,76.24877944027145,76.79505920410156,31907600
2020-05-12,76.94870228030769,77.49498205468461,74.1746226554814,74.28558349609375,27962900
2020-05-13,73.7307632371803,74.14047630720151,71.1871493633526,71.72489166259766,35451600
2020-05-14,70.60672141948335,75.20742475289727,70.33358156245542,74.70381927490234,35152500
2020-05-15,74.13195010836017,74.49898248291306,72.80893127891184,73.3210678100586,26099000
2020-05-18,75.702514196033,77.80227866201723,75.01112364969657,77.20478057861328,30504400
2020-05-19,76.8633303408442,77.84492232040947,75.61712296111405,75.68540954589844,19597300
2020-05-20,77.42669832885863,78.86068441786854,77.13649003702236,77.9559097290039,20552400
2020-05-21,77.05114480984155,78.32295862717442,76.53900820815332,76.96578979492188,14621400
2020-05-22,76.82918792895528,77.12793360060185,75.7280911573146,76.3682632446289,13557900
2020-05-26,79.28744433411791,83.22236918259661,79.04844780302743,81.78838348388672,41233900
2020-05-27,87.12317969771074,87.55849867384352,84.33203140735533,86.52568817138672,39402000
2020-05-28,87.8657688685999,87.87429980901932,84.84415535722074,85.2367935180664,24713900
2020-05-29,84.2125186747212,84.65636851649694,82.60781625808,83.0602035522461,26526400
2020-06-01,83.435796187299,84.93806912364414,83.11997548394802,84.16132354736328,15176800
2020-06-02,85.5952865171273,85.71478480207998,83.58941500580121,84.44297790527344,21195000
2020-06-03,86.70492714321215,89.55582430717408,86.26107075666795,89.00100708007812,25941100
2020-06-04,88.6169186139066,90.99836038611592,87.73774968435859,90.85325622558594,26784700
2020-06-05,98.09999094512182,98.8169807034286,93.49074967316727,94.94181060791016,42231000
2020-06-08,96.80258653708243,97.46836465976608,95.54784783871597,96.83672332763672,24881800
2020-06-09,94.44674431572983,95.2832323829057,93.0469015602297,94.35285186767578,17031100
2020-06-10,94.28457113655486,94.3272518927524,90.34964506296456,90.52889251708984,24913300
2020-06-11,85.38187721988244,86.70490203114555,82.40294517211262,82.9748306274414,36259200
2020-06-12,85.96231284096208,86.32080767086697,83.07727278594034,85.24532318115234,24856800
2020-06-15,82.30053043306495,86.57688223883957,81.83107476146306,86.4232406616211,22153600
2020-06-16,89.9399372919424,90.20453974286605,84.76734098948864,87.11463928222656,22193600
2020-06-17,87.51580815662689,87.52434560952774,84.68197942521599,84.91244506835938,15639800
2020-06-18,84.22103435137039,85.80012412465848,83.76010968834842,84.45149993896484,16591900
2020-06-19,85.80868419907044,85.86843334639103,82.5651488254021,83.48699188232422,40371200
2020-06-22,83.00898815618312,83.60647955346847,82.4029593068886,82.58220672607422,16216900
2020-06-23,84.47712271672717,85.3306856314971,83.52112990780428,83.58941650390625,15381400
2020-06-24,82.58222239917932,82.65903994533741,80.4995265410837,80.79827880859375,22919800
2020-06-25,80.53365816752907,83.82841147656882,80.4568406325081,83.61502075195312,25743600
2020-06-26,81.1823773629792,81.40430556614594,78.52779591488301,79.0313949584961,41896300
2020-06-29,79.72277410989327,80.65315452109901,78.68142635675687,79.38134765625,18499700
2020-06-30,79.23625398086924,80.7982758165986,79.01432577990442,80.2861328125,19137000
2020-07-01,80.99457655525714,81.69449781655892,79.4069491677879,79.603271484375,18755700
2020-07-02,81.65456109152875,81.84417586375986,79.23267886133095,79.86185455322266,27845600
2020-07-06,81.38736764888928,82.05101267351205,80.56858388692766,81.8786392211914,18625300
2020-07-07,80.86164579868422,81.10297133896577,79.29302321122638,79.5688247680664,25757200
2020-07-08,79.54295856131827,80.44792921406602,79.12063892336931,80.41345977783203,18762200
2020-07-09,80.60305759057259,81.12019112620504,78.2415069753135,78.67244720458984,25600800
2020-07-10,79.29301638944895,83.46451539972324,79.18097427699401,82.9732437133789,28954200
2020-07-13,85.09345293433643,85.55886255366238,82.93875198120513,84.1626205444336,32079200
2020-07-14,84.78316767649743,86.14493355620715,83.29211186073555,84.645263671875,42731700
2020-07-15,86.95512311443092,87.29987662953829,85.02451263570664,85.9553451538086,22508400
2020-07-16,85.13656216091451,87.23955286847367,84.9383333109818,86.1966781616211,16886900
2020-07-17,86.18805275412116,86.25700477447484,84.58495444684438,84.6021957397461,16137700
2020-07-20,83.97303455233018,84.80043921247719,83.82651641551438,83.86099243164062,14458100
2020-07-21,84.21433426635295,86.23113784973216,84.15400290053877,85.67953491210938,17798100
2020-07-22,85.88637958001728,86.30007847234995,84.05919084127613,85.05897521972656,14271200
2020-07-23,84.89523912077128,85.62783631582509,84.43844345475985,85.30894470214844,12870200
2020-07-24,85.84329414862987,86.01567418931432,84.4125759768929,84.70561218261719,12744200
2020-07-27,84.04197539071859,84.14539684969456,82.88705201901455,83.51622772216797,11959100
2020-07-28,83.17147021145543,84.3694836086584,83.17147021145543,83.87821197509766,11754300
2020-07-29,83.66273069052606,85.93809443476935,83.6023993251721,85.91223907470703,12743500
2020-07-30,84.06781037190001,84.24018381214987,82.78361048785047,83.61962890625,14834800
2020-07-31,83.15424729189995,83.54209095082165,82.09413120821853,83.29214477539062,14535000
2020-08-03,83.61964203263317,84.09367893117114,82.61124344006286,82.82671356201172,12962800
2020-08-04,82.66296152559846,82.69743095888643,81.90450248073653,82.3526840209961,13366200
2020-08-05,82.62848479108908,84.86937274582974,82.49920140270233,83.78340148925781,15260900
2020-08-06,84.10230029500131,84.55047525920433,83.20594379096893,83.80925750732422,10482100
2020-08-07,83.54208925164664,85.74850154764059,83.22319105314267,85.65369415283203,14743700
2020-08-10,86.2828740984005,87.94630404871596,86.21392206689069,86.73966979980469,14989900
2020-08-11,89.51490661108382,91.497234332761,89.21324976012238,89.48043060302734,31518600
2020-08-12,91.49720978111021,91.72991455351651,87.66183875321478,88.72195434570312,19240800
2020-08-13,87.91179952124936,89.0839573742494,87.60152205571256,88.23069763183594,13598600
2020-08-14,87.48086810750793,89.04086966118528,87.4119160914404,88.26518249511719,12134400
2020-08-17,87.48086958571032,87.91180982997491,85.78296397120766,85.93810272216797,14988000
2020-08-18,86.11049831890654,86.11049831890654,84.5677311767028,84.74010467529297,13246500
2020-08-19,85.25721554396011,86.69655436809374,84.7573232871723,84.93832397460938,13533000
2020-08-20,83.82650303949264,84.49014816105037,83.43003878074524,83.92131042480469,13672600
2020-08-21,83.83511531883074,84.95556262550511,83.55069974459934,83.87821197509766,12228300
2020-08-24,84.85213321140449,86.3690447436039,83.96439734205318,86.23976135253906,17898300
2020-08-25,87.28264848757605,87.89458952129318,86.01568948528244,86.61900329589844,13648900
2020-08-26,86.13635904161447,86.4207746744089,85.3692857466291,85.40375518798828,12052400
2020-08-27,85.32617939371694,88.47204489861072,85.32617939371694,88.2134780883789,22163900
2020-08-28,88.89435285917183,88.98916023874504,87.74805023387836,88.57545471191406,13756700
2020-08-31,88.01524399187313,88.06695472058952,86.20528957927851,86.35181427001953,14219400
2020-09-01,85.8002018790438,86.93788381600275,85.36064100605651,86.30870819091797,11595600
2020-09-02,86.14494491681872,87.86009167846952,85.80881208075415,87.61014556884766,14475700
2020-09-03,89.04947534090786,90.4888139123762,86.7396357958606,87.33433532714844,23281200
2020-09-04,89.67865729422999,90.67843512824653,87.36881758382903,89.22185516357422,26325500
2020-09-08,88.75644569106406,89.26495196621354,85.73986431805706,86.11908721923828,22108600
2020-09-09,86.87755772666253,87.64463085176129,85.80882116364452,86.9378890991211,13434000
2020-09-10,87.39467883622238,88.27379400085148,85.87776740493734,86.0415267944336,15922800
2020-09-11,86.16220034151809,87.36021378978315,85.83468152143364,87.11026763916016,13784300
2020-09-14,87.48949005302757,89.17015437197527,87.3688273109301,88.31689453125,19017400
2020-09-15,88.54098900252112,88.64441045685847,85.44683450627336,85.56749725341797,23683000
2020-09-16,85.69676906052986,87.16196312097415,85.11931076646512,85.92947387695312,19270600
2020-09-17,85.06761558201838,85.61921865937096,84.2143555991804,84.94695281982422,18290100
2020-09-18,84.3694736019241,85.74848095576165,83.98163004402863,84.76593780517578,20121600
2020-09-21,82.05099800437239,82.78360148482399,80.8616056144987,82.14580535888672,28378800
2020-09-22,81.84415786316612,82.44747805808392,80.73233141421966,81.24945831298828,19257000
2020-09-23,81.68903852524079,82.18031018202036,79.8618559441931,79.93080139160156,19952700
2020-09-24,79.56881174824002,81.27533812269326,78.75864193075319,79.86185455322266,18366500
2020-09-25,79.33609837519175,80.77543715439134,79.1809596305362,80.55996704101562,13293100
2020-09-28,81.93035186129163,83.54207063831569,81.31841754290303,82.87842559814453,20894100
2020-09-29,82.76637680817272,82.76637680817272,81.30118270446009,82.1802978515625,12848200
2020-09-30,82.18031512763496,83.77479294642778,82.10274902877244,82.9732437133789,16400600
2020-10-01,83.70584437636934,84.26606149340012,82.76639112395057,83.5765609741211,15778700
2020-10-02,82.09413473827256,84.9728130520587,81.95623067322454,84.36949920654297,15149600
2020-10-05,85.52643466656103,86.33542175552952,84.83923000933879,86.15274810791016,13871900
2020-10-06,87.0486945172565,87.73589895988475,84.82180887597997,85.26544189453125,19220400
2020-10-07,86.08315024059365,87.29228046897312,85.83088475340483,86.75296020507812,16358500
2020-10-08,87.43145155717716,88.6579762533266,86.90082537390921,88.53619384765625,15659000
2020-10-09,88.7275825086626,88.82326964818193,87.08351312840423,88.03167724609375,13689100
2020-10-12,87.94470344549609,89.59747370525216,87.72723384912412,89.11034393310547,16058000
2020-10-13,89.59745919507843,89.78883347075624,87.21399466310083,87.66632843017578,21697300
2020-10-14,87.8838061681109,88.66669798843184,87.07481905988675,87.17920684814453,15204100
2020-10-15,86.2049330202769,88.53620698959317,86.15274244914076,88.48401641845703,17171200
2020-10-16,88.21433645912036,89.01462267434944,87.61411847937713,88.30132293701172,13275000
2020-10-19,88.37962724195484,88.61449808164201,86.60507484830026,86.81385040283203,11725700
2020-10-20,87.2574799192246,88.52750129193018,87.09220757451952,87.30967712402344,11257100
2020-10-21,87.30098168624312,87.84900259445894,86.40500815075697,86.43980407714844,10730500
2020-10-22,86.39632277562517,89.80624452476616,86.38762213332886,89.49308776855469,14837200
2020-10-23,90.03241044923546,90.85879223831431,89.5365800484591,90.30207061767578,15087600
2020-10-26,89.29299873518845,89.33648866328869,87.20528972370121,88.06646728515625,12410700
2020-10-27,87.43145526826079,87.78810186096393,86.25712108565517,86.40499877929688,10391700
2020-10-28,84.8131171766404,85.50902233120866,83.56919119258394,83.97803497314453,16389500
2020-10-29,83.61267880157158,85.23065247156903,82.84718188617504,84.52604675292969,14208800
2020-10-30,85.16977802506952,85.6134111301312,83.70838237884257,85.2828598022461,15194500
2020-11-02,86.45718838231397,87.7533049613285,85.12627588106933,87.20528411865234,15011600
2020-11-03,89.61485818373262,91.11104989885371,89.32780339294585,89.95411682128906,17482600
2020-11-04,87.85769272801882,88.78846207858258,86.0570452316331,87.20528411865234,18886500
2020-11-05,87.90986728750525,91.4241751531817,87.85767673198407,90.77176666259766,17837400
2020-11-06,91.36330785681476,91.42419906639714,89.06682990021596,89.56266021728516,12552800
2020-11-09,98.43540898485526,103.42850742076085,95.99104701085676,101.68875122070312,47792400
2020-11-10,102.08021590482329,102.1672024064097,99.76634310673046,101.35821533203125,20539300
2020-11-11,101.68007884189201,101.7409700603521,99.13133503495668,99.84463500976562,14443400
2020-11-12,97.887386675102,99.13131268893582,97.47854288475442,98.61808776855469,22063000
2020-11-13,99.77503039958658,99.91421410207798,98.79207038815692,99.23571014404297,11847900
2020-11-16,102.46293577171315,103.17623550352869,100.67098912178105,102.03669738769531,19858600
2020-11-17,100.3752278784604,101.28860248761845,99.67062878014254,101.00154113769531,14553200
2020-11-18,102.07150601920088,103.17625506289119,100.20996717994107,100.25346374511719,12571200
2020-11-19,99.32270268210098,100.74930253620428,98.78337575710306,100.52313232421875,10202500
2020-11-20,99.5401743557702,100.60142694599281,99.24441228205738,99.66195678710938,12718900
2020-11-23,100.94937643200159,102.79351412688399,100.53183194002855,102.53255462646484,13209200
2020-11-24,104.44626496277671,107.42994716155528,104.1331083105646,107.27336883544922,20121600
2020-11-25,105.57710614083051,106.45567823308399,104.79421453273666,106.1512222290039,11715600
2020-11-27,106.12514397162032,106.42960002453792,105.3248575934814,105.44664001464844,5983600
2020-11-30,104.3853809975906,105.01169434543915,102.4455497472621,102.5412368774414,14411800
2020-12-01,104.68113577968693,105.75978948874138,104.06352307545806,104.15921020507812,12668900
2020-12-02,104.12440161772871,106.39478389595277,103.75035378470137,106.15991973876953,10811300
2020-12-03,105.9946689546371,106.02946488284636,104.69855215290477,105.46404266357422,12904400
2020-12-04,106.5426798561024,107.24727904130967,105.85547531395545,106.42089080810547,13583700
2020-12-07,105.38574458768063,106.27301742591932,104.56805696115035,106.020751953125,9724300
2020-12-08,105.29005507766327,106.41219871958954,105.04649025057424,106.12513732910156,9592100
2020-12-09,107.14288924617169,107.25597765217731,104.76812563306329,105.29875183105469,13073900
2020-12-10,104.37666683284681,105.06387129843284,104.00261900060738,104.62023162841797,13668400
2020-12-11,103.46332710148135,104.4027906214112,102.96749673606334,104.00264739990234,9981600
2020-12-14,105.55101720043633,105.62060904896586,102.74131434165727,102.9065933227539,12112400
2020-12-15,103.7677610402639,105.16826533507017,103.18494429653897,104.66373443603516,12590200
2020-12-16,104.64632717940206,105.32483096483186,104.26357873156267,104.96817779541016,11169400
2020-12-17,105.48144522344134,105.64671758863096,104.0200494041779,104.09833526611328,11618000
2020-12-18,103.63728883518677,104.28099684876568,102.88049240748121,103.58509826660156,28954800
2020-12-21,107.14289175759707,108.73477038888484,105.33354358553154,107.47344970703125,28323600
2020-12-22,107.33428069631803,107.44736248379785,105.7858984160586,105.83808898925781,11788200
2020-12-23,106.80364013027946,110.05698261196557,106.42959225353646,108.79566192626953,14973200
2020-12-24,108.81305286736348,109.21320265024592,107.49084102051494,108.31722259521484,4164900
2020-12-28,109.44806964374848,110.17007010814245,108.55209620230126,109.03052520751953,8072600
2020-12-29,109.77863512646212,109.84822698092471,108.63909671537643,108.74348449707031,8389200
2020-12-30,109.16099435467315,109.47415098279683,108.6477694920855,109.04791259765625,7398000
2020-12-31,108.81303147018747,110.76156289041921,108.57816733972997,110.53539276123047,8580200
2021-01-04,110.90946084299868,111.22261749866333,108.54339128315176,109.49156188964844,16819900
2021-01-05,109.50909145634377,110.65684311960928,108.44019612441132,110.08734893798828,13731200
2021-01-06,113.79342734457371,116.32547941731998,112.0411351186114,115.25658416748047,24909100
2021-01-07,118.88383511507662,121.07419241804766,118.20920132247514,119.04153442382812,21940400
2021-01-08,119.12913330303363,119.46207183310611,117.50826383374968,119.17294311523438,12035100
2021-01-11,117.91130607540558,121.08293890678272,117.49951786737961,120.95152282714844,15937900
2021-01-12,122.16933956457898,124.11437741754249,121.63489198572185,122.85272979736328,18033500
2021-01-13,121.42460937371334,123.35212057309587,120.99530802168168,122.96662902832031,14816800
2021-01-14,123.08928799774368,125.06936561072935,122.65997327847361,123.68505859375,18565600
2021-01-15,120.40829096225505,124.10561441363757,120.04031261382214,121.46842956542969,27881000
2021-01-19,122.53731218337751,123.27326880456874,120.74998705064512,120.9427261352539,19843800
2021-01-20,120.75001235920253,121.05665433119808,118.66478812656624,119.12914276123047,16028800
2021-01-21,118.88381627434238,119.29560445155104,117.68350494058147,118.13033294677734,13411700
2021-01-22,116.2553900423437,117.75358674082494,115.82607525839204,117.2191390991211,12933200
2021-01-25,115.77350041389536,116.67592636101233,113.95112192168405,115.75597381591797,14212800
2021-01-26,116.30796056685043,116.6759389508191,115.07259596924793,115.28287506103516,11307800
2021-01-27,113.53934392868003,113.76714961614327,111.57678589919365,112.02362060546875,17603900
2021-01-28,113.81093060458855,115.79977826328087,113.01365091338394,113.99492645263672,13761800
2021-01-29,114.94117520869825,115.40552981970428,112.3127468284175,112.73329162597656,14808100
2021-02-01,113.37287556184515,113.95990301586545,112.56682577170064,113.56562805175781,11080700
2021-02-02,115.59826758096379,117.74481447769602,114.96744378052902,117.0614242553711,12253600
2021-02-03,117.09648178596079,118.9451436589255,116.9738223267115,118.40193939208984,10600800
2021-02-04,118.6910711156851,121.48596890279973,118.6910711156851,121.12674713134766,12419500
2021-02-05,122.12555478654033,122.21317442157415,120.36451242094672,120.89019012451172,10051300
2021-02-08,121.082957176358,122.92286278212514,121.06543057346929,122.78267669677734,10136400
2021-02-09,122.16057039041095,122.64245154976406,121.38080392123108,122.29199981689453,8614800
2021-02-10,122.65996872199615,123.42220853529979,121.81886591131148,122.3620834350586,10323200
2021-02-11,122.3620961288229,123.14186261897873,121.10044846635118,122.02040100097656,9201000
2021-02-12,121.82765369797785,124.07057702909019,121.7838438861138,123.75516510009766,8324600
2021-02-16,125.77026762026841,127.3210437004066,124.76269565127062,126.73401641845703,12130600
2021-02-17,126.12074659951288,127.37363768790993,125.39354651037902,127.1283187866211,10810100
2021-02-18,126.16456854381532,127.73285833993528,125.63887749399794,127.55763244628906,10587800
2021-02-19,127.79418911346629,130.4050909094959,127.79418911346629,129.68666076660156,11969800
2021-02-22,128.67910010326634,131.5879008727894,128.60900706882103,130.90451049804688,11488400
2021-02-23,132.74439477801974,133.44531171271984,131.06220215606666,131.95587158203125,16234400
2021-02-24,131.5178192297494,134.71573566113747,131.5178192297494,134.2776641845703,15061400
2021-02-25,135.16255262531052,135.71451349490434,131.938340190342,132.45526123046875,18127700
2021-02-26,131.68424051140448,132.18363486076979,128.36365244329977,128.94190979003906,19829200
2021-03-01,131.00086567324564,132.63049169749863,130.08966974093366,131.85948181152344,14845500
2021-03-02,131.49151219392232,132.98095227069587,131.28123311046045,131.43017578125,14221700
2021-03-03,132.49906624896064,135.784601608816,132.1398578766301,133.9709930419922,14324100
2021-03-04,133.7081590909672,135.25893565808195,130.21234435326892,131.9120635986328,20093900
2021-03-05,134.242560831161,134.47912305986313,129.6428125036015,132.2186737060547,18465100
2021-03-08,133.5854880874154,136.20515976046934,132.0785214661849,133.9709930419922,17133300
2021-03-09,132.73562105622415,135.14501351764076,131.2637077150378,133.02474975585938,16238800
2021-03-10,133.0948800060841,136.81848757892067,132.74441480142997,135.9160614013672,14342200
2021-03-11,135.0223639976695,136.80968938175963,134.36525691443552,135.20635986328125,11771500
2021-03-12,137.43175965089253,138.10639334776394,135.86346992681177,136.8096923828125,12849500
2021-03-15,136.9849418866221,137.48433636638327,134.890960980198,136.12631225585938,12101100
2021-03-16,135.0048839508752,135.45172547763488,133.34021744689417,134.49671936035156,12805600
2021-03-17,136.10006299192634,137.44933082321987,134.09370121877532,135.8810272216797,13952400
2021-03-18,138.08010492409906,141.66352561955372,137.65079015703594,138.1239013671875,21898500
2021-03-19,136.2489426818823,136.6256909842395,132.46401327476923,135.92477416992188,54418800
2021-03-22,133.87461357314143,134.8996989764171,131.95585883026234,132.27127075195312,19944800
2021-03-23,131.71054314832278,133.2788328115755,130.51023184121524,130.94830322265625,17076300
2021-03-24,131.42142584483568,134.2075536556844,131.29876638213565,131.96463012695312,13079800
2021-03-25,131.42141193658384,134.0235569624384,130.83439790086572,133.65557861328125,15608300
2021-03-26,135.18888007000857,136.19643926559016,133.65562967828203,135.8810272216797,16754400
2021-03-29,133.2788324081354,134.6894227868607,132.33259662282177,133.76947021484375,17570300
2021-03-30,135.32899861353877,136.5643495806763,134.82083427598278,135.3465118408203,13184300
2021-03-31,134.2951508653531,135.35528940580846,133.27882213330733,133.3751983642578,16736700
2021-04-01,133.0860910183831,134.74200043841145,132.7794490480837,134.6719207763672,16561500
2021-04-05,136.07317268453153,136.54908381723237,134.48683810250495,135.38575744628906,13508000
2021-04-06,134.65430100499057,135.9674475263067,133.8346955386655,134.43397521972656,13071600
2021-04-07,134.9274802024861,136.80464624670302,134.5308831369443,136.54025268554688,16903500
2021-04-08,135.720677981307,137.05144082686428,134.2312735843088,136.70773315429688,12335500
2021-04-09,137.3158279888054,138.39982699012882,136.57553664388297,137.73004150390625,12122400
2021-04-12,137.11310071150297,138.58487487548112,137.10429252403523,137.43917846679688,12273400
2021-04-13,136.38166637487248,136.7782501142255,134.33703655336126,135.8000030517578,16113600
2021-04-14,133.49097477339598,135.5708505204266,133.01506359318446,133.2618408203125,19939600
2021-04-15,133.2970976362965,134.1343329153975,131.596189060158,134.10789489746094,17694100
2021-04-16,135.6060801940227,136.17011354237428,134.56614917109334,135.10374450683594,13773400
2021-04-19,135.20950613063405,135.61491143203594,134.15194520854732,134.53089904785156,11900200
2021-04-20,133.72892835287362,133.73773654214608,131.0056917345611,131.55210876464844,13716700
2021-04-21,130.24775781588374,132.7330386040948,129.3664548607932,132.6713409423828,12236700
2021-04-22,132.39812063050823,132.45981828357708,129.78065014475672,129.87759399414062,15256100
2021-04-23,129.7101392366585,133.19129604367902,129.27830947250442,132.3628692626953,14041900
2021-04-26,132.8828678421098,134.36346390359387,132.53035201431763,132.68898010253906,10799100
2021-04-27,132.63611132408963,133.57911205879174,132.29240366653653,133.29708862304688,12821200
2021-04-28,134.33700925248564,134.74241454767858,133.4292682422321,134.16075134277344,8943700
2021-04-29,135.31528141314993,136.84875375432128,135.01564156586028,136.76943969726562,12976900
2021-04-30,135.80880807648273,136.15251573489212,134.8481775127489,135.55322265625,11705100
2021-05-03,136.46974699449717,137.02495862646938,134.95390506897172,135.15660095214844,11801100
2021-05-04,134.724792407349,137.16600561134427,134.08144494877445,137.02499389648438,12977700
2021-05-05,137.48324608836128,139.4926155323051,136.27586547402703,138.8228302001953,10506700
2021-05-06,139.30759767808615,141.73118138064754,138.50560857090088,141.61660766601562,13542400
2021-05-07,138.55846121194037,142.33043704353875,138.38220329831384,142.10130310058594,14257800
2021-05-10,142.3304124075287,144.29571402714274,141.99551301627437,142.08364868164062,14014300
2021-05-11,141.9602883834848,143.11479315804195,139.28111974169397,139.72177124023438,15451700
2021-05-12,140.66474093933135,141.69586360523473,138.3909780936418,138.76112365722656,14381700
2021-05-13,139.40451171888103,143.16767955427244,138.9638601884292,142.3304443359375,15395000
2021-05-14,143.11480432291432,144.930286486914,142.76228847562766,144.54251098632812,10584000
2021-05-17,143.97846419783855,145.28280229648757,143.67882441069608,145.12416076660156,9886800
2021-05-18,145.1329372196799,145.85561196341652,142.982569704855,143.0795135498047,11098100
2021-05-19,141.88978098698632,142.04840906987988,139.8099053985892,141.98672485351562,13278900
2021-05-20,141.73992919921875,142.64766999627588,140.58542469699736,141.73992919921875,10426000
2021-05-21,142.18941110750353,143.84626491458127,141.83689531551977,143.3527374267578,10249000
2021-05-24,143.96965256117778,144.7363818356846,142.8768320460102,144.12828063964844,9440300
2021-05-25,144.401475921806,146.03187810959457,142.3832848846244,142.6388702392578,12609100
2021-05-26,144.15477987791908,144.30459981755746,142.16302591510453,142.62130737304688,13058300
2021-05-27,144.48961857221286,145.19466363446793,143.2734296236293,144.84214782714844,15707500
2021-05-28,145.13295546237103,145.36210282338973,143.88150695510802,144.7451934814453,10291300
2021-06-01,146.18170577738718,147.09826831187286,145.83799818885876,146.34034729003906,9445400
2021-06-02,147.40672772886623,147.56536925386732,145.88207737877292,146.3491668701172,10498600
2021-06-03,145.77632057277856,147.3979147331475,145.11534337666578,146.44610595703125,13354400
2021-06-04,146.48138609475447,146.8867779677455,145.44144150130873,146.68408203125,8510800
2021-06-07,147.17758573650505,147.2657214064113,145.53836178860107,145.99664306640625,7267200
2021-06-08,144.9655183909461,146.08476338802527,143.7933839240422,145.41497802734375,10370700
2021-06-09,144.6570480261361,144.72755386724788,143.0178242012258,143.5994873046875,12377400
2021-06-10,144.85091123840658,145.6264619119055,141.281632640287,141.36094665527344,12119400
2021-06-11,141.38743522803742,142.06604231005542,140.1800544093801,141.26405334472656,13683800
2021-06-14,141.14069364524994,141.29933520450797,138.06495426799324,138.866943359375,19917900
2021-06-15,138.10017389080085,138.29406162166867,135.83523223128665,136.76058959960938,24485500
2021-06-16,136.36402289785494,138.91098828159832,134.93631620003038,137.7212371826172,25321200
2021-06-17,138.4526728268167,138.76994236714768,133.29704615834132,133.7465057373047,29722400
2021-06-18,131.57853762087572,131.93105343387572,130.04506559433165,130.36233520507812,43595700
2021-06-21,131.3846357699513,133.252993583774,131.33175974844534,132.5743865966797,18664800
2021-06-22,132.7242160001011,133.05029375483122,131.01448630130585,132.38050842285156,14251200
2021-06-23,132.3717283632035,133.99332290632773,132.27478448032005,133.18252563476562,12733300
2021-06-24,133.88753573410224,134.9450965307389,133.2706263900321,134.40750122070312,13733200
2021-06-25,134.47800136873164,136.1612930736391,133.6672043440781,135.76470947265625,15484900
2021-06-28,135.45627988667573,136.14369520910597,134.06381941498898,136.01150512695312,14125800
2021-06-29,136.60199170062046,137.7564967046647,135.37698082908094,135.8440704345703,14528700
2021-06-30,135.50030894781747,137.553746137781,135.46506275187056,137.0778350830078,12531000
2021-07-01,137.71238377421685,138.48793461515686,136.97209257929126,138.43505859375,10479400
2021-07-02,138.23119661937855,138.55916698189034,137.49549832795094,138.30210876464844,11424000
2021-07-06,138.0805173169613,138.0805173169613,135.0402350806245,135.97979736328125,15083400
2021-07-07,134.73887384787457,136.75096404163807,134.3311458505284,136.1393585205078,12271800
2021-07-08,134.3842944909461,135.19976381598372,132.99266909841674,133.79042053222656,17834600
2021-07-09,135.66066643538898,138.40844046710194,135.24406612467567,138.07162475585938,13694500
2021-07-12,136.81302151444098,141.07651534953,136.44960176952983,140.04830932617188,19940400
2021-07-13,138.31984699870512,139.50759505901357,136.05957128535965,137.9652862548828,22671700
2021-07-14,138.23121229085044,139.4101014800356,135.57206740474837,137.49551391601562,14622800
2021-07-15,136.4141235939525,138.7453115430436,136.23684997798162,137.79689025878906,11539300
2021-07-16,138.2400863803639,138.52372147180876,133.86135891934174,134.65023803710938,14002700
2021-07-19,131.67198412889726,132.79769250299162,129.15466373141084,130.27149963378906,22172900
2021-07-20,129.87263584394012,133.94998308965623,129.70422117589024,132.7001953125,15385200
2021-07-21,134.77429701098558,136.19249916155465,134.1626916699141,135.4922637939453,12356700
2021-07-22,135.51002540099716,136.0063969405435,132.93065165966516,133.7815704345703,9913300
2021-07-23,134.26904746858398,135.47452668471124,133.17880215973048,133.5244903564453,9666100
2021-07-26,133.12564456459683,134.69454366455776,133.10791314691176,134.4197540283203,8208000
2021-07-27,133.31177412347188,135.16432176442302,132.7799533308235,134.2424774169922,11218700
2021-07-28,134.98704268827927,135.41251557789045,133.7372549597358,134.46408081054688,9217300
2021-07-29,135.74044111616806,136.38749572282865,134.65019582889767,135.61634826660156,9063500
2021-07-30,135.24409633688512,136.2102489647489,134.02088548961353,134.5349884033203,9805200
2021-08-02,134.75659720929346,136.90163911627397,133.9056784243494,133.9943084716797,10203200
2021-08-03,134.6856894630543,135.900041524692,132.53178853840174,135.51889038085938,10394800
2021-08-04,134.06519439468545,135.944318741803,133.76382794752652,134.05633544921875,10155000
2021-08-05,134.97818099485653,136.22798222307588,134.7388541899592,135.74932861328125,9151500
2021-08-06,137.55757823416758,139.88876643400226,137.4866660751299,139.60511779785156,13328800
2021-08-09,139.6228825006579,140.53585478758623,138.1869346068045,139.4544677734375,9516900
2021-08-10,138.93144367440405,141.8033111299167,138.55029258950182,141.1651153564453,8667000
2021-08-11,141.82103739690896,143.150609622505,141.00556805488972,142.8492431640625,9156500
2021-08-12,143.48745368821557,143.921772003893,142.30856457045914,143.4076690673828,8844200
2021-08-13,143.40767805504467,143.73564845542185,141.43992327833328,141.80332946777344,8980900
2021-08-16,140.88147684112778,140.96124792957355,138.9668895677798,140.8726043701172,8755800
2021-08-17,139.66714613325257,140.81057237194346,137.62846588063442,139.17076110839844,9347200
2021-08-18,138.55029876699618,140.0571447062244,137.69050757620948,137.9032440185547,8065500
2021-08-19,135.75818787737498,137.88549797474397,135.62522254309707,136.7509307861328,9517700
2021-08-20,136.81300383307882,137.30050288751434,135.75820757691088,137.14096069335938,6974100
2021-08-23,137.68167273699555,139.24169967868488,137.60190162906457,138.89601135253906,7934600
2021-08-24,139.16192423522904,140.535818548943,139.0466902884,139.75579833984375,7670900
2021-08-25,140.50032252927784,143.39879373535098,139.87099925700173,142.63650512695312,11335000
2021-08-26,143.82427264451462,145.2158982398354,142.84038853368375,143.37222290039062,11027500
2021-08-27,143.37223723977354,144.62203865895682,142.93790534601953,144.5245361328125,8780200
2021-08-30,144.6663247549273,144.91451048294923,141.7146728554796,142.21104431152344,7937600
2021-08-31,142.2110652489756,143.03539364017527,141.24491255656636,141.7767333984375,12340800
2021-09-01,142.01605148798308,142.49469156876154,140.90807456245898,141.57286071777344,8729900
2021-09-02,141.83874980104454,143.24809292523702,141.31577451666274,142.228759765625,8813300
2021-09-03,142.16675665406112,142.6099474926267,141.0676385053785,141.3690185546875,7959700
2021-09-07,141.81214965031856,143.04421912147748,140.89917798950106,141.1207733154297,9285600
2021-09-08,140.837158587275,141.448763997554,140.08372888835854,140.49147033691406,7852700
2021-09-09,140.2876492751115,142.55678448677733,140.11923457149194,141.10311889648438,7904300
2021-09-10,142.31740552520614,142.459229805302,139.35689468502122,139.48098754882812,8311600
2021-09-13,140.51804105672275,141.86534456021556,140.11031319027396,141.69692993164062,10052800
2021-09-14,142.21996037933735,143.0088396584954,138.50601838781242,139.2239990234375,11685600
2021-09-15,138.91371765637592,140.65989039261834,138.6921222687828,140.1901092529297,11691500
2021-09-16,141.29809724669397,142.57448894311835,139.3569193354744,140.12806701660156,10880900
2021-09-17,139.49872953975924,140.94352223679576,139.16190023027534,139.76463317871094,25581600
2021-09-20,136.40524564412402,136.99911961370339,133.39155401713145,135.58091735839844,15819900
2021-09-21,136.08614532357296,136.99025820546208,135.24408563632394,135.5986328125,8999900
2021-09-22,137.56643332306157,139.38351846273306,137.4778032705843,138.19577026367188,11236200
2021-09-23,140.04828699778437,143.33676854859056,139.7557794588898,142.86697387695312,12336100
2021-09-24,143.09742280151156,145.00313750030534,142.54787063304417,144.515625,10102400
2021-09-27,146.25294874872534,148.38025895684527,145.90726050177815,148.0079803466797,13220900
2021-09-28,148.64615383593033,150.0643694455288,146.83794178254342,147.21022033691406,13387900
2021-09-29,147.3254843400693,147.9370762524775,146.2884060176907,147.0950164794922,7777100
2021-09-30,147.95480547062252,148.01685867065802,144.29404537157927,145.091796875,13161200
2021-10-01,145.36656699259166,149.1780101736386,145.01201980021406,148.1409454345703,11285000
2021-10-04,147.99911569384176,151.07486048851172,146.8999977978,147.98138427734375,14120000
2021-10-05,149.1049691924734,151.71771035696676,148.62343128073803,150.39796447753906,12292900
2021-10-06,149.80049039724824,150.79030306666132,148.02595745468383,150.71896362304688,8692600
2021-10-07,152.66292370438245,152.93935556466133,151.18266075499577,151.67311096191406,10195400
2021-10-08,151.61070541294677,152.78777236477782,150.96866394590825,151.78904724121094,8190100
2021-10-11,152.30624962233819,152.74318506505367,148.43617612240683,148.5966796875,12154700
2021-10-12,147.8030478222222,148.64126939567723,146.92916332519033,147.4552764892578,13032600
2021-10-13,146.30496301898236,147.4998682783772,143.21068388442018,143.56736755371094,22753500
2021-10-14,144.23613346936529,146.25142168777654,142.72912006780592,145.7698974609375,15176800
2021-10-15,147.4463652401446,149.06929360366405,146.3673747031609,148.56993103027344,14267400
2021-10-18,148.45399133683782,150.35336504260107,147.94571647310073,148.51641845703125,12672900
2021-10-19,149.27440601184736,150.38905962187192,148.5432003191092,150.31773376464844,8053900
2021-10-20,150.07694903421293,152.36866954061844,149.3279051524266,152.3419189453125,8185600
2021-10-21,152.27056891851095,152.778857407259,150.41578400193282,151.14700317382812,8415200
2021-10-22,151.61964542862444,153.4565924477398,151.325375235279,153.18016052246094,8817900
2021-10-25,154.0094444092062,154.23237509999177,152.0208928506401,152.43109130859375,10159200
2021-10-26,152.48460963226674,153.81328159703315,152.07441112821843,152.84129333496094,8015100
2021-10-27,151.87823155116794,152.21707695759522,149.22088785023087,149.6578369140625,9847000
2021-10-28,150.07694788775842,152.04764762882826,149.77376540553382,151.9138946533203,7212900
2021-10-29,152.64511326006627,153.59035092503674,151.04893532112914,151.4947967529297,8140100
2021-11-01,153.4120013642685,153.67060862435602,150.71008207222275,151.41455078125,7435500
2021-11-02,151.4145407390419,153.09989635999239,150.62982028683703,152.01199340820312,7173800
2021-11-03,151.7088222619016,152.60054516737262,150.83492401777954,152.0655059814453,8402700
2021-11-04,151.59289106689397,151.77123292329742,148.46294862618703,150.0680389404297,9574200
2021-11-05,150.61196004461854,151.6731122449432,149.28330191699246,149.85400390625,7975600
2021-11-08,150.7457416010709,152.41325887786448,150.4693097109725,150.75465393066406,6413700
2021-11-09,149.22984689784147,150.22857228635945,148.56105465947041,149.61328125,7990300
2021-11-10,149.31900504498444,150.6565894680926,148.997984239174,149.47059631347656,6999200
2021-11-11,149.38138762843306,150.41577559943053,148.82851031261848,149.46163940429688,5815300
2021-11-12,149.49733227086182,149.57759766941209,147.77631367953546,148.79287719726562,8113400
2021-11-15,149.1049421860028,149.6221293210665,148.02595185126418,148.5253143310547,6492500
2021-11-16,148.97120246354845,148.9801283993998,147.2412581279684,147.4552764892578,9706100
2021-11-17,147.3215313889373,147.6336262083905,145.69858934398377,146.66165161132812,9909600
2021-11-18,146.59032163656786,147.00052014250582,144.95846715633294,145.39541625976562,8122500
2021-11-19,143.83490703102,144.55720040567232,142.18521421718538,143.4960479736328,12193600
2021-11-22,146.3852579448408,148.00818680700056,145.34194361774942,146.5546875,14549900
2021-11-23,147.58010923254673,150.30877856154126,147.46418092556044,150.05909729003906,12354400
2021-11-24,150.21963380444038,151.09351836726648,148.4183498794795,148.88204956054688,9629800
2021-11-26,144.58395053526218,145.03872431611325,141.62343758119468,144.3966827392578,13619300
2021-11-29,145.62724596466452,146.93807954825382,142.51514215060834,143.7724609375,12104400
2021-11-30,141.92659435531044,143.23742786971184,141.15078632015687,141.63232421875,18922600
2021-12-01,143.56740274611818,145.59161776239026,140.7138918724869,140.7941436767578,12253400
2021-12-02,142.5240871092684,145.57377810194907,141.60561351819558,143.75466918945312,12969900
2021-12-03,144.0132077843445,144.30747789124786,140.16988534498984,141.15077209472656,12681800
2021-12-06,143.57625440423294,145.00301604142393,142.19409522605045,142.81829833984375,11186500
2021-12-07,144.35205543487226,145.69855163071142,143.71001408949823,144.96734619140625,9851600
2021-12-08,145.04763359027078,145.5915850413227,142.82723892484046,143.30877685546875,11705700
2021-12-09,142.3635542341384,143.5049584471208,141.47183134233268,143.0858612060547,11189600
2021-12-10,143.85275165040477,144.19159711614117,141.8998762287949,142.51516723632812,10405400
2021-12-13,142.2298162848346,142.48840996389734,140.25019016713733,140.82089233398438,12069000
2021-12-14,140.40174005805798,143.46926840317553,140.26798709221055,141.89984130859375,12563600
2021-12-15,142.54190857513072,142.54190857513072,140.31260136317442,140.83871459960938,14014200
2021-12-16,143.02339098573344,144.29856141230027,141.51637757552146,143.04122924804688,19542800
2021-12-17,142.0692904222385,142.12279161596578,138.37754477572813,139.78646850585938,28082000
2021-12-20,137.7800950261686,137.94952454764203,135.39919660848918,137.27182006835938,15148000
2021-12-21,138.58260006148402,140.16093912470296,138.29724232399002,139.18896484375,11291300
2021-12-22,138.88580685254996,140.05396138160395,138.43103318595428,139.73294067382812,7273000
2021-12-23,140.54442346928099,141.890919926252,140.18773981116968,140.23231506347656,8055200
2021-12-27,140.53550379510722,141.07052925431128,139.41192447822218,141.0348663330078,6188100
2021-12-28,141.07057610368327,142.8094332351341,140.96357369762882,141.4629364013672,6342300
2021-12-29,141.65014771430114,142.34569028942937,141.02593097701518,141.39154052734375,6398900
2021-12-30,141.88199532769937,142.88964630430962,141.222115649987,141.32020568847656,6948200
2021-12-31,141.29346403591148,142.04250786452585,140.85652860585765,141.2042999267578,5805900
2022-01-03,142.5508074096061,145.02979570607448,142.23869898683654,144.1915740966797,13120900
2022-01-04,146.51896889524988,150.32662900404017,146.44762943952574,149.6578369140625,20195800
2022-01-05,150.5459455243577,151.03035618035662,146.87692731344697,146.92178344726562,17539400
2022-01-06,149.7295897094847,150.1422332319074,147.00249593345234,148.482666015625,14047500
2022-01-07,148.61722146599544,150.28576812918556,148.07000955795544,149.953857421875,13913300
2022-01-10,151.66729639993684,151.8825839638644,148.4916679502889,150.09742736816406,12922500
2022-01-11,150.94065620808104,151.17390264766982,149.19137635202188,150.2499237060547,11854100
2022-01-12,151.12008752741153,152.1337651012082,149.97182784699717,151.10214233398438,12568000
2022-01-13,151.0124048217435,152.3310957107685,150.6087270102025,150.91372680664062,13623400
2022-01-14,144.2126732946534,144.45488553192064,140.74998962981834,141.63809204101562,40158400
2022-01-18,139.7452184133184,139.7452184133184,135.04457829348732,135.69944763183594,32324800
2022-01-19,135.9685991254916,136.56065358417206,133.2594500165841,133.60032653808594,22380000
2022-01-20,133.6541308190506,135.10737621361324,132.19190598643854,132.46102905273438,14860800
2022-01-21,132.31750901849324,132.32647476932985,129.41998367064005,130.1466064453125,20705400
2022-01-24,127.63482895550824,130.5054437056573,125.2037824359175,130.02999877929688,28471400
2022-01-25,128.8638122263015,131.73444076573537,126.29819720869814,131.44737243652344,18915900
2022-01-26,133.41194726222673,135.07152845299575,130.93604463603194,132.6942901611328,20709100
2022-01-27,134.03991682879746,134.90110824667147,129.2944324974671,130.35296630859375,17536800
2022-01-28,129.34818667418392,131.65364341738257,127.53610618806906,131.5190887451172,14117000
2022-01-31,130.64896385719052,133.47472216848456,129.77880692944967,133.30429077148438,13985700
2022-02-01,133.3850176810847,135.8788651505945,133.0351617753094,135.591796875,14584900
2022-02-02,135.00873406395868,135.4034461742531,132.82886539324826,134.50637817382812,12441100
2022-02-03,134.5601574436161,136.04031370022906,133.02616562596538,133.3939666748047,12474900
2022-02-04,133.7528269810391,137.69992019541172,133.45679293673572,136.85667419433594,16654400
2022-02-07,137.49360457278922,137.80757013335244,135.32270183883776,137.31419372558594,12572300
2022-02-08,139.04549350075374,142.16728526408394,138.86608269838612,139.897705078125,20411400
2022-02-09,140.47188603736984,141.2254199323025,139.78115347776782,140.48086547851562,9131100
2022-02-10,140.53462916792185,142.66067523671998,139.24284948980815,139.897705078125,16455600
2022-02-11,139.59275305387123,141.9071901534685,137.22449406398565,138.0767059326172,16830000
2022-02-14,137.00920237109145,137.861414299165,134.84727872741155,136.79391479492188,17026500
2022-02-15,138.60595176538595,139.88876593825424,138.01389737377,138.79434204101562,9500000
2022-02-16,137.91521640274402,140.03229707958658,137.91521640274402,139.04551696777344,9076500
2022-02-17,137.25140566676166,137.90626148202614,135.16123555879835,135.84300231933594,11367500
2022-02-18,136.47093842391266,138.27403990140297,135.5738705606135,136.4799041748047,11733300
2022-02-22,135.0984501377166,137.46670917789797,134.9280050227362,136.2377166748047,11333500
2022-02-23,137.35902915525605,137.52050849121017,132.73913505693665,133.38502502441406,11799000
2022-02-24,128.22689316888548,130.0658851782874,125.39215520138974,129.67117309570312,25655100
2022-02-25,130.29909502708057,134.6767901730923,129.99409526708283,132.73912048339844,18367700
2022-02-28,128.77410781451724,130.12867550026303,126.37893801470638,127.20423889160156,31315300
2022-03-01,125.62540106146498,126.02011318528481,119.8303492455193,122.4049301147461,36840400
2022-03-02,123.15845620666198,125.62539313674434,122.54845655427278,124.9436264038086,19405600
2022-03-03,125.44596171550761,126.46861849135587,122.95211425005012,124.05550384521484,16640800
2022-03-04,121.05034995086852,121.48093872915727,118.7717897190759,120.56592559814453,21016000
2022-03-07,118.56546192179273,119.0319410594169,115.6769022077085,115.91014862060547,27560100
2022-03-08,116.29587870181693,118.22456915671027,114.16982537539673,115.09381103515625,19207800
2022-03-09,119.22028770754025,121.3194364555261,118.80764424526787,119.7047119140625,17536200
2022-03-10,118.28734588623047,119.7136802249787,116.90586766951519,118.28734588623047,15604200
2022-03-11,118.85252720475627,120.27886183506435,115.2014543979835,115.62307739257812,20061800
2022-03-14,116.13442880461204,119.23827640592145,115.92809331001376,116.7713394165039,15786900
2022-03-15,118.23354444343701,119.80341316866581,117.63251063121541,118.84354400634766,15096600
2022-03-16,120.98751921357989,124.2349136732317,120.59280722602917,124.15416717529297,20354900
2022-03-17,122.77271270567384,125.759950439783,121.92946669393392,125.72406005859375,17050500
2022-03-18,125.7599549352406,126.35202305249925,124.20803125349016,125.6792221069336,23656500
2022-03-21,125.90350177589993,126.27128926019448,124.45024227907948,125.27554321289062,12676100
2022-03-22,127.62585378428568,129.11497609316,127.132463702353,127.9398193359375,13548600
2022-03-23,126.46865271377766,127.0158647841684,124.87187264375336,125.39217376708984,12093200
2022-03-24,125.85864012963835,126.2264412860091,124.79112704504428,126.20849609375,10017600
2022-03-25,126.56732156158166,128.44219040718593,126.30717786288335,127.3118896484375,8383500
2022-03-28,125.5895122386606,126.45966923993925,123.70566407981248,126.36995697021484,10818100
2022-03-29,128.59469017882293,128.81895715598296,125.8048084354255,126.64804077148438,11316500
2022-03-30,127.29391873282314,127.4912747491295,125.50876252373666,126.07390594482422,8771000
2022-03-31,125.4369872293383,125.9034662998506,122.23444873779394,122.28828430175781,17353900
2022-04-01,123.25712418305515,123.26610362249832,120.02768795076085,121.38225555419922,15721300
2022-04-04,120.31473497192229,122.84447286473839,119.21134535543628,121.92049407958984,17416400
2022-04-05,121.16140211737226,122.36333416100445,120.20345006098204,120.50167846679688,12110300
2022-04-06,118.91114235624256,119.79678158594506,118.35084195637847,118.8298110961914,12914700
2022-04-07,118.34178761407875,119.21839457185682,116.33553393644571,118.46830749511719,12994200
2022-04-08,118.99247283000979,121.0077588458853,118.82981031098234,120.63724517822266,13126900
2022-04-11,120.19440460205078,121.91146200908439,119.80581277010513,120.19440460205078,10466400
2022-04-12,119.41720538697705,121.62227784070798,118.11585024775015,118.87496948242188,12989900
2022-04-13,114.71788933277817,116.80547432717792,113.87743187227159,115.04322814941406,30838000
2022-04-14,114.32023197182036,115.9469257775669,112.98272740989371,113.97682189941406,18835200
2022-04-18,113.57015833327083,116.79643590922333,113.45267755927001,116.09153747558594,11834400
2022-04-19,116.0824761116992,118.67615395385494,115.88365721677071,118.49539947509766,15015400
2022-04-20,119.76063702777617,120.65530845320312,118.69424329561616,118.91114044189453,13430200
2022-04-21,119.48948502627805,120.02267484575373,117.44708919137497,117.98931121826172,12174200
2022-04-22,117.73628767913453,117.95318479344604,114.4919459109022,114.60038757324219,14318800
2022-04-25,113.87741931573453,114.88054607395067,111.25663775728529,114.56423950195312,17149000
2022-04-26,112.63934058425428,114.23892430583341,111.03976375749203,111.1753158569336,17209500
2022-04-27,110.55174861207772,111.66331712699217,109.5486217699453,109.72936248779297,17215200
2022-04-28,110.98553131004637,111.74465750876819,109.47632491193721,111.4645004272461,13015600
2022-04-29,111.20241774955869,111.70849723680001,107.45198953422596,107.8676986694336,14874800
2022-05-02,108.33762647553962,109.08771348260495,106.83745935622471,108.85274505615234,18545000
2022-05-03,109.82875790631172,112.21457092985223,109.15096995883282,111.18433380126953,15720900
2022-05-04,110.97649948037832,115.13359814150685,110.92227174790185,114.86248016357422,17128500
2022-05-05,113.1905854273637,113.95874370998351,110.398102437709,111.98863983154297,15055400
2022-05-06,111.88019087565597,112.32301036819086,109.51244935581293,111.80789184570312,14417900
2022-05-09,110.35292824313188,111.4554645341142,108.89794273058195,110.12699890136719,14312300
2022-05-10,111.25663543092608,111.8621243567012,106.24100174472149,107.44294738769531,16382400
2022-05-11,107.81347496811165,111.05781671505078,106.584418907676,106.7651596069336,14630300
2022-05-12,105.73493018464183,106.92783681349641,104.26187338300672,106.67479705810547,16318800
2022-05-13,107.91288389324319,108.67200310019037,106.602489698181,107.62368774414062,10443200
2022-05-16,107.12664354740598,107.95806176191319,105.94277615729646,106.87360382080078,10269000
2022-05-17,109.38594626877723,111.13012098857104,109.17808824950363,110.41618347167969,11160200
2022-05-18,109.62091646705117,110.2264054321231,108.02133290879706,108.52741241455078,12664900
2022-05-19,106.81033581679398,108.12976207352874,106.3042495070164,106.91877746582031,12765800
2022-05-20,107.9580815833495,108.14786141314755,103.94557405385706,106.04219818115234,13150100
2022-05-23,108.86179804671684,114.38351195643533,108.85275894209595,112.60318756103516,24376700
2022-05-24,112.3863058923185,115.21493911070293,111.25665904706347,114.19374084472656,19324900
2022-05-25,114.12143054877978,115.54930567526587,113.11830369743468,114.98899841308594,12780400
2022-05-26,116.01018112765881,117.65495317227513,115.86559684508896,116.97716522216797,15990900
2022-05-27,117.62784706146951,118.63097381591797,116.70605155449836,118.63097381591797,11177800
2022-05-31,117.6459044154142,120.32994573806752,117.22116999643451,119.49852752685547,17015000
2022-06-01,120.07692756772276,120.07692756772276,116.28131721269915,117.40193176269531,10768000
2022-06-02,117.3928531281135,119.29969688015107,116.28128488657636,119.29066467285156,8374800
2022-06-03,118.57675936743264,119.08283887626558,117.47422309906129,117.62785339355469,8596000
2022-06-06,118.46831406343084,119.6431494751437,116.99526403601905,117.2392578125,11323500
2022-06-07,116.42590199657988,117.77244574458803,116.2361152951919,117.54651641845703,6722200
2022-06-08,116.57952904701233,116.98619906483145,114.68172413916363,115.67581176757812,8422100
2022-06-09,115.1064820824074,115.76619878581485,113.20867011950584,113.24481964111328,13560100
2022-06-10,110.78668469669807,111.51870029377018,107.83153258089133,108.03939056396484,12945200
2022-06-13,105.60841065322221,106.59345926062625,103.98171665635213,104.82217407226562,16805600
2022-06-14,104.4245468002563,106.02412354113612,102.31888363430494,103.0780029296875,13357900
2022-06-15,104.48781450591673,105.68975347958727,102.27370260688963,104.29803466796875,14083500
2022-06-16,102.89726575769232,103.25875410382977,101.09887002654987,102.5086669921875,16724900
2022-06-17,102.60806113597721,103.59310966490476,101.36093376761,102.14716339111328,30919900
2022-06-21,104.71371604424984,105.76202442694503,103.96362910204657,104.67756652832031,11680500
2022-06-22,103.81904622285296,105.01195284374018,103.3762266538764,104.09016418457031,9842700
2022-06-23,103.93652482790742,104.09015510857078,100.7464039779636,102.95146942138672,11851500
2022-06-24,102.32792332202351,106.47598284147313,101.96643498628795,106.02412414550781,14841100
2022-06-27,106.69285925000018,107.09049705722877,104.50586509987413,105.17461395263672,11280500
2022-06-28,106.34040113472282,107.80442547900425,104.46970680888188,104.66852569580078,11590900
2022-06-29,104.8312154319951,105.57226340322173,103.68349740020885,104.19861602783203,9338400
2022-06-30,102.27368813884739,103.09607421510097,100.24936325895432,101.76760864257812,15172600
2022-07-01,101.80376401830425,103.40334074376509,100.45722705553179,103.0689697265625,10573600
2022-07-05,100.99024674215688,102.75896869914422,99.650037118661,102.67691802978516,12514200
2022-07-06,101.86551285671348,103.0142641569838,101.00850195629745,102.01138305664062,10656200
2022-07-07,103.47922576144309,104.75562288886854,103.38805602858515,104.59151458740234,10347400
2022-07-08,104.99267749225798,105.43941408522994,103.57952218355622,104.2633056640625,8807800
2022-07-11,103.52481203393948,104.14477594309285,102.31223443936231,102.8957290649414,7939500
2022-07-12,102.64045824039744,105.01090619267762,102.34871090712919,102.99602508544922,11250900
2022-07-13,101.8837249223971,102.54927714799217,100.63467809487413,102.02960205078125,12979900
2022-07-14,98.45570180114818,98.67451752235421,96.69609870566313,98.4648208618164,26204800
2022-07-15,99.52239630334259,103.82566725409747,98.16394162937758,102.97777557373047,18863900
2022-07-18,104.63710769683716,105.61263855488106,101.46435612083512,101.92021179199219,13977900
2022-07-19,103.14189317339459,104.79209529728033,102.72250682510133,104.44564056396484,11862300
2022-07-20,104.0262587394845,104.609753419511,103.46100218084929,104.42741394042969,11667500
2022-07-21,104.33624634213706,105.33000834839368,103.36071550184063,105.1385498046875,11595900
2022-07-22,105.06560825135108,105.9864386118624,103.63422178876073,104.62799072265625,7645500
2022-07-25,105.6126351020783,106.17789861992284,104.63710427592753,105.04737854003906,9394000
2022-07-26,104.46388424156075,105.37559555742885,103.05072891964305,103.40629577636719,10675100
2022-07-27,103.94421174088444,105.52146846261728,103.29689752468018,105.06561279296875,9337400
2022-07-28,105.07473156904106,105.74028390547747,103.50658695677379,104.67357635498047,10384800
2022-07-29,105.38470801865441,106.21436865768555,104.65534313697755,105.17501831054688,12944500
2022-08-01,104.39093823517094,104.94708265472225,103.0871908680628,104.12654113769531,14740400
2022-08-02,103.86214039559214,104.29976484125143,102.35781549313182,102.50369262695312,14942900
2022-08-03,103.43364403265252,104.02625776783941,101.84726832088568,103.57952117919922,14394500
2022-08-04,102.88661695238581,103.315122368562,101.21818363417832,102.43988037109375,18033900
2022-08-05,102.59486535586312,105.93173185359173,102.15724785321973,105.5396957397461,14174600
2022-08-08,105.98643368868454,106.39670097225427,104.09919166381499,104.25418090820312,10332500
2022-08-09,104.61887691977174,105.74939704082172,104.27242911249343,105.19325256347656,10233800
2022-08-10,107.54544105862556,108.83095705483406,107.12605478522664,107.9374771118164,12847300
2022-08-11,109.31418836276644,110.49940890206962,108.77627506840615,109.53299713134766,11684900
2022-08-12,110.01619247768109,111.45669789077503,108.89479155979754,111.3472900390625,9906700
2022-08-15,110.4446891325827,111.88519443173212,109.95236427252641,111.64814758300781,8456200
2022-08-16,111.49316927609387,113.27100342615174,111.11025222158983,112.71485900878906,9555000
2022-08-17,111.50229532862933,112.28636760700563,110.94615087639019,111.76668548583984,8149300
2022-08-18,111.44759151026271,111.65728817761779,109.90680408589245,110.90056610107422,9531800
2022-08-19,109.9706138068486,110.3079425186389,107.68221661490286,108.15630340576172,13464500
2022-08-22,106.44227755119122,106.81608246424692,105.302638605247,106.36933898925781,8967600
2022-08-23,106.38757678235416,106.93460208357399,105.19323044070963,105.32086944580078,7607000
2022-08-24,105.11119716194045,106.13231632737576,104.34535604891266,105.576171875,9771300
2022-08-25,105.90438464092031,108.25659443508277,105.46676017002672,108.0833740234375,10758900
2022-08-26,108.91302674356575,109.39623260047188,104.48210944484156,104.54592895507812,11276200
2022-08-29,103.93509018612681,104.71916247557431,103.44276524002221,104.29065704345703,8117300
2022-08-30,104.8468052836673,105.37559953623044,103.35159922565161,104.30889892578125,10745400
2022-08-31,104.37271015520666,104.87414718457181,103.33335289905345,103.68892669677734,10738300
2022-09-01,103.28776611772071,104.5094558275641,102.02960712396792,104.40005493164062,9979800
2022-09-02,105.6399922163837,107.08049080280695,103.19660562220304,103.67069244384766,10666600
2022-09-06,104.23595712027515,104.61887420614619,102.17548758479874,103.69804382324219,9751900
2022-09-07,103.14188399961701,105.85878639528137,102.80455531240868,105.66732788085938,10647900
2022-09-08,105.10206356208,108.30217174677391,104.50944990479532,108.12894439697266,11435000
2022-09-09,108.6212780102312,109.45093858836361,108.19277260884894,108.64862823486328,9299700
2022-09-12,109.97061998265413,110.81851177352989,109.2138979310091,109.93415069580078,8614600
2022-09-13,107.64574992677623,108.42070311911871,105.55793027299376,106.11407470703125,12904600
2022-09-14,106.39671486326708,107.43606527609116,104.73740043614393,105.86792755126953,9345700
2022-09-15,105.86792222450472,108.84009615439363,105.53970558898975,107.46341705322266,10821400
2022-09-16,107.02579234861582,107.0349114095308,105.1841385246974,106.7431640625,14844100
2022-09-19,105.75850642596968,108.24748123258331,105.31176985507157,107.7278060913086,8201300
2022-09-20,107.04401333412926,107.29929135243893,104.51856946198505,105.60350799560547,9619000
2022-09-21,106.2508365921889,106.30553704477167,102.49458350185508,102.55840301513672,12606300
2022-09-22,103.3698226400101,103.57040023496134,101.26377180463231,101.39141082763672,11684500
2022-09-23,100.3338185358681,100.59820865799999,97.69897377177135,99.50415802001953,18138600
2022-09-26,98.46481065934786,99.93266626360436,96.6960886864614,97.36164093017578,15753600
2022-09-27,98.23688374799112,98.6198007901911,95.41058036310774,96.50463104248047,12793600
2022-09-28,96.59580431812306,99.1303674402746,96.31317605600384,98.45569610595703,12762600
2022-09-29,97.50753073066873,97.80839715984979,95.18267085124788,96.78728485107422,12713900
2022-09-30,96.69610168109314,98.1183760894761,95.18266448644368,95.27383422851562,15973400
2022-10-03,96.29496206575092,98.79304939287385,95.23737348655948,98.21867370605469,12248100
2022-10-04,100.84438223755487,103.01425251532025,100.16059879789464,102.81367492675781,16013600
2022-10-05,100.9555505694297,102.05938977299623,100.10927337882613,101.54426574707031,10943500
2022-10-06,100.68878954956745,101.36029653834461,99.2905927343852,99.47456359863281,11521400
2022-10-07,98.90423905253799,99.0790162797713,96.83453532470998,97.4876480102539,11681100
2022-10-10,98.17754889137375,98.71106718331806,96.14463372809632,96.57697296142578,8931700
2022-10-11,96.00665021944351,96.16302613507425,93.68857833699754,93.78976440429688,12739700
2022-10-12,93.64258926104512,96.33780347408216,93.16425384807573,95.30754852294922,13181000
2022-10-13,93.80818345471592,101.09353957098361,93.60581128181309,100.60601043701172,22398700
2022-10-14,102.98846218515489,106.00562932530556,101.84782736783814,102.28016662597656,33387100
2022-10-17,106.16200506074296,107.63379295362031,105.15934495313265,106.57594299316406,22276300
2022-10-18,110.07143736874389,110.51297019545406,107.58778890085763,109.317138671875,21539700
2022-10-19,108.53526753605381,109.30796061997017,106.40117318805629,107.17386627197266,17072000
2022-10-20,107.77176521617909,109.19755676213065,106.3827622235615,106.82429504394531,12207400
2022-10-21,107.12787181891852,112.58269165038902,107.00829145475528,112.43551635742188,20593300
2022-10-24,112.28833699500599,113.23580033836043,111.60763633382577,112.57349395751953,12624200
2022-10-25,112.08594935825614,113.39216064136113,111.2028766449723,112.86783599853516,11289100
2022-10-26,113.14380913764298,115.16751673776746,113.03342240711233,114.16486358642578,11667000
2022-10-27,115.1675278853306,116.08739634134136,114.25686007893098,114.61560821533203,10727600
2022-10-28,115.25030057364718,116.16096822895061,114.10966584249675,115.97699737548828,11859500
2022-10-31,115.6274455766385,117.2188208658806,115.52625949950549,115.79302215576172,13295200
2022-11-01,116.70369547392043,118.00070614672758,116.2069657424076,117.88111877441406,13386900
2022-11-02,117.42120323963776,119.91404577370217,116.49213418602916,116.79569244384766,16546100
2022-11-03,116.18855810244017,117.90870726342665,115.82061641151631,117.00724029541016,12474400
2022-11-04,119.11376529557342,120.34638559457294,118.16630195749849,120.2083969116211,14953200
2022-11-07,120.502739485292,121.6893633394648,120.02440407021109,120.84308624267578,12011200
2022-11-08,120.72353014327824,121.47781490923938,119.71166932007465,120.91669464111328,9884100
2022-11-09,120.79712081751882,120.89829286335986,118.86539163037673,119.3437271118164,9494000
2022-11-10,122.00212405344004,124.41217424976585,121.9101316188624,124.25579833984375,16351600
2022-11-11,124.35700483773643,125.2584718932116,123.05998709187051,124.45819091796875,10704700
2022-11-14,123.9982399619039,124.85371067676776,123.17955780029297,123.17955780029297,11085600
2022-11-15,123.88786204811832,124.8353393572774,121.0546798954175,122.28730010986328,14038300
2022-11-16,122.3424782718137,122.85760225034396,121.45020493897532,122.4528579711914,7893400
2022-11-17,121.42261931967256,122.2413015703091,120.7603130004973,121.91934204101562,8820200
2022-11-18,123.78668732356263,123.8786657344842,121.68018099756117,123.11517333984375,9468500
2022-11-21,123.02316951130533,123.77745408375839,122.11249500405124,122.38845825195312,7800500
2022-11-22,123.26234497000614,124.43058157258422,122.97718805950433,124.21900177001953,9185700
2022-11-23,124.12704137873149,125.56203380501641,124.05345022404026,125.54363250732422,7316200
2022-11-25,125.54363925126508,126.15075578302252,125.15729619544081,125.7828140258789,3220500
2022-11-28,125.16647931999368,125.75519443763432,123.43712252114125,123.58430480957031,9906900
2022-11-29,123.86946626620134,125.69080153509853,123.63949919562073,125.6172103881836,7925300
2022-11-30,125.18487003351966,127.10739135742188,122.51725765348817,127.10739135742188,14761200
2022-12-01,127.10739340772257,127.54894029231674,124.57775561354933,125.32286071777344,8858500
2022-12-02,123.71308905049644,124.50417632647482,122.65523211522803,124.32939910888672,8931900
2022-12-05,123.48311763699935,123.7866758406425,120.13479780358388,120.84308624267578,10154500
2022-12-06,122.70123700651065,124.28341167026855,119.46329652764835,121.04547119140625,13966700
2022-12-07,120.78792264072062,122.41609371002824,119.886455499398,120.96269989013672,11739400
2022-12-08,121.72618627524957,122.32409511698182,120.89829629891516,122.23211669921875,8907300
2022-12-09,121.60658225602866,123.04157450873353,121.42261140959295,121.56979370117188,7957800
2022-12-12,121.79055487914437,123.8602585129098,121.05467148266641,123.45552825927734,8841600
2022-12-13,125.92078063323768,126.10475150005928,122.41608438860365,123.33595275878906,10025400
2022-12-14,123.05998944459526,124.83534269787218,122.12171977687336,122.71964263916016,9966100
2022-12-15,120.6407161626169,121.49620093947502,118.70900124661992,119.67486572265625,12087800
2022-12-16,118.80099041726888,119.49089167180837,118.13868409002481,118.92977142333984,21133700
2022-12-19,119.26091978022608,120.80630582686874,118.74579577670399,119.63806915283203,9017200
2022-12-20,120.47516762453834,121.46862719862709,119.76686501377469,120.21760559082031,8549900
2022-12-21,121.58818096056233,122.3240783823811,121.21104563799565,121.56979370117188,8051700
2022-12-22,120.59473910764675,120.77870995946004,118.1202911479405,120.18999481201172,8648200
2022-12-23,120.11640231983306,120.90748960624573,119.25172388630338,120.76030731201172,5091900
2022-12-27,121.02707287270906,121.62498162316444,120.08880332386423,121.1834487915039,5411000
2022-12-28,121.2846287335332,122.71962089099064,120.51192877206962,121.84574890136719,8827700
2022-12-29,122.27810638778347,122.59087232837359,121.707792440018,122.54487609863281,6585200
2022-12-30,122.16770923693821,123.56591301233534,121.82736245035154,123.3543472290039,9292500
2023-01-03,124.40300391783875,125.78280647845155,123.16117599885622,124.29261016845703,11054800
2023-01-04,125.09289681718009,126.64746247434609,124.70655381042198,125.45164489746094,11687600
2023-01-05,125.71112959358614,125.75746558024332,123.894863550833,125.42386627197266,8381300
2023-01-06,126.14663299445324,128.23162464990682,124.62690630895726,127.82389068603516,10029100
2023-01-09,128.4355058180764,128.69497034378918,126.8416442231229,127.29570007324219,8482300
2023-01-10,127.68489216994938,128.54669613706488,127.24009787646544,128.4355010986328,9048700
2023-01-11,128.71347947194283,129.5011486437458,127.97216041583958,129.38995361328125,8703700
2023-01-12,129.73283172987885,130.5297625475241,129.01003565570718,129.26023864746094,11001700
2023-01-13,125.65553138954618,132.96690322836918,124.9141980262929,132.5220947265625,20200000
2023-01-17,130.81699709347208,131.15985783440507,129.01926884362786,130.47413635253906,14292900
2023-01-18,128.73202429534666,130.4092820894624,126.40610521894243,126.55437469482422,13392600
2023-01-19,125.39604834353132,125.93350045939005,123.79291111670074,124.86784362792969,13303400
2023-01-20,125.24776449160447,125.55356495400356,123.75583661491721,125.17362976074219,13092500
2023-01-23,125.21069952158626,127.84243317700324,124.93271193453094,127.20303344726562,10487100
2023-01-24,126.41535367762422,130.00153464842344,125.0994940297851,128.29647827148438,6945000
2023-01-25,127.92583629217025,128.9173583984375,127.18450302762814,128.9173583984375,8967000
2023-01-26,129.19538056708268,129.788444444534,128.21311984565625,129.7143096923828,7487600
2023-01-27,130.29808395652097,130.90040924581558,129.50115321728592,130.02935791015625,7489900
2023-01-30,129.01927829434823,129.81620899523966,128.72275350365265,128.92662048339844,6729300
2023-01-31,129.62163552086386,129.79770376756338,128.1111701831327,129.69577026367188,9188700
2023-02-01,128.0740895299568,130.54827785151784,127.99067912020439,129.35287475585938,8841800
2023-02-02,129.7328251316886,130.1590963500424,127.87949905837876,128.7505645751953,11822100
2023-02-03,128.04628152779324,131.89194131072503,127.99995969141533,130.7428741455078,11501200
2023-02-06,129.94597611971838,131.80857819461107,129.76064630832204,131.5120391845703,8406200
2023-02-07,131.01164287579172,133.7545579276728,130.82629893086755,133.1151580810547,10447900
2023-02-08,132.18847601755812,133.4765370679939,131.84561522002844,132.17921447753906,6958000
2023-02-09,132.6240119576392,132.82787896099774,129.61235702773652,130.1220245361328,6443100
2023-02-10,129.52897324857133,130.91896796576714,128.4262418439015,130.69656372070312,6582900
2023-02-13,130.9374834079669,132.26260469752583,130.41855439555908,132.11434936523438,7134600
2023-02-14,132.0494437521278,133.26336970952394,131.2154529211729,132.69810485839844,9249400
2023-02-15,131.2247410075454,133.3375314038536,130.9374777552037,133.25413513183594,6728300
2023-02-16,132.4294166058746,132.8742108997828,131.28961090183597,131.4193572998047,8165300
2023-02-17,130.64094356400273,132.35527574081405,129.797690994526,131.8085479736328,7948800
2023-02-21,130.37221408839721,130.97453935641977,128.57448568386212,129.38995361328125,9996300
2023-02-22,128.73202148478387,129.2046145216142,127.36056421220857,128.39842224121094,11107500
2023-02-23,128.55595174504145,129.89034870367567,127.82389420955033,129.42701721191406,8068000
2023-02-24,128.9081003151785,130.99309222400296,128.74129360979924,130.59461975097656,9126900
2023-02-27,131.68808479655095,132.80007761336196,131.32668677759347,131.7344207763672,10014700
2023-02-28,132.45722294669986,133.21707931979367,131.49348542502423,132.837158203125,11019800
2023-03-01,131.6787992150333,132.93906128125974,131.40079752664818,132.09579467773438,7139200
2023-03-02,131.80855932255736,131.98461342733398,129.3065577377837,130.724365234375,11106800
2023-03-03,131.13208607962235,133.19855490846228,130.7336277461975,133.12442016601562,9513100
2023-03-06,132.92056545075351,133.47655486088271,132.1977693197552,132.34603881835938,9261300
2023-03-07,131.59539675677038,131.873398461942,127.70341530363014,128.45401000976562,11747600
2023-03-08,127.87949786847567,128.42622566147344,126.85090134176944,127.69416809082031,10002500
2023-03-09,126.73042466341457,127.27716657045536,119.74339198213478,120.78125,25888100
2023-03-10,119.50246556164122,125.34043109415272,118.44606324743009,123.84850311279297,37599700
2023-03-13,121.58745904945458,124.0616475748519,119.91946281330038,121.62451934814453,42901100
2023-03-14,125.35896116231253,125.59062689688803,121.66157094817605,124.74736022949219,29648100
2023-03-15,121.37431475303909,121.38359043240389,117.43600410626735,118.85379028320312,34280600
2023-03-16,118.62213199908345,122.27318668025714,116.77807450823371,121.16119384765625,24558500
2023-03-17,118.96500397287782,119.05766179175706,116.24987395013869,116.5834732055664,38396000
2023-03-20,117.67693998398852,119.97506748303013,116.7688141445197,117.8159408569336,22875500
2023-03-21,121.01292089516592,122.0693161768008,120.64226134151549,120.97586059570312,17807800
2023-03-22,120.98511512011504,121.07778707303171,117.7603319431326,117.85299682617188,17250200
2023-03-23,118.52020095236227,120.0306591206353,116.77806996061811,117.53793334960938,16677600
2023-03-24,116.41667263675598,116.46300861569885,114.08148493751717,115.74948120117188,22311100
2023-03-27,117.49160135325894,119.89166217375193,117.028269858248,119.06693267822266,18853900
2023-03-28,119.27080607716869,119.85459417722348,118.37193472748154,119.42833709716797,10820500
2023-03-29,120.55886081071779,120.67005584493987,118.39972727457906,119.66925811767578,14595300
2023-03-30,120.41984640039884,120.5773774036577,118.2885258772216,119.30785369873047,12134700
2023-03-31,120.15113080741834,120.78125487519789,119.4005360220757,120.75345611572266,13105200
2023-04-03,120.38281327731195,121.80060676642361,119.91948170205305,120.6144790649414,11775400
2023-04-04,120.92952841287085,121.0129246940969,118.06614297272823,119.00206756591797,11579900
2023-04-05,118.42301137251489,119.68381560997685,118.10546963185678,119.17949676513672,9614700
2023-04-06,118.60980863489203,119.61846068612611,118.47905823477232,119.04875946044922,8760200
2023-04-10,118.18019803214959,119.75854416864264,117.88133895967496,119.44100952148438,9477300
2023-04-11,119.82391387165119,120.42163195363912,119.11412097727991,120.02938079833984,10516300
2023-04-12,120.64578863891776,121.8132080873547,119.5997853733505,120.0107192993164,11821000
2023-04-13,119.9733609656406,120.51503101665217,118.45104153577316,120.46834564208984,12450200
2023-04-14,126.22135951976774,129.92908407768445,125.98787567733332,129.56484985351562,43931300
2023-04-17,130.70426129549892,130.80699476339154,128.56555541938278,130.59219360351562,16050500
2023-04-18,131.0031645474194,132.41340232327698,129.84507914988035,132.05850219726562,13760100
2023-04-19,131.89971508470921,132.1518816759903,131.1245468601976,131.890380859375,9158100
2023-04-20,130.6669252593258,132.0864970243593,130.6015429309586,131.50746154785156,10586200
2023-04-21,130.5081577667996,131.78764489908252,129.61157337617786,131.2552947998047,11842500
2023-04-24,131.18058693269546,131.77830508418094,130.78832148106375,131.4327392578125,7567500
2023-04-25,130.37737747109645,130.71359475915895,128.5375237351326,128.5748748779297,10629300
2023-04-26,128.52820213199345,128.70565216150288,125.14736009851921,126.29609680175781,14416100
2023-04-27,127.01522972966504,128.79904997913064,126.69769507551487,127.99586486816406,9041100
2023-04-28,127.53821983923324,129.1819553139001,126.7070178778751,129.10723876953125,9887300
2023-05-01,132.86164281251018,133.8983116604561,131.52612205157675,131.87167358398438,20415800
2023-05-02,132.0584810017057,133.0017650271843,129.28469127957604,129.74232482910156,14113400
2023-05-03,129.29404699382314,129.50884819203463,126.79109217061149,126.9965591430664,12930900
2023-05-04,126.0439466149594,126.753732494345,123.10204111664615,125.25942993164062,17089200
2023-05-05,127.4261839440608,128.77105357683092,126.93119918348947,127.70636749267578,11261400
2023-05-08,128.40680811856598,128.85509320709122,127.46352406161003,128.01455688476562,7484900
2023-05-09,126.94984067076172,127.90245883341599,126.27742024793284,127.39813995361328,7343600
2023-05-10,128.83641030628993,128.9391437900356,125.95988701213741,127.4635238647461,8133400
2023-05-11,126.08128509843854,127.77170597408696,125.9878858536316,127.06192016601562,7057300
2023-05-12,127.78105881148507,127.93982613249807,124.33483462102346,125.24075317382812,9988600
2023-05-15,125.39952667996555,126.70703071204808,125.11000894791336,126.29609680175781,7639500
2023-05-16,126.5109139682824,126.95919903532884,125.11001066437758,125.44622802734375,6477200
2023-05-17,126.92182174170358,129.43411037810316,126.51090211500139,129.30335998535156,12711500
2023-05-18,129.135290205709,130.49882831537636,128.65897388939536,130.28402709960938,10999600
2023-05-19,130.55482384709921,131.2085900304391,129.0045019071009,129.98512268066406,13492200
2023-05-22,131.68490716381527,132.28262532133834,128.56556597457688,128.91111755371094,11402500
2023-05-23,128.4535049515204,129.84507422109107,127.44486697507746,127.56626892089844,9514900
2023-05-24,126.454860448761,127.34211057047519,126.15600850043995,126.3988265991211,8578000
2023-05-25,125.91320976560064,127.2674135928148,125.68906008184496,126.70704650878906,8472500
2023-05-26,127.11797444601099,128.50954361326615,126.6696893504714,127.89314270019531,8579900
2023-05-30,127.76239849545193,128.6216175747922,127.03392983577807,128.37879943847656,7399900
2023-05-31,127.69698096666289,127.7997144288534,125.52090981351684,126.74437713623047,14219900
2023-06-01,127.50087540035871,129.09789708675177,126.50155759891467,128.4908447265625,12248100
2023-06-02,130.34005654774538,132.13321127897007,130.13458956545355,131.18994140625,12922500
2023-06-05,130.8536954120118,130.8536954120118,129.00450722615906,129.9010772705078,8511900
2023-06-06,129.51816641951615,130.8443673509023,129.07922985155474,130.1345672607422,9329500
2023-06-07,130.33068472354077,131.93705471219943,129.65825011197563,131.39537048339844,9281400
2023-06-08,131.3767054077865,131.58217235836509,130.2653198798546,131.4327392578125,7368100
2023-06-09,131.0778577635055,132.43206143627933,130.94710735890789,131.69424438476562,7249100
2023-06-12,131.75030359782357,131.98378750077507,130.52683597574745,131.68492126464844,7596600
2023-06-13,131.19924368125277,133.43134876280965,130.8817090589414,132.63751220703125,7701600
2023-06-14,133.5527697521183,134.12247094836258,131.40471536050583,132.1425323486328,9068700
2023-06-15,131.30195685706784,133.9263126990027,130.7789553833227,133.6367950439453,9343100
2023-06-16,133.5994595526633,134.45867839599362,133.0857922412367,133.7955780029297,13813500
2023-06-20,133.1885471192388,133.55278140759413,131.72226149001006,133.11383056640625,8428600
2023-06-21,133.45936408773872,134.5053814350717,132.3293102245923,132.91769409179688,9926500
2023-06-22,132.90837435550557,133.17922366276454,129.77035013643084,130.35873413085938,10075200
2023-06-23,129.3874241870796,129.98514236609586,128.52820519541405,129.6769561767578,9919500
2023-06-26,129.69562536058743,130.76031131831627,128.59358825115126,129.99449157714844,8429700
2023-06-27,129.81701521636734,130.6015174996597,129.3873986798657,130.00379943847656,8154000
2023-06-28,129.9664779252572,130.0131775541122,128.84575808636748,129.4341278076172,7558600
2023-06-29,130.81635138516293,134.07577713627336,130.61088443658164,133.95436096191406,15423200
2023-06-30,135.0470863028697,136.35459037328218,134.1691846052818,135.8315887451172,14212800
2023-07-03,136.53201946891622,137.73678987397622,136.35456946141917,136.9242706298828,8021600
2023-07-05,136.2942689956518,136.75503110193193,135.74886452312396,136.0121612548828,8934900
2023-07-06,134.4887812613519,134.8367059634684,133.00302742062036,134.66744995117188,9709500
2023-07-07,135.32566768517407,137.14053489962302,134.46994640077992,135.73001098632812,8981500
2023-07-10,135.88047789499134,137.28160355919408,135.88047789499134,136.49169921875,9100100
2023-07-11,137.61073314225018,139.00246063974816,137.0183227540901,138.62631225585938,11260900
2023-07-12,138.65453286860148,140.93017696899278,138.23137845732865,139.31277465820312,11323200
2023-07-13,139.82996469805036,140.4599971273314,138.9366355624607,139.9898223876953,11234900
2023-07-14,142.50995667461993,143.77002144671843,139.55726008625822,140.8361358642578,27028400
2023-07-17,141.38154673382755,144.57872915123014,141.38154673382755,144.23080444335938,17262400
2023-07-18,144.23081339076532,145.18995956633063,143.70421995745224,144.49411010742188,13491700
2023-07-19,143.6383802268648,145.95164621525822,143.1399961602172,145.0489044189453,12510000
2023-07-20,145.3122096636025,147.24932737217384,145.1993723131521,146.8355712890625,9935900
2023-07-21,146.50645614114134,146.82617153003497,145.46266761385175,145.7071533203125,10636400
2023-07-24,145.72596790033828,149.31809564584665,145.50027884750722,148.57522583007812,14381400
2023-07-25,147.91697040494864,148.31191544958145,146.656905593702,147.46560668945312,9944700
2023-07-26,147.36214726296728,148.81027889268154,146.95778959680948,148.34950256347656,8728600
2023-07-27,148.35891389637547,149.3086615291176,146.2713372909812,146.7133026123047,10778400
2023-07-28,147.8981413350271,148.1990600076675,147.10825134223415,147.5502166748047,9103800
2023-07-31,147.80412710639777,149.87290747944695,147.77591776936478,148.53761291503906,8892700
2023-08-01,148.03919500943294,148.57520103974898,146.83554895902367,147.80410766601562,6853900
2023-08-02,146.28076942585813,146.4030194553348,144.75740779094255,146.13031005859375,8299400
2023-08-03,145.75417354946845,147.55964288063694,145.14295210950536,147.02365112304688,6084000
2023-08-04,147.070625591232,148.38712322764363,146.412383947322,146.7133026123047,6209400
2023-08-07,147.25873467525594,148.29311049668297,147.25873467525594,147.4091796875,7251800
2023-08-08,145.11472231111318,146.67569136732507,143.4879075627913,146.5816650390625,8623400
2023-08-09,146.0550962518034,146.2431632885542,144.3154438775193,144.61634826660156,6277800
2023-08-10,145.1711483449259,146.16791643636807,143.95808955545877,144.40005493164062,5995100
2023-08-11,143.90167450330318,145.30280034265354,143.52554046452417,145.23696899414062,5180700
2023-08-14,144.44707877373204,145.6789342505091,143.79823536111664,145.5378875732422,5044300
2023-08-15,143.73242626004551,144.1273713266908,141.268700822504,141.83291625976562,10300300
2023-08-16,141.61662580037083,141.95515215932076,140.7514917230374,141.2310791015625,6978200
2023-08-17,141.87993118346174,142.2372542213868,139.5478541905709,139.76414489746094,9953900
2023-08-18,138.84260923513173,140.58226169114948,138.6451438592742,140.08387756347656,8517500
2023-08-21,140.7232579173998,141.14642655394408,139.1904984144305,140.5634002685547,8327000
2023-08-22,140.35657350514163,140.71391093800844,137.1499923340537,137.64837646484375,9673300
2023-08-23,137.62016892989945,138.78619324427777,136.7832583645231,138.57931518554688,7858000
2023-08-24,138.70151489320247,140.49758541107457,138.22194193940345,138.44761657714844,6534000
2023-08-25,138.49467297346612,139.75473785763214,137.14998007810868,138.2783966064453,6695500
2023-08-28,138.76739302548728,139.74535026556242,138.3536369186339,138.7579803466797,5094100
2023-08-29,138.8989972823225,139.9709948784729,138.40059896745205,139.8863525390625,6337000
2023-08-30,139.75471146583337,140.25309545797032,138.41001882441265,139.32215881347656,6277300
2023-08-31,139.41620112815974,139.50084348167059,137.2534089211085,137.60133361816406,10933900
2023-09-01,137.3756682568864,139.2469691078084,137.0089324904701,138.0621337890625,7903500
2023-09-05,138.38181790077672,139.36918761732844,136.36005812905785,136.53872680664062,7854700
2023-09-06,136.06854930010627,136.8584393175543,135.51374662227437,136.31304931640625,8629200
2023-09-07,135.5325804369257,136.60457831204684,134.83671662905607,135.14703369140625,8373700
2023-09-08,134.8178755104192,135.52313749044623,134.1408228617059,135.2504425048828,7107900
2023-09-11,136.11555997144285,136.39766762866674,135.11879201803112,135.84286499023438,6854200
2023-09-12,135.8804784465689,138.53227044959777,135.45732411697276,137.6107177734375,8363200
2023-09-13,138.55107750514435,138.8896038639501,137.1217567444918,137.6765594482422,8325900
2023-09-14,139.0212716819653,140.95838942649576,138.7203672923135,140.34716796875,10034900
2023-09-15,140.0368496663175,140.79853048647297,139.46323588161104,139.93341064453125,19863400
2023-09-18,139.32218705503516,140.24372555861612,138.9366403116919,140.22491455078125,6512400
2023-09-19,140.58224019484695,140.78911821793756,138.42884630725024,140.04623413085938,7943400
2023-09-20,140.7232746604071,141.28749001053504,139.30335230566138,139.4538116455078,7332000
2023-09-21,138.77679322179205,139.9710412101602,137.88346398739847,138.363037109375,8052400
2023-09-22,138.50408293750058,138.71096099240972,136.5293574341803,137.03713989257812,7071700
2023-09-25,136.67979659035282,137.78000371128437,135.12821140806957,137.71417236328125,7044700
2023-09-26,135.97454835476495,137.14057259381482,135.62660927014298,136.28485107421875,7468400
2023-09-27,136.52933425011622,137.37564298659942,135.88988918481877,137.08413696289062,6717800
2023-09-28,137.5542927989047,139.9897940129006,137.30039447335793,138.78614807128906,8868100
2023-09-29,139.73591331381226,139.8863582985992,136.21900172619158,136.3694610595703,11917800
2023-10-02,136.19079878206526,136.93366845900138,134.12203307115462,135.19403076171875,9170600
2023-10-03,134.65802763566907,135.02476331799002,133.85873927604274,134.197265625,9431100
2023-10-04,134.64864342376092,134.91194012848763,133.46379390389643,134.79910278320312,8128700
2023-10-05,134.55276348943536,135.55690077931655,133.40655325446727,135.367431640625,8576200
2023-10-06,135.37692931115018,138.19037578099838,134.6475135159572,137.4514923095703,10270600
2023-10-09,136.08742554116313,137.73569774934012,135.93585596091424,137.138916015625,6964900
2023-10-10,137.75464668471994,139.033491521425,137.62202691646297,137.97251892089844,11288800
2023-10-11,138.78717603176514,139.46922462849858,137.3757259962922,138.44615173339844,8698200
2023-10-12,138.58826087525622,139.2134745307247,137.47993546118224,138.12408447265625,10484400
2023-10-13,140.67226765606853,145.0392659035703,140.04705410852486,140.19862365722656,29427000
2023-10-16,141.57218591083802,141.63850300767174,138.9860937692048,140.05653381347656,12663500
2023-10-17,139.79128706295313,141.43955881376934,139.05238917788603,139.75338745117188,11482700
2023-10-18,138.8629600091824,139.7060458454633,137.70726736334078,138.21881103515625,9620300
2023-10-19,137.8114720413774,139.2703038448197,137.24310784044647,137.63148498535156,11143600
2023-10-20,136.94945735914212,137.48940409847202,134.6285897844194,135.4148406982422,13332900
2023-10-23,135.40535277788072,136.1063366664098,133.31183988001058,133.56761169433594,10133400
2023-10-24,133.7476332843503,134.25916259068111,132.96138228494746,133.7286834716797,8881400
2023-10-25,133.16028874973279,133.7381205866468,132.15615127028062,132.99923706054688,8242600
2023-10-26,132.39296772266337,134.20229129970062,132.08036094329557,133.3402557373047,9109400
2023-10-27,131.62569091225413,131.76779281322345,128.0638925268039,128.53753662109375,17434700
2023-10-30,129.2479771142823,130.76362924255815,128.86905324136248,130.1763153076172,9855500
2023-10-31,130.4510585756186,131.90040830075068,130.2237042141286,131.72988891601562,9672500
2023-11-01,131.90988322864285,133.1224109809578,131.17099958127815,131.61622619628906,9432000
2023-11-02,132.70558968102353,134.02231959380507,131.8909213170707,133.96548461914062,10186200
2023-11-03,134.6949028990368,136.19161989432564,134.3728284006059,135.4622039794922,9538700
2023-11-06,135.62323960267491,136.589477540853,135.26326548846805,136.4852752685547,7625100
2023-11-07,135.94530129293153,136.65576732228422,135.2916846876805,136.4189453125,6297900
2023-11-08,136.51369114592342,137.20520742421806,136.049514764893,137.09153747558594,7618200
2023-11-09,137.77357879262672,137.97250119221647,136.12529235225335,136.68418884277344,7992500
2023-11-10,137.2999451873407,138.7587625615186,136.48527680957466,138.71139526367188,7983300
2023-11-13,138.01987256648778,138.5408839096916,137.50834335509538,138.0956573486328,6676300
2023-11-14,138.94822676761797,141.38276438904606,138.79667164043798,140.61546325683594,9927700
2023-11-15,140.63439622904392,142.244783091467,140.63439622904392,141.846923828125,8365300
2023-11-16,142.1784540844415,143.54255113282872,142.1784540844415,143.46676635742188,8126200
2023-11-17,144.1772133078253,144.80242678143824,143.55199983421235,144.76454162597656,7812400
2023-11-20,144.06358253221205,145.64555199659807,143.9120129602485,145.2097930908203,7019000
2023-11-21,145.12453420331482,145.53187560312782,144.52775252863756,144.9066619873047,7083500
2023-11-22,145.3234654437586,145.76869199043034,144.84033928000449,145.2476806640625,5174500
2023-11-24,145.4939767932843,146.29917746551416,145.20031979301464,145.4466094970703,3496900
2023-11-27,145.3423911390429,145.4371257209846,144.6603570760402,145.11505126953125,6259100
2023-11-28,145.1434848193456,145.75921630671945,144.66984076614435,145.4466094970703,6582700
2023-11-29,146.04339921623102,147.4264461508105,145.88236197975067,146.1855010986328,9126100
2023-11-30,146.74439687209036,147.90008946187166,146.24233535655063,147.85272216796875,9869800
2023-12-01,147.60645405686742,149.53891562221276,147.60645405686742,148.5726776123047,8916000
2023-12-04,147.79588967365407,149.71888331169214,147.66326992118485,149.66204833984375,9607500
2023-12-05,148.97053122729264,150.1451737523716,148.69582402014166,149.6431121826172,9135600
2023-12-06,150.46724018307185,150.82721429092348,147.77694541510039,148.0706024169922,9366000
2023-12-07,148.4305789322475,149.0178929455568,147.9190352491648,148.52529907226562,8130900
2023-12-08,148.97051606229314,150.41039796992956,148.70527656015864,150.1641082763672,7369400
2023-12-11,150.16411790485932,150.90300148739232,149.81361146891027,150.7135467529297,8093900
2023-12-12,150.83669073201253,152.18183819415106,150.50514854635935,152.05870056152344,10223000
2023-12-13,152.05869172694915,153.48909157190943,151.34822564322266,152.57022094726562,12379100
2023-12-14,153.29963367104395,156.1509656245066,153.18596372542805,155.3457794189453,13643000
2023-12-15,154.48375252838963,156.5677835579425,153.83012139517064,156.52041625976562,20309300
2023-12-18,157.17407060532523,158.3202957908187,156.899363362481,157.4677276611328,8469600
2023-12-19,157.24984077686577,159.58964378092742,156.82356397890698,159.57069396972656,10345700
2023-12-20,159.13494074793843,160.48008817985806,157.67610890953222,157.77084350585938,10734700
2023-12-21,158.04553227748778,159.22964232114157,156.94667468790465,158.67074584960938,7601700
2023-12-22,158.67075387718188,159.3622701304102,158.41498204756135,158.57601928710938,6576300
2023-12-26,158.63286874261556,159.87381381865765,158.36761478125823,159.5138397216797,4683600
2023-12-27,158.99282920902155,160.53691341777682,158.74653950976872,160.47059631347656,6428600
2023-12-28,160.42326026550225,161.66420547787502,160.09170361823246,161.32318115234375,6320100
2023-12-29,161.03899342589315,161.69262459427827,160.6885014185733,161.13372802734375,6435100
2024-01-02,160.17695674306748,163.0946061058102,160.00645180683773,163.0093536376953,9977400
2024-01-03,162.80092013818626,162.97142504410533,161.38945578093865,162.29885864257812,9852300
2024-01-04,162.64203219051277,165.22501977120794,162.54671341434414,163.37594604492188,11972500
2024-01-05,163.4330960040298,165.25357661087241,163.4330960040298,164.1956024169922,10066000
2024-01-08,163.95733642578125,164.2813969569435,161.545920016577,163.95733642578125,11229900
2024-01-09,163.57606788439452,163.7380981420264,162.1273216242973,162.66107177734375,9923600
2024-01-10,162.0320000942187,163.0613816047552,161.03121130256366,163.0041961669922,9670200
2024-01-11,162.34655536903335,162.37514809158236,160.73576412862877,162.31796264648438,11919500
2024-01-12,165.6538904699053,168.04623999703182,160.98354774460927,161.12652587890625,19436500
2024-01-16,157.14245233618308,160.21153041789913,156.5991760965609,160.11622619628906,17206400
2024-01-17,159.4966746905354,161.14559906926118,158.68652340442242,159.25839233398438,11107500
2024-01-18,159.2869952568206,159.67778183706136,157.49512171042235,159.57293701171875,9382300
2024-01-19,159.6968369137711,162.5752918286845,159.24886492376933,162.3274688720703,13115700
2024-01-22,162.47042663346258,163.91917269589808,161.75557965953493,162.13682556152344,12837500
2024-01-23,161.71745692199738,161.79370901610295,160.54511188027425,161.0693359375,8360800
2024-01-24,161.42199326325292,162.99465093143215,160.94542857064098,162.50856018066406,9967100
2024-01-25,164.2337218321671,164.8818573759675,162.8993465119901,164.83419799804688,8873500
2024-01-26,164.51967362135542,164.9485789616812,163.72857443899406,164.20513916015625,7443000
2024-01-29,164.16700911633845,164.73887801633018,163.27106517505794,164.634033203125,6971200
2024-01-30,164.72936528572126,168.47515705914157,164.72936528572126,168.0081329345703,10822100
2024-01-31,167.94140729707823,169.94298497281716,166.1685859265556,166.18765258789062,11521800
2024-02-01,165.5013800519336,166.6451323652847,163.3949577854356,165.587158203125,9354800
2024-02-02,165.1773303806104,167.57922057647215,165.1391970596281,166.54029846191406,8607600
2024-02-05,165.71107322302376,166.88341827855515,164.81512928623064,166.32107543945312,7820200
2024-02-06,166.42592096467948,167.626858743029,165.61575517744677,166.89295959472656,6764800
2024-02-07,167.45531197350942,167.62686829007302,165.8064021309331,167.20748901367188,7225500
2024-02-08,166.79764812133146,167.09311591388456,165.43468003475408,166.60702514648438,6060300
2024-02-09,166.7976486241064,166.89296738361762,165.52998474933108,166.8071746826172,6296700
2024-02-12,166.58795793021326,168.52280947847834,165.55857641715193,167.5506134033203,8539300
2024-02-13,167.10266035536173,167.96999709238426,164.52919923319496,166.0923309326172,8397600
2024-02-14,166.86434670521666,167.8460686805648,166.24480395940387,167.7793426513672,7056700
2024-02-15,167.89374931915643,171.76346716084313,167.89374931915643,171.43939208984375,8723400
2024-02-16,171.19156494301498,171.54421815228707,169.80953027964074,170.6387481689453,8152600
2024-02-20,170.79125525671367,172.00173363675566,170.04781550672885,171.30593872070312,9668000
2024-02-21,171.5156268111509,172.5068894979879,170.15265879624997,172.4210968017578,7024000
2024-02-22,173.297983467374,174.82298168422557,172.74516670530045,174.48939514160156,9296500
2024-02-23,175.19473161702368,176.51958104443122,174.60379597912453,175.36630249023438,7105800
2024-02-26,175.137543282542,175.81427161767567,173.92706476152355,174.7658233642578,7145400
2024-02-27,174.71817072474573,174.9373864430662,173.69832969669645,174.8516082763672,5717100
2024-02-28,174.83250683043596,176.51954982455467,174.3845494233734,175.7379913330078,6131600
2024-02-29,176.95800272580232,177.69190187097396,175.23284088916765,177.33924865722656,9643000
2024-03-01,176.9961179460984,177.70143890302512,176.42424906044945,176.60533142089844,6311800
2024-03-04,176.05253948496141,178.79754229244386,175.6331602181459,177.93019104003906,7063600
2024-03-05,177.6252293393534,180.42743263513958,177.6252293393534,179.71258544921875,6617800
2024-03-06,180.37973138798867,181.16130444415123,178.83566647867224,180.6466064453125,7572900
2024-03-07,181.00879937810365,181.57114220733695,177.882536255817,179.0644073486328,7618300
2024-03-08,179.60769987770607,181.53302526732264,179.11206853567012,179.39801025390625,6172200
2024-03-11,178.5020662570391,179.60769981055208,177.49175145743587,179.4647216796875,5762600
2024-03-12,180.09382344651382,181.2471165876404,179.1025751253526,180.94210815429688,5708400
2024-03-13,181.4377008563352,182.74348339179392,180.94206952975253,182.40989685058594,7795500
2024-03-14,182.07630255175962,182.6481859917152,178.3305111052107,179.15972900390625,10310900
2024-03-15,177.73959237893214,181.99055652249785,177.73959237893214,181.38055419921875,17214200
2024-03-18,181.69506181540558,183.6680321068183,180.989740825109,183.62991333007812,9013800
2024-03-19,183.67755757171838,184.84036196147107,183.36302315103146,184.70692443847656,8478700
2024-03-20,185.08820281034855,187.34711486243472,184.53538600625475,187.12789916992188,9367000
2024-03-21,187.3089773686367,190.08257262678063,187.12788047150858,189.72991943359375,11203800
2024-03-22,189.6822909901627,191.083392477514,187.3280600307956,187.40431213378906,8108800
2024-03-25,187.38524407916947,187.70930458163005,185.25022900773442,185.6886749267578,8620000
2024-03-26,185.46943290101217,187.44241759575021,184.96427551941824,186.55599975585938,5961500
2024-03-27,187.28994092343356,190.2446480989538,187.17557004094428,190.16839599609375,8725800
2024-03-28,190.1397869801665,191.31213205601443,189.23430242605596,190.9118194580078,8628300
2024-04-01,190.61635887297004,191.52182891767458,189.26291683518835,189.61557006835938,7309000
2024-04-02,189.09134989704782,190.41619924304973,188.79588209625334,189.53932189941406,7014700
2024-04-03,189.71087593046866,190.2065073077986,188.43368598081162,189.0055694580078,9353400
2024-04-04,190.92294758736315,191.43105169111553,187.47167525782456,187.56753540039062,9243800
2024-04-05,188.05646456443594,189.93548708042957,187.0498380452217,189.2931671142578,6532300
2024-04-08,189.45613591686737,190.75995368251904,189.45613591686737,190.28060913085938,8001000
2024-04-09,189.88759172283076,190.66412769503867,186.858130102975,189.00558471679688,7351500
2024-04-10,187.47164011404152,188.92885151517444,186.1582262140192,187.3949432373047,7681400
2024-04-11,187.90307299515135,188.44953283112304,185.25709621308906,187.3566131591797,10137700
2024-04-12,180.54034929302082,181.12513563622184,174.99911250049018,175.23878479003906,31532300
2024-04-15,176.8781304650247,179.71585650140818,174.67314271511265,175.3346405029297,14766600
2024-04-16,175.34421656606602,175.59348507440095,172.22847723934825,173.3309783935547,16451800
2024-04-17,173.87741892391227,174.88404529771748,171.79706555321258,172.64071655273438,9017100
2024-04-18,173.61859263073782,175.78522461530977,172.53526932423483,173.76239013671875,9557700
2024-04-19,174.86489872904636,178.20114757259395,173.91580581309498,178.12445068359375,13402300
2024-04-22,178.30659681566635,182.27556923453258,178.29700056215378,181.58531188964844,11529700
2024-04-23,183.23424396804157,184.28879315265974,182.6494430587006,184.2025146484375,9144400
2024-04-24,182.65903852652195,185.24749624840408,182.313909855042,185.10369873046875,6964900
2024-04-25,184.30798671411355,185.92817369729963,183.28218231517408,185.3817138671875,9802300
2024-04-26,185.57344675747706,186.81973082192815,185.08450597891687,185.4967498779297,6413700
2024-04-29,185.48717558117502,186.23495195973294,184.48054903205914,185.29544067382812,5387800
2024-04-30,184.8448357100977,186.93478547211615,183.7231712629308,183.8190460205078,8153700
2024-05-01,184.32717863603727,186.42671034800628,182.9083080717364,183.93411254882812,7445300
2024-05-02,185.09412585167607,185.50635517485986,181.69077635818138,183.74237060546875,6501700
2024-05-03,184.06828338337766,184.57638737035924,180.6745308450071,182.63983154296875,8922800
2024-05-06,183.80944819934183,184.2600332249276,181.9783632240918,184.06829833984375,7911100
2024-05-07,183.78070641582713,184.95988996978727,183.73276903282613,183.82864379882812,7688800
2024-05-08,183.109636489073,188.5262245966685,183.109636489073,187.56753540039062,9227600
2024-05-09,187.10734763918092,189.42737347784018,187.04024700977476,189.34109497070312,7977300
2024-05-10,190.33813049739558,191.10508471525102,190.0792949687619,190.5586395263672,7529800
2024-05-13,190.5874094528372,191.59403600454803,189.85879632323068,190.52029418945312,7049200
2024-05-14,190.77915069779183,193.2525705878791,189.97385528104797,193.18545532226562,8596200
2024-05-15,193.66479112658575,194.31670735941614,191.51733677946362,193.7606658935547,8370000
2024-05-16,193.866101662291,196.03273365800683,193.64560727584146,194.10577392578125,8497900
2024-05-17,195.39042954302607,196.5792093322775,194.43174041156257,196.32994079589844,9260500
2024-05-20,195.94647638612952,197.37492849755048,187.32785559089572,187.50042724609375,17373300
2024-05-21,188.86176341948598,191.64195611591128,188.47829360909478,191.2776641845703,14420800
2024-05-22,190.7791278137312,192.6389869781935,189.52324745359738,190.1176300048828,9425300
2024-05-23,189.63829745126534,190.10806039860006,187.97018770099368,188.78506469726562,8069400
2024-05-24,189.58077653024836,192.4664255616402,189.398623253968,192.4185028076172,7356200
2024-05-28,191.60356670410903,192.130848531854,190.45314293439478,191.25843811035156,6910200
2024-05-29,189.82044693132437,190.76955443221763,188.75630141642043,189.9259033203125,6120000
2024-05-30,190.35732523946047,191.59404249956677,190.2039314566132,191.09552001953125,6829100
2024-05-31,191.06674918836447,194.9015057616244,190.1559974279023,194.25918579101562,14417900
2024-06-03,193.95239907688003,194.05785546823523,190.9612936179844,193.48265075683594,6444300
2024-06-04,191.89123007503053,193.63603677852987,190.08888973275643,190.9325408935547,6848300
2024-06-05,191.50773045425237,191.56526408846938,188.78505690537415,189.1110076904297,8351600
2024-06-06,189.11099931395754,189.8396123640848,187.26073644389058,188.7754669189453,7640300
2024-06-07,189.2739797714667,192.61980995746194,188.8713321096013,191.68988037109375,6964500
2024-06-10,191.0092423122621,192.54313626193007,190.24228802320997,191.36395263671875,6070800
2024-06-11,189.73415971337363,189.76291921555642,185.60221211085312,186.330810546875,9235300
2024-06-12,187.90309422081228,188.59335165557187,183.40683926855004,183.6177520751953,12751300
2024-06-13,184.3751194659853,186.54175185638388,182.99460463625155,185.65975952148438,8587800
2024-06-14,183.54101774777556,186.81015095563032,183.5122582462289,185.77476501464844,6874000
2024-06-17,185.48716772913508,187.50042074214187,184.68187237530643,186.92520141601562,8725400
2024-06-18,186.56092242282216,189.78211868976877,186.11033733277037,188.8617706298828,9023000
2024-06-20,188.27692833142413,191.2105142717684,188.0084965871072,190.46273803710938,8731100
2024-06-21,188.58373987114496,189.0247286665629,186.19659873864725,188.190673828125,20972100
2024-06-24,189.6382886582382,190.99962542574337,188.957627588703,190.66409301757812,9785900
2024-06-25,189.90672123301874,191.80493619273605,189.57118882344554,189.88755798339844,6862500
2024-06-26,189.29316469485687,189.7629276320688,188.1715001746751,189.27398681640625,7758600
2024-06-27,189.2835952173299,191.60362129195104,188.765894864985,190.94212341308594,7913500
2024-06-28,191.74741410626976,194.23043015450833,191.06675299288662,193.9044647216797,15307600
2024-07-01,194.46049781077463,198.5349265754009,194.28794079062752,196.96267700195312,10205800
2024-07-02,196.80926606274986,200.2317929481146,196.31075829574527,200.20303344726562,7802900
2024-07-03,200.89332093759472,201.68903471376527,199.07180271542398,200.06884765625,5560900
2024-07-05,199.53866159652915,199.9049721380336,197.15757688402516,197.4178466796875,8093100
2024-07-08,197.65882429121405,199.45186733579698,196.6273505271732,197.78414916992188,8707000
2024-07-09,198.2275912793329,202.20890663088076,198.05406339705047,200.1555938720703,9058900
2024-07-10,198.71922757684789,200.48335172261358,198.17938920186893,200.31947326660156,8328500
2024-07-11,198.7867035323604,200.60866530004373,197.98658073254825,199.9820556640625,10658100
2024-07-12,196.6562601537881,199.98206161154934,194.82466361458398,197.5624237060547,15443400
2024-07-15,199.7314503097893,203.99233468764302,199.2783684798156,202.48849487304688,10719700
2024-07-16,202.44029700424292,206.045667589165,200.58941605391487,205.9299774169922,11557000
2024-07-17,206.1034814139679,209.72812101590785,205.59256190040833,209.06295776367188,11572500
2024-07-18,207.86760619146685,208.84124221450833,201.7076384383101,202.42098999023438,12415100
2024-07-19,203.59707529601897,204.70568563674118,201.3991534690736,202.2281951904297,8095900
2024-07-22,202.88374824394737,204.53218245854399,202.1607471685467,202.71022033691406,7663200
2024-07-23,203.42355557512025,203.86698792954928,201.81367519196866,202.75839233398438,5557300
2024-07-24,202.00650253217418,204.39722195913197,200.57978453490034,201.0810546875,7119000
2024-07-25,201.1388579458968,202.62342813048153,200.56046601291564,201.15814208984375,6403800
2024-07-26,201.7076360111633,205.48651931773958,201.10994520654938,204.59963989257812,8027800
2024-07-29,204.9948645941633,205.92031228740183,202.97047074878532,203.25967407226562,6533600
2024-07-30,205.55398670734905,208.02182760531736,205.29371695525305,207.4434356689453,8850700
2024-07-31,207.04822985707858,208.60027277698123,205.01418621310052,205.13951110839844,9071600
2024-08-01,205.52506631000642,206.13239181267562,198.95058534591223,200.4737091064453,10918600
2024-08-02,196.540593467653,197.3021480368774,189.8022189578119,191.97122192382812,18041700
2024-08-05,187.06445780696276,189.10813588433086,184.0278448440605,187.88385009765625,13927000
2024-08-06,188.36586724051912,195.30668907206046,187.0162711674383,193.12803649902344,10605800
2024-08-07,196.18392763321725,198.34329615285105,192.9930852223819,193.18588256835938,9204400
2024-08-08,195.18135272592363,197.53351835192714,194.5258241649833,196.714111328125,7761200
2024-08-09,196.14533951000286,199.03734331891687,195.59585172575302,198.39146423339844,5540200
2024-08-12,198.9795069946796,199.68322380780327,196.32850348454394,198.76742553710938,6936000
2024-08-13,200.2519905060568,200.59903157036632,198.00586566059425,200.45443725585938,6387800
2024-08-14,200.2616277015083,203.1729009253771,199.66393691590284,202.671630859375,6999800
2024-08-15,205.3322777083701,206.1902382803681,203.5006811149563,203.93447875976562,7001000
2024-08-16,204.06942756348838,206.38302468646538,203.97302155440943,206.26734924316406,7931200
2024-08-19,206.29629275515234,207.7712136714554,206.1227795694666,207.694091796875,6090800
2024-08-20,207.26027814783114,208.224279441542,205.98778937957647,206.7975616455078,5640000
2024-08-21,206.71078640427385,207.26027419175705,205.17802790680824,206.8746795654297,5202300
2024-08-22,206.85539841898242,208.9954824579449,206.62403281413785,208.83160400390625,5247100
2024-08-23,209.76669339782856,211.29945196841106,208.70628606060572,210.4511260986328,7214000
2024-08-26,211.12593813281453,211.77181729592928,210.2005050400954,211.28018188476562,5105200
2024-08-27,211.60792033180917,212.48516504618274,211.2994475643601,212.25379943847656,5185200
2024-08-28,211.35731137287664,214.2107620487655,211.29947364118536,213.32386779785156,6506400
2024-08-29,214.15288670074474,214.9530095590424,211.05845071030296,214.2107391357422,6416100
2024-08-30,214.49031335022525,217.36303342834742,213.94082548692816,216.70751953125,8574100
2024-09-03,214.297494197532,216.03269949777572,211.34765254186397,212.36949157714844,8956100
2024-09-04,213.08283641697943,214.0757712679163,209.39072445966104,211.4344024658203,7389500
2024-09-05,212.2248812160305,212.85149088939755,208.2532005501347,209.7956085205078,8067900
2024-09-06,209.76670350231032,210.86566447314522,203.49104518429826,204.81173706054688,7777000
2024-09-09,207.4434494984693,210.29688521091413,206.4697987366713,209.005126953125,8935100
2024-09-10,210.73067979138588,210.7692333693298,193.3882919543516,198.16009521484375,28406900
2024-09-11,197.86130074865483,200.22310139669105,194.5644175025377,199.77001953125,13658700
2024-09-12,200.1748942176664,201.26422055781165,197.51425552425695,199.16270446777344,9054400
2024-09-13,199.41333991808642,200.36770664605027,195.71157789182413,196.96478271484375,10226700
2024-09-16,198.42039779039567,200.71472568909704,198.18903217312973,200.3773193359375,8634900
2024-09-17,200.25199896620595,202.3727990223658,200.18452651974977,201.71728515625,7573300
2024-09-18,201.4859220173664,203.73204698540877,199.25908119547495,200.0592041015625,8259900
2024-09-19,202.22818666728926,204.2815140938797,199.87602119841407,202.90298461914062,11635200
2024-09-20,202.37279798547686,203.80916530403834,201.9582844621734,203.4910430908203,20885000
2024-09-23,203.40428249196864,204.17548650492685,202.4306464351734,203.8284454345703,7223500
2024-09-24,203.54887478135018,205.2840801158477,202.79695492131674,203.97303771972656,7323200
2024-09-25,204.0597961831719,204.5996492884681,201.10031972421785,202.62344360351562,8976500
2024-09-26,203.5296028527362,204.07907595472616,201.48591005736264,202.2281951904297,7807500
2024-09-27,203.06688130801132,204.79245198574228,201.79440715731258,202.9222869873047,7032500
2024-09-30,198.88309377750343,203.36570837610932,197.8708895320446,203.26930236816406,8663800
2024-10-01,201.37988091048814,201.563043524854,198.76744542730427,199.5868377685547,8540100
2024-10-02,199.62540303508803,201.4280808680096,198.2854417354765,199.8278350830078,5810900
2024-10-03,198.74815887229946,199.0566463684385,196.98403461617457,197.8419952392578,7251300
2024-10-04,203.00191264193967,205.30059173762103,200.68383122656712,204.8641357421875,10211700
2024-10-07,204.67985202405725,206.91064521465483,203.3801777894046,204.58285522460938,6718900
2024-10-08,204.2433814525666,204.97081299762056,202.10958521366825,204.40826416015625,6021800
2024-10-09,203.3898630505735,207.7932570879516,203.07949994464997,206.9979248046875,7024000
2024-10-10,208.34608508892396,208.34608508892396,205.10659358890175,206.43536376953125,7927100
2024-10-11,209.18022188553982,217.87061094482132,208.6855737425154,215.60101318359375,18320700
2024-10-14,216.4836435076752,216.96859791284456,212.2936451428216,214.81539916992188,9048900
2024-10-15,216.92978625602393,218.66591634009174,215.14515777638977,215.697998046875,9235800
2024-10-16,215.63982224842857,216.94919023024082,214.38863162622326,216.910400390625,6382500
2024-10-17,217.52142025499435,219.05387772032248,216.59030142556307,217.66690063476562,6470200
2024-10-18,218.2294563898017,219.12177061330635,216.38663578902958,218.58831787109375,7000500
2024-10-21,218.4428562648874,218.90840833464267,216.19266079507577,216.28965759277344,5870000
2024-10-22,216.30904010730856,218.50102841802638,214.4468171991565,217.3759307861328,9586800
2024-10-23,216.9298093573414,218.03550481569224,215.8338076592832,216.6873321533203,6180500
2024-10-24,215.15486108792416,218.28766222544806,214.98997837538428,218.21006774902344,6002200
2024-10-25,218.22946395257756,218.83080262847554,214.23344472630617,215.6204071044922,6369700
2024-10-28,216.6291337876938,218.85021840107262,216.24116139259178,218.7144317626953,6843000
2024-10-29,218.43314372922367,219.9267966077979,216.10535398126922,216.19264221191406,6580000
2024-10-30,215.8434720010865,219.5000318832495,214.91236795234585,217.65721130371094,7110900
2024-10-31,217.93848678573673,218.8987017479979,215.14515973125143,215.2421417236328,7829900
2024-11-01,216.83281456574147,219.34487487077254,215.9986923841919,216.23147583007812,6923500
2024-11-04,215.95016767681818,217.02676693348934,212.57488952061908,213.16653442382812,8229600
2024-11-05,213.40901525279463,215.28094678500298,213.37991917505954,214.82508850097656,5600700
2024-11-06,227.9285443241084,240.53735741437822,227.70546946717758,239.62564086914062,23987800
2024-11-07,237.14268290793603,237.21058362240817,228.1419311373641,229.26702880859375,16451100
2024-11-08,232.13795371871322,232.13795371871322,228.68508098059854,229.84896850585938,9502100
2024-11-11,232.7780887124302,234.81490290851687,231.80818000946172,232.08944702148438,9017100
2024-11-12,233.31156391317177,234.19418446972927,231.57541887997547,232.35134887695312,6861000
2024-11-13,233.34061894575032,236.7449928940739,233.07873947291586,233.90316772460938,11472600
2024-11-14,235.1252801712944,236.9390048192966,233.7965099040101,234.59182739257812,10172200
2024-11-15,234.19417438377397,239.00491351851235,234.19417438377397,237.92831420898438,11518800
2024-11-18,240.3045695788193,240.46945227870353,235.37743170128948,237.65672302246094,9051400
2024-11-19,234.96038095752812,237.77311024831232,234.28144783212835,235.7751007080078,6792700
2024-11-20,237.04568704958282,237.24937439416908,231.4590181077945,233.5346221923828,9015300
2024-11-21,235.9109076984406,238.10291100634333,234.82461460402516,237.39486694335938,8783500
2024-11-22,236.2794645809059,241.6527523940075,235.71691574566026,241.07081604003906,7997300
2024-11-25,242.07952020730173,246.65749066946253,241.56546975622135,242.75845336914062,10295400
2024-11-26,242.95244628971668,243.44709442063177,240.8671336131068,242.44808959960938,6212100
2024-11-27,241.8467358877818,243.63136431157088,241.2841870760072,242.2734832763672,5472300
2024-11-29,242.34141408182535,244.19394344725544,241.94374792072875,242.20562744140625,5494800
2024-12-02,242.04072865244322,242.7196618094662,237.65673701052887,238.84002685546875,8899700
2024-12-03,240.76044150846369,241.54606521705796,237.2687789369744,237.45306396484375,6657700
2024-12-04,237.3366594350314,237.96710897912115,234.9409837266818,236.07577514648438,7346300
2024-12-05,238.00591244621754,239.74204263244474,237.25907854952092,238.09320068359375,6572500
2024-12-06,238.30655876349758,240.28518075058238,237.47243671004654,239.91661071777344,5519700
2024-12-09,239.69355385728022,240.4112768597183,236.4249513096585,236.47344970703125,7076500
2024-12-10,236.55103726892423,240.498572865486,234.93129148152076,235.55203247070312,9108300
2024-12-11,236.6577167818861,236.91959626812363,234.892475888952,236.2018585205078,7884400
2024-12-12,235.68782146085866,236.75472698403252,233.78679383764873,234.26205444335938,6113800
2024-12-13,234.78580466330752,235.41623939456244,231.94396449404366,232.7198944091797,10392700
2024-12-16,233.36973231358596,233.42792446749883,230.3727179900156,232.3707275390625,9032000
2024-12-17,231.46872125413844,231.8275975615697,229.50951620113162,231.1874542236328,8083600
2024-12-18,231.80818316746954,231.87608388142587,222.62314644125652,223.4378662109375,11322400
2024-12-19,225.28069654614558,229.24761955351914,225.28069654614558,225.94993591308594,11790800
2024-12-20,224.94121327316583,232.01185564904202,224.6211416413709,230.45030212402344,32348400
2024-12-23,228.96635695747324,231.43961233565523,227.81216322118433,231.21653747558594,8611500
2024-12-24,232.2252432886818,235.19317647466937,231.8760903487652,235.01858520507812,3729100
2024-12-26,234.16507310711287,235.94000797666132,233.54433207073802,235.82362365722656,4451800
2024-12-27,235.4162337138211,236.06607074717232,232.81687078078448,233.91287231445312,5730200
2024-12-30,231.5851232615298,233.59282673786723,229.97507113678503,232.1185760498047,5723800
2024-12-31,232.8265915853147,234.17476411638413,231.83728054536303,232.496826171875,4871000
2025-01-02,233.67039035457807,235.95937536225344,232.24462345405482,232.778076171875,9220900
2025-01-03,236.55104128388234,237.51125626141643,233.0302678325568,235.9593963623047,9491100
2025-01-06,237.58749766624487,239.52758971131513,234.5457584708976,234.80899047851562,9917800
2025-01-07,236.0666364630763,239.1083757665875,234.85773282590426,237.07080078125,8753400
2025-01-08,236.6613409803632,238.1237179586147,234.467775512986,237.0318145751953,8675300
2025-01-10,236.99281382045058,237.69475597281877,232.7519294323,233.85357666015625,10256800
2025-01-13,233.65858101637204,238.4064266263034,233.00538778135987,238.084716796875,10005300
2025-01-14,236.57360158862997,241.50668420793562,236.11538894602398,241.26295471191406,12407400
2025-01-15,244.1194365217934,247.30742222416936,237.567987035329,246.02053833007812,18448500
2025-01-16,247.62917824638126,250.59293737173945,246.00106693044077,247.8924102783203,15292300
2025-01-17,247.76565189599165,254.08311616597211,245.81581595917703,252.6597442626953,17678100
2025-01-21,253.5468991230429,257.62204870374836,252.99118879327418,256.4326477050781,13712100
2025-01-22,256.305959746207,256.77393113987694,253.72243275979156,256.2474670410156,9021900
2025-01-23,258.0510736566997,260.1666292674806,257.1931409703937,259.27947998046875,10749700
2025-01-24,257.07611593589155,260.4005897068569,256.4131788721569,258.197265625,7666300
2025-01-27,257.54406044260105,259.2989006643702,255.68196378667437,259.1819152832031,7522300
2025-01-28,259.18195317720495,260.6248127587292,258.1875177876292,260.4396057128906,7375400
2025-01-29,260.5078493852214,263.8908162812083,258.94797452140983,259.8936462402344,7684900
2025-01-30,261.8922195390952,262.93538890949,259.93262489498824,261.50225830078125,8753500
2025-01-31,262.4771647518187,264.02728068876934,260.2640820114848,260.5955505371094,7193800
2025-02-03,255.262756728444,261.4437627852604,255.13604238526239,260.11785888671875,8381400
2025-02-04,263.07188179280973,263.07188179280973,260.13736895555724,261.21954345703125,5626000
2025-02-05,262.1651995788102,263.8518184078893,261.59973048488587,263.6470642089844,5704400
2025-02-06,265.61640594638817,270.0327830459936,264.38799981532753,269.95477294921875,7264400
2025-02-07,270.3154852917386,271.56337905921515,267.8196977567854,268.8823547363281,6857900
2025-02-10,269.2236076160228,269.2528539667919,262.8281477293246,264.2417907714844,8627400
2025-02-11,263.4813689407272,269.29187234750515,262.8964121442548,268.09271240234375,7196400
2025-02-12,267.20547522906736,269.5160555598776,266.39630649241644,268.5411376953125,6683900
2025-02-13,268.5898729509256,270.0230034086619,266.9422593718909,269.3893127441406,8398700
2025-02-14,270.41299219849265,272.22635509125433,269.516084328549,269.6525573730469,5688600
2025-02-18,269.8182931454493,272.94777133904427,269.0968336529695,272.92828369140625,7919800
2025-02-19,271.3976452931055,273.22073697574245,270.2667369774727,272.2458190917969,7007200
2025-02-20,271.6901230945166,271.7486157904694,259.074682630374,260.10809326171875,13846700
2025-02-21,261.5900174978265,262.4479501394835,256.24745588977726,257.6123352050781,12835600
2025-02-24,258.830952916328,260.3030885181435,252.12351276645532,254.78504943847656,10372800
2025-02-25,255.6527330596067,256.4034091360431,246.99545729877843,250.94386291503906,9608400
2025-02-26,250.70990545858655,254.36584779830204,250.48566361764875,252.2990264892578,5943600
2025-02-27,253.65413698422063,257.0273744049559,251.39232027199134,252.55247497558594,8204400
2025-02-28,254.19036230579462,258.168014364657,251.42159895805173,258.01202392578125,10467100
2025-03-03,257.37838846762924,259.64020568861605,251.3534015144689,254.08316040039062,9058300
2025-03-04,248.87705700074721,250.7781589340054,239.7810705990394,243.9732208251953,13465600
2025-03-05,244.9481392715601,246.7029945878236,241.61392160869326,245.2211151123047,7861400
2025-03-06,241.886905868188,243.10555336966488,237.73376053853926,240.3562774658203,9983200
2025-03-07,239.07911459680213,240.53174763621962,233.414843927151,236.20310974121094,20498700
2025-03-10,230.2853592191741,231.55274056363587,222.96371641209598,226.3954315185547,18887200
2025-03-11,225.93725209212354,227.4678805305205,221.0041692701968,223.39271545410156,18143000
2025-03-12,228.13079748633706,228.44277836700155,221.55984522899598,222.1837921142578,16054000
2025-03-13,223.5486764519025,223.7436570558228,218.60583558035344,219.54176330566406,16467900
2025-03-14,222.39828672532758,227.29237919177538,221.8718375571281,226.6099395751953,11962100
2025-03-17,225.38152145062264,229.7589083414952,224.67959422222768,228.0625457763672,9586000
2025-03-18,228.44278631946406,230.24637564186483,227.6628489667191,229.07647705078125,10344900
2025-03-19,229.82715648248669,236.25186202365677,228.99847029765743,233.1126251220703,10120600
2025-03-20,230.626575584927,235.69614567962623,230.27560454658268,233.01512145996094,8328500
2025-03-21,231.84521878733037,236.22260542626867,230.56807874401406,235.5694122314453,19326900
2025-03-24,239.322859868715,242.4523531078021,238.27970537306442,241.83815002441406,9422700
2025-03-25,243.0567884546642,245.50384199682819,241.40917476122533,244.83114624023438,9287700
2025-03-26,246.26430155091427,248.2823741474766,243.51502555215362,244.73367309570312,12779300
2025-03-27,243.27127484247194,244.353434361877,240.98021170983642,241.89663696289062,8022500
2025-03-28,240.7462457637879,243.25177720979866,235.06247221658606,236.7588348388672,11978400
2025-03-31,233.4051034157958,239.69332104124126,231.40651869928774,239.14736938476562,13603000
2025-04-01,236.53458470709884,239.52758990904476,234.8382370203243,237.5485076904297,8054700
2025-04-02,235.5401876257281,241.0484682086845,235.40369970489934,239.6543426513672,7758800
2025-04-03,228.39403885290514,229.24221273335493,221.59885935670877,222.95399475097656,17188500
2025-04-04,211.2025352982525,213.54694074239666,204.944241574114,206.26849365234375,27170700
2025-04-07,201.84453550263905,217.81396118841425,198.303402775656,210.34913635253906,22914400
2025-04-08,219.25590423367711,223.49348363812953,209.18182124244132,212.73275756835938,19485700
2025-04-09,208.4461369100307,232.9495891897229,206.9747524141952,229.86949157714844,24022400
2025-04-10,225.6122868759835,225.95561590830835,215.9011552975308,222.7774200439453,18896400
2025-04-11,221.99267276486097,234.02860167946685,220.70766608161722,231.69400024414062,20284500
2025-04-14,232.57685007270544,235.20571653709092,229.1730460537919,230.24224853515625,13017800
2025-04-15,231.59592921415862,234.0972709216147,228.3785029309102,228.68258666992188,10912900
2025-04-16,227.57415717635914,229.12401745670127,223.58179301036478,225.22975158691406,9322300
2025-04-17,226.39703780490407,229.86949873745436,226.15180704795938,227.534912109375,9557900
2025-04-21,226.23027991963676,227.38776189376563,222.02211180001825,224.62156677246094,8716200
2025-04-22,227.5545095207112,231.48802026386073,226.95614590207006,231.09564208984375,10701400
2025-04-23,235.63731625364926,242.08197236154456,235.4215120035636,236.28472900390625,14126800
2025-04-24,235.16649038746075,240.78717510551016,233.04769307035298,239.97300720214844,9055200
2025-04-25,239.98281495355522,240.93431149661754,237.13814413406232,238.90380859375,8588600
2025-04-28,239.89451126938215,242.13101437011173,236.24547674341366,238.580078125,7394300
2025-04-29,237.56973353773236,240.5713553936845,237.07927205884616,239.953369140625,7216800
2025-04-30,236.6084332300704,240.54192890236706,233.88145363718232,239.953369140625,12991700
2025-05-01,238.20734299709588,243.7103217475342,237.55012636868136,242.18008422851562,8689600
2025-05-02,246.4667021122206,248.78168093946223,244.70105272563194,247.69285583496094,7165000
2025-05-05,246.38824947467103,250.29233406900863,245.8095084557676,247.74192810058594,5450700
2025-05-06,245.23074839753636,247.83018834347143,244.2498254039462,244.49505615234375,6369900
2025-05-07,245.08361641763196,247.63400722536448,244.08307077124687,244.63238525390625,8724100
2025-05-08,246.77078915965458,250.99856460126213,246.7511665100619,248.63453674316406,8320100
2025-05-09,249.64490778917525,250.63563464782604,247.52611048052464,248.2519989013672,5087600
2025-05-12,257.8846409478204,258.57129899597703,253.7647824650602,255.08900451660156,9603900
2025-05-13,256.05034578816554,258.6399970419656,255.42257059461764,257.9925842285156,8589000
2025-05-14,257.9827669437803,261.5533412811179,257.28631994724986,260.5724182128906,8643100
2025-05-15,261.87698531695685,264.3783267139839,259.70915411050737,262.3870544433594,9214600
2025-05-16,262.3968965278898,263.33857420454694,259.66011303826815,262.45574951171875,8932900
2025-05-19,260.4840753869021,263.2012510960716,256.933139124985,259.8268737792969,12145000
2025-05-20,257.5118826616805,261.5729180532009,257.2960784147582,260.6116027832031,8436300
2025-05-21,259.3070029050421,260.58219084007044,255.7560664091254,256.0601501464844,7464000
2025-05-22,254.49067374288148,257.29609924459567,253.93154043030927,255.6972198486328,6514100
2025-05-23,251.9108411041023,256.9920152183282,251.11629584411466,255.73643493652344,6671800
2025-05-27,257.04106526626447,260.23885381510826,256.99200115618,260.22906494140625,7506600
2025-05-28,261.160947858906,261.63180170795323,257.88466840636806,258.4634094238281,5535400
2025-05-29,259.74841937820054,260.3467980228732,257.5217347653291,259.3266296386719,5081200
2025-05-30,258.4241883810186,260.26829856132497,257.7179225906518,258.96368408203125,10977700
2025-06-02,258.00235590026796,259.97402070361045,256.90372693326515,259.611083984375,6011200
2025-06-03,258.6988154428008,261.49442184863057,257.86502496413567,261.1903381347656,6998400
2025-06-04,260.8470856497254,262.02417541627636,259.1402590883603,259.17950439453125,5915700
2025-06-05,259.68954289634314,259.68954289634314,255.34406123341302,256.9527893066406,8173800
2025-06-06,259.28735892431575,261.56310742936586,259.2187170664052,260.6606750488281,7738100
2025-06-09,260.9254938141093,262.7892413542747,258.32605409213727,261.6513671875,8285000
2025-06-10,260.80780989527875,263.7701865542935,260.77838340293533,263.4759216308594,7538100
2025-06-11,263.5543728329388,264.4764428071077,260.71952105435884,263.03448486328125,7434100
2025-06-12,261.76906334571646,263.17180580407035,260.08190474325323,263.12274169921875,6618000
2025-06-13,260.0230636958611,261.92605676944186,257.69828090375347,259.89556884765625,7098300
2025-06-16,261.90641444850957,266.5461905448813,261.75928200050436,265.2023010253906,8566000
2025-06-17,263.0541348281509,265.42795173106725,262.69116817138956,264.37835693359375,6739300
2025-06-18,264.8492562370497,272.4219843165028,264.5745989465162,268.73370361328125,9586400
2025-06-20,270.3129479704052,272.00992553694005,268.5865139770169,269.7538146972656,13969700
2025-06-23,269.81267140989485,273.2360830171409,266.9189366562568,272.96142578125,8094600
2025-06-24,274.864422081068,277.31672955102783,274.1777939507156,275.8944091796875,9267900
2025-06-25,276.1298306696613,278.85679547317505,275.55108967897763,278.6409912109375,6826900
2025-06-26,279.26878993935657,283.88892888521605,279.04316687272353,283.24151611328125,8942100
2025-06-27,280.3575940845552,283.19247586135157,279.6022941678673,281.6327819824219,17868600
2025-06-30,284.86003722869964,287.0671140098136,283.4082903268862,284.37939453125,12689200
2025-07-01,285.3406963303482,285.57610826317716,281.122709609671,284.8698425292969,9338300
2025-07-02,286.4687496948515,287.2338684064349,284.17339356010143,286.42950439453125,8158700
2025-07-03,287.95726066275904,292.1462676228288,287.03074848169234,291.75201416015625,6541600
2025-07-07,291.0127726573706,291.7914435365602,285.91695574871414,287.77984619140625,8825700
2025-07-08,285.1185912184717,285.54244302383853,276.28718720828704,278.72174072265625,15440900
2025-07-09,283.05857981144027,283.0783120359289,278.42604907780265,279.0962829589844,11273800
2025-07-10,278.93858839126966,284.1723806999454,278.93858839126966,284.0541076660156,8410900
2025-07-11,281.4223984494675,283.2557206237078,279.5792402426265,282.7431640625,7384700
2025-07-14,282.95018101073435,285.1481583723004,281.1661592607552,284.5567932128906,9079900
2025-07-15,283.8668247126896,287.7601490973643,281.3830008251136,282.4376220703125,12526100
2025-07-16,284.2610694558768,286.5576476938333,278.9484387838449,281.7181091308594,9979800
2025-07-17,279.3722805662569,286.13381646736286,279.3722805662569,285.73956298828125,8509500
2025-07-18,285.365019447414,288.3022635940587,284.09355419862834,287.08990478515625,12217000
2025-07-21,286.8237577094983,289.95811320350606,286.4097720406625,286.794189453125,7898100
2025-07-22,287.3165917383993,289.41602825063205,285.02987956960806,287.2475891113281,6717500
2025-07-23,288.6373728619252,292.72780910920665,288.3515263055785,292.5011291503906,7083500
2025-07-24,293.1516681080147,295.2905090775473,291.9491754148663,292.29412841796875,7001200
2025-07-25,292.4419829511327,294.6103920554469,291.71258245493334,294.33441162109375,5918500
2025-07-28,293.3882007039174,295.13278810430046,292.5602593912129,293.9992980957031,5840400
2025-07-29,295.69464217411235,296.9661375577531,291.94918873841937,292.7771301269531,7635700
2025-07-30,293.1516503269176,296.29584201458954,293.1122159565272,295.3299255371094,8061700
2025-07-31,294.8469611494763,296.66055111466636,291.2591855090535,291.9885559082031,14749700
2025-08-01,286.23241068269874,287.61231301174155,280.1608103552954,285.2171936035156,12007100
2025-08-04,286.0943926240756,290.0961238185278,286.0943926240756,290.0369873046875,6649500
2025-08-05,290.4608068242693,291.54502636918687,283.11771225513746,287.1884460449219,7182300
2025-08-06,288.1051104485434,289.08092314098127,285.99583781724914,287.16876220703125,6330200
2025-08-07,288.7359444448802,289.2484709612734,282.29965937267906,282.8220520019531,8057100
2025-08-08,284.8327496617793,287.0504590616496,280.6240107941869,284.61590576171875,6634100
2025-08-11,285.2467115527221,287.1391701841974,284.6356142061902,285.4044189453125,5510100
2025-08-12,287.31661546362176,290.5199739550687,286.1732592848133,288.6472473144531,8570900
2025-08-13,289.7314666813669,290.32283187703916,283.0389031406188,286.36053466796875,8420400
2025-08-14,286.4098066006694,289.9778804180479,285.4833244293079,289.9384460449219,6322400
2025-08-15,290.6086532135509,291.2591849519308,285.660707668408,286.3210754394531,7340500
2025-08-18,285.8381195988006,287.7108460905947,284.2709417940018,287.3461608886719,5386900
2025-08-19,286.6562214265169,288.2825659770611,285.37489004447787,286.4886779785156,6031500
2025-08-20,286.63648908496583,289.1203129200321,283.1472843493455,288.04595947265625,7374200
2025-08-21,287.7503044651617,288.5683797096441,285.31575079885044,287.28704833984375,6624000
2025-08-22,288.9922055724686,292.8953659306035,285.96625689985,291.9885559082031,8552800
2025-08-25,291.9885819039242,293.08266767966575,289.9187435512912,290.6678161621094,5856300
2025-08-26,289.9384115603751,294.4526691589569,289.2878798394283,294.2851257324219,6714700
2025-08-27,292.98408908730437,296.74927450763425,292.77711127340297,294.9849548339844,6056500
2025-08-28,295.71431837356056,296.91681101607145,294.41328492266325,296.749267578125,6410500
2025-08-29,297.70533564994906,298.60227955806266,295.4284896061262,297.09423828125,6796400
2025-09-02,295.95091721841663,296.1480289299188,290.2735705259471,295.3989562988281,7221900
2025-09-03,296.2564245761911,296.2564245761911,292.1265542897072,295.2116394042969,6316900
2025-09-04,295.694622931837,300.0610396446901,293.99930589050996,299.4598083496094,6605800
2025-09-05,299.2922261938372,300.7706992658433,290.08627080836624,290.1552734375,9837700
2025-09-08,290.6579550877705,292.20540066234315,287.2574550934962,288.70635986328125,8188500
2025-09-09,288.4008143193263,294.7089599546063,288.11496777534006,293.5754699707031,7848200
2025-09-10,292.44198029068025,297.2125163723058,291.1606189374317,296.22686767578125,7787300
2025-09-11,296.91682530734334,301.3424087307021,296.4733014094209,301.1748352050781,7942500
2025-09-12,300.622869917122,303.13626220753474,299.3415385689925,302.5054626464844,6846700
2025-09-15,302.76170501933825,305.50180702662493,302.76170501933825,304.46685791015625,7122000
2025-09-16,305.5510890844016,306.4381668754987,302.7222822014224,304.7527160644531,10525600
2025-09-17,305.9355027165261,308.41932651675705,304.3387266167954,307.2759704589844,8657800
2025-09-18,307.31540473136215,308.94171900765593,305.16666778780973,308.7347412109375,8050700
2025-09-19,309.09945390156855,311.2678631029987,304.68373667454165,310.26251220703125,23568600
2025-09-22,305.3539884334779,309.1980428451836,305.11744234523064,307.95611572265625,7520200
2025-09-23,307.34499004479613,311.77054315707727,306.12276518201463,308.25177001953125,8584400
2025-09-24,309.54299157852137,312.036681822986,307.1971727167786,308.92205810546875,7310500
2025-09-25,309.61196690994507,311.12000822788536,307.3252546914858,308.95159912109375,7083200
2025-09-26,310.3807528469309,313.2489940185383,309.1979925185918,311.52410888671875,7258100
2025-09-29,312.50978831201064,313.4461666504931,309.158588598915,311.1594543457031,6462400
2025-09-30,311.71140689202116,312.85476301381095,305.65950932869447,310.9031677246094,11823300
2025-10-01,309.46414008660315,310.0752375005356,302.99828667529783,306.25091552734375,9235200
2025-10-02,305.5510816946321,306.1030425326149,301.7464923414213,303.13623046875,7600000
2025-10-03,304.0825131673876,307.1873007923745,303.78680048715194,305.5806884765625,6029900
2025-10-06,307.21486689804453,308.7698659390142,302.2131538143922,306.22442626953125,7214500
2025-10-07,306.39285354178503,307.0465480670538,301.78731007714714,304.74871826171875,8454200
2025-10-08,305.2636917190969,305.8282501205831,300.64823485280857,301.1236572265625,6489900
2025-10-09,302.13392206728275,305.09536030036105,300.4898171115272,302.6093444824219,7060300
2025-10-10,302.7380934229591,307.50211054267186,297.9344502139145,298.0137023925781,8597400
2025-10-13,302.6786918104351,306.5017785031187,302.53013174675476,305.0260314941406,10788700
2025-10-14,302.91638858642943,304.0653034578676,291.39755808509767,299.19232177734375,16178800
2025-10-15,303.4611428511513,309.13634876005415,302.520212088773,302.767822265625,11354800
2025-10-16,302.43105556912377,305.72920960204,294.2302082762473,295.6861572265625,10549400
2025-10-17,296.30025689141456,296.68651306450823,291.3876792596173,294.7155456542969,10153500
2025-10-20,295.6465484229892,300.78693806489423,295.3098022126917,299.4696350097656,6894900
2025-10-21,298.7763208850087,301.1434582480101,294.16086397135297,294.25,7372700
2025-10-22,294.92353982678844,295.21077611588424,287.76267234049385,291.29852294921875,8054100
2025-10-23,291.5659521228084,293.53691953831486,289.7138327608809,291.72442626953125,5438800
2025-10-24,293.2496561856281,299.70734860853685,292.6257039619419,297.5679931640625,7228300
2025-10-27,299.27155593587753,301.6188954834183,298.13255521259686,301.2425231933594,5642200
2025-10-28,301.9457586189306,305.0260451309229,300.26202744552563,302.44097900390625,6336000
2025-10-29,300.6086875532579,305.3033671273222,300.1134671686232,302.5895690917969,7520300
2025-10-30,302.8668617019339,309.62164411662417,302.1834552198523,306.4819641113281,7514600
2025-10-31,305.5905808443981,309.8791757592273,304.3129038831637,308.1459045410156,7721300
2025-11-03,308.02707397940236,309.3344630267029,303.28285431242927,306.3928527832031,7770000
2025-11-04,303.7780648320401,309.23540287266394,302.1834697809128,306.2937927246094,7085200
2025-11-05,306.6503419445097,310.107000668758,302.70840715746203,308.7005615234375,6865200
2025-11-06,308.01715622418413,311.83035912038315,307.2941538281452,310.4239501953125,7206100
2025-11-07,308.90856044061366,311.4242580235003,304.6991875199946,311.20635986328125,7302300
2025-11-10,311.9888313123107,316.5052386427636,311.2063746689554,313.86077880859375,5794100
2025-11-11,314.4649387231156,316.00010979819433,312.2661590448994,312.6029052734375,5030200
2025-11-12,313.23678409164455,319.16951418656384,313.1872439213492,317.34710693359375,10578300
2025-11-13,316.17840351377913,317.565014483568,306.1452341336872,306.5216064453125,8973300
2025-11-14,304.57044575572996,304.69920788981074,298.3504790333013,300.70770263671875,10327000
2025-11-17,301.0939616708072,302.66875869849656,294.8244855709175,297.4986572265625,8344000
2025-11-18,296.6369875977812,300.05402007948175,294.1806837974681,296.5478515625,8077300
2025-11-19,296.8746866890342,301.5396841634701,296.409178349521,300.3709411621094,5546600
2025-11-20,303.411609711364,306.95740445253,295.3098117912242,295.5277099609375,7501600
2025-11-21,298.40987233529637,298.7961284719156,290.01092472978763,295.1711120605469,11766800
2025-11-24,295.3890327721484,296.9539460474125,291.69470820468445,295.1513366699219,10940200
2025-11-25,297.18170363006027,301.5891765934406,292.7346348034667,300.103515625,8877200
2025-11-26,302.0844103036798,305.5806647286523,300.30162915288383,304.6991882324219,7910900
2025-11-28,306.14525372757277,310.7210853336642,305.29345893213815,310.0871887207031,4322400
2025-12-01,309.958455126882,311.038031953238,305.5906076467962,305.96697998046875,7727300
2025-12-02,305.7886541478843,307.5120415313108,304.1544330268201,304.9368896484375,7249000
2025-12-03,304.26340519365976,309.37405277594195,303.86720471987456,309.1462707519531,8535300
2025-12-04,310.2654601734084,315.44544563675794,310.00793592177615,313.07830810546875,9627800
2025-12-05,312.62274341566774,315.4355916137351,311.6718985008828,312.0284729003906,6518900
2025-12-08,312.0482477999388,313.44477282870224,310.3546026483966,312.1968078613281,7417200
2025-12-09,311.939326475107,315.7524991840304,297.15202309779255,297.6373596191406,18049200
2025-12-10,297.62741810314117,308.2152311685389,295.60691069504315,307.1455383300781,18874100
2025-12-11,306.2838676543348,314.96013772429524,306.2838676543348,314.3460693359375,9721900
2025-12-12,316.6240735225281,317.20842990436694,313.5735294870918,315.47515869140625,8982900
2025-12-15,316.534963668203,319.7935222813264,315.3464528736662,316.9608459472656,10864100
2025-12-16,316.0397072252412,316.46558945571707,311.3945381021762,312.5335388183594,8331300
2025-12-17,315.3860269605939,316.3170436429019,311.65207637787455,311.9690246582031,8718700
2025-12-18,312.979256626897,314.66301788263524,309.2353920446346,310.0079345703125,11444900
2025-12-19,310.79038320864026,315.51477427620307,310.1961127673861,314.17767333984375,24494400
2025-12-22,314.47481933577194,320.14014104266494,314.47481933577194,320.00146484375,8354600
2025-12-23,320.51650136966475,324.6466524002949,320.00148308544306,322.8143310546875,6668300
2025-12-24,323.1213622604756,326.8355148620812,322.3884458193645,326.02337646484375,4289300
2025-12-26,325.9639318748006,327.6972031402456,323.4185221880518,324.7754211425781,4158300
2025-12-29,323.8741142125664,324.63674268276935,320.43728371815735,320.6551818847656,8635300
2025-12-30,321.7050354533748,321.83379757815135,319.40720581728044,320.3283386230469,7904300
2025-12-31,321.2395304565584,321.77437689354394,318.9615289550125,319.1398010253906,5048500
2026-01-02,319.4171281542276,322.61626252061376,317.6739428368343,322.36865234375,8054000
2026-01-05,322.3884599175412,334.026138578159,322.08142570711647,330.8468322753906,10752600
2026-01-06,330.92639220894705,334.1598441675407,328.96642165340415,332.90625,7660800
2026-01-07,329.4539672046419,330.45880399676645,322.947258062395,325.3250732421875,9815200
2026-01-08,324.7281574581884,329.7126277455971,323.99190461809644,328.11083984375,11737100
2026-01-09,327.6631156796267,330.21007865256746,326.49908990111055,327.5138854980469,6738100
2026-01-12,320.2411028663189,324.3600076252465,319.59441851466954,322.8377990722656,12805100
2026-01-13,322.64875130423195,325.1957141371429,308.9886797025588,309.3169860839844,19371200
2026-01-14,306.6307659579143,310.17263725890126,304.5613395847709,306.30242919921875,25951500
2026-01-15,306.8993776774091,311.3466191836246,306.18304245620016,307.68536376953125,14751400
2026-01-16,308.76979706409315,315.5948534301565,308.42157308655703,310.8789978027344,14652500
2026-01-20,304.65088058894946,309.56573031914434,300.323023148028,301.19854736328125,12900600
2026-01-21,301.88504309324475,303.8450138204667,299.61665319654776,300.50213623046875,10270100
2026-01-22,303.3077326815458,306.6307531542374,301.35772089620315,302.0840148925781,10535800
2026-01-23,300.4623078902987,300.8304191049288,295.000271015744,296.2041015625,11107900
2026-01-26,296.2936374196168,300.243424572115,295.9354850066467,299.5072021484375,11752700
2026-01-27,299.7957098597862,300.4324657566407,296.6319086980451,298.7809143066406,11527400
2026-01-28,298.74110176244625,300.38272473319716,296.53240414079806,299.2385559082031,9556700
2026-01-29,300.86028172816947,305.2677184721844,300.6812055104527,304.8598327636719,11580000
2026-01-30,303.6957636347891,306.36211063628633,301.0194578342246,304.33251953125,11953200
2026-02-02,302.9097896135357,307.72514241386267,299.83552643648,306.5710754394531,9839400
2026-02-03,308.15296152215484,314.6397527673971,307.5261644294422,313.24688720703125,12688000
2026-02-04,312.809117891095,317.68416242077944,312.809117891095,315.654541015625,9848800
2026-02-05,313.3961328396234,314.4009999973286,303.98430827226673,308.5807800292969,9388000
2026-02-06,313.10760555212,322.59903993155126,313.10760555212,320.7584533691406,17797400
2026-02-09,319.70385137937853,324.73808529326595,318.4801031561584,320.4599914550781,11477500
2026-02-10,320.9076714905845,324.4694603347238,313.51550984428656,316.659423828125,9902200
2026-02-11,321.5941717066872,323.6237932822943,307.15807190859783,309.2374267578125,8703500
2026-02-12,310.68996020493864,312.0231336727285,298.492374829366,301.09906005859375,13443400
2026-02-13,297.0000117729552,302.740652037527,295.0101951931391,301.0094909667969,9114500
2026-02-17,301.21844819128046,306.6705262718474,300.95976231603305,305.5661926269531,8896800
2026-02-18,306.8894162356143,310.6899733588093,305.6557396172298,307.2077941894531,7209600
2026-02-19,305.6060125002564,307.6057576457843,303.5664321569553,306.48150634765625,6737700
2026-02-20,306.829734990155,309.4165028225248,304.12358301143166,309.20758056640625,7792700
2026-02-23,307.22769310292153,309.4165036660153,293.5974666249826,296.1543884277344,12955400
2026-02-24,295.3086878147805,298.22376183621185,289.89638425356503,295.7862243652344,13554100
2026-02-25,297.1194302945208,302.113859047087,295.4977249020647,301.75567626953125,8095500
2026-02-26,303.02916294815697,307.4366298839601,302.0939770599508,304.5712890625,7007800
2026-02-27,298.4725052158334,301.4074969953331,292.9507760142178,298.7709655761719,18620800
2026-03-02,293.3089239524434,298.45261340621465,291.7170645432447,296.044921875,8508900
2026-03-03,290.80175042735664,300.8503301542204,288.0259478174434,298.7311706542969,10278200
2026-03-04,298.4625518350298,299.4674190034017,294.31380094003714,297.8656311035156,8055700
2026-03-05,296.46279534996694,299.7061758621692,290.9410358965662,292.0553283691406,12732500
2026-03-06,284.88204628210366,288.51345559776433,282.2654325280704,288.0060729980469,13496500
2026-03-09,284.04633930656934,289.61783224456605,279.02206418875625,288.44384765625,12241100
2026-03-10,287.81703392074905,291.25940817695187,285.7177615952499,287.2598876953125,8344900
2026-03-11,287.339470512306,289.00098077209634,283.40957048917664,286.0560302734375,10205000
2026-03-12,281.38992356011664,282.4345955757058,277.6789347371047,281.44964599609375,13760500
2026-03-13,283.2205743771862,285.72773249785536,281.50933079451545,281.996826171875,9091200
2026-03-16,284.88204862524725,287.7971227560318,283.16084627757465,284.7029724121094,8149000
2026-03-17,287.5285022187445,290.2744588762506,284.4940440114858,285.42926025390625,8961200
2026-03-18,285.36953215418885,287.93641255144826,283.6682474755719,286.27490234375,10057000
2026-03-19,285.4193072233837,288.0359209952396,283.1708046765218,286.5037536621094,9846700
2026-03-20,286.61317132501995,289.2297850267638,283.81748141518966,285.1009216308594,22436500
2026-03-23,292.8114588483544,294.24412922690453,286.5037438804951,288.4338684082031,11470800
2026-03-24,284.71293429347423,293.9755285514211,283.9169894005904,290.91119384765625,11092300
2026-03-25,292.6522795072885,296.1245302289603,290.950994762599,293.91583251953125,12188200
2026-03-26,291.0902559049482,293.48798854194115,289.24969984697105,290.1749572753906,8669200
2026-03-27,287.66781259849654,288.63284454259417,280.31542537678433,281.3998718261719,9873300
2026-03-30,283.2901966006573,285.787426299191,280.89246381052374,282.32513427734375,11734400
