time,open,high,low,close,volume
2013-01-02,27.226343303336762,27.960581183100917,27.206498575978912,27.781982421875,69846400
2013-01-03,27.66291609605368,28.248322308714734,27.375175117837458,27.553773880004883,63140600
2013-01-04,27.791903927482004,28.70474054028835,27.6133051717703,28.53606414794922,72715400
2013-01-07,28.466608229324937,29.558043549245372,28.42691877760187,29.1909236907959,83781800
2013-01-08,29.28022376298149,29.369523138990875,28.63528529707826,28.83372688293457,45871300
2013-01-09,29.438979529458695,30.361738541122303,29.26038076687898,30.351816177368164,104787700
2013-01-10,30.361735588046372,31.205117500144336,30.0442275487853,31.056283950805664,95316400
2013-01-11,31.036442208464752,31.711145869357615,30.857843456979456,31.47301483154297,89598000
2013-01-14,31.8302174377791,31.959202494089244,30.381584445992363,30.709014892578125,98892800
2013-01-15,30.40142548790567,31.463093785629926,29.647342890340465,29.865631103515625,173242600
2013-01-16,29.974770281014376,30.113681464189096,29.300066660225358,29.61757469177246,75332700
2013-01-17,29.845785020401628,30.183137795892982,29.796175097387064,29.905317306518555,40256700
2013-01-18,30.07399659891723,30.202985439208906,29.04209533907102,29.429058074951172,49631500
2013-01-22,29.518355655043614,30.64947859387303,29.5084332915893,30.490724563598633,55243300
2013-01-23,30.857843300849687,31.254728361865997,30.56017808571452,30.58002281188965,48899800
2013-01-24,31.026518543234825,31.244804845613096,30.57009932053839,30.837997436523438,43845100
2013-01-25,31.16543140466041,31.68138297026225,30.88761089414464,31.29442024230957,54363600
2013-01-28,31.63177024881891,32.25686401402962,31.562315596295203,32.21717834472656,59682500
2013-01-29,31.750838205053043,31.820292860827006,30.470881631513073,30.550260543823242,72976500
2013-01-30,30.73877602926642,31.24480517846316,30.639554293493042,30.99675178527832,87682100
2013-01-31,28.92302633140045,31.22496160208177,28.516218903004038,30.73877716064453,190744900
2013-02-01,30.7685444709806,30.778466834244053,29.399288620580517,29.498510360717773,85856700
2013-02-04,28.833730447504557,28.972641656523866,27.791906788595984,27.891128540039062,92362200
2013-02-05,28.039957560828686,28.734505970044037,27.821671242360548,28.4169979095459,47948200
2013-02-06,28.516217276570263,29.0619358660358,28.436840268056734,28.823802947998047,38375900
2013-02-07,28.883341126053043,28.923028689560642,28.049881474921843,28.426921844482422,34540100
2013-02-08,28.665050532055865,28.94287102361945,28.28801019368132,28.32769775390625,37708800
2013-02-11,28.387232190995267,28.456686841393104,27.82167073204454,28.03995704650879,37361800
2013-02-12,27.454552305586898,27.940736776450517,26.888990816878145,27.156888961791992,93498700
2013-02-13,27.14696365688675,28.099487767831533,27.09735184329764,27.69268035888672,50164000
2013-02-14,27.801825541897223,28.407074551340834,27.791903178791948,28.278087615966797,35615800
2013-02-15,28.297934612416103,28.52614330465396,27.871282427146912,28.099491119384766,33109300
2013-02-19,28.010190228577386,28.853572189803035,27.901048016534517,28.704740524291992,49396400
2013-02-20,28.69481876766348,28.823805709167807,28.10941256411091,28.238399505615234,42098200
2013-02-21,28.059804424358816,28.327700687992362,26.938601871290878,27.067590713500977,49642300
2013-02-22,27.404940915023435,27.414861385788868,26.61116888648163,26.91875457763672,36350200
2013-02-25,26.948518871797145,27.42478090401664,26.93859650956377,27.057662963867188,34652000
2013-02-26,27.14696781675042,27.246187674138227,26.492106917004023,27.176733016967773,31611700
2013-02-27,27.127119658251857,27.127119658251857,26.4226470263894,26.66077995300293,44319700
2013-02-28,26.63101714549115,27.08743456113414,26.134910271532668,27.037824630737305,83027800
2013-03-01,26.83938036125243,27.901050631043812,26.601249295620878,27.563697814941406,54064800
2013-03-04,27.543851289314688,27.84151462880942,27.22634322252101,27.504161834716797,32400700
2013-03-05,27.66291499320739,27.960580215785104,26.998131789696984,27.30571937561035,40622200
2013-03-06,27.881207575200172,27.910972777378973,27.13704724076866,27.236268997192383,33532600
2013-03-07,27.35533158086869,28.456689400500224,27.256109831735653,28.357467651367188,74540200
2013-03-08,28.208634025133804,28.248321586546748,27.51408372168275,27.742292404174805,44198900
2013-03-11,27.79190386952562,28.416997620715716,27.61330511418636,27.92089080810547,35642100
2013-03-12,27.88120418757682,28.099490511188694,27.385097358233807,27.613306045532227,27569600
2013-03-13,27.40494069663046,27.434705893684125,26.710390413753487,26.869144439697266,39619500
2013-03-14,26.888988614729644,27.21641902308717,26.62109049175606,26.829456329345703,27646400
2013-03-15,26.819533751611456,26.849298947816468,26.353192157762596,26.44249153137207,31597400
2013-03-18,26.164672614285525,26.581402388440722,25.57926645791282,26.283737182617188,26653700
2013-03-19,26.323426515176745,26.690544473792748,26.005916585228796,26.34326934814453,25254200
2013-03-20,26.47225855337294,26.482180916248684,25.579266712025454,25.65864372253418,44006500
2013-03-21,25.46020237434775,25.906699278524655,25.360980629808733,25.539579391479492,24336100
2013-03-22,25.599110105696457,25.807475945654176,25.43043371811059,25.52965545654297,18456300
2013-03-25,25.549501372144984,25.599111297422056,24.88471815394656,24.934328079223633,39199000
2013-03-26,24.88471926032183,25.281604357675963,24.8351093328391,25.01370620727539,26957200
2013-03-27,24.805339318708818,26.0753733731257,24.527518837040287,25.886852264404297,52297400
2013-03-28,25.886856175732138,25.966233197845447,25.321294656612633,25.380826950073242,28585700
2013-04-01,25.430432839945386,25.688408593962233,25.08315960617,25.331212997436523,22249300
2013-04-02,25.569345844947335,25.916620995924944,25.103004224992684,25.222070693969727,35153300
2013-04-03,25.628876831648743,26.184515909496916,25.499889898263305,26.04560661315918,48195200
2013-04-04,26.412725542608424,27.017974521414523,25.90669640483807,26.859220504760742,82016800
2013-04-05,26.650860959821486,27.5835404882497,26.402807531357016,27.176733016967773,64566600
2013-04-08,26.978286746275785,26.9882091087989,26.422645799964315,26.640933990478516,27256000
2013-04-09,26.373037002899085,26.680622684225057,26.21428298076328,26.382959365844727,21311100
2013-04-10,26.799692278499176,27.623229574241766,26.690548165841353,27.355331420898438,45949400
2013-04-11,27.26602833573706,27.881201579271362,27.03781966978772,27.80182456970215,33368500
2013-04-12,27.781983643997968,27.781983643997968,27.027901003704045,27.186655044555664,28697400
2013-04-15,26.94852127225327,27.266029322015157,26.154751147848547,26.313505172729492,30275400
2013-04-16,26.60124788929345,26.898913124969344,26.194440437117375,26.710391998291016,27365900
2013-04-17,26.442492202501448,26.988210820909767,26.184516438026158,26.42264747619629,26440600
2013-04-18,26.611169847766625,26.611169847766625,24.954172972982256,25.48996925354004,39059000
2013-04-19,25.42051324751488,25.75786413018936,25.132770395310708,25.52965545654297,20380900
2013-04-22,25.609032004386968,26.154750609620184,25.4998897973381,25.767786026000977,25687600
2013-04-23,26.015841007880656,26.12498511408277,25.569346004548738,25.7777099609375,25191500
2013-04-24,25.72809947250757,26.194439192664877,25.599110642093503,25.90669822692871,19729900
2013-04-25,25.86700965671268,26.194440086829395,25.797555003732974,25.936464309692383,17150000
2013-04-26,26.392880604892117,27.40493887228393,26.392880604892117,26.640933990478516,33018000
2013-04-29,26.9485190857456,27.196572466058058,26.65085578636949,26.769920349121094,29201100
2013-04-30,26.91875584868767,27.63315089735736,26.79969126890764,27.553773880004883,36245700
2013-05-01,27.633150942220773,27.702605595954786,27.097354654848623,27.216421127319336,64567600
2013-05-02,27.791902599026336,28.794038541786335,27.76213551033149,28.744426727294922,104257000
2013-05-03,28.81388456875374,28.843649766295503,27.930813155901166,28.089567184448242,58506400
2013-05-06,28.1094140604033,28.238401008773728,27.26603203645066,27.355331420898438,43939400
2013-05-07,27.335482900945486,27.633148105314334,26.64093454241254,26.680622100830078,41259100
2013-05-08,26.6707015209848,27.087431320960995,26.442492840461412,26.90883445739746,34654900
2013-05-09,26.86914388876925,27.335483593855056,26.64093521771645,26.829456329345703,33457200
2013-05-10,26.928678815710686,27.087432853972263,26.363117317841642,26.472261428833008,30847100
2013-05-13,26.392883493158575,27.117199004135948,26.32342884039326,26.611169815063477,29068800
2013-05-14,26.68062176290095,27.067586334429553,26.611167117177068,26.859220504760742,24930300
2013-05-15,26.71039136396401,26.779846016223075,26.194439815043353,26.39288330078125,30299800
2013-05-16,26.273813578208106,26.34326822186886,25.69832981180843,25.926538467407227,35499100
2013-05-17,26.194438272449215,26.392881746500745,25.99599669089491,26.04560661315918,29462700
2013-05-20,25.976149371867535,25.986071733829313,25.48996499072259,25.559419631958008,42402900
2013-05-21,25.66856710711766,25.876931058310305,25.390746613030185,25.460201263427734,26261300
2013-05-22,25.450278601563298,25.64872207965431,24.72596312377645,24.964094161987305,45314500
2013-05-23,24.606898106408472,25.331215519314842,24.577132907691382,24.8648738861084,37663100
2013-05-24,24.77557115101347,24.77557115101347,23.89250171533269,24.120710372924805,58727900
2013-05-28,24.348924243352663,24.348924243352663,23.733750938458567,23.912349700927734,50079700
2013-05-29,23.604765584759686,23.624608421094923,23.07889162567701,23.138423919677734,64237800
2013-05-30,23.94211306670664,24.587053413469178,23.743671484431207,24.358842849731445,60733200
2013-05-31,24.438218974227436,24.75572890084005,24.081023382096138,24.160400390625,35925000
2013-06-03,24.081024992299096,24.13063491626042,23.525384002946378,23.664295196533203,35733800
2013-06-04,23.70398244592183,23.74367189856752,23.13842099320164,23.336864471435547,34760800
2013-06-05,23.16818800996804,23.525383620171773,22.612548922153252,22.721691131591797,53819700
2013-06-06,22.810991959579678,22.91021370470238,22.49348388918494,22.791147232055664,31260700
2013-06-07,22.850678277315826,23.217796223619313,22.682001901515076,23.108654022216797,38699200
2013-06-10,23.872660100723664,24.40845638487204,23.80320544740755,24.14055824279785,58393000
2013-06-11,23.842893600463867,24.160401651144653,23.81312651102607,23.842893600463867,29885900
2013-06-12,23.971877817448107,24.071099545156322,23.396394067736903,23.584915161132812,26445800
2013-06-13,23.53530468819698,23.644448784126784,23.088809726887803,23.54522705078125,31189300
2013-06-14,23.37655022329368,23.7039806123032,23.07888692146579,23.44600486755371,30677100
2013-06-17,23.72382746923128,24.061180250953715,23.5650734416557,23.832971572875977,33664500
2013-06-18,23.90242552608626,24.497754058376156,23.892503163090087,24.0214900970459,36709100
2013-06-19,24.011568171574773,24.99385933870777,23.91234644012256,24.120710372924805,31790600
2013-06-20,24.09094563529636,24.557285321723032,23.465850040035914,23.713903427124023,42765600
2013-06-21,24.39853490102822,24.507679013030778,23.862738597558312,24.33900260925293,45833900
2013-06-24,23.76351389949903,23.922267906880062,23.19795061914493,23.753591537475586,40626000
2013-06-25,23.95203601171925,24.23977886788192,23.852816164419153,24.061180114746094,24713200
2013-06-26,24.31915702584235,24.45806633259831,23.803205468609683,23.971881866455078,29890300
2013-06-27,24.051259150504453,24.646587731419874,24.021492059084597,24.467988967895508,34694100
2013-06-28,24.487835774042377,24.785499143517136,24.229859970665398,24.686277389526367,96778900
2013-07-01,24.7755734095103,24.864872786707956,24.428300156516414,24.616819381713867,20582200
2013-07-02,24.507677323490064,24.577131974522654,24.11079035902273,24.219934463500977,18394100
2013-07-03,24.031413449664875,24.517597901515334,23.961958798328713,24.329078674316406,10404400
2013-07-05,24.45806688023051,24.46798924414916,24.011571858875875,24.180248260498047,20229500
2013-07-08,24.27946804991498,24.84503143678452,24.22985812295151,24.51759910583496,27064600
2013-07-09,24.874791668939377,25.29152140671067,24.835104113792934,25.281599044799805,30387900
2013-07-10,25.38082334299346,25.628876738406802,25.27167924341248,25.599109649658203,26721800
2013-07-11,25.757863334045833,25.797552785190934,25.25183607942616,25.609031677246094,26777400
2013-07-12,25.53957936999702,25.72810049521285,25.351058244781196,25.708255767822266,16537900
2013-07-15,25.728101339873206,26.224208185940956,25.45028082477619,26.075376510620117,24234000
2013-07-16,26.184515453233036,26.541712943302755,25.807475130101707,26.115060806274414,30817600
2013-07-17,26.164672940140118,26.57148035658452,26.095216399834914,26.44249153137207,21518500
2013-07-18,26.541713870751995,26.561558597004236,25.91662013378448,25.976152420043945,24806900
2013-07-19,25.61895739304654,25.90670027401678,25.40067106067071,25.678489685058594,46539700
2013-07-22,25.787629963542955,25.926539255084688,25.51973185057205,25.8471622467041,27526300
2013-07-23,25.896773272979534,26.095214841653533,25.767784455469187,25.926538467407227,28221600
2013-07-24,26.115062028504227,26.323427871629175,25.847163898413847,26.3035831451416,82635600
2013-07-25,33.27884576568506,34.60841216958227,32.494996096485636,34.09246063232422,365457900
2013-07-26,33.507052898830416,34.459577022911645,33.2986889563741,33.745182037353516,136028900
2013-07-29,33.804717893037065,35.35257251027278,33.745183712952944,35.15412902832031,124718800
2013-07-30,35.37241917031814,37.66443034640953,35.04498683945091,37.33700180053711,173582800
2013-07-31,37.664429765126506,38.0117068184135,36.04712421851434,36.51346206665039,154828700
2013-08-01,37.00956279749299,37.991855828009626,36.63252060764887,37.19808578491211,106066500
2013-08-02,37.36675670721052,38.19029565073739,37.20800271369849,37.753719329833984,73058500
2013-08-05,38.130772619874435,39.01384220324733,37.952173851889484,38.88485336303711,79994800
2013-08-06,38.80547698213344,38.944386289413714,37.64458502772944,38.24983596801758,63950800
2013-08-07,38.30937077423392,38.63679932029845,37.40645647721471,38.567344665527344,68854800
2013-08-08,38.82531625632853,38.88484664537592,38.13076603248657,38.23991012573242,41301000
2013-08-09,38.28952521069108,38.43835877337759,37.71403947229763,38.200225830078125,43532300
2013-08-12,37.90256051659514,38.20022384147788,37.8033368849712,37.92240524291992,31161000
2013-08-13,37.9422523759134,38.02162750125276,36.48369707097924,36.73175048828125,65379200
2013-08-14,36.54323041197513,37.25762166355284,36.33486266964506,36.36463165283203,48423900
2013-08-15,36.07688991208285,36.78136071456428,35.73953711040241,36.275333404541016,56521100
2013-08-16,36.68213474720011,37.1980862276023,36.61268010416464,36.79127883911133,45840800
2013-08-19,37.13855606209934,37.98193612425446,36.850813204189635,37.51559829711914,57609600
2013-08-20,38.05139339794473,38.27960587684311,37.396532515657896,38.11092758178711,57995200
2013-08-21,38.081155877775,38.547493657403884,37.85294722285146,38.02162170410156,46116900
2013-08-22,38.07123720580158,38.44827945770144,38.04147200709716,38.24983596801758,21931200
2013-08-23,38.69633391122941,40.31364328577935,38.62687925572679,40.2342643737793,86442300
2013-08-26,40.58153576788438,41.61343498478606,40.30371339968511,41.01810836791992,94162400
2013-08-27,40.363247607202,40.879199108556904,39.113056411805104,39.33134460449219,72695100
2013-08-28,39.6488581452609,40.531927723789785,39.5694830182557,40.2342643737793,57918200
2013-08-29,40.571609725281576,41.454679141557875,40.482310358186545,40.95857238769531,58303400
2013-08-30,41.69281754662959,41.93094670028778,40.74029336200753,40.968502044677734,67735100
2013-09-03,41.51421444992776,41.83172247828331,41.186782166626834,41.54397964477539,48774900
2013-09-04,41.68289389717249,41.84164793025286,41.117332417761524,41.45468521118164,42581900
2013-09-05,41.46461398533491,42.43698301702679,41.44476925591322,42.32783889770508,50035400
2013-09-06,42.75448379199055,44.26264890466513,42.06985777672809,43.6077880859375,117535700
2013-09-09,44.014602057228345,44.44125426769703,43.359741141043045,43.69709396362305,75794700
2013-09-10,43.89553708705048,43.915378030857795,42.893399100005965,43.26051712036133,54540300
2013-09-11,43.05214661664241,44.738910459094406,42.7743280255307,44.689300537109375,72328300
2013-09-12,45.17548330735374,45.26478268139067,44.30233807787533,44.40155792236328,68072300
2013-09-13,44.68930034972761,44.72898980114699,43.587942675303566,43.96498489379883,52765300
2013-09-16,44.50077291175403,44.59007227604827,42.09961811516612,42.178993225097656,70424200
2013-09-17,42.169085166693044,45.08619228386132,42.099630505688694,44.71907424926758,91934600
2013-09-18,44.49086015858724,45.115955817059444,44.05428751576244,44.87782287597656,79317000
2013-09-19,45.155644729584665,45.69144104675715,44.8778260991967,45.621986389160156,63972400
2013-09-20,45.95933587724513,47.229368135616284,45.38385392954371,47.1202278137207,115508400
2013-09-23,46.911858733873004,47.17975686542365,45.92956936984855,46.82255935668945,75177000
2013-09-24,48.13227666624845,49.27332373954099,47.78500344480859,48.07274627685547,136716100
2013-09-25,48.84668143320733,49.15426905185055,48.082676407541285,49.07489013671875,87879700
2013-09-26,49.62060029065868,50.20600646393555,49.11457302189132,49.997642517089844,98220100
2013-09-27,49.89842637726441,50.88071579105721,49.47177419632579,50.84103012084961,81410500
2013-09-30,49.74959069777197,51.19822168612081,49.412237912883036,49.838890075683594,100095000
2013-10-01,49.58091928221134,50.63266337082672,49.06496770940226,50.02741241455078,98114000
2013-10-02,49.73967043979638,50.702115089191686,49.56107168320866,49.88850021362305,62834000
2013-10-03,50.077022202582064,50.32507560555108,48.67800116123663,48.79706573486328,82045000
2013-10-04,49.382473960962905,50.76165033294866,49.184030473376204,50.64258575439453,74447000
2013-10-07,50.33499664287042,50.89063763437364,50.00756811546278,50.12663269042969,57204000
2013-10-08,50.20600741922377,50.20600741922377,46.71341882422966,46.77294921875,136081000
2013-10-09,47.01108901193752,47.46750643317111,44.907593115391634,46.40583801269531,147297000
2013-10-10,47.497270674896306,49.29317890692836,47.45758500189179,48.66808319091797,99774000
2013-10-11,48.79706237229647,49.48168835471587,48.41009969592924,48.72760772705078,58428000
2013-10-14,47.93383937811089,49.24356099997449,47.53695243239701,49.12449264526367,68781000
2013-10-15,49.60076077396992,50.60289486971769,48.79706637520576,49.11457443237305,81167000
2013-10-16,49.650368784261225,50.84102584523764,49.51145948772963,50.74180221557617,64678000
2013-10-17,50.72195764736329,51.8133948670665,50.55328315390599,51.803470611572266,71522000
2013-10-18,53.758139217438746,54.40307964421847,53.182653447697454,53.797828674316406,88260000
2013-10-21,54.25424133528549,54.38323016637555,53.09334942546415,53.430702209472656,58235000
2013-10-22,53.90696358206072,54.33361192315078,51.79354767668877,52.26980972290039,83204000
2013-10-23,51.347058004859,51.84316484548565,50.731886582280495,51.49589157104492,57207000
2013-10-24,51.97215225010405,52.42856962249075,51.18830255513905,52.04160690307617,46775000
2013-10-25,52.76592408771939,52.82545827143628,51.47604705381208,51.545501708984375,45085000
2013-10-28,51.13869129084281,51.297445319908505,49.22371868617833,49.838890075683594,73472000
2013-10-29,50.334996297902634,50.39453047747537,48.86652060005958,49.01535415649414,102143000
2013-10-30,49.61068059229696,49.81904454238591,48.370413577489536,48.628387451171875,127073000
2013-10-31,46.7927951715883,51.59510934680621,46.13793431974017,49.81904602050781,248809000
2013-11-01,50.45406243443693,51.68440902207764,49.33286373855677,49.36262893676758,95033000
2013-11-04,48.98558688455595,49.36262913169202,47.64609996985465,47.84454345703125,80371000
2013-11-05,47.417890419359246,49.789280396124525,47.140068028382125,49.719825744628906,76835000
2013-11-06,49.868652624781795,50.05717562646859,48.33072234020133,48.73752975463867,67889000
2013-11-07,48.85660122221582,49.48169308923729,46.93170434124436,47.18968200683594,97128000
2013-11-08,47.437742170887134,48.27120189724956,46.88210109164712,47.15991973876953,70731000
2013-11-11,46.67373060638617,47.159913171143195,45.3739293733722,45.84027099609375,80910000
2013-11-12,45.641827021445785,47.00115863598165,45.473152520990034,46.24707794189453,68196000
2013-11-13,45.87003719312775,48.36049560722602,45.70136268719009,48.330726623535156,79245000
2013-11-14,48.32080814282573,49.1840330055255,47.65602299293426,48.608551025390625,75117000
2013-11-15,48.7276110833532,49.09472905993772,48.33072412461701,48.628387451171875,42453000
2013-11-18,48.09259955430637,48.45971756582922,45.443386990357034,45.4731559753418,85910000
2013-11-19,45.899799805778734,46.63403954053799,45.364007334462016,45.9990234375,75602000
2013-11-20,46.24707638094886,47.17975579991765,45.94941305872431,46.068477630615234,53933000
2013-11-21,46.624119044529074,47.09045686588478,46.32645193452154,46.33637619018555,34886000
2013-11-22,46.673731506603175,46.90194019435932,45.6021389362755,45.87003707885742,40545000
2013-11-25,45.99902192892287,46.28676477398598,43.697086738406824,44.471012115478516,82565000
2013-11-26,44.312261976577865,45.81050294022734,43.2109042065798,45.532684326171875,82016000
2013-11-27,45.61205829380415,46.306604753688255,45.17548190759776,46.12800979614258,44993000
2013-11-29,46.38598517826549,46.84240251974922,46.137931781590275,46.643959045410156,22953900
2013-12-02,46.534818974740496,47.16983506796601,45.8997990965205,46.693572998046875,50774000
2013-12-03,46.385986999661796,46.83248388820826,45.92956964025634,46.36614227294922,32086000
2013-12-04,46.09823967346905,48.3902542892765,45.89979621056462,48.24142074584961,60890000
2013-12-05,47.77509235769081,48.32080914926982,47.49726994098179,47.9636116027832,43855000
2013-12-06,48.598618219532106,49.00542561521747,47.33850658289836,47.566715240478516,42938000
2013-12-09,47.715552772859894,48.58870181159131,47.36827952250939,48.459712982177734,36056000
2013-12-10,48.261273298318734,50.374689518794625,48.16205344327079,49.85873794555664,68479000
2013-12-11,50.15639823143423,50.374686441197404,48.628388333081276,48.99551010131836,65776000
2013-12-12,50.65250812580629,51.66456654397162,50.26554539224202,51.42643737792969,92723000
2013-12-13,51.25775274721928,53.08342586287494,50.94024470840911,52.90482711791992,82641000
2013-12-16,52.83537690675487,54.07564397029371,52.49802411407251,53.39101791381836,85119000
2013-12-17,54.333618617165264,54.75035032456408,53.817670842282546,54.43284225463867,78751000
2013-12-18,54.432843039036925,55.45482191727425,53.33148524967698,55.13731384277344,76003000
2013-12-19,53.906969523253835,54.76027008447217,53.5299272757422,54.621360778808594,89753200
2013-12-20,54.50229574225001,54.7205839550263,53.80774543477565,54.69081497192383,239824000
2013-12-23,55.06785736901844,57.86589954875277,55.01824744370295,57.32018280029297,98297000
2013-12-24,57.81628507853391,58.12387264730219,56.466874020058626,57.508697509765625,46617800
2013-12-26,57.865900906386116,57.92543508915829,56.92329716329789,57.280494689941406,55101000
2013-12-27,57.032440433989336,57.230883921984066,54.819804437585695,55.008323669433594,60466000
2013-12-30,54.50229567813071,54.75034908872296,53.01397521457715,53.29179382324219,68307000
2013-12-31,53.69860384576936,54.43284364180494,53.49023987925739,54.22447967529297,43076200
2014-01-02,54.40307256656839,54.79003525829575,53.768052694124485,54.28400421142578,43195500
2014-01-03,54.59159882559778,55.2166945232368,54.105412441879665,54.13518142700195,38246200
2014-01-06,53.996270430406476,56.81415763035571,53.629152402894086,56.7546272277832,68852600
2014-01-07,57.25073638371721,58.09411659039001,56.77447421918484,57.46902084350586,77207400
2014-01-08,57.15150423015799,57.955198642283264,56.78438624264161,57.7765998840332,56682400
2014-01-09,58.1933255005896,58.500909274882844,56.208898425173,56.77445983886719,92253300
2014-01-10,56.68516287729829,57.84605094893917,56.61570822950752,57.488853454589844,42449500
2014-01-13,57.45908209834508,57.79643483073108,54.94878322161613,55.47465515136719,63010900
2014-01-14,56.020380696093035,57.33010238617213,55.66318318334517,57.2904167175293,37503600
2014-01-15,57.52855060188235,58.11395684371141,56.824079774340845,57.15150833129883,33663400
2014-01-16,56.81414840448964,57.56823285124536,56.38750004368679,56.744693756103516,34541800
2014-01-17,56.85384316713341,57.36979473547849,55.63342079364199,55.861629486083984,40849200
2014-01-21,56.159288812768075,58.12387509139007,56.06006896576454,58.05441665649414,48669200
2014-01-22,58.391772732198056,58.84819389517046,56.65539881663573,57.06220626831055,61352900
2014-01-23,55.93108254188727,56.2386701368168,55.25637695526392,56.18906021118164,47951800
2014-01-24,55.712787510324695,55.98068181477501,53.97641394855137,54.026023864746094,55200700
2014-01-27,54.30384991891082,54.51221386668523,51.44627368873858,53.13303756713867,73924100
2014-01-28,53.59938455699835,54.84957215427233,53.579539828788306,54.710662841796875,48191200
2014-01-29,54.1847899228503,54.522142727021844,52.77584452248861,53.113197326660156,92995600
2014-01-30,61.63631140711641,62.01335365715041,59.98923688538228,60.60441207885742,150178900
2014-01-31,59.99915486783885,62.8765719056608,59.701487773413874,62.082801818847656,87794600
2014-02-03,62.539231365149966,63.27347120453634,60.22737529903213,61.00130081176758,74866600
2014-02-04,61.56685186729398,62.64836482063541,61.33864319814783,62.26140213012695,45985500
2014-02-05,62.25148914771283,62.66821708454251,60.79293379881917,61.70576858520508,51685100
2014-02-06,60.98144462252946,62.291166221793446,60.98144462252946,61.675994873046875,42086500
2014-02-07,61.78513499107594,64.06722528008349,61.73552507316159,63.81917190551758,60704300
2014-02-10,63.79933979289589,63.98785523605483,62.97580065860441,63.05517578125,43666100
2014-02-11,63.253613609569584,64.49388054309055,62.85672667684515,64.34504699707031,45675600
2014-02-12,64.41449598671845,64.55340526547697,63.551275121574534,63.94815444946289,47282100
2014-02-13,63.680258877284636,66.80573272705078,63.55127385528979,66.80573272705078,61911700
2014-02-14,66.97443060991947,67.05380952966226,66.20050506740331,66.56761932373047,36694900
2014-02-18,66.41878817653799,67.01411488860045,65.55555952355404,66.77598571777344,43809900
2014-02-19,66.52792946027289,68.5421219948989,66.47831574888238,67.53005981445312,62087100
2014-02-20,67.20263724486351,69.5641031261264,65.21820984447763,69.08783721923828,130928900
2014-02-21,69.14738767336077,69.41528208998552,67.91703701258983,68.05594635009766,70932400
2014-02-24,68.20477246509762,70.88375418746242,68.00633273899221,70.22888946533203,76620300
2014-02-25,70.39755532540502,70.44716903582037,68.90923485281726,69.30612182617188,52077000
2014-02-26,69.64346963401131,70.66544835197634,68.31389957618174,68.72071075439453,55322700
2014-02-27,68.8000852432045,69.46487408764858,68.33375122454922,68.40320587158203,41653700
2014-02-28,68.929086497377,69.33589017530987,66.85535594160544,67.92694854736328,66783700
2014-03-03,66.43862353255379,67.52014032200431,65.99213042855382,66.88512420654297,56824100
2014-03-04,68.12538057556894,68.36350968909309,67.09347765698026,68.26428985595703,42013500
2014-03-05,69.14735959031205,71.40960510522743,69.07790494976598,71.0127182006836,74567700
2014-03-06,71.320317145048,71.33024140152189,69.70301155933029,70.28841400146484,46026500
2014-03-07,70.52654775832043,70.62576760889984,68.92908318302725,69.25651550292969,38927000
2014-03-10,70.21896292806613,71.58822273170152,69.9609928065033,71.46915435791016,59871600
2014-03-11,71.93549852870225,72.02479413465977,69.4152746373668,69.55418395996094,59408300
2014-03-12,69.31605502014813,70.7944514272854,68.46275056690342,70.32810974121094,46340500
2014-03-13,70.73490415264808,70.79443454263294,67.61935424363162,68.29405975341797,57091000
2014-03-14,67.95670435466309,68.88938752002639,66.93472560282306,67.19270324707031,48227000
2014-03-17,67.64912052170568,68.41312162870119,66.10126979740957,68.20475769042969,52197000
2014-03-18,68.22462339553995,69.05807935868373,67.76820595334351,68.65127563476562,40827000
2014-03-19,68.63141529408806,68.75048365544592,66.94465514312606,67.70865631103516,43981000
2014-03-20,67.48045818467524,67.69874641740456,66.29972141854306,66.44855499267578,44439000
2014-03-21,67.00418879930966,67.39115153006615,65.6647018413072,66.71644592285156,59999900
2014-03-24,66.66683911407212,66.83551362169172,62.8666589295247,63.600894927978516,85696000
2014-03-25,64.3847427368164,65.67462350167669,63.283384986663684,64.3847427368164,68786000
2014-03-26,64.23590443415291,64.4442683755579,59.89993219089471,59.919776916503906,97503900
2014-03-27,60.03884481634664,61.41802493525003,57.528545554915375,60.49526596069336,112650000
2014-03-28,60.86238194901918,61.46763284637813,58.877954762921384,59.5427360534668,67052000
2014-03-31,60.30674279722902,61.040982543676925,59.40382855166157,59.77095031738281,53011000
2014-04-01,59.989234505516364,62.172105224649144,59.770950083099294,62.132415771484375,59291000
2014-04-02,62.71782626392289,63.41237660201069,61.72561257665313,62.23164367675781,66277000
2014-04-03,62.062961909690486,62.67813330158419,58.66959310586316,59.026790618896484,83859000
2014-04-04,59.47328471778333,59.73126238594391,55.88147237065857,56.30812454223633,125214400
2014-04-07,55.46474531873202,57.54839249865079,55.00832415680188,56.506568908691406,108488000
2014-04-08,57.23088068892901,58.25285948462594,56.72484963387914,57.736907958984375,78836000
2014-04-09,59.16569683619324,61.973659299443355,58.72912043858947,61.924049377441406,100215000
2014-04-10,62.588835336405616,62.68805518182381,58.223094008104134,58.69935607910156,114988000
2014-04-11,57.15150927039189,59.84041135229533,56.86377016560835,58.07426834106445,91452000
2014-04-14,59.62211847308844,59.97931599324589,57.33010357540796,58.431461334228516,72325000
2014-04-15,58.82834153575073,59.21530420970414,55.444893524909475,58.62989807128906,108623000
2014-04-16,59.324451902442846,59.721335070442926,57.29041478458323,59.25499725341797,78774000
2014-04-17,58.83826515562538,60.10830112517473,58.26278324137188,58.4810676574707,88040000
2014-04-21,58.997021680600874,60.76316452026367,58.68943787691957,60.76316452026367,60364000
2014-04-22,62.16218806183662,62.94603398608325,61.735535880097366,62.53922653198242,60631000
2014-04-23,62.955955486315816,62.98572068397301,60.78300521747003,60.88222885131836,95908700
2014-04-24,63.104788578944195,63.154402290975376,59.30461215003508,60.39604568481445,138769000
2014-04-25,59.503051709832285,59.54273737784114,57.121737519550955,57.26064682006836,92502000
2014-04-28,57.59800507838711,57.85598276244939,54.23440120884489,55.702877044677734,107758000
2014-04-29,55.65325855878896,57.8262048858359,55.40520516956009,57.69721984863281,75557000
2014-04-30,57.131658792933045,59.38398025088111,56.71492712814033,59.31452560424805,76093000
2014-05-01,59.9594674622806,61.79506108720454,59.741179261588975,60.67386245727539,82429000
2014-05-02,60.82268678622884,61.408092902563425,59.71140872615093,59.989227294921875,54189000
2014-05-05,59.20539372592619,60.872313159139345,58.71921109915286,60.74332809448242,46057000
2014-05-06,60.50519273385782,60.67387103596748,58.034582668504825,58.07426834106445,55901000
2014-05-07,58.31239395574716,58.83826595461902,55.8219356903465,56.943138122558594,78587000
2014-05-08,56.78438820862217,58.36200810445471,56.060072679528524,56.31804656982422,61251000
2014-05-09,56.40734122821099,57.20111513032736,55.94100341346127,56.794307708740234,52584000
2014-05-12,57.52854588286252,59.43359802296657,57.52854588286252,59.36414337158203,48575000
2014-05-13,59.195465086080574,60.415887398259045,59.0466315274025,59.36414337158203,48525000
2014-05-14,59.06648125919521,59.9793198454467,58.49099927253237,58.76881790161133,47429000
2014-05-15,58.798587472198605,58.91765585207812,57.07213759889317,57.46902084350586,56814000
2014-05-16,57.85597250844369,57.99488179755252,56.863758974815745,57.56822967529297,47933000
2014-05-19,57.43924457075122,59.096243247265946,57.1217365222564,58.748966217041016,43034000
2014-05-20,59.03671004386446,59.721336075052406,57.726988375942994,58.10403060913086,53931000
2014-05-21,58.10402849847051,60.028921477463925,57.796440926649154,60.01900100708008,58992000
2014-05-22,60.46550266435934,61.00129898093925,59.9297101327744,60.04877471923828,54200000
2014-05-23,59.93962358513328,60.97152664029566,59.681649713839946,60.8723030090332,38294000
2014-05-27,61.14019990407966,63.01548296971926,61.09058998194524,62.9857177734375,55682000
2014-05-28,62.89642309189432,63.640583334410806,62.13241812204469,63.01548767089844,47795000
2014-05-29,63.34292065437804,63.799341817806294,63.015488327461775,63.33300018310547,42700000
2014-05-30,63.45206164270173,63.67034606491565,62.07288531896346,62.80712127685547,45253500
2014-06-02,62.73767026498835,63.09486779386615,61.5668578247755,62.58884048461914,35996000
2014-06-03,62.13241686671842,62.92618701903303,61.834753532724775,62.380470275878906,32217000
2014-06-04,61.96374365254688,63.094866616217935,61.58670140299162,62.8468132019043,36514000
2014-06-05,63.164312912402266,63.858863137586184,62.33085339918042,62.69797134399414,47352000
2014-06-06,62.876576232681984,62.98572033681627,61.66607818636112,62.01335144042969,42442000
2014-06-09,61.91413401466598,62.84681349422537,61.30888307532632,62.39039611816406,37617000
2014-06-10,63.03532495558479,65.30749486952305,63.005559760596846,65.25788116455078,69338000
2014-06-11,64.81138967594764,65.28765551730298,64.39466179600467,65.26780700683594,44242000
2014-06-12,65.33726425059888,65.95243940972128,63.561200992638646,63.78941345214844,55730000
2014-06-13,64.19622719945212,64.46412915366074,63.333006073644945,63.99778747558594,29419000
2014-06-16,63.66042797957532,64.37481541020331,63.253616771450496,63.69019317626953,31046000
2014-06-17,63.60088865506558,64.37481403250808,63.43221416408223,63.898555755615234,27715000
2014-06-18,63.98785281095174,65.2380440639413,63.55128397545477,65.0892105102539,35570000
2014-06-19,64.9503056203902,65.0693739854192,63.71003853879859,63.83902359008789,34245000
2014-06-20,63.95809801681465,64.3053713185756,62.85674013837977,63.99778747558594,46466000
2014-06-23,63.81917284453391,65.14874288816397,63.7199530072453,64.86100006103516,34560000
2014-06-24,64.85108495010974,66.64698923921196,64.76178178496667,65.20828247070312,57335000
2014-06-25,65.06936860422503,66.95457592633676,65.05944434879596,66.91488647460938,44308000
2014-06-26,67.47052840804545,67.47052840804545,66.3790949036779,66.6072998046875,47714000
2014-06-27,66.78589605902664,67.17285876360066,66.31955444838893,67.07363891601562,46461000
2014-06-30,66.93473438540208,67.39115177281045,66.60730205204727,66.76605987548828,27102800
2014-07-01,67.05380149305824,67.90710585304605,66.86527847376179,67.53005981445312,33243000
2014-07-02,67.51021794602583,67.76819561573726,65.27773722388207,65.9325942993164,41895000
2014-07-03,66.33941870918893,66.47832804278353,65.24798498666381,65.77385711669922,25203200
2014-07-07,65.78376164933385,66.05165597808276,64.61294935297204,64.78162384033203,28745000
2014-07-08,64.55342260023093,65.04952946330063,61.725614994731714,62.271331787109375,68926000
2014-07-09,62.916271821420445,64.61296015888277,62.65829791966899,64.46412658691406,51432000
2014-07-10,62.817051555591156,64.83124039752413,62.55907387051968,64.36490631103516,44422000
2014-07-11,64.77169665464136,66.07149392900138,64.28551415484071,65.82344055175781,39212000
2014-07-14,66.60729863442036,67.63920172387078,66.37909373742023,67.37130737304688,38537000
2014-07-15,67.43083759354572,67.55982264064583,65.74407744535978,66.64698791503906,44213200
2014-07-16,67.0141103485956,67.41099731974595,66.54776872524313,67.1331787109375,29541600
2014-07-17,66.50807375170602,67.32168856854814,65.52578444636961,65.89290618896484,38188000
2014-07-18,66.2798865152519,67.92695752779152,65.64487027306907,67.88726806640625,42456000
2014-07-21,68.2742243621202,69.4152716660062,67.96664052811239,68.85963439941406,49539000
2014-07-22,69.21681905498112,69.2267357400445,68.0757719636369,68.73062896728516,40398000
2014-07-23,69.19697493646278,70.77459851035546,69.06798989255522,70.73490905761719,78435000
2014-07-24,75.36853656074881,76.14246187964463,73.9298300135695,74.39617156982422,124168000
2014-07-25,74.40609832438727,75.08080389858182,74.07867357822569,74.60454559326172,45917000
2014-07-28,74.58470045350751,74.91213278446226,73.27497869967807,74.3366470336914,41725000
2014-07-29,74.13820819892062,74.33664790911457,72.84832737269082,73.13607025146484,41324000
2014-07-30,73.6321691465957,74.60454178953061,73.55279024309307,74.0985107421875,36853000
2014-07-31,73.42381469508518,73.5924892093439,71.87596372661258,72.0843276977539,43992000
2014-08-01,71.65766815375743,72.64988176415011,70.99288685159172,71.79657745361328,43535000
2014-08-04,71.79657494424396,73.30473624853373,71.79657494424396,72.9376220703125,30777000
2014-08-05,72.63003165851178,73.01699435247194,71.61797712892115,72.12400817871094,34986000
2014-08-06,71.45923047461194,73.14599838052149,71.23102555280607,71.90573120117188,30986000
2014-08-07,72.4315910118911,73.42380458739646,72.13392391124395,72.60026550292969,38141000
2014-08-08,72.82848359233441,72.8582487907049,71.99502018801344,72.49112701416016,27202000
2014-08-11,72.88802026524803,73.33452098922058,72.49113325615802,72.86817932128906,24591000
2014-08-12,72.52090961422994,72.75904639831467,71.6576883743943,72.262939453125,27419000
2014-08-13,72.55066955830249,73.67186833093723,72.48121490105945,73.19560241699219,29266000
2014-08-14,73.39403379271609,73.80083739124747,73.11621522396524,73.72146606445312,22207000
2014-08-15,73.74132392513476,74.06875627200796,72.43160210763197,73.05669403076172,38846600
2014-08-18,73.42381385872066,74.13820893449036,73.38412440229015,74.00921630859375,23974000
2014-08-19,74.22749999111255,74.99150873315915,73.92984044108564,74.70376586914062,26679000
2014-08-20,74.386251087798,74.59461502499208,74.0389778591412,74.22749328613281,22917000
2014-08-21,74.33664552009161,74.60454744723232,73.83062200436265,73.98937225341797,20102000
2014-08-22,73.76115978103846,74.14813007246276,72.99715859435645,73.98937225341797,20897000
2014-08-25,74.35649596797134,74.69384498723853,74.20766240124007,74.43586730957031,19734000
2014-08-26,74.41602136712605,75.39831072957514,74.14812702099962,75.36854553222656,23993000
2014-08-27,74.68390518066768,74.90219335709125,73.8802146856428,74.04888916015625,36323000
2014-08-28,73.42380614851103,73.85045829784924,73.15591180822378,73.28489685058594,21947000
2014-08-29,73.72147897832299,74.2374267578125,73.43373610457303,74.2374267578125,26241000
2014-09-02,74.42595171604415,76.10278772053744,74.23742869075015,76.08294677734375,34979000
2014-09-03,76.53937597136525,76.876732617589,75.01136573021387,75.23957824707031,32389000
2014-09-04,75.29908929649751,76.3309923461293,74.94189179585617,75.3586196899414,26676000
2014-09-05,75.50746048987047,76.7774928051498,75.01135364359013,76.65843200683594,29476000
2014-09-08,76.65842409358545,77.56133452421592,76.41037069605119,77.28351593017578,28183000
2014-09-09,76.9858479817931,77.56133367456574,75.60667171220999,76.07301330566406,28882000
2014-09-10,75.92417707290375,77.3430427439376,75.91426038785333,76.82709503173828,29909000
2014-09-11,76.5294361353686,77.74986225623907,76.45006479652314,77.31328582763672,32219000
2014-09-12,77.41251300352268,77.69033921073284,76.49967817551675,76.87672424316406,26676800
2014-09-15,76.549286951348,76.64850680538292,72.85825084932733,73.99929809570312,49679000
2014-09-16,72.9475306158986,75.6364357676341,72.50103758464445,75.48760223388672,37742000
2014-09-17,75.3685354646873,76.64849176962723,74.98157281086688,75.83487701416016,28693000
2014-09-18,76.17223918803835,76.72788398406867,75.92418577355731,76.40045166015625,23031000
2014-09-19,76.79732896395275,77.69032265760109,75.84480488072403,77.30335998535156,76671000
2014-09-22,76.40045080977875,76.92632283142697,75.35862345255873,76.20201110839844,31961000
2014-09-23,75.73567432857372,78.01776132040773,75.44793144417055,77.68041229248047,36814000
2014-09-24,77.4918903358873,78.00784571159821,76.90648787228105,77.928466796875,30680000
2014-09-25,77.9879960910717,78.3253526888624,76.52944072619071,76.61874389648438,37533000
2014-09-26,76.98584524765195,78.22611217768879,76.72787517659607,78.17650604248047,28872000
2014-09-29,77.51173476000018,78.58331977226624,77.30337079733764,78.38488006591797,34031000
2014-09-30,78.73214432751413,79.08934181405772,77.98798415887981,78.424560546875,35899000
2014-10-01,78.16658876552185,78.20627821922481,75.309016228812,75.9539566040039,55090000
2014-10-02,75.97378923459667,76.87670717508716,75.05103035441985,76.47982025146484,36488000
2014-10-03,77.15452891193308,77.45218843935471,76.65842212957496,76.83702087402344,23340000
2014-10-06,76.58897860699899,77.28352517518418,76.251622009602,76.95609283447266,25729000
2014-10-07,76.45005300557914,77.34303909728258,75.6463549250625,75.69596862792969,25317000
2014-10-08,75.58682696958168,77.10491245830708,74.5152345410737,76.91638946533203,32976000
2014-10-09,76.67828255201147,77.15454851487699,75.25941649117108,75.31895446777344,32487000
2014-10-10,75.00142571367387,75.90434376327636,72.19346685444653,72.34230041503906,52146000
2014-10-13,72.65981337674019,74.19774008657222,71.95533498044175,72.42167663574219,43938000
2014-10-14,73.42380951788527,73.60240827626889,71.48899594372051,73.01699829101562,50299000
2014-10-15,71.13179233715162,73.22536354841586,69.77245703860913,72.63995361328125,61528000
2014-10-16,70.23880649685954,72.77887106565458,70.0304425348871,72.0644760131836,53529000
2014-10-17,73.65201866130818,75.40823339780398,73.17575280379005,75.3586196899414,76342000
2014-10-20,75.01135078756101,76.48974701358993,74.79306257231055,76.35083770751953,34701000
2014-10-21,76.95608714314389,78.12689953577505,76.54928348900361,78.0772933959961,32252000
2014-10-22,78.20627396618482,79.22825274099338,77.40258338987691,77.75978088378906,41862000
2014-10-23,78.76192151217161,80.0021886486885,78.39480728455612,79.41678619384766,35056000
2014-10-24,79.5755285092002,80.19070367271374,78.70238325742953,80.0418701171875,32248000
2014-10-27,80.11133225088277,80.1708702206486,79.13896706125527,79.65491485595703,30169000
2014-10-28,79.55568041985224,80.52805300126712,78.95042956641826,80.14108276367188,74212000
2014-10-29,74.86251404159276,76.28137981038982,74.19773273795775,75.26932525634766,106120000
2014-10-30,74.46563457220114,74.7632941136622,72.33237379344594,73.53295135498047,83270000
2014-10-31,74.34656701717157,75.1105681755004,73.87030114770158,74.40609741210938,44544000
2014-11-03,74.88237232136107,74.93197846646795,73.12614975879325,73.30474853515625,40727000
2014-11-04,73.65201937306703,75.1800216661459,73.07653366425137,75.17010498046875,39326000
2014-11-05,75.91427191019304,76.2020147900893,73.84054135162683,74.24735260009766,35913000
2014-11-06,74.30688181464826,75.01135261833892,73.73139606403124,74.67400360107422,21383000
2014-11-07,74.80298857509165,75.26933021492674,74.43586678905369,75.0113525390625,20774000
2014-11-10,74.77322843763046,74.89229681224097,74.02906812879257,74.41603088378906,21575100
2014-11-11,74.36640936812906,74.39618213615137,73.45357463516753,74.02906036376953,18715700
2014-11-12,73.7016224611626,74.55492673340454,72.96738654202026,74.13819885253906,26536600
2014-11-13,74.1580576447124,74.6541645470693,73.06662397352534,73.671875,26448500
2014-11-14,73.69169282794552,74.34655736721871,73.46348796364475,74.29694366455078,19476900
2014-11-17,74.29696537347175,75.0708984832915,73.30475159010278,73.66194915771484,28701200
2014-11-18,73.87029063392137,74.21757140826875,73.3245777613534,73.76114654541016,20690500
2014-11-19,73.43372342873545,73.95959537378437,72.54072976262017,72.75901794433594,25441200
2014-11-20,72.23315774434559,73.41388685653921,71.94541487347787,73.02692413330078,19154900
2014-11-21,73.91991861634335,73.91991861634335,72.92770494364075,73.1757583618164,23060400
2014-11-24,72.96739705415784,73.77108773589578,72.77887402708753,73.4337387084961,22103800
2014-11-25,73.63217325626931,75.15025891303951,73.55279434833626,75.0411148071289,32250200
2014-11-26,74.94188714448062,77.17436759993245,74.92204620456044,77.01561737060547,32695300
2014-11-28,77.06522076809676,77.6605473544073,76.62865197546279,77.09498596191406,15992000
2014-12-01,76.65842864583408,76.70803478629335,74.21758397754961,74.51524353027344,31789900
2014-12-02,74.74344386580222,75.31892950562371,74.45570104589147,74.87242889404297,16773900
2014-12-03,74.79305041127719,75.14033118997624,73.82068542688683,74.29694366455078,16689900
2014-12-04,74.24735584961314,74.96175095234739,74.07868133090923,74.65415954589844,14362800
2014-12-05,75.20979704833292,76.16232123570629,74.77322062370746,75.76543426513672,24306400
2014-12-08,75.5868300968029,76.64849831434442,74.81290472307957,75.92417907714844,25733900
2014-12-09,74.6144618440223,76.33099475232542,74.19773393680047,76.24169158935547,25358600
2014-12-10,76.05317940517838,76.94617322318233,75.47769365913257,75.58683776855469,32210500
2014-12-11,75.9241859280423,77.90861324792829,75.88450404323532,77.12477111816406,33462100
2014-12-12,76.55920249131263,78.26580346838618,76.42028562749216,77.22398376464844,28091600
2014-12-15,77.84908885099928,77.96815722456593,75.96388123780605,76.39053344726562,29396500
2014-12-16,75.59675699206556,76.78741029014427,74.00920916797521,74.10843658447266,31554600
2014-12-17,74.42593876585089,75.81503921738698,74.31679467230236,75.51737213134766,29203900
2014-12-18,76.29129858489686,77.78954315185547,75.91426016439905,77.78954315185547,34222100
2014-12-19,78.1368273885722,79.3770944899781,77.72009945929733,79.25802612304688,43335000
2014-12-22,79.45646809093817,81.25237231135128,79.37708918495582,80.8157958984375,31395800
2014-12-23,81.38135517464994,81.53018872688006,79.77397400653355,79.98233795166016,19865800
2014-12-24,80.39906039873924,80.79594732115325,80.12124182404595,80.14108276367188,7685500
2014-12-26,80.38914538818798,80.6471230529212,79.88312188465925,80.15101623535156,10647400
2014-12-29,79.86327614517992,80.3296177810825,79.0893506941031,79.39693450927734,14134700
2014-12-30,79.22825653211444,79.96249249585026,78.4840963125204,78.60316467285156,14370800
2014-12-31,78.92067509969706,79.17865276983142,77.2537558549641,77.41250610351562,19935400
2015-01-02,77.96814208057107,78.31541530686758,77.0949893173243,77.83914947509766,18177500
2015-01-05,77.3728313977153,78.6329395268451,76.2615492747893,76.58898162841797,26452200
2015-01-06,76.6286526484625,76.98584254739528,74.77321066101061,75.55706024169922,27399300
2015-01-07,76.16231108792728,76.75763767946633,75.22962796685682,75.55706024169922,22045300
2015-01-08,76.14247604592094,77.62087988654834,75.48761895039947,77.5712661743164,23961000
2015-01-09,77.59110671526334,78.00784221387961,76.59889303568202,77.13468933105469,21157000
2015-01-12,77.23390162587435,77.39265943266423,75.61659621164416,76.12262725830078,19190200
2015-01-13,76.62866939323149,77.47204954637152,75.25940960649615,75.854736328125,25179600
2015-01-14,75.82495206677278,76.59887736734103,75.43798941648865,75.68604278564453,25918600
2015-01-15,75.8051353493363,75.97380987746014,72.96740329388015,73.47343444824219,34134000
2015-01-16,73.4634968374094,74.73352905123996,73.26504957275517,74.59461975097656,21791500
2015-01-20,75.13042214383982,75.71582458988367,74.23742830496896,75.64636993408203,22821600
2015-01-21,75.56698559356548,76.69810840490923,75.25939425364678,76.14246368408203,25096700
2015-01-22,76.56912141103876,77.14460711370039,76.08293886844001,77.0453872680664,19519500
2015-01-23,77.04538501972358,77.58118125449818,76.44013413803313,77.22398376464844,16746500
2015-01-26,77.37283424569308,77.85901688049817,76.68820431199481,76.89656829833984,19260800
2015-01-27,76.11270030807603,76.28137479432661,75.04110786015123,75.18994140625,20110000
2015-01-28,76.30123460591724,77.03547062010452,75.40824076704638,75.64636993408203,53306400
2015-01-29,76.25162239284673,77.41251062121516,73.63217879396875,77.39266967773438,61293500
2015-01-30,77.39267771131442,77.55143555559981,75.16019662348803,75.31895446777344,42649500
2015-02-02,75.51737939421322,75.54714459168213,73.17575464012992,74.40609741210938,41955300
2015-02-03,74.60454802568493,74.99151075012013,73.28490203210366,74.81291198730469,26957700
2015-02-04,74.50531853356483,75.75550983854767,74.4259471956211,75.0411148071289,20277400
2015-02-05,75.12049059775741,75.38839250841687,74.624383798747,75.02127075195312,15062600
2015-02-06,75.09072183635801,75.1105627765814,73.67185615574414,73.89014434814453,21211000
2015-02-09,73.4734269749058,74.24735244403952,72.87809270327398,73.86038970947266,16194300
2015-02-10,74.26718902116981,74.75337158243096,73.91991576312613,74.60454559326172,15811300
2015-02-11,74.50531935722738,76.1523976500947,74.44578896061414,75.91426849365234,20877400
2015-02-12,76.26153591834472,76.27146017368355,75.29908754017586,75.63644409179688,17235000
2015-02-13,75.8646636777619,75.88451219228635,74.91213937032613,75.1502685546875,18621900
2015-02-17,74.7136929776711,76.31115760477064,74.49540475732366,75.0113525390625,25254400
2015-02-18,75.34870785704985,76.30123206344261,74.86251771264925,76.11270904541016,22426400
2015-02-19,76.39052578417925,79.21833313530364,76.35083633030513,78.80160522460938,45851200
2015-02-20,78.93059692335343,79.71443902577717,78.583316098495,79.27787017822266,36931700
2015-02-23,79.33739426290276,79.56560670937307,77.76969504277062,78.22611236572266,24139100
2015-02-24,77.88876318027798,78.86113578389681,77.49187624880113,77.83914947509766,18897100
2015-02-25,77.88876206261398,79.57552203470067,77.88876206261398,78.94050598144531,25593800
2015-02-26,79.25803300325362,80.73643696685882,79.09928273688752,79.7839126586914,31111900
2015-02-27,80.05180233155961,80.59752289941449,78.00784451375749,78.35511779785156,30739200
2015-03-02,78.38487573701386,79.23818005316782,77.908609870095,79.12903594970703,21662500
2015-03-03,78.99012597687317,79.07942156804182,77.90860920723317,78.9802017211914,18635000
2015-03-04,78.68254782239593,80.51814161570746,78.23604712457012,80.27008819580078,28126700
2015-03-05,80.59751574793796,81.35159264934963,80.41891699339537,80.57766723632812,27825700
2015-03-06,80.27007812547487,80.69673025698808,79.208409924266,79.38700866699219,24488600
2015-03-09,79.05957841957616,79.28779087395131,78.01775113175863,78.82144927978516,18925100
2015-03-10,77.88876687542316,78.64285132400505,76.9461669921875,76.9461669921875,23067100
2015-03-11,77.19422351326926,77.81931537555027,76.65842724417585,76.96601104736328,20215700
2015-03-12,77.49189047821157,78.4344980598035,77.30337501788516,78.3154296875,16093300
2015-03-13,77.98798894950376,78.76191436122573,77.07515423670291,77.44227600097656,18557300
2015-03-16,77.35296832941731,77.51172613281757,76.75764170664377,77.46211242675781,19305400
2015-03-17,77.74984437798079,79.15878562086704,77.72999587034147,78.74205780029297,22170000
2015-03-18,78.63292819090854,80.60743114512748,78.55354928571656,80.2800064086914,36912400
2015-03-19,80.48836931377703,82.35372814166942,80.36930095753281,82.10567474365234,42099500
2015-03-20,82.74069548467315,83.94127309011577,82.42318742017585,83.14750671386719,44466300
2015-03-23,83.26656718855922,84.2984702867288,82.65139957406593,83.77259826660156,27357300
2015-03-24,84.05041764586719,85.39982881968498,83.86189462938121,84.64574432373047,32576500
2015-03-25,84.83425816281746,84.85409910293775,82.27434539794922,82.27434539794922,37436100
2015-03-26,82.07591223082487,83.11773199456887,81.50042651181055,82.36365509033203,32794800
2015-03-27,82.73076904161225,83.29633050310964,82.23466223082544,82.65139770507812,18372600
2015-03-30,83.15743608165477,83.68330818398864,81.76834281888246,82.55218505859375,24527700
2015-03-31,82.25451671061585,82.84984341275748,81.56988683965862,81.5798110961914,19734300
2015-04-01,81.857627292812,82.07591551012449,80.24032174543508,81.03408813476562,22058200
2015-04-02,81.6095718502648,81.91715565611847,80.8058812246527,80.92494201660156,19664100
2015-04-06,80.17086592322688,82.16520990871837,80.17086592322688,81.798095703125,19062900
2015-04-07,82.00645604945137,82.77045719527203,81.57980389607413,81.67902374267578,17467000
2015-04-08,81.9866012242862,82.45294279438859,81.20275162751665,81.63932800292969,18966700
2015-04-09,81.85762181823044,82.15528892556506,81.07377216757234,81.53018951416016,15927300
2015-04-10,81.56988147022032,81.96676843551907,81.27222192373817,81.40120697021484,12529700
2015-04-13,81.29206255906175,83.2864140639277,81.28213830321965,82.36365509033203,26883100
2015-04-14,82.5224090418264,83.0383643889499,81.79809730258127,82.86968231201172,19634200
2015-04-15,82.89945770753782,83.00860182019564,81.629417812064,82.06599426269531,22390900
2015-04-16,81.82785570786024,82.42318234589347,81.51034766290992,81.66909790039062,13769700
2015-04-17,80.84557032194262,81.47066218688421,79.7442125813389,80.15101623535156,24215000
2015-04-20,80.90509715685562,82.5025616447213,80.60743005141907,82.44302368164062,28796800
2015-04-21,83.34593336040695,83.8321158520793,82.88951606230806,82.9688949584961,27171900
2015-04-22,83.66345500799572,84.08018292590573,82.99867367656935,83.97103881835938,45548000
2015-04-23,83.44516941553834,84.92356568696394,81.7683334350586,81.7683334350586,73728100
2015-04-24,82.12552258650055,82.29420466451975,80.84557360675623,80.89517974853516,29660400
2015-04-27,81.23254259718732,82.28428675185545,80.99440584632686,81.27223205566406,25446000
2015-04-28,81.19284314780336,81.26229779909362,79.60530285403377,80.05179595947266,23775300
2015-04-29,79.38701221804426,80.75626426020052,78.90082210388216,79.84342956542969,26430300
2015-04-30,79.38701230242248,80.32961219498286,77.71016889503693,78.15666198730469,28999000
2015-05-01,78.62299998300216,79.13895527082468,77.50180139098535,78.37494659423828,24136400
2015-05-04,78.71232075976882,79.06951832514959,78.01776657375493,78.19636535644531,14692000
2015-05-05,77.93838985660723,78.18644328381478,76.61874380706551,76.95609283447266,22311300
2015-05-06,77.36290489531683,78.19636078582913,76.45007009047289,77.49188995361328,28663000
2015-05-07,77.39266089797673,78.32534410555395,76.95608449102754,77.8193130493164,19749400
2015-05-08,78.4840916409944,78.6130842495059,77.42242342703236,77.89868927001953,19943600
2015-05-11,77.86892183554322,78.414634739748,77.32320136134989,77.40258026123047,18874100
2015-05-12,77.26368381059147,77.28352475386438,76.19209119409922,76.85687255859375,21285300
2015-05-13,77.11485143229909,77.91854212208827,77.04539677478633,77.8292465209961,21512300
2015-05-14,78.32534783837018,81.21268561923542,78.05744591406955,80.7364273071289,49438000
2015-05-15,80.7761202470242,80.88525678868301,79.55569407585877,79.7938232421875,27069900
2015-05-18,79.70451597348455,80.74633565487645,79.60529613287417,80.25022888183594,21613700
2015-05-19,80.61735718067226,81.05393359887799,79.92281066988062,80.00218200683594,17955400
2015-05-20,79.84343450585584,80.46852638704256,78.84129658872426,79.92281341552734,23056900
2015-05-21,79.5656125497348,80.28992425259047,79.4564684460186,79.85335540771484,13402700
2015-05-22,79.7243569476155,80.6768810438609,79.6251371069628,79.91287994384766,19567900
2015-05-26,79.80373655849323,79.9724110461031,78.46424977278704,78.7123031616211,16321300
2015-05-27,78.98020589565463,80.03195752382828,78.81153139009481,79.92281341552734,14160900
2015-05-28,79.62515217143606,80.43876713069973,79.37709873788019,79.52593231201172,11982000
2015-05-29,79.3274639331339,79.44653227478156,78.26579582256997,78.5733871459961,16134600
2015-06-01,78.68255876775913,79.75414393762982,78.04754253006143,79.66484832763672,18119000
2015-06-02,79.13895415722554,80.71657005396992,78.94050690701367,79.81365966796875,18923300
2015-06-03,80.71657888856465,81.88739129800251,80.61735903759319,81.798095703125,31775000
2015-06-04,81.50043604495073,82.30412675241689,80.87534411358706,81.41114044189453,20863900
2015-06-05,81.23253289585716,81.8179353059986,80.87533538221554,81.50042724609375,16143100
2015-06-08,81.18291728290322,81.36151603553688,79.50607385928649,80.0418701171875,16915500
2015-06-09,79.9724154672738,80.55782543367992,78.70238325742953,80.0418701171875,16497500
2015-06-10,80.20062542412644,81.95684012852834,80.18077691334854,81.52027130126953,21531200
2015-06-11,81.66910653837031,82.25451655284604,80.72650655928652,81.1928482055664,18656800
2015-06-12,80.73642949685716,81.45081698439252,80.56774741883795,80.89517974853516,11417900
2015-06-15,79.9228079889643,80.2998464293197,79.44654213326207,80.08155822753906,18805100
2015-06-16,80.19070386040661,80.8753336754363,79.82358209858116,80.4288330078125,13693700
2015-06-17,81.12339489516974,81.57981229250436,80.7066593845687,81.15316009521484,18350300
2015-06-18,81.00431927867628,82.54225341667473,80.93486462812088,82.26443481445312,26782600
2015-06-19,82.18505413006838,82.33388768374975,81.4805833839648,81.86754608154297,23353200
2015-06-22,82.76053898860057,84.30838976310868,82.6613115738335,84.0801773071289,29383100
2015-06-23,84.29847747531548,87.28504291806452,84.1000377575871,87.19573974609375,50667900
2015-06-24,86.97745271987921,88.5550687993483,86.76908119052533,88.16810607910156,41370200
2015-06-25,88.56498453895077,88.70389383183598,87.1560355297042,87.29495239257812,27302000
2015-06-26,87.43387403211132,87.65215468747697,86.15391744979152,87.3247299194336,38214600
2015-06-29,85.93561806101295,86.8186875343345,85.06247284300646,85.13192749023438,35957900
2015-06-30,85.92569670194067,86.02491654846933,84.90371789971609,85.10215759277344,23016500
2015-07-01,86.0943747511165,87.26518715644755,85.81655614137513,86.23329162597656,25260000
2015-07-02,86.7194727792196,86.75916223281979,85.66772118378785,86.6103286743164,16908800
2015-07-06,85.8165498560546,87.50331747306937,85.71733001269816,86.86830139160156,24635900
2015-07-07,87.11634868627333,87.16595481948438,84.56636028358567,86.54086303710938,33059900
2015-07-08,85.61811702341669,86.07453439538541,84.78465361852508,84.98310089111328,24399300
2015-07-09,86.05469905626457,86.91792014576318,84.98310642448364,85.21131134033203,23307400
2015-07-10,86.66985585318699,87.53308440447861,86.0943701523259,87.26518249511719,23245900
2015-07-13,87.96967017993579,89.51752112785591,87.7315334418021,89.39845275878906,29976700
2015-07-14,89.75563770671653,90.09299425342614,88.95194714571424,88.9817123413086,26627800
2015-07-15,89.29922533938098,90.28151469851721,88.72373962595202,89.06109619140625,30886600
2015-07-16,89.57704716453843,90.1525328986811,89.07101608313782,90.14260864257812,21804100
2015-07-17,91.82936717898372,94.6472500304114,91.81944292387625,94.23052215576172,54001600
2015-07-20,95.10367873560351,97.83226632753261,94.61749615700231,97.14764404296875,54860500
2015-07-21,98.17953092137579,98.46727376858514,96.38362676016068,97.62389373779297,39453300
2015-07-22,95.98674146159712,96.8202048212724,95.17312661309857,96.28440856933594,28299500
2015-07-23,96.20503024549444,96.69121279241368,94.07176948045631,94.69686889648438,29418800
2015-07-24,96.59200112540279,96.99881237155208,95.13344579114415,96.19511413574219,33444900
2015-07-27,95.82798288954665,95.85774808373453,93.09939572916083,93.4367446899414,38585400
2015-07-28,94.10153400684631,94.81592900865101,92.5834484130058,94.54803466796875,35236000
2015-07-29,95.57001332376034,96.52253746811806,94.00231402430138,96.23479461669922,64648300
2015-07-30,94.17100650673811,95.0639927864941,91.08522127427689,94.46866607666016,86211300
2015-07-31,94.21066778088365,95.57992724090781,93.21845429158529,93.27799224853516,46509000
2015-08-03,92.80173155446627,94.33966557558456,92.07741990657622,93.406982421875,29343100
2015-08-04,93.0597194749031,93.99240273163723,92.6033021026686,93.3276138305664,20136000
2015-08-05,94.50835024710884,96.33401973114836,94.43889559434623,95.6890869140625,29813200
2015-08-06,96.42332168646307,97.97117254003392,93.68480992476984,94.37936401367188,42271300
2015-08-07,94.63732739295043,94.65717590350462,92.88111270834268,93.56574249267578,23199100
2015-08-10,94.93500155437681,95.15328976678065,92.90096056060209,93.41691589355469,21624200
2015-08-11,93.00019636213194,94.02217529413504,92.17665714838556,92.89105224609375,22491000
2015-08-12,91.97819273971974,93.70464976115603,90.47995573477984,93.45659637451172,27050500
2015-08-13,93.31770515040162,93.99241079550039,92.62315099133492,92.70252990722656,17451800
2015-08-14,92.81167669257731,93.98248924067657,92.48424433260261,93.68482208251953,15929700
2015-08-17,93.6848062011415,93.72449565350033,92.66282740536583,93.19862365722656,18313500
2015-08-18,93.347468644523,95.1036835990705,93.30777918730291,94.4289779663086,22278800
2015-08-19,93.89315800152036,95.35171301456008,93.42682402910924,94.56786346435547,23251300
2015-08-20,92.81166604570424,94.03208460016941,89.75564617649177,89.85486602783203,44598200
2015-08-21,86.83853115874992,88.48560937247085,84.94340711439659,85.38990020751953,62778700
2015-08-24,76.4302075864449,81.4508056640625,71.43937470375568,81.4508056640625,83710700
2015-08-25,86.27296196889408,86.98735690979619,82.35372161865234,82.35372161865234,52021200
2015-08-26,85.28075805287047,86.77900274643031,82.61170854883393,86.5111083984375,45124300
2015-08-27,88.40623448060501,89.35875867383163,86.51111035022404,89.03133392333984,42431400
2015-08-28,89.18015488077195,90.7677026831978,89.0908592911297,90.30136108398438,33215900
2015-08-31,89.89455359965436,90.34105427631837,88.19786919630533,88.7336654663086,32850700
2015-09-01,86.17375049229321,88.69397396944238,85.82647724288053,86.55079650878906,36097400
2015-09-02,88.1184937822575,89.1900863647461,86.9476813465732,89.1900863647461,27190500
2015-09-03,89.06110295249503,89.12063335151069,87.04691037257504,87.46363830566406,27048200
2015-09-04,86.52101766498629,87.70175420005062,86.02491089495773,87.57276916503906,27328700
2015-09-08,88.99164355776094,89.53735651631871,88.13833922402696,88.8328857421875,27012500
2015-09-09,90.07315835010978,91.26381933045536,89.46790738834846,89.73580932617188,32551100
2015-09-10,89.36868508737493,91.3431881740224,88.93210864952721,91.2638168334961,26437400
2015-09-11,90.96614544545722,91.36303240946665,90.42042492369559,91.33326721191406,21185000
2015-09-14,91.59123992919922,91.89883130936698,90.88676914363593,91.59123992919922,20127900
2015-09-15,91.65077896967651,92.5239242697606,91.0752932271261,92.17665100097656,18859400
2015-09-16,92.1766609298142,92.87120754219559,91.9087589721883,92.72237396240234,16321200
2015-09-17,92.64298973678628,94.76632630806198,92.17664811758277,93.60543060302734,27841800
2015-09-18,92.4743019394272,94.4488123993167,92.32547595952647,93.66496276855469,62300000
2015-09-21,93.88326359458797,95.7386983801661,93.784036167988,94.80602264404297,28790000
2015-09-22,93.03986613236415,93.94278414381401,91.20427248259055,92.23617553710938,36888900
2015-09-23,92.67275032708581,93.58558500823324,92.07742369025004,93.23831176757812,21701400
2015-09-24,92.33540172942901,94.03208619712764,91.52178682263803,93.67489624023438,29106000
2015-09-25,95.0441346595764,95.1036650488,91.3431748730774,92.04764556884766,28961600
2015-09-28,91.36304470090552,91.57140868179495,87.493409528697,88.51538848876953,41199900
2015-09-29,88.40623480973774,89.35875900651058,85.05255539380906,85.99515533447266,42281800
2015-09-30,87.75137362315539,89.3190653654092,87.32472147032952,89.20000457763672,36169100
2015-10-01,89.34884268470908,90.24182891845703,87.67199918491274,90.24182891845703,29283700
2015-10-02,88.20778841863547,91.48208867737675,87.68191643456419,91.35310363769531,37881700
2015-10-05,92.21632411778543,93.53596230536124,91.93850555198,93.27799224853516,27292500
2015-10-06,93.34746299937662,93.43675859522928,91.62100577966353,92.07743072509766,22172800
2015-10-07,92.38501276928136,92.93073330012346,90.65856315260078,91.6805419921875,24129300
2015-10-08,91.17451425006196,92.49416025837138,89.765572644343,91.75,27290500
2015-10-09,92.17665092670062,93.01010677111071,91.5217862746731,92.51399993896484,20012900
2015-10-12,92.59337874592518,93.86341102360778,91.94843835085494,93.52606201171875,18449600
2015-10-13,92.93072865221222,94.62741298598561,92.82158455150262,93.38714599609375,19480300
2015-10-14,93.34746392915275,94.4587383952208,92.88112229286081,93.33753967285156,19253400
2015-10-15,94.2503659462188,95.5501708850126,94.16107035751719,95.21281433105469,27557500
2015-10-16,95.43110644688687,96.83012371722116,94.60756732400095,96.780517578125,25412900
2015-10-19,96.42332862321712,97.8025050742693,96.16535093906646,97.70328521728516,23729900
2015-10-20,97.96125334023364,98.81455008300578,95.808144046877,96.24472045898438,30881800
2015-10-21,96.61185189133677,97.41554257589877,95.71885803627352,96.35387420654297,21917800
2015-10-22,97.02856218383562,98.95345885793812,96.79043305579864,98.8939208984375,26392100
2015-10-23,101.11649140132906,102.04916703581553,99.3801176049054,101.3943099975586,42809700
2015-10-26,101.40423802441205,103.00170270138479,100.75930516960094,102.9620132446289,25961200
2015-10-27,102.13847829298271,103.2894422214597,101.60268199921272,102.8925552368164,23795500
2015-10-28,103.09098946350784,103.66647513988852,102.11861685272707,103.3886489868164,24081500
2015-10-29,103.15053496710593,104.30150648850001,102.71395851830268,104.06336975097656,20316700
2015-10-30,103.6962489274021,103.90461288197955,100.85851733079421,101.176025390625,33487100
2015-11-02,100.92797623646965,102.66435016779313,100.39217994354821,102.5055923461914,24003900
2015-11-03,102.41630434046988,102.84295655516239,101.60268936942717,101.78128814697266,21242300
2015-11-04,102.38653884838746,103.32913887887275,101.68206799728968,103.13069915771484,43469300
2015-11-05,107.95283642274413,109.78842996187403,107.1094488558568,107.91314697265625,63232900
2015-11-06,107.19875834144861,107.89330483402996,105.08534609688904,106.26607513427734,35084300
2015-11-09,106.16686637497432,107.40713350552309,105.03574335751303,105.66083526611328,26383500
2015-11-10,105.13495728582949,107.3079075984239,104.42056224771684,107.06977844238281,25031700
2015-11-11,107.42695799781283,109.01450573779537,106.27599421331301,108.16120147705078,25057100
2015-11-12,107.63533421747675,108.53824465338042,107.15906836063434,107.17890930175781,20924700
2015-11-13,106.87132741876971,107.40712367854405,103.0215413229704,103.1406021118164,30278400
2015-11-16,102.5155015927794,103.35888157908408,99.6876945469397,103.22989654541016,49309200
2015-11-17,103.80540071537007,105.37309261869162,103.32913480538048,104.3114242553711,26807200
2015-11-18,104.9761929024427,107.03999126020477,104.56938172774693,106.93084716796875,23836500
2015-11-19,106.52406602884068,106.89118783196739,105.12504104421373,105.43263244628906,25520600
2015-11-20,106.00809389810574,107.0300802312285,105.78981327208749,106.48435974121094,22129600
2015-11-23,106.35537761883822,106.63319621410518,105.25401992332353,106.11724090576172,19897200
2015-11-24,105.17464942772685,105.66083200831454,103.57718480723486,104.91667175292969,23577300
2015-11-25,105.5020757389039,105.76997008476596,104.28164965889216,104.58924102783203,15150800
2015-11-27,104.95636146816118,105.13496023269535,104.04352670275966,104.6289291381836,5913100
2015-11-30,105.01588499070988,105.27386264925542,102.94216217660248,103.4283447265625,20383200
2015-12-01,104.01374176413354,106.31567675350057,103.68630949629545,106.2859115600586,22781900
2015-12-02,106.16686148344,107.07969623266837,104.96628386478301,105.24410247802734,24429100
2015-12-03,105.44255175116112,106.01803754224628,102.54528942154572,103.56726837158203,23236500
2015-12-04,103.99390560165284,106.89117508378474,103.29935910558746,105.35324096679688,21224700
2015-12-07,105.65091015884687,105.99818341372409,103.84508166349603,104.78768157958984,15474900
2015-12-08,103.19022526165729,106.07757077516992,103.14061154843941,105.66083526611328,20401800
2015-12-09,105.35323697427994,105.6112146216088,102.74371801510978,103.78553771972656,23517300
2015-12-10,104.23205264439123,105.57153963093715,103.59703647936222,104.59916687011719,17454300
2015-12-11,103.33904431563208,103.52755974540229,101.11648804948086,101.3248519897461,26427700
2015-12-14,101.49352113467654,103.9244412130883,100.66998210223939,103.8450698852539,24648100
2015-12-15,104.48009925541896,104.97620607511233,103.46803710405047,103.7359390258789,21764300
2015-12-16,104.54955453417139,106.25615564535696,103.37874212987623,105.95849609375,22680500
2015-12-17,106.65304473028617,106.91102240278089,105.30363354029923,105.39293670654297,21675700
2015-12-18,105.2540130545345,105.76003650432422,103.16044190112598,103.22989654541016,35994200
2015-12-21,104.09313287242553,104.3312620178874,102.79332790305367,103.95421600341797,16138800
2015-12-22,104.40072605355783,104.83730250114594,103.99391480557988,104.68846893310547,14597100
2015-12-23,105.06550661060656,105.28379483273667,103.05131403911629,103.81531524658203,19599700
2015-12-24,103.92445190683394,104.49993762028332,103.68632275885076,104.2022705078125,6501800
2015-12-28,104.2022760208566,105.15480780316331,103.71609344342158,105.10519409179688,13069700
2015-12-29,105.59136425663881,106.90108584086178,105.4226897698044,106.4248275756836,17179900
2015-12-30,106.16686215403763,106.41491557028539,105.23417888654944,105.39293670654297,13115000
2015-12-31,105.17463235883724,105.34330683921931,103.80538043634253,103.8450698852539,18391100
2016-01-04,101.15617797196097,101.44392083710306,98.9733109832828,101.42407989501953,37912400
2016-01-05,102.0888497160527,102.9024645096061,100.87834799564651,101.93009948730469,23258200
2016-01-06,100.34255881527626,102.96200211817954,100.11435392607787,102.1682357788086,25096200
2016-01-07,99.71747538094381,100.64023441114915,96.5423946157156,97.15756225585938,45172900
2016-01-08,99.10229914296674,99.71747434671988,96.27449168295321,96.57215881347656,35402300
2016-01-11,97.14764994548212,97.83227227164238,94.64726710649245,96.75076293945312,29932400
2016-01-12,98.2291459447009,99.18167008788721,96.79043925936502,98.59626770019531,28395400
2016-01-13,99.79684622127934,99.79684622127934,94.46865643650813,94.69686889648438,33410600
2016-01-14,95.1036672962984,98.10015645784044,91.73013971078261,97.60404968261719,48658600
2016-01-15,93.24823285980501,95.62953932636809,92.81165647494042,94.23052215576172,46132800
2016-01-19,95.77837264658513,96.66144209934538,93.18869467883113,94.51826477050781,30998300
2016-01-20,92.10718752030634,94.26028915041859,88.67412947648975,93.61534881591797,59051400
2016-01-21,94.17099428969338,95.24257920037907,91.89882428844395,93.42683410644531,30518900
2016-01-22,95.65932065323592,97.3063913590218,94.7464783513658,97.17740631103516,30495400
2016-01-25,97.95132293515347,98.70540735327344,96.17525977102267,96.254638671875,32482000
2016-01-26,96.99880486737045,97.11786565606486,94.91515779533795,96.58206939697266,26877100
2016-01-27,97.02856636731342,97.08809675939224,93.49628846417822,93.71456909179688,58699400
2016-01-28,106.36529772230153,109.48084790360475,103.99390776079983,108.26042938232422,107475300
2016-01-29,108.14135941151464,111.96138030227671,107.99252585577293,111.33628845214844,62739500
2016-02-01,111.39582078437658,114.81896234603114,111.13785069125814,114.19386291503906,46132700
2016-02-02,113.90612096228486,116.67439016338346,112.31857319292395,113.71759796142578,59778600
2016-02-03,114.37246655377997,114.44192120796764,108.8954504192951,111.81256103515625,56919300
2016-02-04,110.92948176198145,111.06839105819591,108.39933409381,109.62967681884766,38890200
2016-02-05,108.65731874123044,108.72677339380951,102.37660453090784,103.25967407226562,76894700
2016-02-08,99.62816934587951,101.88049084495083,96.7011347386413,98.97330474853516,71229700
2016-02-09,96.38363174956366,101.60267758120673,96.0661236896532,98.76494598388672,62709000
2016-02-10,100.75930546943242,102.44606575163284,99.45950035927622,100.21358489990234,45179400
2016-02-11,98.82447462488635,104.2915737678292,98.11007961027447,101.11649322509766,43670600
2016-02-12,102.9322465832525,103.42835343067323,100.30287877792478,101.2157211303711,36176800
2016-02-16,102.99177498020607,103.12076002335094,99.4594894072776,100.8188247680664,45687200
2016-02-17,101.22562747438013,104.89682231218951,99.61824629776174,104.38086700439453,44073400
2016-02-18,104.97619654489043,105.17463622675679,102.22776077411079,102.66433715820312,29593500
2016-02-19,101.75151480015089,104.20227620417998,101.26532465187098,103.75578308105469,32404500
2016-02-22,104.6686049235957,107.40711643213184,104.5197713775904,106.32560729980469,35709700
2016-02-23,106.01803140583417,106.63320661966215,104.30150595900773,104.63885498046875,25319300
2016-02-24,103.39858937889919,106.11725281334864,101.94003402009187,106.04779815673828,34412400
2016-02-25,106.27600667014538,107.22853088378906,104.78768616695409,107.22853088378906,29906300
2016-02-26,107.85360673186109,108.59776687279846,106.32560457072616,107.07968139648438,26686200
2016-02-29,106.76218420339289,108.06198919568611,105.91880413876822,106.08747863769531,32779000
2016-03-01,106.99040170419758,108.96490478515625,106.76218922961935,108.96490478515625,26817300
2016-03-02,108.82599297552747,109.68922157258062,107.9230749242431,109.09388732910156,25670200
2016-03-03,109.39154979123253,109.44116349940559,107.69486543756312,108.72676849365234,21353100
2016-03-04,109.19312178780368,109.19312178780368,107.08962599790227,107.5460433959961,24938900
2016-03-07,107.2285220712128,107.2285220712128,103.90460806792603,104.90674591064453,31436400
2016-03-08,103.9641468602747,106.53398419526741,103.5871083918542,105.10519409179688,25617000
2016-03-09,105.86918394794492,106.67288208007812,104.66860644733806,106.67288208007812,20493300
2016-03-10,107.06976968231966,107.81392985780425,104.94642568388058,106.48435974121094,24854300
2016-03-11,107.63533885260235,108.56801452534977,107.07969406736017,108.55809783935547,20697600
2016-03-14,108.42909665680641,109.47092392310171,107.92306562146393,109.03434753417969,17249400
2016-03-15,108.26042257792481,109.96703111927057,107.99252067644052,109.80827331542969,17618500
2016-03-16,109.62967519945376,111.62402659420033,109.24271251285964,111.3065185546875,24744800
2016-03-17,111.27675428360483,111.8125505241086,109.8678128196813,110.15554809570312,24241200
2016-03-18,110.69135083165494,111.54465516438285,109.41139433256309,110.58220672607422,36256900
2016-03-21,110.79057239626783,111.49504313233896,110.16547299370596,110.97908782958984,18448000
2016-03-22,110.4929146332996,112.00107607730759,110.30439161405253,111.37598419189453,19001100
2016-03-23,111.13786236866908,112.30867487657451,111.12793811174046,111.66373443603516,18562000
2016-03-24,111.25690416717391,112.2094282798818,110.81041109152574,112.16974639892578,17839100
2016-03-28,112.43764965046712,113.69775764548056,112.07052787759439,112.80477142333984,21351800
2016-03-29,112.94368373279374,115.41429364843195,112.75516071333095,115.2356948852539,29825300
2016-03-30,115.82109228222087,116.07906235763531,113.46954341794432,113.80689239501953,33235200
2016-03-31,113.80689738834467,114.11448875327866,112.88413843352072,113.2115707397461,21207500
2016-04-01,112.86429250347221,115.26544750301252,112.46740556528643,115.15630340576172,24760500
2016-04-04,113.18179864601836,113.65806447786912,110.74095423650614,111.67363739013672,48487900
2016-04-05,111.23707019000041,112.43764776877615,111.02870623698868,111.3462142944336,22962400
2016-04-06,111.59427264762661,112.92383533149241,111.54465893614345,112.82461547851562,20814600
2016-04-07,112.90399103073624,113.99542452099685,112.18959599856876,112.75515747070312,20714500
2016-04-08,113.36040895500463,113.43978786341171,109.04428111272881,109.76859283447266,48497800
2016-04-11,109.83804950723616,110.04642103813495,107.92307683412947,108.14136505126953,39762300
2016-04-12,108.48863324654364,110.29446929662925,108.14135999459992,109.74874877929688,26248100
2016-04-13,111.3561371291504,111.77286502985555,105.69059073675174,109.64952850341797,88227400
2016-04-14,109.75867096629153,111.16761245904358,109.40147346531369,109.9769515991211,28473300
2016-04-15,109.92735554526004,110.10595431213251,108.34973184288823,108.78630828857422,20922800
2016-04-18,108.88551796336006,109.94718620884521,108.34972171283638,109.5899887084961,21167200
2016-04-19,110.23494317815774,111.57443019102213,108.3100537019635,111.41567993164062,30210500
2016-04-20,111.55457910212206,112.38803492055453,110.69135051589764,111.5446548461914,21027900
2016-04-21,111.67364739141743,113.15204358458364,111.43551066917068,112.55671691894531,20875200
2016-04-22,110.3440675160099,110.87986373912106,108.16120074332467,109.69912719726562,38458200
2016-04-25,109.01451665687964,109.80828303638728,108.22074270738258,109.24272155761719,21017900
2016-04-26,109.62967216152254,109.63959641654165,107.30789610629617,107.91314697265625,22521500
2016-04-27,107.09952970121286,108.09174322056451,105.48221681987711,108.04212951660156,52213100
2016-04-28,118.64890560950113,119.84948317232815,115.3249915213451,115.82109832763672,87110100
2016-04-29,115.9104052074945,116.92245986009651,114.93803244166998,116.66448974609375,37140600
2016-05-02,116.91253829739388,117.8055321124402,115.662346956329,117.64677429199219,28095200
2016-05-03,116.6049282115831,117.2399518215401,116.10882145723329,116.51563262939453,24117500
2016-05-04,115.70203269674863,117.37887616394447,115.66234324291088,117.14073944091797,23448400
2016-05-05,117.1208974014546,118.05358063292836,116.33704772798038,116.89268493652344,22056700
2016-05-06,116.24775637812428,118.70844202290449,116.19814266698384,118.55960845947266,26395600
2016-05-09,118.60921343061295,119.3434493674527,117.97419733875333,118.3115463256836,21138100
2016-05-10,118.68860697780188,119.56175231933594,118.07343175104545,119.56175231933594,23220000
2016-05-11,119.47244783008114,120.13722915099358,118.49015087769963,118.58937072753906,22038400
2016-05-12,119.04579291097554,119.89908965586172,117.97420038950575,119.34345245361328,22035500
2016-05-13,119.44266714648298,119.70064479496035,118.74812067364634,118.87710571289062,18124300
2016-05-16,118.45046536616414,118.67867784138083,116.4362728244268,117.7459945678711,31247800
2016-05-17,117.89481923617436,118.08334224191039,116.28743048460956,116.43626403808594,21328600
2016-05-18,115.89056001658922,117.34910775688387,115.82110536228947,116.73394012451172,21642300
2016-05-19,116.13861892085917,116.57518780994147,114.97772311559805,115.90048217773438,20544100
2016-05-20,116.04930134104073,117.07128013426214,116.03937708547856,116.43626403808594,18944800
2016-05-23,116.50572334605991,116.68432210337586,115.03725140367472,115.0670166015625,20441000
2016-05-24,115.33490785678629,116.81331158543729,115.21584706843093,116.78353881835938,20183600
2016-05-25,117.21019794748999,117.74599423693716,116.46603769603385,116.9720687866211,20019800
2016-05-26,117.3193383001902,118.82750726737876,117.00183023920144,118.53976440429688,18481300
2016-05-27,118.62906110039876,118.91680396615455,118.08334813706001,118.4504623413086,13493600
2016-05-31,118.52984334946235,119.16485948858971,117.20028067378614,117.88490295410156,23547600
2016-06-01,117.5773144530974,118.15280017185933,116.90260888592563,117.85513305664062,15029500
2016-06-02,117.76583051962233,118.50999069379807,117.29948893260733,118.00395965576172,13228300
2016-06-03,118.05358510448309,118.05358510448309,116.94230307531535,117.54755401611328,14135100
2016-06-06,117.6963843973598,118.500075021283,117.43840673203051,117.86505889892578,12744700
2016-06-07,118.31155826453926,118.37109623352649,116.75378307418978,116.84308624267578,17103000
2016-06-08,116.8430783090163,117.67653411834874,116.3568881835832,117.46817016601562,14505600
2016-06-09,117.2102038772159,117.75592445055452,116.79347593211546,117.63685607910156,13859200
2016-06-10,116.62480227951781,117.19036380062103,115.35476992125021,115.71196746826172,18510800
2016-06-13,114.10456381756032,114.58082967559399,112.4277204138449,113.06273651123047,31718200
2016-06-14,113.18180016656684,114.05494537170354,112.69561764313755,114.04502868652344,17618500
2016-06-15,114.40224150303301,114.54115081405574,113.18181533334513,113.70768737792969,19819400
2016-06-16,112.98337320683586,113.60846509306874,112.06061419192665,113.49932098388672,19236300
2016-06-17,113.52907704010575,113.53900129559295,111.68355915890936,112.13997650146484,24644300
2016-06-20,112.88414595270305,113.82675348159424,111.87209133967171,112.48726654052734,20785400
2016-06-21,113.23141742962368,114.31292660734888,113.08258387737087,113.48938751220703,19166300
2016-06-22,113.7572996615641,113.84659525896151,112.72539652836406,113.02306365966797,14846300
2016-06-23,113.47946636113404,114.19385375785531,112.65592729839965,114.1839370727539,16176900
2016-06-24,110.1456300661339,112.79483847019287,110.13570581087842,111.2072982788086,40643100
2016-06-27,110.70126712116345,110.70126712116345,107.3872774483492,108.12151336669922,36130400
2016-06-28,109.7685897340645,111.87208532750277,109.68921839788862,111.82247161865234,26813800
2016-06-29,112.48727601937591,113.36042139772428,112.15984366374896,113.27112579345703,20968300
2016-06-30,113.7771375841522,114.28316866594061,112.78492393279657,113.39017486572266,23192700
2016-07-01,113.31079711835174,114.23355612637114,112.9238343959555,113.3008804321289,14980000
2016-07-05,113.05282092791431,113.310791015625,112.09037251687094,113.310791015625,14207000
2016-07-06,112.47733851561046,115.88063159391584,112.09037580271186,115.79132843017578,24337600
2016-07-07,115.72187004192182,116.05922660406269,114.46176209419313,114.94794464111328,16630200
2016-07-08,115.52343491975275,116.58510321645622,114.94794918920599,116.3271255493164,18142600
2016-07-11,116.7934592960603,117.77574861816265,116.58509535318944,116.95221710205078,17711600
2016-07-12,117.70630342902031,117.79560659456325,116.65455937477974,117.01175689697266,15217700
2016-07-13,117.46817690986019,117.47810116625224,115.77149242632183,115.87071228027344,16207700
2016-07-14,116.58510345931145,116.72401276421702,115.79132951414593,116.37673950195312,14579700
2016-07-15,116.82323379347616,117.35903007637006,115.67226988836256,115.95008850097656,16646000
2016-07-18,116.40649565385152,118.67866563607161,115.97984351622961,118.44053649902344,20868400
2016-07-19,118.0634793639559,119.9089970345134,117.73605467013807,119.67086791992188,21541300
2016-07-20,120.30590652940263,121.2485064804001,119.62127668015826,120.97068786621094,20046500
2016-07-21,120.9706651508029,121.14926387924356,119.31367046304055,119.67086791992188,17801700
2016-07-22,118.96641261906706,120.06777032497166,118.38100265638425,120.05784606933594,18422400
2016-07-25,120.44482370599424,120.90124111198158,116.86293154619081,120.68295288085938,18487400
2016-07-26,121.05006373143725,121.11951838323769,119.80979668500859,120.27613830566406,17612000
2016-07-27,121.46677356080654,124.02668618036647,120.56386322180732,122.37960815429688,52654200
2016-07-28,126.52707788014226,127.33077606240288,122.66736749208904,124.02670288085938,78955800
2016-07-29,123.67943877260154,124.86016792374689,122.74675547557115,122.97496795654297,35058800
2016-08-01,122.88564657948214,123.60996580134085,121.90335728517064,123.3420639038086,25006900
2016-08-02,123.09401731597396,123.82826083348193,121.11951436319174,122.1315689086914,23968400
2016-08-03,122.13156944838727,122.95510856031865,121.35764404488127,121.55609130859375,18525300
2016-08-04,121.98275151482632,123.81834529789197,121.55609933216871,123.39169311523438,21066000
2016-08-05,124.0068626093429,124.86015936538449,123.64966509751655,124.175537109375,20184000
2016-08-08,124.2747589714972,124.47319867239807,123.58021244835484,124.28468322753906,15233900
2016-08-09,124.36403836065347,125.10819849704795,123.56034783574368,124.08621978759766,19621000
2016-08-10,124.09615392570754,124.50296513293051,123.57028193197166,123.90763092041016,10670100
2016-08-11,124.22514214887404,124.40374090320584,123.7786490480391,123.92748260498047,11729500
2016-08-12,123.72903217065185,124.02669927691203,123.21308443245505,123.90763092041016,12159000
2016-08-15,123.93740242696806,123.94731911241733,122.73681732858348,122.93526458740234,19295100
2016-08-16,122.53838262903855,122.95511053454233,121.82398760818111,122.3399429321289,14222400
2016-08-17,122.6971481482617,123.41153564399536,121.89344991432812,123.40161895751953,13794200
2016-08-18,123.04441791093475,123.29247132556127,122.6772961320913,122.94519805908203,12400800
2016-08-19,122.63760510364374,123.19324989286983,122.3200970397957,122.59791564941406,11688300
2016-08-22,122.36970424829119,123.85802463787394,122.15141604662082,123.18331909179688,14386400
2016-08-23,123.54052826807799,124.11600645325319,123.28255058990241,123.40161895751953,13309500
2016-08-24,123.50082877928679,123.71911698385676,122.13156915788929,122.51853942871094,12243700
2016-08-25,122.1613376259966,123.4016045901454,122.14148911537649,122.92533874511719,10730800
2016-08-26,123.08409672631463,124.21521959363841,122.94518743173022,123.98700714111328,17504800
2016-08-29,123.38176017251439,125.74323339538456,123.38176017251439,125.5547103881836,15925900
2016-08-30,125.61424531365566,125.61424531365566,124.17553856360955,124.86016082763672,17804300
2016-08-31,124.62202990480637,125.23720507808893,124.12592309183341,125.13798522949219,14200600
2016-09-01,125.39596314818345,125.64401657015168,124.62203768284093,125.1875991821289,13536100
2016-09-02,125.86228946993481,125.87221372520244,125.01890945191568,125.52494049072266,12118800
2016-09-06,125.68369274982446,128.92823540563506,125.48525306120737,128.71986389160156,26278400
2016-09-07,129.02745657322828,130.9523534794418,128.9381609781925,130.02960205078125,27990800
2016-09-08,129.90057841541721,130.05933619533843,128.7992209196734,129.25564575195312,15676600
2016-09-09,128.70003732683477,128.9381589097769,126.1103515625,126.1103515625,27100700
2016-09-12,124.979233979958,127.75742773653043,124.77087001596428,127.68798065185547,21252800
2016-09-13,127.0331202505507,127.35063590536699,125.67379231082029,126.2195053100586,18016200
2016-09-14,125.90198596291623,127.79711761562889,125.90198596291623,126.77513122558594,15691100
2016-09-15,126.98350992756136,128.09479197287308,126.67591853957931,127.35063171386719,15077200
2016-09-16,127.2017815657236,128.17414666273757,127.2017815657236,128.0650177001953,24119200
2016-09-19,128.89846844040872,128.92823363629392,127.26130696683522,127.64826965332031,14958800
2016-09-20,127.64826049562626,128.16421575391675,127.03309297149528,127.63834381103516,11083800
2016-09-21,128.12456248318304,128.99770026142494,127.39031888013477,128.92825317382812,14068300
2016-09-22,129.48386654049543,129.71207141474488,128.55118339359285,129.067138671875,15538300
2016-09-23,126.56675899798033,127.598669576377,126.30878892336986,126.9636459350586,28326300
2016-09-26,126.37824065743635,127.16209025835651,125.81267924537856,126.3187026977539,15064900
2016-09-27,126.61638806275386,128.00548115604528,126.43778929790359,127.68798065185547,15637100
2016-09-28,128.20393676870705,128.46190687614944,127.40023096710026,128.22377014160156,12047600
2016-09-29,128.17415299072167,128.28329709863056,126.55685502440868,127.09264373779297,14532200
2016-09-30,127.03310352461727,127.58874070740757,126.4576178310194,127.271240234375,18402900
2016-10-03,127.38040175815047,128.08486501841642,126.8049159858322,127.76736450195312,13156900
2016-10-04,128.16422910406263,128.27337320583962,126.55684791423616,127.19186401367188,14307500
2016-10-05,127.25140781836258,127.79712838476084,126.83467987856199,127.46969604492188,12386800
2016-10-06,127.43000325715407,128.05510275763825,127.08273753242518,127.73760223388672,11682700
2016-10-07,128.03521715191536,128.24358863837168,127.33075407956103,127.9856185913086,12804400
2016-10-10,128.670254031361,129.68231615553734,128.19399573644552,129.2259063720703,15138700
2016-10-11,129.21597465565685,129.62278587081417,127.23154742852253,127.87649536132812,17537900
2016-10-12,128.00546899388598,128.6504169073338,127.45976363478572,128.045166015625,11073000
2016-10-13,127.21172310883338,127.25140499460923,125.76308446835648,126.82475280761719,17139300
2016-10-14,127.48953583871644,127.94594563395772,126.58661779424621,126.88427734375,13345300
2016-10-17,127.20178547100018,127.46968739268037,126.32864019401913,126.54692840576172,11351700
2016-10-18,127.67804528798368,128.3825236414781,127.01326395890014,127.56891632080078,13504000
2016-10-19,127.73758081932192,129.45410606116167,127.5986715247218,129.09690856933594,16752300
2016-10-20,129.05723993437937,129.64264236885265,128.49167087261492,128.98777770996094,13167500
2016-10-21,128.76947888779267,131.1011868873239,128.69009998355565,131.04165649414062,19088800
2016-10-24,131.6865960580597,132.37122589489525,131.12102701372473,132.2422332763672,17470200
2016-10-25,132.4605340149672,132.4605340149672,131.19050164160262,131.25994873046875,13336800
2016-10-26,130.61503347574157,131.2302012314519,129.92048679349082,130.0196990966797,13084700
2016-10-27,130.71424755603763,130.7737779598616,128.26347833207964,128.68020629882812,16741400
2016-10-28,129.48387338028624,131.93464215661328,128.91830436729794,130.26771545410156,24545500
2016-10-31,130.9820938287681,131.0912379153209,129.8609029105175,129.9700469970703,15669000
2016-11-01,130.38678493755995,130.91265690261247,127.64826587731068,128.4916534423828,22077800
2016-11-02,129.21598876638396,129.21598876638396,125.29674759279786,126.17981719970703,39640900
2016-11-03,121.05005518595378,122.320087340641,118.56952126820883,119.06562805175781,63766300
2016-11-04,118.65882016144747,120.980603909535,118.32147117283033,119.8097915649414,30545500
2016-11-07,121.87360389718934,122.25064235729438,120.40512437101032,121.19889831542969,23008900
2016-11-08,121.07981935431302,123.63973215250029,120.5936368301575,123.25276947021484,19460800
2016-11-09,120.55395935411892,122.84597047993641,119.57166995305278,122.22087860107422,31916000
2016-11-10,122.96503135026614,123.21308474945816,114.37245796865996,119.85940551757812,67846700
2016-11-11,118.59927746036158,119.76016542893817,117.23002556691137,118.09324645996094,32840100
2016-11-14,118.20239740551416,118.20239740551416,112.66585155348967,114.1839370727539,51377000
2016-11-15,115.82109578070185,117.56738625005482,114.92810203501627,116.28742980957031,34681400
2016-11-16,113.58863247138505,116.96215313689895,113.32073052195337,115.43414306640625,32397900
2016-11-17,115.90046822231163,116.87284088134766,115.10670188410843,116.87284088134766,18597800
2016-11-18,117.46816868390289,118.20240463571596,115.93023456038628,116.10883331298828,22879300
2016-11-21,117.27965118630657,121.00045239868926,116.88277177964397,120.82185363769531,35415400
2016-11-22,121.44695949159228,122.02244525959087,119.95863892814137,120.52420043945312,26089200
2016-11-23,120.28606391515999,120.36543525383269,119.0061074004441,119.89909362792969,15672100
2016-11-25,120.06777215425247,120.19675719952579,119.1350889300001,119.44267272949219,8658600
2016-11-28,119.18469977595771,120.74247481756122,118.88703266941376,119.47244262695312,18101300
2016-11-29,119.63120402048601,121.14928975143435,119.46252951037835,119.92887115478516,18891000
2016-11-30,119.38313978389026,120.84169498384709,117.03159083192016,117.49793243408203,30188900
2016-12-01,117.45824044727466,117.52769509482208,113.11234770790382,114.20378112792969,43277000
2016-12-02,114.21372195644629,115.57305747853833,113.41003126535,114.50146484375,25070400
2016-12-05,115.04715330572425,116.65454191501341,114.17400814326439,116.51563262939453,20201500
2016-12-06,116.7736295976619,116.88277370729097,115.42421839678394,116.3965835571289,19131200
2016-12-07,116.08899341278253,117.0315933227539,115.66234125385051,117.0315933227539,21913700
2016-12-08,117.06137184561776,118.56953328972091,116.72401526220642,117.984130859375,22442800
2016-12-09,118.29170582434912,119.00610082284368,118.02380391491917,118.74812316894531,17464700
2016-12-12,118.29171886671392,118.3115598099757,116.73394365601612,116.8530044555664,17805500
2016-12-13,116.94230939956255,120.57380767075226,116.69425597008272,119.37322998046875,29768000
2016-12-14,119.06563811688947,120.74248160943228,117.92459090427141,119.27400207519531,25913100
2016-12-15,119.1450201157646,121.54617539659785,118.69851941925272,119.6312026977539,20139600
2016-12-16,119.95863968206245,120.55396639718639,118.34132648148774,118.93666076660156,25324300
2016-12-19,118.91679722104807,119.4228282714324,117.58723464433854,118.3115463256836,15918100
2016-12-20,118.56952330024464,118.8374176371572,117.87497681936847,118.16271209716797,13684400
2016-12-21,117.99403741882502,118.2718560107379,117.55746859009997,118.11310577392578,10767600
2016-12-22,117.93452438484248,118.06350944436173,116.01955158587984,116.48589324951172,16258600
2016-12-23,116.08899347093742,116.64463067541033,115.39444696534628,116.35688781738281,10890000
2016-12-27,116.04929821202612,117.75590676323056,115.95007836904676,117.09112548828125,12051500
2016-12-28,117.26972855636194,117.32925895034616,115.7417186941913,116.00961303710938,12087400
2016-12-29,116.08899401956442,116.61486602913854,115.15631079051498,115.44405364990234,9934900
2016-12-30,115.69211676794068,115.92032925143643,113.87636386661526,114.15419006347656,18684100
2017-01-03,115.12654934930691,116.92245364512553,114.61060157873656,115.95008850097656,20663900
2017-01-04,116.63471568606668,118.72828705907143,116.37673802167089,117.76583862304688,19630900
2017-01-05,117.93451863485706,120.00824159289209,117.39872233914718,119.73042297363281,19492200
2017-01-06,120.03800212107151,122.9154154442489,119.09539467900576,122.44908142089844,28545300
2017-01-09,122.58799573248649,124.4533546121827,122.08196466688152,123.92748260498047,22880400
2017-01-10,123.84810890497475,124.5228144974818,123.31231261945538,123.38176727294922,17324600
2017-01-11,123.38177322698743,125.13799573149373,123.09403034291607,125.10822296142578,18356500
2017-01-12,124.63194120188848,125.74322307259696,123.82825067083367,125.63407897949219,18653900
2017-01-13,126.49732571907386,128.26347250890186,126.37826491683127,127.34070587158203,24884300
2017-01-17,127.04302606055795,127.34069317646869,126.40801751526084,126.87435913085938,15294500
2017-01-18,127.41014792350683,127.42998129408659,125.852365354276,126.92395782470703,13145900
2017-01-19,127.23155226372366,127.35062819706218,126.45762682692792,126.55685424804688,12195500
2017-01-20,127.10257867651876,127.4796095803633,125.79284934953873,126.05082702636719,19097200
2017-01-23,126.31873544501289,128.24363262401008,125.96153787427134,127.92611694335938,16593600
2017-01-24,128.37260272420227,128.88854290470783,127.38038910633698,128.3626708984375,15162700
2017-01-25,128.98778101478376,130.7142383033743,128.75957610295188,130.4562530517578,18731300
2017-01-26,130.60508465177713,132.10332177912966,130.41656164012792,131.74612426757812,20020100
2017-01-27,131.6468941571951,131.9147960703759,130.05936146940766,131.15078735351562,19539500
2017-01-30,130.5554936378279,130.5554936378279,128.59091455276635,129.9601593017578,18956100
2017-01-31,129.15644146996812,129.64263158050088,128.51150869107875,129.30528259277344,19790500
2017-02-01,131.22026176675092,132.4506122045974,129.66247899125221,132.192626953125,50139800
2017-02-02,132.18271685355683,134.43504630299117,129.38466681417404,129.8212432861328,54366400
2017-02-03,130.21814457937936,131.81560940318698,129.74187105453086,129.9601593017578,24804900
2017-02-06,129.96011540468973,131.03170776367188,129.28541751568764,131.03170776367188,17058500
2017-02-07,131.2103405951669,131.96441753066398,130.63485485229586,130.81344604492188,14596400
2017-02-08,131.56755731932816,133.39322709692826,131.40879947606348,133.15509033203125,22390600
2017-02-09,133.44283140225568,133.45274808926723,132.27201131574603,133.09555053710938,16470600
2017-02-10,133.05583076515344,133.88928643622512,132.63908778964174,133.14512634277344,15061900
2017-02-13,133.65115831892598,133.65115831892598,132.6589447974195,133.0062255859375,13526200
2017-02-14,133.05585370021,133.1848311767901,131.51791954731843,132.80780029296875,14364900
2017-02-15,132.41090240341967,132.6589558043777,131.62706031798254,132.40098571777344,13226500
2017-02-16,132.03387323723885,132.82763201859083,131.98425952840978,132.79786682128906,12831100
2017-02-17,132.46053021007145,133.0459326650452,132.13309786915912,132.49029541015625,12276500
2017-02-21,132.460529522881,132.8673407752355,131.8651952443144,132.67881774902344,14759100
2017-02-22,132.55975208659888,135.72490096959757,132.4208427786929,135.06011962890625,27360100
2017-02-23,134.83190225759947,135.0601071409205,133.28405150119988,134.3060302734375,18422500
2017-02-24,133.11537435321364,134.5639976670941,133.11537435321364,134.38540649414062,12625700
2017-02-27,134.206799942501,136.11184815050302,133.96867837898657,135.3478546142578,14306700
2017-02-28,135.72488608951662,135.74473459989255,133.70077709051557,134.484619140625,16112100
2017-03-01,135.40739095445372,136.40952123822072,135.23871645956095,136.34999084472656,16257000
2017-03-02,136.02257700195636,136.74690392771797,135.24865150153664,135.6951446533203,12294800
2017-03-03,135.5661248651757,136.26067123346454,135.02040445438615,136.10191345214844,11160600
2017-03-06,135.81420216330113,136.75680205357398,135.44707283679048,136.34999084472656,12748200
2017-03-07,135.96302460993968,137.29258716331378,135.92334272863522,136.23092651367188,13527100
2017-03-08,136.0821054736562,136.9155765038098,135.98289318576687,136.64767456054688,10184500
2017-03-09,136.6476494581539,137.4910370201708,136.3301338592845,137.16360473632812,15535300
2017-03-10,137.8283807245867,138.40386637057384,137.14375098815415,137.7093048095703,16314100
2017-03-13,137.62996146672083,138.5923947743399,137.59026444250182,138.51303100585938,10955500
2017-03-14,138.37412354005357,138.37412354005357,137.4414402782352,138.23521423339844,12944000
2017-03-15,138.2054355855531,139.00914137672436,137.4116767606585,138.63209533691406,19344800
2017-03-16,139.10833500229216,139.15794870718855,138.641993428225,138.8999786376953,13612900
2017-03-17,139.2472358894638,139.2472358894638,138.6122198690492,138.75112915039062,20592800
2017-03-20,138.6221826614811,139.09844099819367,138.16575769797936,138.8503875732422,12099500
2017-03-21,140.05097775091835,141.20194944130472,137.32238968525058,137.43153381347656,29894800
2017-03-22,136.85601926817202,138.70153723298068,136.52860209213853,138.5030975341797,17055400
2017-03-23,138.39394403293133,139.29686201214992,138.0069813475487,138.4435577392578,13022800
2017-03-24,138.98928333156874,139.92196654082906,138.67176771140433,139.24725341796875,16664700
2017-03-27,137.96730150477003,139.55483415082898,137.6894829132103,139.2274169921875,12800500
2017-03-28,139.26712625154946,140.84474252232187,138.91984537384099,140.65621948242188,14679400
2017-03-29,140.8843962208827,141.74761709600253,140.32874395945132,141.53924560546875,16527600
2017-03-30,141.29121563499652,141.83693616250096,140.74551024747063,141.3011474609375,12404000
2017-03-31,141.20190928416136,141.5194248905122,140.78518140580894,140.94393920898438,11478300
2017-04-03,140.8248840638056,141.36068794358036,139.72354138422563,141.1721649169922,13564000
2017-04-04,140.75541167079996,140.98361654301905,140.17000932294462,140.6264190673828,12948600
2017-04-05,141.15231001077797,142.32313000393944,140.18986154808707,140.74551391601562,17158100
2017-04-06,141.00348404548387,141.11262815385123,139.8128306796449,140.07080078125,15103400
2017-04-07,140.1005658111678,140.44784664827628,139.14804917563535,139.683837890625,11818300
2017-04-10,139.9021363495769,140.328780987566,139.53502211316948,139.9418182373047,9039400
2017-04-11,139.70368876934867,139.93189367589676,137.729178101447,138.83053588867188,16638100
2017-04-12,138.63210389700978,139.30680196782646,138.35428526314644,138.49319458007812,11612500
2017-04-13,138.53287716160304,139.4854090110337,138.2451418393678,138.30467224121094,10965600
2017-04-17,138.67179958064807,140.44787081666198,138.66188289273066,140.31887817382812,11519700
2017-04-18,140.17002582405777,140.805041951058,139.5151611849698,139.86244201660156,14807500
2017-04-19,140.2493967608824,141.9262250075123,140.1700178570218,141.1622314453125,15563900
2017-04-20,141.8369255274482,143.12680618483913,141.57895545196098,142.68031311035156,15968200
2017-04-21,142.77955227383308,143.04745422497373,141.1622541598632,142.56126403808594,12382000
2017-04-24,143.83130252056097,144.5357657589211,143.216119740327,144.3373260498047,14407200
2017-04-25,144.65480365247203,146.0042146567756,144.65480365247203,145.349365234375,17767500
2017-04-26,145.94469524061145,146.44080204214183,144.9524816375507,145.4188232421875,12395000
2017-04-27,145.52797839781113,146.59957098730771,145.00210635944416,146.54995727539062,11275100
2017-04-28,148.33593318386997,150.35012558045273,147.90928860310584,149.08009338378906,30652200
2017-05-01,150.55849319897402,151.3820322823545,150.2409775880419,151.27288818359375,25218300
2017-05-02,152.14603026173106,152.24525767802965,150.47911867575667,151.59039306640625,21870400
2017-05-03,152.4040296719327,152.4040296719327,150.16161703070503,150.6180419921875,29782500
2017-05-04,149.00071716497357,150.34021160496565,147.56201044719066,149.67543029785156,36225500
2017-05-05,150.27074513607988,150.44935145501913,148.62366694353923,149.07017517089844,17148500
2017-05-08,149.53652337474267,149.9036375743651,148.57407493899555,149.8837890625,15827500
2017-05-09,150.31046465701084,151.4018906850914,149.04043228325662,149.30831909179688,17453900
2017-05-10,149.06028160345247,149.34803209671523,147.7009534814329,149.11981201171875,12080700
2017-05-11,149.13963655325483,149.47698557252204,148.24665029284657,148.87173461914062,11841900
2017-05-12,149.22893194833978,149.28847748693477,148.46493831279952,149.15948486328125,9598200
2017-05-15,149.0007203356844,150.30051778023696,148.60384093611884,149.02056884765625,15064700
2017-05-16,148.9411865827128,149.04041400035698,147.86959406006446,148.61375427246094,14550800
2017-05-17,146.84763523015647,147.51241662690074,143.29550818279154,143.72216796875,28300100
2017-05-18,143.59315865201236,146.99644415722446,143.38478712680535,146.51026916503906,23031600
2017-05-19,147.29409768660975,148.22678084104874,146.80792273927932,146.90713500976562,16187900
2017-05-22,146.92701182198851,147.43303537688098,146.54004907060485,147.0857696533203,12586700
2017-05-23,147.36357685874273,147.65131215823249,146.10346127274804,146.91708374023438,12817800
2017-05-24,147.35364889245895,149.0602576416662,147.26435329441398,148.87173461914062,17862400
2017-05-25,149.12971612441623,151.40187874420144,148.78243528742834,150.77679443359375,19891400
2017-05-26,151.04466209855275,151.06451060843378,149.97306966463162,150.94544982910156,14996200
2017-05-30,150.78670075665897,151.70945212984122,150.45926845456844,151.19351196289062,13226000
2017-05-31,151.51105142319048,152.15599950779037,149.9135865237706,150.2807159423828,18023900
2017-06-01,150.56840109982508,151.10418973704193,149.129694529173,150.35011291503906,14530600
2017-06-02,150.66763476011636,152.4337736812418,150.12191427550403,152.41392517089844,16854400
2017-06-05,152.4436782810765,153.50535397060784,152.21547342014009,152.4337615966797,12520400
2017-06-06,152.21549720015935,153.3168549393149,151.29273064790434,151.6201629638672,13457100
2017-06-07,152.07659076565898,152.5528490796893,151.15382419599771,151.92774963378906,12066700
2017-06-08,152.88028688422233,153.52521972551656,151.9079217090469,153.50538635253906,17799400
2017-06-09,153.5648922798733,154.37849950169897,145.46842624134283,148.43515014648438,35577700
2017-06-12,147.01629302465466,148.0382718612845,143.43440118346368,147.28419494628906,33170200
2017-06-13,148.98085716032062,150.00283589659364,147.7405902337779,149.50672912597656,20483400
2017-06-14,150.082223669288,151.21334656756588,147.88944009191414,149.08009338378906,20808800
2017-06-15,146.5201710220902,148.87171225726075,145.23029039749053,148.6335906982422,18994200
2017-06-16,148.4252289651916,149.65557928103254,147.4429471896208,149.46705627441406,22882400
2017-06-19,150.52874637860216,152.3742644574967,150.52874637860216,151.67970275878906,19026500
2017-06-20,151.68964419016012,152.64216091959128,151.02486278899994,151.06454467773438,14743900
2017-06-21,151.17367467723804,152.88028339305185,150.69741635700458,152.71160888671875,15039800
2017-06-22,151.81860369202988,153.34662117688373,151.71939141196086,152.20556640625,13005500
2017-06-23,151.5308711914043,153.99155682616848,151.46140896809462,153.86257934570312,18027000
2017-06-26,155.0333806509132,155.28143405995465,152.00712603261167,152.3940887451172,18049700
2017-06-27,151.6499291144433,152.11627073647367,149.2190087242717,149.40753173828125,19360800
2017-06-28,149.74485617161778,152.27500356663168,148.69311230811599,152.0467987060547,16719100
2017-06-29,151.09428770788358,151.31257591384278,147.76044936411716,149.8639373779297,23973500
2017-06-30,150.71724758424244,150.73709609646355,148.8915780993513,149.80441284179688,17666000
2017-07-03,150.53863719073166,150.9652817391979,146.64916199039357,147.2742462158203,13862700
2017-07-05,147.83982523743282,149.67542643898943,146.9766042570139,149.1693878173828,14334300
2017-07-06,147.8696265684909,148.87175709110622,146.84764752998748,147.66127014160156,14951800
2017-07-07,148.08788347984216,150.8065542617906,148.02835308475937,150.26083374023438,13615900
2017-07-10,150.5088900387809,152.78105262131658,150.3302837101218,152.30479431152344,13378700
2017-07-11,152.17580485127408,154.20984589111666,151.7193950440772,154.06101989746094,13667700
2017-07-12,155.2715117157145,157.9207202109397,154.98376129332433,157.66273498535156,22739400
2017-07-13,157.5039878220156,158.53588327499324,157.18647221188243,158.01992797851562,13929200
2017-07-14,158.88315354649345,159.07167653501298,158.08937971376847,158.72439575195312,16371200
2017-07-17,159.00222237825233,159.52809435183087,157.57343243495308,158.48626708984375,12858800
2017-07-18,158.4168531874261,162.45515533395286,158.17871643368275,161.59193420410156,23722900
2017-07-19,162.31621797266106,164.4097892585536,161.89949008058483,162.8619384765625,26273600
2017-07-20,163.5168185605214,163.71525826982227,161.54230787402614,163.24891662597656,18523100
2017-07-21,162.88178669319223,163.76485618337188,162.47497548738482,163.14967346191406,14744000
2017-07-24,163.3580322533759,164.8761177177987,163.03059997713103,164.7074432373047,17367000
2017-07-25,163.72514011465373,164.25101204538322,162.5841006740088,163.9930419921875,15383200
2017-07-26,164.7173749911776,164.7173749911776,162.82225851344313,164.32049560546875,35236900
2017-07-27,173.3397089099924,174.1235661143731,166.19577418210062,169.11288452148438,68910700
2017-07-28,167.7535819294774,172.0796192406492,167.73373341576212,171.1072540283203,24557600
2017-07-31,170.66073144098505,171.37512641170363,167.23759770461191,167.93214416503906,25478900
2017-08-01,168.4977174103853,169.14265018134674,167.73370871464778,168.5373992919922,14385000
2017-08-02,168.97397934848246,169.2220327488355,165.6103758452944,167.9817657470703,17433800
2017-08-03,167.98174569053498,168.37862502772236,166.93991850544776,167.2772674560547,10793800
2017-08-04,167.65433782808302,168.73584704832263,167.3765192236174,168.2992706298828,10777700
2017-08-07,168.62669207685033,170.7202633012857,168.33895680504588,170.64088439941406,12787800
2017-08-08,170.5416917488346,171.70257993481653,169.29149282548545,169.89674377441406,14393500
2017-08-09,168.6564840142652,170.11503939496933,168.23975606834685,169.84713745117188,10815000
2017-08-10,168.73584953854018,169.2617215576094,165.5508522260626,166.0965576171875,20832700
2017-08-11,166.6422781337094,167.50551429737172,165.55085221157645,166.77127075195312,13791200
2017-08-14,168.76562178551902,169.74791878253347,167.97184781075796,169.4204864501953,12954200
2017-08-15,170.15472346172416,170.1646401477836,168.68623636607816,169.6685333251953,8729200
2017-08-16,169.91656696095188,170.04555956460536,167.9222232166486,168.67630004882812,15779900
2017-08-17,168.0214539550905,168.537409286443,165.55085168414874,165.61038208007812,17216000
2017-08-18,165.54092204012605,167.35667483979876,164.91583773464967,166.1064910888672,15093600
2017-08-21,165.8584194842552,166.69187522679465,164.5288569702074,166.4735870361328,11907500
2017-08-22,166.96971115019286,168.54732721385616,165.84850488533564,168.31912231445312,11391000
2017-08-23,167.5253245063303,168.04127976798736,166.8903084688972,167.39634704589844,9856500
2017-08-24,167.5650524418617,167.97184854747877,165.1142834217768,166.43392944335938,14030400
2017-08-25,166.5529809702761,167.06893629841107,164.88605419475488,165.0249786376953,12614500
2017-08-28,165.61035764770773,166.39419964510287,165.03487200532678,165.9377899169922,8553700
2017-08-29,163.9632847028486,167.11851643932118,163.7152313220576,166.74148559570312,11121000
2017-08-30,166.860580326845,168.85492446382642,166.32479157690278,168.59695434570312,11138300
2017-08-31,169.07319875817996,170.80957263391232,168.7358497530611,170.6309814453125,17226500
2017-09-01,171.05761864149633,171.5735739528636,169.97610945072762,170.6805877685547,11677600
2017-09-05,169.9364064755998,171.04768072524766,168.22979808365426,169.39068603515625,13210900
2017-09-06,169.5792409202277,171.13700849966503,168.24967824427912,170.7500457763672,13906300
2017-09-07,170.60121258588958,171.96054040321113,168.94421765397794,171.861328125,18049500
2017-09-08,171.74224823970172,172.13914276334026,169.47008575928587,169.61891174316406,10998500
2017-09-11,171.05762358941567,172.5360273470681,170.85918389160463,172.1589813232422,12372000
2017-09-12,172.40702473644265,172.64516144399872,170.41268090808495,171.61326599121094,11186300
2017-09-13,171.66286340382342,171.82162120779356,170.72026354521407,171.7025604248047,9119300
2017-09-14,170.9187107942465,170.93855930561554,169.17242029322472,169.62884521484375,15615700
2017-09-15,169.549466199047,170.9980895885034,168.93428346683214,170.3035430908203,15660500
2017-09-18,170.65082740560135,170.7302063126739,168.02145220625115,168.6862335205078,12954000
2017-09-19,169.29149691913912,171.21639392260508,169.03352680712044,171.1767120361328,13168600
2017-09-20,171.15682374170822,171.70254417873497,169.37083646597347,170.8293914794922,12264100
2017-09-21,170.35318049168873,170.92866628122903,168.68625352543748,169.77769470214844,11161400
2017-09-22,168.88469523921373,170.3928491151046,167.90239825664426,169.2121124267578,12097100
2017-09-25,167.92221688154547,167.98174726868524,160.30200938815233,161.601806640625,41251600
2017-09-26,163.21913175718967,164.21134532410267,161.5125232109011,162.931396484375,23363300
2017-09-27,164.60823533755251,167.02923901974563,164.28081816248243,166.37437438964844,19242500
2017-09-28,166.63234145021616,167.7535475758319,165.8584161135895,167.4161834716797,12178700
2017-09-29,167.5154414863997,170.32340808590754,167.49559297312265,169.53955078125,15340400
2017-10-02,170.05550008742557,170.5317584092481,167.43605660743287,168.15045166015625,13392300
2017-10-03,167.98176259901135,169.40062075525117,167.8825351847385,168.63662719726562,8190300
2017-10-04,168.50762147829343,169.34107718943,166.97960420123314,167.1085968017578,12127900
2017-10-05,167.862689257658,169.9761090663824,167.2872186939465,169.9066619873047,14580600
2017-10-06,168.92433764955462,171.02782529120623,168.42823093105372,170.888916015625,13124500
2017-10-09,171.35530006020613,173.51833376236584,170.66075350996377,171.1568603515625,14570400
2017-10-10,171.65296164929737,171.851401351532,169.47009464475872,170.25393676757812,11341100
2017-10-11,170.61110138446594,171.43464037289633,170.06538095358124,171.39495849609375,11283700
2017-10-12,171.2659818067359,172.4963320615389,170.94846620292458,171.20645141601562,10351000
2017-10-13,172.09945659097363,173.29010995699778,171.8514031755528,172.38720703125,13658300
2017-10-16,173.13138286995618,173.63740643259538,172.70472308421773,173.16114807128906,11498800
2017-10-17,173.34964601923272,174.75858752501478,173.00236520063385,174.73873901367188,15990100
2017-10-18,175.27451508171865,175.3638258063429,174.38152895529262,174.6593475341797,12752400
2017-10-19,173.56795043792084,174.6593916592686,171.28587084052603,173.20083618164062,14048400
2017-10-20,174.1335090881709,174.5105551492238,173.27028799047613,173.6175537109375,12602200
2017-10-23,173.83582416593296,173.97473346790886,169.91658337306094,169.93643188476562,13852700
2017-10-24,170.95840232065564,171.89108550529875,170.16462843117358,170.46229553222656,12267900
2017-10-25,170.5615024603987,170.9087832574061,167.5749451380486,169.27163696289062,15868200
2017-10-26,170.0455670403414,170.94846988567946,169.06327015236286,169.30140686035156,11833100
2017-10-27,172.79399687464306,176.82239691291616,172.54594346819655,176.49496459960938,30285300
2017-10-30,177.86421622155078,179.2830896359603,176.2270697295188,178.46946716308594,24353200
2017-10-31,179.1639975549854,179.3922024189996,177.54668471789574,178.657958984375,20174200
2017-11-01,180.94008007226162,181.47586877649684,179.16402431750365,181.2377471923828,40918300
2017-11-02,179.22351657684126,180.52331374681071,175.9591259161019,177.52682495117188,35529900
2017-11-03,177.8939390752158,178.4595079970974,175.33404175083461,177.52682495117188,17822100
2017-11-06,177.16965587879733,179.0449389548137,176.92160248175824,178.76712036132812,13312700
2017-11-07,179.0945499753489,179.34260336866657,177.5665477341023,178.84649658203125,12928200
2017-11-08,178.3900701150357,178.94572242878405,177.71537215830753,178.161865234375,10494100
2017-11-09,176.92160323960988,178.00311242173828,175.7111014456757,177.90390014648438,12610300
2017-11-10,176.96132097435188,177.70548125575795,176.57435823361993,177.07046508789062,11070200
2017-11-13,176.11792093818718,177.6459232807927,175.91948123836522,177.37803649902344,9523400
2017-11-14,176.74301733340062,177.57647314229405,175.8004022805086,176.68348693847656,9585900
2017-11-15,175.284473612538,177.1796053886655,175.02648836428187,176.56442260742188,10253700
2017-11-16,177.36812641124052,178.42980240237355,177.1101562838531,178.19166564941406,15607600
2017-11-17,177.90389879290586,178.57859676341948,177.50700427497628,177.60623168945312,13018000
2017-11-20,177.47724407604082,178.10234349689537,176.71325049497216,177.3482666015625,10052400
2017-11-21,177.75506415197404,180.4737349239952,177.5963214789924,180.4439697265625,14504000
2017-11-22,179.8883296448857,180.31497422791827,179.03502533884242,179.461669921875,10376300
2017-11-24,178.99532310826507,181.72391044308606,178.88617900927312,181.35679626464844,9426300
2017-11-27,181.13851678393632,182.2994049072759,180.57296289101734,181.6048583984375,12344500
2017-11-28,182.08109711297956,182.8153405661879,180.67215573518254,180.9995880126953,14379700
2017-11-29,180.4737311688918,180.55311007372015,172.64516646743317,173.76637268066406,41933500
2017-11-30,175.4729826128477,176.8918408049531,173.83582107582822,175.80039978027344,25307600
2017-12-01,174.65935413940798,176.0980607930484,170.9980836306414,173.73660278320312,20182500
2017-12-04,174.91734995055373,175.19518372079756,169.46017449325723,170.1348876953125,24459400
2017-12-05,169.12282521232038,174.01444671505863,167.69403503594265,171.4842987060547,20184900
2017-12-06,171.1568395707224,175.39359572276817,170.56150537709414,174.68911743164062,20255800
2017-12-07,174.43116212929084,178.98541913434752,174.43116212929084,178.73736572265625,20404500
2017-12-08,180.11653084794384,180.8606910365868,177.34826160778223,177.60623168945312,19883800
2017-12-11,177.90390503049875,178.81673974377554,177.4077982206758,177.6459197998047,13168600
2017-12-12,177.20933707762669,177.7848075841929,175.22491007850422,175.5821075439453,16854100
2017-12-13,175.9194685613184,177.76498640263088,175.8698548549435,176.91168212890625,14615700
2017-12-14,176.90174915039708,178.95563848910353,176.29649827251512,177.0009765625,13591000
2017-12-15,177.62608230850725,179.0846375067566,176.9712177011345,178.77703857421875,28463100
2017-12-18,179.60058673270638,179.88833716862774,178.35040298829895,179.41207885742188,17265400
2017-12-19,178.54885061623332,178.67784324081975,176.83232517049,178.11227416992188,14920600
2017-12-20,178.40994659717305,178.40994659717305,175.97902601080972,176.50489807128906,11860500
2017-12-21,176.5544884488452,177.28871681511848,175.67141896023537,176.06829833984375,11600700
2017-12-22,175.76072106969193,176.14768377815716,174.85780303661357,175.82025146484375,8509500
2017-12-26,175.25470608718072,175.6218203017753,173.30996062450808,174.61968994140625,8897300
2017-12-27,175.17532351669627,177.05060671581896,174.88757307885342,176.2369842529297,9496100
2017-12-28,176.56443316994796,177.54673022942185,176.29653121918594,176.53466796875,12220800
2017-12-29,176.61401603513102,177.45740362836847,175.0860137939453,175.0860137939453,10261500
2018-01-02,176.29650102694924,180.16614305976034,176.16752355717324,180.00738525390625,18151900
2018-01-03,180.46383188992525,183.34124555259893,179.91811132907898,183.2321014404297,16886600
2018-01-04,183.46029878370092,184.7601113895471,182.6665399715534,182.89474487304688,13880900
2018-01-05,184.1449122997492,185.44470965036146,183.49004771181433,185.39511108398438,13574500
2018-01-08,185.7423723994865,187.42913239620646,184.87915146104248,186.81396484375,17994700
2018-01-09,187.23071996426356,187.32994738909062,185.64318714688596,186.4071807861328,12393100
2018-01-10,185.48440946197522,186.42700933698384,184.18461209180802,186.3773956298828,10529900
2018-01-11,186.93303715692767,186.93303715692767,185.9209901804445,186.30795288085938,9588600
2018-01-12,176.67356069082177,180.06692956843747,176.01869604602433,177.97335815429688,77551300
2018-01-16,180.0867613431806,180.33481473346046,176.65369576011722,177.0009765625,36183800
2018-01-17,177.8641955552792,177.92374108587103,174.43114515003586,176.21713256835938,27992400
2018-01-18,176.7430142522012,179.5708139416445,175.70118693925764,178.40000915527344,23304900
2018-01-19,179.44182620764286,180.94997989978438,178.76711312223028,179.87838745117188,26826500
2018-01-22,179.3922422086359,183.94649951441653,179.00527946644502,183.92665100097656,21059500
2018-01-23,184.60133314147055,188.0740805502164,184.1052263687926,187.87564086914062,25678800
2018-01-24,188.4114322834176,189.17544096373268,185.06767743135438,185.09744262695312,24334500
2018-01-25,186.4865595398367,187.15134089367203,185.14708014568345,186.0202178955078,17377700
2018-01-26,186.28810350518478,188.5205841064453,185.35542029826166,188.5205841064453,17759200
2018-01-29,187.28032692600374,187.36962252114174,184.1846251747221,184.53189086914062,20453200
2018-01-30,186.15911645866893,186.7147536692003,180.42412288714675,185.6630096435547,20858600
2018-01-31,186.9032710839018,188.3519096022416,183.77780429827604,185.43479919433594,43275100
2018-02-01,186.75442714992306,193.79914909245574,186.42699487642741,191.5865020751953,54211300
2018-02-02,190.5446913486245,192.69780816421374,188.50073377361915,188.79840087890625,26677500
2018-02-05,185.47448214295298,189.12583608662013,179.2037000244502,179.8486328125,33128200
2018-02-06,177.17958611274838,184.32352085530795,176.35604702517875,183.86709594726562,37758500
2018-02-07,182.71612776405163,183.63889428170924,178.5488336861869,178.77703857421875,27601900
2018-02-08,179.60058593395013,180.42412507381815,170.14479113447067,170.2440185546875,38478300
2018-02-09,173.39924458762272,175.52258110196723,165.87826362635204,174.73873901367188,39887600
2018-02-12,175.68134026451693,176.16753038630065,170.50198398257606,175.03640747070312,32092100
2018-02-13,174.25255726945196,174.59983810473963,171.75218975930463,171.80178833007812,21809400
2018-02-14,172.09944847328913,178.40992766953786,171.86132689530353,178.1221923828125,28929700
2018-02-15,179.0945655700988,179.0945655700988,175.4630599421185,178.55877685546875,20922100
2018-02-16,177.59633231075645,178.47940188173544,174.92727508499433,175.97901916503906,20645300
2018-02-20,174.40137429487885,176.5643924968906,173.74650973941633,174.63949584960938,21204900
2018-02-21,175.33406598655316,179.8585574271064,175.0264670633768,176.52471923828125,23200800
2018-02-22,177.30856306104116,178.80681525087556,176.0286142091738,177.5963134765625,18464200
2018-02-23,178.49923497552544,181.96206616910862,178.11227224592568,181.8628387451172,19007300
2018-02-26,183.1427855982708,184.21437808840216,181.79337451513996,183.49005126953125,17599700
2018-02-27,183.0137976321534,183.26185103505412,180.04708862304688,180.04708862304688,15849800
2018-02-28,180.88055524348087,181.4560409894335,176.7529427387042,176.93154907226562,18783000
2018-03-01,177.6161408034602,178.71749844130207,173.05196759166571,174.57005310058594,23201600
2018-03-02,171.9406780642771,175.7309410626267,171.64302611360225,175.2447509765625,20025900
2018-03-05,174.82805154230758,179.73950634701885,174.5204677165954,178.99534606933594,16189300
2018-03-06,180.36460007336458,180.95993433251797,177.71539138609242,178.3801727294922,15086800
2018-03-07,177.34826861054702,182.38871563744618,176.68348729924048,182.27957153320312,19097300
2018-03-08,182.1307288731177,182.96418467670003,180.0371575384189,180.92022705078125,17225900
2018-03-09,182.47802080568488,184.06555360346206,181.78347426040867,183.78773498535156,18526300
2018-03-12,183.787722221815,184.65095835526108,182.78559192893863,183.32138061523438,15301200
2018-03-13,184.16477404346094,184.54182007087564,179.6998126703109,180.4638214111328,18067500
2018-03-14,181.17819771015652,182.8153439883901,180.43403755823635,182.7558135986328,16821700
2018-03-15,181.8132533391553,182.56733034016742,180.77142587171807,182.4284210205078,15614300
2018-03-16,183.05349986979246,183.8869556936874,181.9819073219367,183.64881896972656,24403400
2018-03-19,175.63174825103079,175.79050608265,168.73586580235943,171.21640014648438,88140100
2018-03-20,166.16603070626175,168.87476988691293,160.6890068049623,166.84072875976562,129851800
2018-03-21,163.5168034151269,172.04983124454625,162.02848302325373,168.07106018066406,106598800
2018-03-22,164.8364600066346,168.94422394910038,162.44522145496325,163.60610961914062,73743000
2018-03-23,164.15183695313513,165.30280847874943,157.7818268158264,158.14894104003906,53609700
2018-03-26,159.5677974654145,159.84561606055564,147.85967402740113,158.81370544433594,126116600
2018-03-27,155.0928939537666,161.58197889751168,149.57618916708182,151.0347442626953,79117000
2018-03-28,150.46921062559457,154.66628573055533,149.6258380137085,151.83847045898438,60029200
2018-03-29,153.94193631660485,160.16311992206482,152.93980601581222,158.54580688476562,59434300
2018-04-02,156.58122403800732,157.9604003209448,152.91003678716447,154.18006896972656,36796000
2018-04-03,155.331046633961,156.16450244865112,149.6357349536215,154.89447021484375,42543900
2018-04-04,150.84623099352257,154.34874375774146,149.33806209635878,153.892333984375,49885600
2018-04-05,160.30201950222593,160.31195132736013,155.430247314225,158.09930419921875,41449600
2018-04-06,156.50185468902743,160.1631254779056,155.58901994832812,155.97598266601562,41644800
2018-04-09,156.5911579034152,159.28004828590807,154.8250037634297,156.70028686523438,34915200
2018-04-10,156.70030377210585,164.68762715637567,155.78746897675782,163.75494384765625,57889300
2018-04-11,164.07244688882912,167.3368230784228,161.9788755184887,165.0249786376953,56144600
2018-04-12,165.67984040738878,166.14618206045978,161.83006152286035,162.59405517578125,38263000
2018-04-13,163.29849828261425,164.40977254853829,162.49480777672446,163.2389678955078,19990600
2018-04-16,164.42963932434435,164.48916971806412,162.1177798150317,163.54656982421875,18119400
2018-04-17,164.5387895663767,167.68410498509857,164.37011506455008,167.3467559814453,22743000
2018-04-18,165.58060678916027,166.8109419366492,164.4792491116637,165.0646514892578,20969600
2018-04-19,164.90587722437297,167.0192967799809,163.91366374511685,166.7910919189453,22235000
2018-04-20,166.48352774308782,167.1185438966459,164.5189488836393,164.98529052734375,19119400
2018-04-23,165.96756403912903,167.13836875594143,163.80453063657546,164.54869079589844,23088100
2018-04-24,164.14187487847073,164.8066712581551,156.95825870373514,158.4465789794922,35079900
2018-04-25,158.89307203422396,159.8059066532244,154.9738316693924,158.4465789794922,41083600
2018-04-26,171.87127170512025,174.8975267537056,169.47011618099143,172.803955078125,77556900
2018-04-27,175.43330213263187,175.72105258444364,171.25609092787653,172.23837280273438,29804700
2018-04-30,172.43679173396586,174.3517718197897,170.37300080682832,170.66073608398438,20750500
2018-05-01,170.66075330814073,172.66502918502357,168.90453085176392,172.5062713623047,26025900
2018-05-02,172.89324513706825,176.69342559877245,172.8436314218019,174.69908142089844,30424500
2018-05-03,173.76638156203168,174.74866338703478,170.7798087826326,172.66502380371094,24026100
2018-05-04,171.73236506289277,175.60199279855607,171.71251654784345,175.23487854003906,17677800
2018-05-07,175.96909143404696,178.10234465949247,175.7904851097891,176.58425903320312,18697200
2018-05-08,176.86204377034687,177.64588571789415,175.7309210665591,177.52682495117188,15577200
2018-05-09,178.27102295714008,181.585012882542,177.38795342276703,181.2377471923828,23282800
2018-05-10,181.72393003145177,184.6807377083252,181.07899719333025,184.0854034423828,21071400
2018-05-11,183.41070567867146,186.85368837588928,182.74590918671933,185.53404235839844,21207800
2018-05-14,186.2483974839478,186.39722344875196,184.7501454516975,185.1867218017578,15646700
2018-05-15,183.44044857486458,183.84724462976104,181.77352191439496,182.8848114013672,15429400
2018-05-16,182.26963585426475,182.8848185833475,181.23774036867192,181.77352905273438,16975500
2018-05-17,181.25758528011698,182.6268449843108,180.8011754720384,182.3291778564453,14840700
2018-05-18,182.06130472447273,182.75585131494014,181.18815178789646,181.25759887695312,13130500
2018-05-21,182.3391022925219,183.85718792913116,181.7040861774695,183.05349731445312,13532900
2018-05-22,183.4900570596467,183.97624718272667,182.00173663305148,182.36886596679688,12731400
2018-05-23,181.07901338413828,185.45467975211199,180.76149770991785,185.4447479248047,16628100
2018-05-24,184.432685973266,185.345520753403,183.58929827880206,184.48228454589844,12354700
2018-05-25,184.57158939816497,184.87917321057796,183.0138066837136,183.4801483154297,10965100
2018-05-29,182.90468435030164,185.35545359513483,182.2795999648449,184.29379272460938,16398900
2018-05-30,185.08754909372513,186.53618785246871,183.80759999824377,186.20875549316406,13736900
2018-05-31,186.40716899560496,191.21941113572862,186.02020628722232,190.28672790527344,30782600
2018-06-01,191.56668800517716,193.0351599015415,190.57447440007027,192.47952270507812,17307200
2018-06-04,190.34626483930563,192.46960146542042,189.9791506300175,191.77505493164062,18939800
2018-06-05,192.78710949375522,193.48165600011896,191.12018273850393,191.4376983642578,15544300
2018-06-06,189.54255964412974,191.03088001937442,187.6375113806139,189.8501434326172,22558900
2018-06-07,189.26474847403995,189.48303668216764,185.315742496056,186.71475219726562,21503200
2018-06-08,186.06984167088737,188.0046554381778,184.9784004996055,187.62762451171875,12677100
2018-06-11,187.33984512832245,191.10034310523886,187.32992844283444,190.048583984375,12928900
2018-06-12,190.67371158411535,191.77506943525242,190.06846060033766,190.90191650390625,11562700
2018-06-13,191.23925175774292,192.98554221635234,190.41571266567786,190.9118194580078,15853800
2018-06-14,191.59646834435267,195.74391427429026,191.40794532208653,195.27757263183594,19120900
2018-06-15,194.26546668184844,195.53551383949187,193.12442725877983,194.32501220703125,21860900
2018-06-18,193.28320498693134,198.02598460408896,192.61842371690886,196.765869140625,16826000
2018-06-19,194.71201866246838,196.41862740895397,192.2810830263839,195.95228576660156,19994000
2018-06-20,197.54975609134394,201.96510408121497,197.26200563651003,200.4271697998047,28230900
2018-06-21,201.18124460413006,201.8063440806771,198.532035838734,199.93106079101562,19045700
2018-06-22,199.59370371285382,200.66529628370577,197.75810238371335,200.169189453125,17420200
2018-06-25,198.4427254162537,198.4427254162537,191.6063741312629,194.82115173339844,25275100
2018-06-26,196.06142269730353,197.54974316775883,194.7020797057688,197.4505157470703,17897600
2018-06-27,197.62911458730136,199.186897340542,194.27544262589436,194.31512451171875,18734400
2018-06-28,193.6602296495636,195.8034145094117,191.75518148746872,194.70205688476562,18172400
2018-06-29,195.78363295698517,196.0614516079048,192.4497940059688,192.80699157714844,15811600
2018-07-02,191.86433507148328,195.912568293661,190.72329551076174,195.82327270507812,13961600
2018-07-03,193.03516037372157,193.87853285613852,191.02096796162596,191.2293243408203,13489500
2018-07-05,193.2236961659209,197.1032401216797,192.5192177963706,196.90480041503906,19684200
2018-07-06,196.90480280366523,202.05439425234724,196.16064253975117,201.6475830078125,19740100
2018-07-09,203.3343361230769,204.19757229416905,200.54621818766037,203.1458282470703,18149400
2018-07-10,202.90768615981906,203.3144973793578,200.68512219109925,201.9551544189453,13190100
2018-07-11,200.64545115601763,202.90769713042994,200.17910951620655,200.96295166015625,12927400
2018-07-12,201.8460219507513,205.46761097204154,201.60790035678934,205.30885314941406,15454700
2018-07-13,206.19192453031167,206.8070921734191,204.8425133060912,205.70574951171875,11486800
2018-07-16,205.88432647756704,207.09482830709123,205.22946185373033,205.61642456054688,11078200
2018-07-17,203.3045560740338,208.82127628523605,203.24502568175086,208.3549346923828,15349900
2018-07-18,208.18626806435344,209.34715617765175,206.81700843021673,207.72984313964844,15334900
2018-07-19,207.14447030769182,208.3549723025448,206.1423247234395,206.46975708007812,11350400
2018-07-20,207.22383434395763,209.8531945554455,206.87655349792144,208.3053436279297,16163900
2018-07-23,208.94034418058064,209.97223967521748,207.17420516285148,209.2677764892578,16732000
2018-07-24,213.43509636166272,214.5166056952662,210.94464534630444,212.99851989746094,28468700
2018-07-25,214.04031852666162,216.91773190426417,212.60161183786033,215.80645751953125,58954200
2018-07-26,173.52823024051227,178.72743478538428,172.39710737899168,174.88755798339844,169803700
2018-07-27,178.46943235201567,178.52896273793556,171.65293064461994,173.52821350097656,60073700
2018-07-30,173.93503338501145,173.93503338501145,165.2630817548119,169.72804260253906,65280800
2018-07-31,169.34110483354291,172.8833148940868,168.6763234930443,171.23623657226562,40356500
2018-08-01,172.57572260076367,173.71677744654153,169.5693162830717,170.3134765625,34042100
2018-08-02,169.3509916475573,175.4134166928628,168.94419562197868,174.99668884277344,32400000
2018-08-03,176.3064411018564,177.4574125381873,174.77842364397407,176.39573669433594,24763400
2018-08-06,177.57649362247983,184.3433834322344,176.99109115157344,184.24417114257812,49716200
2018-08-07,185.04784125612684,186.83382881099132,182.2894885869389,182.3787841796875,33398600
2018-08-08,183.3114383613454,185.39509270182202,182.3291415768391,183.7380828857422,22205200
2018-08-09,184.40290213821012,185.1172971356833,181.0591320378216,181.6643829345703,19732100
2018-08-10,180.62256916869316,180.68211470625917,178.0229742075353,178.85643005371094,21500400
2018-08-13,178.69770026274563,181.1881512946346,177.50703166520847,178.64808654785156,17423300
2018-08-14,179.3029344407843,180.572966695124,177.22919641645174,179.69981384277344,19102000
2018-08-15,177.9435875848628,179.46167321744863,173.4190958846087,178.13211059570312,33020200
2018-08-16,179.01516921222068,179.09454811405467,172.6550766400605,173.33970642089844,31351800
2018-08-17,173.1412780789589,174.84788673024775,170.70042589258762,172.4467315673828,24893200
2018-08-20,172.6848627620957,173.21074994297132,169.57924422887356,171.1568603515625,21518000
2018-08-21,171.46443243312672,172.8138435554987,170.05549091623485,171.27590942382812,19578500
2018-08-22,170.86910572781093,172.88329806579355,170.78972682533163,172.2879638671875,16894100
2018-08-23,171.74226447913534,174.18311682538354,171.48429436936092,171.55374145507812,18053600
2018-08-24,172.34751537647205,173.45880500736908,171.57358990744308,173.2901153564453,14631600
2018-08-27,174.61969174325242,177.27881714987828,174.42123689441704,176.0782470703125,17921900
2018-08-28,176.7132424542553,176.85215174812703,174.46091341649864,174.88755798339844,15910700
2018-08-29,174.92725951150646,175.41343448259514,173.38932541403022,174.53036499023438,18494100
2018-08-30,174.5303786993064,178.390089274481,174.33193899307219,176.2568359375,24216500
2018-08-31,175.7706512346192,176.236992885708,173.6175493183057,174.36170959472656,18065200
2018-09-04,172.1490619892304,172.53602469300188,167.48566103250337,169.82728576660156,29809000
2018-09-05,168.17029155589415,169.79752128372485,165.3722418860996,165.87826538085938,31226700
2018-09-06,165.67981255394275,165.67981255394275,158.75416628878796,161.26446533203125,41514800
2018-09-07,159.06175376752574,163.34812362432544,158.91292778915525,161.77049255371094,24300600
2018-09-10,162.2368300747623,163.72515038109054,160.89735088305312,162.901611328125,20197700
2018-09-11,162.66350667856327,165.88820101083448,162.44521846641123,164.64793395996094,20457100
2018-09-12,161.97886867287718,163.20921897566964,160.5401619944368,160.7386016845703,24078100
2018-09-13,160.73860803645314,162.04833729505097,159.607485104018,160.1035919189453,25453800
2018-09-14,160.46078759906553,161.57206200702052,159.09152796070794,161.05612182617188,21770400
2018-09-17,160.6592595373309,160.79816886620284,158.52600588537274,159.32969665527344,21005300
2018-09-18,158.14894649228484,160.5004881976009,157.6329911112942,159.05186462402344,22465200
2018-09-19,158.8335669834127,162.16740553853603,158.23823272214887,161.7903594970703,19629000
2018-09-20,163.219141232212,165.15395477201457,163.1893760346749,164.72731018066406,18936000
2018-09-21,165.34244976142483,165.94770057540052,161.54227040678748,161.6613311767578,45994800
2018-09-24,159.77615464504572,164.4097903358473,159.6273286611783,164.12205505371094,19222800
2018-09-25,160.72871416880466,164.3006746593967,159.8952430950173,163.6259765625,27622800
2018-09-26,163.02069498827245,167.9817629115919,162.93139939924737,165.65005493164062,25252200
2018-09-27,166.24536564927513,170.43250759614492,165.90801671174881,167.5253143310547,27266900
2018-09-28,167.0193361008903,167.47574593041278,161.2942587385497,163.17947387695312,34265600
2018-10-01,161.76058857142502,164.5884035023504,160.004366188851,161.17518615722656,26407700
2018-10-02,160.32189741174528,161.0164439995214,157.43455180401156,158.08941650390625,36031000
2018-10-03,158.75415077033261,162.38565560279812,158.28780924124672,161.16522216796875,23109500
2018-10-04,160.20282214580766,160.20282214580766,156.12482345003056,157.61314392089844,25739600
2018-10-05,157.97031615420892,159.6471442320721,154.98374386445582,156.10494995117188,25744000
2018-10-08,154.32889706743453,157.10709818236126,153.18785748057903,156.0255889892578,24046000
2018-10-09,156.46214535753793,159.3395583801949,156.1942434799878,156.67050170898438,18844400
2018-10-10,155.598953955172,156.46217499750117,150.1318469804765,150.20130920410156,30610000
2018-10-11,148.96101617360952,153.6045680419625,147.99856787662608,152.15594482421875,35338900
2018-10-12,155.5096319219713,155.66838973017065,150.12191938851547,152.5429229736328,25293500
2018-10-15,152.12620629121187,154.35868703608568,151.36219753043872,152.32464599609375,15433500
2018-10-16,154.18996898294452,158.218368435776,153.80300633072383,157.5436553955078,19180100
2018-10-17,158.31762025402853,159.240386895238,156.7201555439605,158.1787109375,17592000
2018-10-18,157.27578867887388,157.4246298183748,152.08651524917622,153.7137451171875,21675100
2018-10-19,154.6464138552001,156.1248175844445,152.3544028385707,152.8505096435547,19761300
2018-10-22,153.55498058916606,156.11489364906294,153.25732860311442,153.5748291015625,15424700
2018-10-23,150.04255072863256,153.56491224615945,149.67543651958738,153.1878662109375,19095000
2018-10-24,153.07870778485304,153.44582195956076,144.4663012972735,144.90286254882812,27744600
2018-10-25,146.57972880932172,151.02485718155754,145.8554170319628,149.774658203125,22105700
2018-10-26,144.68460641352917,147.83983865590815,142.68033053618106,144.23809814453125,31303300
2018-10-29,147.34370420564412,147.6711364762316,137.94744118416014,140.98361206054688,31336800
2018-10-30,138.85038138759987,145.4982098521499,138.65194168447485,145.08148193359375,50528300
2018-10-31,153.79310552811708,155.18219848979928,147.800142142031,150.60809326171875,60101300
2018-11-01,150.3402155113316,151.56063405371577,148.1871137216049,150.56842041015625,25640800
2018-11-02,150.61804339157626,152.9299031401732,147.80016010400823,149.17933654785156,24708700
2018-11-05,148.93124955704735,149.02054513674483,146.29195806394065,147.5222930908203,15971200
2018-11-06,148.14739211855178,149.7944701271911,146.8475948835329,148.77249145507812,16667100
2018-11-07,150.3898099340784,151.81858467998225,148.66335296530983,150.35011291503906,21877400
2018-11-08,149.318222464907,149.76471553403783,145.59742165552146,146.71861267089844,24145800
2018-11-09,145.60735461809398,146.60948496439167,142.94822927624475,143.831298828125,17326900
2018-11-12,143.35502419195558,143.91066141464097,139.39610141033296,140.44784545898438,18542100
2018-11-13,140.89432752169836,143.75190745988903,140.51728151874886,141.05308532714844,15141700
2018-11-14,142.58110579355625,144.4464723960708,140.44785239257982,143.09706115722656,22068400
2018-11-15,141.22176575713524,143.71221648246322,139.73344533339812,142.7299346923828,30320300
2018-11-16,139.97157511023966,140.666121578878,136.69726731239894,138.4435577392578,37250600
2018-11-19,136.5385234655381,136.6774327734655,130.18836204602934,130.5257110595703,44362700
2018-11-20,126.0409017075018,133.1153900428905,125.86230294350906,131.3988494873047,41939500
2018-11-21,133.353505366709,136.12178986346993,133.08561858829606,133.77024841308594,25469700
2018-11-23,132.6093483187103,133.4527359775338,130.23795829987594,130.7042999267578,11886100
2018-11-26,131.9643981740473,135.93325225446978,131.74610998842593,135.31808471679688,24263600
2018-11-27,134.69298214382596,135.5462863563767,132.6688732726465,133.94882202148438,20750300
2018-11-28,135.21888630074972,135.72490985410724,130.82338673144227,135.6951446533203,29847500
2018-11-29,134.86166988111822,138.8999864759306,134.60369979706752,137.6001739501953,24238700
2018-11-30,137.18347401795725,139.87238006736337,136.2904876573323,139.5151824951172,25732600
2018-12-03,141.88654085871002,142.56123882077898,139.66397700605577,139.9914093017578,24819200
2018-12-04,139.63421924516007,142.2735111219751,136.09202447573222,136.85601806640625,30307400
2018-12-06,132.77805647211213,138.61226325452887,132.62921531981735,138.54281616210938,28218100
2018-12-07,138.16574354618837,139.77312473044262,135.59591396050388,136.34999084472656,21195500
2018-12-10,138.51303317801737,141.9361672816189,137.92761561144712,140.74551391601562,26422200
2018-12-11,142.75971205389462,142.75971205389462,140.00135917806696,140.97372436523438,20300300
2018-12-12,141.96590609170795,146.04390408736768,141.40033714268614,143.37484741210938,23696900
2018-12-13,144.43654223082086,144.71436082995314,142.07506899821826,143.88088989257812,18148600
2018-12-14,142.2239136130523,144.87312247749196,141.40037439347307,142.9383087158203,21785800
2018-12-17,141.9659313000558,143.7916007881354,137.34221204308943,139.0984344482422,24334000
2018-12-18,139.98148441109294,144.79371087135365,138.74121751824583,142.54139709472656,24709100
2018-12-19,140.11050491989727,143.7816926259551,131.46831682760123,132.2025604248047,57404900
2018-12-20,129.68232372468893,134.5144145958929,128.98777718323655,132.36129760742188,40297900
2018-12-21,132.35138245742544,133.84961966709113,122.45901083511416,123.97709655761719,56901500
2018-12-24,122.14149287938721,128.72979816036587,122.06211397443818,123.0940170288086,22066000
2018-12-26,125.01893713851634,133.1947841922537,124.9097930163676,133.13523864746094,39723400
2018-12-27,131.4087738165464,133.9389215670963,128.6603378591269,133.4725799560547,31202500
2018-12-28,134.28619369164923,134.86167943373593,131.17064339137232,132.16285705566406,22627600
2018-12-31,133.403113145297,133.59163614837715,128.93815202384056,130.06927490234375,24625300
2019-01-02,127.98563883187403,136.43928787690126,127.55897910736016,134.62353515625,28146200
2019-01-03,133.6412450754704,136.10193043297755,130.09903544528873,130.71421813964844,22717900
2019-01-04,132.96654555439258,136.92548346138585,132.70857545623448,136.87586975097656,29002100
2019-01-07,136.4888771072287,137.78867427907375,134.85173100253348,136.97506713867188,20089300
2019-01-08,138.80076833438764,142.02546273037706,138.45348749728953,141.4202117919922,26263800
2019-01-09,141.83693190722673,143.5733057172067,140.17002031683543,143.10696411132812,22205900
2019-01-10,141.96591985678148,143.43439170578438,139.74335600263245,143.0771942138672,16125000
2019-01-11,142.0353652116674,144.2281638432297,141.45989466942495,142.68031311035156,12908000
2019-01-14,140.89431617189211,145.42873910742972,140.17000456034268,144.25791931152344,20520300
2019-01-15,144.87311157453394,149.50674756683452,144.85327820204645,147.79022216796875,24069000
2019-01-16,147.83984351932185,148.48477637801153,145.8554160895323,146.39120483398438,18025700
2019-01-17,145.8057996434548,147.83984074886803,145.3593065081152,147.14529418945312,15787900
2019-01-18,148.58399931211375,151.24312472042595,147.39334591824291,148.87173461914062,31029600
2019-01-22,148.03828810352215,150.35014795206536,145.23032138121383,146.42098999023438,22378700
2019-01-23,147.12544359412522,147.64139894809395,141.94608696153634,143.1764373779297,20098400
2019-01-24,143.51376723752094,145.299754655157,141.41027935673696,144.6945037841797,20955500
2019-01-25,146.33166107014597,148.6633691432037,145.3989778409229,147.84974670410156,22237200
2019-01-28,146.8972478734598,147.80016601437944,145.07157821752008,146.32176208496094,15508500
2019-01-29,146.93691851028444,146.9468503365544,142.31319918224366,143.06729125976562,17632100
2019-01-30,145.0814848865154,149.7746513338501,144.5655295359058,149.248779296875,44613200
2019-01-31,164.31056547839583,170.3432103755557,163.71523130855581,165.39207458496094,77233600
2019-02-01,164.54868571373441,167.78331146260734,164.37009454820185,164.41970825195312,30806500
2019-02-04,164.40978301718607,167.981757870779,162.34597700621873,167.93214416503906,20036000
2019-02-05,167.8329267133362,170.6408930571049,167.37651692938948,169.82728576660156,22557000
2019-02-06,169.8669846200733,171.1271002746476,167.95201942137123,169.1625213623047,13281200
2019-02-07,166.8903548996406,167.92226571004377,163.96332727432804,165.08453369140625,17517600
2019-02-08,163.18936817435636,166.06678149085363,162.93139809480107,166.027099609375,12561400
2019-02-11,166.592671206755,166.98956576367348,163.79463649538135,164.4990997314453,12811200
2019-02-12,165.5607800649606,167.02925211487005,163.21915510646622,163.75494384765625,16292300
2019-02-13,164.09227776533976,164.9257334935379,162.45511636354675,162.79248046875,14205100
2019-02-14,161.91932406660035,163.58623548537437,160.9866409508678,162.67340087890625,12755200
2019-02-15,163.22905458754357,163.41757759475078,159.6074809879609,161.23471069335938,15504400
2019-02-19,159.25031118848474,162.87188541808726,159.08163666321363,161.0263671875,14345400
2019-02-20,160.9866514457365,162.4452066022366,159.9944378775039,161.2942352294922,11770700
2019-02-21,160.66915224846838,160.9767512036217,158.34737589523792,158.7938690185547,15607800
2019-02-22,159.32967333669976,161.1454261740566,159.06177140594767,160.6294708251953,15858500
2019-02-25,161.80027685335008,164.7769176135051,161.63158722042746,163.33819580078125,18737100
2019-02-26,163.06039191607837,164.9456069848802,162.52460319251148,162.85203552246094,13784100
2019-02-27,161.63159295565973,162.65357177504464,159.1609907266516,161.54229736328125,12697500
2019-02-28,161.10570572286176,162.22691185447738,159.6074687457289,160.19287109375,11114200
2019-03-01,161.3339187807563,161.85979071681604,160.4310008754551,161.0164031982422,11097800
2019-03-04,162.6238202106053,166.19579560497266,162.55437312403737,166.06680297851562,18894700
2019-03-05,166.06678805273313,170.54168115014525,165.25318076046253,169.92649841308594,28187900
2019-03-06,171.55371071218158,172.21850709050673,169.93641297768318,171.166748046875,21531700
2019-03-07,170.16463653715266,170.40277325733447,166.304926144912,167.81309509277344,18306500
2019-03-08,164.90591380117024,168.299282836092,164.6777088895179,168.27944946289062,13184800
2019-03-11,170.26385250861307,172.94282608564137,170.24400399827107,170.73019409179688,18884000
2019-03-12,170.75006490581134,172.44675712264944,169.88684376635692,170.58139038085938,12155300
2019-03-13,170.97826831614842,172.67494522769573,170.77981346850004,172.02008056640625,11973300
2019-03-14,168.43817475360422,169.81735104764905,166.8506420826052,168.84498596191406,18037400
2019-03-15,165.858442083391,166.2751700114422,161.24463939572104,164.6876220703125,37135400
2019-03-18,162.2963727286391,162.62378986704954,158.0397682495819,159.2205047607422,37524200
2019-03-19,160.22267045820803,162.54446211564522,159.56782089634743,160.31198120117188,25611500
2019-03-20,160.24250083654022,164.8265229506624,159.98453074379006,164.15182495117188,20211500
2019-03-21,163.60611327266807,165.0944337943334,162.47499028180155,164.78684997558594,16223000
2019-03-22,164.36017641903754,166.1163987263316,162.81232562887112,163.0603790283203,16389200
2019-03-25,161.73080243028502,165.2432316006168,160.7385889184428,164.99517822265625,12631200
2019-03-26,166.04695721457836,168.13059675582596,165.05474358351418,166.37437438964844,15437900
2019-03-27,166.54305447088734,167.62456363307606,163.50686821651982,164.57846069335938,10620300
2019-03-28,163.28860594168904,165.42185921090982,162.0582555781511,164.26097106933594,10443000
2019-03-29,165.09440750004092,165.88818134650202,163.5267083167739,165.39207458496094,13455500
2019-04-01,166.52323821867927,167.58489907585428,165.97751761920586,167.38645935058594,10381500
2019-04-02,168.81524262712335,173.5381745094434,168.22984016275623,172.8436279296875,23946500
2019-04-03,173.14128299216478,176.5743489039153,171.60334879718988,172.18875122070312,27391100
2019-04-04,174.6494598388672,176.61403872708658,174.1632696751247,174.6494598388672,17847700
2019-04-05,175.50273218051527,175.62179295806715,173.73659332693737,174.3517608642578,9594100
2019-04-08,173.8457506054392,174.13348588633917,172.873370381757,173.5679168701172,7297400
2019-04-09,174.2525356988784,177.79474527640164,174.18308862440497,176.19728088378906,19751000
2019-04-10,176.79260715656196,177.3978580416452,175.1653775025643,176.4354248046875,11701500
2019-04-11,176.85214967264358,177.0108923352215,175.6217994128061,176.12782287597656,8071000
2019-04-12,176.61401859237805,178.2313315849551,176.5644048850026,177.70545959472656,12329800
2019-04-15,177.11013529318535,179.0945625793835,175.49282221014067,178.2511749267578,10834800
2019-04-16,177.6062570335282,178.76714527667045,176.9117104530132,177.47726440429688,11215200
2019-04-17,178.20157717015965,179.33270012285755,176.97122679670733,177.38795471191406,9973700
2019-04-18,177.40780103271302,177.4871799403403,175.95916246347767,176.891845703125,11655600
2019-04-22,176.8620881413712,180.2554571040603,176.8620881413712,180.02725219726562,13389900
2019-04-23,181.31711879933349,182.78559068882757,180.06691997316187,182.34901428222656,19954800
2019-04-24,183.05350268658597,183.69843550643336,180.23560439961344,181.1583709716797,37289900
2019-04-25,195.44623921121573,196.93455967611376,190.62408029934696,191.7552032470703,54148800
2019-04-26,191.0011385722558,191.3980179990115,187.61768619823786,189.99900817871094,22075000
2019-04-29,189.46320169610266,193.88848142954217,189.16553456013492,193.2633819580078,19641300
2019-04-30,192.67796122555828,195.85304171458267,190.7828296177422,191.89410400390625,23494700
2019-05-01,193.26336662324573,194.65245962756978,191.50714428636743,191.52699279785156,15996600
2019-05-02,191.49724068974515,192.48945437207544,188.2725462221717,191.03089904785156,13209500
2019-05-03,192.86648883169053,194.6326278689575,192.20170752125662,193.947998046875,14575400
2019-05-06,189.75093330248222,192.76725596880635,189.06630349973676,192.37037658691406,13994900
2019-05-07,191.04079434883323,191.39799184008598,186.38732541720447,188.29237365722656,16253000
2019-05-08,187.9153219740203,189.23496780069607,187.08186623295467,188.06414794921875,12505700
2019-05-09,185.74241488634854,188.29241154477785,184.8097315192963,187.18112182617188,12967000
2019-05-10,186.78419379731912,188.52056744483735,183.15268870662942,186.8734893798828,12578500
2019-05-13,182.07121031855266,183.98617545416812,179.4319182955988,180.12646484375,16833300
2019-05-14,181.0988092614483,182.06125755171496,176.71322748084043,179.32273864746094,17628100
2019-05-15,179.01517041615566,185.8217561094283,178.618291044294,184.8196258544922,16746900
2019-05-16,183.60914538762196,187.111658483527,183.60914538762196,185.53404235839844,12953100
2019-05-17,183.40075283012467,186.11942346505776,182.84511565276085,183.857177734375,10485400
2019-05-20,180.4638007424565,182.79549344184133,179.95776215520357,181.29725646972656,10352000
2019-05-21,183.1328517779712,184.25404273053707,182.45813872954642,183.3809051513672,7502800
2019-05-22,183.291627105776,185.28598627299698,182.1803526396487,183.87704467773438,9213800
2019-05-23,180.99960403788043,182.46807593433465,178.27101662366948,179.461669921875,12768800
2019-05-24,180.9103231396282,182.2002039590993,179.42200261100294,179.65020751953125,8807700
2019-05-28,180.12645717215642,183.2717877276444,180.03716157833563,182.87489318847656,14843300
2019-05-29,182.07122091416383,183.12296505399598,179.9379674335594,180.77142333984375,12797700
2019-05-30,181.65448419815255,182.0513636181961,179.4815337944626,181.58502197265625,8581500
2019-05-31,178.87628333774524,179.13425344749643,175.78058146081298,176.08816528320312,15226500
2019-06-03,173.63739659299998,173.68701030573672,159.75632155211554,162.8718719482422,56059600
2019-06-04,162.43528755631075,166.9696956244478,159.58762436168297,166.19577026367188,46044300
2019-06-05,166.17595055116445,167.40630102150016,163.34815051673513,166.86058044433594,19758300
2019-06-06,166.98953717398857,168.37863003543336,165.9278614484741,167.01930236816406,12446400
2019-06-07,168.84499682676795,172.51618434341103,167.52535084122192,172.000244140625,16917300
2019-06-10,173.38935429803465,176.4751396925717,172.44675425545486,173.4588165283203,14767900
2019-06-11,177.09028772714373,178.57860819974294,175.41344423895202,176.7132568359375,15266600
2019-06-12,176.99106793976617,177.8741374437899,171.53389310501814,173.67706298828125,17699800
2019-06-13,174.16326829665647,176.64380252880846,173.25043351602207,176.08816528320312,12253600
2019-06-14,179.10448360485768,180.42412959894995,178.59846008500926,179.91810607910156,16773700
2019-06-17,183.56944489654097,188.02448970728005,182.9741257809275,187.53829956054688,29459900
2019-06-18,192.48942685018991,193.01529881543811,185.82175064706763,187.0024871826172,37571400
2019-06-19,185.5439595646964,186.63540067695106,183.11303905828848,186.0202178955078,21417100
2019-06-20,189.46320188289803,189.67157342027474,186.17897697743373,188.05426025390625,14635700
2019-06-21,187.28031303269353,190.50500716438228,187.28031303269353,189.65170288085938,22751200
2019-06-24,190.9217507239968,192.4696016118779,190.07837819661492,191.10035705566406,15509000
2019-06-25,191.37819626292872,191.63616639200853,186.66518086871397,187.36964416503906,16750300
2019-06-26,188.0641426133698,189.2746443105627,185.8515107183269,186.19879150390625,12808600
2019-06-27,188.40153639562095,197.3314594204653,186.80407178224405,188.0244903564453,11159000
2019-06-28,189.0663026325004,191.69566259042654,188.46105173690523,191.49722290039062,16378900
2019-07-01,193.6900215962289,193.75946867475142,190.43554709173276,191.49722290039062,14181800
2019-07-02,191.49721656212438,193.4816436767578,191.2094812920926,193.4816436767578,9050000
2019-07-03,192.64821258367968,195.86297523133166,192.64821258367968,195.66453552246094,10246100
2019-07-05,194.6524545971022,195.5355392255742,192.65811073386783,194.87074279785156,11164100
2019-07-08,193.67017914094146,195.14856774691674,192.13224500011347,194.23573303222656,9723900
2019-07-09,193.45189840383705,197.90694318538272,193.3725194942796,197.6588897705078,14698600
2019-07-10,198.4427198534289,201.37967876885,198.1152875488734,201.15145874023438,20571700
2019-07-11,201.67733945504267,202.21314330019712,198.65109995843773,199.66314697265625,13678500
2019-07-12,198.12521939439213,203.70147054413573,197.60927918407927,203.27481079101562,15366300
2019-07-15,202.65966044611545,203.73125312353395,200.24858827690923,202.3223114013672,16030300
2019-07-16,202.30240606044978,203.87010517742036,201.51856407195262,202.25279235839844,12132700
2019-07-17,202.5901721385115,202.76877846508143,200.02034246492263,200.2287139892578,12083700
2019-07-18,198.59156008870863,200.8935030713905,197.8275664632312,199.21665954589844,11937900
2019-07-19,200.60573880997634,200.7545799342816,196.52775543963102,196.81549072265625,12098300
2019-07-22,198.3534210546784,200.99271281963257,197.26198005714764,200.74465942382812,13589000
2019-07-23,201.26059053472196,202.64969857273917,199.3952393773505,200.78433227539062,14583700
2019-07-24,196.09120591709893,203.215293289888,195.68439465085865,203.06646728515625,32532500
2019-07-25,205.0905514086125,207.03529675765213,196.7162660667918,199.14720153808594,39889900
2019-07-26,198.63124804833765,201.30030512248393,194.72192394270914,198.19467163085938,24434000
2019-07-29,197.4505238793738,198.07562334750392,193.7793362623763,194.4143524169922,16530800
2019-07-30,193.86862138181795,197.16277791456997,191.99333821876863,195.50576782226562,11903600
2019-07-31,195.41645821104208,197.21236233773257,191.17970205770425,192.71763610839844,14593500
2019-08-01,192.65811435806566,196.9246358984572,189.39373825086943,191.2293243408203,17777000
2019-08-02,189.61202386571483,191.1201776277815,186.60561788715137,187.5482177734375,15297000
2019-08-05,183.25194632650906,184.22431149023885,177.9435971014936,180.3149871826172,23086700
2019-08-06,182.25971123513918,184.34335062688226,181.66437704322547,183.0733184814453,18035700
2019-08-07,182.17040939405186,184.91882995975232,179.80893635783994,183.7083282470703,15833200
2019-08-08,185.16687704868394,188.85791245044967,182.6168962468053,188.6793212890625,14828900
2019-08-09,188.5205976993792,189.492962858845,185.66301747893215,186.38734436035156,11058800
2019-08-12,185.39513819593978,186.12936665344165,183.02374802918428,183.92665100097656,10930900
2019-08-13,184.07545714103145,189.88982899503915,183.92661602850245,186.98263549804688,13577000
2019-08-14,184.3533235317544,184.54184657253515,177.91385064288235,178.3107452392578,18903700
2019-08-15,179.54105938203216,181.77354012490346,178.62822462841115,181.1682891845703,12925900
2019-08-16,182.3192517702729,183.65874620661722,180.94007545091594,182.26963806152344,12654600
2019-08-19,184.56165539058108,186.0400591779072,183.41069906418429,184.7204132080078,9691200
2019-08-20,184.00601392079102,184.55173444310773,180.96984264751063,182.3787841796875,10083400
2019-08-21,183.55951048176124,184.4524966389247,181.7139926356428,182.1208038330078,8398200
2019-08-22,182.00171952839068,182.67643259782585,178.50913882300034,180.62254333496094,10821400
2019-08-23,179.4319187008426,181.70409651204378,175.2844727753875,176.36598205566406,17323400
2019-08-26,178.00314135265754,179.0945825376882,176.85218490478377,178.95567321777344,8773600
2019-08-27,180.51342048042534,182.60699186900402,179.60058574729803,179.88833618164062,14399600
2019-08-28,179.12432330990987,180.5332648311725,177.52685877876382,180.34474182128906,9386100
2019-08-29,182.33911909214527,184.63113035702233,182.04145194891893,184.12510681152344,10128700
2019-08-30,185.3256619420925,185.3455104540302,182.03152053942938,184.22430419921875,10774500
2019-09-03,182.56732862264894,184.22432375585035,180.69204525489593,180.96986389160156,9779400
2019-09-04,183.21222884048626,186.28809694997892,182.45815198098745,185.68284606933594,11308000
2019-09-05,187.06203278145225,189.86999914606272,186.4766303785772,189.41357421875,13876700
2019-09-06,188.72895835213058,188.72895835213058,184.8990131930091,186.03013610839844,15226800
2019-09-09,186.26825860954187,187.5085256343164,184.40290729946628,187.2902374267578,14722400
2019-09-10,185.98052878136687,186.63539342326803,183.1130319415039,184.7204132080078,15455900
2019-09-11,185.00816165150752,187.96495405432762,184.63111562417566,187.02235412597656,11761700
2019-09-12,188.38167431739254,189.4433349944387,185.77214770992174,186.01028442382812,11419800
2019-09-13,185.8713922210499,186.50640837656061,185.08753492816635,185.73248291015625,11441100
2019-09-16,185.47449803241622,186.3278024124639,184.3235416569863,184.77003479003906,8444800
2019-09-17,185.20659802654154,186.85367627008114,184.0953084764538,186.61553955078125,9671100
2019-09-18,186.6254656341867,187.60776261828698,184.56165938293236,186.67507934570312,9681900
2019-09-19,187.19102818015065,189.61203187411297,186.6849895362617,188.6595001220703,10392700
2019-09-20,189.1754682614503,191.5964721193446,186.6552369772569,188.45114135742188,19934200
2019-09-23,187.8657393408444,188.6198314465113,183.76790703285937,185.36537170410156,13327600
2019-09-24,186.51632857075447,186.57585897083138,178.98543016143273,179.86849975585938,18546600
2019-09-25,180.03713839568474,181.99180022195395,176.48501221241315,181.3766326904297,18068300
2019-09-26,179.91809765361586,179.9875447342743,176.2865921683542,178.7075958251953,16083300
2019-09-27,179.0846423972008,179.35252917482316,174.2922487777934,175.72103881835938,14656200
2019-09-30,176.48504886814843,177.2788228691604,175.4730017783385,176.69342041015625,10740000
2019-10-01,177.7550603463437,178.43969015259512,173.5183191760256,174.44107055664062,17073000
2019-10-02,173.4786000596618,175.15544325214262,171.74222648117174,173.240478515625,16151700
2019-10-03,174.20295999420713,178.4397014323433,172.27806306653957,177.98329162597656,16086300
2019-10-04,178.15196615220776,179.57082442257075,176.71325936939817,179.04495239257812,10430200
2019-10-07,178.59846046556973,179.7692653280985,176.7033287237012,178.28094482421875,9178300
2019-10-08,176.8720055833215,178.96557705889228,176.33621685638886,176.36598205566406,9466900
2019-10-09,177.7650008974485,179.31285176669965,176.55449903508978,178.4496307373047,7556900
2019-10-10,178.91597003720196,180.19591896552552,177.7749152722836,178.6282196044922,8605000
2019-10-11,180.7316895070228,185.03790775918344,180.72177282205558,182.7558135986328,14930500
2019-10-14,182.76573995798162,183.18246784831845,181.1484421040507,181.8529052734375,7006000
2019-10-15,182.36888624603415,188.89765439348838,182.2299769297045,187.41925048828125,15039100
2019-10-16,186.85369331320297,188.2229379391271,185.4447365204725,188.07411193847656,10516900
2019-10-17,188.81823615494756,189.3540247949266,187.30015067836726,188.90753173828125,9603000
2019-10-18,188.74880932739174,189.99900828835493,182.48794325583296,184.40292358398438,16874200
2019-10-21,185.58361808412022,188.43128130392094,185.29588281256093,188.28244018554688,8122600
2019-10-22,188.5205869805388,189.16551977474407,180.08677124719893,180.92022705078125,19537600
2019-10-23,180.59276785407963,184.92875100427426,180.58285116979135,184.70053100585938,12300400
2019-10-24,183.182481496143,185.2760529292764,181.37666050347596,184.9287872314453,11413500
2019-10-25,184.38304447733105,187.52835959124408,183.6488010052593,186.427001953125,8061200
2019-10-28,185.74238033048172,188.05423980339688,183.63889237228332,187.9252471923828,13657900
2019-10-29,190.19744140416606,191.03089725591036,187.00251216583382,187.83596801757812,13574900
2019-10-30,188.084007598717,188.96707709714187,184.53188109382305,186.78421020507812,28734600
2019-10-31,195.1684274639781,196.5476038710065,186.78422491161206,190.15774536132812,42286500
2019-11-01,191.34838745558798,192.59857106697217,188.43127722238108,192.1123809814453,21711800
2019-11-04,193.03518290570312,195.83321773276006,192.3009393000315,193.203857421875,16371300
2019-11-05,193.8488039481065,194.22585003434642,192.09259643478916,192.80699157714844,9942000
2019-11-06,192.51923384910904,192.85658289252504,189.86010825044576,190.0585479736328,10973000
2019-11-07,190.41573602622887,191.93382178580185,187.99473216024907,188.9373321533203,13473000
2019-11-08,188.52057865704424,190.84235478164692,188.22291155748496,189.35403442382812,10760800
2019-11-11,188.45112169488698,188.59996281880592,187.07194539711494,188.1336212158203,8631200
2019-11-12,188.52059893355604,193.54119772486354,188.26262882751317,192.95579528808594,17615500
2019-11-13,193.18398230480068,194.17619589151252,191.23925215323305,191.6857452392578,10860700
2019-11-14,191.42778415989008,192.51922529891618,189.9593121055475,191.6460723876953,9040500
2019-11-15,192.74740068537741,193.77931126600507,191.8742630478972,193.58087158203125,11524300
2019-11-18,193.04507779292095,197.083394458118,191.54684069024395,195.8629608154297,16167200
2019-11-19,195.8629572080851,198.44271860595367,195.3271685294393,197.7680206298828,19056800
2019-11-20,197.0337827757966,198.03591308312716,193.90830078406032,195.97210693359375,12355400
2019-11-21,195.88281621251903,197.5398111848461,195.32717899305354,196.3888397216797,12131000
2019-11-22,196.8353656727007,197.74820049246765,196.0812735442123,197.27194213867188,9959800
2019-11-25,197.9664577166115,199.40516437958556,197.6985558108234,198.23434448242188,15272300
2019-11-26,198.442724670464,198.5915506579755,196.49797930710295,197.42074584960938,11735500
2019-11-27,198.34351494886434,201.55829282574896,197.86725660635614,200.4271697998047,12736600
2019-11-29,200.03027966309168,202.21314668437972,199.64331694177233,200.06996154785156,7985200
2019-12-02,200.55616782394503,200.60576639888993,196.5079339537415,198.14508056640625,11503400
2019-12-03,196.06144017029004,197.38107111518457,193.56105731789708,197.27194213867188,11595300
2019-12-04,198.4427143488899,198.47247954484402,196.50790091198374,197.1627655029297,8456300
2019-12-05,198.3038155523698,199.72267376788747,196.66666912831428,197.80770874023438,9740400
2019-12-06,198.93880713384237,200.00048284807954,198.50223077060377,199.48452758789062,12270600
2019-12-09,199.08766324843836,201.55828069269086,198.6511019590734,199.7722930908203,11954800
2019-12-10,200.08978061537593,200.47674327975056,198.59152852153372,199.30592346191406,9475700
2019-12-11,198.72052580774542,201.0522336736749,198.72052580774542,200.6851043701172,8036800
2019-12-12,200.77443525319376,202.07423269365034,192.58867275812622,195.21803283691406,23734800
2019-12-13,194.8707650108413,195.2676595756169,191.6659189926737,192.59860229492188,18798000
2019-12-16,193.74956142284032,197.56957484695494,193.29313648755445,196.37892150878906,14911500
2019-12-17,197.29175372373888,197.45051153746434,194.60286327616436,196.8452606201172,10175700
2019-12-18,198.53200994936498,202.70923574826463,198.53200994936498,200.92324829101562,23274400
2019-12-19,201.20109144577407,204.69368788416222,200.93318950948256,204.45555114746094,16514600
2019-12-20,205.86449999994568,206.09272005811994,201.84603137445345,204.69369506835938,27306900
2019-12-23,205.09054025240894,206.96582327912705,204.07847817990123,204.5745849609375,13348900
2019-12-24,204.69367763788193,205.17985263350567,203.40379687361448,203.52285766601562,6046300
2019-12-26,203.9693729292224,206.2018537033605,203.7113876835131,206.1720733642578,9350700
2019-12-27,207.04521392384925,207.3031840142275,204.9814077808883,206.4796600341797,10284200
2019-12-30,206.2415083405457,206.2811902208079,202.31233603558812,202.81837463378906,10524300
2019-12-31,202.41158838306944,203.95943928360214,202.01470897164327,203.65185546875,8953500
2020-01-02,205.14018485188762,208.1565078732457,204.66392650956365,208.14659118652344,12077100
2020-01-03,205.59658840250805,208.76173709486574,205.33860317480784,207.0452117919922,11188400
2020-01-06,205.0905711316546,211.12323231415454,204.9119799307813,210.94464111328125,17058900
2020-01-07,211.16289467328085,212.9091850683675,210.10121890912478,211.40101623535156,14912400
2020-01-08,211.34150448738282,214.55628211870993,210.95454177490646,213.54421997070312,13475000
2020-01-09,215.84614294905182,216.67961389127672,214.59595924568188,216.60023498535156,12642800
2020-01-10,217.49324461838862,218.167957821468,215.72710540618112,216.36212158203125,12119400
2020-01-13,217.89008765760843,220.24162877545643,217.5031250035325,220.18209838867188,14463400
2020-01-14,219.8844722297958,220.64848099563872,216.92767972949216,217.3543243408203,13288900
2020-01-15,218.8922660704496,219.95392686203348,218.425924417891,219.4280548095703,10036500
2020-01-16,220.83700210732903,220.89653250467634,218.67396845051022,220.04322814941406,10015300
2020-01-17,220.30119524849337,220.55916534680847,218.81287477518103,220.41033935546875,15905900
2020-01-21,220.43020013184636,220.63855653131444,217.4138619930568,219.71580505371094,14275800
2020-01-22,220.5789919302248,221.0155683147243,219.5570131846815,219.59671020507812,12212800
2020-01-23,219.03115557209316,219.7653990977893,217.56268366067917,218.04885864257812,11195000
2020-01-24,219.0807581343057,220.05312318860922,214.4272740930298,216.24302673339844,11905800
2020-01-27,211.440722772415,214.3776665299758,210.84538856048835,213.19692993164062,13810700
2020-01-28,214.45707641313922,217.03683818417113,211.8574812681619,216.09422302246094,13413800
2020-01-29,219.71579601102562,222.45430027118508,216.74907170753525,221.49185180664062,33181300
2020-01-30,204.92190308321167,209.78374436679547,203.15576383227844,207.89854431152344,48775500
2020-01-31,206.80709790456496,207.06508316074348,199.4944876502085,200.33787536621094,31359900
2020-02-03,201.85593745533228,203.54269754941683,200.92325424778556,202.60009765625,15495600
2020-02-04,205.01115489661296,208.96017565012505,203.6022134996226,208.1961669921875,19628900
2020-02-05,210.85530559513091,211.07359379720026,207.08490604661267,208.4739990234375,12538200
2020-02-06,208.83119069401755,209.54558567358004,207.7099845183197,209.20823669433594,10567500
2020-02-07,208.6625650112119,211.16294802452788,208.29543561030061,210.6767578125,12242500
2020-02-10,209.87301403214792,212.13525971168318,209.01970977478095,211.40101623535156,11856400
2020-02-11,208.5533927044946,209.21817404336107,204.90203854387963,205.57675170898438,25030800
2020-02-12,206.23162710979105,209.57538249088782,205.78511882521056,209.11895751953125,13813700
2020-02-13,207.88862929944682,212.6611750182289,207.5512651178017,211.48043823242188,15396600
2020-02-14,212.3337074056923,213.25645877349032,210.99421300859052,212.51229858398438,10741700
2020-02-18,211.88718823753484,216.2826866152926,211.73834713396872,216.10409545898438,15609200
2020-02-19,216.2926766897616,216.62010903781749,214.4273100305269,215.79656982421875,12135100
2020-02-20,214.83410713895424,217.06658788680414,211.2918970851758,212.90921020507812,13109200
2020-02-21,211.81776509390582,212.5718571551109,207.20397769196722,208.54345703125,14092300
2020-02-24,200.22871228132,202.0642984010924,196.62697198266386,199.15711975097656,23080100
2020-02-25,200.67524246212966,201.9155097208573,194.4242924501462,195.2379150390625,21433500
2020-02-26,195.65461883601014,199.6433220862228,193.96785860064,195.66453552246094,16524500
2020-02-27,190.3264112977289,194.3547959067369,188.02446858402297,188.27252197265625,21682600
2020-02-28,181.27742781433986,191.23926117317146,180.4042901120362,190.9713592529297,32568900
2020-03-02,192.51919263476543,195.03942351365126,187.37953374660688,194.91043090820312,24949000
2020-03-03,194.692165348127,195.7042275193345,182.53754802737797,184.44259643554688,27984100
2020-03-04,187.69703155416585,190.3363231761663,184.9386791534209,190.26686096191406,23062500
2020-03-05,185.32567512431237,187.5184740800542,182.45817811448364,183.72821044921875,19333400
2020-03-06,176.94145799688096,182.3490192383938,174.8875685209055,179.67996215820312,24559600
2020-03-09,168.27943371546766,173.63738113448332,163.90376807728393,168.18020629882812,29949000
2020-03-10,173.309955010909,176.90176354973235,168.18021229917125,176.80255126953125,24517800
2020-03-11,172.6550782358711,174.51052791093812,166.35453113683502,168.91444396972656,20373900
2020-03-12,158.29775772184547,165.30279874923735,153.13824981343737,153.26724243164062,43266300
2020-03-13,162.2567048752018,169.46017087461817,156.37288491134964,168.9541473388672,35028600
2020-03-16,151.13397276859243,157.8909445128489,141.9857627737615,144.8730926513672,39120400
2020-03-17,149.56627516659688,152.7413554813894,138.90989624697303,148.2565460205078,34255600
2020-03-18,138.66186728488157,147.0262216721567,136.03250698448755,145.81573486328125,37553100
2020-03-19,145.47836246781847,158.68472390390542,143.67254147340694,151.93768310546875,39862300
2020-03-20,154.80519628562826,158.02989103085903,146.84763762897182,148.5641632080078,32568400
2020-03-23,148.4947199921912,151.12408048938786,141.14241214760287,146.94686889648438,29830800
2020-03-24,154.00148544947513,160.05397955862045,151.38204205017757,159.72654724121094,30440400
2020-03-25,157.68258858451526,161.72090533404412,151.86821609525333,154.9936981201172,35184300
2020-03-26,157.01781235257576,162.7230409214687,155.79739378485885,162.06817626953125,26556800
2020-03-27,156.96819294005962,158.84347609160096,153.54505895105285,155.5691680908203,24879900
2020-03-30,157.9405761601368,165.45164145311486,156.82930161406097,164.65786743164062,22515200
2020-03-31,164.19152184551297,169.59908358160726,162.92148949743878,165.50125122070312,23676300
2020-04-01,160.36156041626128,162.87185966361065,156.80943383993798,158.3572998046875,19507600
2020-04-02,157.86120054164533,160.09368129332805,154.70595320647797,156.95828247070312,20886300
2020-04-03,155.92636791796428,156.68045997611702,149.65558556793806,152.9794921875,25983300
2020-04-06,158.90300833132738,164.90590387910632,157.27577856792746,164.26097106933594,28453600
2020-04-07,170.45238598754636,172.03993397402672,164.71739197485502,167.51544189453125,31411900
2020-04-08,169.9165678335829,173.6373685890628,166.43390377684543,172.9229736328125,21664200
2020-04-09,174.53036037094571,175.7011802527379,170.2340889492218,173.82589721679688,23534300
2020-04-13,172.31774167717816,173.63738764003992,168.13059888974578,173.42901611328125,19355400
2020-04-14,177.5863748699079,179.81885533138671,175.24475031360217,176.78268432617188,21011800
2020-04-15,173.82591713406964,176.80255817599564,171.47437555574143,175.59205627441406,17423000
2020-04-16,176.5644306047126,176.66365803391773,171.16678547952324,174.87767028808594,23593200
2020-04-17,177.8046785869603,178.87627111884785,175.28446264083883,177.84437561035156,20974800
2020-04-20,176.02863367534525,179.0945703316381,175.3936175218738,176.8521728515625,16110700
2020-04-21,173.88542478797388,174.01441739437823,167.02922551794623,169.47007751464844,24850500
2020-04-22,177.06052242667482,183.34123663421514,176.75293861824514,180.86070251464844,33242000
2020-04-23,182.64667978077563,185.59355535938485,181.7239132676867,183.68850708007812,21426600
2020-04-24,181.80327502192384,188.9273758112363,179.42196868241868,188.59002685546875,28792000
2020-04-27,191.15988024980575,192.24138946533202,185.95075872880966,186.04005432128906,29197800
2020-04-28,187.19103803281624,187.7268267628058,181.13852847934092,181.48580932617188,21731000
2020-04-29,189.4433672054425,195.3768164309881,188.52061566961873,192.67799377441406,45954500
2020-04-30,205.30884198802337,208.0572779754261,200.00050816482027,203.11605834960938,46230100
2020-05-01,200.03027179216886,205.6660378850065,197.50012403387927,200.69505310058594,30415600
2020-05-04,198.6411451382997,204.30669104079635,197.21235523658538,203.6617431640625,19250700
2020-05-05,205.40805841242485,208.74189662802328,204.89210311454076,205.45767211914062,21071200
2020-05-06,206.4995056560085,209.95242015348194,205.05088216567125,206.84678649902344,21857000
2020-05-07,209.5158389880353,209.95241541855825,207.4123357446047,209.61505126953125,15152000
2020-05-08,210.58743487014175,211.5498833416923,209.20825847379285,210.6965789794922,12506000
2020-05-11,209.24794835339893,213.32594730041535,208.73199298585013,211.52011108398438,12911900
2020-05-12,211.62924492787246,213.60375556211332,208.36486864732183,208.46409606933594,14704600
2020-05-13,207.79927734708642,209.13877170097768,200.53628200459266,203.5030059814453,20684600
2020-05-14,200.98278398111552,205.31875255942361,199.1273493977165,205.19969177246094,17178900
2020-05-15,203.6717026021449,209.6944316566375,202.53064780705802,209.23802185058594,19383200
2020-05-18,210.49811862818973,212.96873605342822,209.2975485967128,211.530029296875,20151900
2020-05-19,211.60942259144775,218.77320680308347,211.17284613578335,215.19131469726562,31843200
2020-05-20,221.759758571814,229.53871022771793,221.4521747518963,228.17938232421875,50162900
2020-05-21,232.89239117121974,235.35307680549553,229.39979485355224,229.58831787109375,47782600
2020-05-22,229.70736675116186,234.1524946121766,226.95894596001787,233.08090209960938,33925600
2020-05-26,237.90306262101706,239.02425371037313,229.8661262864556,230.39199829101562,33178300
2020-05-27,227.2863726241577,228.764761172586,219.4081943562366,227.35581970214844,34697600
2020-05-28,222.5535419928957,229.82647042856408,222.2558748468013,223.7045135498047,29377200
2020-05-29,223.44650066945937,225.71867830178658,221.14457298017828,223.3373565673828,23241500
2020-06-01,222.84125236981188,230.6301353109127,221.75974316203477,230.10426330566406,18223800
2020-06-02,229.14180477832932,231.18576231459411,224.79590448745097,230.90794372558594,20919000
2020-06-03,230.30268753868992,230.83847619373373,226.7505612153205,228.3678741455078,15380300
2020-06-04,227.77257341757675,229.82646303355912,222.8611186549825,224.5280303955078,17041500
2020-06-05,224.944744609729,229.5486149585623,223.55563653087066,228.97312927246094,16750400
2020-06-08,227.24669454212363,229.74707721776002,225.63931324920404,229.59823608398438,15466500
2020-06-09,229.71730870091466,237.90307132103038,228.61595094279085,236.81163024902344,27462900
2020-06-10,239.0838086648603,239.3318620782933,233.44802723887338,234.88673400878906,20720700
2020-06-11,228.14960184432616,231.07662899070073,221.80935742815382,222.6824951171875,26708200
2020-06-12,228.1099155813356,229.85622132173424,222.7519678450629,226.80020141601562,22091400
2020-06-15,223.33736018712725,231.94978228517638,223.0496248987954,230.68966674804688,15340300
2020-06-16,235.2935435543671,236.60327283509807,231.18577966295072,233.8151397705078,15236700
2020-06-17,233.17020342590362,235.7400330981517,229.925660611379,233.69607543945312,19578100
2020-06-18,233.1603052764759,234.3013449875379,230.3424068323234,234.1029052734375,15782500
2020-06-19,235.93848091433975,238.95481893657268,233.71593199267232,236.93069458007812,30081300
2020-06-22,236.70246573551785,238.82580215983967,235.0653194086259,237.35733032226562,18917800
2020-06-23,239.40130430970032,243.28086325076663,237.99236276675106,240.3538360595703,24017900
2020-06-24,239.32193228613724,241.3262081229041,230.86826764529962,232.19784545898438,20834900
2020-06-25,232.7931352234886,235.45227537563477,230.92778406897406,233.84487915039062,18704300
2020-06-26,230.82859361350327,231.2750867486719,213.72282404542958,214.3975372314453,76343900
2020-06-29,208.1168066218885,219.03115643280992,205.49736327286647,218.92201232910156,58514300
2020-06-30,218.87241577847084,225.72861605804886,216.76892758571236,225.30197143554688,33927100
2020-07-01,226.72081163267626,237.13905461798524,225.7881284096902,235.70034790039062,43399700
2020-07-02,237.13904690943494,238.13126049483006,230.7988027043592,231.6024932861328,30633600
2020-07-06,231.93985107329897,238.52814892473828,230.46146246454367,238.40908813476562,26206200
2020-07-07,237.5458514748459,245.72168150044317,236.96044910941646,238.98455810546875,27887800
2020-07-08,236.2560005890612,245.06686293607262,234.74783155219004,241.68341064453125,29791300
2020-07-09,243.0923440071215,244.61042967890646,237.377198839224,242.5962371826172,22174900
2020-07-10,241.79255970309345,243.57854739646444,237.4565906658374,243.1618194580078,22982700
2020-07-13,245.08667892902588,248.2022290661148,236.563567632783,237.13905334472656,24674900
2020-07-14,234.9164669273043,238.45867645158208,230.22330122923432,237.86334228515625,23378100
2020-07-15,239.66920367523048,242.91374646179125,236.1964559945626,238.40908813476562,19133600
2020-07-16,236.1468525967872,239.87757053195742,234.48985759074168,239.0540313720703,18880700
2020-07-17,239.12348321533193,242.25888189855516,236.00793304376865,240.1454620361328,18152400
2020-07-20,238.19079813555464,244.13416314331633,233.80521577145498,243.50906372070312,20872200
2020-07-21,244.30284140487475,244.98747123257405,238.21065031691052,239.86764526367188,19364200
2020-07-22,238.38923626150319,240.01646597475658,236.26589974372158,238.0022735595703,15427900
2020-07-23,237.76413948844888,240.53240865065303,229.94549181516214,230.78887939453125,21771800
2020-07-24,228.39767987749195,231.6719881993835,225.1332882424619,228.91363525390625,18325800
2020-07-27,229.65777560313904,233.12059151454645,229.03267616561638,231.681884765625,13163100
2020-07-28,232.80306344896744,233.1304957279365,228.04043551665447,228.3281707763672,14170100
2020-07-29,229.3402272604734,231.8802913922744,228.51668824055758,231.47348022460938,13588300
2020-07-30,228.42742953848625,233.06106550419435,227.21692766462053,232.67410278320312,20615300
2020-07-31,253.8280771726185,253.85784236786688,247.06117350657465,251.69480895996094,53005100
2020-08-03,250.68275307528512,253.41134040008626,248.38082545951394,249.99813842773438,23124900
2020-08-04,249.6012297338203,250.8315799444032,245.5033830667779,247.88470458984375,17183500
2020-08-05,248.24194323970724,250.30574951271805,245.84078794879503,247.18026733398438,13050100
2020-08-06,247.10089121185337,264.52417636220866,246.7337769905804,263.2144470214844,45241600
2020-08-07,262.02372590545957,276.71843559418903,261.378793191007,266.34979248046875,72766400
2020-08-10,265.95291291636204,271.7275724279563,257.6679242008539,260.9521484375,30248800
2020-08-11,258.16408155660923,263.84947688200344,253.14348272446458,254.1356964111328,28238300
2020-08-12,256.9535746633376,261.84518077653547,256.10025516377686,257.8664245605469,21415700
2020-08-13,259.5134342395619,263.09534079503675,257.5488708476519,259.265380859375,17374000
2020-08-14,260.2676086880391,260.60495775841036,256.6658676214811,259.2059326171875,14792700
2020-08-17,260.45605788991446,262.04360563209156,257.3801898169379,259.1264953613281,13351100
2020-08-18,258.9181714962435,263.0854507776414,257.2413279573134,260.2973327636719,18690400
2020-08-19,259.3547110443287,265.82393240661906,259.3150140244503,260.54534912109375,23291500
2020-08-20,259.4638710277575,267.53057289532575,259.4241740031318,266.9154052734375,20299700
2020-08-21,266.5979115677721,268.38388418339855,264.3455972842934,264.9309997558594,15538600
2020-08-24,268.9593398589579,275.091212458287,266.6772304785265,269.27685546875,23685600
2020-08-25,270.28890306860325,280.8857367616059,268.15564994253316,278.6334228515625,42127200
2020-08-26,281.78866364018035,302.29773216562353,281.78866364018035,301.54364013671875,69015200
2020-08-27,297.82288608867316,298.8845620799674,289.74625154101784,290.9369201660156,30301300
2020-08-28,292.70300616742725,294.9156533521209,288.7143184756924,291.3734436035156,17157400
2020-08-31,291.66121345742096,294.5683921740452,289.279876482208,290.91705322265625,17345100
2020-09-01,292.4152605760405,299.1424675498005,290.43083338283753,293.13958740234375,17295900
2020-09-02,296.5527841578091,301.23603322218395,290.76816233153926,300.14459228515625,24341400
2020-09-03,293.6853167317261,295.2827964981779,281.42157021145084,288.8532409667969,32294100
2020-09-04,285.0133590630986,286.74973287810445,269.0288123633383,280.528564453125,30333700
2020-09-08,269.16776686961657,277.1253108936608,267.3222636782899,269.0487060546875,24864000
2020-09-09,273.622771164663,276.3116921916663,269.2372034068986,271.5887451171875,22918800
2020-09-10,273.3647709884832,276.9863444713146,264.95078899476385,266.0025329589844,24814700
2020-09-11,267.95723761672286,269.2768988349684,260.595028693732,264.5340881347656,18913900
2020-09-14,268.8403111108716,274.4860094229294,263.6311892443126,264.0776672363281,24093800
2020-09-15,268.56245441564243,272.3824523522655,267.2030964194408,270.298828125,18478500
2020-09-16,265.20877366986406,270.3186675006481,259.7515990335024,261.4681091308594,29183400
2020-09-17,256.2689425036203,259.4638716951567,248.24193764003047,252.8358917236328,31281400
2020-09-18,256.3879945767653,257.1817836445312,248.10301989417528,250.56370544433594,28130800
2020-09-21,245.61255304076752,248.00379150058308,242.22911610009183,246.21780395507812,24709400
2020-09-22,251.3376284288325,253.33198748485088,246.28726476136234,252.76641845703125,30293100
2020-09-23,253.27245835747246,255.9811974630854,246.21781849122172,247.0810546875,19641300
2020-09-24,244.58066055336698,250.2759722576186,243.70750771146652,247.58706665039062,20006800
2020-09-25,247.4580803714351,253.7586431588387,244.68981092583851,252.8358917236328,18351300
2020-09-28,257.3802103500167,257.57866518860396,252.83588523395522,254.8203125,18826300
2020-09-29,255.80262629518063,261.2796353335787,254.89970814262563,259.75164794921875,20200200
2020-09-30,259.9401118127102,264.0081630667946,258.0747455292031,259.8607177734375,20142500
2020-10-01,263.28389232751096,266.2406695606963,262.7381566639674,264.5539245605469,20009800
2020-10-02,259.1760853784858,263.0854090741721,257.16189314177063,257.9159851074219,16367600
2020-10-05,260.1584197827861,262.80761315583914,258.80899353212766,262.5893249511719,12822300
2020-10-06,259.741667068891,263.6212257600727,256.22922255371117,256.6459655761719,18696900
2020-10-07,257.19170828911257,258.15415680274714,252.83590583088255,256.1101989746094,23133400
2020-10-08,257.72745203917947,262.5595268534085,257.13211789378187,261.70623779296875,16312800
2020-10-09,262.46033159770803,262.6885516273848,260.1286538525536,262.3908996582031,14107800
2020-10-12,268.09616170666186,277.99843534360474,265.78428676115146,273.6029357910156,31019300
2020-10-13,275.4186278390119,276.92681183583034,271.261280862398,273.9898681640625,18063300
2020-10-14,275.45834878905737,276.5795550588425,269.3860060931865,269.7035217285156,15577800
2020-10-15,265.5163718280196,266.9451618689203,261.6169795530416,264.6432189941406,15416100
2020-10-16,265.2980662549797,269.25698866587527,263.2342450954479,263.8593444824219,16622700
2020-10-19,263.462501957598,266.4589764240774,257.8565006211909,259.3646545410156,13587000
2020-10-20,261.01175310255536,267.6000670997426,260.8331618903327,265.4767150878906,18763200
2020-10-21,277.3832469106849,280.8460628763154,274.2180829295083,276.5597229003906,28998600
2020-10-22,277.6908417382077,280.2507700259032,272.89846291862375,275.9544677734375,16720000
2020-10-23,276.6291299185733,283.0189877020772,274.66456643827354,282.572509765625,17535200
2020-10-26,280.9552115795528,283.00910103507454,272.1245164393334,274.9523010253906,21322900
2020-10-27,276.5895016504046,282.2947304449759,274.15856596508183,281.084228515625,16287200
2020-10-28,276.61925709522393,276.61925709522393,265.17903470962136,265.5858459472656,23121800
2020-10-29,274.39669798144206,281.39182302397495,271.6482768194587,278.64337158203125,32368100
2020-10-30,272.362669266961,274.54555158800633,257.0825838595243,261.06134033203125,47247800
2020-11-02,262.53977496028796,268.36406506435355,255.33629315337143,259.3249816894531,27165700
2020-11-03,261.1109618671874,267.9472985392612,258.84871583422796,263.2342834472656,17961900
2020-11-04,278.81203654973183,286.69021537855144,276.4505632103181,285.1423645019531,35364400
2020-11-05,289.62714543435567,295.0644868941228,286.70013346565065,292.385498046875,23823600
2020-11-06,291.6612005522265,292.3061333378279,285.8170478994157,291.1253967285156,13891000
2020-11-09,287.6130053519989,290.30189623412747,276.36130465043846,276.59942626953125,25117700
2020-11-10,270.97357337199315,271.86655966526666,261.9444224512058,270.30877685546875,29067700
2020-11-11,271.3406370382021,276.2322425059644,270.3583553266512,274.32720947265625,14957000
2020-11-12,275.021765017838,277.57176129856583,272.2931775519897,272.9381103515625,12899500
2020-11-13,275.5576033043108,275.59730033261957,270.97358063336856,274.7936096191406,10391200
2020-11-16,272.9083439459854,277.23441107281263,272.491631182549,276.78790283203125,12970400
2020-11-17,275.5178900694576,275.5178900694576,271.1620877175575,272.8587646484375,15040300
2020-11-18,272.3824887308877,275.2301674297236,269.7233633337441,269.85235595703125,12152900
2020-11-19,268.9097253380734,271.34066082761194,267.09398773026356,270.8147888183594,12963700
2020-11-20,270.4377223174348,270.87429870110765,267.31225569610524,267.6000061035156,18114700
2020-11-23,268.78080298115344,268.8403333850211,262.47030765153033,266.3399353027344,20990800
2020-11-24,266.399469750556,275.65684133200045,265.78430204794444,274.76385498046875,16930400
2020-11-25,275.9742849766651,277.99837877049015,270.5270121222275,273.4441223144531,12467000
2020-11-27,275.23016831305193,276.95661043346155,272.6801718782236,275.6468811035156,7808400
2020-11-30,273.8807018610428,275.53771179376014,268.89980079782725,274.8133850097656,16693300
2020-12-01,276.9863143473893,287.04734313053575,276.78785954253436,284.3187561035156,20738900
2020-12-02,283.1380346522925,289.508058754062,278.64330863186876,285.2812194824219,17361600
2020-12-03,284.0211910658046,284.41807051697856,278.8815310151931,279.65545654296875,12921700
2020-12-04,278.1174596971742,281.2528583037155,277.12524609814045,277.52215576171875,10880300
2020-12-07,277.01612444035254,286.2436990426754,276.0338426409965,283.3563537597656,13007700
2020-12-08,283.78305290383537,284.1997657052833,279.35775795539723,281.193359375,10747700
2020-12-09,281.4513082325447,285.39039736328687,269.6340408403183,275.7560119628906,25189700
2020-12-10,273.39453512334353,276.5596988290288,269.74316617875854,274.96221923828125,20065100
2020-12-11,272.3923936395362,274.3272222377273,268.1457207169015,271.4200134277344,14391400
2020-12-14,271.24143127887464,275.06145975530757,269.4455270568558,272.0550537109375,16376900
2020-12-15,272.69005444899267,273.93032146756855,265.38737677799685,273.4044494628906,23979500
2020-12-16,272.6206414843473,275.69647968054255,270.3881606955199,273.5235595703125,15885000
2020-12-17,274.9126643899615,278.2564198025171,271.4795830956817,272.34283447265625,16377800
2020-12-18,273.6227033905307,275.8353503752591,269.02878036440524,274.247802734375,26693200
2020-12-21,270.85444705612974,272.5312902621091,265.7048566652148,270.6659240722656,16553700
2020-12-22,269.38604239828476,269.38604239828476,262.56953854592865,265.0103759765625,17312900
2020-12-23,264.8118978814393,270.05078439204584,264.157033282619,266.0223693847656,14329000
2020-12-24,266.78638859045014,268.29454231066234,264.1272634995675,265.3179016113281,6702000
2020-12-28,266.6474464444262,275.14079158661707,263.59144218595503,274.8431396484375,23299700
2020-12-29,274.7935675642127,278.3258455440908,274.1287711316152,274.6248779296875,16383000
2020-12-30,275.785757376464,275.91471969767804,269.59432448010415,269.7530822753906,11803800
2020-12-31,269.88207921275466,274.93244242913414,267.709129167285,271.0330505371094,12900400
2021-01-04,272.6404402939786,272.85872848796714,263.13504773019605,266.8459167480469,15106100
2021-01-05,266.2009823694545,270.27896553417906,266.1215883285125,268.860107421875,9871600
2021-01-06,259.9599682063647,265.6651965162372,257.9854727939254,261.259765625,24354100
2021-01-07,263.82963846655986,269.49517068100164,262.7183638759823,266.64752197265625,15789800
2021-01-08,266.2208617666856,266.85589308419407,261.13080051963345,265.48663330078125,18528300
2021-01-11,258.4518366026843,261.4185458890213,253.9074808801105,254.8401641845703,30412300
2021-01-12,254.63179023434895,257.6977267357879,248.3510761020939,249.13491821289062,26383500
2021-01-13,249.591322699809,251.97262917497432,247.25961479039424,249.6806182861328,19528900
2021-01-14,251.42692829090055,253.04424135584142,242.7053771272773,243.72735595703125,29739400
2021-01-15,245.96975097681036,251.88335082886272,245.2355225857016,249.40281677246094,24942900
2021-01-19,254.8996767061357,260.15842713817875,250.75223098015417,259.0669860839844,28028500
2021-01-20,266.835999921806,268.2151913795209,261.547514682843,265.3973083496094,25199900
2021-01-21,267.16342399454226,271.46962706852975,265.4071866724179,270.74530029296875,20838700
2021-01-22,269.8920381413077,276.301729687912,269.8821063154599,272.3626403808594,21954000
2021-01-25,275.9743295382134,277.9190598870613,269.3959479461869,275.8453369140625,19087000
2021-01-26,275.97432254542565,283.16787159655127,275.6468750801152,279.8538513183594,19373600
2021-01-27,280.33011028325467,281.24296012848583,266.03230851624016,270.0210266113281,35346200
2021-01-28,275.02173795594643,284.55692568937985,262.6389325267442,262.93658447265625,37758800
2021-01-29,263.23427292927573,264.4844718354171,252.86565830915723,256.31854248046875,30389500
2021-02-01,257.49921661933763,262.1130332599464,252.9251272739831,259.9698486328125,22914300
2021-02-02,261.9443921433572,266.75663419137607,261.22006530975233,265.0003967285156,17320800
2021-02-03,263.5517821485724,267.1039239356935,261.7856430809958,264.5737609863281,14223400
2021-02-04,264.93097902725805,266.07201868018495,261.9444062212849,264.4150085449219,16060000
2021-02-05,264.7225554259444,267.07412690707577,263.60137958180314,266.012451171875,12454400
2021-02-08,266.6573891682855,267.7587316645188,262.9365883891931,264.5042724609375,13755200
2021-02-09,264.3653866856333,271.2612831266557,263.6807568981955,267.3519592285156,14613400
2021-02-10,270.3285830682983,271.6680470836127,265.6354022624926,269.7530822753906,14687200
2021-02-11,269.7729577824533,271.44977083147216,266.39940747425163,268.2846374511719,12828600
2021-02-12,268.41363220082087,269.06849685928296,266.2506136586012,268.393798828125,9097600
2021-02-16,268.6914310362883,274.4462880900078,267.9472708355453,271.8367614746094,15417200
2021-02-17,269.12803599630945,271.8367903151839,267.4809576103231,271.4399108886719,12763200
2021-02-18,267.47107167911304,269.83254528267213,263.9586264755015,267.29248046875,15249100
2021-02-19,267.7587369051026,268.16554809850663,258.12435171092875,259.52337646484375,25622600
2021-02-22,255.94153535102737,261.021664636817,255.524792274946,258.302978515625,17434900
2021-02-23,257.4793630979028,265.37737284787687,252.97472117195971,263.7898254394531,21924600
2021-02-24,260.28729887611894,264.30578086601787,256.37800637356906,262.25189208984375,15736100
2021-02-25,260.2575937433579,264.86147900274045,252.06191553242624,252.7068634033203,19053100
2021-02-26,254.47301987913823,263.48230592627357,254.47301987913823,255.6140594482422,26619500
2021-03-01,258.7891403322834,264.57373189281464,255.89186349959488,262.8472900390625,22157300
2021-03-02,263.7105134754157,264.63326480051563,256.6360260897413,256.9833068847656,15191700
2021-03-03,258.26328713334885,258.95781848728717,253.1136961127763,253.42127990722656,15513500
2021-03-04,254.47299277764384,264.4149609601681,251.52611752678283,255.63389587402344,31626500
2021-03-05,258.6402919675598,263.38307102229237,253.61967921951808,262.22216796875,26820100
2021-03-08,263.4822937139341,263.51205890896745,253.06406667288275,253.32203674316406,18391800
2021-03-09,259.14634572246285,266.43912187751977,257.78701790933485,263.67083740234375,22039700
2021-03-10,266.548302161812,266.8757193587203,260.82320974954456,262.83740234375,14210300
2021-03-11,266.0223751597544,275.7361548331948,265.7346550158106,271.7474670410156,21834000
2021-03-12,267.04443947415695,267.6397435364464,261.9642793295746,266.3101806640625,20600200
2021-03-15,266.98487846120577,273.81131431341987,266.4094077750428,271.6185302734375,16844800
2021-03-16,273.9303121433824,279.9431543023301,272.66027997078896,277.10540771484375,22437700
2021-03-17,273.5632228614151,284.0013300636442,273.26557087198046,281.7986145019531,21315000
2021-03-18,277.69082858237186,282.9694124523862,276.11321251700224,276.4505615234375,18728300
2021-03-19,279.03034060421714,290.52016203735093,279.01050723081204,287.8511047363281,38930500
2021-03-22,288.18851847130395,297.3763979287421,284.5173151955058,291.25445556640625,28273100
2021-03-23,290.867432991807,295.67967537521406,287.5534429483778,288.3670654296875,23000900
2021-03-24,288.73414327750163,289.4485382452627,278.9707655714033,279.9431457519531,18675000
2021-03-25,278.7922204243197,285.8170802003852,275.5873592254311,276.56964111328125,24505600
2021-03-26,276.1330947602498,282.2848325733052,275.6072226453891,280.81634521484375,17629200
2021-03-29,283.5448755560306,290.89718212081135,282.4832299943889,288.5555725097656,21718800
2021-03-30,287.57324482882785,290.19270318034495,284.46764179897343,285.75750732421875,17474500
2021-03-31,287.732035744542,294.1913564992557,286.3627760195834,292.2366943359375,19498200
2021-04-01,296.0765484516456,300.0454030697104,294.29057598549946,296.33453369140625,17616000
2021-04-05,298.54721717076194,308.3502638285434,298.33883047652586,306.5047607421875,28237000
2021-04-06,306.4352641390623,308.9257301235245,302.8732207214209,303.8753662109375,17335200
2021-04-07,303.95474852621874,311.8031627153539,303.12129263179196,310.6521911621094,22855200
2021-04-08,312.39850125036537,313.42048018860385,307.63585714326587,310.5827331542969,20894100
2021-04-09,308.97532504352716,312.28931500618273,307.9136491691553,310.0270690917969,15988600
2021-04-12,308.6280220501896,309.7194630445456,305.53232052434765,309.1142272949219,10881900
2021-04-13,309.7789885616756,311.98170388654387,306.9115071052222,307.34808349609375,14036900
2021-04-14,304.9072252057683,305.63155202989105,299.5989067038952,300.4621276855469,17421400
2021-04-15,303.95473064775086,307.72516074452744,301.7321817266754,305.4232177734375,14558300
2021-04-16,305.77051588644764,306.54444137804103,302.2382071802452,303.7959899902344,13059200
2021-04-19,302.6351090312537,305.30416629522637,298.2197459731686,299.88665771484375,14553500
2021-04-20,299.6385619334526,302.72436183660926,294.89578234939887,300.2934265136719,16796400
2021-04-21,299.5988930328925,299.6286582281445,295.0744016748638,299.12261962890625,14863500
2021-04-22,298.98372689165404,300.5613732471118,293.7349384661089,294.211181640625,16375400
2021-04-23,296.43379755001087,300.2339629907367,294.8363176243021,298.78533935546875,17536800
2021-04-26,300.97807189197096,303.41890888662624,299.2119328828372,300.680419921875,16172600
2021-04-27,301.9107314378546,302.96247535635484,298.7654012272768,301.2062683105469,15309300
2021-04-28,304.9667562140213,308.49906447197213,302.9922608483322,304.70880126953125,33907200
2021-04-29,327.5495411674635,329.2263845348517,319.10579393830335,326.9443054199219,56526800
2021-04-30,323.60060254321024,327.2519418261899,321.9733574810361,322.548828125,26332400
2021-05-03,323.6303414935902,325.99178455965375,319.33403940642825,320.0682678222656,18719500
2021-05-04,317.5281510295047,319.68126763181874,310.68188398594214,315.8810729980469,24032600
2021-05-05,315.71250014607534,318.56014880537333,312.04129710547085,312.5671691894531,15577600
2021-05-06,312.0710832071615,317.74654753134956,310.8308159184837,317.52825927734375,19012200
2021-05-07,319.8698124189637,320.42544959034336,316.2680723502295,316.5954895019531,15916700
2021-05-10,311.90237131540397,312.130561078937,302.4564778555259,303.5876159667969,24239200
2021-05-11,298.4082258726899,304.4508027729763,297.35648192958325,304.1432189941406,18920100
2021-05-12,298.78528750586537,302.5854522871309,295.86817708684436,300.1942138671875,24645500
2021-05-13,303.69677097235177,306.45512398338803,300.4125458855412,302.8831787109375,18079200
2021-05-14,307.12978931670204,314.3828679110663,306.673349284258,313.4799499511719,19245700
2021-05-17,311.10856102432524,313.2219808293489,309.1538990283127,313.0036926269531,15401300
2021-05-18,313.1327381605717,314.0356563194457,307.3977438156046,307.54656982421875,14522400
2021-05-19,301.8214527542808,312.2099301973566,301.2062851765557,311.14825439453125,19106200
2021-05-20,311.1383774259706,316.76424276633463,310.72166460369823,316.12921142578125,17320200
2021-05-21,316.80387122022114,317.43887214336223,313.35095718328677,313.7677001953125,13600900
2021-05-24,315.73224058802725,323.4119934551115,315.5536494301759,322.1022644042969,16445400
2021-05-25,324.53320796495933,326.6168625616901,322.27096218906894,325.2377014160156,16437000
2021-05-26,325.7933639842611,327.2618208339103,323.2830646151076,325.1087341308594,9686900
2021-05-27,325.44607335297707,331.18106697098676,324.215738131107,330.1590881347656,20477700
2021-05-28,328.4227242830254,330.2781589983809,325.773500464872,326.17041015625,12037400
2021-06-01,327.5793076939704,328.8394383209458,324.0966586152129,326.5672607421875,11765900
2021-06-02,327.8075920479753,329.28598088412383,324.5729654497298,326.587158203125,11654300
2021-06-03,323.2433575381614,324.83090541378255,320.9612782844265,323.5013427734375,12610800
2021-06-04,323.36243844123214,329.871357884137,322.64804336676895,327.7778015136719,13289400
2021-06-07,326.91456629914944,335.0606319370068,326.36883062034224,333.9592590332031,20136700
2021-06-08,334.0782912014948,335.66580854730773,329.65299727418136,331.081787109375,14580500
2021-06-09,333.1258016057894,334.17754565379573,327.4305049367785,327.6785583496094,13727900
2021-06-10,328.2143277062519,331.33979432346086,325.9917487704963,329.8713073730469,13240200
2021-06-11,329.9904241893929,330.23847761827665,326.3688501836827,328.68072509765625,13587900
2021-06-14,329.3156906835293,334.1973949616918,327.24196787486557,334.14776611328125,12250800
2021-06-15,334.3660512618339,337.27326012162166,332.42132108487635,334.1279296875,15795200
2021-06-16,334.0783412293465,334.9216985906193,326.16046556361823,328.5020751953125,17232200
2021-06-17,327.91665590302716,335.34835619713573,327.5793069198967,333.8898010253906,17794100
2021-06-18,331.92521504508204,333.5325962354284,326.43827503756376,327.0931396484375,23039500
2021-06-21,328.51196839114846,330.3277360767431,325.09875148397424,329.70263671875,11337500
2021-06-22,330.09953680226704,337.2732518527593,330.0102412140811,336.3901672363281,15345300
2021-06-23,336.7077140585252,340.7460309516775,335.5666743971073,337.93804931640625,14817800
2021-06-24,339.18824270230544,342.214482226336,339.1287123056329,340.50787353515625,12329100
2021-06-25,339.92241573087625,341.44050115859824,337.03507084286525,338.7119140625,14594400
2021-06-28,339.7934517054594,355.35138354168714,339.1088219177448,352.870849609375,29156100
2021-06-29,353.49595592074894,353.9622975602913,346.3321719592447,349.15008544921875,21417300
2021-06-30,349.4278886007124,350.17204882576885,344.466820433669,345.0025939941406,15107500
2021-07-01,344.1195505239757,351.9084338493456,343.80203488402134,351.630615234375,17137000
2021-07-02,352.3350507654891,353.66461333834536,349.8743501691839,351.93817138671875,11521300
2021-07-06,353.72417820404075,355.9963560178773,346.4611667728856,350.03314208984375,13488500
2021-07-07,352.4938034123803,353.71420672723315,347.2747503320895,347.76092529296875,14218900
2021-07-08,343.03801220730537,345.61774329354535,339.89268183283735,342.9586181640625,14406500
2021-07-09,342.63117238947024,347.97918739800417,342.58154354659945,347.69146728515625,13018700
2021-07-12,348.4951912820845,351.43213503991996,346.91757530230257,350.41015625,10018600
2021-07-13,348.7631083049435,355.69867223428014,346.084119258612,349.3485107421875,11456000
2021-07-14,351.79925073751554,352.4342819743491,344.03023159160176,344.9232177734375,13894200
2021-07-15,346.51070950491726,346.51070950491726,337.5708567479468,341.77783203125,14781600
2021-07-16,342.22437128345916,343.29594856960324,337.49152365972935,338.5035705566406,11026100
2021-07-19,334.9416142343097,337.14433004534527,331.9352076808657,334.3264465332031,14372300
2021-07-20,336.1619785065814,340.7757962853777,331.89547184743174,338.9997253417969,11024300
2021-07-21,338.84096761953117,343.8218693320699,338.59291420253294,343.5341491699219,9279700
2021-07-22,343.9806122329509,348.8027861958201,342.5220569930656,348.45550537109375,12385400
2021-07-23,358.09984323454836,372.4075475574417,354.4088071301203,366.91070556640625,33694300
2021-07-26,366.7022954251453,371.5244693516764,365.35289943975135,369.55987548828125,14925200
2021-07-27,369.01415718461413,370.24449233760663,361.7114494701859,364.9460754394531,15705400
2021-07-28,371.64347563643145,374.610184228019,364.07288200055393,370.3734436035156,29676900
2021-07-29,358.1891240675114,362.67391881987123,353.9622842712004,355.5299987792969,33413200
2021-07-30,351.24364693893176,357.92125598632435,350.1919028478955,353.5257263183594,15976200
2021-08-02,355.3117024170683,356.6015680075973,348.00899444804065,349.2095947265625,13180400
2021-08-03,349.9835459423059,351.0154263788304,344.99271229041113,348.505126953125,12406100
2021-08-04,349.6759469844377,357.67318656110393,348.7730289315938,356.1253356933594,14180600
2021-08-05,356.83977085113816,361.0665808744601,354.1210845608762,360.1438293457031,10247200
2021-08-06,358.5860093865691,362.30681059827253,358.5860093865691,360.6795959472656,8925000
2021-08-09,360.92765618426364,362.9319169074044,357.94108333229246,358.79437255859375,7798900
2021-08-10,359.01264661164123,361.2649909446652,356.2443923686089,358.318115234375,7469900
2021-08-11,359.2805783648751,359.53853333042804,355.0239732137303,357.1572265625,8400300
2021-08-12,355.65898438949955,360.1735442509098,354.3293914916329,359.8262634277344,7170700
2021-08-13,360.143785948073,361.8206294212598,358.6653973147733,360.3521423339844,7195700
2021-08-16,359.6972591712923,364.09278838073544,354.597297072418,363.705810546875,11222100
2021-08-17,360.1536923226501,361.8305356773374,352.3052793550785,355.6589660644531,12328700
2021-08-18,353.4761013114874,357.05797793706466,352.384660276008,352.6823425292969,10042400
2021-08-19,348.61425454343237,354.7858243488867,348.2669737273142,352.3548889160156,12004500
2021-08-20,351.83892962795636,357.18694489775766,350.5589656746457,356.57177734375,8697700
2021-08-23,356.64125422848525,362.8425891488838,356.3039052424102,360.52081298828125,10942000
2021-08-24,360.82843061784286,365.09493733122457,359.02259445247506,362.6640319824219,9235100
2021-08-25,362.75329155616987,367.97231440598324,362.5548367278309,365.5215759277344,9684500
2021-08-26,365.5117016314949,366.563445771327,361.2947932451995,361.5428466796875,7888700
2021-08-27,362.2572090986586,370.8299192755366,361.2451317980848,369.72857666015625,11219100
2021-08-30,369.6590785756934,378.5195383294216,367.6349544508704,377.6960144042969,13547300
2021-08-31,376.99156388391305,379.77968163648467,375.85049403674094,376.4259948730469,12345400
2021-09-01,376.6343583249429,381.33744111851894,375.8604329249879,379.0751953125,11567200
2021-09-02,378.5294798195521,378.77753321392925,371.14740838049124,372.35791015625,14832900
2021-09-03,371.8320395508646,374.2232779151266,370.20479474333473,373.3302917480469,7509600
2021-09-07,372.95325943620423,379.97811852578053,370.2445053593143,379.2041931152344,10793800
2021-09-08,377.1999260274363,377.90438920545546,371.8717438371521,374.6300964355469,11067200
2021-09-09,374.6995498243246,376.8724697008113,373.6378740295423,375.0567321777344,9098900
2021-09-10,378.39055683069006,380.8016588460184,375.31471895262035,375.7413635253906,11549600
2021-09-13,378.7080967281156,378.77755895045016,371.43518403399025,373.578369140625,13026300
2021-09-14,374.46142659975425,375.64216326926356,372.1892488559139,373.59820556640625,8711600
2021-09-15,374.06454967027025,374.62018689725124,364.80720954935725,371.008544921875,17940300
2021-09-16,369.8873256244635,370.65131921468594,366.8312907036599,370.15521240234375,11934200
2021-09-17,368.5181001758093,368.5181001758093,358.77455421002566,361.88018798828125,26299000
2021-09-20,356.50233413802766,358.2188745657045,347.0763049441087,352.9303894042969,19822800
2021-09-21,355.70858018739267,357.2365976294864,352.4243555514342,354.696533203125,11751900
2021-09-22,344.52634630694666,347.1160093217714,338.0372607512432,340.5376281738281,43692900
2021-09-23,342.6708706244858,346.94733905140663,340.32926108840206,343.2662048339844,21806300
2021-09-24,340.56744248252033,351.59095314020857,339.7042213530986,350.2117614746094,18801900
2021-09-27,347.0862393823371,352.38465640920737,344.3774853349106,350.8268737792969,15205800
2021-09-28,345.2605071051266,346.87781983452686,336.2809877105401,337.99749755859375,21710300
2021-09-29,340.4780817360786,342.5419029260096,336.24134067745075,336.96563720703125,14452200
2021-09-30,337.7991500549551,340.1308279140143,335.5170404865727,336.7474060058594,16547100
2021-10-01,338.95010998438113,342.33356235954994,336.0032643427392,340.3392333984375,14905300
2021-10-04,332.9174241139099,333.32423531875986,320.18733709756447,323.6898498535156,42885000
2021-10-05,326.021501113507,332.5701163218567,323.6203613810825,330.3674011230469,35377900
2021-10-06,327.1724876898397,331.7763731159524,323.26316386368603,331.0421447753906,26443000
2021-10-07,334.3760068358188,336.201676355274,326.4184641021134,326.6565856933594,28307500
2021-10-08,328.928756267281,330.80402431715976,326.1505398838151,327.4801025390625,15946100
2021-10-11,325.07897314720964,327.8869245412267,322.7770301401252,322.91595458984375,14708200
2021-10-12,320.51476453054045,321.8542589738375,314.89883180646416,321.2489929199219,31658700
2021-10-13,324.42410294228614,324.45386814100897,320.1476644726713,322.0130310058594,14761500
2021-10-14,325.80329520115635,327.9464805530753,324.5531264558409,325.97198486328125,14302200
2021-10-15,326.1207530110209,326.5077308425533,319.9988121641068,322.2312927246094,21596400
2021-10-18,326.38868305478695,333.2746480135661,324.94996119096635,332.7289123535156,21585000
2021-10-19,337.00536339171015,339.79348135249637,334.6538218634987,337.34271240234375,18786300
2021-10-20,340.77581084319115,341.3016828983417,336.80695600282183,338.1265869140625,13639500
2021-10-21,337.63046963499943,339.6446621931022,335.1697688091569,339.218017578125,16354400
2021-10-22,323.80896151918506,327.06342138940005,318.6097409085051,322.0824890136719,35224500
2021-10-25,317.8060197357078,326.9939278171444,317.23054914233694,326.1307067871094,38409000
2021-10-26,325.7040544162325,327.6388528181023,307.1893445296699,313.3509826660156,65654000
2021-10-27,311.74360248983976,316.7642010297312,309.63018261546694,309.7889404296875,29971800
2021-10-28,310.5529092792764,322.98534384775115,305.7109023111952,314.45233154296875,50806800
2021-10-29,317.6969411510768,323.4617009449065,317.1115386387904,321.0506286621094,37059400
2021-11-01,323.50135079861377,330.8536576667593,323.46165377375024,327.4106750488281,31518900
2021-11-02,328.79971333158727,332.18316498841773,321.2787180709634,325.525390625,28353000
2021-11-03,324.9400554002247,329.56377488260455,320.6834804225492,329.03790283203125,20786500
2021-11-04,331.40931573250367,334.64391188324623,330.0598893219194,333.2349853515625,22495300
2021-11-05,337.6602239773612,344.0897793143083,336.99545779027494,338.4738464355469,26872800
2021-11-08,341.73825606870065,342.1053702931129,335.7055798125427,335.9833984375,18342500
2021-11-09,337.3525898219776,338.65238708389546,331.8656503810712,332.7586364746094,17556700
2021-11-10,329.901140695636,330.59570243398394,322.9755080862131,325.08892822265625,21872600
2021-11-11,327.25193181705265,329.87136025560955,324.45388189862655,325.1881103515625,12376600
2021-11-12,327.60908802886553,339.19813592267263,327.2122086341378,338.2357177734375,25414300
2021-11-15,341.6588609660316,350.89636806742686,340.5277530964521,344.8537902832031,25076600
2021-11-16,341.15277172534195,343.95082120477787,338.2158280944205,340.28955078125,18181100
2021-11-17,341.5596207966842,344.5957921753798,337.45187198784345,338.11663818359375,13602800
2021-11-18,337.07480472247227,339.79346029139595,332.68920729614837,336.0528259277344,17487200
2021-11-19,339.5354903311976,349.35839846097593,337.2533809887532,342.611328125,26488500
2021-11-22,346.332142327309,351.07492208794804,337.8586600494858,338.3547668457031,27116800
2021-11-23,336.29099629194184,338.7417654457569,330.90328294034356,334.62408447265625,17225000
2021-11-24,333.3837596661517,339.1187528920676,330.2185959540677,338.40435791015625,13566200
2021-11-26,333.18533998164787,335.1201687600475,329.315712704807,330.5262145996094,14750700
2021-11-29,334.26684150342027,338.0174075573323,332.69912711837196,335.39794921875,16650900
2021-11-30,332.39159586170115,333.1952865516864,320.9116758657948,321.93365478515625,25390000
2021-12-01,327.7182372061574,327.9265935829965,307.87396527980366,308.1815490722656,30329600
2021-12-02,308.975320750198,312.1504165030923,304.80804163947613,307.97320556640625,24396200
2021-12-03,311.287202841972,311.30703621441194,297.1679915417255,304.4508361816406,27471000
2021-12-06,305.7307773330619,317.6075751777738,303.9547065343744,315.3949279785156,21758300
2021-12-07,319.0661126641519,323.9974151280257,318.5005436838794,320.29644775390625,18794000
2021-12-08,322.469379483908,330.15903391775504,320.5544147436998,327.986083984375,19937700
2021-12-09,326.97413448039777,333.512819595826,325.44611679510473,327.251953125,16879200
2021-12-10,329.97058264885754,332.42135167676867,323.8287774793143,327.1824645996094,14528000
2021-12-13,328.3731442981991,338.43417572097843,327.02371788704136,331.88555908203125,22948700
2021-12-14,325.49568960853713,333.0861485777015,325.09881018765583,331.1413879394531,20461000
2021-12-15,329.9011126857574,339.4462033242894,321.45739496395663,338.9997253417969,24681300
2021-12-16,336.34057631706844,341.7778874543909,331.14135647370017,332.2923278808594,22635000
2021-12-17,330.20866697035297,334.4851050733317,328.1746412454397,331.19097900390625,40012600
2021-12-20,327.21222650534423,327.3312873022695,320.0186773181742,322.91595458984375,17901800
2021-12-21,323.8684263387449,333.38375058647256,321.2291346796741,331.5977783203125,16116800
2021-12-22,331.20087485098674,331.9053682815048,325.7040335196158,327.8769836425781,16764600
2021-12-23,327.5296771099157,334.0485269666962,325.8032050574643,332.629638671875,13987700
2021-12-27,336.2116444421662,345.16140181124365,335.37818850295827,343.48455810546875,17795000
2021-12-28,343.93098110318874,349.963626048627,342.51212302101527,343.524169921875,16637600
2021-12-29,344.20886506827196,346.96721799730705,338.9799096672479,340.269775390625,10747000
2021-12-30,341.3215285234263,344.5263898228477,340.54760301297273,341.6787109375,10593300
2021-12-31,340.34909630287945,340.7658393357724,333.6516545396448,333.7310485839844,12870500
2022-01-03,335.6658703471166,338.4242231212458,334.564527714693,335.9040222167969,14537900
2022-01-04,337.3030828996532,340.41861838888224,329.2859786889718,333.9096984863281,15998000
2022-01-05,330.426939558543,333.1456252268606,321.3184266010709,321.6458740234375,20564500
2022-01-06,320.30638452508464,336.5290820753032,320.20715711438896,329.8713073730469,27962800
2022-01-07,330.1491276753842,334.37596709741774,326.3191978982015,329.20654296875,14722000
2022-01-10,322.7770443947874,325.78345076975626,312.973967948894,325.51556396484375,24942400
2022-01-11,324.23555155700546,332.02443419427567,322.74723119115595,331.7664489746094,16226800
2022-01-12,332.570194559432,333.7509313340387,327.4602998474573,330.6651611328125,14104900
2022-01-13,332.37174337245716,333.0166761967169,323.22353219830933,323.93792724609375,14797100
2022-01-14,319.2844684675813,330.1392892257927,318.7089675405318,329.31573486328125,16868500
2022-01-18,320.7727525971954,321.6855721790978,315.1667516493473,315.6727600097656,22645600
2022-01-19,317.09163067373413,324.5530968357373,316.84357725675176,317.1015625,20814700
2022-01-20,321.3780296650762,325.2675209136267,313.5197136706013,314.0951843261719,16925000
2022-01-21,312.35876856290434,315.83151624705846,300.68042510869054,300.8094177246094,28710700
2022-01-24,295.5209166368451,307.1198968928485,286.7596832302792,306.3062744140625,38878100
2022-01-25,297.6144721826559,303.84557218580625,295.26290058857546,297.8128967285156,25108500
2022-01-26,304.61954838040253,305.11565524775347,288.5853707940254,292.3359375,28348800
2022-01-27,295.4315949100361,299.3607522279332,291.96877918824987,292.3458251953125,21629900
2022-01-28,293.31817127191175,299.54927129206766,290.7483417543587,299.3607482910156,21871600
2022-01-31,298.338767684822,311.3467032774815,296.98937176977,310.8208312988281,21579500
2022-02-01,312.110712917288,317.1710084195929,309.6897092695964,316.5161437988281,18023800
2022-02-02,325.2674620596017,325.4460532362616,314.4027112801285,320.4849853515625,58458300
2022-02-03,242.74505795410397,246.06897966279848,233.91436272380943,235.90870666503906,188119900
2022-02-04,233.14042381897158,240.72093489028182,228.31826526183067,235.24391174316406,89342200
2022-02-07,235.849157043219,236.44449122728196,222.26575116531183,223.15875244140625,88613800
2022-02-08,219.13035728050534,224.01204587812796,214.46694172385483,218.46556091308594,94729700
2022-02-09,222.45430329166842,231.55290089035407,220.47980776459082,230.19357299804688,86563300
2022-02-10,226.49261389613994,233.1702075147075,224.93483120002207,226.29417419433594,49310400
2022-02-11,226.68112672688727,228.6258569131585,217.06657447768202,217.8404998779297,46156900
2022-02-14,217.60236257569318,219.27920598503405,213.1076361709991,216.00489807128906,38184000
2022-02-15,218.75333332612993,219.42803130608593,213.38545412333406,219.27920532226562,42685500
2022-02-16,210.75609571412514,215.76677745313566,210.70648200582244,214.8539276123047,45817500
2022-02-17,212.35357836964496,215.80647777484828,205.54699184434253,206.09271240234375,38747500
2022-02-18,207.75960955144294,209.10902068196484,203.5823835443195,204.5547637939453,37128400
2022-02-22,200.76450085331822,205.86447827017005,198.50225500397403,200.50653076171875,39852400
2022-02-23,202.57034715050102,205.3286999507496,196.50792100175778,196.90480041503906,44481400
2022-02-24,189.5723435178615,206.72772654511968,188.73888765920373,205.9835662841797,49957200
2022-02-25,203.3442685110929,209.6745964633609,201.59796279185824,208.84112548828125,37627600
2022-02-28,206.06291910870078,211.49032886803136,205.21954660842596,209.3868408203125,34239800
2022-03-01,208.23589195453502,210.1012586232327,200.64546292921548,201.90557861328125,27094900
2022-03-02,203.1855050567392,207.52147375619305,200.44700090023863,206.4895782470703,29452100
2022-03-03,207.39251389312045,207.45204429332074,199.85168364150212,201.38961791992188,27263500
2022-03-04,200.7942693856852,204.2868656360038,197.2421427393917,198.50225830078125,32130900
2022-03-07,199.2265616760848,199.32578909187365,185.82176141781613,186.01028442382812,38560600
2022-03-08,186.3873456909563,195.16842766775892,184.66088843878129,188.80833435058594,37508100
2022-03-09,194.21593264667482,197.54977158567297,192.41009628222622,196.95443725585938,31894700
2022-03-10,193.32288838403682,194.75167834752023,189.58225412516933,193.6900177001953,24853000
2022-03-11,191.14003380617865,192.0528685324607,185.2165172013014,186.14920043945312,34694500
2022-03-14,185.57371350137103,190.79275173053884,184.3731434907347,185.1768341064453,31010500
2022-03-15,189.3143563018215,190.7828281781689,184.46243244458515,190.53477478027344,31721700
2022-03-16,193.18398861957286,202.14367638925566,193.00539743531633,202.04446411132812,40640300
2022-03-17,200.12948853216994,206.42011938787329,199.5440861170762,206.2216796875,29499700
2022-03-18,205.090541957238,215.1119050734654,204.3959954860092,214.8043212890625,52128000
2022-03-21,212.82981923288457,213.03819075246523,206.01331658056841,209.84326171875,30142300
2022-03-22,209.72418705211007,217.75120670745483,208.54345042733235,214.96307373046875,31998800
2022-03-23,211.66893523991357,215.1119177429049,210.50804711106318,211.7979278564453,23717300
2022-03-24,213.32591311587282,218.95176212403834,213.11754160891385,217.86033630371094,31502300
2022-03-25,218.79302190096215,223.74417336052977,217.18564066662418,220.09283447265625,40039000
2022-03-28,220.4004213594452,222.29553791114895,217.830576517749,221.8490447998047,26224100
2022-03-29,224.3097380278288,229.09219975413018,223.5357974834285,228.07022094726562,31417900
2022-03-30,227.12762598483724,229.35017482946435,224.94475902387336,226.0758819580078,25588000
2022-03-31,226.67119351331812,226.7108905356395,220.5293889171824,220.6286163330078,24192300
2022-04-01,222.80157604386122,225.51031504373782,220.9659747526021,223.0992431640625,19544800
2022-04-04,224.22041938743206,232.5252573034455,224.10135860325244,232.06883239746094,28054800
2022-04-05,232.25735388242694,235.0157063910786,229.22118278585194,230.0347900390625,29727200
2022-04-06,225.1431706652625,227.20697657807074,219.68599637292556,221.561279296875,28995100
2022-04-07,222.18640019306102,223.76403143713907,216.85821762186922,221.2140350341797,21037200
2022-04-08,220.64846014240237,223.37704747970082,218.31675217999265,220.59884643554688,18375700
2022-04-11,216.719312262378,218.89226266496607,213.5442314837016,214.7745819091797,20516600
2022-04-12,218.52515061375053,220.3012064741465,211.47051060517515,212.47264099121094,20128800
2022-04-13,210.17072426133907,214.92342147285683,209.6845340723609,213.3160400390625,19231800
2022-04-14,213.21678996958275,213.3160173902609,208.3648658420038,208.54345703125,18379500
2022-04-18,208.36486698096425,211.71855397049873,206.6781068000665,209.12887573242188,16580800
2022-04-19,208.88082627442776,216.7292249062666,207.37265725519583,215.61795043945312,20089900
2022-04-20,211.94676758701675,212.49248814621333,197.37114601309614,198.85946655273438,43036500
2022-04-21,200.03025394497672,201.38958163792174,184.13498893603338,186.60560607910156,49954100
2022-04-22,188.88770453092923,191.21941262522995,181.84299681832218,182.67645263671875,36426800
2022-04-25,181.30720237185403,185.72255024091484,180.24554160198022,185.53404235839844,29281100
2022-04-26,185.17684294621372,185.73248018162553,178.10235460110894,179.5410614013672,31747400
2022-04-27,173.07181323676826,179.79903546123612,167.68410058572994,173.5877685546875,71062900
2022-04-28,201.33999482037984,206.90631407931315,191.39800967095255,204.12811279296875,100890600
2022-04-29,202.867995252245,210.82553726399675,198.3434886093317,198.9090576171875,49193400
2022-05-02,199.60361430075616,210.23022894872142,199.42502311439333,209.48606872558594,49915300
2022-05-03,208.81138974545624,213.226738097084,206.46976458796652,210.37908935546875,41556300
2022-05-04,209.00980002605064,222.55352547851587,205.34854436270368,221.6704559326172,41375900
2022-05-05,217.03684194471614,218.45570034538184,204.55479110579824,206.6582794189453,41129200
2022-05-06,205.72554393991226,207.7496679630563,199.45476247796213,202.183349609375,34747200
2022-05-09,198.28396076469102,200.99271477399856,194.0571363094751,194.68223571777344,36303200
2022-05-10,197.95657175877298,201.3797215148441,192.67800216300142,196.11105346679688,34452500
2022-05-11,194.80131449139864,199.107518248461,186.80407461686013,187.27041625976562,31153400
2022-05-12,185.6034850677345,196.50791865624595,183.3412391310792,189.75094604492188,38262200
2022-05-13,191.0804924673125,198.3335712924769,189.79061178927196,197.07345581054688,24549800
2022-05-16,195.5156975710409,203.7709070471389,194.4044080173516,198.48240661621094,27112600
2022-05-17,200.5461906062778,203.86019524944308,196.81547324400356,201.04229736328125,24872700
2022-05-18,198.44272092521723,199.43493452984333,190.1378978992899,190.74314880371094,23960000
2022-05-19,189.71127202020156,193.76942275348446,188.1237390535775,189.80056762695312,24446900
2022-05-20,193.45189338862062,196.36900389432037,186.4071705328154,192.03302001953125,31465600
2022-05-23,193.6701614744556,195.45614885766236,189.7509210562927,194.70205688476562,25059200
2022-05-24,179.14418798829092,182.24980659881354,174.738756702844,179.86849975585938,50406300
2022-05-25,178.99533519495697,184.0060171216073,177.92375778337643,182.3986358642578,28030200
2022-05-26,181.4560393911431,191.32856230221216,180.84085662538251,190.13790893554688,23056500
2022-05-27,189.86999202883518,193.80908116828513,188.32214126028134,193.6106414794922,22562700
2022-05-31,193.3724996128733,196.06140501525076,190.51491972252046,192.13223266601562,26131100
2022-06-01,194.9798733957611,197.9763624658303,183.55950122913978,187.17115783691406,36623500
2022-06-02,186.98266684419815,199.37542128214022,186.26827177623153,197.31161499023438,31951600
2022-06-03,194.45403326777017,195.07913273257265,188.3023114639302,189.29452514648438,19465000
2022-06-06,192.47950247435816,195.38668076457046,186.93301749839526,192.7374725341797,30574200
2022-06-07,190.43555107036437,194.99973973643614,189.99898979915574,194.1265869140625,18828700
2022-06-08,193.15422466525632,200.45691755476113,192.8962545730106,195.10888671875,22267200
2022-06-09,192.76726134545828,197.8970039563833,182.24979089220236,182.5673065185547,23501600
2022-06-10,181.6147791626238,181.6743246989857,173.65723661984313,174.2029571533203,27450800
2022-06-13,169.26170095508755,171.2362113127509,162.75278267813596,162.98098754882812,31749300
2022-06-14,164.73721814492058,165.4516131279456,160.10358258056343,162.4551239013672,27244300
2022-06-15,165.8981189021135,170.81950525732464,162.70318974465354,168.03138732910156,30008300
2022-06-16,162.4452160123095,163.79462714887313,158.36721740504552,159.61740112304688,26944100
2022-06-17,160.42109974328864,164.6082426639391,158.65496061258537,162.46507263183594,31374200
2022-06-21,164.63801100527013,166.45376388238589,154.75557108979552,155.82716369628906,50724900
2022-06-22,157.1467889716582,159.5380121523933,154.22967867369047,154.63648986816406,47267800
2022-06-23,155.05323041722062,158.5061296598179,153.04895461675687,157.513916015625,40499200
2022-06-24,160.4707138331624,168.92437860519823,160.04406921900008,168.8350830078125,68736000
2022-06-27,169.9860407861088,170.41268536583237,166.70180106089464,168.1702880859375,29174600
2022-06-28,168.57707352864495,169.9661815615334,159.35941645073356,159.42886352539062,27744500
2022-06-29,162.29638374229557,165.03488779285908,159.07168958356175,162.6634979248047,28595200
2022-06-30,160.8874320004222,163.9434517587167,157.25594166723448,159.99444580078125,35250600
2022-07-01,159.0617694192781,159.36935323149515,153.7931173068404,158.78395080566406,31423900
2022-07-05,156.90865227351182,166.93993200272172,155.79737792755841,166.88040161132812,28618600
2022-07-06,166.89033737772058,170.2539411358276,164.17168159339727,168.4481201171875,23085900
2022-07-07,168.13058776866583,171.3751304080076,166.4735929101582,170.84925842285156,24083400
2022-07-08,168.65646764813104,171.05762280254982,166.84071489855444,169.54946899414062,19249200
2022-07-11,165.76913276098287,166.1858606545308,160.64930697171704,161.61175537109375,21885600
2022-07-12,163.5168038543085,164.61816155285183,160.83783016973706,161.99871826171875,16639700
2022-07-13,158.91293732025682,163.6953991051211,158.3672168002053,162.21701049804688,16555100
2022-07-14,159.96471295911425,161.3240410450648,156.05538809355392,156.81939697265625,23765200
2022-07-15,159.2899748082911,163.6954058947358,158.57559489965857,163.41758728027344,23342800
2022-07-18,165.45164385786507,170.35318223623105,164.35028598280718,165.9279022216797,23574300
2022-07-19,169.04342159539536,175.11577895763392,168.19011731697498,174.4113006591797,25933700
2022-07-20,176.1079959030853,182.17042155610093,175.32413868697932,181.6643829345703,24784300
2022-07-21,179.2235433302716,182.41847226069277,177.47723774446465,181.74375915527344,27195800
2022-07-22,171.72242605878435,174.23272541696684,167.09870675194256,167.95201110839844,42583900
2022-07-25,167.6840944354724,169.24187701783146,163.5267171273681,165.35238647460938,26166300
2022-07-26,164.6479204044126,164.70745079555678,156.7201286175358,157.91078186035156,28468400
2022-07-27,161.32401870031222,169.53954676474433,160.7584647751414,168.2595977783203,43846600
2022-07-28,159.80591587624482,160.25240895674543,153.64427805738555,159.46856689453125,73214300
2022-07-29,156.4621659776194,158.8930862847135,153.96178345090468,157.86119079589844,42065400
2022-08-01,156.02559756676067,163.90377642591454,154.02132174038147,158.68472290039062,40596700
2022-08-02,157.07732170479792,160.97672875527448,156.779654617437,158.94268798828125,27374500
2022-08-03,161.42323110797926,168.21988510406044,160.31195673384136,167.48565673828125,31721900
2022-08-04,166.98953813993725,170.80955110099563,165.50121786264722,169.2418670654297,23938200
2022-08-05,165.68974659153304,170.27376835954388,164.50901004159635,165.80880737304688,25832700
2022-08-08,166.69189668226872,176.12784324049753,165.82867563352886,168.92437744140625,27299100
2022-08-09,167.63447078054156,168.20995643758116,165.30277809802828,167.21774291992188,18655100
2022-08-10,174.6196924150537,179.07472218493237,172.59556801298828,176.95138549804688,30262100
2022-08-11,178.3107171671491,181.67432074948522,174.99671215406823,176.10800170898438,24079100
2022-08-12,179.402142516149,180.04709045423732,177.51694269092118,179.0945587158203,21274000
2022-08-15,177.56655658180426,180.02724212693158,176.81246453895838,179.4815216064453,15878700
2022-08-16,178.0428056048491,179.58073966791372,175.66148395043294,178.07257080078125,21156700
2022-08-17,175.38367239848955,176.75293202621683,172.81384278005555,173.48855590820312,20118100
2022-08-18,172.9825331762889,174.39147481635746,170.52184743447762,173.300048828125,18844500
2022-08-19,168.87475524203418,170.9782584134384,165.74928839232285,166.65220642089844,26240800
2022-08-22,164.20142956470605,164.20142956470605,160.996568824722,161.78042602539062,19499700
2022-08-23,161.21484215051808,163.76483806382655,159.4487033655709,159.8555145263672,18111800
2022-08-24,159.34952316474363,164.1716822581917,158.52598399302542,161.98880004882812,20891500
2022-08-25,163.89383014741966,167.56503246665474,162.74287391315033,167.46580505371094,15550500
2022-08-26,167.16813731045715,169.589140833169,160.41116535041576,160.5203094482422,24023600
2022-08-29,159.4090526295797,161.78044270679146,157.77189098214532,157.93064880371094,20052700
2022-08-30,159.10144282493343,160.4012401042354,154.69601240594153,155.936279296875,19567900
2022-08-31,165.76910942044498,166.53310288105587,160.8774892078266,161.6613311767578,40953000
2022-09-01,162.30629456131507,166.05686057455924,159.10144902935826,164.0724334716797,30145700
2022-09-02,166.14615820463135,166.62241647598805,157.98024481501335,159.07168579101562,22634200
2022-09-06,158.85340797014467,160.43102400577848,156.46216949199575,157.3055419921875,19339800
2022-09-07,156.5316321109827,159.7067281491609,155.5890320983898,159.1411590576172,16831200
2022-09-08,157.47426472720755,160.96684653255753,156.51181609414746,160.7981719970703,22530800
2022-09-09,161.97887708569115,168.21989423340526,161.75067218718405,167.8329315185547,22086800
2022-09-12,166.0866417456848,170.05549633320575,165.9774976389288,167.64442443847656,23220400
2022-09-13,160.2821885074128,160.3714992434936,151.48125815876136,151.93768310546875,44444100
2022-09-14,152.1361216428672,152.34447803217273,147.88944840773684,150.2906036376953,43064200
2022-09-15,148.63359721808547,152.99933091133602,147.54215622478398,148.3855438232422,34606300
2022-09-16,146.8972457962903,147.4231178621415,143.16651248084165,145.15093994140625,40122800
2022-09-19,144.1091245177036,147.42311467152805,143.97021520406963,146.8674774169922,22169500
2022-09-20,144.6449155574268,147.68108713223123,144.08927829406127,144.95249938964844,23217400
2022-09-21,145.25013796787374,148.4351500589386,140.89432117926867,141.0133819580078,38338600
2022-09-22,140.44784645009264,143.4542526254641,139.77313328922853,141.7079620361328,34418500
2022-09-23,140.3188416841715,141.509494943838,137.80854255554897,139.31671142578125,31710700
2022-09-26,139.028967578612,141.13247074803093,135.12957531950997,135.30816650390625,30497000
2022-09-27,136.84609644027194,138.33441682444828,133.0756817723629,133.35350036621094,30826500
2022-09-28,133.57180591260422,140.9241131987942,133.2245401951875,140.50738525390625,32658500
2022-09-29,138.2748815722821,138.7511398392883,134.1472695516224,135.3478546142578,38985400
2022-09-30,134.99066448664058,139.89220213583388,134.4449439738801,134.62353515625,33166400
2022-10-03,136.07219105782457,138.53287688225336,135.04029543467058,137.53074645996094,27723100
2022-10-04,139.3961004088353,141.28130027797047,138.25504563332407,139.18772888183594,34670700
2022-10-05,137.16359885250762,139.11826064676538,133.73053350188934,137.8978271484375,27979300
2022-10-06,136.6476425779958,140.34859464361043,135.53636831785929,137.9871368408203,36231100
2022-10-07,135.69511293757594,137.21319838280945,131.40875848632146,132.410888671875,33214800
2022-10-10,132.51012367496634,135.05018796059127,130.84319702503913,132.7482452392578,24024000
2022-10-11,130.59514309744893,131.6270536717178,126.00119706886443,127.53912353515625,38481400
2022-10-12,127.3208627550881,128.6603420977581,125.26697323369045,126.50724029541016,34605200
2022-10-13,122.56813925422476,130.11888501437636,121.57592569909303,129.27549743652344,34325700
2022-10-14,129.9799863217405,130.76382843262456,125.53486590146892,125.77300262451172,23559400
2022-10-17,129.2854381123977,133.74046759034007,129.1663621824455,132.99630737304688,29612200
2022-10-18,136.02255010394123,136.76671025641883,130.37685265808165,131.76596069335938,25445000
2022-10-19,131.85527792886984,135.9332768396588,131.19049656696248,132.192626953125,30691000
2022-10-20,131.894983262916,135.70509605295265,130.28760162867042,130.50588989257812,26356300
2022-10-21,125.32649348650858,129.106824762259,124.46327252621275,128.9976806640625,46348600
2022-10-24,126.25919191467688,132.440678957435,123.60005892557997,128.7099609375,63563400
2022-10-25,129.86091947335717,137.27275620010687,129.57316905393745,136.4392852783203,38433200
2022-10-26,130.65467629925334,134.49455312999504,127.5292095937446,128.80917358398438,82791500
2022-10-27,97.21709576502857,101.70189808643511,95.62954788524887,97.17740631103516,232316600
2022-10-28,98.80463544203202,100.06474342579838,96.75075352345948,98.4275894165039,95928300
2022-10-31,97.45521412829655,98.54664749730443,91.87897136447218,92.43461608886719,121361400
2022-11-01,93.59551916910262,96.73091049225727,92.82159370231095,94.458740234375,110189600
2022-11-02,93.47645207623735,94.45874152287298,89.7754992022516,89.83502960205078,71821100
2022-11-03,89.37860046586853,89.75563889838399,87.72160561588133,88.21771240234375,60664000
2022-11-04,89.64649246454535,90.67839546190564,87.40408772855112,90.08306884765625,55638100
2022-11-07,94.04200681828185,96.12565393122965,92.37508761392576,95.96690368652344,81987300
2022-11-08,95.17312866285086,97.03849511420917,94.05192999686678,95.7188491821289,52088300
2022-11-09,100.92797743293154,104.0832172597688,99.95560468906787,100.67992401123047,107677300
2022-11-10,106.28592485654346,111.87208476763833,103.79546657050064,110.99893951416016,80671000
2022-11-11,108.37949366062841,114.00534289363566,107.9627582000439,112.13997650146484,59961700
2022-11-14,110.12579673918653,115.36468387805913,109.93728128327324,113.33065032958984,53395000
2022-11-15,115.16623522640658,117.81544379009492,113.51916454422182,116.16837310791016,50670500
2022-11-16,113.60845848030793,115.17615780277245,111.78278906932832,112.34835052490234,33287800
2022-11-17,109.55031120602072,111.45535957072005,108.94506028234187,110.58220672607422,35093800
2022-11-18,112.91391754527949,113.42986531772654,109.75867780342048,111.17754364013672,33357700
2022-11-21,110.65165588402866,111.49504348891325,108.33980397966518,109.00458526611328,24351100
2022-11-22,109.00458917284487,110.75088726803217,107.47657928580465,110.5722885131836,29029000
2022-11-23,110.8500953924864,111.79269520616867,109.86780612970331,111.36604309082031,21343100
2022-11-25,110.43337451628965,111.85224023892982,110.15554835501273,110.54251861572266,12007600
2022-11-28,109.91742593923475,111.1676172464969,107.53611168682706,107.93299865722656,23309400
2022-11-29,108.68708307062184,110.07618368108777,107.6948694302875,108.60770416259766,23899200
2022-11-30,108.65732322402079,117.23997314960913,108.52833059963122,117.18043518066406,43348600
2022-12-01,118.27184706593415,120.25627408093297,117.47808080192762,119.502197265625,36551400
2022-12-02,116.91253249670689,123.07417815982849,116.69424428941612,122.52845764160156,39950500
2022-12-05,120.80200951633452,123.69927150066809,120.40512255012695,121.47671508789062,35474900
2022-12-06,118.97634026277038,119.61135638173694,112.8543763993124,113.2314224243164,43689200
2022-12-07,112.87421796576824,114.97770589166707,112.00106517842416,113.04289245605469,29461100
2022-12-08,115.48375092633268,116.42635090508423,113.6977632539732,114.4320068359375,30619400
2022-12-09,114.40223953329871,116.62479604138488,112.98337367800491,114.99756622314453,26033400
2022-12-12,114.28315982857858,114.81895606727694,112.25904322793656,113.81681823730469,24747100
2022-12-13,121.1790486702528,122.33994437785942,117.71622519933055,119.21446990966797,44701100
2022-12-14,118.46038259218837,123.17339725161956,118.46038259218837,120.64324951171875,36922000
2022-12-15,117.40864685802285,117.70630642075625,113.122284052751,115.24562072753906,34531000
2022-12-16,119.29385024041143,122.34986252333044,117.8948253630125,118.50007629394531,67064000
2022-12-19,115.9203158462125,116.8827642422822,113.43978186458503,113.58861541748047,29769900
2022-12-20,112.37812621764228,116.41643568951197,111.5843522265664,116.17829895019531,28742500
2022-12-21,115.79132814906961,119.40298517401476,114.71974317671537,118.82750701904297,20392800
2022-12-22,116.28743255420459,117.69638163953562,113.48939046500924,116.20806121826172,23618100
2022-12-23,115.12654391084652,117.25980468548725,114.64036136173881,117.12089538574219,17796600
2022-12-27,117.01175225347482,117.67653356062343,115.14639337715077,115.96992492675781,21392300
2022-12-28,115.34483367860929,117.23004107638656,114.61059771715533,114.71974182128906,19612500
2022-12-29,115.49367072170247,120.0876172098368,114.86857127552733,119.32361602783203,22366200
2022-12-30,117.23995119022268,119.48234825741729,116.82321576562178,119.40296936035156,19583800
2023-01-03,121.86368925998178,125.38605100763152,121.32789294070608,123.76873779296875,35528500
2023-01-04,126.38817443776281,128.04517701826012,124.87008873532221,126.37825775146484,32397100
2023-01-05,125.14790094273111,127.51929845470177,123.57028492333293,125.95159912109375,25447100
2023-01-06,127.96578684693003,129.3151979236821,125.05860074966127,129.0076141357422,27584500
2023-01-09,130.13872678869754,131.91478229886474,128.2733605568084,128.46188354492188,26649100
2023-01-10,126.27901284967068,132.40097609349974,126.15995207065836,131.95448303222656,28684400
2023-01-11,129.94030532233305,132.80780214441828,129.32512256861318,131.8552703857422,25423000
2023-01-12,132.40099536982513,136.6079716671771,130.7340685210791,135.64553833007812,30757700
2023-01-13,133.91907764338632,136.3202328612328,133.79008502400478,135.91342163085938,22423800
2023-01-17,135.11963753309317,135.68520653868867,133.20467259831045,134.3060302734375,21147600
2023-01-18,134.75250654136786,136.18129633514917,131.7659495001832,131.98423767089844,20215500
2023-01-19,131.45838403334974,136.37975496300405,131.11110322074273,135.08987426757812,28625200
2023-01-20,134.8319210690861,138.85038964114324,133.56188872561822,138.28482055664062,28688600
2023-01-23,138.20542835766489,142.6406244467156,137.5803440727501,142.15444946289062,27470100
2023-01-24,140.58672988863236,143.87095407300617,140.25929762463457,142.0254364013672,21970200
2023-01-25,140.12040528118638,142.05521876598272,139.21748727495543,140.39822387695312,26622000
2023-01-26,143.27564745369034,146.36143256354927,142.18422150401676,146.153076171875,25482100
2023-01-27,147.08575448002523,151.99720893784095,146.24236683556117,150.55850219726562,35771900
2023-01-30,148.24662480680917,149.94330143789412,145.8057729000142,145.9149169921875,28040100
2023-01-31,146.79799650042315,148.71297658740454,146.37135192714462,147.81005859375,29842100
2023-02-01,146.87738577590028,152.38417457555312,145.91493732172768,151.92774963378906,55661000
2023-02-02,181.95212522311238,195.6248266993024,178.757196388301,187.30015563964844,150475700
2023-02-03,182.04143493203435,195.23787916833177,181.46594921292,185.07760620117188,76809700
2023-02-06,185.07759341363374,189.21512212589636,184.0754631723348,184.6112518310547,42483800
2023-02-07,184.13501165753016,192.2711605893038,182.9641916734573,190.1279754638672,47080700
2023-02-08,188.52059034038672,189.34412947288163,181.49571599932648,182.00173950195312,36139100
2023-02-09,184.68074948948782,185.1966897369062,175.8897350894869,176.53466796875,37118800
2023-02-10,174.9768576529371,177.4970732939062,172.00021713810386,172.79397583007812,33433600
2023-02-13,176.83232784369244,179.59068073438124,174.45102100596873,178.03289794921875,31463200
2023-02-14,175.78059150506812,180.09671223165176,174.51055911683392,178.08251953125,24034600
2023-02-15,175.04633504206592,176.80255748917412,173.96482576796248,175.78057861328125,25308900
2023-02-16,171.40491964536324,174.48078822465834,170.45238781526533,171.0973358154297,25827500
2023-02-17,168.89459799541382,171.8315417346345,168.37864269096454,171.5338897705078,24171300
2023-02-21,172.95275977485835,176.78270508862917,170.541687860479,170.74012756347656,34592600
2023-02-22,169.7379685762772,171.41479665259644,168.36870911871492,169.78756713867188,22433200
2023-02-23,170.6607575664448,172.33760115330253,168.06116249947036,170.700439453125,20017800
2023-02-24,167.3269194643697,169.39072579815928,166.35455426767354,169.06329345703125,19791300
2023-02-27,170.5417013100807,171.77203664968215,167.74365131521915,168.21990966796875,19277000
2023-02-28,170.56149751299935,176.16751296792663,170.53173231868809,173.5778350830078,46051100
2023-03-01,173.23057502664264,176.46520116867393,171.70257268922543,172.06968688964844,30998400
2023-03-02,171.03776754417396,173.64727874742002,170.09515260956596,173.1710205078125,17352000
2023-03-03,177.52685743761492,185.16689921321293,175.67142283010665,183.8075714111328,45877700
2023-03-06,186.53614946714723,188.18322761199428,183.20231129660337,183.4602813720703,33209400
2023-03-07,187.5283628156589,188.87777386268286,182.5772117015097,183.0733184814453,36701500
2023-03-08,181.44609997913568,183.81748992709475,179.92801435060838,183.52975463867188,19432400
2023-03-09,184.89901827847535,187.45891615214956,178.89612271521787,180.27529907226562,26582800
2023-03-10,179.60059470599492,183.3313278726715,177.40781092790243,178.11227416992188,25665000
2023-03-13,176.57434446133212,182.3490199218457,173.4587942651152,179.49143981933594,24728000
2023-03-14,186.1194196549206,192.80694443695197,185.10735759402482,192.50927734375,41642600
2023-03-15,191.44763715687185,196.24003131413542,189.35406557024092,196.21026611328125,42123600
2023-03-16,196.71628688338527,204.15788979119992,194.5631849255218,203.3343505859375,50447100
2023-03-17,198.99836863693588,200.32793130379721,193.90830773144071,194.0869140625,50141100
2023-03-20,196.9345567047852,197.80770954247785,192.13224637743252,196.269775390625,25186300
2023-03-21,201.61783314955352,201.9651140217964,196.40871090579301,200.5859375,31827000
2023-03-22,200.9232686264753,205.75534436543967,198.1153021172683,198.25421142578125,28477800
2023-03-23,201.26060208984055,206.26136708985172,200.57597228650752,202.68939208984375,27389700
2023-03-24,203.58237521787427,205.96369689550627,201.96507737654167,204.40591430664062,27716400
2023-03-27,203.21525147275494,204.25707871143297,199.7921178085074,201.26058959960938,18527200
2023-03-28,198.5915443892571,199.46469719503838,196.3590638071846,199.11741638183594,19127300
2023-03-29,201.97501242473533,204.1181975874608,200.96295024122955,203.75108337402344,18851100
2023-03-30,201.7964153232587,206.4697330979613,201.24077810622202,206.2216796875,22608300
2023-03-31,205.62634833468755,210.5179540303412,205.16000673960775,210.2897491455078,25440300
2023-04-03,207.21387546311837,211.827677583878,206.57885939268849,211.41094970703125,17924600
2023-04-04,211.7284498584111,214.55626454565197,210.88506228081928,213.048095703125,21026400
2023-04-05,212.48255219823199,213.51446289742063,208.3053411097266,209.83334350585938,19396600
2023-04-06,207.6207189424339,215.25084479932204,207.0253846600838,214.41738891601562,26104400
2023-04-10,213.0381989750547,213.98079891244384,209.019730673576,213.077880859375,16106100
2023-04-11,213.80218866814147,214.33799250651626,211.74831432764745,212.1848907470703,16710100
2023-04-12,213.16718082320352,215.15160815942397,210.92478338366692,212.33372497558594,18972200
2023-04-13,214.05024012163284,219.42803612820578,214.0105582384014,218.63427734375,23310400
2023-04-14,216.1835194200745,220.38057900800283,215.85608709194122,219.76541137695312,21591200
2023-04-17,218.07863523228386,219.25937191854015,215.43935838415817,217.1558837890625,15481900
2023-04-18,218.19771151892738,218.7235835521437,214.52652397270768,216.1934356689453,12281000
2023-04-19,211.80784513578433,215.63779035912322,211.27204129636542,214.02047729492188,15898100
2023-04-20,211.81774575872953,215.06228832700887,211.11328261214717,211.41094970703125,16475400
2023-04-21,208.5732355565436,211.74831617092386,207.9481361196577,211.23236083984375,17717200
2023-04-24,212.01618714236722,212.2543238481798,209.06932678531544,211.13311767578125,15750900
2023-04-25,209.17847205585224,209.61503330899023,205.51720156083385,205.93392944335938,19198200
2023-04-26,210.84539960612796,212.44286418050763,207.25359105527792,207.76953125,41992700
2023-04-27,238.02211474831446,239.80810221766666,234.92641322808916,236.7024688720703,71196500
2023-04-28,237.1489789055397,238.5579204709665,233.91436785871295,238.44879150390625,39554000
2023-05-01,236.76200737278006,242.10012145288675,234.61883747613797,241.2864990234375,29143900
2023-05-02,241.2865218093042,243.01297910850474,237.12915909786122,237.37721252441406,24350100
2023-05-03,237.60540621704422,239.86765214917628,230.93772921497737,235.1844024658203,34463900
2023-05-04,234.22193704205742,236.3452735137011,231.11630366840006,231.70172119140625,17889400
2023-05-05,230.43169483131584,232.85268332838044,228.0603049028967,230.9674835205078,27000500
2023-05-08,229.618073071823,233.7853672287388,228.47703347004094,231.45367431640625,16400500
2023-05-09,229.6577704607354,234.043352831237,229.2807244414687,231.55288696289062,16865600
2023-05-10,234.33108842458907,234.90657414001882,228.92352723267723,231.26515197753906,19119000
2023-05-11,231.2353698430436,236.35519537222126,230.49120968380188,233.9540252685547,20449000
2023-05-12,234.89666530723997,235.11495352176897,229.64784661240037,231.98947143554688,16161400
2023-05-15,235.07525568820336,238.38924563922228,233.4976396213384,237.00015258789062,20653200
2023-05-16,233.9540432740443,237.77407177480512,233.68615649688385,236.96046447753906,18163800
2023-05-17,236.59333148518962,241.94136221960335,236.28574768951486,240.6018829345703,21193100
2023-05-18,239.42114424198073,245.16605431320838,239.31200014059405,244.9279327392578,22943300
2023-05-19,245.5431087203749,246.753610562604,241.51472379688204,243.72735595703125,21733600
2023-05-22,243.49914464158914,251.5956112987984,243.21139421750922,246.38648986816406,27738500
2023-05-23,244.8882489627154,249.65087751904687,244.72949114484263,244.8188018798828,17748100
2023-05-24,243.37013936791575,247.64657736420813,243.04270707822582,247.26954650878906,17724300
2023-05-25,251.4269210658252,253.6296364767489,247.22986176229892,250.7224578857422,22371400
2023-05-26,250.96061197968322,260.26758163108605,250.74233888741432,259.99969482421875,25727200
2023-05-30,263.1846450145921,266.55816503984386,259.255487821885,260.47589111328125,23816500
2023-05-31,257.9755335993669,262.93660155320083,256.43761464566063,262.6587829589844,25473700
2023-06-01,263.8295904214734,271.8665266446984,263.81968887583463,270.4873352050781,25609500
2023-06-02,270.5369640530964,273.2060210618952,269.0089466293334,270.4873352050781,19416900
2023-06-05,268.1953160303984,273.42430092681104,267.46108767771483,269.27685546875,20742900
2023-06-06,268.0366525332248,274.4165800492298,267.5901442077969,269.0090026855469,19419000
2023-06-07,269.5546870369073,272.11458484922684,260.75372680643784,261.5475158691406,26163600
2023-06-08,258.59073953708463,265.56600090360325,256.8642973226566,262.5198974609375,20899400
2023-06-09,260.43622471709676,265.8636340720592,259.6622993556924,262.8869934082031,16949800
2023-06-12,265.0897503979936,269.6340758695962,263.2640505240302,268.93951416015625,15442500
2023-06-13,272.73967540522887,273.5731311839987,266.9947502630428,269.2073974609375,16164000
2023-06-14,269.7729647864291,272.8488026603034,266.2307550388256,271.2215881347656,19175100
2023-06-15,270.1797347425138,281.77871344375353,269.3066122627581,279.6355285644531,25973500
2023-06-16,282.5327816620416,285.6086494323509,277.94876033904234,278.8119812011719,43127700
2023-06-20,276.55971674793904,282.5824304857627,274.0692508402336,282.1160888671875,20701600
2023-06-21,281.3222892323925,281.78863078326714,276.19253217277145,279.447021484375,20556200
2023-06-22,276.90697727173125,283.0388807556065,275.6270434409826,282.6618347167969,17563100
2023-06-23,279.31808843197484,287.41455585917544,276.7780237818679,286.48187255859375,51092000
2023-06-26,286.45208350341085,287.5335927129634,275.4385062924321,276.3017272949219,24232700
2023-06-27,279.8141460043459,287.09698964762225,278.46471986414537,284.81488037109375,26108300
2023-06-28,282.60229241746646,287.29544349247846,281.84820037160534,283.0686340332031,16722100
2023-06-29,282.2847661968472,284.33865559418587,278.50443484346164,279.337890625,15395700
2023-06-30,282.542767890268,286.7993426355483,282.20541888378625,284.7454833984375,19694900
2023-07-03,284.46763593933775,287.1465943473465,282.6320348220263,283.79290771484375,8629300
2023-07-05,285.41026462229314,295.7987432678793,284.1303004714729,292.07794189453125,33865500
2023-07-06,293.5861187368782,295.79873585225204,289.0417631500449,289.7164611816406,47600500
2023-07-07,289.9049993761313,293.893717936311,286.4124179592206,288.2678527832031,25586000
2023-07-10,293.24871963934146,295.8086477039445,284.8149039740183,291.8100280761719,37058300
2023-07-11,291.6115749292531,297.84267521035605,289.6271477024056,295.9674072265625,27585900
2023-07-12,299.40043824994797,307.0404946851265,297.76329195096815,306.93133544921875,36677100
2023-07-13,311.17805244131847,313.77764746289074,307.87399417862326,310.9696960449219,30281000
2023-07-14,309.36230405201036,312.4282406131699,304.9667745464392,306.46502685546875,23054100
2023-07-17,305.1453809142804,309.2828946951575,302.3373994520956,308.2013854980469,25323100
2023-07-18,308.4593967151567,311.75355343232627,305.22477039697566,309.6202697753906,20731900
2023-07-19,310.59263096242654,316.1986319082592,308.1021650649504,313.5494384765625,21763700
2023-07-20,311.05897588766237,313.0831001900084,299.86680724874,300.1644592285156,23836900
2023-07-21,302.1985317891098,303.0815862304324,288.93263955652174,291.96881103515625,42139300
2023-07-24,293.4769299160423,295.2033718464492,286.0551614764398,289.3393859863281,24915700
2023-07-25,292.89154957975995,295.97731949491924,289.5874611705835,292.1771545410156,19585600
2023-07-26,298.8448034126717,299.42027395208453,289.6271309972358,296.2452087402344,47256900
2023-07-27,322.58845435083214,322.8166743609135,307.4274329964879,309.2828674316406,64229200
2023-07-28,314.4126657950555,323.66010426666475,311.80313905459457,322.9457092285156,39220300
2023-07-31,321.16965734963014,323.12431956427827,315.1171476788954,316.1192932128906,25799600
2023-08-01,315.06753789734006,321.6161541887826,312.2099576770772,320.197265625,22817900
2023-08-02,315.5239725768037,315.910950473779,308.2311954565364,311.8627014160156,20461100
2023-08-03,307.5167473332486,313.48989245918426,307.5167473332486,310.7513732910156,15180200
2023-08-04,312.50759107890946,315.9307401558167,307.7846748712968,308.310546875,17612800
2023-08-07,310.791125840305,314.6012230315597,308.0426743557045,314.0951843261719,16236500
2023-08-08,311.9519945905932,315.4148411423422,307.69538915681676,310.2057189941406,15183500
2023-08-09,310.4438188052483,311.1879790598838,300.4919168777885,302.8335266113281,19955800
2023-08-10,305.5422877592659,309.90802196268254,301.503970752123,303.3594055175781,14358900
2023-08-11,300.21410278081095,302.34735615356055,298.021288729232,299.2913513183594,14046300
2023-08-14,298.63648342400137,303.8257415758813,295.9277291848271,303.805908203125,15641900
2023-08-15,303.75628486098515,304.8377940471984,297.6938440429067,299.5989074707031,11623600
2023-08-16,297.8625831522771,298.735705826755,291.9886643642091,291.99859619140625,18547700
2023-08-17,290.76819018544745,293.7448310552386,282.73128406097686,282.87017822265625,23950100
2023-08-18,276.85738220141786,283.4655289505489,272.2435946407065,281.0445251464844,35347900
2023-08-21,281.24294100791803,288.23803437738405,279.6553932823788,287.6427001953125,20181500
2023-08-22,290.27206518004357,290.61934598241027,284.5172386377998,285.3606262207031,12980200
2023-08-23,286.253587402413,295.08428126975525,285.43006354173065,291.9488830566406,18287000
2023-08-24,296.1757836977918,297.12830035290386,284.4081439787186,284.51727294921875,18360900
2023-08-25,283.90210752516674,286.1445201506835,273.8807432156826,283.2770080566406,23701400
2023-08-28,285.75749618346293,289.1806449684755,283.5746143089688,287.9999084472656,14239300
2023-08-29,286.3330045979978,296.8207102483981,285.9361251901025,295.66973876953125,20844500
2023-08-30,294.85613555978125,295.9674099723324,291.14523602077895,292.80224609375,17717000
2023-08-31,293.49676421952233,298.7555143501628,293.3578700641985,293.5860900878906,17229900
2023-09-01,297.038974539007,299.3905158783328,292.17713405399326,294.072265625,12842300
2023-09-05,294.7072634122402,299.04326214464817,293.20904151317234,297.8128967285156,14956000
2023-09-06,299.3607770852688,300.9383931826944,293.35789651003546,296.840576171875,15418100
2023-09-07,295.67965546312854,304.6591765120229,289.9446620146728,296.3444519042969,33748700
2023-09-08,296.89015689806655,302.8732037411154,294.4691532729565,295.5705261230469,17548000
2023-09-11,299.0631442958572,306.63373990822015,298.93415166603296,305.1652526855469,19489300
2023-09-12,303.94477776656885,306.2566524037513,297.8922990504119,299.3111572265625,13480400
2023-09-13,300.00570342701496,304.78818046723666,298.97382303689284,302.6846923828125,13210900
2023-09-14,304.3516116982113,310.4338863451406,302.65493479949475,309.2928466796875,19343100
2023-09-15,309.18365018768327,309.5706280070703,296.4237984522829,297.9716491699219,28131100
2023-09-18,295.86817708684436,301.23605631967,295.4811992467907,300.1942138671875,14234200
2023-09-19,300.1248415190787,303.78611286828567,297.4756173464149,302.6946716308594,15924400
2023-09-20,302.67475378193933,305.66132647870694,297.09851806182877,297.336669921875,19379500
2023-09-21,293.397602964285,297.9220950102227,290.98650066246944,293.4273681640625,21319600
2023-09-22,296.9695699794166,303.00224667263234,295.94759100500147,296.75128173828125,25369600
2023-09-25,293.3380490350795,298.6067009327977,291.41315219064484,298.48760986328125,18987000
2023-09-26,295.34230605304384,297.9617342313641,293.7051596565991,296.6321716308594,19417200
2023-09-27,298.11055118276397,298.9539084139866,284.5569114576174,295.421630859375,36429800
2023-09-28,296.6123599455331,303.9448032957464,294.3898109917405,301.59326171875,22167100
2023-09-29,304.9866526085404,308.2212789671032,297.0290793382049,297.8724670410156,25373700
2023-10-02,300.3827511018216,304.78818213594394,299.28140848326984,304.4309997558594,16265600
2023-10-03,301.89095860230594,304.3813944694725,297.30693602326215,298.5968017578125,17362300
2023-10-04,296.40401336651956,304.51038244443924,296.1757933117586,303.2006530761719,16880500
2023-10-05,302.25805126327083,303.8257355185984,297.1679903566098,302.41680908203125,19130000
2023-10-06,299.09287899662587,313.84709082731973,298.56700698401727,312.97393798828125,21803900
2023-10-09,310.0667164652675,317.83573478984204,309.3920185574278,315.8810729980469,22503700
2023-10-10,316.6352532636189,322.13212602478757,315.6827365233314,319.3340759277344,19038000
2023-10-11,320.49497139971857,326.2795642087612,320.435440997427,325.26751708984375,22036300
2023-10-12,325.4460523014571,327.9662832580327,320.17740064543665,321.6359558105469,20530500
2023-10-13,321.0108492234802,322.5190029215304,309.9377423510793,312.23968505859375,21341000
2023-10-16,316.15897834118726,319.3142105445774,313.0632462556419,318.6494140625,16536100
2023-10-17,315.70251300439446,321.87408274940765,314.8293601998335,321.4772033691406,16387800
2023-10-18,318.8875506594912,323.4021105297396,313.1029282837248,314.501953125,16851000
2023-10-19,317.3892859153871,319.38364490768606,309.3225846372319,310.37432861328125,18709200
2023-10-20,311.6940081053693,312.8449492839968,304.08371614626304,306.2467346191406,22312300
2023-10-23,307.09010941272055,314.88889377974385,304.86756063676694,311.56500244140625,17796800
2023-10-24,314.313469087205,315.8712519348251,308.2113606083932,310.11639404296875,19525500
2023-10-25,307.5862320515774,308.4593849099364,296.5131240641257,297.19775390625,42192500
2023-10-26,292.703011741462,292.703011741462,277.22447353914265,286.10479736328125,66684100
2023-10-27,292.18707503953055,296.9794534570117,290.6888227974808,294.4195556640625,29596300
2023-10-30,296.7611955420491,306.9909164922188,296.7214985151733,300.30340576171875,28435100
2023-10-31,300.94828792866167,301.3154020955398,294.5484984510661,298.9241638183594,19434200
2023-11-01,299.4996780690973,310.3048683139882,299.4996780690973,309.42181396484375,20434600
2023-11-02,314.82935845841877,316.3375424870294,305.92920138835984,308.4494323730469,21631800
2023-11-03,310.1163953056302,313.0930365542395,308.59830948003787,312.15045166015625,16764300
2023-11-06,313.51962485630366,315.8513022995217,312.0015394501464,313.34100341796875,12887700
2023-11-07,314.59127961258827,318.5006040914344,312.66638257356414,316.33758544921875,14055600
2023-11-08,315.6628246309264,318.8279579106293,312.4281988574953,317.2900390625,13609700
2023-11-09,316.9329011458724,321.6558175852299,316.3177032404489,318.0540771484375,16103100
2023-11-10,317.44881977593377,326.53749993312164,316.9725463498959,326.2100524902344,19096200
2023-11-13,323.66009153425944,329.7423355253946,323.1639847295043,326.6268005371094,16908900
2023-11-14,331.9351380866725,335.46741599370006,330.7345378585308,333.69134521484375,17179400
2023-11-15,335.29874106904697,335.7650826812692,327.45032770758064,330.119384765625,14531200
2023-11-16,326.8053833646593,331.97480765966105,323.838674437655,331.5878601074219,18932600
2023-11-17,327.6884943120668,332.88768422104437,326.78557624437,332.4312744140625,14494400
2023-11-20,332.2824138935604,339.2080451684162,331.5878522890542,337.3228454589844,16960500
2023-11-21,335.6956655135957,337.25344837199526,333.2845933625456,334.356201171875,12027900
2023-11-22,336.5687782957013,340.2499126792458,335.9436788615161,338.8310241699219,10702700
2023-11-24,337.4816354360319,339.1981456805994,334.1477818085071,335.596435546875,5467500
2023-11-27,333.56238998285437,337.25342610918796,331.59782626203656,332.09393310546875,15684500
2023-11-28,330.80402373364524,336.7374722413347,330.80402373364524,336.3504943847656,12637200
2023-11-29,337.04504303961954,337.25339941898335,328.20441615570996,329.6133728027344,16024500
2023-11-30,329.305804972317,330.9032544248157,319.88967678227107,324.6026916503906,23146400
2023-12-01,322.9456665570578,324.3148957759636,318.26241754354425,322.2908020019531,15276400
2023-12-04,314.8195348980479,318.3617152617396,311.2177938469335,317.52825927734375,19037100
2023-12-05,316.4963670009987,319.3737809484254,312.93432311312023,315.8117370605469,16952100
2023-12-06,319.42330787127855,319.74082348141286,314.5713992512257,314.97821044921875,11294300
2023-12-07,315.29569659562253,325.6841739294483,315.29569659562253,324.0470275878906,15905100
2023-12-08,320.5743007554703,330.57583118602076,320.48500516162073,330.1590881347656,14087400
2023-12-11,326.83510698467336,327.321312169424,317.50830653616384,322.7471923828125,25802500
2023-12-12,322.0725252153085,331.86566813423246,322.032828194819,331.61761474609375,18485500
2023-12-13,331.32991527829347,335.73534655135336,330.0499814002796,332.13360595703125,16353300
2023-12-14,331.2505341986713,332.0939218599385,326.08110954354635,330.5758361816406,19607300
2023-12-15,329.40498594080213,336.02306402754414,328.64099236363404,332.31219482421875,31776900
2023-12-18,334.85225615932194,344.8537559101192,334.39581610239355,341.9366455078125,18993900
2023-12-19,342.8892080987716,350.84678160666897,342.4327982605504,347.6319885253906,17729400
2023-12-20,345.9352338964191,352.19609871652887,345.08194481295914,346.5603332519531,16369900
2023-12-21,350.2315736784916,353.6348591200321,346.49090896056947,351.3329162597656,15289600
2023-12-22,352.81128655167174,354.4186979641028,348.4852499373512,350.63836669921875,11772800
2023-12-26,352.22586595026877,354.2003914352068,350.69787893895216,352.0671081542969,9898600
2023-12-27,353.297547679764,356.20472662149,352.54345556056035,355.0438232421875,13207900
2023-12-28,356.8992584473952,359.08211028758853,355.0239601332717,355.5299987792969,11798800
2023-12-29,356.19478262042475,357.1969281361714,349.08062742515625,351.2039489746094,14987100
2024-01-02,348.58449167928967,350.41016108257946,337.3625582064885,343.5936584472656,19042200
2024-01-03,342.29384989196654,345.24072541994775,340.5078472895794,341.7878112792969,15451100
2024-01-04,341.8175805411929,345.43915407584143,340.72613954007755,344.41717529296875,12099900
2024-01-05,344.28819338310336,350.7475137214206,343.56389682163444,349.2095947265625,13920700
2024-01-08,351.93818263654276,356.18485571303864,349.3087923232341,355.8673400878906,13890200
2024-01-09,353.6249023605358,357.83190839334617,352.5929917924932,354.6468811035156,13463900
2024-01-10,357.3655998102049,370.0361570840026,356.28406029694395,367.58538818359375,22117200
2024-01-11,369.2324323076566,369.8773650575961,360.1040555578914,366.7915954589844,17205400
2024-01-12,367.27776437721,374.1240316871446,366.6625968326006,371.57403564453125,19310000
2024-01-16,370.74058974438293,372.685319838908,364.3705956613117,364.5987854003906,15306900
2024-01-17,363.4478803135723,365.6704596782648,355.8177542418374,365.50177001953125,12724800
2024-01-18,368.59743859937487,373.91571950102383,368.06166503074314,373.2013244628906,16354300
2024-01-19,376.0489622272857,381.3672126996037,375.02698340921194,380.4643249511719,21670800
2024-01-22,384.9292833279464,387.3105899434806,378.19214441636774,378.80731201171875,17680500
2024-01-23,381.62521323149974,385.35594628431977,379.10498205560805,382.2007141113281,15506100
2024-01-24,386.96330579643376,393.0654134087709,384.7903555799496,387.6578674316406,15698500
2024-01-25,387.1319879715003,392.41054123350926,382.65709501138133,390.1185302734375,15091100
2024-01-26,391.27943181312344,393.7004353737154,388.5409126393493,391.0710754394531,13163700
2024-01-29,391.9144445908541,399.79262308602887,390.03917661129907,397.8974914550781,18742400
2024-01-30,400.4475204468842,403.19594147380514,396.45883230457235,396.94500732421875,18614700
2024-01-31,385.97109583241945,394.90101835810526,384.0858960218771,387.10223388671875,20180800
2024-02-01,390.8726903169646,397.38161014818087,389.98960553780967,391.7061462402344,29727100
2024-02-02,456.021412191709,482.1761501937465,449.48272769119956,471.29156494140625,84707600
2024-02-05,466.2213016515371,468.2255620956706,455.64430171258823,455.83282470703125,40832400
2024-02-06,460.3871547251005,463.4828566103552,449.47280407428997,451.1794128417969,21655200
2024-02-07,454.4338414397377,467.8485587840739,452.6280053703203,465.93359375,23066000
2024-02-08,464.67351189027835,466.9258260140374,461.4091204468022,466.3404235839844,18815100
2024-02-09,469.26745913339795,469.9024601255168,463.8301174160843,464.4651184082031,18413100
2024-02-12,464.5444992074422,475.41915205194476,462.947019526659,465.24896240234375,19382000
2024-02-13,453.3126590561984,464.2468731870275,451.54651991731083,456.537353515625,20916600
2024-02-14,464.2864998480657,470.4183725927847,462.4608304684062,469.5948486328125,16858400
2024-02-15,471.5793000388415,484.8154264310746,468.5431287071876,480.26116943359375,24212300
2024-02-16,474.3872642070569,475.23065188428683,465.556568581848,469.63458251953125,23324600
2024-02-20,466.062559372818,472.4722505574725,462.9271608576115,468.0767517089844,18015500
2024-02-21,463.35878260142675,465.8419486389478,458.68050627412106,464.87847900390625,12921800
2024-02-22,477.00621413077533,486.69056087896115,472.85436813311964,482.8565673828125,21625800
2024-02-23,484.76364134369345,491.0311497339842,479.1020412033738,480.7707214355469,18374300
2024-02-26,480.2144859744723,482.86652048024735,477.3638163849019,478.4961242675781,12101400
2024-02-27,476.7479852894886,483.9888750302903,476.68839173449226,483.7703552246094,10809600
2024-02-28,481.73418465032995,487.7434340041243,479.4993353400965,480.7607727050781,12715500
2024-02-29,485.1510282882917,488.3890863550295,479.36026837522473,486.82965087890625,17732000
2024-03-01,488.7962772842843,500.8545450353312,488.5380486516633,498.91766357421875,16273600
2024-03-04,499.6129971227631,501.02344874221626,493.07731757525386,494.83538818359375,12324100
2024-03-05,491.66681804477713,492.24289916092766,484.6047092081151,486.91900634765625,15325300
2024-03-06,494.2791810340301,499.58322016092893,490.96167477767403,492.7495422363281,11757900
2024-03-07,499.8911121312514,516.3495133273082,498.0039120353607,508.7411193847656,18586400
2024-03-08,510.72765736734266,520.0445011354961,495.9875874923853,502.54315185546875,18597100
2024-03-11,493.66329582884157,493.9712059583507,472.79476106595894,480.3336486816406,20428300
2024-03-12,489.9385984033987,498.9276472763487,481.46603715056744,496.3848876953125,15448200
2024-03-13,492.05425155124124,497.6066070345607,487.72359432803495,492.2330322265625,12090700
2024-03-14,496.8914470652399,497.9741037778643,484.8729178506202,488.5181884765625,12620000
2024-03-15,485.71724349168346,488.5182318843105,478.059137225896,480.8403015136719,29153600
2024-03-18,488.5976468076453,494.0705540169501,483.5319824334074,493.6335144042969,11755300
2024-03-19,484.88286188860536,493.28588697301825,478.039241983051,492.89849853515625,10903100
2024-03-20,496.13654476437773,504.7779741854075,491.835714780714,502.1159973144531,11711100
2024-03-21,511.24415578806696,511.5718900411895,502.6027262330663,504.3409423828125,9712500
2024-03-22,503.5860676514322,506.5360700886192,500.9439753750218,506.148681640625,8120600
2024-03-25,502.3841796013196,503.80454316153504,496.87153334771386,499.6328125,8380600
2024-03-26,501.7286132388113,506.56581529176225,491.87539816091817,492.55084228515625,11205400
2024-03-27,495.93788686349995,496.5239406969625,484.78352491807254,490.5345153808594,9989700
2024-03-28,489.521395786928,489.5710772928442,481.8831749511718,482.3102722167969,15212800
2024-04-01,483.919393448101,494.0804891364972,478.5358763202007,488.04144287109375,9247000
2024-04-02,481.83353672480007,494.17983080247325,481.38655471994537,494.0209045410156,11081000
2024-04-03,495.57038140236386,503.82442249033096,495.3916007311355,503.3277893066406,12099200
2024-04-04,512.9426409502,526.4312162585362,507.1419685443488,507.4797058105469,26476300
2024-04-05,513.3795907460255,527.1264226237954,510.94607625503056,523.7890625,19263300
2024-04-08,525.7159681793986,527.9110477017449,515.3959177184777,515.7534790039062,13260600
2024-04-09,518.7134999304255,522.3290042268167,503.3278128790067,513.41943359375,10863800
2024-04-10,505.8606751200009,519.0413099030587,502.3941546225541,516.3297119140625,11418500
2024-04-11,517.6010230992423,520.3325056145172,513.8067382940332,519.63720703125,10369500
2024-04-12,514.26364759941,516.6872198942802,505.90033167824595,508.4530334472656,11984500
2024-04-15,513.2405867962719,515.0384571853876,493.93151580388917,496.8616638183594,13512900
2024-04-16,494.75592258091154,501.3710805844467,493.7626561595775,496.39483642578125,9847900
2024-04-17,499.712298834283,499.7718923893726,483.85977662669706,490.8424377441406,12193700
2024-04-18,496.45443341487936,508.76101901000555,495.67968681337135,498.42108154296875,14808700
2024-04-19,499.41431669209027,499.41431669209027,472.52661920207805,477.8306579589844,25215400
2024-04-22,486.4224254546389,488.69701401127566,470.2123104372898,478.4862365722656,17271100
2024-04-23,487.94214263107534,495.4015833562038,485.67749634188175,492.7594909667969,15079200
2024-04-24,504.6389278841395,506.56586713703933,481.317021755362,490.1769714355469,37772700
2024-04-25,418.56245488313147,442.76835220036213,411.7089227857851,438.4079284667969,82890700
2024-04-26,438.48738968690355,443.433867420502,429.05135860219434,440.3050842285156,32691400
2024-04-29,436.60014947867506,436.7988148712777,425.6742197513567,429.7068786621094,21502600
2024-04-30,428.147455924362,436.65975597546355,426.8264249918601,427.2734069824219,18429500
2024-05-01,425.71397863682915,446.93013406880516,424.23399111108887,436.232666015625,20344900
2024-05-02,435.88499880227045,440.9705176340693,429.3691740100177,438.70587158203125,15221300
2024-05-03,442.92726154360383,451.11179697891964,440.86128084790545,448.9166564941406,16489100
2024-05-06,452.512314351539,463.02109033010055,450.28740721128406,462.5443115234375,15094600
2024-05-07,463.150215285953,468.3549217147275,458.2037375185185,465.0870666503906,13406800
2024-05-08,460.3789341022437,472.3775777745394,459.88230094787235,469.41766357421875,11683900
2024-05-09,466.8352023225762,472.8742486238149,464.48116583313845,472.2187194824219,9437700
2024-05-10,473.87742999258705,474.2846728255521,466.4378748768234,472.9934387207031,10750000
2024-05-13,469.56665421428306,470.16262007051995,459.73332367866385,464.85858154296875,14668800
2024-05-14,460.24982000044906,469.35808569307136,456.9819652481851,468.6727294921875,10478600
2024-05-15,471.7816605384409,479.25101255755794,468.02711495824536,478.2974853515625,13100500
2024-05-16,471.8015582324169,474.4734473766368,469.56670874605277,470.0434875488281,16608200
2024-05-17,467.65958568158874,469.6163216180006,465.2658404350713,468.7323303222656,10807300
2024-05-20,466.78555537893186,470.01367116907085,463.89514652631107,465.6830139160156,11745100
2024-05-21,463.97456625143184,467.53047671083374,459.1572184570371,461.5013427734375,11742200
2024-05-22,464.71951728620587,470.53013143312546,462.51446480062907,464.630126953125,10078600
2024-05-23,469.6957821377868,471.165796891298,458.43214570916444,462.6435852050781,11747900
2024-05-24,464.4712774492772,476.6189376976696,463.16015838994645,474.9999084472656,12024300
2024-05-28,473.37090944104057,477.6220886169313,471.64263552507384,476.6884460449219,10175800
2024-05-29,471.4638306252424,476.6188856395713,470.51030337355337,471.16583251953125,9226200
2024-05-30,468.4940068622727,468.55360042520306,461.5808504414888,463.90509033203125,10719600
2024-05-31,462.66346029491183,465.9611118987805,451.3998233629331,463.6865234375,16919800
2024-06-03,467.68938886665507,476.370557560807,465.08703582474993,474.2747497558594,11279400
2024-06-04,473.78801853460345,475.66530636538874,470.0434155478428,473.778076171875,7088700
2024-06-05,481.18789892832643,493.30573030037567,480.65152660799043,491.7264404296875,15690500
2024-06-06,489.6604646276873,499.4342020437463,487.58454155763394,490.4352111816406,10667300
2024-06-07,492.57077317803936,495.5505725541797,486.86943340489194,489.640625,9380700
2024-06-10,490.53452930197295,499.2752918011658,490.087577609636,499.2156982421875,11220900
2024-06-11,496.792112209235,504.18201644117164,494.914824216535,504.0528869628906,9673700
2024-06-12,510.52895078627483,510.5488355125895,501.0730662457402,505.41363525390625,11983200
2024-06-13,502.30477188866905,505.93018839723624,497.98405673480437,500.70562744140625,9954600
2024-06-14,499.76105901416054,504.2351956755983,497.8719851588786,501.26239013671875,10243300
2024-06-17,498.786716272725,507.8145165497157,493.15924290347647,503.71820068359375,11266600
2024-06-18,501.6600694232584,503.0917955375381,492.1748915017007,496.61920166015625,13060400
2024-06-20,499.1148224913511,500.7752377414344,493.9148702900185,498.8165588378906,11801200
2024-06-21,500.55649337523585,500.55649337523585,489.5600618320149,491.9363098144531,22359200
2024-06-24,496.33088323813683,504.88143086237153,491.4490995948573,496.04254150390625,13525300
2024-06-25,494.1932043482864,507.77469745154934,492.65212507473245,507.66534423828125,12063200
2024-06-26,503.7381129188355,510.8569657298351,501.7794339307379,510.1709289550781,8882300
2024-06-27,511.294373925033,519.8747782877508,510.9464098062174,516.5738525390625,10121200
2024-06-28,514.1777300033583,518.8805251412638,500.94420066099576,501.322021484375,15855100
2024-07-01,502.0478865791812,503.668492907454,490.33559160328457,501.7794189453125,10328200
2024-07-02,497.8818980210312,507.5659077862411,496.5794296566328,506.5716552734375,7739500
2024-07-03,503.45968950388533,508.34147346230577,503.111695021788,507.029052734375,6005600
2024-07-05,508.659626943001,537.7613890905714,508.659626943001,536.806884765625,21354100
2024-07-08,539.2330378767831,539.6904160587172,523.6233158411529,526.2779541015625,14917500
2024-07-09,530.6823659932838,534.3909090570122,525.1543235402414,526.9539184570312,8753200
2024-07-10,527.7392732226358,535.782802810221,525.3232468812585,531.6168823242188,10983300
2024-07-11,527.8387522591509,532.3824937070442,505.44816535369097,509.7532958984375,16458300
2024-07-12,494.89917130590845,505.16978705228513,491.3894609308073,496.0027770996094,19750500
2024-07-15,495.764185294849,503.76790669294775,490.5344068407608,493.3083801269531,12539200
2024-07-16,498.6176334574685,501.05356424233753,482.99793503081224,486.9749450683594,14075800
2024-07-17,476.41602998115064,476.41602998115064,456.4812472174527,459.3347473144531,28076600
2024-07-18,472.26999151459347,476.4856128872466,461.8701176709462,473.1151123046875,19267200
2024-07-19,473.3238673312673,483.91265093835443,472.975872869739,474.0496826171875,15149400
2024-07-22,483.78333853020865,489.2318528203752,481.11874927519335,484.5986328125,12023100
2024-07-23,487.0246404087884,492.3737237074945,484.91682996591794,485.8812561035156,9455500
2024-07-24,469.5954226900346,473.5624806822974,457.93282927520823,458.6188659667969,17649700
2024-07-25,460.5974713733936,460.88578278239254,440.10590941212183,450.8040771484375,18240500
2024-07-26,461.5320586336811,467.0700224305545,456.7795325266989,463.0234375,14222400
2024-07-29,467.1794022788637,471.23593941244997,462.3473190124621,463.0333557128906,11339600
2024-07-30,464.315962513696,470.0130408141906,454.07517290776104,460.5278625488281,11390400
2024-07-31,468.31279159678667,473.761306103278,464.06734443589716,472.10089111328125,24285800
2024-08-01,518.0055653777843,524.1400864636705,489.2716734818862,494.8792419433594,43083100
2024-08-02,486.1894847459628,498.2696468567978,473.4133337307261,485.3344421386719,24044700
2024-08-05,448.7559059334732,480.7012460328518,448.2090488117456,472.99578857421875,21396200
2024-08-06,476.24694705318433,499.6715335038331,475.8989526100752,491.2502136230469,20955000
2024-08-07,500.2383060346242,507.21794823147314,484.0617971194812,486.1099853515625,20105300
2024-08-08,494.64066933875364,507.0290482599496,491.876648319754,506.7009582519531,16156800
2024-08-09,504.7919803564355,515.3609207187151,502.7935532579475,514.794189453125,13696600
2024-08-12,513.8893622667638,515.0427292166193,506.1739830538234,512.984619140625,9767400
2024-08-13,517.0212549519154,528.4452065274616,515.1719598564413,525.502197265625,13743800
2024-08-14,525.0250602739767,530.9309235361922,520.1234019137161,523.7325439453125,11444200
2024-08-15,528.73350167096,536.6676776843767,523.6727905580083,534.24169921875,13482100
2024-08-16,528.842964640351,530.5927981833395,521.6445250806896,524.388671875,14776700
2024-08-19,523.8417936399916,528.6042411215221,519.7554305554554,526.2379760742188,9879700
2024-08-20,525.3133210272216,528.0376240435813,522.8575463080886,523.70263671875,7944400
2024-08-21,524.1202555369616,536.2998492635563,523.9014884202904,532.0841674804688,13423300
2024-08-22,533.9136709320021,541.1020981439891,525.5520328797932,528.872802734375,15708300
2024-08-23,533.834047542885,536.7671046219766,522.0422271868836,524.96533203125,11323900
2024-08-26,524.5677385474166,524.965463930204,511.99047738471285,518.125,9584000
2024-08-27,515.9971496313474,520.9982688988101,512.3482599012927,516.116455078125,6282700
2024-08-28,514.6946530207725,518.095040120393,509.5046843177006,513.809814453125,9106100
2024-08-29,516.0667627034325,524.169945083232,512.7161365376401,515.2415161132812,8317400
2024-08-30,518.3535299929398,520.5309454515676,512.2389133705824,518.3137817382812,9157500
2024-09-03,516.6534100228187,522.4697631708141,505.69672749483755,508.8186950683594,12459100
2024-09-04,503.161382437288,513.6209384157157,501.17287738796614,509.79302978515625,8335200
2024-09-05,508.7789010834829,518.6319472042396,508.2121698645864,513.8893432617188,8640900
2024-09-06,518.88052782919,521.5650218623427,495.38633511921387,497.39471435546875,14744500
2024-09-09,503.25085399381305,508.3911224777812,499.1942867622704,501.88873291015625,11047800
2024-09-10,505.23935901338297,511.22474819910406,497.1560812540827,501.88873291015625,9899000
2024-09-11,504.096000860634,510.1708694464899,492.75157549409465,508.8882751464844,10782500
2024-09-12,514.0783146741212,523.6828291466688,512.25881535378,522.5791625976562,11970500
2024-09-13,517.3493672277767,524.5477455442109,514.1378904204591,521.604736328125,10321400
2024-09-16,522.0227173210484,531.5368365725262,514.9170282546622,530.7208251953125,9527600
2024-09-17,535.0201027147613,539.4985077957741,528.0238703630636,533.7462768554688,11690800
2024-09-18,534.4926873694405,541.5884764077421,531.3379167409221,535.3684692382812,10323500
2024-09-19,547.360625106574,559.3727101138928,543.8973445888765,556.4169311523438,15647000
2024-09-20,557.3126307061377,561.791035774312,553.6303743905208,558.6561279296875,22066800
2024-09-23,566.7670162500528,571.2254976602934,559.7110138514457,561.701416015625,12830700
2024-09-24,563.9605473092387,565.0254197663409,551.5304953936857,560.6266479492188,12993000
2024-09-25,561.3431364723867,574.1115828691105,561.0147031201811,565.5827026367188,16543400
2024-09-26,572.967080344701,574.6291098304922,559.6512854533856,565.114990234375,14400800
2024-09-27,567.3641092966835,568.1006091166316,561.8009692958777,564.6372680664062,9398400
2024-09-30,564.975688534177,571.9221729211617,562.0895809864053,569.6929321289062,12792300
2024-10-01,575.2061932443959,580.2419073380642,567.3640053407356,573.7034301757812,15259300
2024-10-02,572.1012461423841,573.2357898880107,566.6077777940206,570.0610961914062,6524700
2024-10-03,567.4138356986169,580.5604011358083,566.0006066407063,579.9732666015625,11581000
2024-10-04,580.9287120013399,593.9857454241755,578.6397616460487,593.0801391601562,14169500
2024-10-07,595.3491999625717,600.0565426843976,581.2372550118221,581.9737548828125,12014200
2024-10-08,586.8601441089934,590.7115675395601,583.1579643993507,590.0447998046875,7857400
2024-10-09,591.1394274753203,591.53753216899,578.8188343358976,587.6761474609375,9529700
2024-10-10,584.7503015704497,587.397509697218,579.7245483018079,581.0282592773438,7740400
2024-10-11,582.023532257207,588.3729207448063,579.9137105818194,587.1189575195312,8587100
2024-10-14,591.3683608695632,597.2201481215791,587.1288552616571,587.5866088867188,8252000
2024-10-15,587.3277674752023,587.7756200523332,577.3558952346164,583.4564819335938,9564200
2024-10-16,578.6098955081545,579.2866249105597,571.275268873164,574.02197265625,11268400
2024-10-17,580.5306267288739,582.162710233978,572.4396375946716,574.1613159179688,8701200
2024-10-18,578.3112151741226,581.1674368803633,572.4893142414454,573.7034301757812,7694300
2024-10-21,573.2657832810348,574.469937872458,566.3789471598502,572.39990234375,8171900
2024-10-22,571.5339961936412,580.7297050326658,569.3744268963089,579.2169799804688,8544500
2024-10-23,577.1867042398765,582.192594507908,559.8005716422192,560.98486328125,14248400
2024-10-24,564.4084538185217,566.15005589508,558.8253897398115,565.0553588867188,7184700
2024-10-25,571.1757528879629,578.5004183141831,568.9763366172681,570.4990234375,11337900
2024-10-28,579.2070359341649,580.948637846338,571.3648464645419,575.3854370117188,10925100
2024-10-29,577.365987086118,590.8210656933186,572.6387814957556,590.4329833984375,13019100
2024-10-30,598.0958371766848,598.3148129678752,586.5515306527154,588.9598999023438,26864900
2024-10-31,582.1925226935432,587.0690313685568,560.3080647643856,564.8561401367188,26838400
2024-11-01,564.8860850679225,570.917001339198,559.8603316322354,564.438232421875,15303200
2024-11-04,561.392889439504,565.9608889972419,555.2127297782872,557.9893188476562,12064600
2024-11-05,564.577596671882,570.7279324508698,563.9506150919713,569.6829833984375,9775400
2024-11-06,560.0493909181008,570.2502016811582,552.5057499508582,569.3047485351562,18305400
2024-11-07,574.1216080144851,591.9456339468819,572.4496773656942,588.8605346679688,14653700
2024-11-08,588.70123463837,590.2537459189086,581.7149642470737,586.5118408203125,9415700
2024-11-11,583.5460928122134,584.1830360838699,573.7433864354757,580.3713989257812,10209100
2024-11-12,585.7156075410013,596.78223842264,577.5947936518803,582.0134887695312,16287700
2024-11-13,579.8140739533536,582.8295623160514,572.409775650482,577.2166137695312,10757600
2024-11-14,574.2310533344881,577.9730193106801,570.2602105353902,574.3902587890625,11053700
2024-11-15,568.4786575942975,569.8222153223612,548.8533240134138,551.4209594726562,17712900
2024-11-18,554.3667253091998,557.2130462415905,547.4501271758751,551.7394409179688,14327300
2024-11-19,549.2116526423954,558.7357342533962,547.9576895646346,558.3973999023438,9522400
2024-11-20,560.2284939812367,563.6320644076252,551.5404086524625,562.8060913085938,9797300
2024-11-21,566.7869532039366,567.2646302971915,546.4151549825543,560.3878173828125,11154700
2024-11-22,560.8455359497274,561.1242213982047,551.9285734744715,556.4567260742188,9164000
2024-11-25,559.402445590544,569.8421548761189,553.7198868796414,562.3980102539062,13599800
2024-11-26,563.2838034841143,574.7286157457173,562.4876547795837,570.78759765625,10356600
2024-11-27,572.131141178584,572.2206752566353,561.3928830685265,566.4684448242188,7200200
2024-11-29,566.2693661906345,575.6839894711363,564.1794683979023,571.5638427734375,7130500
2024-12-02,574.7286569743601,591.647076313865,572.8079260678282,589.985107421875,12522400
2024-12-03,592.144556388366,611.2524264908596,588.4125528817166,610.705078125,14907200
2024-12-04,610.0184005822902,614.8152764849832,602.1960748947224,610.83447265625,14697000
2024-12-05,614.1186640967649,616.9251382698544,604.136768682784,606.0077514648438,8081200
2024-12-06,607.1722282160489,626.7677422864213,605.6098157842272,620.7766723632812,16935500
2024-12-09,620.9257943920775,623.3939341906389,603.260976543077,610.62548828125,11426000
2024-12-10,614.5963368840676,622.5878301971734,609.7994606988705,616.347900390625,10938900
2024-12-11,620.37847939692,635.3363804725623,618.547343463704,629.643798828125,10837200
2024-12-12,628.4694319605399,633.6046423977135,624.2000415346207,627.7628173828125,7474700
2024-12-13,624.2100126233092,628.051535081657,613.9296288656519,617.3729858398438,8453300
2024-12-16,627.4624746323816,628.6278428855253,616.1080674222911,621.7454223632812,10885600
2024-12-17,623.6676857660912,629.842921517428,614.0761642573996,616.964599609375,12897800
2024-12-18,618.5183765194273,624.8529462687603,593.9370093659079,594.8035278320312,17075500
2024-12-19,607.9507863504745,609.0762755305054,592.6222729689903,593.1900024414062,14958100
2024-12-20,588.219910849056,600.6998062071282,577.68217416769,582.9111938476562,48989400
2024-12-23,587.2438414694396,598.6879766892466,583.907252912156,597.452880859375,10205800
2024-12-24,600.3113609374378,605.5603202398497,596.8851663404314,605.3212890625,4726100
2024-12-26,603.0603968908488,603.8771273499036,596.5465535400348,600.9389038085938,6081400
2024-12-27,597.0145990738104,599.4448507288726,587.4430173370732,597.4130249023438,8084200
2024-12-30,586.3971578659622,594.554430315314,583.2398432689357,588.877197265625,7025900
2024-12-31,589.9032228392957,591.5963807603267,581.5168266078615,583.1702270507812,6019500
2025-01-02,587.3634208812482,602.4927233305804,585.4710498488531,596.8453979492188,12682300
2025-01-03,602.3432304664586,607.0642784591316,594.026562777383,602.2137451171875,11436800
2025-01-06,609.384995443752,628.4684006727375,603.1997902301983,627.6815795898438,14560800
2025-01-07,629.1755858278557,629.5739508561447,605.7993460257709,615.4207763671875,12071500
2025-01-08,610.9487626580363,613.976592361968,600.3811160103171,608.2794189453125,10085800
2025-01-10,607.592206559942,627.3927055003096,594.9529163376031,613.3988647460938,19256600
2025-01-13,604.6739217603003,606.5364441234269,596.0585248079975,605.8990478515625,10785000
2025-01-14,602.6519501500198,603.0702546714332,586.1979500070421,591.8751831054688,13598000
2025-01-15,607.7715100133968,619.972556750708,604.0763139738187,614.6538696289062,15524300
2025-01-16,609.0563296194044,613.7873477153851,607.2735046849263,608.8571166992188,8355300
2025-01-17,621.5562428618572,622.4725494595965,601.2576778233948,610.3213500976562,17280600
2025-01-21,615.3610413311562,619.0163582351468,606.5762805693779,613.9965209960938,11674000
2025-01-22,620.8092099161343,631.1676746458771,616.9546797410454,621.0084228515625,12274000
2025-01-23,624.8529151272735,634.0559803027825,618.6677705767347,633.9066162109375,9910200
2025-01-24,633.8569381276853,649.394575431947,631.6657172793263,644.902587890625,19065300
2025-01-27,624.1059156551349,661.2170263231972,622.601940216737,657.2429809570312,28399200
2025-01-28,663.3385855806857,679.8523469699959,656.8346510497705,671.6353149414062,20950100
2025-01-29,672.3025851139503,678.3283961259809,663.0098523603809,673.78662109375,21377800
2025-01-30,694.0354655916807,707.9496113098508,673.3982325567493,684.2546997070312,29322900
2025-01-31,688.2386987585822,702.4815424501834,682.8403746118678,686.4259643554688,19303900
2025-02-03,673.2088612929582,701.1866331034283,672.551525572571,694.6727905273438,21415700
2025-02-04,699.6926666804768,704.8818683424153,688.846170752285,701.3759155273438,13826300
2025-02-05,700.7385512118227,715.27027526588,696.2167152646796,702.0532836914062,17778200
2025-02-06,703.0591459116995,716.0271344480996,700.6886520762018,709.1447143554688,13080700
2025-02-07,713.9354687323457,722.1126813232647,708.9056620031818,711.6646118164062,16427100
2025-02-10,715.688479736199,718.317944327383,708.4873917995161,714.5331420898438,12904300
2025-02-11,710.4694377796111,720.7680830266086,707.2025161364162,716.9235229492188,12998000
2025-02-12,712.4415265910553,724.1943596127884,709.7523040950127,722.4812622070312,12016500
2025-02-13,718.6367143797072,726.0868036941785,715.170579657767,725.6485595703125,12569100
2025-02-14,723.2382463806609,737.9491818288359,722.7203049282167,733.7261352539062,16901200
2025-02-18,733.058823348987,734.0548271850589,703.6169523863489,713.5072631835938,21938700
2025-02-19,701.2862790989086,704.1747145500551,692.6111245629734,700.9576416015625,17535500
2025-02-20,694.493483863144,702.8100903787465,690.8680158326665,692.063232421875,12587400
2025-02-21,693.7964419712561,701.0572888134465,679.6332343243371,680.8184814453125,15660400
2025-02-24,683.5375152106747,684.5235492434307,659.8027276987779,665.4600219726562,15677000
2025-02-25,663.3086823740839,665.330599453422,639.2950431423949,654.87255859375,20579700
2025-02-26,657.0139106659047,680.2805441243983,655.3704801302349,671.0077514648438,14488700
2025-02-27,679.7227696836991,685.8980050768483,654.9421915809927,655.6094970703125,12500000
2025-02-28,655.41029188353,666.9540022019403,640.0319914083209,665.5297241210938,17534200
2025-03-03,670.9878686638693,678.5276251290609,648.2391746953033,652.4323120117188,10843800
2025-03-04,642.9304346142569,647.1534810781478,621.1578057314852,637.4424438476562,21495200
2025-03-05,638.4385278595232,656.8646008164674,635.1118479396844,653.8466796875,13770000
2025-03-06,645.4104577126469,647.9602249904791,621.6159125135576,625.420654296875,13446500
2025-03-07,622.8709097782997,632.2532488274342,598.2098452417057,623.1597290039062,21375700
2025-03-10,605.6400777825496,607.6719037832956,584.5247836759429,595.600341796875,21999900
2025-03-11,592.6721150475107,612.4726776603288,590.9590175004934,603.28955078125,17401500
2025-03-12,627.3828744482781,630.7991604950519,606.9149458816227,617.0841674804688,15747000
2025-03-13,617.771383307468,618.0203842680918,584.1662233882897,588.2797241210938,16480300
2025-03-14,600.9252068633762,606.9663570960139,592.9301914090029,605.7102661132812,12364500
2025-03-17,605.5707735579393,611.1931864721827,596.1401729971761,603.0187377929688,15473900
2025-03-18,598.1837512328132,598.3831413748485,572.8727029614505,580.5487670898438,20297700
2025-03-19,582.4629387558325,590.4779127315381,572.9825047893515,582.2435913085938,20537500
2025-03-20,580.9475159470894,608.3021747925519,577.707624061599,584.1774291992188,24336500
2025-03-21,581.6055148479699,595.6815960079244,579.1432258888485,594.3956298828125,25015900
2025-03-24,613.0573552722462,620.6038191496141,610.2960116120224,616.92529296875,15741300
2025-03-25,624.81079529283,631.9086473292332,619.2481319746062,624.3621826171875,15312500
2025-03-26,622.9465455616044,624.8007461767364,604.7233689444203,609.0797729492188,12609800
2025-03-27,600.1277194388429,612.3396207064936,598.2336042918504,600.7059326171875,10436500
2025-03-28,598.4429920373162,599.8785159717515,572.1350521556752,574.9462890625,17602800
2025-03-31,561.7475141060938,576.9002542510486,551.5792239532071,574.5675048828125,21124700
2025-04-01,569.0646064376122,588.0752415879734,568.227192224496,584.1774291992188,12836600
2025-04-02,573.121925548239,590.8167206530089,571.5767584264657,582.1138916015625,13470800
2025-04-03,544.5211822460076,550.8414911032017,528.6507117752637,529.9666137695312,34777500
2025-04-04,505.0443845169023,516.3889970810194,492.6630283031205,503.1602783203125,38589800
2025-04-07,483.591294981514,537.6924987241373,480.40123514295635,514.6444091796875,36606100
2025-04-08,541.5604660254379,545.7274587202911,501.29606629091035,508.86248779296875,28034200
2025-04-09,507.68613102008703,586.06164400195,500.54839536763654,583.9482421875,39216600
2025-04-10,573.7002672016247,579.4921961810471,533.6352521175596,544.591064453125,28173500
2025-04-11,533.8445854574395,545.6976224228102,526.9461235413648,541.8795166015625,17642300
2025-04-14,554.4402405149555,556.0353008675298,526.6370273527008,529.8270263671875,14130900
2025-04-15,530.4551018896253,536.2669873917704,515.8905541802854,519.8980712890625,15558700
2025-04-16,506.92850187672303,511.77337227474317,494.0885548667942,500.7477722167969,18735100
2025-04-17,503.67864377215466,505.72225598652767,496.4611703190648,499.9203796386719,14593500
2025-04-21,489.8019182716785,491.9651828161341,478.3077785405203,483.1526794433594,16166000
2025-04-22,490.3402426542842,505.30357016721007,484.84736943102456,498.7240905761719,17399400
2025-04-23,526.8862986388891,533.6751170758674,514.9136400551463,518.6519775390625,18173900
2025-04-24,517.1166859465856,532.2395497601927,515.8905308220942,531.4918823242188,13910000
2025-04-25,545.09942323875,548.1499041120835,534.5822462279478,545.5679931640625,17098900
2025-04-28,553.9119485027396,556.7530605327843,538.9087668679174,548.0302734375,15179000
2025-04-29,544.3019441443117,554.8390788259818,542.427786062415,552.7156982421875,11835000
2025-04-30,536.7255930212515,547.392267199569,527.8532478040685,547.2926025390625,29244000
2025-05-01,590.2385551967027,591.1058444923639,568.7256553511119,570.4303588867188,31159000
2025-05-02,581.6454434907807,602.460510920923,576.5313930797772,595.1632690429688,24739300
2025-05-05,589.3812373579714,601.3339987723356,586.2211133050413,597.40625,13887700
2025-05-06,590.6872568767368,594.1763718529379,584.7557492481277,585.4834594726562,10600700
2025-05-07,588.5239054125428,601.2043765510581,584.8453792561588,594.953857421875,13139100
2025-05-08,604.4043633227255,609.3987915210697,594.7644549027136,596.150146484375,14622800
2025-05-09,601.8424561465808,605.0823489402519,589.8698572714408,590.6473999023438,10427300
2025-05-12,628.9577416253547,638.3983203620691,619.0985470240091,637.4412841796875,21965100
2025-05-13,643.5323193603671,658.8644917290795,640.8307865245315,653.98974609375,18570800
2025-05-14,659.1536090398383,660.6090293889421,652.2750442210183,657.309326171875,12348200
2025-05-15,652.2451822041022,655.2657270968772,636.5939979037247,641.8775024414062,14341800
2025-05-16,635.9759078924747,638.448175394899,624.2026405076157,638.3485107421875,18519000
2025-05-19,626.2961199602966,641.0002469311114,625.8475073073743,638.438232421875,9592400
2025-05-20,634.0320152877193,637.3615937967512,630.2936778074568,635.1185913085938,6743500
2025-05-21,629.8250759728282,644.5989922480402,628.2101191307713,633.5235595703125,11464600
2025-05-22,632.078027946325,641.2494271811771,628.7484497588706,634.5902099609375,8228400
2025-05-23,622.0593214688579,630.4830536161486,620.7135443903518,625.1098022460938,8454100
2025-05-27,633.4337833907804,641.0799727179783,630.7820830337338,640.3223266601562,9508400
2025-05-28,640.6014366817531,648.8557144048555,640.5516043549418,641.5784301757812,9042900
2025-05-29,649.6233948044612,651.288184072806,637.5111569296643,643.0438842773438,8858800
2025-05-30,640.501786260345,647.3902689717587,630.8120452521741,645.4762573242188,16241000
2025-06-02,642.3859148545713,671.166122188044,642.256314296396,668.8134765625,15766300
2025-06-03,669.3617309927172,673.4788911194719,662.9617149147357,664.7760009765625,11585000
2025-06-04,667.238360939457,686.857147039673,666.4906935079915,685.8104248046875,14031900
2025-06-05,689.5088052796527,692.2203773049333,680.1280985848566,682.49072265625,13083100
2025-06-06,694.0048506531133,700.6242144400436,689.7182360915449,695.5401000976562,11728000
2025-06-09,696.2877682898165,702.9968181048444,691.7818062976731,691.9014282226562,12773200
2025-06-10,699.1687320280228,701.0428899746662,689.4092014623567,700.2155151367188,10850100
2025-06-11,701.5214452489874,706.6653705943312,689.8378634515371,691.981201171875,9582500
2025-06-12,691.1438023170118,693.2173504861605,684.8634076906623,691.20361328125,7322700
2025-06-13,685.810495147385,692.4099021517203,678.8920760381308,680.7462768554688,9274400
2025-06-16,697.6914734952734,705.4931583928874,691.8851025594383,700.4749145507812,13720300
2025-06-17,700.3551564610796,704.3158251974513,694.4290719322615,695.5963134765625,10066100
2025-06-18,696.5441581244662,699.9462025997926,693.2718748228809,694.1398315429688,10068300
2025-06-20,699.1081336202601,700.1756339033776,677.079850298128,680.751220703125,22538600
2025-06-23,682.0881149489193,697.4121118139869,677.1596869463602,696.8933715820312,11080100
2025-06-24,703.2384409706419,711.5189816994163,700.4649253469852,710.5313110351562,13823200
2025-06-25,711.6486741856498,714.9010456370576,703.7272754411318,707.01953125,9320400
2025-06-26,712.6862359929024,726.5137473228667,709.3839937767193,724.3887939453125,13964800
2025-06-27,724.8177454897765,733.7068421056694,724.1592578043636,731.9110717773438,18775700
2025-06-30,742.8055433362375,746.1477309842478,732.5296879143714,736.3607177734375,15402100
2025-07-01,735.1535081071979,736.0214648412638,713.6938959127618,717.5348510742188,13431200
2025-07-02,713.6539572494278,718.6122830220947,711.1298559583659,711.8980712890625,9336700
2025-07-03,724.9075473573512,727.3219211703462,712.7461059372963,717.3253784179688,8601700
2025-07-07,715.9186273791692,725.29662738586,711.8382444141125,716.6668701171875,9457100
2025-07-08,719.8792998482032,721.2161260005597,713.1351294314046,718.9813842773438,7770700
2025-07-09,721.0266226856489,735.8019810021477,721.0266226856489,731.0631103515625,11418000
2025-07-10,729.8359096434607,734.0759515650559,717.9138972384281,725.5360107421875,9913600
2025-07-11,720.807217385224,723.4609583411119,708.037219345619,715.8289184570312,10873900
2025-07-14,715.9186065632238,726.2942632522581,714.8710789388857,719.2308349609375,8939400
2025-07-15,722.2039420372861,722.7725529543028,708.1569141283312,708.7255859375,11529500
2025-07-16,711.6985138171127,712.2970836136572,697.6315755690009,701.2630004882812,13067600
2025-07-17,702.7395996705828,704.2460714207873,695.4766277838654,699.7665405273438,11803300
2025-07-18,700.5447529444856,703.0588680042227,690.0294703606638,702.6298828125,12779800
2025-07-21,705.1439122135475,715.3200251684316,704.1063709182977,711.2994384765625,9404400
2025-07-22,714.5119099243975,714.9209224678821,699.7665114607927,703.1585693359375,8921100
2025-07-23,704.7149523459423,712.9556086996904,703.2783238666914,711.9080810546875,8771600
2025-07-24,715.3699724936158,721.9245865914077,712.3271306824367,713.125244140625,10920800
2025-07-25,715.2401874661052,718.9614892126135,710.2319910963464,711.0101318359375,8271700
2025-07-28,713.5243091595448,723.0419351595109,711.0101939967738,715.9486083984375,8715700
2025-07-29,718.3130022321428,722.7724995594365,698.270047363426,698.35986328125,13267000
2025-07-30,706.4309422136296,706.8399547738821,689.5805015781577,693.5811157226562,27077300
2025-07-31,773.3836936232736,782.9113054874113,763.7163951695271,771.6278076171875,38831100
2025-08-01,758.9476005405788,764.2052724882252,743.5637464392476,748.2527465820312,19028700
2025-08-04,758.2193240496142,775.029820232538,756.6330226185955,774.5509643554688,15801700
2025-08-05,774.6307577641016,781.2950989411861,761.212259491104,761.6712036132812,11640300
2025-08-06,768.1958857027562,771.827371776558,758.6782598971715,770.1812133789062,9733900
2025-08-07,771.6776357205837,773.1841074016191,757.7702959207965,760.0449829101562,9019700
2025-08-08,760.9629170758883,768.0961893607639,756.8027042152274,767.49755859375,7320800
2025-08-11,768.2757194135389,771.6478049440495,762.8783609453131,764.0755615234375,7612000
2025-08-12,771.1888187456735,791.8103707559926,770.6201469797736,788.1489868164062,14563100
2025-08-13,789.2963900548351,793.5962894533881,776.4066172801486,778.2523193359375,8811800
2025-08-14,776.0573823379099,785.9641084064921,770.6999694623344,780.2974243164062,8116200
2025-08-15,782.3127720209482,794.3843975355859,778.9905571139482,783.3901977539062,13375400
2025-08-18,773.2739649293972,773.9922487170201,754.7873521125813,765.572021484375,16513700
2025-08-19,765.3226078635242,765.3724785334582,747.604210382002,749.71923828125,12286700
2025-08-20,745.8184665954027,748.4423094323544,729.2872824481717,745.9680786132812,11898200
2025-08-21,742.965126847803,743.7532539146816,731.392269728463,737.3682250976562,8876300
2025-08-22,737.4979443181139,755.1265868650723,732.6693186706706,753.021484375,10612700
2025-08-25,753.0514312038815,757.1019160115399,748.3724176422635,751.5349731445312,6861200
2025-08-26,749.0408739151204,753.1013452690629,746.187589469264,752.3331298828125,7601800
2025-08-27,750.5373617239242,752.3830637406979,741.0995653139147,745.62890625,8315400
2025-08-28,742.2567713506037,751.2855545763716,739.0642569298059,749.35009765625,7468000
2025-08-29,743.5338383928589,745.3894657992533,733.6270507950396,736.96923828125,9070500
2025-09-02,724.3388175548104,734.2755025264773,720.0389186102121,733.3875732421875,9350900
2025-09-03,734.2755314397929,738.5155735710689,732.2702311831985,735.3230590820312,7699300
2025-09-04,746.8161054490425,759.3765729399474,744.0725487076684,746.8959350585938,11439100
2025-09-05,750.8565963566639,756.1741251448537,743.2844139282448,750.68701171875,9663400
2025-09-08,754.2286352813065,764.71401930554,750.2579802053917,750.5372924804688,13087800
2025-09-09,755.715159278882,764.5045146420852,751.6646744655906,763.9059448242188,10999000
2025-09-10,763.3372922969834,763.9059640843684,749.2403942554,750.2180786132812,12478300
2025-09-11,752.8818385469593,755.326049350588,746.6165236987539,749.140625,7923300
2025-09-12,746.9756681630587,755.7949823874058,742.0173423532742,753.8196411132812,8248600
2025-09-15,755.6951631721865,772.2563046936084,750.2280226983954,762.9082641601562,10533800
2025-09-16,765.2028605665566,779.5291993784334,763.3072880544486,777.1747436523438,11782500
2025-09-17,778.16248073438,781.4547366857648,764.5145401578408,773.9024658203125,9400900
2025-09-18,778.9207035004806,786.9319184464317,771.5480036492609,778.421875,10955000
2025-09-19,784.5773532506886,788.9470955167301,767.3877436699294,776.5562133789062,23696800
2025-09-22,780.5445827585347,784.4181095052566,763.1935958899483,763.8824462890625,11706900
2025-09-23,767.9655831903335,769.3133047218867,749.815945650324,754.1387329101562,10872600
2025-09-24,756.2352564498105,759.8392144671293,751.2735837511626,759.3899536132812,8828200
2025-09-25,752.1920046258563,755.5064686568031,743.3068402529434,747.6595458984375,10591100
2025-09-26,748.7477432379202,750.6745134518627,736.1188402620083,742.5081787109375,9696300
2025-09-29,747.4698158948381,749.5264347617783,737.9158487633198,742.1587524414062,9246800
2025-09-30,741.0107248479524,741.7294934738761,725.087343094007,733.1538696289062,16226800
2025-10-01,720.28530706911,720.6446913474787,709.0141800953496,716.1422729492188,20419600
2025-10-02,721.3735522103992,726.5548890984803,716.9409630753169,725.8360595703125,11415300
2025-10-03,728.4117628788885,729.7794705550638,708.9942257916973,709.3735961914062,16154300
2025-10-06,704.0125981338592,715.6830826309072,689.3571155710283,714.465087890625,21654700
2025-10-07,716.5216106896504,717.3003375901077,704.5716259627259,711.889404296875,12062900
2025-10-08,712.2587946669486,718.4484549738279,706.6281969142439,716.6414794921875,10790600
2025-10-09,717.0807271377935,732.2852783203125,711.2504512938121,732.2852783203125,12717200
2025-10-10,729.6995938834806,734.0423674154782,703.333716456913,704.1223754882812,16980100
2025-10-13,711.8194939498104,718.7379155876384,706.4584651360833,714.5050048828125,9251800
2025-10-14,706.598254382022,714.3552394376962,698.1623510959027,707.466796875,8829800
2025-10-15,715.8627565899488,722.6913629779451,708.3253746524584,716.3519287109375,10246800
2025-10-16,716.3519343648386,724.2786798244232,702.7047754671785,710.881103515625,9017000
2025-10-17,705.8994251244851,717.3402516818879,704.9410060739878,715.7229614257812,12232400
2025-10-20,719.9858621042338,732.5448748734839,718.9775387090459,730.947509765625,8900200
2025-10-21,734.7911237948646,737.2669635645257,727.5332426508437,732.0457153320312,7647300
2025-10-22,732.6047674176828,739.3634223567747,722.8211423130082,732.1854248046875,8734500
2025-10-23,733.4733185275871,741.170406509876,731.8759534115667,732.7744750976562,9856000
2025-10-24,735.5598112729552,739.9724753796752,729.9292742962166,737.127197265625,9151300
2025-10-27,748.4781384032651,754.4881061640369,746.7610395763271,749.5663452148438,11321100
2025-10-28,751.3733793283152,757.1337649704751,744.2752651341964,750.1853637695312,12193800
2025-10-29,753.4897913670577,757.8924011644837,741.2702382858599,750.4149169921875,26818600
2025-10-30,668.0328178882455,679.8230975870755,649.08446528138,665.3572387695312,88440100
2025-10-31,673.383812052831,673.7631824593219,644.4921293755289,647.2674560546875,56953200
2025-11-03,654.90470367213,658.2291607688485,635.1177890022415,636.645263671875,33003600
2025-11-04,626.9913515895119,640.6684891460408,624.9647727272926,626.2725830078125,27356600
2025-11-05,631.2542465797685,641.1576663615418,625.4938610947797,634.88818359375,20219900
2025-11-06,634.7882936522686,634.938067569805,616.9681222612256,617.9065551757812,23628800
2025-11-07,615.4606203242017,621.0912176885568,600.1961723842201,620.6719360351562,29946800
2025-11-10,630.0363359130761,633.9397808237388,617.077966360211,630.7052001953125,19245000
2025-11-11,626.9514668906089,628.5088598168925,618.3558571038752,626.0330200195312,13302200
2025-11-12,627.0812350986922,627.939784558569,606.7552442025384,607.9931640625,24493300
2025-11-13,612.0463872625083,616.6187572691151,601.993193452889,608.8717041015625,20973800
2025-11-14,600.7852061056304,612.6553687237855,594.2062431482154,608.4424438476562,20724100
2025-11-17,608.0230519623859,610.6686515784111,594.4058732487083,601.0048217773438,16501300
2025-11-18,590.612218909938,602.6520806612418,582.8053290854997,596.6920776367188,25500600
2025-11-19,592.7286370493186,594.3359951431619,580.2794874440681,589.3343505859375,24744700
2025-11-20,602.4923362369276,605.706930555967,582.375956312388,588.1663208007812,20603000
2025-11-21,587.517412968027,597.1213460929463,580.88848479756,593.2578125,21052600
2025-11-24,597.7203367937327,615.6703584886146,596.6321908004635,612.0264282226562,23554900
2025-11-25,622.9580871825591,635.9862849922763,617.2675924687619,635.1576538085938,25213000
2025-11-26,636.6252677780955,637.2941320349476,630.5753884422047,632.5520629882812,15209500
2025-11-28,635.0179876534709,646.9679727244463,634.4389389877349,646.8681640625,11033200
2025-12-01,638.4821234657416,644.242508725797,636.6951341862962,639.7999267578125,13029900
2025-12-02,641.2675300698932,646.7882651016448,637.0046400682228,646.01953125,11640900
2025-12-03,643.3340098224904,647.7665988470103,636.4854785031988,638.5320434570312,11134300
2025-12-04,674.87134871331,674.9711573797597,658.9479666864565,660.425537109375,29874600
2025-12-05,662.8913386215002,673.5634922785046,661.2840414153883,672.2955932617188,21207900
2025-12-08,668.2224435191038,675.5801331063639,663.9595535520253,665.6866455078125,13161000
2025-12-09,662.6617867420982,663.3705623262879,652.2492080192432,655.8631591796875,12997100
2025-12-10,648.8648024836247,653.4171862971667,642.3257510862366,649.0444946289062,16910900
2025-12-11,642.2158631242634,654.1858943512054,639.730030479328,651.6201782226562,13056700
2025-12-12,648.7150654102267,709.8128965395189,637.543746077992,643.1543579101562,14016900
2025-12-15,645.1476664750544,652.4414097008485,638.1536544261938,646.9561157226562,15549100
2025-12-16,642.9495426008936,661.973233609148,642.6498114209788,656.587890625,14309100
2025-12-17,655.0491556477624,660.664343241777,648.644665798819,648.9443969726562,15598500
2025-12-18,656.4679564970005,669.9863502083882,655.8984367998282,663.881591796875,20260300
2025-12-19,665.8499012351181,670.4260003995075,657.6169598101359,658.2064819335938,49977100
2025-12-22,661.0840391473547,673.0038267300547,656.0883162216827,660.9341430664062,15659400
2025-12-23,659.4853234816244,665.4302455294139,657.6868755551602,664.3711547851562,8486800
2025-12-24,661.9632786179176,667.6084088263418,661.633543835896,666.9789428710938,5627500
2025-12-26,667.4885344385556,668.3777877623371,660.7543096382171,662.7225952148438,7133800
2025-12-29,657.4471149030659,659.6851889371151,653.8302165118,658.1265258789062,8506500
2025-12-30,658.1265110341435,671.6449047754843,657.2772625792347,665.3803100585938,9187500
2025-12-31,664.1813161961976,664.4311023248911,658.8758612620638,659.5253295898438,7940400
2026-01-02,662.1630447721155,663.8216588672108,642.9495146869224,649.8535766601562,13726500
2026-01-05,650.4531272549772,663.9715218041853,647.1959061445123,658.2264404296875,12213700
2026-01-06,659.0057810200069,664.9507033148827,651.3423593634897,660.0548706054688,11074400
2026-01-07,655.0791375151089,658.5861445899717,644.2583851266311,648.1350708007812,12846300
2026-01-08,645.3274855180696,646.5464125947736,635.1761427603,645.50732421875,11921700
2026-01-09,644.8878661181845,654.3897406244424,642.3000548798136,652.5013427734375,11634900
2026-01-12,651.9718010113269,653.4105105723186,640.6814191818085,641.4207763671875,14797200
2026-01-13,641.720599826752,641.720599826752,623.5660991574318,630.5501708984375,18030400
2026-01-14,625.9640568168747,627.9124008742662,614.2940558608916,614.9934692382812,15527900
2026-01-15,617.9508982377323,623.6360331340583,613.7045339245012,620.2689208984375,13076100
2026-01-16,623.6460522405506,628.5418850412981,619.5495838845379,619.7194213867188,17012500
2026-01-20,607.3600037753715,610.8770121629093,599.4867397151437,603.6032104492188,15169600
2026-01-21,606.2209580964126,617.7411240978843,599.5666821865381,612.4356689453125,14494700
2026-01-22,628.811597152667,660.0049216653568,626.0140046136898,647.0759887695312,21394700
2026-01-23,644.2184496993522,665.9198400091174,643.8987161260534,658.1964721679688,22797700
2026-01-26,664.5609947255355,674.7023359243682,660.7242529636108,671.7847900390625,16327400
2026-01-27,674.0129574053085,676.2410302656567,664.0913982323968,672.394287109375,13297400
2026-01-28,673.9229813666298,677.1002536346601,665.5301429727417,668.1578979492188,25709600
2026-01-29,736.7991536844581,743.363540655783,711.9404325537852,737.6784057617188,59852900
2026-01-30,726.8776752394725,731.5436633097714,712.9796010924755,715.8870849609375,23744600
2026-02-02,713.9886602426056,720.6829408229889,702.9181827036907,705.8056640625,14365200
2026-02-03,706.7648539132639,716.3866205151361,685.8227628297016,691.1082763671875,13760700
2026-02-04,687.1416843315144,688.2407799622291,666.8890651090074,668.417724609375,16882800
2026-02-05,663.0123852284637,680.9170392363125,652.9409906690098,669.63671875,17131800
2026-02-06,664.920685797671,671.4151252649915,645.9469408650316,660.8941650390625,18159300
2026-02-09,662.6126578425271,682.7254419812133,658.2164585284562,676.640625,14837500
2026-02-10,677.0202983345941,680.0677378888336,669.216982119095,670.1461791992188,10455800
2026-02-11,673.4234361526849,678.6889475196376,656.5378686274887,668.1179809570312,14323800
2026-02-12,669.3968787035581,675.421749916193,644.7280570616384,649.254150390625,14960100
2026-02-13,644.5481137374378,650.872715705495,634.0271535178357,639.2227172851562,12336400
2026-02-17,638.952945338547,642.0502690775812,628.2620863630333,638.7431030273438,12674700
2026-02-18,633.2578140286595,644.4482453696517,627.6126838179015,642.6697387695312,14649200
2026-02-19,638.0237449576674,646.6363661317032,636.1752909436037,644.2284545898438,10035700
2026-02-20,639.1428111159805,662.7825455010891,638.2336163631846,655.09912109375,14183500
2026-02-23,651.9817939677475,657.1374142434245,635.455964272141,636.7048950195312,8605900
2026-02-24,632.5384628258726,640.5615620292823,628.4419334902003,638.7531127929688,10135600
2026-02-25,641.9803720795121,653.3206382422114,641.5906910720822,653.1307983398438,11330700
2026-02-26,649.9935020296807,660.4345752110744,646.9461232211356,656.447998046875,10637700
2026-02-27,642.8995542116262,648.8844201349368,637.5740968396581,647.62548828125,15703000
2026-03-02,636.6149203669017,659.3754626922687,633.9572226725116,653.0009155273438,9816100
2026-03-03,647.7354225434952,658.4762268569145,638.293554979916,654.5196533203125,12263800
2026-03-04,657.397151925757,672.1944798634893,657.1073609851721,667.1587524414062,10810100
2026-03-05,661.363765843265,670.1262833419206,649.7537106790966,660.0049438476562,13341400
2026-03-06,647.3457881163396,648.9143914185428,635.5658346648192,644.308349609375,13159400
2026-03-09,634.2369839533108,647.195859029807,626.2438278402449,646.836181640625,13489700
