time,open,high,low,close,volume
2013-01-02,21.847622650903766,22.232461141596822,21.767447583039655,22.144269943237305,52899300
2013-01-03,22.152275660597116,22.168310972474654,21.775455006744036,21.847612380981445,48294400
2013-01-04,21.863655065290658,21.919777146574912,21.430710673877208,21.43872833251953,52521100
2013-01-07,21.46277941321793,21.550970592071916,21.358551389283367,21.398639678955078,37110400
2013-01-08,21.446742298729454,21.478812927777238,21.21423482576831,21.286392211914062,44703100
2013-01-09,21.422690051112923,21.446743023711843,21.294410589008972,21.40665626525879,49047900
2013-01-10,21.366565817741755,21.63114237273774,21.077937821789913,21.2142333984375,71431300
2013-01-11,21.238289084718907,21.591058379565602,21.069922859649353,21.510883331298828,55512100
2013-01-14,21.5670100453367,21.71132485741631,21.454765871146865,21.558992385864258,48324400
2013-01-15,21.510882696399307,21.879687295856357,21.510882696399307,21.8155460357666,48244500
2013-01-16,21.767443807574875,21.83158354489897,21.6551996495607,21.67925262451172,41077400
2013-01-17,21.799507974560342,22.023996223999834,21.695279976567857,21.847612380981445,51685900
2013-01-18,21.727350600322932,21.87968300473652,21.67924619390183,21.847612380981445,52167700
2013-01-22,21.887702595590568,22.00796592449445,21.64717899620631,21.767440795898438,58650600
2013-01-23,21.807533180991825,22.160300989168537,21.807533180991825,22.136249542236328,50387700
2013-01-24,22.208400587744414,22.505046229261083,22.02399754848606,22.15227699279785,101739300
2013-01-25,22.11219472866366,22.633330268121888,21.959862284165684,22.352718353271484,81847700
2013-01-28,22.45694315193581,22.633327016023483,22.256506317158674,22.376768112182617,56056500
2013-01-29,22.304611086910818,22.55315233783978,22.12822721999538,22.45694351196289,49242600
2013-01-30,22.456944237786157,22.601259010477552,22.25650739331739,22.328664779663086,43580500
2013-01-31,22.280568960610218,22.424882259763304,21.967886322747635,22.00797462463379,50530000
2013-02-01,22.184354371421236,22.489017762098687,22.08814399429506,22.39280891418457,55565900
2013-02-04,22.344702056369115,22.46496386776848,21.983915092959126,21.999950408935547,50540000
2013-02-05,22.144269850376904,22.176338959860733,21.935815286489245,22.048059463500977,35410400
2013-02-06,21.951844111385462,22.08012510794184,21.847617617622507,21.919775009155273,41889600
2013-02-07,21.927803316446834,21.959872434251672,21.727366360225588,21.871681213378906,38028300
2013-02-08,21.92779381703524,22.216421869091747,21.89572318391121,22.08814239501953,33318500
2013-02-11,22.168323094353497,22.38479533543509,22.048061247934506,22.33669090270996,32247700
2013-02-12,22.352718353271484,22.448928720641764,22.248491857064604,22.352718353271484,35990900
2013-02-13,22.39281115389131,22.53712596940877,22.352722855574115,22.472986221313477,41715600
2013-02-14,22.384786727904068,22.497030870839364,22.34469997091625,22.48099708557129,32663200
2013-02-15,22.48099648303797,22.57720530891486,22.35271549984926,22.45694351196289,49650900
2013-02-19,22.537792949575945,22.707554750700176,22.473122154355615,22.67521858215332,38781400
2013-02-20,22.739882000133907,22.796470276732617,22.497366982202383,22.52970314025879,44110200
2013-02-21,22.424609537374522,22.424609537374522,22.012332821764954,22.22251319885254,49078500
2013-02-22,22.37611366798224,22.440784454345703,22.214435931137,22.440784454345703,31425900
2013-02-25,22.610547069301,22.675217862468756,22.125516891479492,22.125516891479492,48011800
2013-02-26,22.133599391486296,22.311445229102624,22.101264765839083,22.125516891479492,49923300
2013-02-27,22.165929427773314,22.634792934017327,22.093174612849854,22.481199264526367,36394700
2013-02-28,22.5377866983032,22.61054151548035,22.424613223526727,22.473115921020508,35840200
2013-03-01,22.408445771317762,22.618626188841148,22.246769594519538,22.594375610351562,34849700
2013-03-04,22.51353131756117,22.756046295166016,22.392273828758746,22.756046295166016,38157500
2013-03-05,22.869227630821445,23.07132401550439,22.764136647337402,22.9177303314209,41432200
2013-03-06,22.804559281629235,22.820727365270983,22.456954734571585,22.70755386352539,51448500
2013-03-07,22.7237104729674,22.861136030783413,22.642871637451062,22.747961044311523,29196700
2013-03-08,22.836892536708287,22.901563321155013,22.6024599794182,22.634796142578125,37667800
2013-03-11,22.58628987498462,22.610540451654042,22.36802543372252,22.52970314025879,36627500
2013-03-12,22.505449782671796,22.594372670558354,22.343772085036743,22.562036514282227,39255200
2013-03-13,22.529697397695443,22.650954875754056,22.43269049012506,22.57011604309082,29093400
2013-03-14,22.634787599712176,22.7641291197893,22.578200877412502,22.747961044311523,55914800
2013-03-15,22.65904357013791,22.764132994887557,22.618623374562812,22.66712760925293,92710300
2013-03-18,22.53778380652365,22.86113919332096,22.481197076395944,22.71562957763672,44809400
2013-03-19,22.731803159412284,22.812640483812032,22.659048333954008,22.780305862426758,51901600
2013-03-20,22.90964838320402,23.03090591671287,22.780306808544818,22.89348030090332,35447800
2013-03-21,22.72372055053711,22.92581695801788,22.675216302593004,22.72372055053711,34233200
2013-03-22,22.788390377640855,22.909647908637897,22.715635550668,22.83689308166504,28720900
2013-03-25,22.87730691951318,22.917727115902363,22.602455751558082,22.76413345336914,44154000
2013-03-26,22.828804225718997,22.909643076624526,22.723714798852793,22.76413345336914,27824300
2013-03-27,22.74797096777144,22.998571621380105,22.69946826205208,22.933900833129883,36047400
2013-03-28,22.89347240508159,23.168323541906176,22.844969716780973,23.127904891967773,55453800
2013-04-01,23.15215546518175,23.168323541906176,22.925808558530438,23.127904891967773,29201100
2013-04-02,23.111739661774095,23.32192005946027,23.05515292814183,23.2814998626709,28456500
2013-04-03,23.241078002613254,23.402755683728316,23.071317825127814,23.08748435974121,35062800
2013-04-04,22.95006550152933,23.127911311113746,22.853060098004274,23.119827270507812,45263200
2013-04-05,22.81264018299382,23.2653372114032,22.72371881895203,23.200666427612305,50927300
2013-04-08,23.224909748398318,23.224909748398318,23.014729381306203,23.111736297607422,34759500
2013-04-09,23.224918171156638,24.106058608112992,23.184499507465247,23.936298370361328,77733800
2013-04-10,23.903954684694085,24.510243700539377,23.863536033720145,24.477909088134766,71116700
2013-04-11,23.52401776186649,23.60485661819122,23.224914456026863,23.394676208496094,130923200
2013-04-12,23.321917300352673,23.45934286943265,23.168323654469717,23.273414611816406,62886300
2013-04-15,23.160248824991694,23.427016030821505,23.047075326116403,23.192584991455078,56332900
2013-04-16,23.362339503470114,23.55635182899356,23.200663336470363,23.418926239013672,52797300
2013-04-17,23.32191987912784,23.47551354199411,23.119823522362214,23.30575180053711,52840700
2013-04-18,23.402756142494894,23.427006715826693,23.03898212379123,23.273414611816406,56906600
2013-04-19,23.9443800674242,24.445578232374356,23.936296027102678,24.065637588500977,99790700
2013-04-22,24.494074903492187,25.205454857957783,24.469824330369658,24.92251968383789,137904000
2013-04-23,24.817435921011512,24.97911209884707,24.558751261103204,24.736597061157227,59126900
2013-04-24,24.75276136796898,25.80366176024693,24.73659329008833,25.674320220947266,90946600
2013-04-25,25.63389444733346,26.547370604436974,25.496470440874948,25.81982421875,110700200
2013-04-26,25.78749158884392,25.852162353243543,25.423719117298283,25.698570251464844,47799300
2013-04-29,25.706664306144884,26.418044576265242,25.682413722261845,26.36145782470703,59116400
2013-04-30,26.32103111994682,26.76564249660643,26.094681099082536,26.757556915283203,75165200
2013-05-01,26.6201444164855,26.741403518963008,26.35337562453381,26.45038414001465,54330900
2013-05-02,26.377619375889477,26.81414519640801,26.183605501634418,26.806062698364258,46059500
2013-05-03,26.86265204042553,27.097084595121004,26.741396055537198,27.072834014892578,46784600
2013-05-06,27.016230456787163,27.412340540418842,26.878806460345235,27.28299903869629,40978300
2013-05-07,27.2021755106443,27.31534899640688,26.87073755216265,26.927324295043945,43078300
2013-05-08,26.733309375922822,26.87073652031886,26.39378893167276,26.66864013671875,51595700
2013-05-09,26.555462864839026,26.676721925270478,26.345283988336654,26.401870727539062,46417800
2013-05-10,26.409954584266377,26.4503763289867,26.127020873701095,26.426122665405273,36394900
2013-05-13,26.361451179629107,26.73330776291757,26.312946940343085,26.700971603393555,36027600
2013-05-14,26.74981428205832,27.295228958129886,26.700969925320923,27.295228958129883,56870100
2013-05-15,27.230112918554187,27.59643792031183,27.21383146232382,27.55573272705078,46303900
2013-05-16,27.384781783335637,27.799951149064103,27.311516783817094,27.74296760559082,59382900
2013-05-17,27.78366625709245,28.386064529418945,27.759242523359873,28.386064529418945,60666700
2013-05-20,28.272105045443276,28.573304262455252,28.231402952123386,28.557025909423828,54020800
2013-05-21,28.573298842202206,28.711689659682385,28.2639605073549,28.36978530883789,48702400
2013-05-22,28.320936002459376,28.361638076495012,27.97089257608838,28.174406051635742,66047500
2013-05-23,27.865070449469204,28.125567503495834,27.596434221103543,27.79994773864746,51102700
2013-05-24,27.612711818842104,27.905771772994633,27.596433470606744,27.897632598876953,33174400
2013-05-28,28.01974057401891,28.6384234277586,28.011601399398362,28.508174896240234,48212100
2013-05-29,28.280247525882842,28.50818173437106,28.14185668117879,28.394214630126953,38412200
2013-05-30,28.36979305712776,28.695416041592072,28.337233242978073,28.51632308959961,51131000
2013-05-31,28.345360409866917,28.71982450957581,28.320939783259263,28.410486221313477,56165700
2013-06-03,28.426774766549155,29.00475568168704,28.353512860444415,28.972192764282227,51252600
2013-06-04,28.996601147914216,29.094289858852907,28.304656524963583,28.483749389648438,65529500
2013-06-05,28.166277063169677,28.402353551480083,28.027889325079844,28.312807083129883,46025100
2013-06-06,28.361642085187462,28.581437042489185,28.07672442129799,28.459327697753906,37618500
2013-06-07,28.695412168596153,29.126859925213928,28.540742979805184,29.03731346130371,40757300
2013-06-10,28.907048621979637,29.021018760716593,28.605849590168148,28.874488830566406,35994500
2013-06-11,28.53258576501191,28.63841363109697,28.231386721167073,28.361635208129883,39435900
2013-06-12,28.605860846524592,28.711688750024766,28.369784410012652,28.491893768310547,37372700
2013-06-13,28.48374910193546,28.508169726738753,28.158126279501076,28.263954162597656,45654900
2013-06-14,28.125570003274348,28.239537086369072,27.88135438158992,28.003463745117188,53192600
2013-06-17,28.23953587700089,28.62214230132231,28.190694617977716,28.491893768310547,49670100
2013-06-18,28.46746393155628,28.63027221613636,28.41048041087946,28.475603103637695,28616500
2013-06-19,28.459327856967175,28.565155749305152,28.15812873840332,28.15812873840332,30816200
2013-06-20,27.889493282524995,27.946479928882347,27.164985599655367,27.26267433166504,54493700
2013-06-21,27.401056756738807,27.45804028673072,26.904483333635433,27.083576202392578,85338500
2013-06-24,26.814939219163033,27.840649058496176,26.51374009095176,27.44990348815918,56109000
2013-06-25,27.742960046217497,27.987175609612287,27.238244362449645,27.409194946289062,44073400
2013-06-26,27.77551367265645,28.068573525763313,27.588281678808993,27.962745666503906,48665900
2013-06-27,28.10113675799259,28.312789373675272,28.08485530980643,28.182540893554688,28993100
2013-06-28,27.98718309827195,28.320945182137276,27.95462018634114,28.117431640625,65545500
2013-07-01,28.288378257425006,28.48375259592531,27.946477046761668,27.970897674560547,31055400
2013-07-02,28.011588791672754,28.03600940991287,27.376627874481294,27.628982543945312,37630000
2013-07-03,27.40105836179337,27.979035974349745,27.352214002352255,27.685976028442383,15994400
2013-07-05,27.75110549605803,27.8732148580587,27.33593925492189,27.848791122436523,26085900
2013-07-08,27.9627619641708,28.158136348569233,27.66156276420327,27.946483612060547,32396900
2013-07-09,28.14998076572004,28.166259108342707,27.791795120647794,27.962745666503906,25318500
2013-07-10,27.954609337071233,28.337215640342095,27.93832788742471,28.247669219970703,29658800
2013-07-11,28.491898283856457,29.118720418745756,28.410494102336482,29.0535945892334,53638300
2013-07-12,28.96405156032681,29.08615783399215,28.71983280225512,29.03731346130371,35501200
2013-07-15,29.029162182144777,29.485033487726636,28.964039484415487,29.44432830810547,34142600
2013-07-16,29.314078204624593,29.655982441460775,29.273376132597893,29.525733947753906,36378500
2013-07-17,29.58272091154947,29.623422988311766,28.890776290482194,29.094289779663086,37285100
2013-07-18,29.07801970618718,29.216407442404346,28.67099256855464,28.850082397460938,49547100
2013-07-19,26.375350084979406,26.595141925944528,25.251954727725717,25.561294555664062,248428500
2013-07-22,25.805512298803123,26.0578670501709,25.72410658865188,26.0578670501709,79040700
2013-07-23,25.9764651397414,26.08229303789786,25.813653705355268,25.903200149536133,65810400
2013-07-24,26.082291950883487,26.20439819255678,25.960182603840504,26.017166137695312,52803100
2013-07-25,25.740387587552576,25.764808213288198,25.439186931106978,25.55315399169922,63213000
2013-07-26,25.447327039697065,25.740386962890625,25.40662340998423,25.740386962890625,38633600
2013-07-29,25.618277370144003,25.724105253653928,25.56129384180083,25.675262451171875,28870700
2013-07-30,25.870636403119185,26.147413331698033,25.68340280507514,25.92761993408203,45799500
2013-07-31,26.025299961061663,26.090424204290606,25.81364578239648,25.91947364807129,43898400
2013-08-01,26.098575754556776,26.12299638401676,25.7241100584255,25.78109359741211,42557900
2013-08-02,25.797374213007934,25.968324824406885,25.699687040290726,25.96018409729004,29199900
2013-08-05,25.968321337027156,26.049727044578407,25.75666711846779,25.805511474609375,30984000
2013-08-06,25.68340633966138,25.781093515244937,25.54501707998425,25.707828521728516,36331500
2013-08-07,25.675265210528526,26.131133486266737,25.43918879323854,26.098573684692383,38078600
2013-08-08,26.24510155059076,26.92076473582684,26.09042930772615,26.774234771728516,59034400
2013-08-09,26.676549494336566,26.782377382021902,26.432333919606144,26.619565963745117,26800700
2013-08-12,26.424191633834905,26.839360905600707,26.424191633834905,26.757953643798828,25493700
2013-08-13,26.651377100334326,26.684169457735702,26.405440674326655,26.421836853027344,39464100
2013-08-14,26.34806266395418,27.348207941602805,25.987356017758163,26.520217895507812,48519600
2013-08-15,26.233289550513717,26.380852054415502,25.28233292939767,26.061134338378906,33338000
2013-08-16,26.061135595413646,26.225092724837133,25.954561975843696,26.069332122802734,32866300
2013-08-19,26.03654034100077,26.208695554950467,25.725019148673812,25.733217239379883,27902500
2013-08-20,25.77420759095152,26.151310380183432,25.71682251986196,25.921770095825195,22979600
2013-08-21,25.9135684967041,26.241482697497755,25.85618343338393,25.9135684967041,37409100
2013-08-22,26.389050337153378,26.634989944854006,26.315269080293593,26.553009033203125,31169900
2013-08-23,28.83202521464362,28.8566210517656,27.872872002690816,28.487714767456055,225493800
2013-08-26,28.200791490816865,28.422132150601666,27.897466786033355,27.9958438873291,72786800
2013-08-27,27.47937113599269,27.954847882173155,27.176049601674887,27.266223907470703,58522300
2013-08-28,27.372792841710815,27.544948024139508,27.053075180842875,27.06947135925293,44257400
2013-08-29,26.99569998506157,27.54495808988295,26.889126350076673,27.503969192504883,45284700
2013-08-30,27.356397057808877,27.44657447673901,27.126856811260403,27.380992889404297,42790200
2013-09-03,26.02834424544586,26.290676913644994,25.651241425816124,26.134916305541992,154507000
2013-09-04,25.733210698881585,25.798793844235238,25.503670471956568,25.577451705932617,142320600
2013-09-05,25.495474931063022,25.774203717575418,25.372506716690065,25.602046966552734,71644900
2013-09-06,25.66763866806125,25.733221841813556,25.520076136212012,25.53647232055664,75434900
2013-09-09,25.5938474147811,26.061129104500814,25.577452800460257,25.95455551147461,49628500
2013-09-10,26.151311947869857,26.56120868799422,26.061136072305906,26.553009033203125,56881200
2013-09-11,26.700569328135042,26.99569433104962,26.6677769661997,26.839935302734375,39087500
2013-09-12,26.823546036730562,26.872731465061555,26.71697239659247,26.7989501953125,32860200
2013-09-13,26.864528853609023,27.11046532133844,26.65138162159217,27.077672958374023,40899000
2013-09-16,27.364599957335123,27.462973913634087,26.83173503348334,26.88912010192871,52839700
2013-09-17,27.397394485574758,27.43838650860139,26.97110621681886,26.995698928833008,84716500
2013-09-18,27.044881460317036,27.380995334456248,26.91371514668348,27.315410614013672,64099900
2013-09-19,27.446575316988536,27.610533981221728,27.315409011052267,27.577741622924805,42026600
2013-09-20,27.389193326474444,27.44657839630656,26.79894331991352,26.880924224853516,102904900
2013-09-23,26.675976620309413,27.028486692984963,26.64318425837407,26.839935302734375,39826100
2013-09-24,26.94650229903232,26.94650229903232,26.356255496881854,26.602191925048828,40685000
2013-09-25,26.634991297726884,26.889124318622766,26.561210037119523,26.651384353637695,28907500
2013-09-26,26.7579531409993,27.053078130051027,26.716964254131366,26.864526748657227,28504000
2013-09-27,26.95470399828173,27.667920632283483,26.946504344611274,27.27442169189453,55348000
2013-09-30,27.053081090288202,27.3072172202804,26.807144614917792,27.282621383666992,39839500
2013-10-01,27.34000990010154,27.55315716558356,27.299021003586486,27.528564453125,36718700
2013-10-02,27.348200993301905,27.89745891459148,27.290815930697065,27.807281494140625,46946800
2013-10-03,27.77449669118034,27.872870653149164,27.397390770338077,27.758100509643555,38703800
2013-10-04,27.618728230997643,27.864667770704248,27.561343172333075,27.774490356445312,33008100
2013-10-07,27.544959195956984,27.63513665016127,27.21704487651258,27.299022674560547,35069300
2013-10-08,27.307218914758504,27.323615097767547,26.889124066158264,27.061279296875,41017600
2013-10-09,27.110462188720703,27.3400024484445,27.020284764614498,27.110462188720703,35878600
2013-10-10,27.307215721525594,27.782692464178282,27.266223705170407,27.676118850708008,42875100
2013-10-11,27.61054764524952,27.987650570532203,27.61054764524952,27.979454040527344,30033300
2013-10-14,27.79088773448165,28.282760580635667,27.692510663449816,28.241771697998047,27757900
2013-10-15,28.422124098677877,28.684459833895158,28.2581685641377,28.274564743041992,47097800
2013-10-16,28.364742961749716,28.610682552100148,28.33195372665455,28.39753532409668,35111600
2013-10-17,28.241781533676196,28.684469125739028,28.17619679681398,28.6270809173584,31359200
2013-10-18,28.545096198594138,28.68446216699047,28.143400728146275,28.659866333007812,41811700
2013-10-21,28.67626384685047,28.856618710603243,28.618878776974913,28.684463500976562,27433500
2013-10-22,28.709059068433138,28.774640671715314,28.29916388435029,28.348352432250977,40438500
2013-10-23,28.159795247532447,28.274568515174472,27.60233759942117,27.676118850708008,58600500
2013-10-24,27.72530931158671,27.954849608243205,27.520361724642836,27.64333152770996,53209700
2013-10-25,29.414073143485567,29.75018699915974,29.077959287811392,29.29110336303711,113494000
2013-10-28,29.19273690113072,29.29111087436537,28.914008037589014,29.159944534301758,38383600
2013-10-29,29.20914262352904,29.28292390936323,28.905817822181127,29.11896514892578,31702200
2013-10-30,29.127151525877537,29.340298778318466,29.04517373786312,29.135351181030273,36997700
2013-10-31,29.233710310622527,29.258303009091108,28.97137776945574,29.028762817382812,41682300
2013-11-01,29.24191015404944,29.25830633064006,29.012369936282592,29.127140045166016,40264600
2013-11-04,29.176340978493307,29.49605873980272,29.14354861137125,29.463266372680664,28060700
2013-11-05,29.34030393152347,30.094509720928457,29.323907745590397,30.037124633789062,51681900
2013-11-06,30.5289930989571,31.332387242712297,30.38143059018044,31.29959487915039,88948800
2013-11-07,31.119242647490076,31.160231541794687,30.68475473880729,30.74213981628418,60437400
2013-11-08,30.881496539570318,30.9716739654541,30.61096738917052,30.9716739654541,36737800
2013-11-11,30.897880449709575,30.971661666383476,30.61915175641376,30.815902709960938,26872500
2013-11-12,30.643765109781114,30.82411686584768,30.49620259202077,30.627368927001953,31651600
2013-11-13,30.315846457036532,31.283199310302734,30.25026485587969,31.283199310302734,44957600
2013-11-14,31.045458621806688,31.25860585681039,30.92249194984477,31.168428421020508,46183700
2013-11-15,31.11104191833835,31.16842698806604,30.92249052819712,31.020864486694336,50601300
2013-11-18,30.619171063380502,30.807725612746307,30.38963074554705,30.496204376220703,53277500
2013-11-19,30.438382844203485,30.752266656183036,30.289701204369454,30.347524642944336,44275000
2013-11-20,30.496194619341765,30.900939670572473,30.446636187210004,30.628358840942383,32229900
2013-11-21,30.785308770368378,31.000069395800832,30.77704692844629,30.892690658569336,23064700
2013-11-22,31.00006860001573,31.12397101791078,30.83486957744817,31.033109664916992,27982000
2013-11-25,31.330466252219384,31.346986781139815,31.03310303358901,31.090923309326172,30646800
2013-11-26,31.03309821879572,31.09918032422479,30.851375579833984,30.851375579833984,34465300
2013-11-27,31.033099279364063,31.190039558669284,30.96702032264493,31.057878494262695,26002100
2013-11-29,31.239603047430467,31.62782757638473,31.239603047430467,31.49566650390625,22090400
2013-12-02,31.462623693208208,32.03256769567628,31.437844478178224,31.759986877441406,42950400
2013-12-03,31.50393282796344,31.79303741037095,31.454374383127902,31.64435577392578,52109800
2013-12-04,31.561737504585093,32.19776349015554,31.487396723129645,32.16472244262695,51983600
2013-12-05,32.09038589072856,32.11516825512521,30.71095505976049,31.388280868530273,116305000
2013-12-06,31.735217859473902,31.84259975471657,31.380037407769066,31.685659408569336,36457300
2013-12-09,31.85083798099386,32.106898190060974,31.693894600244512,31.9747371673584,30286000
2013-12-10,31.892158445131496,32.13170143920106,31.404813766252108,31.479154586791992,37828600
2013-12-11,31.437854767226817,31.63609485428383,30.884427959673133,31.066150665283203,39853400
2013-12-12,31.09092496883873,31.09092496883873,30.710962236293973,30.744003295898438,36012800
2013-12-13,30.909202353219744,30.93398472345663,30.24839691466558,30.306217193603516,40066100
2013-12-16,30.33925729719127,30.562279716481854,30.1823169951581,30.471418380737305,31734200
2013-12-17,30.51271022332755,30.65313311063449,30.00884838913949,30.165788650512695,45687700
2013-12-18,30.033641746182102,30.23188183802223,29.348053813725503,30.215364456176758,63192100
2013-12-19,30.15754592265946,30.19058699366528,29.802365437741713,29.942785263061523,34160100
2013-12-20,29.901485542599524,30.50447090995429,29.893223699351257,30.3970890045166,62649100
2013-12-23,30.405337455340785,30.471416417371746,30.190573739060866,30.248394012451172,25128700
2013-12-24,30.330995644277934,30.70269648914002,30.264913533477625,30.628358840942383,14243000
2013-12-26,30.727474490499265,30.96701738166408,30.702692126985923,30.92571449279785,17612800
2013-12-27,31.0413675331191,31.074405442821906,30.702701387686805,30.80182456970215,14563000
2013-12-30,30.74400428901102,30.87616538072917,30.479682105574717,30.80182456970215,16290500
2013-12-31,30.892683159806932,31.0413647686196,30.744001550994263,30.900941848754883,17503500
2014-01-02,30.85137539261827,30.89267828374491,30.64487354085786,30.694435119628906,30632200
2014-01-03,30.727477023459905,30.743997550174626,30.231870674923027,30.487934112548828,31134800
2014-01-06,30.43837989057398,30.47142095199077,29.827136009208598,29.843656539916992,43603700
2014-01-07,30.00885313876115,30.141014208984657,29.909729972867172,30.074932098388672,35802800
2014-01-08,29.736271916242217,29.85191246953927,29.38935025635106,29.538028717041016,59971700
2014-01-09,29.637144085130892,29.661923296890436,29.24066094213855,29.348039627075195,36516300
2014-01-10,29.65367135576547,29.860173236652503,29.529768966845793,29.769311904907227,40548800
2014-01-13,29.72800504942953,29.75278426090003,28.76983667729975,28.893735885620117,45901900
2014-01-14,28.687242843066244,29.637152819386984,28.604643345546553,29.554550170898438,41623300
2014-01-15,29.653674567042255,30.388820838456095,29.612371665617133,30.364038467407227,44812600
2014-01-16,30.306216238562566,30.562279716481854,29.99233563449622,30.471418380737305,38018700
2014-01-17,30.421861599376857,30.421861599376857,29.860176175996056,30.05015754699707,46267500
2014-01-21,30.413594107317024,30.413594107317024,29.785829830702912,29.87668800354004,31567300
2014-01-22,29.951032391215445,30.00059397858842,29.529769926935757,29.678451538085938,21904300
2014-01-23,29.81060685012473,29.843647901978127,29.33978288960232,29.78582763671875,43954000
2014-01-24,30.933980661430475,31.01658014879005,30.174052143654833,30.405336380004883,76395500
2014-01-27,30.454907408824496,30.471427943323345,29.71976095395944,29.76106071472168,44420800
2014-01-28,29.83539097611106,30.058413386391287,29.529769073564967,29.959293365478516,36205500
2014-01-29,29.71973655345008,30.463144240696586,29.653657620676604,30.281421661376953,52745900
2014-01-30,30.388814024734494,30.46315481927459,29.92624873082187,30.44663429260254,35036300
2014-01-31,30.52097644971092,31.29742233215109,30.19883404264498,31.256122589111328,93162300
2014-02-03,31.17351669901611,31.380018522761407,30.091446008242347,30.13274574279785,64063100
2014-02-04,30.537490713873815,30.71921017617175,29.942764452980786,30.02536392211914,54697900
2014-02-05,29.97581380858882,30.12449541501804,29.571068735316253,29.587589263916016,55814400
2014-02-06,29.57107823956758,29.942782375107676,29.480216878550042,29.88496208190918,35351800
2014-02-07,30.000599765556032,30.223622225301238,29.74453624118872,30.198843002319336,33260500
2014-02-10,30.25666917899575,30.3970890045166,29.97582637698408,30.3970890045166,26767000
2014-02-11,30.46316743214704,30.777048115969347,30.446646898634874,30.702707290649414,32141400
2014-02-12,30.851375423291966,31.05787727525769,30.81007568309246,30.950498580932617,27051800
2014-02-13,30.834869513393567,31.272652594033058,30.834869513393567,31.066150665283203,37635500
2014-02-14,30.884426192054377,31.20656867831176,30.834867748611206,31.07440757751465,31407500
2014-02-18,31.315750255211203,31.44057860304236,31.132664868875185,31.1409854888916,32834000
2014-02-19,30.97454150551299,31.41560729403507,30.96621771256152,31.215877532958984,29750400
2014-02-20,31.265810924479645,31.515470746135573,31.124338189560135,31.415607452392578,27526100
2014-02-21,31.57372297397697,31.914925453421702,31.507148506439727,31.607011795043945,38021300
2014-02-24,31.365671157836914,31.60701033754854,31.24084284648703,31.365671157836914,32085100
2014-02-25,31.29909857695081,31.498825156968806,31.082724411568442,31.2408447265625,30736500
2014-02-26,31.27413124244518,31.407283344172928,30.94957001829956,31.182588577270508,41041800
2014-02-27,31.165942487286255,31.53210995364496,30.982857166808728,31.507144927978516,33903400
2014-02-28,31.607019035169632,32.00647545568551,31.473866894997673,31.88164710998535,41215000
2014-03-03,31.55706895823124,31.73183362834035,31.19922535176871,31.440561294555664,29717500
2014-03-04,31.79008797370947,32.02310330482471,31.68190092372205,31.9648494720459,26802400
2014-03-05,31.831711957729432,31.8483563710773,31.565407693358036,31.7152042388916,20520100
2014-03-06,31.74016749372514,31.823389555802887,31.53211710042637,31.748491287231445,23582200
2014-03-07,31.856673904901044,31.923251551843983,31.365674869786147,31.54043960571289,26591600
2014-03-10,31.615341437447015,31.631982676462954,31.390646615564343,31.473865509033203,19006600
2014-03-11,31.51547495796902,31.815068053833507,31.39064661775701,31.64030647277832,25216400
2014-03-12,31.45721670344268,31.981504547969166,31.448896085096415,31.848352432250977,30494100
2014-03-13,31.973187540002634,31.99815574953359,31.32407123495319,31.532121658325195,32169700
2014-03-14,31.33239491441183,31.740171964946406,31.215884011090154,31.374004364013672,27195600
2014-03-17,31.54045101714185,31.964872558870788,31.448908306773355,31.665279388427734,20479600
2014-03-18,31.84002965124494,33.2048428489788,31.80674400220515,32.913570404052734,64063900
2014-03-19,32.84699053783888,32.91356499958376,32.380956607238986,32.68054962158203,35597200
2014-03-20,32.663900380694095,33.82898344755087,32.655579764680475,33.562679290771484,59269800
2014-03-21,33.88724134550399,34.070323491113434,33.296375950638875,33.421207427978516,80721800
2014-03-24,33.57099527883326,33.82065499457243,33.171539098731486,33.70414733886719,46098400
2014-03-25,33.83732252103632,34.111950618228526,33.25478066984491,33.57101821899414,43193100
2014-03-26,33.68752600986923,33.87893202886535,32.95518759074663,33.11330795288086,41977500
2014-03-27,33.07168480641738,33.26309074615547,32.73880297885769,32.75544738769531,35369200
2014-03-28,33.113298359505286,33.82066836279957,33.02175568681142,33.5377197265625,43472700
2014-03-31,33.64590076398684,34.53635595265383,33.62093573940992,34.111934661865234,46886300
2014-04-01,34.24509596680154,34.61126351572457,34.17851831721714,34.46978759765625,32605000
2014-04-02,34.486439269357234,34.669524669656276,34.26174441660779,34.41154098510742,28666700
2014-04-03,34.36160441939911,34.36160441939911,33.87892597330264,34.12858581542969,30139600
2014-04-04,34.32832132457927,34.444829058714944,32.9884760328237,33.17988204956055,51409600
2014-04-07,33.254764635648286,33.51274819274818,33.071682500393166,33.121612548828125,37559600
2014-04-08,33.0800136589538,33.229810201188535,32.62230341305752,33.138267517089844,35918600
2014-04-09,33.22980207258004,33.745766050398274,33.188192637603734,33.67919158935547,27398700
2014-04-10,33.654223242752266,33.86227359132798,32.53075263028198,32.75544738769531,45960800
2014-04-11,32.4558575013528,33.113297428026996,32.4558575013528,32.630619049072266,34330200
2014-04-14,32.54740562586111,32.7970654750986,32.37264404885459,32.60565948486328,32006600
2014-04-15,32.73881074948106,33.25477484752696,32.497471525947745,33.080013275146484,33968700
2014-04-16,33.338000096268374,33.637590031284724,33.213168575730144,33.620948791503906,30615800
2014-04-17,33.2963752746582,33.45449556602445,32.8802745914355,33.2963752746582,36688400
2014-04-21,33.39624132217697,33.412885730256995,33.11329273400901,33.238121032714844,22221200
2014-04-22,33.25477117615845,33.40456770011746,33.14658726687444,33.27973937988281,27056700
2014-04-23,33.279738052950485,33.279738052950485,32.84699290927854,33.03007507324219,24602800
2014-04-24,33.071695070703555,33.2631010698473,32.705524311822145,33.17155838012695,42381600
2014-04-25,33.5293912227894,33.85394922266604,33.08000175776204,33.21315383911133,56876800
2014-04-28,33.40455932573749,34.36159208059641,33.362949896090576,34.01206588745117,50610200
2014-04-29,34.203485350422994,34.27838362329067,33.61262296146536,33.712486267089844,29636200
2014-04-30,33.620948791503906,33.70416768879777,33.42953961345264,33.620948791503906,35458700
2014-05-01,33.48779666202063,33.58765997372539,33.24645741535314,33.28806686401367,28787400
2014-05-02,33.54604226834911,33.57100729648128,33.00511004511002,33.03007507324219,43416600
2014-05-05,32.88860370642336,32.98846699767433,32.70551836029926,32.81370544433594,22460900
2014-05-06,32.697192831317714,32.7471228821458,32.4142442364387,32.50578689575195,27112400
2014-05-07,32.63894780906727,32.88028386067803,32.04808225962764,32.80538558959961,41744500
2014-05-08,32.73881591752122,33.20485002536623,32.43090216882598,32.98847579956055,32120400
2014-05-09,32.90525436401367,33.1632348466025,32.76377843117045,32.90525436401367,29647600
2014-05-12,33.071689886572855,33.3047052969004,32.99679162259659,33.26309585571289,22782600
2014-05-13,33.4558493506006,33.94193288699549,33.397184537172606,33.87488555908203,27004800
2014-05-14,33.774319471895055,33.90003161959274,33.56480135706072,33.724037170410156,18818700
2014-05-15,33.59832089326213,33.85812447464254,33.112237392032775,33.18766403198242,37793200
2014-05-16,33.246345046811584,33.38881907927191,32.911117859070245,33.38043975830078,29867100
2014-05-19,33.196055360243854,33.372049834526514,33.07034319461728,33.313385009765625,24537400
2014-05-20,33.254703521728516,33.47260087637158,33.07032662372868,33.254703521728516,21320900
2014-05-21,33.35527639650134,33.81621551513672,33.304994105336206,33.81621551513672,22398700
2014-05-22,33.76592519593422,33.81620747514446,33.39717143110554,33.606689453125,20201800
2014-05-23,33.83298077004881,33.83298077004881,33.52289488749733,33.62346267700195,18020000
2014-05-27,33.740797540356546,33.740797540356546,33.36366747186628,33.682132720947266,26160600
2014-05-28,33.64021936035666,33.682122333155434,33.37203649805423,33.53126907348633,25711500
2014-05-29,33.64861723590101,33.81622920362191,33.44747839884523,33.8078498840332,19888200
2014-05-30,33.90003427191018,34.33583236850127,33.732419127530065,34.31068801879883,34567600
2014-06-02,34.31905846998317,34.43638807070579,34.09277858416447,34.184967041015625,18504300
2014-06-03,34.025738203422954,34.09278553006254,33.73241414185599,33.76593780517578,18068900
2014-06-04,33.69888819078157,33.83297963796503,33.40556414912782,33.79107666015625,23209000
2014-06-05,34.01735664258854,34.57048426291549,33.85812404780991,34.53696060180664,31865200
2014-06-06,34.76323699951172,34.914090262237494,34.56210144720532,34.76323699951172,24060500
2014-06-09,34.68781372705353,34.76324036572016,34.377727855642824,34.58724594116211,15019200
2014-06-10,34.38611200093804,34.49506231586488,34.24364121733525,34.45315933227539,15117700
2014-06-11,34.3022980730729,34.419627678691334,34.16820663851011,34.24363327026367,18040000
2014-06-12,34.201732230940834,34.260397037068294,33.765934244713876,34.008975982666016,29818900
2014-06-13,34.44478348965202,34.83867864507848,34.24364785066348,34.553733825683594,26310000
2014-06-16,34.39447876226566,34.872179589770084,34.39447876226566,34.779991149902344,24205300
2014-06-17,34.604010880802065,35.1236148844183,33.80784144489477,34.93085861206055,22518600
2014-06-18,34.87220371297032,34.98115405336253,34.51183221528284,34.90572738647461,27097000
2014-06-19,34.838676618600076,35.00629177266967,34.637540991311084,34.78839111328125,19828200
2014-06-20,34.73810233970279,35.05657075346422,34.679437526245756,34.93085861206055,47764900
2014-06-23,34.97276176413621,35.199041701571126,34.93923809999935,35.1906623840332,18743900
2014-06-24,35.05656452795413,35.14874979202123,34.830284631806904,34.98951721191406,26509100
2014-06-25,34.94762746742195,35.24095159365604,34.74648864015201,35.22418975830078,20049100
2014-06-26,35.14037277757776,35.14875209413559,34.72133661585801,34.964378356933594,23604400
2014-06-27,34.87218832572338,35.44207773586052,34.78837917894318,35.40855407714844,74640000
2014-06-30,35.34150839577749,35.37503205604147,34.94761657714844,34.94761657714844,30793100
2014-07-01,35.081700946350416,35.3247426387622,34.93922701745706,35.09008026123047,26917000
2014-07-02,34.97276420566548,35.115238189697266,34.805149070272165,35.115238189697266,20208100
2014-07-03,35.12362160052678,35.19066894129378,34.83029747715411,35.03143310546875,15969300
2014-07-07,34.989523596204634,35.29960949698913,34.955999932067776,35.1906623840332,21952400
2014-07-08,35.09009033983988,35.199040646522725,34.87219292346667,35.01466369628906,31218200
2014-07-09,35.18227749148198,35.1906600054459,34.80514428791475,34.9224739074707,18445900
2014-07-10,34.67105657208245,35.19904311394965,34.40287364221177,34.939239501953125,21854700
2014-07-11,34.94761218485285,35.27445983886719,34.763235273566075,35.27445983886719,24083000
2014-07-14,35.383426890994656,35.57618320914679,35.232573564268066,35.31637954711914,21881100
2014-07-15,35.47560408821975,35.59293370562876,35.224179825780666,35.576171875,28748700
2014-07-16,35.62645003278324,37.13498264427063,35.60130888825576,36.94222640991211,63318000
2014-07-17,38.09040258497145,38.30830006731191,37.08471476549163,37.319374084472656,82180300
2014-07-18,37.41993259887943,37.57916519826039,37.08470237208621,37.453453063964844,43407500
2014-07-21,37.344503373335634,37.84734548173471,37.059558659378254,37.57916259765625,37604400
2014-07-22,37.713244801954,37.83895689675706,37.36963536608251,37.57077407836914,43095800
2014-07-23,38.09039649055177,38.09039649055177,37.394794767734275,37.604312896728516,52362900
2014-07-24,37.65459994453514,37.71326476730262,37.14337517728171,37.21042251586914,30725300
2014-07-25,37.12659726442123,37.428303763420146,37.12659726442123,37.294212341308594,26737700
2014-07-28,37.17689197319068,37.302600914311036,36.81652058739253,36.85004425048828,29684200
2014-07-29,36.79975514655428,36.95060841869712,36.573475238340016,36.78299331665039,27763100
2014-07-30,36.93384700719983,36.958988153844395,36.280151618503545,36.523193359375,31921400
2014-07-31,36.35557672486106,36.61537708789652,36.10415567802363,36.171199798583984,31537500
2014-08-01,36.21310092332882,36.24662458039221,35.70187634258377,35.919776916503906,31170300
2014-08-04,36.01196389108816,36.43099999613878,35.87787246535162,36.347190856933594,34277400
2014-08-05,36.296916576036416,36.42262551708286,35.894642210101345,36.10416030883789,26266400
2014-08-06,35.819217681884766,36.17958589175913,35.37503711237851,35.819217681884766,24634000
2014-08-07,35.90301833438956,36.41424296136048,35.7437857444282,36.22986602783203,30314900
2014-08-08,36.22987213836404,36.30529878780239,35.961689206359374,36.20473098754883,28942700
2014-08-11,36.255013289179246,36.41424910298951,36.05387768867212,36.20473098754883,20351600
2014-08-12,36.070641232327745,36.531580468760424,36.037117564989,36.47291564941406,21431100
2014-08-13,36.60699623025004,37.02603235633166,36.4729047977836,36.94222640991211,22889500
2014-08-14,36.94223452061477,37.22717607979721,36.88356650885015,37.10146713256836,19313200
2014-08-15,37.361275127296196,37.62945808261071,37.21042181530766,37.537269592285156,41611300
2014-08-18,37.66296885343618,37.805442810058594,37.445071457239315,37.805442810058594,26891100
2014-08-19,37.92350939701968,38.23553202520141,37.80544695484066,38.22710037231445,28139500
2014-08-20,38.23552436948787,38.28612392755912,37.864470594510934,37.90663528442383,24770500
2014-08-21,37.81388842705694,38.15964419049123,37.80545677198049,38.13434600830078,22285500
2014-08-22,38.24395707362126,38.34515619254998,38.00783223004036,38.07529830932617,18294500
2014-08-25,38.2861226287871,38.31985244939742,37.98253172457751,38.092159271240234,16910000
2014-08-26,38.2102433748647,38.28614113760866,37.89821745193896,37.95724868774414,14873100
2014-08-27,37.86448520465112,37.94881461701569,37.74641952359549,37.83918380737305,21287900
2014-08-28,37.73797588411004,37.93193604451833,37.6199134575102,37.84760665893555,17657600
2014-08-29,38.024714988666545,38.319871169191835,37.83075475332691,38.311439514160156,21607600
2014-09-02,38.31142457850946,38.336722750703146,37.822305136365905,38.02470016479492,22976800
2014-09-03,37.552447431008176,38.041566875599216,37.552447431008176,37.915069580078125,33684500
2014-09-04,37.72953987331807,38.17649135579679,37.71267335475818,38.16805648803711,26475500
2014-09-05,38.04158345455002,38.73309501299152,38.04158345455002,38.71622848510742,36939400
2014-09-08,38.80897266540988,39.466750827158656,38.78367449517634,39.18846130371094,45736700
2014-09-09,39.18846124591033,39.61011457296524,39.14629333963717,39.43301773071289,40302400
2014-09-10,39.48361794715384,39.58481384658757,39.028231574262605,39.500484466552734,27302400
2014-09-11,39.4161633884824,39.63542175292969,39.188470154079276,39.63542175292969,29216400
2014-09-12,39.559543858170215,39.65230817246957,39.298117446686746,39.382450103759766,38244700
2014-09-15,39.247505904875894,39.390866541065165,38.87644879104825,38.99451446533203,37667600
2014-09-16,39.120995169440945,39.50891545826116,39.03666579081379,39.43301773071289,27910600
2014-09-17,39.01138259228001,39.374004879972595,38.98608441028879,39.23064422607422,38311900
2014-09-18,39.28966850416819,39.492063575138815,39.18003770668575,39.36556625366211,35556600
2014-09-19,39.47519320988858,40.116104974502036,39.29809633366205,40.07394027709961,202522400
2014-09-22,39.8884155658446,39.95588166171375,39.61855761628906,39.6860237121582,38686100
2014-09-23,39.50892267940309,39.61855346522354,39.18846840848206,39.264366149902344,33430300
2014-09-24,39.32339598037292,39.728182847998866,39.078836242548896,39.702884674072266,26582700
2014-09-25,39.534225498917266,39.7113191629734,38.81741275584768,38.82584762573242,33077400
2014-09-26,38.733087661762355,39.314968287001605,38.589723810437505,39.137874603271484,27078800
2014-09-29,38.77525324985842,39.26437282594429,38.58972469107265,39.16317367553711,26091000
2014-09-30,39.10414622395991,39.196910512314346,38.80055517733122,39.0957145690918,33033100
2014-10-01,39.019801509833314,39.239059837016086,38.66561102197219,38.70777893066406,38088400
2014-10-02,38.64874848023262,38.87643846346342,38.48851814475041,38.58971405029297,25119400
2014-10-03,38.77525482085264,39.045112798950406,38.46323213685726,38.868019104003906,32453200
2014-10-06,38.89331728415031,39.045112798950406,38.72465524359899,38.868019104003906,20604000
2014-10-07,38.67405238521402,38.733083606944305,38.3029953149547,38.39575958251953,25723700
2014-10-08,38.353603092238025,39.542665868229015,38.235540623509436,39.44990158081055,33031000
2014-10-09,39.21377738906968,39.46676885786502,38.572865453657435,38.665626525878906,34422800
2014-10-10,38.45479374362593,38.893313722113234,37.06333927467558,37.130802154541016,51978100
2014-10-13,36.95370148453966,37.577749894274135,36.67541193018344,36.810340881347656,37100200
2014-10-14,36.99587771354142,37.42596609113456,36.73445459869162,36.87781524658203,38115700
2014-10-15,36.26220623654441,36.59109549932483,35.50322854015777,36.44773483276367,60218700
2014-10-16,35.865837543015616,36.32965886134848,35.604414491184556,36.04293441772461,49040400
2014-10-17,36.430869036514714,37.05491451767627,36.085113238314,36.79349136352539,40683300
2014-10-20,36.31279266483141,37.22356235353705,36.10196596077472,37.17296600341797,34527900
2014-10-21,37.40908677659339,37.93193604451833,37.26572296075083,37.84760665893555,36433800
2014-10-22,37.94879830592375,38.007829512598434,37.29945181554281,37.42594909667969,33570900
2014-10-23,37.62835510286166,38.3283014135424,37.55245734889581,37.96567916870117,45451900
2014-10-24,39.492060265007545,39.55109148555935,38.10060271323455,38.9017448425293,61076700
2014-10-27,38.54756642322776,38.87645567456441,38.54756642322776,38.71622848510742,30371300
2014-10-28,38.67406082532972,39.21377680862717,38.59816306411845,39.205345153808594,29049800
2014-10-29,39.16317640460029,39.38243802880091,39.078846990345255,39.314971923828125,30276100
2014-10-30,39.06197900642891,39.06197900642891,38.59816081141257,38.834285736083984,30073900
2014-10-31,39.58481922003121,39.61012061104391,39.19689887207728,39.59325408935547,35849700
2014-11-03,39.54265167293576,40.02333624703472,39.407722726117804,40.0064697265625,23130400
2014-11-04,39.8884184905585,40.25104074004218,39.846253786028925,40.116111755371094,21530800
2014-11-05,40.31006480106244,40.39439741208468,39.854678352422845,40.36066436767578,22449600
2014-11-06,40.36066810709064,41.20397499368439,40.301636882385914,41.06904602050781,33037800
2014-11-07,41.254569270290645,41.254569270290645,40.72328827470542,41.05217742919922,28000600
2014-11-10,41.02687529877818,41.44852868019641,40.94254269231853,41.22926712036133,36370100
2014-11-11,41.19553963488011,41.27987225271587,41.02688083312947,41.212406158447266,23445200
2014-11-12,40.95098741143181,41.25457521682886,40.917254360734105,41.136512756347656,22722100
2014-11-13,41.161796401829235,41.8701740761894,41.07746381145339,41.83644104003906,26210400
2014-11-14,41.94609385454544,42.20751697976987,41.650934458472555,41.81116485595703,29081700
2014-11-17,41.667807665952914,41.92079917674779,41.44011434114905,41.7099723815918,30318600
2014-11-18,41.69298593980952,41.86271174514025,41.3280765913861,41.362022399902344,23995500
2014-11-19,41.29412086840062,41.3704973005994,40.67462457934366,40.92072677612305,26177500
2014-11-20,40.73404048576526,41.32807922363281,40.623718219686126,41.32807922363281,21510600
2014-11-21,41.599635478247016,41.625093215331646,40.36912746890023,40.717063903808594,42884800
2014-11-24,40.72555237400452,40.73403720736587,40.21637496656219,40.38610076904297,35434200
2014-11-25,40.44549750084938,40.7085726122393,40.267286895028725,40.28425979614258,28008000
2014-11-26,40.30124361844123,40.72555654952199,40.12302972707673,40.52188491821289,27163600
2014-11-28,40.69159912204984,40.903755527026895,40.40306628179104,40.572792053222656,21534400
2014-12-01,40.632203966332106,41.3959652393935,40.48793589782853,41.26018524169922,31191600
2014-12-02,41.446883613078555,41.62509425160842,40.90376362674918,41.12440490722656,25773500
2014-12-03,41.107443568292226,41.15836229530516,40.57281150228761,40.80194091796875,23534800
2014-12-04,41.065005677798666,41.633586698866104,40.90376792654862,41.4468879699707,30320400
2014-12-05,41.429917208993636,41.55721239205864,41.05652296912115,41.0904655456543,27313400
2014-12-08,40.954663151364436,41.031039572023445,40.26727860268257,40.479434967041016,26663100
2014-12-09,39.97876078543936,40.66614559147339,39.927842073520004,40.38610076904297,24330500
2014-12-10,40.37761431640898,40.44550269232849,39.63082275779257,39.8005485534668,30431800
2014-12-11,39.95330512874588,40.513398040025,39.61385350610677,40.02967834472656,29060400
2014-12-12,39.69871517181416,40.50491035533413,39.605365812835444,39.84298324584961,34248400
2014-12-15,40.055139642370946,40.453991579337405,39.503531560464374,39.60536575317383,29247800
2014-12-16,38.951924781668644,39.325318961229684,38.29848253949899,38.32394027709961,47801400
2014-12-17,38.230589199467495,38.9943536655602,38.10329727995225,38.81614303588867,34970900
2014-12-18,39.528991218635625,40.326698303222656,39.32531960275676,40.326698303222656,40105600
2014-12-19,40.42004549820826,40.81889740055504,40.029675191746044,40.44550323486328,64551200
2014-12-22,40.54733810299345,40.835870993204075,40.48793455829571,40.717063903808594,26566000
2014-12-23,41.048025593629724,41.412934915976,40.84435723158777,41.11591720581055,23648100
2014-12-24,41.27715327092034,41.27715327092034,40.80192495374369,40.852840423583984,11437800
2014-12-26,41.08198047753918,41.08198047753918,40.581291057444986,40.63220977783203,13197800
2014-12-29,40.47943695338232,40.54732530993874,40.10603966194922,40.26728057861328,14439500
2014-12-30,40.25879544932624,40.411548309289614,39.749621407614754,39.902374267578125,16384700
2014-12-31,39.65627717661822,40.25880062546919,39.418663024902344,39.418663024902344,21552500
2015-01-02,39.596886137623784,40.241840426113875,39.49505193149399,39.68174743652344,27913900
2015-01-05,39.350768430618025,39.656274166635725,39.24893426436205,39.31682586669922,39673900
2015-01-06,39.35925379903993,39.67324434518154,38.64640820965791,38.7397575378418,36447900
2015-01-07,39.01981528317781,39.427155293193834,38.60399043925027,39.231971740722656,29114100
2015-01-08,39.67325498842405,40.52188076357751,39.64779725108958,40.38610076904297,29645200
2015-01-09,40.40307829728728,40.581288953526226,39.80055470490753,40.046653747558594,23944200
2015-01-12,40.24184010670803,40.34367754928058,39.34229869140774,39.54596710205078,23651900
2015-01-13,39.85995504396889,40.65766213420199,39.08770569193188,39.34229278564453,35270600
2015-01-14,39.00283432006836,39.24045170475696,38.71430146792861,39.00283432006836,29719600
2015-01-15,39.22347383133223,39.3592537894075,38.53608597262329,38.595489501953125,32750800
2015-01-16,38.45124464447692,39.274409650709416,38.33243428698087,39.2404670715332,35695300
2015-01-20,39.29137562034672,39.58839660575821,38.671879147575076,39.36775207519531,36161900
2015-01-21,38.985860230151246,39.15558600339818,38.59549321775821,38.96888732910156,39081100
2015-01-22,39.35926205956292,40.00421618662562,39.104674989334235,39.995731353759766,35898000
2015-01-23,40.190922780445916,40.216380521296635,39.715691115310264,40.038169860839844,26211600
2015-01-26,39.88541699040743,39.99573926298135,39.240462735803995,39.89390182495117,42525500
2015-01-27,36.448468061967745,36.660624449712316,35.73562246965599,36.20236587524414,169164000
2015-01-28,36.27026362162797,36.31269425891968,34.92943346990898,34.954891204833984,84507100
2015-01-29,34.73425038671925,35.744113810901425,34.615443305903725,35.65076446533203,63585300
2015-01-30,35.260406549750186,35.285867528840576,34.24205479191153,34.284488677978516,78004900
2015-02-02,34.4457147346799,35.10764169560764,34.1402089874056,35.03126525878906,50352500
2015-02-03,35.32829835104152,35.5828854824379,34.83609375805763,35.30283737182617,52082400
2015-02-04,35.59137299265969,35.82050239931485,35.099171599929235,35.50651168823242,41614800
2015-02-05,35.82897497223725,36.185396181342945,35.52346922886102,36.0241584777832,36548200
2015-02-06,36.21935230372886,36.31270166716514,35.76958162962763,35.9902229309082,34616600
2015-02-09,35.845969267826106,36.27028233415464,35.82050828251518,35.94780349731445,31381100
2015-02-10,36.27026142019559,36.29571915357543,35.79502989452237,36.151451110839844,29670700
2015-02-11,36.193896843307215,36.193896843307215,35.8204993660434,35.96476745605469,38262500
2015-02-12,36.20237807618581,36.56728744506836,36.075082905738164,36.56728744506836,33268800
2015-02-13,36.813381332623926,37.22920608520508,36.61819782302973,37.22920608520508,40264900
2015-02-17,37.57962239827828,37.60526130587638,36.91298145813258,37.24630355834961,33695700
2015-02-18,37.2890436105003,37.348869913711866,37.08392252785421,37.203575134277344,27111700
2015-02-19,36.90445152144469,37.203583101562664,36.79334410870529,37.17794418334961,27603400
2015-02-20,37.1864724432338,37.50270083832624,36.99844836160631,37.4856071472168,29721100
2015-02-23,37.34885581090189,37.76763977525135,37.30612321907061,37.733455657958984,32518800
2015-02-24,37.73347866844303,37.861676522113996,37.536902757625974,37.68219757080078,25271700
2015-02-25,37.5625304492301,37.68218303729052,37.4343293847148,37.596717834472656,29759800
2015-02-26,37.59672886419984,37.80184671525341,37.511260376019635,37.65655517578125,28957300
2015-02-27,37.71637066327865,37.776196957690736,37.31467703483593,37.4770622253418,33807700
2015-03-02,37.323222475756005,37.76764870855603,37.22066357904478,37.50270462036133,31924000
2015-03-03,37.22922244660032,37.459982473824084,36.827528703623095,36.98991394042969,31748600
2015-03-04,36.759144020158615,36.93007768990842,36.64803990606652,36.8018798828125,25748700
2015-03-05,36.81043616938478,36.95573097346846,36.59676983301255,36.84462356567383,23193500
2015-03-06,36.75061389969039,36.84462761968483,36.024149580207826,36.20362854003906,36248800
2015-03-09,36.05831953863408,36.861706822412394,36.05831953863408,36.622398376464844,32108000
2015-03-10,36.195070057862964,36.5027500527161,35.92157745361328,35.92157745361328,39159700
2015-03-11,36.16088245510783,36.21216027579993,35.75918880481332,35.878841400146484,32215300
2015-03-12,35.32330070797039,35.59679320605785,34.921607175028534,35.058353424072266,59992500
2015-03-13,34.78487430842107,35.44296690396532,34.707954309973324,35.36604690551758,58007700
2015-03-16,35.44294698813391,35.58823842562248,35.2805586047206,35.519866943359375,35273500
2015-03-17,35.35748539011523,35.750633715151224,35.16946133235486,35.6395263671875,31673400
2015-03-18,35.40878487763009,36.605317643573784,35.32331964875818,36.32327651977539,44194800
2015-03-19,36.11813759039379,36.400178575072246,36.083953471880434,36.14377975463867,33879100
2015-03-20,36.37454819754177,36.7335059782332,36.314721900759864,36.648040771484375,71904500
2015-03-23,36.64803698998354,36.861703245097246,36.562568531765066,36.630943298339844,26246100
2015-03-24,36.562579877637546,36.895898817402255,36.536940962360056,36.66514205932617,25513300
2015-03-25,36.682236008081695,36.690784487518876,35.41733165541918,35.434425354003906,43469900
2015-03-26,35.229305009596644,35.562623957791644,34.972902809179494,35.22075653076172,37495600
2015-03-27,35.14382661848782,35.40877396278322,34.89597622704402,35.015628814697266,34401400
2015-03-30,35.12674414809626,35.502798984048304,34.96435890730121,35.0070915222168,35049700
2015-03-31,34.85324172991563,35.06690800488625,34.64812393170546,34.75068283081055,34887200
2015-04-01,34.69940925397671,34.83615556911427,34.451558799238796,34.801971435546875,36865300
2015-04-02,34.75070027790964,34.81907508516735,34.28918010979085,34.43447494506836,37487500
2015-04-06,34.47719690718971,35.70791371461004,34.34045059525412,35.5113410949707,39223700
2015-04-07,35.562606934526194,35.81900575191982,35.30620811713258,35.494232177734375,28809400
2015-04-08,35.43442161597507,35.63099423852815,35.07546376443186,35.40023422241211,24753400
2015-04-09,35.2549236081114,35.57114867668547,35.2549236081114,35.45149612426758,25723900
2015-04-10,35.57970766855217,35.853200229295624,35.39168031043286,35.6566276550293,28022000
2015-04-13,35.38313825878666,35.94721712330465,35.374589781586614,35.69081497192383,30276700
2015-04-14,35.724999563177306,35.921572139634165,35.374587012051855,35.5968017578125,24244400
2015-04-15,35.69080867776123,36.28907482499612,35.62243717366228,36.118141174316406,27343600
2015-04-16,35.85320541851119,36.18652432139217,35.74209803078787,36.032684326171875,22509700
2015-04-17,35.61388814503012,35.673717693084086,35.17801043983807,35.5711555480957,42387600
2015-04-20,35.66517427185007,36.89589084352939,35.62244166885977,36.67367935180664,46057700
2015-04-21,36.75060065379475,36.87880172763278,36.34890699870506,36.44292068481445,26013800
2015-04-22,36.468558154859146,36.861706577630606,36.36599925601331,36.7420539855957,25064300
2015-04-23,36.65659109652913,37.27195110380127,36.579671095620114,37.04119110107422,46309500
2015-04-24,39.0240097516229,41.143578885299455,39.01546453483982,40.912818908691406,130933700
2015-04-27,40.36583292277238,41.13503282910267,40.35728770616367,41.049564361572266,59248200
2015-04-28,40.83590377830326,42.058075321982855,40.767532255032265,42.015342712402344,60730800
2015-04-29,41.639284343650765,42.143536878561726,41.451256980036604,41.92987060546875,47804600
2015-04-30,41.62218866957894,42.34010744341384,41.53672020823643,41.57090759277344,64725500
2015-05-01,41.519641167768214,41.77604010156561,41.36580115543191,41.5880126953125,38937300
2015-05-04,41.34014615856031,41.76747866911893,41.177760978251825,41.229042053222656,34039500
2015-05-05,40.8700952845239,41.160681623329836,40.43421740645973,40.68206787109375,50369200
2015-05-06,40.656420486448745,40.827354166664044,39.33169017028553,39.55390167236328,52433000
2015-05-07,39.545369734383954,40.24619512433626,39.45135601568232,39.91287612915039,32971700
2015-05-08,40.63932329251343,41.00682953222538,40.61368438379025,40.81025695800781,35364900
2015-05-11,40.639325056497945,40.94700501568524,40.4854850769043,40.4854850769043,24609400
2015-05-12,40.041055091532996,40.75042862676783,39.67354887019491,40.468387603759766,29928300
2015-05-13,41.186297603342815,41.29740494579414,40.656406313655005,40.70768737792969,34184600
2015-05-14,41.04955749555351,41.72474360481191,41.04955749555351,41.639278411865234,32980900
2015-05-15,41.76748958650872,41.80167697875867,41.066664346830535,41.280330657958984,28642700
2015-05-18,41.00681654373361,41.211937529414584,40.6905914819176,41.03245544433594,24136500
2015-05-19,40.912040211503886,41.127095084454744,40.58515588580503,40.92924499511719,28574800
2015-05-20,40.765801191529285,41.23032050465762,40.662575771326416,40.92924499511719,25047900
2015-05-21,40.671169091867775,40.94643901643556,40.43890947773689,40.79159927368164,22410700
2015-05-22,40.688381329744935,40.73139164806481,40.27547636721563,40.344295501708984,25720600
2015-05-26,40.284090894538366,40.327101224063256,39.73354751959532,40.07763671875,29581900
2015-05-27,40.2754847240322,41.092694067581526,40.103440133577976,40.95505905151367,27335600
2015-05-28,40.86043892090939,41.30775359339986,40.76581422152975,40.81742858886719,19283700
2015-05-29,40.800207931508574,40.92063812697954,40.07762347720603,40.30988311767578,36519600
2015-06-01,40.48193806218567,41.09269322842209,40.10343931462023,40.628173828125,28837300
2015-06-02,40.37009618849934,40.73138675677248,40.10342699657638,40.36149215698242,21498300
2015-06-03,40.74859935187113,41.06688294949677,40.275479253493216,40.30128479003906,28002200
2015-06-04,40.24967064344843,40.56795093529274,39.74214101411333,39.87977600097656,27745500
2015-06-05,39.836771725882805,40.01741705826681,39.43246745499511,39.69053268432617,25438100
2015-06-08,39.82816593244505,39.93999539675624,39.286226677758705,39.33784103393555,22121600
2015-06-09,39.36363764184639,39.51847739377502,39.1055724824575,39.26901626586914,24406100
2015-06-10,39.38945361216552,40.284082723318974,39.30342968908703,40.09483337402344,28417400
2015-06-11,40.13783865046261,40.361494259404274,39.681923400614195,39.94858932495117,27347800
2015-06-12,39.75935500119295,39.974409923040206,39.48408496374669,39.5443000793457,23931000
2015-06-15,39.096974312992224,39.269018857765886,38.72707969024571,39.122779846191406,33254500
2015-06-16,39.01095419703706,39.776552331726286,38.96794387702638,39.42386245727539,27070300
2015-06-17,39.337845910522155,39.63032073549353,39.019565545001974,39.5443000793457,28704100
2015-06-18,39.7593509544767,40.258276616013156,39.71633734930303,40.18946075439453,32658300
2015-06-19,40.2496777670888,40.28408734026386,39.56150271097508,39.656124114990234,63837000
2015-06-22,39.853979717710644,40.18946487097369,39.707740664391196,39.7679557800293,20318100
2015-06-23,39.68193661386933,39.81096760301989,39.243222718915106,39.4926872253418,25896500
2015-06-24,39.28622347347744,39.78515236472786,39.18299805102036,39.26041793823242,34890900
2015-06-25,39.595897269739346,39.62170608271181,39.139982045436426,39.26901626586914,20616000
2015-06-26,39.2690210727402,39.810956989351595,38.735682625711135,38.93353271484375,49835300
2015-06-29,38.74429087512752,38.907731414857835,38.159341295123774,38.16794204711914,34081700
2015-06-30,38.46040804343061,38.469012074936025,37.798038721005284,37.97868728637695,35945400
2015-07-01,38.24536756844643,38.90773713977934,37.93568794740998,38.23676681518555,28343900
2015-07-02,38.262571973347065,38.49483168679893,37.90128127340709,38.193756103515625,21752000
2015-07-06,37.81524787502417,38.2625624022077,37.80664712400082,38.185142517089844,23034000
2015-07-07,38.14212516739319,38.27115937929405,37.264701058305775,38.10771560668945,36435800
2015-07-08,38.22815931290937,38.623862838050776,37.87546939460414,38.05611801147461,39785900
2015-07-09,38.494824281867395,38.89912851434181,38.279769397611155,38.296974182128906,32424700
2015-07-10,38.7184946992093,38.830324200529304,38.33999913975177,38.37440872192383,25465800
2015-07-13,38.69267241728267,39.243212367992875,38.66686688255468,39.17439651489258,28178300
2015-07-14,39.09697410953048,39.53568457901734,38.97654391325866,39.24320983886719,22880300
2015-07-15,39.29481636717684,39.47546162563787,39.07976155049198,39.36363220214844,26629600
2015-07-16,39.57870382696439,40.16365343927946,39.54429753560511,40.137847900390625,26271700
2015-07-17,40.043224217822335,40.24107434436828,39.79375973072972,40.10343933105469,29467100
2015-07-20,40.129235809650574,40.54214072259555,39.94858724403745,40.36149215698242,30631900
2015-07-21,40.24106338603968,40.7141866918508,39.98299821653694,40.671173095703125,42781900
2015-07-22,39.088372596671014,40.37010108561823,38.88192175589316,39.17439651489258,59152400
2015-07-23,38.94213791729335,39.76794786582403,38.79589889307688,39.66472244262695,33934000
2015-07-24,39.492688110230986,39.84537807217621,39.39806341384702,39.51849365234375,32333200
2015-07-27,39.51848161888332,39.57869671979606,38.92493136068195,39.01095199584961,39701400
2015-07-28,39.20881163440019,39.26042271116464,38.52923735086404,39.002357482910156,34328900
2015-07-29,39.05396992444822,40.24107057245339,38.93353642779455,39.81956481933594,40945900
2015-07-30,39.793745234056104,40.7743980383305,39.509874558156,40.327083587646484,39777900
2015-07-31,40.67979003411111,40.748605903122794,40.00021568967806,40.17226028442383,31201500
2015-08-03,40.41310430437973,40.430309085001575,39.9571891030681,40.266868591308594,24125900
2015-08-04,40.21525472050723,41.041064511170795,40.155039628363625,40.89482879638672,33403900
2015-08-05,41.2733308229524,41.64322546694604,40.894835427890584,40.92924499511719,26959700
2015-08-06,41.04107888471526,41.09269324526194,39.853978125439625,40.10343933105469,27368000
2015-08-07,39.905574855590814,40.241059874819406,39.79374542202249,40.2066535949707,19163000
2015-08-10,40.387310884584096,40.851830256233995,40.2926862035283,40.714195251464844,23079900
2015-08-11,40.27546502986026,40.37869042106588,39.48406489482377,39.92277526855469,29237400
2015-08-12,39.73353033044179,40.344288558794645,39.320625438969955,40.2066535949707,30181400
2015-08-13,40.48192926632831,40.51633555105869,39.99160443304433,40.198055267333984,22627200
2015-08-14,40.02601648227589,40.5163413861759,40.01741573022384,40.430320739746094,21473400
2015-08-17,40.26687498933954,40.817414930808795,40.060420870550125,40.70558547973633,21099700
2015-08-18,40.55839496369817,41.06927154651944,40.437170571692604,40.930728912353516,23574100
2015-08-19,40.50643010838343,40.76620037271502,40.09080230981545,40.359230041503906,31485500
2015-08-20,39.891652010136525,40.238010199404705,39.53663635253906,39.53663635253906,36238200
2015-08-21,39.22491499001597,39.38077584625458,37.293975830078125,37.293975830078125,70053100
2015-08-24,35.02534218036286,36.964938971018356,34.39324123410623,36.090389251708984,88753700
2015-08-25,36.86103614193076,37.44118571936234,34.97339060247649,35.04266357421875,70616600
2015-08-26,36.37613259693328,37.09482476233304,35.55353758772981,36.98225784301758,63408000
2015-08-27,37.43252287892667,38.05596637770563,37.1727558554744,38.012672424316406,50943200
2015-08-28,37.57972486380746,38.229144049450795,37.57106409158682,38.03864669799805,28246700
2015-08-31,37.71824547121716,38.03862449088989,37.31993275952378,37.68360900878906,34441700
2015-09-01,36.51467365989154,36.87835011317888,36.07307007709624,36.211612701416016,49688900
2015-09-02,36.67919371651924,37.56240414716567,36.263565861470894,37.54508590698242,37671500
2015-09-03,37.58837512253928,38.0819333447023,37.475808227081494,37.66630554199219,28285200
2015-09-04,37.06884330183925,37.26799809551259,36.54064857364996,36.89566421508789,37138800
2015-09-08,37.49312893826421,38.099254095867195,37.40654104565652,38.004005432128906,32469800
2015-09-09,38.28109238417835,38.445614011939405,37.15543321376786,37.293975830078125,33469500
2015-09-10,37.337274590023256,37.91742414147942,37.0168953678526,37.48447799682617,31366600
2015-09-11,37.35458716527733,37.74423929697617,37.18140807306491,37.648990631103516,27132500
2015-09-14,37.60569514094436,37.61435260879738,37.11213689541434,37.26799774169922,23656000
2015-09-15,37.397884046082524,38.35036747640647,37.302638675855164,38.081939697265625,28882200
2015-09-16,38.07327376505936,38.42828936662372,37.96070687584647,38.35901641845703,23372200
2015-09-17,38.35036753041546,38.96515021889897,38.168530955475276,38.315731048583984,32768200
2015-09-18,37.6663088706364,38.09059748140101,37.51910878928153,37.648990631103516,63143700
2015-09-21,37.770215171541075,38.506225490915575,37.752896931931694,38.19450378417969,26177200
2015-09-22,37.56240804221125,38.14255428448408,37.50179584684296,38.012672424316406,28085900
2015-09-23,38.03864906314142,38.24646136572311,37.67497257894797,37.9866943359375,17145200
2015-09-24,37.62301456163732,38.21182148762862,37.4671537104563,38.021324157714844,27905600
2015-09-25,38.51487324416269,38.73134623000204,37.89142998794837,38.04729080200195,29384600
2015-09-28,37.952060625799746,38.177191167647976,37.41520502818552,37.48447799682617,27613800
2015-09-29,37.55373337759078,37.7269124302013,37.276648214660234,37.61434555053711,32763600
2015-09-30,37.99534994512199,38.359023076775195,37.80485260771324,38.32438659667969,34958900
2015-10-01,38.7486848871975,38.7486848871975,37.882792487483584,38.62746047973633,28657900
2015-10-02,38.333050448182576,39.458709716796875,38.02998617767158,39.458709716796875,41839000
2015-10-05,39.614566551658555,40.60168309133239,39.57127260402867,40.37655258178711,34369300
2015-10-06,40.11678419475205,40.852791188158385,40.021535531416,40.4804573059082,27017200
2015-10-07,40.78353647470063,41.000009605252366,39.78776205603333,40.52376937866211,27711500
2015-10-08,40.31594994692576,41.14720582959625,40.26399521558989,41.08659362792969,33772700
2015-10-09,41.08658256640746,41.16451299087185,40.62765748762098,40.792179107666016,28600600
2015-10-12,40.67961169274256,40.75754211622568,40.26398386853806,40.696929931640625,19769100
2015-10-13,40.31593428735236,40.809492482424204,40.31593428735236,40.60167694091797,19987800
2015-10-14,40.393881310446794,40.78353024341145,40.289971845413376,40.419857025146484,24697800
2015-10-15,40.70559310913086,40.72291135045808,40.28996522662801,40.70559310913086,27189400
2015-10-16,40.714256793338954,41.16452119070028,40.61035064106081,41.13854217529297,26450300
2015-10-19,41.06059703200104,41.45890986215079,40.71424221406037,41.2337760925293,29387600
2015-10-20,41.077912975638945,41.398295375824915,40.714239941631945,41.3636589050293,30802200
2015-10-21,41.49354965110047,41.554165139603626,40.792179133591546,40.87010955810547,25144300
2015-10-22,41.15584112699552,42.38540934790337,40.77484987847862,41.58878707885742,56637100
2015-10-23,45.28615823642052,46.818787719749885,45.24286429006765,45.77971649169922,135227100
2015-10-26,45.48532309945166,47.0352711649971,45.45934738651398,46.97465896606445,64633300
2015-10-27,46.74951253265471,47.07854912848284,46.39449692959679,46.489742279052734,50999900
2015-10-28,46.35985726034515,46.740848541259766,45.771050451494354,46.740848541259766,47000800
2015-10-29,46.35985556545156,46.610965022451914,46.082770407077255,46.20399475097656,30202100
2015-10-30,46.169369522246484,46.7495189847461,45.563244352048045,45.580562591552734,46619800
2015-11-02,45.76239317002712,46.203999961882765,45.56323839642956,46.100093841552734,30285000
2015-11-03,45.8316720371388,47.095873790931925,45.80569632948111,46.8880615234375,36596900
2015-11-04,46.914017823356325,47.52014274184894,46.81011173259376,47.104515075683594,37087800
2015-11-05,47.18246408733193,47.364300643696346,46.75817548603192,47.087215423583984,31468500
2015-11-06,46.83610555946939,47.6067490285736,46.72353865741887,47.55479431152344,32851200
2015-11-09,47.23440294322341,47.511488089665846,46.377171803640714,46.896705627441406,32513100
2015-11-10,46.818782107300535,46.870736818565675,46.126069139345226,46.33388137817383,55283700
2015-11-11,46.49842167463467,46.931367866571456,46.290606049133395,46.45512771606445,36516300
2015-11-12,46.307911354481945,46.740857425451054,46.05680184057193,46.169368743896484,35361100
2015-11-13,45.95289318867186,46.143390506449954,45.48531066491629,45.75373840332031,36848200
2015-11-16,45.96156413713058,46.66293477495985,45.76240600456107,46.55902862548828,32165200
2015-11-17,46.349803859302476,46.663626658882144,46.07085099864953,46.17546081542969,31551300
2015-11-18,46.201620746966626,47.05591446739311,46.18418577405412,46.942588806152344,29710000
2015-11-19,47.06462332616398,47.64867982681802,46.88155781329928,47.021034240722656,28149200
2015-11-20,47.291280442344394,47.33486621085561,46.436986743076794,47.238975524902344,37147600
2015-11-23,47.291280442344394,47.474342665320094,46.85541610647025,47.238975524902344,28235900
2015-11-24,47.003602999511436,47.456902255933976,46.70721847743808,47.29127502441406,24600000
2015-11-25,47.151789462676454,47.27383090706515,46.803096771240234,46.803096771240234,21005100
2015-11-27,46.898984411839756,47.14307061030126,46.890268591535296,47.01231002807617,9009100
2015-11-30,47.54408287802588,47.91020732646295,47.073348593994496,47.37845230102539,56241400
2015-12-01,47.43075093194985,48.14556808685805,47.334860258055734,48.1368522644043,39952800
2015-12-02,48.224014893263096,48.7819205380271,47.9973669720952,48.12812423706055,47274900
2015-12-03,48.37220330428623,48.61628615646528,47.01230600204698,47.24767303466797,38627800
2015-12-04,47.177958486272786,49.01730666006828,47.160523512423865,48.73835372924805,43963700
2015-12-07,48.633741480842225,48.79065290161181,48.19787716212247,48.65117645263672,30709800
2015-12-08,48.354786585010906,48.903973209632774,47.936357255373935,48.63373947143555,32878000
2015-12-09,48.26759726942228,48.703461439555284,47.517910364732764,47.9276237487793,36373200
2015-12-10,48.28504931679022,48.52041645097205,47.953791499195695,48.180442810058594,31775800
2015-12-11,47.692270083512255,48.03224369957465,47.082059408984065,47.125648498535156,39549500
2015-12-14,47.36102524398561,48.12814416040618,46.79440021843327,48.06712341308594,46768900
2015-12-15,48.5204134534159,48.72962977933481,48.02352842041175,48.11941909790039,39843000
2015-12-16,48.41580619430097,49.03473268881511,47.73585563975724,48.93012619018555,37503300
2015-12-17,49.13062718271364,49.505470767760805,48.40709080796371,48.5552864074707,41280900
2015-12-18,48.616310578395705,48.81680778274338,47.09950115912134,47.186676025390625,84684200
2015-12-21,47.840456941519015,48.250167040408066,47.273832134567286,47.796871185302734,37246300
2015-12-22,47.93634840145047,48.36349347503974,47.5092000024811,48.25016784667969,28322200
2015-12-23,48.55527130288215,48.712182676898266,48.32862006246782,48.65987777709961,27279800
2015-12-24,48.69476341644636,48.78193495218082,48.319919827102495,48.52913284301758,9558500
2015-12-28,48.250180861695576,48.77322006225586,47.92764218284772,48.77322006225586,22458300
2015-12-29,49.069586238642756,49.55775195276456,48.869089131002795,49.296234130859375,27731400
2015-12-30,49.22650874307119,49.496742445896956,49.0695973493232,49.087032318115234,21704500
2015-12-31,48.851664010925845,48.98242128553937,48.31118996797335,48.363494873046875,27334100
2016-01-04,47.35228837067543,47.77071762084961,46.541580659281685,47.77071762084961,53778000
2016-01-05,47.88404859744857,48.285042924652224,47.54407500154197,47.98865509033203,34079700
2016-01-06,47.35230671257889,47.42204661064502,46.75953088054222,47.116939544677734,39518900
2016-01-07,45.94009918181184,46.62876559334196,45.39090921720344,45.47808074951172,56564900
2016-01-08,45.652424141039546,46.44569700431328,45.46064611748123,45.617557525634766,48754000
2016-01-11,45.774469994472014,46.070857868786,44.85915557612558,45.591407775878906,36943800
2016-01-12,45.99239931856358,46.288787174584655,45.382191960914916,46.00983428955078,36095500
2016-01-13,46.898989356136774,47.134356433727504,44.719668258496775,45.016056060791016,66883600
2016-01-14,45.329885189895926,46.56773815082195,44.955041642487494,46.29750442504883,52381900
2016-01-15,44.72838903236021,45.303729690053395,43.88281135159137,44.44943618774414,71820700
2016-01-19,44.876585069749765,45.05093144371784,43.63873213279935,44.0745964050293,43564500
2016-01-20,43.568995522180025,44.78941690614817,42.80187341438917,44.27509689331055,63273000
2016-01-21,44.45816690948081,44.963771188163825,43.84795611035285,44.00486755371094,40191200
2016-01-22,44.81556156053818,45.61755350094132,44.68480095681997,45.58268356323242,37555800
2016-01-25,45.27758117461616,45.896510992701444,45.02478241411551,45.14682388305664,34707700
2016-01-26,45.14682626643562,45.713447877201034,44.93760993336263,45.47808074951172,28900800
2016-01-27,45.33859194507783,45.50422246685233,44.47558270415344,44.64992904663086,36775200
2016-01-28,45.20784052463956,45.51294416936985,44.67608560778363,45.38218688964844,62513800
2016-01-29,47.70969864287609,48.023521423339844,47.07333726043802,48.023521423339844,83611700
2016-02-01,47.84046778144958,48.02352999426512,47.50920997346377,47.6922721862793,44208500
2016-02-02,47.22151961871686,47.299975297409375,45.89649555138927,46.20159912109375,56313800
2016-02-03,46.41954848421,46.541589957553576,44.68480708707857,45.469364166259766,57559800
2016-02-04,45.41705127628386,46.0359810079983,44.780689901765214,45.32987976074219,46987100
2016-02-05,45.277582213431984,45.32988712648421,43.20287054307085,43.72590637207031,62009000
2016-02-08,43.19416216868558,43.21159714405175,42.008610446838134,43.072120666503906,59290500
2016-02-09,42.732138029115426,43.795648026502995,42.427031012048396,42.95878601074219,46740500
2016-02-10,43.49053337132072,43.926397611683335,43.16799476455886,43.333621978759766,38237000
2016-02-11,42.43574073610031,43.682312671650024,42.2875451720647,43.316184997558594,48878600
2016-02-12,43.804357150993724,44.17920067224658,43.36849290073508,44.02228927612305,34243300
2016-02-16,44.689564047270004,44.856380462646484,44.01351328612884,44.856380462646484,37291200
2016-02-17,45.20756850304355,46.331391198956865,45.1724482064823,46.02409362792969,40789000
2016-02-18,45.94507220658809,46.48942333780759,45.74313220138441,45.82215118408203,27176000
2016-02-19,45.62901009924097,45.90118407267893,45.24269346712555,45.497310638427734,33559100
2016-02-22,45.901182123399344,46.533334149647125,45.901182123399344,46.22603988647461,25008300
2016-02-23,45.9538595119167,45.980198061502456,44.75979614160686,44.935394287109375,28895300
2016-02-24,44.50518008077146,45.216351080192126,44.074968130543354,45.09343338012695,33014500
2016-02-25,45.41829814421355,45.7431526184082,44.43495297004609,45.7431526184082,26939500
2016-02-26,46.1821431701039,46.25238378080383,44.865161862790025,45.0407600402832,35975900
2016-02-29,45.084656545013324,45.34805547301472,44.4788463789744,44.67200469970703,31654000
2016-03-01,44.75102098160805,46.17335969957361,44.70711893011174,46.164581298828125,33024500
2016-03-02,46.01531929090742,46.49821168886163,45.795822441904946,46.48943328857422,29289900
2016-03-03,46.506997312007975,46.506997312007975,45.462190080209524,45.962642669677734,24427800
2016-03-04,46.006551856178916,46.050450566591344,45.40073826501387,45.68169403076172,33034200
2016-03-07,45.269038984019176,45.47975411904034,44.40861159262662,44.80370330810547,38407800
2016-03-08,44.6017541351532,45.769478850879736,44.42615600543983,45.348045349121094,33835100
2016-03-09,45.558779095974586,46.40164644491028,45.53244053796319,46.39286804199219,28251600
2016-03-10,46.471883094070606,46.48066149623854,44.91784466831224,45.69925308227539,38387800
2016-03-11,46.533343990813094,46.59480285644531,45.988992602674784,46.59480285644531,32275700
2016-03-14,46.27870950345225,47.05133926064057,46.20847226148371,46.68258285522461,24083600
2016-03-15,46.313832505819036,47.05134201049805,46.30505410603082,47.05134201049805,21104800
2016-03-16,46.928422288453575,47.938105683229246,46.884523592899114,47.71860885620117,31691700
2016-03-17,47.59570388612747,48.28931484868472,47.41132730598136,47.99079895019531,28223900
2016-03-18,48.21908130036673,48.26298336333766,46.928441701044875,46.96356201171875,67625500
2016-03-21,46.752829700045524,47.34986140828707,46.471873996079644,47.28840255737305,23925700
2016-03-22,47.06890870348162,47.63082014721754,46.93720924355634,47.472782135009766,23124100
2016-03-23,47.507904592677555,47.62204390650679,47.1830501525168,47.384986877441406,20129000
2016-03-24,47.27084867718654,47.70106403990433,47.17426951315255,47.595703125,19950000
2016-03-28,47.59570396540489,47.66594457658136,46.82307733800382,47.00745391845703,17025100
2016-03-29,47.11280473746309,48.16639030939633,46.92842818342022,48.034690856933594,23924300
2016-03-30,48.227841012746765,48.85121117067332,48.201502466406545,48.33319854736328,23008300
2016-03-31,48.24541745229543,48.80732895901242,48.166398437334806,48.49125289916992,26360500
2016-04-01,48.3331991719594,48.82487325528298,47.911765678791625,48.78975296020508,24399200
2016-04-04,48.666839599609375,48.86877629036118,48.28930476712591,48.666839599609375,18928800
2016-04-05,48.45613345797185,48.5527126278991,47.815202924849075,47.90300369262695,19272300
2016-04-06,47.727403335323565,48.46491300482605,47.595703864275855,48.39467239379883,21188700
2016-04-07,48.17517172104103,48.21029202379374,47.61326027402333,47.8151969909668,19225100
2016-04-08,47.99958343080778,48.535156435565,47.692289091647304,47.780086517333984,22167200
2016-04-11,47.841544042104154,48.42101570286989,47.674724260701275,47.68350601196289,21414200
2016-04-12,47.736167357712375,48.09614200765159,47.20059458235644,47.98200607299805,24944300
2016-04-13,48.394674282251,48.675630038809985,48.19273754155279,48.59661102294922,20818000
2016-04-14,48.482459511820785,48.79853547396794,48.350760077840896,48.605377197265625,20877100
2016-04-15,48.552703007900696,49.09705426324109,48.385886606060176,48.86000061035156,28793800
2016-04-18,48.719525254722946,49.68531011359953,48.47368649031759,49.571170806884766,23786000
2016-04-19,49.72042302095866,49.843340710252434,48.88633439456488,49.50970458984375,29596800
2016-04-20,49.42191149022337,49.60628804017956,48.71952224092161,48.80731964111328,36195700
2016-04-21,48.991700318605325,49.369235199897744,48.6580641411072,48.97414016723633,38909100
2016-04-22,45.57632802606963,46.032881898279385,44.57542287706439,45.462188720703125,126834100
2016-04-25,45.46218516628044,45.769482756817354,45.330489069698366,45.751922607421875,33226900
2016-04-26,45.883630595799545,45.96264961393079,44.85638670935018,45.16368103027344,33532600
2016-04-27,45.198792050919444,45.21635220125786,44.38226348109215,44.72467803955078,43369300
2016-04-28,44.44372555499704,44.575425017455814,43.51306096437743,43.81157684326172,43134800
2016-04-29,43.32867112496779,44.11886102025676,43.32867112496779,43.78522491455078,48411700
2016-05-02,43.89937882468433,44.55786950705459,43.706220486093535,44.43495178222656,33114500
2016-05-03,44.197889090567,44.25934794513268,43.54817689325729,43.706214904785156,26460200
2016-05-04,43.758886367793046,43.952044642031616,43.425250262087076,43.78522491455078,24257600
2016-05-05,43.78523608866608,44.16277098506814,43.66231837342011,43.84669494628906,25390700
2016-05-06,43.829135563694045,44.241790771484375,43.600860281266236,44.241790771484375,24787300
2016-05-09,44.32959100020702,44.41738841179481,43.89937564521106,43.96083450317383,17951600
2016-05-10,44.189111716239346,44.865159132168436,44.066190654995786,44.794921875,22891000
2016-05-11,44.89149914839609,45.462188979970655,44.77735984237865,44.821258544921875,24039100
2016-05-12,44.95295423133519,45.48852706550728,44.70711548905172,45.225128173828125,24102800
2016-05-13,45.16366784584215,45.567544570198194,44.81247491720306,44.84759521484375,22592300
2016-05-16,44.601758963160634,45.62022420663712,44.55786026329432,45.50608825683594,20032000
2016-05-17,45.72711590149862,45.73595570035358,44.52470089631952,44.657318115234375,27803500
2016-05-18,44.63079009798115,45.214314561564066,44.47164675585114,44.92255401611328,24907500
2016-05-19,44.6219738258543,44.75459109909382,44.0472888571003,44.48935317993164,23842400
2016-05-20,44.63079259489411,45.28504896832953,44.56006409036899,44.75457000732422,23905800
2016-05-23,44.73688970994158,44.80762159137271,44.18873111957727,44.23293685913086,26118700
2016-05-24,44.82530890969065,45.718277076943394,44.560071073959875,45.6121826171875,34757900
2016-05-25,45.903946041005746,46.40790234429984,45.78901177450289,46.080772399902344,24040200
2016-05-26,45.912788278358796,45.95699402401159,45.40883535801604,45.87742233276367,24335200
2016-05-27,45.9039310161254,46.25758361816406,45.77131381987177,46.25758361816406,17721400
2016-05-31,46.204546329003584,46.858802795410156,46.04540632803757,46.858802795410156,37653100
2016-06-01,46.36369611901077,46.814603530976115,46.36369611901077,46.72618865966797,25324800
2016-06-02,46.540523534941435,46.628938408236706,45.83322141199207,46.39906311035156,22840800
2016-06-03,46.31064496747398,46.34600753903753,45.6210225454126,45.78900909423828,23368300
2016-06-06,45.96584123508613,46.28412465535843,45.87742636333063,46.08961868286133,18243300
2016-06-07,46.18687592010441,46.62009701137341,46.06309509277344,46.06309509277344,20866800
2016-06-08,45.99236493788991,46.363697288704905,45.85974431392309,46.010047912597656,21149400
2016-06-09,45.97467209454301,45.97467209454301,45.5237681406727,45.638702392578125,20305700
2016-06-10,45.13474766844526,46.018875941569284,45.12590786969397,45.514923095703125,25833200
2016-06-13,43.835090419015366,44.842996318114416,43.3753432176806,44.3302001953125,83217800
2016-06-14,44.118014367272444,44.294837372606096,43.82625033764318,44.05612564086914,42577100
2016-06-15,44.01191422662944,44.31251804180998,43.932342529296875,43.932342529296875,33757600
2016-06-16,43.78203683988834,44.62195945734495,43.77319366757671,44.55122756958008,31188600
2016-06-17,44.56890492829092,44.58658789800506,44.04726912610956,44.32135009765625,45710500
2016-06-20,44.77227506025031,44.94026166513362,44.23295603491945,44.2683219909668,35607900
2016-06-21,44.38324447289593,45.47072195407015,44.34787852895156,45.25852966308594,34097800
2016-06-22,45.1612901531082,45.497256590144616,45.04635249165736,45.08171844482422,28816800
2016-06-23,45.33810540671909,46.02772788460218,45.22317113764053,45.89510726928711,29028800
2016-06-24,44.03844266579925,45.03750546212838,43.782044586309766,44.05612564086914,133503000
2016-06-27,43.410704733033725,43.45491385285178,42.473530752099634,42.81834030151367,50216300
2016-06-28,43.25156034614153,43.737833671449344,43.03052824288607,43.711307525634766,38140700
2016-06-29,44.126843741326255,44.84298888536047,44.02958908776437,44.68384552001953,31304000
2016-06-30,44.84300102230267,45.35579382621595,44.64849166253414,45.2408561706543,28527800
2016-07-01,45.205490926781586,45.72712687412061,45.152442002877045,45.23201370239258,21400400
2016-07-05,44.94025570218694,45.33811085053856,44.86068399798006,45.2408561706543,24806400
2016-07-06,44.896038430550895,45.56797789364153,44.55122889911219,45.426517486572266,28167500
2016-07-07,45.46188005882797,45.629866610941704,45.15243647232712,45.426517486572266,19585200
2016-07-08,45.73596480305037,46.29296667686011,45.576821410533306,46.23991775512695,28391000
2016-07-11,46.41675092391619,46.708514977182894,46.39022814550392,46.49632263183594,22269200
2016-07-12,46.80575666604129,47.21245829661818,46.67313942856201,47.044471740722656,27317600
2016-07-13,47.353916758291035,47.619154595017456,47.01794703300712,47.30970764160156,25356800
2016-07-14,47.601476835831704,47.73409745505956,47.37160491821019,47.513065338134766,24545500
2016-07-15,47.6987237312838,47.74292947292606,47.044467287859966,47.477691650390625,32024400
2016-07-18,47.47770480785586,48.04354655212464,47.34508417349412,47.707576751708984,31433900
2016-07-19,47.486536049736166,47.6545226060045,46.796916969803256,46.938377380371094,53336500
2016-07-20,49.64382152584014,50.25386903690972,49.09565937338386,49.4316291809082,89893300
2016-07-21,49.49351305934798,49.71454518450013,49.29900370995566,49.33436965942383,32776700
2016-07-22,49.581915748614996,50.06818562991585,49.316674565467494,50.01513671875,32157200
2016-07-25,49.92673286206144,50.16544793973102,49.74106333097471,50.1566047668457,25610600
2016-07-26,49.97094701891926,50.651726420331435,49.96210384454558,50.183135986328125,28079000
2016-07-27,50.05051203290702,50.218495224035884,49.60844780844776,49.679176330566406,32327500
2016-07-28,49.51119129448201,49.83831786404095,49.26363641726792,49.69685745239258,37550400
2016-07-29,49.741060571344846,50.183124755981574,49.55539442324112,50.112396240234375,30558700
2016-08-01,50.0416626005155,50.174283200338074,49.63496437432647,50.023983001708984,26003400
2016-08-02,50.26269468509849,50.30690380016065,49.78526794563752,50.023983001708984,35122000
2016-08-03,50.11239545503328,50.492570917678535,49.94441228166896,50.36879348754883,22075600
2016-08-04,50.21849545599517,50.8550690214152,50.10355781275379,50.74013137817383,26587700
2016-08-05,50.970005747558474,51.46511551381458,50.79317938560315,51.244083404541016,29335200
2016-08-08,51.33250427246094,51.35902704941585,51.084945987711805,51.33250427246094,19473500
2016-08-09,51.42974979328782,51.72151379770084,51.297132550749275,51.456275939941406,16920700
2016-08-10,51.42091566988565,51.56237610115384,51.12031183185541,51.29713821411133,15756900
2016-08-11,51.30597408660406,51.67730979817358,51.30597408660406,51.5446891784668,18162300
2016-08-12,51.305977800459594,51.447438231134825,50.94348523606164,51.22640609741211,21655200
2016-08-15,51.28828915552569,51.72151357371309,51.24408340820428,51.38554382324219,19283900
2016-08-16,51.25208950553353,51.260984399904224,50.94961219139168,51.10084915161133,20523500
2016-08-17,51.18982171392618,51.314370613511414,50.914032440771045,51.20761489868164,18856400
2016-08-18,51.08306692682966,51.33216814077613,50.94962312042935,51.243202209472656,14214300
2016-08-19,51.091956179103214,51.35884713839649,50.88733966385494,51.260986328125,17271000
2016-08-22,51.24319887662624,51.37664606805045,50.94072151727401,51.30547332763672,15221900
2016-08-23,51.51009610483618,51.759193922638005,51.46561144276879,51.501197814941406,18732400
2016-08-24,51.421129676276344,51.63464451354043,51.34996032632379,51.5545768737793,18151500
2016-08-25,51.49230861853291,51.857060489419204,51.40334267825356,51.750301361083984,18552600
2016-08-26,51.84814209578444,52.2217921126775,51.32325512961007,51.625732421875,20971200
2016-08-29,51.75919153989691,52.13283824939877,51.688018798828125,51.688018798828125,16417200
2016-08-30,51.581265455478174,51.76808881882954,51.25209999713958,51.501197814941406,16930200
2016-08-31,51.28768974052639,51.421133554390295,50.976314054103696,51.118656158447266,20860300
2016-09-01,50.718306572288746,51.4389152231231,50.718306572288746,51.23429870605469,26075400
2016-09-02,51.30547332763672,51.76808595921678,51.083063604398404,51.30547332763672,18900500
2016-09-06,51.40333506902798,51.42112825444993,50.896241162463355,51.252098083496094,16278400
2016-09-07,51.12754728890899,51.45671272278703,51.07416773461674,51.29657745361328,17493400
2016-09-08,51.26988936087707,51.412231445252196,50.86955118803986,51.09196090698242,20146100
2016-09-09,50.52259159322309,51.17202755274183,50.00659942626953,50.00659942626953,35113900
2016-09-12,49.819782197834016,50.896244534405554,49.472823543377345,50.753902435302734,29303000
2016-09-13,50.26458694918686,50.39803411272758,49.86424885226702,50.29127502441406,30130200
2016-09-14,50.16673661737418,50.38025144485583,49.846466073003214,50.051082611083984,24062500
2016-09-15,49.95323408170166,51.02079822816463,49.80199367827375,50.878456115722656,26847000
2016-09-16,51.26988744083792,51.26988744083792,50.48700430924195,50.93182373046875,44607000
2016-09-19,50.949621688149094,51.37664796529155,50.575971574584955,50.64714431762695,20937100
2016-09-20,51.0207963198038,51.0207963198038,50.48701426653768,50.5403938293457,17384000
2016-09-21,51.16313408762726,51.46561146381168,50.78059246457658,51.38554382324219,33707300
2016-09-22,51.527877775391566,51.599050508518545,51.26988510206303,51.43891525268555,19822200
2016-09-23,51.48340079058826,51.51898716010779,51.04747964193451,51.09196090698242,19955300
2016-09-26,50.780591975152255,50.83396813921532,50.558182241680925,50.62045669555664,21688700
2016-09-27,50.647144754387554,51.65243769945437,50.4247350210181,51.5545768737793,28065100
2016-09-28,51.49228865375071,51.6524238904617,51.305461948453036,51.625732421875,20536400
2016-09-29,51.43003277539297,51.750299970683,50.89624732916919,51.06528091430664,25463500
2016-09-30,51.21651412693325,51.394442595836935,51.011897575490146,51.243202209472656,29910800
2016-10-03,51.074166322977014,51.198715219180194,50.762794082469085,51.08306121826172,19189500
2016-10-04,50.949623568614015,51.24320266023983,50.68273255976238,50.922935485839844,20085900
2016-10-05,50.967405864660755,51.56346221061135,50.94071439388653,51.278778076171875,16726400
2016-10-06,51.36775207519531,51.4745077939892,50.95851559802971,51.36775207519531,16212600
2016-10-07,51.46560858523034,51.58126259151823,51.08306358987297,51.42112731933594,20089000
2016-10-10,51.51898193294037,51.94600814273923,51.48339556703147,51.63463592529297,18196500
2016-10-11,51.501204130295164,51.61685815718666,50.61156507910692,50.878456115722656,26497400
2016-10-12,50.80727767944336,50.949619766455385,50.175634880433925,50.80727767944336,22177500
2016-10-13,50.44253017830759,50.97631220177406,50.10446642013705,50.638248443603516,25313700
2016-10-14,50.81617024158307,51.36774877291555,50.81617024158307,51.08306121826172,27402500
2016-10-17,51.02969265252942,51.118655193425916,50.59376805724844,50.90514373779297,23830000
2016-10-18,51.180923449498245,51.55457354213798,51.07416773461674,51.29657745361328,19149500
2016-10-19,51.12755492274976,51.4567204057754,51.06528046362878,51.180931091308594,22878400
2016-10-20,51.15423344108215,51.17202662517556,50.40693667767301,50.93182373046875,49455600
2016-10-21,53.62742269983561,53.77866305187992,52.924610667390624,53.07584762573242,80032200
2016-10-24,53.32494511860914,54.26796340942383,53.31605022439407,54.26796340942383,54067000
2016-10-25,54.13453048648346,54.59714316256701,54.090049216297295,54.25908279418945,35137200
2016-10-26,54.09893606553454,54.4458946507954,53.796458741052795,53.93880081176758,29911600
2016-10-27,53.92101049332268,54.116732123591916,53.458397890497224,53.46729278564453,28479900
2016-10-28,53.387221309625936,53.840938984627904,53.00467975919064,53.262672424316406,33574700
2016-10-31,53.52068956561299,53.751994244629834,53.30717468261719,53.30717468261719,26434700
2016-11-01,53.3516416718382,53.39612293455658,52.711100628844555,53.200401306152344,24533000
2016-11-02,53.21819732738196,53.316058146801666,52.75558470429981,52.871238708496094,22147000
2016-11-03,52.96019070418874,53.058051504142625,52.58654407931279,52.675506591796875,21600400
2016-11-04,52.17731766040978,52.737787668279616,52.06166366465928,52.23069381713867,28697000
2016-11-07,53.18260016133671,53.840934289611184,53.18260016133671,53.75196838378906,31664800
2016-11-08,53.86763999634023,54.072256556152276,53.51178643768147,53.796470642089844,22935400
2016-11-09,53.378334547629,53.903221639762144,52.6666240990679,53.529571533203125,49632500
2016-11-10,53.80535391216593,53.81425220058907,51.26988470400019,52.221797943115234,57822400
2016-11-11,51.80366572039654,52.59544369111871,51.60794410293169,52.5064811706543,38767800
2016-11-14,52.506486893127715,52.55986644744556,50.95851375494013,51.705810546875,41328400
2016-11-15,52.24318946467567,53.28214180318017,52.234231064508755,52.726837158203125,35904100
2016-11-16,52.789551238566794,53.43441961687915,52.67311932763914,53.42546463012695,27332500
2016-11-17,54.106157810172114,54.58980910676141,53.71207346663449,54.312156677246094,32132700
2016-11-18,54.43754711250648,54.75998131092933,54.00763598681932,54.05241775512695,27686300
2016-11-21,54.18676684916539,54.60772299073668,54.115113286076685,54.50920104980469,19652600
2016-11-22,54.61667511747902,54.86745574189598,54.46441642883437,54.7420654296875,23206700
2016-11-23,54.64354533453258,54.724153883186084,53.9628535810596,54.09720230102539,21848900
2016-11-25,54.00762042401916,54.213619232177734,53.85536177232196,54.213619232177734,8409600
2016-11-28,54.04345651417683,54.6524980592458,53.927021196747006,54.285282135009766,20732600
2016-11-29,54.3211103926227,55.001802093917995,54.20467507201956,54.71519470214844,22366700
2016-11-30,54.509200858597445,54.795808276687026,53.93598602241828,53.97180938720703,34655400
2016-12-01,53.837459390620616,53.873286168917474,52.78954833353014,53.02241897583008,34542100
2016-12-02,52.91494102717892,53.26424356719738,52.66415700061396,53.06719970703125,25515700
2016-12-05,53.47024009706609,54.26736707265377,53.344849797530415,53.935977935791016,23552700
2016-12-06,54.12405236306852,54.15092073131761,53.55979271343656,53.69414138793945,19907000
2016-12-07,53.74789356074305,54.974935118162904,53.55980809572414,54.96597671508789,30809000
2016-12-08,54.90327460420672,55.154058609089,54.49127694732556,54.64353561401367,21220800
2016-12-09,54.79580109750686,55.52127795135066,54.75101933491565,55.50336456298828,27349400
2016-12-12,55.369015549472316,55.798926617880944,55.279452024789904,55.682491302490234,20198100
2016-12-13,55.97806312833404,56.802058577600796,55.7451958890373,56.40797424316406,35718900
2016-12-14,56.425885812503125,56.82892853734695,56.00492969804072,56.139278411865234,30352700
2016-12-15,56.15718623048804,56.560228915348574,55.798925306916594,56.04970932006836,27669900
2016-12-16,56.38110432914178,56.38110432914178,55.63771403108123,55.79893112182617,42453100
2016-12-19,56.031788948136054,57.11552315274486,55.9063952488752,56.98117446899414,34338200
2016-12-20,57.043879745336696,57.1424016753745,56.45275158173946,56.9095344543457,26028400
2016-12-21,56.811012524307905,57.052838148047165,56.53336012298588,56.9095344543457,17096300
2016-12-22,57.17823038483181,57.41109761372846,56.79310105437875,56.91849136352539,22176600
2016-12-23,56.82892407432626,56.90953261296448,56.24675091564689,56.640838623046875,12403800
2016-12-27,56.6139634836531,57.38422204805043,56.6139634836531,56.676658630371094,11763200
2016-12-28,56.784135581493494,56.784135581493494,56.27361603617303,56.41691970825195,14653300
2016-12-29,56.30048838032388,56.60500913206136,56.18405307084591,56.3363151550293,10250600
2016-12-30,56.39004851446896,56.416920302199124,55.55709484404448,55.655616760253906,25579900
2017-01-03,56.237794767460144,56.28257652874923,55.64666663520782,56.04970932006836,20694100
2017-01-04,55.96014821257112,56.20197384868853,55.63771403108123,55.79893112182617,21340000
2017-01-05,55.700409186745404,56.12136530331606,55.55710548570876,55.79893112182617,24876000
2017-01-06,55.79893384817681,56.560237573143155,55.56606660385046,56.28258514404297,19922900
2017-01-09,56.21092769458559,56.49753850747266,56.01388724505217,56.103450775146484,20382700
2017-01-10,56.18405888911503,56.488579672387864,55.78101617351428,56.08553695678711,18593000
2017-01-11,56.07656814066477,56.63186940263644,55.91535109418447,56.59604263305664,21517300
2017-01-12,56.47962659150254,56.78414738504872,55.48545566502442,56.07658386230469,20968200
2017-01-13,56.08552724171348,56.30943944308033,55.84370165424179,56.15718078613281,19422300
2017-01-17,56.139273476182694,56.15718686422636,55.55710032296657,56.00492477416992,20664000
2017-01-18,56.130324188875036,56.15719598361896,55.63771789588267,55.978065490722656,19670100
2017-01-19,55.74519436933102,56.407972705389355,55.70936758991442,55.79893112182617,18451700
2017-01-20,56.1303289144102,56.264677649550556,55.86163486075974,56.19302749633789,30213500
2017-01-23,56.15718938833191,56.53336030426841,56.04075406912936,56.39005661010742,23097600
2017-01-24,56.60501325074747,57.088664494574125,56.372142614847434,56.89162063598633,24672900
2017-01-25,57.27673767947932,57.41108294067362,56.82891330890736,57.034912109375,23672700
2017-01-26,57.42901642329751,57.805187363861,56.91849334925738,57.563358306884766,43554600
2017-01-27,58.56648799196568,59.032229301999635,58.11866348868821,58.91579055786133,44818000
2017-01-30,58.83518626146156,58.92474979673504,58.03805918098596,58.3336181640625,31651400
2017-01-31,58.091779573909896,58.35151853632917,57.55439168036489,57.90369415283203,25270500
2017-02-01,57.64395559683248,57.87682619120503,56.846828735248025,56.945350646972656,39671500
2017-02-02,56.64979381189297,56.79309750147131,56.20196935488195,56.57814025878906,45827000
2017-02-03,56.873695062638795,57.052825494193335,56.48856583061661,57.034912109375,30301800
2017-02-06,56.87371703529686,57.00806576502442,56.55128281725483,56.999107360839844,19796400
2017-02-07,57.08866083479526,57.124484193181445,56.63187799492097,56.81100845336914,20277200
2017-02-08,56.93640274600191,57.15135999455471,56.62292698418486,56.730403900146484,18096400
2017-02-09,56.89161921370261,57.715617988136614,56.71248874824918,57.375267028808594,22644400
2017-02-10,57.54544161260128,57.59022679073951,57.30361600049832,57.321529388427734,18170700
2017-02-13,57.53648186479386,58.09178662773126,57.4379599418008,57.96639633178711,22920100
2017-02-14,58.03849011276503,58.31782234714602,57.68706304815286,58.18265914916992,23108400
2017-02-15,58.11957518471104,58.18265041767605,57.81321173164808,58.1466064453125,17005200
2017-02-16,58.33583454920092,58.786373910292305,58.065515057357125,58.137596130371094,20546300
2017-02-17,58.09255134361924,58.290789779595116,57.93936959752357,58.22771453857422,21248800
2017-02-21,58.21869710768511,58.52506057504909,58.0745212115008,58.110565185546875,20655900
2017-02-22,57.966399827736836,58.020462354880344,57.714098868153066,57.993431091308594,19292700
2017-02-23,58.04749465373902,58.32683375656216,57.84025037953564,58.22771453857422,20273100
2017-02-24,58.14661387172696,58.389908997583056,57.79519368965542,58.22771453857422,21796800
2017-02-27,58.155633071060514,58.155633071060514,57.71410633466829,57.87630081176758,15871500
2017-02-28,57.74112999063912,57.849255044661945,57.45278161809294,57.65102005004883,23239800
2017-03-01,57.7861889019001,58.56111732625577,57.68706967031833,58.51606750488281,26937500
2017-03-02,58.290788656836554,58.34485118390297,57.56091360535515,57.67805480957031,24539600
2017-03-03,57.66005003003695,57.92136034264559,57.32664830602433,57.89432907104492,18135900
2017-03-06,57.64201491298888,58.17364813259703,57.49784243503651,57.91233444213867,18750300
2017-03-07,57.84024664024469,58.37187979809642,57.84024664024469,58.02947235107422,18521000
2017-03-08,57.903316436175515,58.64220066008693,57.894303724691895,58.561100006103516,21510900
2017-03-09,58.74133106874663,58.75033690726376,58.10156592504992,58.32683563232422,19846800
2017-03-10,58.66924020202839,58.80440339462497,58.34485128967082,58.50704574584961,19538200
2017-03-13,58.579133758516875,58.74132821486177,58.182656893077024,58.308807373046875,20100000
2017-03-14,58.14661917618665,58.16464460365738,57.804211675791954,58.03849411010742,14280200
2017-03-15,58.1646470427576,58.498041843397644,57.89432061685098,58.3448600769043,24833800
2017-03-16,58.344850568793554,58.353863281438116,57.93936787069929,58.245731353759766,20674300
2017-03-17,58.48900493063523,58.78635559153573,58.28175386425446,58.45296096801758,49219700
2017-03-20,58.48902719502332,58.73231544194872,58.31782002608862,58.50704574584961,14598100
2017-03-21,58.741328983827366,59.02066121103362,57.78618078409921,57.85826873779297,26640500
2017-03-22,57.777159539285634,58.69625664239867,57.777159539285634,58.597137451171875,20680000
2017-03-23,58.51603618392774,58.78635559153573,58.36284762413198,58.45296096801758,19269200
2017-03-24,58.89450091682674,58.97559469520671,58.353855103573444,58.552093505859375,22617100
2017-03-27,58.23671301736705,58.768353017089886,57.98441208516699,58.660221099853516,18614700
2017-03-28,58.53406331920953,58.99361531668149,58.25473116127752,58.8314208984375,20080400
2017-03-29,58.67825325414083,59.02066071930494,58.525064635146464,58.993629455566406,13618400
2017-03-30,58.94857477539691,59.45318358956236,58.894512246077184,59.20988845825195,15122800
2017-03-31,59.15583269222306,59.64241613578917,58.97561278274304,59.34505844116211,21040300
2017-04-03,59.29999514872602,59.417139795528776,58.741330678199056,59.06571960449219,20400900
2017-04-04,58.92154253416449,59.29999398250171,58.82242331559726,59.22791290283203,12997400
2017-04-05,59.7415255333232,59.786575347262634,58.96659723683605,59.07472229003906,21448600
2017-04-06,59.1107682583331,59.52526368384802,59.00264320148573,59.22791290283203,18103500
2017-04-07,59.336023965502264,59.435143160692604,58.966585317261604,59.18284225463867,14108500
2017-04-10,59.119786936238135,59.309012679498835,58.89451721216306,59.047698974609375,17952700
2017-04-11,59.110776286131376,59.11978900032124,58.43496709031123,59.00265121459961,18791500
2017-04-12,58.94857456805035,59.02967523643049,58.669242334633196,58.777374267578125,17108500
2017-04-13,58.83142907881395,59.345043662222864,58.52505874633789,58.52505874633789,17896500
2017-04-17,58.6061742864854,59.01165705410283,58.57914301860245,59.00265121459961,16689300
2017-04-18,58.867469158784004,59.20987656685133,58.714287440018445,58.921531677246094,15155600
2017-04-19,59.15583316661451,59.245939684733806,58.47101125447186,58.60617446899414,26992800
2017-04-20,58.98461261167118,59.24592626731814,58.69626769417886,59.02065658569336,22299500
2017-04-21,59.17384773629398,60.1019578723394,58.97560928496657,59.83163833618164,32522600
2017-04-24,60.804788450536805,60.966982877519165,60.46237417430499,60.84983825683594,29770000
2017-04-25,61.18325631938486,61.309406810532536,60.912929909962024,61.20127487182617,30242700
2017-04-26,61.345451757195136,61.55269604962511,60.930956297648905,61.120182037353516,26190800
2017-04-27,61.40852608944957,61.61577037879388,60.89491141084535,61.51665115356445,34971000
2017-04-28,62.093328998772115,62.300573224856045,60.994012017924575,61.68783950805664,39548800
2017-05-01,61.886101262181164,62.67004240711581,61.72390677959768,62.54389190673828,31954400
2017-05-02,62.81419423982162,62.81419423982162,62.29156695315111,62.44475555419922,23906100
2017-05-03,62.516840493226034,62.516840493226034,61.91311938747687,62.24652099609375,28928000
2017-05-04,62.20147331469013,62.24653000807805,61.85005310526029,62.00323486328125,21749400
2017-05-05,62.08432435131196,62.201462108456276,61.714878781211894,62.17443084716797,19128800
2017-05-08,62.14740021908325,62.21948816637653,61.65180417479828,62.12036895751953,18566100
2017-05-09,62.04827006209018,62.42672140657629,61.8860756466413,62.21046447753906,22858400
2017-05-10,62.16540575621929,62.679020242476255,62.102330534211724,62.45375061035156,17977800
2017-05-11,61.597733023903444,61.93113457742274,61.381476086998966,61.68783950805664,28789400
2017-05-12,61.823004279987885,61.823004279987885,61.30938974480024,61.615753173828125,18714100
2017-05-15,61.39951773676833,61.705888147788144,60.88590302168471,61.660831451416016,31530300
2017-05-16,61.83301774711276,62.92957191951681,61.769580957439516,62.90238571166992,34956000
2017-05-17,62.43112406965701,62.62143440516845,61.10800917937013,61.153324127197266,30548800
2017-05-18,61.080825855473265,61.74237987475519,60.84520056102804,61.361759185791016,25201300
2017-05-19,61.1714432471802,61.71518802655936,61.108006471487464,61.343631744384766,26961100
2017-05-22,61.52489245255107,62.07770173647033,61.171457915499964,62.032386779785156,16237600
2017-05-23,62.277064784704585,62.30425098797215,61.96893834812799,62.240814208984375,15425800
2017-05-24,62.41301761329181,62.42207507381614,62.03238993441793,62.3223876953125,14593900
2017-05-25,62.50364105769487,63.32831938720114,62.44926863779768,63.09270095825195,21854100
2017-05-26,63.255811034892325,63.63643171753191,63.00205699904209,63.40080642700195,19827900
2017-05-30,63.24674688550756,63.80862045288086,63.22861814012329,63.80862045288086,17072800
2017-05-31,63.91735970153074,64.10767002694607,63.264863206341076,63.292049407958984,30436400
2017-06-01,63.654553003151754,63.98986564779758,62.9386196791288,63.527679443359375,21603600
2017-06-02,63.835809656208,65.12267407533346,63.65455676430176,65.03205108642578,34770300
2017-06-05,65.22235495711433,66.056097434773,65.0773526579962,65.50328826904297,33316800
2017-06-06,65.52142685762855,65.81142458534482,65.49423373689069,65.72079467773438,31511100
2017-06-07,65.82955780620813,65.94736702675372,65.20424728879848,65.60299682617188,22301800
2017-06-08,65.71173243433203,65.72078989316071,64.79642436401386,65.20423126220703,24588300
2017-06-09,65.2858299865857,65.3220805826051,62.1592834923312,63.727088928222656,49187400
2017-06-12,62.75738944539177,63.38269994262792,61.74239379850142,63.23769760131836,47761700
2017-06-13,63.45519261423898,64.18019047449377,63.40082019465208,64.02613067626953,25258600
2017-06-14,64.2617421183351,64.43392371448194,62.92049844119852,63.681739807128906,25510700
2017-06-15,62.775512716318886,63.627384205759405,62.34958388569097,63.34645080566406,26068700
2017-06-16,63.192389944056046,63.464258964546026,62.73020362090319,63.43707275390625,48345100
2017-06-19,63.89018172211586,64.28893116806792,63.75424378244213,64.22549438476562,23798300
2017-06-20,64.18016969599198,64.22548464037158,63.31924106549787,63.355491638183594,21512200
2017-06-21,63.6273673993026,63.99893062369043,63.38268464999369,63.681739807128906,19891100
2017-06-22,63.926453822643055,63.9717618750611,63.17426962875332,63.672706604003906,22965700
2017-06-23,63.518604627957146,64.56985042379515,63.364544889836196,64.53359985351562,27617300
2017-06-26,64.70579279973273,64.986726096177,63.83579979524651,63.9173583984375,19607000
2017-06-27,63.53675114533963,63.60018793255368,62.69394416430076,62.72113037109375,25215100
2017-06-28,62.7211451277246,63.29207634697614,62.34052431489023,63.25583267211914,25806200
2017-06-29,62.875198166014364,62.97488554635505,61.706142726276276,62.068641662597656,28918700
2017-06-30,62.33145400068571,62.87519895494439,62.295203415189505,62.46739196777344,24161100
2017-07-03,62.82986751935655,63.074550237754146,61.642683757101025,61.778621673583984,16165500
2017-07-05,61.860193924330254,62.92956171548945,61.82394334838193,62.60331344604492,21176300
2017-07-06,61.86925646981469,62.33144270854509,61.733325441444826,62.14113235473633,21117600
2017-07-07,62.25893433535434,63.292051515780685,62.25893433535434,62.94768142700195,16878300
2017-07-10,62.94767572433497,63.6636089536468,62.71205046699562,63.41892623901367,15014500
2017-07-11,63.437084853934536,64.05333109765078,63.21052383659905,63.42802047729492,17460000
2017-07-12,64.06236914659588,64.59704960900523,63.93549558215669,64.47924041748047,17750900
2017-07-13,64.79643962280578,65.28581216433344,64.62425106724262,65.04112243652344,20269800
2017-07-14,65.46704842979993,66.40047841264717,65.21330127882297,65.9564208984375,25868100
2017-07-17,65.97453163361146,66.563584395804,65.9020304919575,66.47296142578125,21803900
2017-07-18,66.23734084227306,66.50921668559832,65.84766273511137,66.42765808105469,26435300
2017-07-19,66.60890950273826,67.09828191244924,66.56359455376688,66.9351577758789,22416200
2017-07-20,67.22517061908668,67.33392237266646,66.40954975246846,67.26142120361328,42361000
2017-07-21,66.56360052012114,67.32484886371313,66.30985337695417,66.8717269897461,46717100
2017-07-24,66.63611002023266,66.83548477598863,66.27361109286655,66.69954681396484,21394800
2017-07-25,66.88078033244022,67.34295958951321,66.6089044872644,67.23421478271484,22018700
2017-07-26,67.3701501572422,67.4064007332209,66.88984212518238,67.10734558105469,16252200
2017-07-27,66.84455676350873,67.44267418480457,65.53956324200108,66.30081176757812,36844200
2017-07-28,65.85674201918305,66.43673755734893,65.73893280221229,66.19205474853516,18306700
2017-07-31,66.42766285856996,66.55453641748926,65.62110655654423,65.8839111328125,23600100
2017-08-01,66.24641305412351,66.53641076141517,65.69360384427212,65.7751693725586,22132300
2017-08-02,65.74797994671539,65.75703740512179,64.74204893637247,65.48516845703125,26499200
2017-08-03,65.42171809766889,65.6482789644273,65.1135917235512,65.38546752929688,18214400
2017-08-04,65.61203659518186,66.19203193343469,65.46703430357375,65.86578369140625,22579000
2017-08-07,65.9745288079516,66.065151774093,65.48515649388109,65.61203002929688,18705700
2017-08-08,65.33111738991109,66.2736118461387,65.02299779230754,65.96549224853516,22044600
2017-08-09,65.47610137209084,65.71172664861383,65.29485541420551,65.67547607421875,22213400
2017-08-10,65.15893180180358,65.42174333833053,64.66049493699528,64.71487426757812,24734500
2017-08-11,64.89609583742467,65.8838979070139,64.59703383111106,65.70265197753906,21443700
2017-08-14,66.21016737383432,66.80829157854099,66.11048000638321,66.69047546386719,20096600
2017-08-15,67.04577132112873,67.04577132112873,66.54468599499114,66.70867919921875,19181400
2017-08-16,66.81802677982452,67.5104435459423,66.66314618571081,67.1004638671875,18150400
2017-08-17,67.03667403831813,67.30088573118621,65.96160888671875,65.96160888671875,22977500
2017-08-18,65.84317266005618,66.36248343998952,65.5334115057824,66.04360961914062,18761500
2017-08-21,66.02538368107065,66.03449634660291,65.32385440455708,65.73384094238281,17734800
2017-08-22,65.91607944551839,66.72693323559157,65.91607944551839,66.654052734375,14343700
2017-08-23,66.4718215629872,66.64492749144351,66.08006027027417,66.25316619873047,13766500
2017-08-24,66.27141768364882,66.38074889584952,65.66100072179226,66.22586822509766,17098300
2017-08-25,66.38072014984103,66.82714357554003,66.03451522086024,66.34427642822266,12794300
2017-08-28,66.56291331894697,66.59024436483716,66.09827163695903,66.3533706665039,14569700
2017-08-29,65.82495730985785,66.65403623318191,65.64274567553059,66.55381774902344,11478400
2017-08-30,66.51737939118922,67.61066318709373,66.35338612671066,67.42845153808594,16897800
2017-08-31,67.44667339105037,68.29397080927362,67.23713067900859,68.12086486816406,27652800
2017-09-01,68.06618451311799,68.09351555945464,67.09133780518889,67.36466217041016,21736200
2017-09-05,66.81802488847892,67.31911732693199,66.4900453253161,67.06401824951172,21556000
2017-09-06,67.18245711148896,67.45578153163974,66.82713953585018,66.87269592285156,16535800
2017-09-07,67.12776125075715,67.96594552301966,67.05487384857992,67.72906494140625,17471200
2017-09-08,67.71998925473027,67.8202077394271,67.27355893165222,67.40111541748047,14703800
2017-09-11,67.70176115263051,68.27574098714109,67.70176115263051,68.11174774169922,17910400
2017-09-12,68.11173629621888,68.54904690995959,67.75641881595696,68.03884887695312,14394900
2017-09-13,68.26661425004436,68.53993858642197,67.92040944810245,68.52171325683594,13380800
2017-09-14,68.33041453113506,68.77683795981163,67.89309681972695,68.12086486816406,15733900
2017-09-15,68.17552802250881,68.68572618252811,67.48311126896219,68.61283874511719,38578400
2017-09-18,68.53995579798628,69.21414719251176,68.36684987808214,68.47618103027344,23307000
2017-09-19,68.52173544268749,68.97727151685848,68.33952379339064,68.73128509521484,16093300
2017-09-20,68.64927750276016,68.83149608311913,67.7017617376778,68.27574157714844,21587900
2017-09-21,68.43061526054233,68.54905211264304,67.5195433033533,67.61064910888672,19186100
2017-09-22,67.41023681143105,67.88399829489653,67.28268724686647,67.79289245605469,14111400
2017-09-25,67.50133230743658,67.64710718799125,66.4353795593639,66.74514770507812,24149200
2017-09-26,67.11868367237392,67.2462332173948,66.49915433187435,66.74514770507812,18019600
2017-09-27,67.00935162470647,67.57421184346109,66.66313979935047,67.28266906738281,19565100
2017-09-28,67.00024783768677,67.3920091466124,66.79069818136094,67.3009033203125,10883800
2017-09-29,67.36466773079852,67.91130955543441,67.30999868268538,67.86575317382812,17079100
2017-10-02,68.06620348641017,68.33952792781999,67.69266749747466,67.97509765625,15304800
2017-10-03,68.02974010462226,68.22106437794767,67.59242946585768,67.65620422363281,12190400
2017-10-04,67.50133241022351,68.07531231462043,67.15512749477233,68.04798126220703,13317700
2017-10-05,68.53085294503111,69.35081932657027,68.29397222349105,69.21415710449219,21195300
2017-10-06,68.94083010844616,69.26881664892119,68.82239322752483,69.24148559570312,13959800
2017-10-09,69.2141563309735,69.74257987660759,69.11393783263154,69.50569915771484,11386500
2017-10-10,69.54214287992367,69.81546037009596,69.36903693716405,69.50569915771484,13944500
2017-10-11,69.56944527550867,69.6605510680361,69.19590248994183,69.62410736083984,15388900
2017-10-12,69.68789156037595,70.41675190128171,69.57856737488923,70.26187133789062,16876500
2017-10-13,70.69006667794638,70.94517265339262,70.41674927350176,70.59896087646484,15335700
2017-10-16,70.53520893892446,70.89052654529893,70.47143416216312,70.74475860595703,12380100
2017-10-17,70.58073930010653,70.71740147160328,70.38030237536819,70.6900634765625,16824000
2017-10-18,70.76297509520326,70.92696836689842,70.48965760966409,70.70831298828125,13300700
2017-10-19,70.67185270311612,70.99983916963527,70.4714157568069,70.98162078857422,15092800
2017-10-20,71.35515900118887,71.94735719335982,71.26405319106897,71.80158233642578,22866400
2017-10-23,71.96556157882857,72.28443532769609,71.75601895139837,71.81979370117188,20627200
2017-10-24,71.88358116476333,72.1568985903078,71.48270726618495,71.84713745117188,17517200
2017-10-25,71.59205432084704,72.06580880098954,71.07274345085678,71.63760375976562,20410800
2017-10-26,72.15689414463255,72.35733108157257,71.74691455611136,71.75602722167969,32120700
2017-10-27,76.86713090319921,78.5343870282656,76.17471438322103,76.35692596435547,71066700
2017-10-30,76.25674177178215,76.83072171700607,75.71921250027401,76.42984771728516,31756700
2017-10-31,76.85804728983037,76.85804728983037,75.71920709996319,75.7829818725586,27086600
2017-11-01,76.23851794850546,76.31140538887989,75.5096574466189,75.7829818725586,22307400
2017-11-02,75.9378602707874,76.949150886174,75.72831757444095,76.57561492919922,23992900
2017-11-03,76.60295355298456,77.02204593803323,75.98342416836272,76.6576156616211,17633500
2017-11-06,76.7122586237988,77.16779461788532,76.60293443381173,76.958251953125,19860900
2017-11-07,77.23155980234638,77.3500035947156,76.46626276362275,76.7760238647461,17939700
2017-11-08,76.65760408103866,77.08580906981476,76.37517396117713,77.04025268554688,18034200
2017-11-09,76.63024772796292,76.7760155978174,75.52785171178293,76.61202239990234,21178400
2017-11-10,76.3387336560349,76.62116378852012,75.82853549388646,76.41162109375,19397800
2017-11-13,76.22029167901616,76.47539074300822,76.03807309693028,76.46627807617188,14196900
2017-11-14,76.07452247979913,76.62116436491733,75.60076803294433,76.57561492919922,18801300
2017-11-15,76.42909591006075,76.63053947243702,75.71489199678916,75.98043060302734,19383100
2017-11-16,76.09029853341644,76.38330542579754,75.94379858014356,76.1818618774414,20962800
2017-11-17,76.10864649097175,76.10864649097175,75.3028719683156,75.44937896728516,22079000
2017-11-20,75.44935061063597,75.62331887423086,75.3120020971822,75.5683822631836,16315000
2017-11-21,75.7606898164309,76.76790090354801,75.7606898164309,76.65802764892578,21237500
2017-11-22,76.75873943087649,76.82283448298064,76.03537699379429,76.09947204589844,20553100
2017-11-24,76.00789691395366,76.39246716702814,75.79729492631628,76.23680877685547,7425600
2017-11-27,76.28260456763758,76.89609381107245,76.27345312081059,76.79537200927734,18265200
2017-11-28,76.97846648906042,77.88495533950723,76.93268133076303,77.72013854980469,21926000
2017-11-29,77.56447490765775,77.75675998491253,76.16353578349157,76.3100357055664,27381100
2017-11-30,76.46575205506193,77.39055133132952,76.31008661509976,77.07007598876953,33054600
2017-12-01,76.54813507391819,77.65606778980457,76.20019151395077,77.1524658203125,29532100
2017-12-04,77.29897490243808,77.30813333520541,73.89276444006983,74.24071502685547,39094900
2017-12-05,74.47875265054108,75.7057237413141,74.149126029054,74.7076644897461,26152300
2017-12-06,74.67107471598771,76.12695124451984,74.56119447416279,75.79731750488281,26162100
2017-12-07,75.57756160732204,75.81563196413127,75.08311101356634,75.53177642822266,23184500
2017-12-08,76.57560635989002,77.445475772378,76.30091627108075,77.06090545654297,24489100
2017-12-11,77.17991578348948,78.16881659570267,77.0242574109656,78.0406265258789,22857900
2017-12-12,78.11389337091755,78.79147761474793,77.90329833808552,78.36112213134766,23924100
2017-12-13,78.50763765406617,78.74570802972558,77.98571870586082,78.1505355834961,22062700
2017-12-14,78.22377323878445,78.626660410482,77.39968901751064,77.54619598388672,19306000
2017-12-15,78.06811059264069,79.74374026821616,77.72016005928569,79.52398681640625,53936700
2017-12-18,79.77121979905746,80.11916336505594,78.95629401055412,79.09363555908203,22283800
2017-12-19,79.06616048323895,79.06616048323895,78.07725950344386,78.59002685546875,23524800
2017-12-20,78.92882353407154,79.02039388646325,77.5645105106474,78.30618286132812,23674900
2017-12-21,78.79147362649,78.837251811997,78.19630132820825,78.2878646850586,17990700
2017-12-22,78.19629817427229,78.40689318795039,77.75678429894691,78.2970199584961,14145800
2017-12-26,78.11388478553005,78.31532835015888,77.8575046072155,78.19629669189453,9891200
2017-12-27,78.425219323601,78.72738471200246,78.0314905712152,78.48015594482422,14678000
2017-12-28,78.6541280611354,78.68159637064157,78.33365280716896,78.48931121826172,10594300
2017-12-29,78.4068983357041,78.79147562155148,78.2878666673683,78.32449340820312,18717400
2018-01-02,78.86469930047835,79.02951609363248,78.28784401735614,78.69988250732422,22483800
2018-01-03,78.80062348975564,79.21266906606273,78.71821856599594,79.066162109375,26061400
2018-01-04,79.28593658189139,80.2656863963979,79.26762670036851,79.76207733154297,21912000
2018-01-05,80.26565404303865,80.95238958966628,80.05505206830534,80.75094604492188,23407100
2018-01-08,80.76011291181304,81.10806345948694,80.21072576676166,80.83336639404297,22113000
2018-01-09,81.17214817920929,81.24540165211627,80.4487858523832,80.7784194946289,19484300
2018-01-10,80.44878188601487,80.75094720748172,80.03674334644032,80.41215515136719,18652200
2018-01-11,80.69598568829605,80.69598568829605,79.88106023444466,80.65020751953125,17808900
2018-01-12,81.19044751593127,82.20681661662402,80.98900398450246,82.04199981689453,24271500
2018-01-16,82.49983639508031,83.131635390555,80.58613651869443,80.89745330810547,36599700
2018-01-17,81.56589943052555,82.66467388478401,81.26373401056131,82.53648376464844,25621200
2018-01-18,82.22512690748006,83.02173555434614,82.09693684968933,82.49981689453125,24159700
2018-01-19,82.53644659316504,82.96680193944808,82.09693980373494,82.40825653076172,36875000
2018-01-22,82.40827612328488,83.89162760840502,82.17020581400573,83.8824691772461,23601600
2018-01-23,84.14802551269531,84.51428599197611,83.81839177992634,84.14802551269531,23412800
2018-01-24,84.74317086344838,85.54893807194928,83.85499175514703,84.07474517822266,33277500
2018-01-25,84.66993815725789,85.37498376436372,84.17548759470802,84.541748046875,26383200
2018-01-26,85.26509719207195,86.12580108642578,84.7706467068035,86.12580108642578,29172200
2018-01-29,87.1147339874252,87.39858257925717,85.81451574542507,85.99764251708984,31569900
2018-01-30,85.4299044356905,85.75953805555291,84.3311233742041,84.9171371459961,38635100
2018-01-31,85.84194875658378,87.35276845186678,85.62219532380091,86.99566650390625,48756300
2018-02-01,86.79421379536878,87.96624129442017,85.68628133186442,86.30892181396484,47227900
2018-02-02,85.74123672977026,86.04340210036129,83.78175151548805,84.03813171386719,47867800
2018-02-05,82.92105167522095,85.3749877373471,80.57699584960938,80.57699584960938,51031500
2018-02-06,79.56060645623306,83.76343188883662,78.05894519550313,83.62608337402344,67998600
2018-02-07,82.85695301649008,84.02898087836529,81.67576672217729,82.05118560791016,41107600
2018-02-08,82.14272761835343,82.298386000137,77.61027577150557,77.83918762207031,55628700
2018-02-09,79.02039851574841,81.42854942781467,76.75874760158462,80.74181365966797,63499100
2018-02-12,81.25454663982113,82.20682075443067,80.51287449662438,81.61164855957031,35720300
2018-02-13,81.42854028530053,82.40828292508755,80.39386102569787,82.25262451171875,26407700
2018-02-14,81.42468702605994,83.70615658957921,81.33269353084049,83.54056549072266,34960900
2018-02-15,83.9085246303544,85.29764920783016,83.36575823690377,85.2424545288086,27823900
2018-02-16,85.04925855104912,86.01520753943402,84.45129748254143,84.63528442382812,30596900
2018-02-20,84.15691113293907,85.61042476149531,83.72453411597772,85.29764556884766,30911700
2018-02-21,85.53685134347427,85.88642939685167,84.16612243652344,84.16612243652344,26922500
2018-02-22,84.68129283048728,85.30685831726987,84.04652589015791,84.38690948486328,24392800
2018-02-23,86.10718187499866,86.53955881145497,84.96644765148547,86.53035736083984,26329200
2018-02-26,86.84315720025525,87.80909910756385,86.70516349388218,87.78150177001953,30199800
2018-02-27,88.07591728046785,88.16791077881109,86.65919494628906,86.65919494628906,25869100
2018-02-28,87.24791736345016,88.04827513096134,86.1347804569935,86.2635726928711,31167300
2018-03-01,86.46597729613546,86.99954923246405,84.48808616571165,85.417236328125,37135600
2018-03-02,84.24890864358277,85.69322790777878,83.58654441718551,85.60123443603516,32830400
2018-03-05,84.948083624721,86.72358539883722,84.87449304207408,86.1440200805664,23901600
2018-03-06,86.7879693532633,86.92596308165285,85.50004660470113,85.84962463378906,22175800
2018-03-07,85.70242088394846,86.41997971868963,85.03085527120403,86.34638214111328,26716100
2018-03-08,86.72357050870707,87.48712969912867,86.26359610753536,86.87076568603516,25887800
2018-03-09,87.66191558553328,88.81185150146484,87.39512961079893,88.81185150146484,36937300
2018-03-12,88.77506964178112,89.42823252436827,88.3518939862452,89.02345275878906,26073700
2018-03-13,89.23505096121801,89.45583675095057,86.44760667788827,86.85238647460938,35387800
2018-03-14,87.50554302807004,87.77232905476376,86.01522326405258,86.33720397949219,32132000
2018-03-15,86.04281704557039,87.00876617054446,85.39885564135628,86.64078521728516,27611000
2018-03-16,87.1007658735634,87.74472732375912,86.40160271431277,87.02716827392578,49081300
2018-03-19,86.2360032758896,86.38319846091478,84.73648917637232,85.45404815673828,33344100
2018-03-20,85.60122938442818,86.26358655308559,85.555229141945,85.67481994628906,23075200
2018-03-21,85.49082495985651,86.52116993401089,84.82846083494661,85.07685089111328,24457100
2018-03-22,83.9637314141338,84.40530996592305,82.48262017053011,82.60221099853516,38604700
2018-03-23,82.3354224175554,83.21857247499142,80.10914787576968,80.20114135742188,44068900
2018-03-26,83.35656801484294,86.47519413547032,83.16337959358715,86.2728042602539,56396800
2018-03-27,87.3399363229526,87.52392326496935,81.4246655965039,82.30781555175781,56569000
2018-03-28,82.62980067561247,83.92693184848972,81.75585212581954,82.23422241210938,52501100
2018-03-29,82.96096634920696,84.90205848759472,81.32345893812744,83.96370697021484,45867500
2018-04-02,83.22776506388908,83.60494040408472,80.50471758883897,81.4338607788086,48515400
2018-04-03,82.4090117877476,82.8413888288893,80.85429613393647,82.52860260009766,37213800
2018-04-04,80.81749237285543,85.33444388572438,80.70710302013464,84.9388656616211,35560000
2018-04-05,85.04003444171639,85.61959942131286,84.08328723985515,84.98483276367188,29771900
2018-04-06,84.16611129682583,85.05846272983517,82.31701931607986,83.0069808959961,38026000
2018-04-09,83.75212847679377,85.7116166339721,83.36575171655885,83.50373840332031,31533900
2018-04-10,84.9940665441604,85.81282039033174,84.3041049646687,85.44483947753906,26812000
2018-04-11,84.64447868892483,85.82201185793431,84.15690701913041,84.50648498535156,24872100
2018-04-12,85.03088628758245,86.62240114460792,85.03088628758245,86.08882904052734,26758900
2018-04-13,86.5211890610759,86.64077988059141,85.04007090396094,85.62883758544922,23346100
2018-04-16,86.53958306210677,87.08235650209282,85.94161494026369,86.63157653808594,20288100
2018-04-17,87.39513354696484,88.81185550143812,87.28473716734865,88.37947845458984,26771000
2018-04-18,88.51747403404606,88.97744843079862,87.87350566740112,88.71986389160156,21043300
2018-04-19,88.71987510791675,89.29944039438107,87.70792569220467,88.41629028320312,23552500
2018-04-20,88.23228302722013,88.4162699594285,86.52117788680634,87.39512634277344,31154400
2018-04-23,88.07588912206826,88.58186372917395,87.0547454740199,87.71710968017578,22331800
2018-04-24,88.53586201329529,88.7474533051082,85.01246378307194,85.6656265258789,34524800
2018-04-25,85.83122555371904,85.83122555371904,83.05297625678179,84.92047119140625,33729300
2018-04-26,86.06120796038577,87.53312454965037,85.64722681366479,86.71437072753906,42529000
2018-04-27,89.78699803469455,90.06298547157677,86.39239186549489,88.14949035644531,48272800
2018-04-30,88.61866834739051,88.68306448174256,85.69323092361456,86.03360748291016,41523600
2018-05-01,85.74841733049773,87.66191230753168,85.36204056166922,87.39512634277344,31408900
2018-05-02,87.38594985332813,87.5515409470792,85.73004593447087,86.02442932128906,27471000
2018-05-03,85.51843005399547,87.33073011055954,85.04925425317623,86.5395736694336,31142500
2018-05-04,85.84962598476643,87.73552392557835,85.48164504282109,87.5423355102539,22531300
2018-05-07,87.55152230252355,88.968244243217,87.4871261697035,88.51747131347656,24242000
2018-05-08,88.17708046705685,88.46226933342734,87.45032016026029,88.1402816772461,23484600
2018-05-09,88.32427985571938,89.20742979751279,87.44112991392596,89.1798324584961,27327400
2018-05-10,89.65821575899938,90.10898873872432,89.28104037313035,90.07219696044922,22388100
2018-05-11,89.9709830261657,90.03537915252915,89.27182006946872,89.87898254394531,16778300
2018-05-14,90.08139173265468,90.78975629352504,89.52022236004674,90.18258666992188,19454100
2018-05-15,89.45581373206078,90.01698302633103,88.62785846029713,89.52941131591797,24594000
2018-05-16,89.95443225728631,89.99139055251511,89.27072141823857,89.76040649414062,17384700
2018-05-17,89.40008154218597,90.12075075397215,88.54082047065442,88.86419677734375,17246700
2018-05-18,88.70711082119367,89.55713037865736,88.70711082119367,89.03048706054688,17865800
2018-05-21,89.62179488231776,90.55497224606982,89.43701049600384,90.17615509033203,19422500
2018-05-22,90.25007953376581,90.70280625406079,89.80658709924094,90.08377075195312,15441200
2018-05-23,89.35385333447184,91.22020807757163,88.9935188437979,91.15553283691406,21251200
2018-05-24,91.22023481525841,91.41426059410226,89.44627174611892,90.8321762084961,26649300
2018-05-25,90.82294589655949,91.45122289563655,90.41641164742877,90.87837982177734,18363900
2018-05-29,90.39791815799778,91.35881269157285,89.83432353786847,90.55499267578125,28671000
2018-05-30,90.83218135418171,91.70068378884302,90.46261244920458,91.42350006103516,22158500
2018-05-31,91.73763683498858,92.38438943073159,91.10935986380626,91.32186126708984,34140900
2018-06-01,91.72837441972334,93.18819514217338,91.62674088530764,93.12351989746094,28655600
2018-06-04,93.55776672694252,94.11212694908455,93.17894956155065,93.93657684326172,27281600
2018-06-05,94.24148022345113,94.54638082183392,93.80722913770711,94.41703033447266,23514400
2018-06-06,94.68499483833826,94.79586268259419,94.14911009418613,94.69422912597656,21122900
2018-06-07,94.84205130142787,94.87900959491209,92.74471220290945,93.20668029785156,28232200
2018-06-08,93.40071650009727,94.19530227620982,92.89255576825987,93.89964294433594,22165100
2018-06-11,93.32681885831174,93.86269661944876,93.01267681302069,93.36377716064453,23490900
2018-06-12,93.40994763417261,93.73332389167138,93.08657137667386,93.60397338867188,18325200
2018-06-13,93.98280511535111,94.25074749836529,92.91103558329442,93.1789779663086,29492900
2018-06-14,93.91812062034776,94.26921385543073,93.3175606518822,93.70561218261719,25691800
2018-06-15,93.78876942913377,93.80724505228856,92.45829899161777,92.51373291015625,65738600
2018-06-18,92.4028727062611,93.4192012415094,91.85774661566292,93.18821716308594,23586000
2018-06-19,92.07025506940536,93.3175676830771,91.93166321253635,93.18821716308594,28653100
2018-06-20,93.65942315680333,94.7219442385856,93.42843908701164,94.12139129638672,26180800
2018-06-21,94.31541703061757,94.66651027889083,93.20668926662545,93.44691467285156,23198200
2018-06-22,92.77244567871094,93.10505625586957,92.05176945582303,92.77244567871094,38923100
2018-06-25,92.3936510161851,92.495284596229,89.89902525837857,90.90611267089844,35433300
2018-06-26,91.30338420917536,92.46754591231142,91.23870895061638,91.54360961914062,26897200
2018-06-27,92.00555801847673,92.41208510684788,89.99137704970718,90.1207275390625,31298400
2018-06-28,89.97289511852455,91.57130767734826,89.86202729763778,91.12781524658203,26650700
2018-06-29,91.40500376900086,92.31046429925279,90.85064348779945,91.10934448242188,28053200
2018-07-02,90.63813351641761,92.44904749678177,90.54574131264793,92.4028549194336,19564500
2018-07-03,92.83709798229538,92.97568275139814,91.41423561056784,91.515869140625,14670300
2018-07-05,91.93162679168596,92.31967819792386,91.49737576843654,92.1718521118164,18977400
2018-07-06,92.2919825649765,93.71484509890726,92.08871548169017,93.46538543701172,19234600
2018-07-09,93.91812845822501,94.47248884112079,93.54855251993624,94.10291290283203,18212000
2018-07-10,94.24148108867243,94.71269046785622,94.11213060012362,94.35235595703125,19293100
2018-07-11,93.45616124420368,94.55564068417857,93.40996160804663,94.22303009033203,19644600
2018-07-12,94.95291317234015,96.46817491378073,94.91596193024918,96.26490783691406,24335900
2018-07-13,96.4312512473169,97.56768915010626,96.17254311627525,97.4106216430664,24635200
2018-07-16,97.38287200522306,97.77092349798122,96.56980367859823,96.93014526367188,21786900
2018-07-17,96.6529583373322,98.39919704490751,96.38501601592206,97.89102935791016,25901700
2018-07-18,97.88181880636566,97.9834523684092,96.75461533575545,97.12419128417969,29493900
2018-07-19,96.94863898241697,97.29973224867813,95.98774435735643,96.45895385742188,40171600
2018-07-20,99.85904378238868,99.96991163451577,98.01117105680373,98.18671417236328,56004000
2018-07-23,98.21440609456626,99.91444506308929,98.05733160691597,99.75737762451172,29707000
2018-07-24,100.31176377983412,100.54274785476687,99.10140948289035,99.47098541259766,26316600
2018-07-25,99.74813468927375,102.695492931983,99.41551714875793,102.39983367919922,30702100
2018-07-26,102.3166795083721,102.5569048628724,101.17100074310385,101.28187561035156,31372100
2018-07-27,101.79928900671972,101.79928900671972,98.06658597851087,99.48944854736328,37005300
2018-07-30,99.03670395565271,99.3508388179976,96.79153915152472,97.35514068603516,34668300
2018-07-31,98.38997201166407,98.60248045663779,97.36440218185588,98.01116180419922,27655200
2018-08-01,97.96496928347777,98.3530208556134,97.40136755053442,98.19595336914062,23628700
2018-08-02,97.38287750786564,99.86826110826921,96.86546843921167,99.3878173828125,26104300
2018-08-03,99.60029409810231,99.83127807602085,98.69483380307014,99.82203674316406,18659600
2018-08-06,99.89597048757595,100.17314707930294,99.37856149468786,99.90520477294922,20265900
2018-08-07,100.30252334162314,100.80144979383631,99.94218874542608,100.59818267822266,16080200
2018-08-08,101.01394755352618,101.40199907003469,100.4873041956721,101.16177368164062,15487500
2018-08-09,101.3650222523871,101.7807977004454,101.26338872391102,101.32806396484375,13677200
2018-08-10,101.09708926208432,101.34655596370116,100.13619484470937,100.70903778076172,18183700
2018-08-13,100.9307944494614,101.2449364414528,99.87750768344912,99.97914123535156,18472500
2018-08-14,100.30251185686602,101.40199819320668,99.82206813330617,101.22644805908203,16788300
2018-08-15,100.62359556294248,101.08734151899502,99.07468576801544,99.8537826538086,29982800
2018-08-16,100.44737601943861,100.96676922122043,99.51988411557011,99.8352279663086,21384300
2018-08-17,99.57552981473196,100.07637628416549,98.95411194710579,99.77957916259766,18061500
2018-08-20,99.71462678996744,100.07634795836469,98.7593115464465,99.12103271484375,17914200
2018-08-21,99.16743082336178,99.5662526176735,98.17501478768402,98.29559326171875,22881900
2018-08-22,98.17498484885662,99.55694535720907,98.11006071963736,99.29724884033203,18000600
2018-08-23,99.38074128281376,100.33605664211588,99.1210447279977,99.7610092163086,18167700
2018-08-24,99.86303563190242,100.68850272832954,99.76101097268554,100.54010772705078,17234000
2018-08-27,101.3470402830387,101.69021484526709,100.64215150967496,101.65311431884766,19662300
2018-08-28,101.96846166436094,102.48785486353825,101.829336464238,102.2652587890625,19151500
2018-08-29,102.4414744572226,103.9069133136329,102.2745256371733,103.89763641357422,20818000
2018-08-30,103.57300606876959,104.44485061219955,103.35968692061168,103.83270263671875,22798700
2018-08-31,103.59156357753398,104.60252626414608,103.43388459031657,104.1851577758789,23222700
2018-09-04,102.81244877190251,103.84196507735554,102.22813157537503,103.61009216308594,22634600
2018-09-05,102.96086417396192,103.34113212301044,100.26185970558538,100.62358093261719,32872400
2018-09-06,100.40097690841688,101.08731878770189,99.71463502913187,100.8554458618164,23477600
2018-09-07,100.3824454011173,100.83691442339288,99.45495355701134,100.3638916015625,22498600
2018-09-10,100.94820448036558,101.69020075352834,100.50301237742863,101.44905090332031,20727900
2018-09-11,101.0038443353037,103.49879211719734,100.99456743726249,103.1741714477539,24301800
2018-09-12,103.35039563129594,103.73994042898093,102.49710500507175,103.61009216308594,18891100
2018-09-13,103.99037183417049,105.48363403558267,103.99037183417049,104.72309112548828,26055600
2018-09-14,105.14048048508201,105.48365502942725,104.28718965050632,105.1497573852539,19122300
2018-09-17,105.44654146378353,105.45581128660749,103.74922982851851,104.00892639160156,20736500
2018-09-18,104.05529671783911,105.4558040984605,103.61937448400592,105.00133514404297,22170900
2018-09-19,104.85295737677333,105.1033770649033,102.98869676086775,103.60083770751953,21728400
2018-09-20,104.13877041369311,105.54856180733915,103.81414972311683,105.33523559570312,23714500
2018-09-21,105.73405464251586,106.93051979419361,105.27958568723056,105.97520446777344,71229700
2018-09-24,104.8343679274492,106.56877965953556,104.08310204232997,106.35545349121094,27334500
2018-09-25,106.47606364965542,106.75430694962952,105.50219440924354,106.15143585205078,22668000
2018-09-26,106.16996113644096,106.71717776609503,105.4928891769004,105.71549224853516,19352000
2018-09-27,106.45752448606136,106.57810296787449,105.91957745880802,106.1143569946289,19091300
2018-09-28,105.91027594797656,106.2627202347662,105.43725321544844,106.07722473144531,21647800
2018-10-01,106.42966679588001,107.29223431309069,106.41112007641514,107.22731018066406,18883100
2018-10-02,106.93980725295837,107.4406465973512,106.14216373973888,106.8006820678711,20787200
2018-10-03,107.05109443049466,107.75599013092516,106.59662546136201,106.81922149658203,16648000
2018-10-04,106.29982043825036,106.43894560343207,103.53589215921313,104.61178588867188,34821700
2018-10-05,104.46338726687355,104.96423363230741,102.61768077151183,103.99964141845703,29068900
2018-10-08,103.56371963237497,103.90688700945752,101.41193224037814,102.81244659423828,29640600
2018-10-09,103.08144581647609,104.88078230780124,102.76610197740335,104.1202392578125,26198600
2018-10-10,103.1741929637731,103.41534282973487,98.11936513575986,98.46253967285156,61376300
2018-10-11,97.71125926742457,101.03168159451144,96.64464228706751,98.23065948486328,63904300
2018-10-12,101.1058663418834,103.17416875040706,99.35290769651772,101.62525939941406,47742100
2018-10-15,101.01315313401169,101.54182327012013,99.1952626586261,99.79813385009766,32068100
2018-10-16,101.59743923250416,103.33185121737345,101.05021546299355,102.95157623291016,31610200
2018-10-17,103.58228537321527,103.70285676079119,101.60673037012776,102.6826171875,26548200
2018-10-18,102.11684371128545,102.51566546031356,100.01144048115152,100.63285827636719,32506200
2018-10-19,101.03168493840248,102.8217444465018,100.36388969116528,100.78126525878906,32785500
2018-10-22,101.39338805272583,102.52492901083843,100.39169536099993,101.680908203125,26545600
2018-10-23,99.95578210539132,101.0687764435557,97.4886577467644,100.26185607910156,43770400
2018-10-24,100.54939169838526,100.62358566614304,94.2238906868176,94.90096282958984,63897800
2018-10-25,98.82422413208656,101.3469951185383,98.45322610942642,100.44733428955078,61646800
2018-10-26,98.02662479502256,100.86474784943587,97.16405701312414,99.20453643798828,55523100
2018-10-29,100.27114759801182,100.81836441000814,94.26099710896922,96.32003021240234,55162000
2018-10-30,96.14378558586405,96.81157361423041,92.85118747492916,96.20870971679688,65350900
2018-10-31,97.79473990349346,100.29896499055472,97.74836248194747,99.06539916992188,51062400
2018-11-01,99.2880148776061,99.53843458754969,97.87822316797711,98.23994445800781,33384200
2018-11-02,98.75933678626554,99.53842655540168,97.36809899034982,98.46253967285156,37680200
2018-11-05,98.65729775148738,99.92795689132456,98.22137550670807,99.71463775634766,27922100
2018-11-06,99.5940653122492,100.94820246901995,98.57382576412886,99.90941619873047,24340200
2018-11-07,101.50471124039169,104.10168419800442,101.4676107169142,103.84198760986328,37901700
2018-11-08,103.69357895538403,104.0738468876669,102.8681118761208,103.64720153808594,25644100
2018-11-09,102.8124475744554,103.36894114698107,100.8739934303144,101.62525939941406,32039200
2018-11-12,101.48613211773356,101.98697844540658,98.40686019945463,99.12103271484375,33621800
2018-11-13,99.75173700522988,100.85544733676987,98.90771614608732,99.18596649169922,35374600
2018-11-14,100.69500729608477,100.844050498221,97.31366959879335,97.7794189453125,39495100
2018-11-15,97.79802004545758,100.41553551640085,96.7920071229696,99.93115234375,38505200
2018-11-16,99.74488145618069,101.42157483454432,99.48406295999776,100.87199401855469,33502100
2018-11-19,100.8533485450012,101.12348398712622,96.4566811989798,97.45338439941406,44773900
2018-11-20,94.82655249081886,95.91640405718124,92.5443768452455,94.74271392822266,64052500
2018-11-21,96.50323858884532,97.27638401269836,95.236400120556,96.04680633544922,28130600
2018-11-23,95.17121703963531,96.69887428397637,95.01286397197369,96.00956726074219,13823100
2018-11-26,97.61173316461277,99.32568707232222,97.41611932341354,99.17665100097656,32336200
2018-11-27,98.99038229986532,99.977775939777,98.14272201930314,99.80078887939453,29124500
2018-11-28,100.49937434155798,103.7037315113656,100.47143052315587,103.50811767578125,46788500
2018-11-29,102.77226259380055,103.50814748632727,101.56131133130913,102.64185333251953,28123200
2018-11-30,103.11689726045266,103.36840587464218,101.868692486172,103.29388427734375,33665600
2018-12-03,105.25933394410238,105.65056162127873,103.14483540689426,104.41166687011719,34732800
2018-12-04,104.271950238207,104.92399638223144,100.79745751049683,101.08621978759766,45197000
2018-12-06,98.57119671383252,101.75692070971479,97.80736802873611,101.7103500366211,49107400
2018-12-07,100.9557957836074,101.95249880461425,97.1552876468708,97.63966369628906,45044900
2018-12-10,97.62105024323934,100.58321589710641,96.77338315704243,100.21992492675781,40801500
2018-12-11,102.27857091090578,103.34978884368893,100.08023317805672,101.15145111083984,42381900
2018-12-12,103.29388225115048,103.64784917121867,101.57061121135904,101.60787200927734,36183000
2018-12-13,102.07361400968807,103.27524800606902,101.1886861127655,101.9525146484375,31333400
2018-12-14,100.83471247191235,101.77552794537948,98.27309160080141,98.76678466796875,47043100
2018-12-17,98.18926883157675,98.55255270961447,94.74271981791584,95.84188842773438,56957300
2018-12-18,96.64297719635128,97.35091810354068,95.49723082164701,96.84790802001953,49319200
2018-12-19,96.54984399565568,99.55858088913917,94.40739409148173,96.58710479736328,68198200
2018-12-20,95.99093573101983,97.16461887653492,92.01343263979614,94.55642700195312,70334200
2018-12-21,94.66821934687891,95.944375245967,90.78387110322568,91.50112915039062,111242100
2018-12-24,90.98879978162076,91.25893527667569,87.54225718882371,87.68197631835938,43935200
2018-12-26,88.62277300777511,93.79259289219596,87.52360441553654,93.67149353027344,51634800
2018-12-27,92.49781621209479,94.2583480430309,89.79646878096001,94.24903106689453,49498500
2018-12-28,95.09668249191833,95.394768847075,92.70273152953283,93.51313781738281,38196300
2018-12-31,94.35149384653143,95.38545785887824,93.55972145956619,94.61231231689453,33173800
2019-01-02,92.73067062747687,94.77996431039955,92.16245602228332,94.19312286376953,35329300
2019-01-03,93.2429940386865,93.32683259525948,90.5416470945143,90.72795104980469,42579100
2019-01-04,92.88902869653987,95.48791028431893,92.15314405138929,94.94763946533203,44060600
2019-01-07,94.67751315480037,96.19585325052537,94.06272780016921,95.06874084472656,35656100
2019-01-08,95.98161430940154,96.84790827102704,94.7427194953017,95.758056640625,31514400
2019-01-09,96.7454695443729,97.69559522882537,96.16793770839772,97.12738037109375,32280800
2019-01-10,96.14929082644984,96.64298396891861,95.36682827277113,96.50325775146484,30067600
2019-01-11,96.12134051742568,96.35421516187587,94.67751487912646,95.758056640625,28314200
2019-01-14,94.91970677496842,95.82326153514298,94.32354825198587,95.05943298339844,28437100
2019-01-15,95.48790435689655,97.85391117997692,94.90105580806488,97.816650390625,31587600
2019-01-16,98.04954063884693,98.98103920096884,97.77008822750236,98.16131591796875,29853900
2019-01-17,97.80737339407612,99.32571387023202,97.5838156733572,98.85065460205078,28393000
2019-01-18,100.09883617131995,100.50869781911955,98.65501764190162,100.33171081542969,37427600
2019-01-22,99.43748394148902,99.76350705764791,97.67695200746007,98.44078063964844,32371300
2019-01-23,98.85061162235198,99.70758843480893,98.12403690907549,99.40019226074219,25874300
2019-01-24,99.53992514098293,99.67033435571054,98.12404351426993,98.92513275146484,23164800
2019-01-25,99.89390181836622,100.49006031768445,98.92514248028162,99.82869720458984,31225600
2019-01-28,98.98104271102594,99.18597353904319,97.49064638013259,97.88187408447266,29476700
2019-01-29,97.69558383618954,97.77942241706069,95.17122314123856,95.88848114013672,31490500
2019-01-30,97.45337177674814,99.09280395507812,97.18323636961247,99.09280395507812,49471900
2019-01-31,96.68954857045516,98.01227475436224,96.11201693349011,97.2763900756836,55636400
2019-02-01,96.6709396731259,96.96901899050533,95.33889616898031,95.73944091796875,35535700
2019-02-04,95.82326935860051,98.55256070658746,95.73011380752806,98.49666595458984,31315100
2019-02-05,98.79474048673215,99.9218529541223,98.70159204691247,99.87528228759766,27325400
2019-02-06,99.6703393486801,99.6703393486801,98.30103541867585,98.76678466796875,20609800
2019-02-07,97.98433866358202,98.35693241305287,97.14598851373218,98.05885314941406,29760700
2019-02-08,97.23914042241182,98.53392293632469,97.11804816018798,98.43145751953125,21461100
2019-02-11,98.92515834229567,99.27913239392764,97.77941892983175,98.04023742675781,18914100
2019-02-12,98.86926239154354,99.80076100620424,98.25447700138812,99.56788635253906,25056600
2019-02-13,100.13610640866298,100.39692489757431,99.40022161107984,99.49337005615234,18394900
2019-02-14,99.02759121143028,99.9404627573332,98.42212294551763,99.57717895507812,21784700
2019-02-15,100.51800805952604,100.88129191145363,100.00568103410524,100.80677032470703,26606900
2019-02-19,100.40622599309603,101.21663226126545,100.39690901803118,100.76019287109375,18038500
2019-02-20,100.90053107412884,100.97537093315574,99.43183274205428,100.23634338378906,21607700
2019-02-21,100.00246111736158,102.41599272737103,99.97439795817183,102.35050964355469,29063200
2019-02-22,102.94921573193517,104.02500824857779,102.73405294633407,103.80985260009766,27763200
2019-02-25,104.54888327300539,104.94178179394864,104.08114489937165,104.38984680175781,23750600
2019-02-26,104.0811379022455,105.93337774052556,103.99694128934875,105.11016082763672,21536700
2019-02-27,104.48340920138725,105.11017696322715,103.72566811747757,104.93243408203125,21487100
2019-02-28,104.8108246621816,105.59662177185771,104.52082912938997,104.80146789550781,29083900
2019-03-01,105.60596775127947,105.72757715712973,104.46468499579466,105.26919555664062,23501200
2019-03-04,105.72758165886286,105.94274445681275,103.6508292196596,105.0166244506836,26608000
2019-03-05,105.00726715217029,105.13823332865095,104.053083989651,104.49275207519531,19538300
2019-03-06,104.65179531117776,105.39082286170616,104.24018322300454,104.53953552246094,17687000
2019-03-07,104.21214491616252,104.3524679012471,102.7808661699715,103.2673110961914,25339000
2019-03-08,102.11666235447116,103.56664727464745,101.77989009777112,103.37955474853516,22818400
2019-03-11,103.82856191264341,105.66209547609726,103.81921228392213,105.54984283447266,26491600
2019-03-12,105.5404723528762,106.63497828920401,105.38144303982757,106.28885650634766,26132700
2019-03-13,106.76596208728289,107.57982945338087,106.43854664245775,107.11209106445312,35513800
2019-03-14,107.14951187609965,107.76692284327532,106.95306260758369,107.19628143310547,30763400
2019-03-15,107.89787800242888,109.68464190620723,107.19627048490517,108.43110656738281,54681100
2019-03-18,108.67432474432194,110.02141345411441,108.5620721099197,109.98399353027344,31207600
2019-03-19,110.47044279551113,110.79786535826463,109.4414198276143,110.058837890625,37588700
2019-03-20,109.81561593275109,111.0878648932349,109.17949145250918,109.93722534179688,28113300
2019-03-21,109.58175011169037,113.02430496873225,109.53497341755433,112.46302032470703,29854400
2019-03-22,111.78947382143294,111.87366330476891,109.48820182767221,109.49755859375,33624500
2019-03-25,109.0391538944784,110.3955992925589,108.81464150129001,110.06818389892578,27067100
2019-03-26,110.96624292472451,111.05043239750712,109.31044525546203,110.30205535888672,26097700
2019-03-27,110.2739752645565,110.58268424489988,108.06624999314536,109.235595703125,22733400
2019-03-28,109.8624101620234,109.99337635793832,108.63693056150181,109.38531494140625,18334800
2019-03-29,110.45172566478038,110.68559482280162,109.41334603219651,110.33011627197266,25399800
2019-04-01,111.27496338113733,111.424643096134,110.47980952230199,111.34044647216797,22789100
2019-04-02,111.37786465036814,111.77077032749823,110.87270632587649,111.49948120117188,18142300
2019-04-03,112.12625347181852,112.65947497970495,111.4620657786352,112.22915649414062,22860700
2019-04-04,112.35076679174993,112.47238334842127,110.7417454888031,111.65851593017578,20112800
2019-04-05,111.68656613974626,112.47237030365831,111.66785974549359,112.15430450439453,15826200
2019-04-08,112.07947452719574,112.2759238012004,110.98496837040327,112.19173431396484,15116200
2019-04-09,110.9755950467194,111.82688224418557,110.92882549538471,111.58365631103516,17612000
2019-04-10,112.03270410021952,112.58463198903105,111.82689806129942,112.4349594116211,16477200
2019-04-11,112.76235194250661,113.05234740905686,112.18235387228594,112.56590270996094,14209100
2019-04-12,112.85590904653368,113.17397483732881,112.60333347668178,113.14590454101562,19745100
2019-04-15,113.13656079235206,113.73526534330581,112.79043182437641,113.23946380615234,15792600
2019-04-16,113.79136809140365,113.80072485538928,112.350733333765,112.97750091552734,14071800
2019-04-17,113.4171852805351,113.98782659911397,112.76235449058571,113.9129867553711,19300900
2019-04-18,114.30589676373317,115.55007531249971,113.47332309714598,115.40975952148438,27991000
2019-04-22,114.70815431219863,115.99910957520437,114.6613776228442,115.77459716796875,15648700
2019-04-23,116.09266409953676,117.47717284003048,115.84008851551653,117.34620666503906,24025500
2019-04-24,117.67361753849369,117.72974385784991,116.4855581065665,116.9439468383789,31257000
2019-04-25,121.66812088379604,122.89359331427687,120.51748831671979,120.81683349609375,38033900
2019-04-26,121.33132087007253,122.09841858874324,120.69520358806953,121.50906372070312,23654900
2019-04-29,121.51843761166928,121.78036998882123,121.0039367614205,121.39683532714844,16324200
2019-04-30,121.43424412475606,122.2668179263592,121.04134557195674,122.17327880859375,24166500
2019-05-01,122.1077604707387,122.22001309591465,119.4603599578308,119.62874603271484,26821700
2019-05-02,119.72231081185535,119.74101720546055,117.4210318567716,118.06651306152344,27350200
2019-05-03,119.14229625530086,121.07872532819378,119.03939326186523,120.58292388916016,24911100
2019-05-06,118.2349136071191,120.26489657469453,117.97298124189926,119.88134765625,24239800
2019-05-07,118.30037848833297,118.97392283071704,116.20491275200963,117.42102813720703,36017700
2019-05-08,117.34622192108075,118.21621570355701,116.70074059104678,117.41170501708984,28419000
2019-05-09,116.27039495936411,117.67360994974439,115.5968506220423,117.4023208618164,27235800
2019-05-10,116.85040218816742,119.6755387825415,115.83072883751645,118.92715454101562,30915100
2019-05-13,116.10201655329892,117.44910531703063,115.10105674611523,115.39105224609375,33944900
2019-05-14,115.8775039148907,117.7578069839985,115.71846744822507,116.68201446533203,25266300
2019-05-15,116.67262121720279,118.97302006648157,116.14681023977987,118.32514953613281,24722700
2019-05-16,119.01059083755406,121.4800064983759,118.73829750185118,121.0574722290039,30112200
2019-05-17,120.47534397564394,122.49407281564774,120.10915808590661,120.25000762939453,25770500
2019-05-20,118.79460934467902,119.79927421282763,118.08102056077807,118.51293182373047,23706900
2019-05-21,119.6490726904568,119.74296521710198,118.85097546866184,119.15143585205078,15293300
2019-05-22,118.88853029155848,120.40961496563558,118.7946306042322,119.8744125366211,15396500
2019-05-23,118.49417847267834,118.5786867644425,117.12332747213195,118.47540283203125,23603800
2019-05-24,119.16083328504935,119.63968734423895,118.27822773012262,118.53173828125,14123400
2019-05-28,119.2265263844788,120.18424140622751,118.35331246897012,118.45659637451172,23128400
2019-05-29,117.7242399872595,117.73363138869334,116.46606440965887,117.31111145019531,22763100
2019-05-30,117.61156897343257,118.08103874417998,117.16087484155737,118.05287170410156,16829600
2019-05-31,116.64444842101408,117.01063422525469,115.79001010209305,116.1280288696289,26646800
2019-06-03,116.28768766920034,116.77594035525283,111.74322267610383,112.52253723144531,37983600
2019-06-04,113.87458253396697,115.75246155243883,113.28305322202273,115.6397933959961,29382600
2019-06-05,117.3204876883351,118.18431747283711,116.625674463956,118.14675903320312,24926100
2019-06-06,118.71951717935161,120.15609352272283,117.9308042443685,120.01525115966797,21459000
2019-06-07,121.30161462268939,124.17476763441147,120.42839330568805,123.37666320800781,33885600
2019-06-10,124.31558046555737,125.89300622991307,123.94001040727616,124.50337982177734,26477100
2019-06-11,125.70522380875205,126.04324259904969,123.26397539803801,124.0339126586914,23913700
2019-06-12,123.37665093389535,123.91185335350355,122.72879468022089,123.46116638183594,17092500
2019-06-13,123.92123581454668,124.87895815180465,123.52688292910639,124.24048614501953,17200800
2019-06-14,124.18413277249127,125.62070905739449,123.60199486874949,124.36253356933594,17821700
2019-06-17,124.53153034175223,125.56435502856989,124.43763067609724,124.73809814453125,14517800
2019-06-18,125.99631660734836,126.98220612624696,125.41417859662528,126.90708923339844,25934500
2019-06-19,126.75683828540198,127.63004518325837,125.63949793707187,127.40470886230469,23744400
2019-06-20,129.0572077008645,129.25439126355556,127.4328466758534,128.58773803710938,33042600
2019-06-21,128.2403662702879,129.320141028793,128.12769810824025,128.60655212402344,36727900
2019-06-24,128.6347090386564,129.9492185826722,128.6347090386564,129.36708068847656,20628800
2019-06-25,128.86947915241956,129.1887152251168,124.6254675213904,125.28272247314453,33327400
2019-06-26,126.14653396591669,127.45165936415292,125.44232930513282,125.75216674804688,23657700
2019-06-27,125.94934073857445,126.48454311689689,125.35780428402427,125.95872497558594,16557500
2019-06-28,126.35309577185585,126.38126281077415,125.02918763437661,125.78034210205078,30043000
2019-07-01,128.28729810404295,128.35301641365143,126.72865522148227,127.39529418945312,22613500
2019-07-02,127.80845318614985,128.24975594230963,127.07608144764667,128.24037170410156,15237800
2019-07-03,128.44694678409658,129.32955234604637,127.96807839401461,129.066650390625,13629300
2019-07-05,127.63940216078547,128.94452712703708,127.43283438249449,128.69100952148438,18141100
2019-07-08,128.07131938953984,128.72858838481056,127.10421302196715,128.59713745117188,16779700
2019-07-09,127.6957366748656,128.60650888408034,127.50795169222948,128.12765502929688,19953100
2019-07-10,128.75673242964479,130.1181913550504,128.65344854829266,129.43276977539062,24204400
2019-07-11,129.7614489555064,130.71917135245343,129.45159717040355,129.94923400878906,22327900
2019-07-12,130.37175040151538,130.63465230545916,129.58303036260477,130.41868591308594,18936800
2019-07-15,130.925721247177,131.01960659739734,130.0055645833737,130.41868591308594,16651500
2019-07-16,130.4750034515172,130.55950454485037,128.18398940731294,128.7097930908203,22726100
2019-07-17,129.29201796500723,129.507970124745,127.90239096112981,127.9493408203125,20211000
2019-07-18,127.27327599203996,128.2779339956309,126.44700449220257,128.09014892578125,30381800
2019-07-19,131.65812753612153,132.0806475410193,128.11832081101576,128.27793884277344,48992400
2019-07-22,129.0196785121421,130.69098965497278,128.94456163383649,129.97738647460938,25074900
2019-07-23,131.2261383888058,131.4421047218709,129.60177757257108,130.7848358154297,18034600
2019-07-24,130.41870182415488,132.14636153851882,130.37176630685818,132.12757873535156,20738300
2019-07-25,131.8552954655764,132.0243120620076,130.81308615042934,131.6299591064453,18356900
2019-07-26,131.79894425812105,133.02895281557116,131.73322593760406,132.709716796875,19037600
2019-07-29,132.85992755023454,132.86931178665947,130.85998200668604,132.4186248779297,16605900
2019-07-30,131.58295255204945,132.59700871239428,131.26371662946218,131.78013610839844,16846500
2019-07-31,131.7614344217444,131.91166824029483,126.83200007635787,127.9493408203125,38598800
2019-08-01,128.6347008698151,132.33412448643287,128.56896823324885,129.62997436523438,40557500
2019-08-02,129.6581422139498,129.87410859795295,127.00094191264206,128.54080200195312,30791600
2019-08-05,125.16066311010421,125.75218537034483,122.79453108789382,124.13722229003906,42749600
2019-08-06,125.63014161854858,127.3953386089859,125.07617060365293,126.4657974243164,32696700
2019-08-07,125.62070465437274,127.3671326314653,123.78039132707562,127.01972961425781,33414500
2019-08-08,128.25915169347147,130.50321670494685,127.63004957030374,130.40931701660156,27496500
2019-08-09,130.1464469540824,130.8694346155713,128.12773210401184,129.30140686035156,23466700
2019-08-12,128.70043660312965,129.4421924607648,126.9821756995304,127.49858093261719,20484300
2019-08-13,127.74274024911765,130.3248242462156,126.75685076662751,130.1370391845703,25154600
2019-08-14,128.46017065389253,128.9877255205743,125.92600982127516,126.21804809570312,32527300
2019-08-15,126.60429824891267,126.78329315827399,124.58827680230188,125.9354248046875,28074400
2019-08-16,127.06590167277426,128.5543680876593,126.91516762131468,128.2434844970703,24449100
2019-08-19,129.86377237213705,130.52321553733685,128.95938290644668,130.39132690429688,24355700
2019-08-20,130.2030191210154,130.67405237763975,129.2892134531806,129.30804443359375,21170800
2019-08-21,130.52327244694763,131.40881695837308,130.00513317166792,130.74935913085938,14970300
2019-08-22,130.62693566251906,131.1356452138166,128.39422843097591,129.79791259765625,18697000
2019-08-23,129.242086495675,130.33488692548528,125.10641574171298,125.6622314453125,38508600
2019-08-26,127.16956273086547,127.70653316401673,126.14269931520062,127.6029052734375,20312600
2019-08-27,128.48842837850881,128.7993119977184,126.85865762458432,127.87609100341797,23102100
2019-08-28,127.06585350234741,127.89486172151894,125.81290412731232,127.70645141601562,17393300
2019-08-29,129.29857116216917,130.41963211192012,128.9782721407511,130.1181640625,20168700
2019-08-30,131.08851969831468,131.116780537289,128.37537853324508,129.87326049804688,23940100
2019-09-03,128.69567608993933,129.2514917495263,127.83839231850062,128.15869140625,18869300
2019-09-04,129.34568687623496,129.71309210430604,128.5731857237431,129.6565704345703,17995900
2019-09-05,131.05084150040312,132.24726970746855,130.72111255068887,131.93638610839844,26101800
2019-09-06,131.91752700747264,132.05883118559822,130.19354416039448,131.04141235351562,20824500
2019-09-09,131.50301755940075,131.6537516015237,128.55436012486388,129.55294799804688,25773900
2019-09-10,128.87465414469017,128.95943664952355,126.71731457867034,128.1963653564453,28903400
2019-09-11,128.03622870093727,128.37537312914318,127.26372746871645,128.2340545654297,24726100
2019-09-12,129.8638315693794,130.4008018291069,128.94059634246844,129.55294799804688,27010000
2019-09-13,129.79789016593057,130.06166757283842,128.65799802353388,129.3645477294922,23363100
2019-09-16,127.96086687580612,128.78045995445083,127.80071733025433,128.43190002441406,16731400
2019-09-17,129.02539937116904,129.5529541689385,128.52609103600494,129.43048095703125,17814200
2019-09-18,129.40219503377762,130.63629927677184,128.6202784762406,130.4949951171875,23982100
2019-09-19,132.17188287622108,134.12195231938244,131.95521168804507,132.89727783203125,35772100
2019-09-20,132.84074601292843,133.4436677892611,130.24064854776688,131.36170959472656,39167300
2019-09-23,131.16388407771032,131.54071921440732,130.41965804176857,131.0791015625,17139300
2019-09-24,132.22845086941595,132.53933453082007,128.95006356474434,129.4210968017578,29773200
2019-09-25,129.53408767037075,131.8515765819618,128.14924936492994,131.2863311767578,21382000
2019-09-26,131.36170411102069,132.058823850773,130.41963797640327,131.45590209960938,17456600
2019-09-27,132.03056122939054,132.22840143988893,128.7333298028649,129.75076293945312,22477700
2019-09-30,130.05225815868306,131.15447402647854,129.79789622771756,130.97547912597656,17280900
2019-10-01,131.56899201504288,132.12480772056614,129.0630920336368,129.12904357910156,21466600
2019-10-02,128.3565012105042,128.4695445382439,125.84118654478478,126.84918975830078,30521700
2019-10-03,127.13183110990826,128.82755314879915,125.50206060506926,128.38478088378906,24132900
2019-10-04,128.82753811604104,130.2406372544254,128.51665458062195,130.1181640625,22897700
2019-10-07,129.1949775539282,130.1747202246016,129.08193419283285,129.17613220214844,15303700
2019-10-08,129.13839787742444,129.77899580232818,127.76297531103535,127.8100814819336,25550500
2019-10-09,129.49642123149835,130.6645740750219,129.03480363620312,130.23123168945312,19749900
2019-10-10,130.46675140448957,131.57838260518204,130.24065034469942,131.04141235351562,17654600
2019-10-11,132.00226457700762,132.8595479652303,131.4181883398725,131.58775329589844,25446000
2019-10-14,131.59723598927255,132.16246711107746,131.43708645268833,131.46534729003906,13304300
2019-10-15,131.94580260785128,133.57557326869113,131.7102860347615,133.3683319091797,19695700
2019-10-16,132.6334880604977,132.82191279192958,131.44648987633644,132.2755126953125,20751600
2019-10-17,132.78424263042243,133.22701494314092,130.96606156419662,131.5972442626953,21460600
2019-10-18,131.66314156240998,131.88924258175905,128.64853317835568,129.4492950439453,32273500
2019-10-21,130.42909315610265,130.47619935212697,129.07251520944223,130.41024780273438,20078200
2019-10-22,130.91895205197162,131.89869465804213,128.36594610884117,128.46957397460938,27431000
2019-10-23,128.95000968878912,129.486979879743,127.75358174170623,129.28915405273438,29844600
2019-10-24,131.31462431875073,132.28495148242374,130.63633541553193,131.832763671875,37029300
2019-10-25,131.26750906593338,132.96323120692122,131.13562036467823,132.5769805908203,25959700
2019-10-28,136.03437373306028,137.23080200968738,135.1959352655322,135.8365478515625,35280100
2019-10-29,135.7328804333607,136.1285464558704,134.3857184848941,134.5552978515625,20589500
2019-10-30,135.20534429087087,136.5995982341125,134.51762561887838,136.23219299316406,18496600
2019-10-31,136.5053705867323,136.53363141942768,134.70603528104652,135.0640106201172,24605100
2019-11-01,135.90250841433584,136.0532425046183,134.68724895156916,135.393798828125,33128400
2019-11-04,136.4394824057441,136.59963197342742,135.80829962435925,136.1757049560547,16912000
2019-11-05,136.57134521833785,136.61845140572893,135.57275729472383,136.0908966064453,18250200
2019-11-06,136.00613438088138,136.14745297907015,134.90391831401934,135.71409606933594,16575800
2019-11-07,135.50679973842463,136.48655664339515,135.4408625788381,135.9024658203125,17786700
2019-11-08,135.63869625580327,137.53225864058572,135.43144052836647,137.50399780273438,16732700
2019-11-11,136.91991436291875,137.93734770505276,136.34525333749465,137.6453094482422,14362600
2019-11-12,137.8054119173583,139.02068509478076,137.5981562495,138.54965209960938,18641600
2019-11-13,138.23880182604938,138.91709065211822,137.80544504142054,138.77577209472656,16919200
2019-11-14,138.5025725699454,139.81204397344354,138.48372722157296,139.48231506347656,19729800
2019-11-15,140.3019051391913,141.30050733528844,139.6801524036144,141.2816619873047,23485700
2019-11-18,141.37587100065798,141.8280587180266,140.34900799432467,141.63021850585938,21534000
2019-11-19,142.1389399587339,142.56286683531036,141.49832752597038,141.6773223876953,23935700
2019-11-20,142.08375820366018,142.58475094951194,140.3350145663073,141.4315185546875,25696800
2019-11-21,141.2236166291717,141.60173404483663,140.37287768540864,141.2992401123047,18576100
2019-11-22,141.856939069247,142.07434753406577,140.6753493765547,141.4031982421875,15901800
2019-11-25,141.79076519857867,143.0668878548469,141.71514172629512,142.9534454345703,22420900
2019-11-26,143.0763710265862,144.07835704250238,143.03856649287692,143.70970153808594,24620100
2019-11-27,143.99325795046357,144.15395242888414,143.2275900846994,143.9838104248047,15184400
2019-11-29,143.77582685922684,143.96487830859544,143.00069716600424,143.09523010253906,11977300
2019-12-02,143.50168034327638,143.5205898140514,140.20269166618917,141.36537170410156,27418400
2019-12-03,139.41813224384907,141.25194727879412,138.6240930309501,141.13851928710938,24066000
2019-12-04,141.92309400717485,141.96089852915804,141.03453629170258,141.6489715576172,17574700
2019-12-05,141.83802126937863,142.09324866665452,141.29920947776307,141.72457885742188,17869100
2019-12-06,142.72662107265498,143.55845060471992,142.04602409497093,143.4450225830078,16403500
2019-12-09,142.80221724707323,143.87982651833465,142.65097029791653,143.0763397216797,16687400
2019-12-10,143.01019557177662,143.5773645453765,142.50920256203605,142.8589630126953,16476100
2019-12-11,143.24648863924253,143.55843007805365,142.10271778730538,143.39773559570312,18856600
2019-12-12,143.3505218804987,145.0425671783063,142.75501020876922,144.853515625,24612100
2019-12-13,144.62658080483226,146.4131438731203,144.4658863347823,146.07284545898438,23845400
2019-12-16,146.62111500128668,147.36787340500365,146.346992515384,147.01812744140625,24144200
2019-12-17,146.94253792110104,147.18831788633273,145.99726586702678,146.22413635253906,25425600
2019-12-18,145.85543881739588,146.97085259654958,145.7419963954613,145.92160034179688,24129200
2019-12-19,145.57190234884996,147.24503799240665,145.33558432555637,147.18832397460938,24958900
2019-12-20,148.73851305455636,149.81612225393488,147.73651290100972,148.79522705078125,53477500
2019-12-23,149.4663619043782,149.4663619043782,148.66288958502255,148.79522705078125,17718200
2019-12-24,148.86139474376276,149.07881763657534,148.5210963286024,148.76687622070312,8989200
2019-12-26,148.93703002070328,150.0429963517041,148.7857830633774,149.9862823486328,14520600
2019-12-27,150.7235804290026,150.81811337522475,149.5609001937233,150.26040649414062,18412800
2019-12-30,150.28879775549368,150.3171547610845,148.15247384294395,148.9654083251953,16348400
2019-12-31,148.19024022863357,149.13551187620644,147.88774637803394,149.0693359375,18369400
2020-01-02,150.09023242281285,151.93350926772743,149.66486306224806,151.82952880859375,22622100
2020-01-03,149.6554101548303,151.196193090949,149.40963030188232,149.93898010253906,21116200
2020-01-06,148.4833066063073,150.3927598163758,147.9444947187136,150.3265838623047,20813700
2020-01-07,150.60067989425875,150.931516303683,148.71013667343422,148.95590209960938,21634100
2020-01-08,150.23201839712107,151.99968621410528,149.30565620651117,151.3285369873047,27746500
2020-01-09,152.98276776943587,153.34197562938405,152.21710000371593,153.21908569335938,21385000
2020-01-10,153.90915972860566,154.28726267501992,152.35890014667973,152.51014709472656,20725900
2020-01-13,152.90711635202274,154.3722900972599,152.43448059057198,154.34393310546875,21626500
2020-01-14,154.44793405712338,154.64644744971824,152.86933213511907,153.25689697265625,23477400
2020-01-15,153.7200551459834,154.96782051779877,153.67280310735038,154.24940490722656,21417900
2020-01-16,155.35543366341506,157.14199687545099,155.0529397493098,157.07582092285156,23865400
2020-01-17,158.25738972858082,158.30465619935018,156.37629381209493,157.9549102783203,34371700
2020-01-21,157.55792890062875,158.9852988415093,157.3216109023326,157.38778686523438,29517200
2020-01-22,158.2385361459143,158.3236215928323,156.61266705835894,156.63157653808594,24138800
2020-01-23,157.09471026471257,157.6713265938342,156.22506200867213,157.595703125,19680800
2020-01-24,158.3424670503659,158.3613765241698,155.44993777757642,156.0076446533203,24918100
2020-01-27,152.3305352170298,154.4385015834786,151.4325299482661,153.39869689941406,32078100
2020-01-28,154.81662932456064,156.68826363216436,154.14549435848608,156.40469360351562,24899900
2020-01-29,158.65439337526382,159.5145940552649,156.62206505752158,158.84344482421875,34754500
2020-01-30,164.52451931588942,164.52451931588942,161.44292477265313,163.3240203857422,51597500
2020-01-31,162.78526860838573,162.9648581406356,160.29919907352217,160.9136199951172,36142700
2020-02-03,161.10263707783204,164.9498995377037,161.07428008281042,164.8364715576172,30107000
2020-02-04,167.44542355504944,170.75387441009062,166.66084633572413,170.2623291015625,36433300
2020-02-05,173.95835927347207,174.1190537403817,168.64593664566272,170.05438232421875,39186300
2020-02-06,171.06583483899962,173.75986517610264,170.20563405922817,173.58026123046875,27751400
2020-02-07,172.8429581987189,175.47081270658518,172.4931978169128,173.82603454589844,33529100
2020-02-10,173.53298558426346,178.50510968178952,173.22104418313037,178.37277221679688,35844300
2020-02-11,180.2160144531312,180.26328091516518,173.45732866954677,174.34588623046875,53159900
2020-02-12,175.42353231595447,175.67875972595644,171.89767274276622,174.6011505126953,47062900
2020-02-13,173.0603579564026,176.03795827229686,172.86184453761513,173.6558837890625,35295800
2020-02-14,173.2210544650253,175.26284498070825,172.65388562499024,175.2061309814453,23149500
2020-02-18,175.45187980244407,177.42749418236605,175.34789933909548,176.98321533203125,27792200
2020-02-19,178.2533934525185,178.36713128679526,176.74630929594355,177.51406860351562,29997500
2020-02-20,177.20124557370298,177.4856045751215,171.65631012999017,174.8031768798828,36862400
2020-02-21,173.61837855406034,173.9311720431706,168.0070858019182,169.27720642089844,48572600
2020-02-24,159.02137020997796,165.44781515513523,154.71810764102665,161.97866821289062,68311100
2020-02-25,165.1160881339019,165.72271383699095,158.90764439039998,159.30575561523438,68073300
2020-02-26,160.8602752572203,164.2251446871033,159.43849455284118,161.29627990722656,56206100
2020-02-27,154.80348558750697,158.32001499596967,149.74193543338117,149.93150329589844,93174900
2020-02-28,144.4623810412788,155.17313038454182,144.0737575661736,153.561767578125,97012700
2020-03-02,156.68969102388243,163.9028581761286,153.84612995671205,163.77963256835938,71030800
2020-03-03,164.73693262306887,165.87435387128133,153.79869570273755,155.93136596679688,71677000
2020-03-04,159.70384194438486,161.79859008690633,156.98349255557616,161.6564178466797,49814400
2020-03-05,157.3911261586159,161.95977394730102,157.0498982125775,157.5996551513672,47817300
2020-03-06,154.1304911008303,154.60441795195356,147.86517755045685,153.1447296142578,72821100
2020-03-09,143.1258749845001,149.52388595235027,142.17802150778155,142.76568603515625,70419300
2020-03-10,149.91249432625224,152.6328289036396,144.62347072060302,152.528564453125,65354400
2020-03-11,148.9362468910333,149.47651594433142,143.2680717176468,145.61875915527344,56371600
2020-03-12,137.72312904394167,145.46709111192325,131.35355178409353,131.8085174560547,93226400
2020-03-13,139.8084372561925,153.4670141569079,133.39146289991785,150.54762268066406,92727400
2020-03-16,132.69949300751503,141.56192921861285,127.96022540010378,128.3583221435547,87905900
2020-03-17,132.69950524755737,139.8084073143908,127.96023720300174,138.92691040039062,81059800
2020-03-18,130.80381587118453,138.38664577676045,127.97921578102556,133.0786590576172,81593200
2020-03-19,135.3250573763045,142.32020684342646,131.75164539050618,135.2681884765625,85922700
2020-03-20,138.38665869750938,139.42930369211481,128.7754214733434,130.18772888183594,84866200
2020-03-23,129.865433072782,133.23980446764403,125.60957912301353,128.88914489746094,78975200
2020-03-24,136.2539396766585,141.79888839830375,133.90326706268647,140.60458374023438,82516700
2020-03-25,141.14491656968082,146.28228256625601,136.9080088143488,139.25868225097656,75638200
2020-03-26,140.66150751402876,148.49078968046783,140.63307305518086,147.96946716308594,64568100
2020-03-27,143.83677947196435,146.81303910788503,141.4197499720729,141.8936767578125,57042300
2020-03-30,144.49081435919743,152.22530370208108,142.18752244275748,151.8745880126953,63420300
2020-03-31,151.08791450023946,156.1873734015561,148.39601274170573,149.48605346679688,77927200
2020-04-01,145.02161349129338,149.5239184853041,142.9552994047509,144.1780242919922,57969900
2020-04-02,143.9410307443627,147.37225573029235,142.5192505175172,147.16372680664062,49630700
2020-04-03,147.01212796704385,149.17323344168187,144.25386997914237,145.808349609375,41243300
2020-04-06,151.95990642835253,157.8176351324215,149.3627821810192,156.6517791748047,67111700
2020-04-07,160.74648241184053,161.13510584413748,154.74656761748417,154.96458435058594,62769000
2020-04-08,157.0309386966601,157.9787925050275,154.97409766807493,156.51910400390625,48318200
2020-04-09,157.6849317896961,158.64225875732106,154.81293642372253,156.52854919433594,51385100
2020-04-13,155.7797730783277,156.9361558362128,153.83666995479288,156.8792724609375,41905300
2020-04-14,160.18728683704097,164.6895922363069,159.23943306877445,164.64219665527344,52874300
2020-04-15,162.2725661589912,164.51898947901861,160.41478082759673,162.9171142578125,40940800
2020-04-16,165.21087397006804,168.03547345345189,163.8838703437965,167.8079833984375,50479600
2020-04-17,170.13972936582047,170.6136561885665,166.69901600449276,169.2866668701172,52765600
2020-04-20,167.41942713278866,169.42887263033774,165.86494742536163,165.93128967285156,36669600
2020-04-21,164.4526192889561,164.6137526846759,157.4479809248554,159.06881713867188,56203700
2020-04-22,162.45263993058774,164.92653858793065,161.91237085947336,164.47157287597656,34620200
2020-04-23,165.03076136740552,165.93121923378612,161.99763328234144,162.4810333251953,32790800
2020-04-24,163.0876697944209,165.45730352841656,161.80807625592118,165.4478302001953,34277600
2020-04-27,167.3815264466453,167.67535885860636,164.26309329838,164.97398376464844,33194400
2020-04-28,166.433657061275,166.50948710621904,160.55696597758129,160.95506286621094,34392700
2020-04-29,164.18718760925833,168.41460620185836,162.91706736578456,168.17764282226562,51286600
2020-04-30,170.61368155033583,170.99281727965172,167.0402687259744,169.86488342285156,53875900
2020-05-01,166.63266802790082,169.32456881719065,164.93600196160241,165.46681213378906,39370500
2020-05-04,165.39096038355166,169.66577440915705,164.7369391625159,169.5141143798828,30372900
2020-05-05,171.20131596449716,174.0733112718267,170.51886020205268,171.33401489257812,36839200
2020-05-06,172.58517466921734,174.59461955013938,172.15864346792125,173.02117919921875,32139300
2020-05-07,174.56620901356314,174.92639803706723,173.05912514642642,174.02593994140625,28316000
2020-05-08,175.33395002920838,175.35291115035147,173.79843186786684,175.04959106445312,30877800
2020-05-11,173.5993766766979,177.73201884699927,173.31503217434738,177.00218200683594,30892700
2020-05-12,177.05905204204092,177.28652764537918,172.79371092227436,172.9927520751953,32038200
2020-05-13,173.0307023368351,174.45248294032083,167.3340921291514,170.376708984375,44711500
2020-05-14,168.28192504750183,171.26767262333027,166.51891673874835,171.1160125732422,41873900
2020-05-15,169.72268077345782,177.30551035404773,167.77010447055184,173.60888671875,46610400
2020-05-18,176.0638021772429,176.49033339487778,174.36715063577168,175.26760864257812,35264500
2020-05-19,175.38135636493746,176.86949350940563,173.9216681354789,174.0543670654297,26799100
2020-05-20,175.66071783659345,176.64923929090085,174.83379305536764,176.46864318847656,31261300
2020-05-21,176.22148762180447,177.42861841763434,174.21594577347696,174.34901428222656,29119500
2020-05-22,174.12091369625077,175.32804455149363,173.50308419399207,174.42506408691406,20826900
2020-05-26,177.1149280601144,177.26701047752772,172.13435216853748,172.58108520507812,36073600
2020-05-27,171.27893938264498,172.980331004467,167.85717121330865,172.80923461914062,39517100
2020-05-28,171.79221042249597,175.03338242380826,171.45003216242014,172.41952514648438,33810200
2020-05-29,173.68367206153434,175.1474401638824,171.47853469767063,174.1779327392578,42130400
2020-06-01,173.50309629122472,173.94032973105288,172.47657596070565,173.77874755859375,22622400
2020-06-02,175.12842338695103,175.84129349571745,172.37199810107265,175.75575256347656,30794600
2020-06-03,175.67021158300358,176.7347596373877,174.49159444895008,176.1834716796875,27311000
2020-06-04,175.1759587709763,176.63971241141127,173.2749717295189,173.86427307128906,28761800
2020-06-05,173.5791261393768,178.43614872306114,172.99932449815253,177.93238830566406,39893600
2020-06-08,176.73475027225717,179.21553869876203,175.3090101306654,179.03494262695312,33211600
2020-06-09,178.69276493031884,181.25909429194024,177.989394570547,180.40365600585938,29783900
2020-06-10,181.66781392729945,188.69195979526327,181.55374485339544,187.09512329101562,43872300
2020-06-11,183.56883332118247,186.0686216229626,176.85835083624784,177.04844665527344,52854700
2020-06-12,181.10703377682555,182.22862370226562,176.0123877928457,178.44566345214844,43373600
2020-06-15,175.44207556438678,181.3731596709733,174.90028735842841,179.5862274169922,32770200
2020-06-16,183.34071733100382,185.8975475388432,181.98151838971393,183.987060546875,42556700
2020-06-17,185.37472372472914,186.60086831332674,184.1010660695818,184.62384033203125,25687800
2020-06-18,184.39573922892131,186.76247326807626,184.39573922892131,186.60089111328125,23061600
2020-06-19,188.7584999974735,189.423842544377,184.74741628179572,185.48880004882812,44441100
2020-06-22,186.09714520202675,190.82109979899005,185.56487107899687,190.64051818847656,32818900
2020-06-23,192.085235928232,193.85315449194295,191.45790671131317,191.91415405273438,30917400
2020-06-24,191.61948849260602,193.18779690970953,186.82899330343227,188.04562377929688,36740600
2020-06-25,188.00762775594458,190.67851232035468,185.79297603620233,190.421875,27803900
2020-06-26,189.8420850773338,189.9941675360762,185.23219976083442,186.61041259765625,54675800
2020-06-29,186.08758992879393,188.7014466837992,183.96799378477183,188.61590576171875,26701600
2020-06-30,188.08368255293655,194.28089052562854,187.95061402599853,193.43495178222656,34310300
2020-07-01,193.0832117505768,196.13430167829475,191.78104054793843,194.56597900390625,32061200
2020-07-02,195.49747916723908,197.72164478695544,194.85115060490307,196.04876708984375,29315800
2020-07-06,198.49151832066937,200.67765581950883,197.78814805482702,200.26893615722656,31897600
2020-07-07,200.03132911943715,204.04241234730003,197.69312352420133,197.94024658203125,33600700
2020-07-08,199.67017648667414,202.70223856853215,198.35849081572363,202.2935333251953,33600000
2020-07-09,205.6202645828633,205.66779215946096,201.00086550314717,203.70977783203125,33121700
2020-07-10,203.04442188603093,203.48165528840798,200.63017471738777,203.09194946289062,26177600
2020-07-13,203.86190406651087,205.1165628312323,196.27696768146293,196.81875610351562,38135600
2020-07-14,195.9251971998892,198.5105402500345,192.02816869688823,198.03529357910156,37591800
2020-07-15,199.18543117423306,200.86780886223525,194.879696441531,197.7406768798828,32179400
2020-07-16,195.23135704153594,195.51650798920733,192.2943356382939,193.8246307373047,29940700
2020-07-17,194.34743250474673,194.88920632879422,191.4199104017401,192.83615112304688,31635300
2020-07-20,194.8511575839136,201.78976268148,192.95967039395572,201.12442016601562,36884800
2020-07-21,203.0824697440858,203.34860679664743,197.731186037843,198.41554260253906,37990400
2020-07-22,198.84322189432683,201.78975731740158,198.07332453951392,201.26698303222656,49605700
2020-07-23,196.93275836350443,200.47809519758303,192.14226281240857,192.51295471191406,67457000
2020-07-24,190.4978964459514,192.81710279590382,187.73195701203042,191.33433532714844,39827000
2020-07-27,191.4959082044936,193.8721417261621,190.91610664507132,193.75808715820312,30160900
2020-07-28,193.52998850951334,194.56602297793356,191.75257024686763,192.01870727539062,23251400
2020-07-29,192.4749199448213,194.51847502189628,192.00917294201005,193.9576873779297,19632600
2020-07-30,191.04919294548517,194.3379068274269,189.68999420605252,193.8056182861328,25079600
2020-07-31,194.28090079447668,194.9462579677163,189.15774048150277,194.86070251464844,51044000
2020-08-03,201.04840274562122,206.86541871701198,200.02186795595566,205.8198699951172,78983000
2020-08-04,203.56719761461736,204.1374995340673,199.89829200805272,202.7307586669922,49280100
2020-08-05,204.26109186836734,204.356147040437,201.0959605864855,202.39813232421875,28806400
2020-08-06,201.8277788907073,205.65826639464163,201.07689543479427,205.63926696777344,32656800
2020-08-07,204.21355616358002,205.02146702314252,200.48760848126565,201.96087646484375,27820400
2020-08-10,201.19093220446166,201.39054219594667,196.1343149595848,197.94024658203125,36716500
2020-08-11,196.9042350854853,197.36996761393385,193.08324719054212,193.31137084960938,36446500
2020-08-12,195.12680683296387,199.86977468236574,194.61354671761342,198.833740234375,28013100
2020-08-13,199.07132070844887,200.88676640717807,197.84517621948177,198.36795043945312,22588900
2020-08-14,198.42502169750838,199.21393305825572,197.23690479940333,198.55809020996094,17958900
2020-08-17,199.22345284512505,200.73473410095306,198.577109692729,199.86978149414062,20184800
2020-08-18,200.10737165135185,201.8467762903715,198.85272792197682,201.0198516845703,21336200
2020-08-19,201.50578180907098,202.08698492364027,199.37152465065776,199.80027770996094,27627600
2020-08-20,199.6478303586499,204.85007589217304,199.04758188287093,204.4499053955078,26981500
2020-08-21,203.76387239997578,206.04104218057276,202.801558777848,202.96353149414062,36249300
2020-08-24,204.6499901784463,205.34553813622844,202.4014026425913,203.6019287109375,25460100
2020-08-25,203.0397553095794,206.38404627811062,203.0397553095794,206.2506561279297,23043700
2020-08-26,207.59410079861183,211.6053426331108,207.0986454243978,210.709716796875,39600800
2020-08-27,212.36759112322508,220.237639761169,209.04234520990622,215.88339233398438,57602200
2020-08-28,217.40792170045836,219.75179480151053,215.88346427449105,218.1034698486328,26292900
2020-08-31,216.28356909931804,217.90331098224215,213.72055883978842,214.88296508789062,28774200
2020-09-01,214.86394119772189,216.71235847698847,213.83492494312688,216.54086303710938,25725500
2020-09-02,217.2077860584741,221.86693390935534,216.61706023468037,220.71405029296875,34080800
2020-09-03,218.4464303584892,218.4845356074586,204.81199137013098,207.04151916503906,58400300
2020-09-04,204.9453456779266,208.05143903986777,195.5031835739278,204.13546752929688,59664100
2020-09-08,196.75138131717694,200.11473306475375,192.65437628036617,193.09266662597656,52924300
2020-09-09,197.79942927592472,204.69762722495835,196.9419086014435,201.31521606445312,45679000
2020-09-10,203.32560902386254,204.60236011002283,194.47418635865475,195.67469787597656,35461500
2020-09-11,197.41831048120244,198.78080929672177,191.73968373953392,194.39796447753906,33620100
2020-09-14,194.59806571185905,199.32390157724174,194.39797317755668,195.71282958984375,30375800
2020-09-15,198.58071594176965,199.87651239728032,197.16105199306432,198.92372131347656,21823900
2020-09-16,200.6768350437984,200.70541761062034,194.97914895511403,195.3697967529297,26328100
2020-09-17,190.60590313185887,194.68384874688627,190.52015540378827,193.3308868408203,34011300
2020-09-18,193.22605507235494,194.03591885589844,186.9852699078693,190.92982482910156,55225300
2020-09-21,187.88089322203805,193.140304553541,187.109134700145,192.9783172607422,39839700
2020-09-22,195.37931192288303,198.27580458268034,192.5399989329697,197.62789916992188,33517100
2020-09-23,198.0852935022952,198.2758633815495,190.58683107604844,191.12039184570312,30803800
2020-09-24,190.4153069509795,195.8652732003476,189.79598401356498,193.59762573242188,31202500
2020-09-25,193.94064144048286,199.17145554804117,192.9783130746284,198.00906372070312,29437300
2020-09-28,200.92463410357064,202.53485372758092,198.23775565768426,199.5526123046875,32004900
2020-09-29,199.4668235840097,200.1528343424677,197.04672603654993,197.47547912597656,24221900
2020-09-30,197.9232957386492,201.97265800789293,196.78947197711074,200.4005584716797,33829100
2020-10-01,203.4113969587429,203.8877925550821,201.34384181524362,202.43002319335938,27158400
2020-10-02,198.18055856092133,201.02940932407267,195.83668594256645,196.4560089111328,33154800
2020-10-05,197.4373880733873,200.47679424204267,197.2087129579813,200.44821166992188,21331600
2020-10-06,198.9618499090392,200.25763188349316,195.1506854050532,196.18922424316406,28554300
2020-10-07,197.28495844189817,200.19097472900563,196.9610128986642,199.9241943359375,25681100
2020-10-08,200.57206106834602,201.21996661458442,198.48546064844754,200.63876342773438,19925800
2020-10-09,201.25805652305527,205.66948389253287,201.25805652305527,205.62184143066406,26458000
2020-10-12,208.46119697504406,213.2918557250385,206.57467431845953,210.94798278808594,40461400
2020-10-13,212.20564485549392,214.57810003901824,210.02374499317224,212.3390350341797,28950800
2020-10-14,212.47241351746592,213.634819812789,208.78511664370075,210.43344116210938,23421700
2020-10-15,206.85095716605545,209.9570509713848,205.81240380006528,209.29010009765625,22733100
2020-10-16,209.7569584400469,211.79593084741057,208.96615460733648,209.29010009765625,26057900
2020-10-19,210.01423617140503,211.80548829345503,203.6305379900933,204.10693359375,27625800
2020-10-20,205.61232003857742,207.1081944892267,203.03024978890875,204.5166015625,22753500
2020-10-21,203.05884917539285,206.67945852332676,203.05884917539285,204.6595458984375,22724900
2020-10-22,203.8305991538514,205.86004890997927,201.70587900793112,204.7452850341797,22351500
2020-10-23,204.87865682982294,206.0696456336695,203.09694223156853,206.02200317382812,18879600
2020-10-26,203.75437998821897,206.12682049278558,198.27583123211025,200.162353515625,37111600
2020-10-27,201.601041693105,204.53563968121463,200.40053028187518,203.18267822265625,36700300
2020-10-28,197.86617409087873,198.98093820424964,192.55913393379967,193.1117401123047,51195600
2020-10-29,194.43608102293118,197.57075725259926,193.76911564184445,195.05538940429688,31432600
2020-10-30,193.89301013017186,194.64570878486924,190.19617560413607,192.91163635253906,36953700
2020-11-02,194.64572202379262,195.58899061431308,190.67258417511,192.77825927734375,30842200
2020-11-03,194.26456377162967,198.294865783627,193.53091060305985,196.6846466064453,27512000
2020-11-04,203.9163888850281,208.01339419763795,202.39191705851812,206.17449951171875,42311800
2020-11-05,211.5577293870567,213.53953661910697,210.70974588983486,212.74871826171875,36080100
2020-11-06,211.76738088350064,213.76824835120496,207.73707791171776,213.15846252441406,25231900
2020-11-09,213.84446802922895,217.35073281065687,207.5941598268988,208.080078125,44395000
2020-11-10,204.3737238814988,206.27930638855238,199.81938285271593,201.04847717285156,44045100
2020-11-11,202.3633349460173,207.7465997447503,202.18230228063123,206.3269500732422,29440800
2020-11-12,206.95577733475665,208.76607475027214,204.33560160583502,205.2693328857422,21593900
2020-11-13,206.1458902459224,207.15584652138176,204.04975265970353,206.28880310058594,18621100
2020-11-16,204.72623524216695,207.4607558021883,204.3927670537816,206.97482299804688,24953300
2020-11-17,205.89816337677536,207.40356052717445,203.9735212760541,204.33558654785156,24154100
2020-11-18,204.0967541671124,205.54879230047052,201.49837627647196,201.6416778564453,28372800
2020-11-19,201.92823201224948,203.5044470877142,200.54305652450964,202.92172241210938,24792700
2020-11-20,202.71162400059706,203.75288192230383,200.60999836163293,200.98255920410156,22843100
2020-11-23,201.5175550553518,202.79763464625645,198.85231384285595,200.71511840820312,25683500
2020-11-24,200.21827504753026,204.66990876691133,199.52092074668704,204.29734802246094,33979700
2020-11-25,205.49148995634454,205.66343437093508,202.95998889819435,204.3069305419922,21012900
2020-11-27,205.2431262455821,206.59963010957043,204.46933263042834,205.6061248779297,14512200
2020-11-30,204.52665850131285,205.1571359367757,201.41241802939734,204.4980010986328,33064800
2020-12-01,204.91833052753248,207.60269559230667,203.8102101922251,206.54232788085938,30904500
2020-12-02,205.27178751909085,205.83540256077225,203.28479159484732,205.7398681640625,23724500
2020-12-03,205.0138819825868,206.70474189587586,204.0968012194373,204.66043090820312,25120900
2020-12-04,204.6412697625912,205.74940448853005,203.64776463709416,204.77500915527344,24666000
2020-12-07,204.7846155323625,205.90229818692455,203.46633101945852,204.70819091796875,24620000
2020-12-08,204.40248092390664,207.24922820799597,203.37077062615214,206.35125732421875,23284100
2020-12-09,205.53922757237729,205.60608997626164,201.76585283805662,202.3294677734375,32440600
2020-12-10,202.30087296767672,203.55229500263158,200.9539165244717,201.1067657470703,26733300
2020-12-11,200.65776889930476,203.7815572928785,199.75979798803561,203.72422790527344,30979400
2020-12-14,203.57135650628612,206.54229514941832,203.36119251919632,204.62216186523438,28798400
2020-12-15,205.54877306906567,205.7875944368426,202.74979363543983,204.55528259277344,27000600
2020-12-16,205.14757883974474,210.2679101449516,205.11892143839012,209.4750213623047,35023300
2020-12-17,210.03862496314824,211.0130202858481,208.17582109364878,209.60874938964844,32515800
2020-12-18,208.81585693359375,209.8666768292249,206.3607807432557,208.81585693359375,63354900
2020-12-21,207.82240569921558,213.98399551182237,207.56447448034749,212.6370391845703,37181900
2020-12-22,212.7325592225708,215.5411013062933,211.93012279193636,213.92666625976562,22612200
2020-12-23,213.13378105049873,213.56365667587485,210.9270735405994,211.13723754882812,18699600
2020-12-24,211.51933959585654,213.6114174296126,211.30917559396767,212.7898712158203,10550600
2020-12-28,214.413857010838,215.92321005733746,213.04780555492192,214.90106201171875,17933500
2020-12-29,216.190709476844,217.02180339074613,213.58278353644175,214.12728881835938,17403200
2020-12-30,215.1589669166923,215.54108989426393,211.5670983865259,211.7677001953125,20272300
2020-12-31,211.78681782520988,213.0286920393946,209.857136802446,212.47462463378906,20942100
2021-01-04,212.57970992905,213.02869534095603,205.2049037044896,207.9561309814453,37130100
2021-01-05,207.54537125941306,208.74904060125732,206.05512786141864,208.15675354003906,23823000
2021-01-06,202.68292904615478,206.80976953034184,202.46321745578845,202.7593536376953,35930700
2021-01-07,204.46934784854162,209.53236504897438,204.1541163901864,208.52931213378906,27694500
2021-01-08,208.90181875821585,210.71686988995043,207.32560356953795,209.79978942871094,22956200
2021-01-11,208.7012361864748,209.1215641625514,207.0390340746721,207.7650604248047,23031300
2021-01-12,206.81930900323252,207.39248612899152,203.78150813560933,205.3195037841797,23249300
2021-01-13,204.45023357688456,207.0677068608454,204.3642467924793,206.66648864746094,20087100
2021-01-14,206.25567783589494,207.73637314720776,203.22742481387388,203.49490356445312,29480800
2021-01-15,203.97257256514928,204.91829592070977,202.5491918631282,203.14146423339844,31746500
2021-01-19,204.1922881817282,207.2778564550541,203.12237302041416,206.7620086669922,30480900
2021-01-20,207.9656955997527,215.69395347478093,207.57402496133145,214.3087921142578,37777300
2021-01-21,214.6526523255992,216.18111498034452,212.47460251731223,214.91058349609375,30709400
2021-01-22,216.9262332617842,219.7825421565969,215.70346898693128,215.8467559814453,30172700
2021-01-25,218.87502253781977,219.5055145049017,214.19412913094075,219.26669311523438,33152100
2021-01-26,221.49251241957313,223.7087673579532,219.7921052743459,221.94149780273438,49169600
2021-01-27,227.35795442856718,229.68885343646144,219.84940963622762,222.48599243164062,69870600
2021-01-28,225.0748279766649,231.79048419595736,224.5780754115442,228.24636840820312,49111200
2021-01-29,225.437858347954,227.377086987308,221.00533366135892,221.5880584716797,42503100
2021-02-01,224.54944639154158,231.65677408115855,222.0370404246548,228.9342041015625,33314200
2021-02-02,230.51044566483372,231.4752789882707,228.01714936865181,228.80047607421875,25916300
2021-02-03,228.85783699597903,234.1310043678899,228.56168613961896,232.13446044921875,27158100
2021-02-04,231.80960404543467,232.36367143508832,229.6219918883106,231.18865966796875,25296100
2021-02-05,231.3988051042703,232.40185780549683,229.66974066267514,231.37014770507812,18054800
2021-02-08,232.27774594319206,232.7840462717873,230.04238057809172,231.62815856933594,22211900
2021-02-09,231.0549435728777,233.81571861476473,230.58686291698683,232.8699951171875,23565000
2021-02-10,234.0449636571625,234.9238246286542,230.1187393980578,231.9624481201172,22186700
2021-02-11,233.8348114486024,234.18826246133182,231.32240561908912,233.5577850341797,15751100
2021-02-12,233.02278551420997,234.33153656401527,231.87644582707026,234.035400390625,16561100
2021-02-16,234.0736321982964,235.12445220145085,232.05797897515586,232.8031005859375,26728500
2021-02-17,231.0604595015452,233.92333243578818,230.69661025502367,233.81800842285156,21653500
2021-02-18,231.52004312224952,233.5594777102561,230.6200042346453,233.42543029785156,16925600
2021-02-19,233.38716644155568,233.4924904651733,229.96893508329921,230.72535705566406,25262600
2021-02-22,227.32629596320396,227.8146085025634,222.51971275294736,224.54000854492188,36446900
2021-02-23,220.53771150889756,224.84639771521285,219.0057283470669,223.35272216796875,30228700
2021-02-24,220.2313141829066,225.20066806135043,219.26425873805556,224.57830810546875,26339700
2021-02-25,222.21329667802732,224.61658067323245,218.19185941267452,219.25466918945312,39542200
2021-02-26,221.68671096867462,225.3634533466254,219.78130875334585,222.50057983398438,37819200
2021-03-01,225.87087537131603,227.374134963668,223.23778964286245,226.86666870117188,25324000
2021-03-02,226.9336896940317,227.21136873992538,223.52504280150532,223.92718505859375,22812500
2021-03-03,222.28989251072855,223.64952050590935,217.59820362700248,217.8854522705078,34029500
2021-03-04,217.1003434861413,222.60588703735615,214.72576809610288,217.09075927734375,44727800
2021-03-05,219.7621508732522,223.35272272073442,216.8322465833186,221.75372314453125,41872800
2021-03-08,221.5334915341693,223.44846319176875,217.473760970506,217.7227020263672,35267400
2021-03-09,222.9792721410801,225.37298636585098,221.82070802785924,223.84100341796875,33080500
2021-03-10,226.92416673270142,226.92416673270142,222.17503006378618,222.53887939453125,29746800
2021-03-11,224.97085693103975,229.0018637332939,224.3484824311404,227.04859924316406,29907600
2021-03-12,224.0612490943871,225.79431068260828,223.31441133153996,225.72727966308594,22653700
2021-03-15,224.97087162731992,225.19108927209567,221.95478256941098,224.82723999023438,26034900
2021-03-16,226.2347154915178,229.85401019615043,225.90917386646177,227.6039276123047,28092200
2021-03-17,226.11027106399007,228.40824580326876,223.31441421643075,226.96243286132812,29562100
2021-03-18,222.67290324082728,224.23360982563509,220.53771392160374,220.9111328125,34833000
2021-03-19,221.19836796447422,222.58671941704526,219.5993684724705,220.55685424804688,46430700
2021-03-22,220.48022735640262,226.82834735706786,220.35574954518918,225.95704650878906,30127000
2021-03-23,227.39327620756092,230.8019228428521,226.99113398082036,227.4794464111328,31638400
2021-03-24,227.73800598232168,227.881623009937,225.31556804938333,225.44961547851562,25620100
2021-03-25,225.29639873083224,226.86667476830124,221.72498099263913,222.4622344970703,34061900
2021-03-26,221.70581112778194,226.64644072075401,221.70581112778194,226.42620849609375,25479900
2021-03-29,226.53158032328759,226.7326587860595,222.0218300204716,225.23898315429688,25227500
2021-03-30,223.6016722632375,223.9080747520219,221.27498863058946,221.99310302734375,24792000
2021-03-31,223.00801949174152,228.9348588863674,222.51012278869996,225.74642944335938,43623500
2021-04-01,228.33162726205853,232.51583530133811,227.92948500151644,232.0466766357422,30338000
2021-04-05,232.4392252004619,239.33313398570488,232.38177839559694,238.48097229003906,36910600
2021-04-06,237.08303153236176,238.79692448358693,236.38407107170178,237.32240295410156,22931900
2021-04-07,237.27453885214405,240.26188968522158,236.68090236866658,239.2756805419922,22719800
2021-04-08,242.02368727871396,243.33543813605917,241.28641912944224,242.4832763671875,23625200
2021-04-09,242.1194446802093,245.1068104974857,241.70773277335192,244.97276306152344,24326800
2021-04-12,243.8812019063308,246.71536615587158,243.79501708514152,245.03018188476562,27148700
2021-04-13,246.32282985291565,248.17077061108847,245.91108871216403,247.50051879882812,23837500
2021-04-14,246.53347828165147,247.82606086125276,244.31210399676016,244.72381591796875,23070900
2021-04-15,246.96433046053886,248.87930225500537,246.7728508131826,248.46759033203125,25627500
2021-04-16,248.438834520983,249.9037865838757,246.6483408019082,249.6548309326172,24878600
2021-04-19,249.12823427121432,250.3633991429451,246.85899758557616,247.7398681640625,23209300
2021-04-20,246.85897737961304,249.13779808723464,245.9206308470202,247.2802734375,19722900
2021-04-21,247.93137119944473,249.59738711284092,246.3132178871805,249.5016326904297,24030400
2021-04-22,249.14738450102254,250.6506442962717,244.77168176983514,246.2366485595703,25606200
2021-04-23,246.91645610073897,250.3921344174807,246.33237453675008,250.04742431640625,21462600
2021-04-26,250.53572803261042,251.2825657582876,249.1090835974423,250.43038940429688,19763300
2021-04-27,250.45905562601865,252.00062254561348,249.06113491406884,250.83248901367188,31014200
2021-04-28,245.19299327086497,245.63345785365314,242.19607213269362,243.7376251220703,46903100
2021-04-29,244.59932929978729,245.21211962839484,238.41396459315484,241.7747344970703,40589000
2021-04-30,239.1225175880365,242.3205167691212,238.98847015559804,241.45877075195312,30945100
2021-05-03,242.62689597172758,243.53651917014565,240.4438295156719,241.15237426757812,19626600
2021-05-04,240.30026043767865,240.53006233524917,235.31175199390108,237.2554473876953,32756100
2021-05-05,238.47140072187236,238.89269679330795,235.36915621416165,235.99151611328125,21901300
2021-05-06,235.9723779697014,239.23740812996687,234.28720818218096,239.11293029785156,26491100
2021-05-07,241.43006529011436,243.488668753516,240.49173319330328,241.72689819335938,27032900
2021-05-10,240.2044969732533,241.02793547935957,236.613924640245,236.67137145996094,29299900
2021-05-11,234.15314965767922,236.11599842229506,232.25733191028016,235.76171875,33641600
2021-05-12,231.87437055128427,233.99042092732867,227.94868692583464,228.83914184570312,36684400
2021-05-13,231.52003537715683,235.15848380508328,231.1561861513427,232.69773864746094,29624300
2021-05-14,235.13935162363052,238.58629154857746,235.05318141277328,237.60008239746094,23901100
2021-05-17,236.06812840418084,236.10642140799038,233.16694758064864,234.75636291503906,24970200
2021-05-18,235.80001784180902,235.93406526132515,232.57328095548002,232.74563598632812,20168000
2021-05-19,229.66505988588793,233.4270699289617,228.98368329605674,233.32150268554688,25739800
2021-05-20,234.12761065425127,237.95679107071055,234.0316351278429,236.54603576660156,21800700
2021-05-21,237.59212984793598,238.3214941013183,234.87618630622384,235.28884887695312,21863100
2021-05-24,237.80326133368715,241.03744947626555,237.53454740378538,240.67276000976562,21411500
2021-05-25,241.62289316938077,242.56339203327786,240.7111840410449,241.5749053955078,17704300
2021-05-26,241.29656238462576,242.74571394261974,240.64397558156952,241.35415649414062,17771600
2021-05-27,241.04702994155994,241.3445335898177,239.20441394645133,239.26199340820312,24426200
2021-05-28,240.88390278376352,241.92037711076773,239.50193701442453,239.61709594726562,18270200
2021-06-01,241.10461065045544,241.16219011250507,237.00671606727997,237.42897033691406,23213300
2021-06-02,238.1295578675878,239.22361157042198,235.9318441224372,237.3330078125,19406700
2021-06-03,235.33684170241455,236.41169739236216,233.20631371426092,235.80709838867188,25307700
2021-06-04,237.77449268460606,241.50771294584385,237.53456846564782,240.682373046875,25281100
2021-06-07,239.90497213832194,243.84932608170533,239.74182545986196,243.5806121826172,23079200
2021-06-08,244.87620533819828,245.69195336357788,242.33300038153834,242.39059448242188,22455000
2021-06-09,243.58062603040793,245.23130558654012,243.00481677554484,243.36949157714844,17937600
2021-06-10,244.04128816987938,247.08352521054456,243.44628085125785,246.8723907470703,24563600
2021-06-11,247.5921468031884,248.0719951619915,246.26776064687272,247.49620056152344,18999700
2021-06-14,247.50577203830522,249.47316783765612,246.4500998151924,249.41558837890625,19150500
2021-06-15,249.30038033803766,249.51151476586116,247.29461791752257,247.94720458984375,18038900
2021-06-16,248.9452904420931,250.07772539314837,244.16600550777144,247.0067138671875,27220000
2021-06-17,245.74955009057246,251.2006205192293,245.6919706294516,250.38487243652344,27565500
2021-06-18,249.165980535688,251.72835351766628,248.32144301930524,248.97402954101562,37202200
2021-06-21,249.34840535412337,252.89926559620372,247.52498746898814,252.04515075683594,26696100
2021-06-22,252.13158041215058,255.07785703721004,251.82447036333875,254.80914306640625,24694100
2021-06-23,255.26973345347702,256.0758752225199,253.77260884130868,254.57875061035156,19518700
2021-06-24,255.43292067180403,257.0548107139266,254.77072749306174,255.94155883789062,21446900
2021-06-25,255.50006023392783,256.47894031384675,254.08930492861072,254.33880615234375,25611100
2021-06-28,255.46167788886962,258.06244785704735,255.1929639728323,257.88970947265625,19590000
2021-06-29,258.03366875564717,260.7016246346419,257.17955385033815,260.4617004394531,19937800
2021-06-30,259.7803139253489,260.42329434263524,258.7342479891088,259.9818420410156,21656500
2021-07-01,258.74374858171234,260.8838822315419,258.7341715326861,260.653564453125,16725300
2021-07-02,261.8244857323976,266.7957080842182,261.517375730034,266.4598083496094,26458000
2021-07-06,266.8244434060529,268.1104333301389,263.24476455954283,266.4693603515625,31565600
2021-07-07,268.13928056771834,269.37729764258523,265.9799627636496,268.6479187011719,23260000
2021-07-08,265.7399527520103,267.4962137332664,263.79177004494005,266.239013671875,24618600
2021-07-09,264.6075097912873,266.8435896621881,264.22363706383976,266.738037109375,23916700
2021-07-12,267.9089967844055,268.4943978499109,265.4329623197288,266.1431579589844,18931700
2021-07-13,266.33500707591065,271.4502066850758,266.21027111145844,269.65557861328125,26120100
2021-07-14,270.97037689383615,272.2275772639754,269.24290521159406,271.1239318847656,23113700
2021-07-15,270.634489804362,271.12394453030225,268.5519349217963,269.7035827636719,22604200
2021-07-16,270.7015596438309,272.6497420856426,268.1967369114395,269.43475341796875,26186800
2021-07-19,267.6881515110027,269.0701168852298,263.38872971350867,265.8455505371094,32935600
2021-07-20,266.82454376019746,269.6460551565443,265.1258906899996,268.06256103515625,26259700
2021-07-21,267.6593827064098,270.17378317649553,266.1142851990735,270.0586242675781,24364300
2021-07-22,272.4003154535662,274.8763494100788,271.9972592293282,274.6076354980469,23384100
2021-07-23,275.78804130305343,278.30244201944714,274.9531098439966,277.995361328125,22768100
2021-07-26,277.3523564681326,278.01454955841905,275.08748623115633,277.40032958984375,23176100
2021-07-27,277.76502450299625,277.9089731585834,271.54620828066527,274.99151611328125,33604100
2021-07-28,277.34276730213355,278.4560190983951,272.3907283274344,274.6844177246094,33566900
2021-07-29,274.70353348763825,276.9876159825094,274.5499785237899,274.95306396484375,18168300
2021-07-30,273.67668502240946,275.10662354630284,272.4674579665658,273.4271545410156,20944800
2021-08-02,274.8187321390319,275.2122112993794,272.3043314785068,273.3408203125,16267400
2021-08-03,273.91662898110934,275.6536775635122,272.55384686025644,275.548095703125,17879000
2021-08-04,274.6843567927207,275.99913642366494,273.17762613038536,274.9626770019531,16191300
2021-08-05,275.317855802354,277.95702231995693,274.56929337977533,277.8514404296875,13900200
2021-08-06,276.88206803398026,277.832158270537,276.0279240247651,277.79376220703125,16589300
2021-08-09,278.0721021873737,279.7995444289697,276.2102883577603,276.7093200683594,16117600
2021-08-10,277.16043936211105,277.5923146609027,273.7055541222731,274.89556884765625,18616600
2021-08-11,275.6345110192113,277.0260831007816,274.3389144756151,275.385009765625,13955900
2021-08-12,275.0779013971637,278.283285228758,274.79958112166787,278.1297302246094,14561300
2021-08-13,277.81300703201526,281.0951532950036,277.64023937005385,281.04718017578125,18249000
2021-08-16,281.3735085609403,282.93781903888737,278.3312568029692,282.7266845703125,22507600
2021-08-17,280.60574999790174,281.60381354222284,279.3485202964206,281.2679138183594,20075300
2021-08-18,280.80642126360254,283.47948483534077,279.1044871600753,279.54681396484375,21813000
2021-08-19,277.5852197511838,286.02748609208663,277.5371547943832,285.3544006347656,29850500
2021-08-20,288.1909333937579,294.0755159975354,286.5947836444188,292.6524353027344,40817600
2021-08-23,291.58510254818026,293.65239419132735,290.23896119987614,292.9312438964844,22830200
2021-08-24,293.287107016583,293.89287816648005,290.3832847329818,290.97943115234375,18175800
2021-08-25,292.59474421285233,292.8735972507259,288.86401745475416,290.3928527832031,20006100
2021-08-26,289.41214454966746,290.79675602594824,287.4506360780136,287.5852355957031,17666100
2021-08-27,287.4890486022759,289.29673726337023,285.4121315880625,288.19097900390625,22605700
2021-08-30,289.5371494430567,292.5179110830092,289.47945974336733,291.9121398925781,16348100
2021-08-31,292.7102186066526,292.7871284221074,289.9025261716433,290.2679138183594,26285300
2021-09-01,291.2197911507648,293.4505570216653,289.89286956645867,290.21978759765625,18983800
2021-09-02,290.5755767585639,291.69093033858195,288.6332593639689,289.5659484863281,16285600
2021-09-03,289.41214289266503,290.96022807123313,288.71024177108217,289.556396484375,14747900
2021-09-07,289.4314211233399,289.50833094869637,286.72951234837865,288.6333312988281,17180400
2021-09-08,288.2486568040006,289.04671710020153,286.0275156464967,288.662109375,15046800
2021-09-09,289.2486932805111,290.5179253274323,285.57562599791714,285.8160095214844,19927000
2021-09-10,286.9409832920089,288.38328426235665,284.01791177587137,284.335205078125,19633400
2021-09-13,286.1044357072228,287.0563743400453,282.7679114864811,285.56597900390625,23652900
2021-09-14,288.0370763979121,289.79669976756344,286.63324519977493,288.25823974609375,21853400
2021-09-15,291.59476661194844,293.5755240081629,290.21015551156955,293.0947570800781,28356300
2021-09-16,292.0755692493566,293.5659351711585,289.19096732817496,293.4794006347656,19550800
2021-09-17,292.469819016164,292.7871123350573,288.0082870289444,288.335205078125,41372500
2021-09-20,284.9313439067863,287.2294241436648,278.3833000222743,282.97943115234375,38278700
2021-09-21,284.316015013533,286.09485893371766,282.7583344959058,283.4602355957031,22364100
2021-09-22,285.31591264704196,288.6716559557154,283.1813066048117,287.0947265625,26626300
2021-09-23,287.35436759230095,289.32550004600563,286.08513599744964,288.03704833984375,18604600
2021-09-24,286.7582613035244,288.26784720291187,285.50824964587054,287.8351745605469,14999000
2021-09-27,284.74874621384953,285.0660395820949,281.67182509968364,282.8545227050781,23571700
2021-09-28,278.65247509756944,279.5947887568724,271.87367374951066,272.6140441894531,43186200
2021-09-29,274.1333463335849,275.73909166392633,272.1237438163445,273.0756530761719,26353700
2021-09-30,274.71984547108286,276.7582926672313,270.78717529668586,271.0756530761719,32343600
2021-10-01,271.26797413672585,278.8256468235506,270.4699138080857,277.9794921875,30086300
2021-10-04,276.3448372844205,276.68138001851474,269.46987576086445,272.2198486328125,31350700
2021-10-05,273.12380132576874,279.2295498910463,273.12380132576874,277.65264892578125,24993000
2021-10-06,274.7871740588591,282.3352215175468,274.5275704532508,281.835205078125,28002600
2021-10-07,283.8255329809802,285.229393421509,282.6140203768225,283.50823974609375,20430500
2021-10-08,284.82553632433496,285.229393421509,282.46017145140775,283.50823974609375,17685700
2021-10-11,281.6525631685585,286.50829832033395,281.489089470964,282.91217041015625,19298600
2021-10-12,283.9794400643769,284.0755993304145,281.10446287508915,281.61407470703125,17974100
2021-10-13,283.5658766549993,285.8447065852424,282.20048603583695,284.9120178222656,23416300
2021-10-14,287.700592428169,291.6044182903468,286.3736707555064,291.10443115234375,27262900
2021-10-15,290.71014559366176,292.7389973101157,288.96014691464524,292.5082092285156,25384800
2021-10-18,291.89281968974484,296.35432121688916,291.0466652595065,295.4697265625,22729300
2021-10-19,296.48897556115827,297.402415134152,295.4024375898514,296.37359619140625,17682100
2021-10-20,297.3158933508054,297.78706492240235,294.3351323484767,295.58514404296875,16537100
2021-10-21,295.35446184191204,299.0563448955344,294.57559217346744,298.8063659667969,16918100
2021-10-22,298.46017618446604,299.1236370552111,295.96018167739544,297.26788330078125,17449300
2021-10-25,297.46010317986077,297.4985727507945,294.6716608327069,296.2774353027344,17554500
2021-10-26,299.03708430610516,300.3832260837612,296.7294084953105,298.1813049316406,28107300
2021-10-27,303.8447410132644,313.55624018654,303.8447410132644,310.73895263671875,52588700
2021-10-28,311.8543467291355,312.37358336767323,308.9985892327168,311.87359619140625,26297900
2021-10-29,311.6620413582326,319.2293097590361,311.4408779594298,318.8639221191406,34766000
2021-11-01,318.61388266615893,318.73888677742633,313.81583753903345,316.700439453125,27073200
2021-11-02,317.6043237502232,320.6235548856837,317.30625052903974,320.31585693359375,26487100
2021-11-03,321.0561844849301,322.01771844825345,317.9311991041292,321.15234375,21500100
2021-11-04,320.0851008365663,323.59469443504923,316.8351108815185,323.49853515625,23992200
2021-11-05,325.4888877422965,325.75811609186775,321.556217155061,323.13311767578125,22570100
2021-11-08,324.3254169521455,324.661959731768,321.5754437081741,324.02734375,20897000
2021-11-09,324.1426973147689,325.69078224022303,321.6619526233949,323.02734375,21307400
2021-11-10,321.7004414585655,321.75813115179415,317.22931417120816,318.075439453125,25500900
2021-11-11,318.50815807964443,320.93121335247633,317.79663226365136,319.64276123046875,16849800
2021-11-12,321.07544724155895,324.2581224444753,320.95044312615977,323.7677307128906,23831000
2021-11-15,324.5561868329157,324.88310486387337,321.1811931834564,323.1427307128906,16723000
2021-11-16,322.767777728909,327.56585311043665,322.60433335521935,326.4504699707031,20886800
2021-11-17,326.49855034066394,329.6292527687157,325.59305251737624,326.67193603515625,19053400
2021-11-18,325.76646969293915,329.87975024868393,324.74538130798175,328.7430419921875,22463500
2021-11-19,330.06275288893943,332.4324456190178,329.63890158471446,330.5154724121094,21963400
2021-11-22,331.9700474366429,336.8346949958714,327.0861445993955,327.3558654785156,31031100
2021-11-23,324.67797163532214,326.9898989068096,321.31608766747587,325.28485107421875,30427600
2021-11-24,323.9361753313232,325.74717091105794,321.65317557932343,325.50634765625,21661300
2021-11-26,322.07714523413784,325.52572257561656,316.07581693557444,317.57855224609375,24217200
2021-11-29,322.6453479674589,326.58521266563037,322.4526776155602,324.2733154296875,28563500
2021-11-30,323.01143434180807,325.38112702645924,316.9137728395476,318.4550476074219,42885600
2021-12-01,322.82842346064837,326.8260839728482,317.2991304369134,317.9637756347656,33337600
2021-12-02,318.17571186769004,321.24861933110265,315.7674790215907,317.39544677734375,30766000
2021-12-03,319.80361098974385,320.4875701373592,306.3560498943982,311.15325927734375,41779300
2021-12-06,312.05881608344686,315.43034198292435,307.512071408828,314.2165832519531,30032600
2021-12-07,319.46652904482426,323.4738023613807,317.9830494801912,322.6261291503906,31021900
2021-12-08,323.0017714613644,323.1847994820111,318.6573106513333,322.67425537109375,24761000
2021-12-09,322.13480572641566,324.1384421698019,319.9288565931606,320.8728942871094,22214200
2021-12-10,322.6839669365227,330.4095678226741,322.5009388766094,329.9664611816406,38095700
2021-12-13,328.17469493292174,331.1705518397965,326.6334200526802,326.9416809082031,28899400
2021-12-14,320.9885647798209,322.35645407358095,312.2129483454999,316.2876892089844,44438700
2021-12-15,316.5478192168607,322.8863060342085,312.58869758926176,322.3661193847656,35381100
2021-12-16,323.38713456911813,324.3986100132093,311.16294216598374,312.97393798828125,35034800
2021-12-17,309.101507137352,312.993219650069,305.6047483392989,311.914306640625,47750300
2021-12-20,308.30189894992657,310.9509545801387,305.912951232269,308.16705322265625,28326500
2021-12-21,311.4231023950883,315.7001270429204,308.0611887532522,315.2762756347656,24740600
2021-12-22,316.24913921677904,321.36422365049356,313.7927533668709,320.96929931640625,24831500
2021-12-23,320.53581089915843,324.0422122425746,320.51655561829773,322.40460205078125,19617800
2021-12-27,323.1462915394775,329.90862784139654,323.11739392269027,329.8797302246094,19947000
2021-12-28,330.55397511958915,331.1897520042874,327.82786896299206,328.7237243652344,15661500
2021-12-29,328.77190728660776,331.6617864461058,327.2113772440582,329.3980712890625,15042000
2021-12-30,329.3595803926416,330.53479926844375,326.38300794269304,326.8646545410156,15994500
2021-12-31,326.08434561446063,326.90312120375734,323.5219825277928,323.9747314453125,18000800
2022-01-03,323.04032300520043,325.5930436513956,317.6747737807834,322.46234130859375,28865100
2022-01-04,322.5393874417457,322.89583055126775,314.1491135080895,316.93304443359375,32674300
2022-01-05,313.89872484330033,314.10103759223983,304.381412211663,304.7667236328125,40054300
2022-01-06,301.65527533473295,307.0015705102463,300.0562050121712,302.3584899902344,39646100
2022-01-07,302.61855190067536,304.88229679267107,298.7075838733872,302.5126037597656,32720000
2022-01-10,298.1295606763108,303.16759397911807,293.50576573261736,302.7341003417969,44289500
2022-01-11,301.8768158812795,304.9882339809429,298.5149321522782,303.4180908203125,29386800
2022-01-12,307.9360060688477,311.53871388357453,305.4410503583259,306.5873718261719,34372200
2022-01-13,308.7065406516053,309.1014943499301,292.84110213316677,293.6117248535156,45366000
2022-01-14,293.0819916388529,299.41083578565286,292.6003449804489,298.8135986328125,39846400
2022-01-18,292.9085692050015,298.4282204045511,290.6640795954702,291.5406799316406,42333200
2022-01-19,295.0469857795678,302.3872728547548,291.58876785242654,292.19561767578125,45933900
2022-01-20,297.7249746936836,300.2102576999121,290.08606825576,290.5291748046875,35380700
2022-01-21,291.57917037846426,292.9470300221771,284.7590392453866,285.16363525390625,57984400
2022-01-24,281.4743247041222,286.20406911697694,265.9171138006452,285.4912414550781,85731500
2022-01-25,280.8191672649652,284.16179518047517,274.70228017866594,277.900390625,72848600
2022-01-26,296.6846403493407,297.17592925056107,282.27378342148563,285.8186950683594,90428900
2022-01-27,291.5502640782282,296.01992832954136,286.9938775868818,288.8337707519531,53481300
2022-01-28,289.20946072810676,297.1566277790234,283.6416285034805,296.9447021484375,49743700
2022-01-31,297.6094269927924,300.91351540352434,295.124114232146,299.5649108886719,46444500
2022-02-01,299.01585004253747,299.2277757254821,293.92966304924204,297.4264221191406,40950400
2022-02-02,298.26442751039235,303.55289687211734,297.5419577332225,301.9538269042969,36636000
2022-02-03,298.12963558096607,299.8057859220167,288.94945155948216,290.1921081542969,43730000
2022-02-04,289.19021973386526,297.46490411870997,288.95903879189694,294.70989990234375,35096500
2022-02-07,294.9314984801919,296.54018169712276,288.8916311687313,289.9031066894531,28533300
2022-02-08,290.19208646707324,294.3438779498826,288.93981702301244,293.3805847167969,32421200
2022-02-09,298.4955679871646,300.4799490211271,296.1066203953312,299.786376953125,31284700
2022-02-10,292.879679406839,297.77319603906335,289.6622835734979,291.2806091308594,45386200
2022-02-11,292.06085534207085,293.12048369685596,283.4201145266006,284.21002197265625,39175600
2022-02-14,282.9865867276755,285.866852917156,280.65543402557785,284.17144775390625,36359500
2022-02-15,288.9975367703456,289.7585170595813,286.11727076561556,289.4406433105469,27058300
2022-02-16,288.0120371225755,290.42524925713894,283.484848801482,289.1028137207031,29982100
2022-02-17,286.07179689190673,286.4965245719969,279.9325995384942,280.63726806640625,32461600
2022-02-18,282.876732815773,283.65861124098427,276.37072190934305,277.9344787597656,34264000
2022-02-22,275.106174591051,281.4191455825817,274.6235321794877,277.73175048828125,41736100
2022-02-23,280.106319573653,281.5735712358109,270.3762623285836,270.54034423828125,37811200
2022-02-24,263.0498313930732,284.9135313013762,262.0941791874867,284.3633117675781,56989700
2022-02-25,284.8941789810283,287.2977287820881,281.5253148914239,286.98883056640625,32546700
2022-02-28,284.09296349755033,288.7553055184813,282.82844278237695,288.4174499511719,34627500
2022-03-01,286.11052230507653,289.5565974778105,282.00806027796443,284.71087646484375,31217800
2022-03-02,285.10651756719705,291.00442328606925,283.504170648304,289.76885986328125,31873000
2022-03-03,292.37513104919077,292.6067899776218,283.8419873820218,285.6470947265625,27314500
2022-03-04,284.07372012763096,285.3961558141852,277.20089590151974,279.7974853515625,32356500
2022-03-07,278.5136356085561,279.6333695655803,268.8607871426468,269.22760009765625,43157200
2022-03-08,268.1561220285429,274.1022802945537,260.6269119121218,266.2738342285156,48159500
2022-03-09,273.60034117475794,279.5464994060376,271.03267993001293,278.48468017578125,35204500
2022-03-10,273.194900626514,276.6506367973392,270.83960329634476,275.6756896972656,30628000
2022-03-11,277.9634022977425,279.4596114101484,269.7295241457534,270.3473205566406,27209300
2022-03-14,270.60798934145595,275.49232901217977,266.2449118112666,266.8433837890625,30660700
2022-03-15,270.6176832217213,277.8283640849266,269.05392607565614,277.1816101074219,34245100
2022-03-16,279.07349465678493,284.343971257443,273.36868699762886,284.17022705078125,37826300
2022-03-17,283.1084122705425,285.3478508163391,279.32448255840876,284.9714050292969,30816600
2022-03-18,285.1161798417101,290.5507382302181,282.5678431701578,290.0005187988281,43390600
2022-03-21,288.51398088334355,289.7205868535309,284.6624745949612,288.77459716796875,28351200
2022-03-22,289.3923936093338,294.4118867402999,288.39815136686497,293.5045166015625,27599700
2022-03-23,290.0777490123799,292.70332488596847,287.3845961318238,289.0931396484375,25715400
2022-03-24,288.75543693080044,293.6397778225319,287.9638959747384,293.5432434082031,24484500
2022-03-25,294.6339351738191,294.8945515047454,288.9001402281707,293.1377258300781,22566500
2022-03-28,293.7651722801995,300.01056743386323,293.7651722801995,299.9140625,29578200
2022-03-29,303.01261329342486,304.8563111504665,298.3213129462688,304.4605407714844,30393400
2022-03-30,302.86778951334975,304.9817657302456,300.76344611358445,302.96429443359375,28163600
2022-03-31,303.0029338565664,304.19990720218783,297.20159145457893,297.60699462890625,33422100
2022-04-01,298.630215389613,299.36384141537167,294.93318680550044,298.6784973144531,27110500
2022-04-04,299.3251418340904,304.1708606294997,298.9583289191664,304.0357360839844,24289600
2022-04-05,302.39472259793104,303.93918398521856,299.1127605612893,300.08770751953125,23156700
2022-04-06,294.59528689562205,296.3424501243935,286.4096607302466,289.1028137207031,40110400
2022-04-07,286.36141443806906,293.1087462850132,286.06217848359114,290.90789794921875,31411200
2022-04-08,290.01015328183416,290.6665398433151,285.99456517806084,286.6606140136719,24361900
2022-04-11,281.66048690117145,282.4519981244576,275.1061942358303,275.357177734375,34569300
2022-04-12,279.1989565504998,280.6468837008444,270.7527148401565,272.2682189941406,30966700
2022-04-13,272.91502579688114,278.5619192143064,271.53464592371415,277.63525390625,21907200
2022-04-14,278.0888615148956,278.3012253240348,269.62332542786766,270.1156005859375,28221600
2022-04-18,269.22764356722877,272.65439354264834,268.67742404587597,270.78173828125,20778000
2022-04-19,269.6813718730536,276.23566633729905,268.74504409244713,275.3958435058594,22297700
2022-04-20,279.35341939656814,279.64302251578187,275.46332277285063,276.4189453125,22906700
2022-04-21,278.56192980216474,283.11807613900845,270.33771228198214,271.0616760253906,29454600
2022-04-22,271.901421279217,273.3686730601937,263.8895690490661,264.5169982910156,29405800
2022-04-25,263.8027620781208,271.3512688528921,261.3702248757031,270.9748229980469,35678900
2022-04-26,267.86656753140664,268.6966984296061,260.6269305710984,260.83929443359375,46518400
2022-04-27,272.30682528051807,280.86889602974276,269.468885848349,273.387939453125,63477700
2022-04-28,275.28963271284965,280.8786411356231,271.689109042136,279.57550048828125,33646600
2022-04-29,278.59090237715037,279.81683323611406,266.9013146355611,267.8858947753906,37073900
2022-05-02,268.0693285407094,275.0483507224174,266.6310631057197,274.59466552734375,35151100
2022-05-03,274.10233066665234,274.26644208441866,270.4245970349058,271.9980163574219,25978600
2022-05-04,272.77989016075946,280.78211122173315,267.1233340856761,279.9133605957031,33599300
2022-05-05,275.627519716172,276.40939830190524,264.8163146554661,267.7218322753906,43260400
2022-05-06,265.2699283325795,269.5557954403699,261.85281170163194,265.1927185058594,37780300
2022-05-09,260.6848683023518,262.9050120493982,254.17885674013965,255.3950958251953,47726000
2022-05-10,262.25826345033016,264.24674803781596,255.86808196451094,260.144287109375,39336400
2022-05-11,256.45689072291424,261.93970200384274,250.298368214071,251.50497436523438,48975900
2022-05-12,248.74429806988636,250.85827461107095,241.3405637664361,246.48553466796875,51033800
2022-05-13,248.41604745652157,253.90852028725288,246.48547786985057,252.05516052246094,34925100
2022-05-16,250.9354956080161,256.5920813701669,246.9006111326629,252.4220428466797,32550900
2022-05-17,256.87193855498094,259.0148721108303,253.34865472681068,257.55731201171875,28828800
2022-05-18,254.46121977706724,255.0417455754485,244.56335973469547,245.83082580566406,31356000
2022-05-19,245.65667612599017,249.30429522500646,243.70226967132928,244.92135620117188,32692300
2022-05-20,248.8882164839808,250.1460272870901,238.43887034074822,244.36016845703125,39199300
2022-05-23,247.19504035705393,253.0099090514097,245.20190974301659,252.1875,33175400
2022-05-24,249.5170744267846,252.8453604471409,245.26959081148408,251.19088745117188,29043900
2022-05-25,249.7590402014901,255.98992698907475,248.78182219830612,253.99681091308594,28547900
2022-05-26,253.75487915760345,258.43773551666885,252.94215494918038,257.26702880859375,25002100
2022-05-27,259.7633362460875,264.4655336439164,258.873192668912,264.3687744140625,26910800
2022-05-31,263.6818188562503,265.8490837513658,260.1986934699792,263.0432434082031,37827700
2022-06-01,266.2651808958061,268.67432940880065,261.27270543224773,263.575439453125,25292200
2022-06-02,255.86413679429918,265.7329565705162,253.10666158963318,265.66522216796875,44008200
2022-06-03,261.5338887851949,264.5719571114333,259.6955816677973,261.2532958984375,28059000
2022-06-06,263.2270067357878,265.27817182436934,258.54415089491494,260.02447509765625,22400300
2022-06-07,257.9830113148334,264.2622909881243,257.3057264093207,263.6527404785156,22860700
2022-06-08,262.88842705123176,264.13655309709793,260.85660150666956,261.6306457519531,17372300
2022-06-09,259.086091675852,263.85602423310576,256.03836738291267,256.19317626953125,26439700
2022-06-10,252.1197571149294,252.1197571149294,244.33112762791936,244.7761993408203,31422800
2022-06-13,237.1520524259518,240.9351106086177,233.68828195632932,234.3945770263672,46135800
2022-06-14,235.94263445006774,237.76160149558388,233.6689256431726,236.55218505859375,28651500
2022-06-15,240.24817961274056,247.01124236384646,238.41954235569622,243.58616638183594,33111700
2022-06-16,237.99378942655406,239.3870394621926,235.1298996985269,237.01658630371094,33169200
2022-06-17,236.7553385108733,242.3670332514068,236.10709312767509,239.60955810546875,43084800
2022-06-21,242.13486575130284,246.47909535720655,241.40921581403924,245.50189208984375,29928300
2022-06-22,243.71196602157337,248.8205555049251,242.24131124964808,244.91171264648438,25939900
2022-06-23,247.27247956979176,250.9490941058249,245.39546270431345,250.4556427001953,25861400
2022-06-24,253.30985203926372,259.2795445759663,253.22277759883846,259.0086364746094,33923200
2022-06-27,259.5021360954201,259.58921056194794,254.73220331491711,256.2899475097656,24615100
2022-06-28,255.40940681520112,258.2442718055391,247.99809948086303,248.1529083251953,27295500
2022-06-29,249.22686932972684,253.46466940003842,247.45628183135534,251.81019592285156,20069800
2022-06-30,248.70442039452854,251.10391358347033,244.68916314620972,248.49156188964844,31730900
2022-07-01,248.06587863167437,251.33611640522454,246.34365576375197,251.15228271484375,22837700
2022-07-05,247.84330176827007,254.44188511131125,246.46940643072733,254.31610107421875,22941000
2022-07-06,255.18683261782502,259.2891631514389,253.88065714267475,257.56695556640625,23824400
2022-07-07,256.5124052718838,260.32448856109585,256.4156460435075,259.6859130859375,20859900
2022-07-08,256.19312462228805,259.3956571562315,254.74182482043682,258.9699401855469,19658800
2022-07-11,257.02518316379025,257.87661708581794,253.66784185070392,255.92221069335938,19455200
2022-07-12,257.2477138444937,257.3057634702687,243.8570440782721,245.4341278076172,35868500
2022-07-13,242.06712638955372,245.3180384343123,240.05465562247608,244.51498413085938,29497400
2022-07-14,242.43478974627138,246.85640858787121,237.95510651412596,245.83082580566406,25102800
2022-07-15,247.41756820782146,251.91659126646923,246.4984147054872,248.38510131835938,29774100
2022-07-18,251.3167481398981,252.3713557823353,245.07616196648328,245.9953155517578,20975000
2022-07-19,249.2172106364665,251.28774603986494,245.44383672914083,251.10391235351562,25012600
2022-07-20,251.46190980901676,256.2705517022864,250.5040612485148,253.7549591064453,22788300
2022-07-21,251.35545481408533,256.2898799710948,248.68505377050542,256.2414855957031,22404700
2022-07-22,256.6285035144892,256.71557796165024,250.65884004276222,251.9069366455078,21881300
2022-07-25,252.52616526089446,253.00993186101113,248.4721987897753,250.42660522460938,21056000
2022-07-26,251.4231277966496,251.44249735505653,241.46723382900603,243.72157287597656,39348000
2022-07-27,252.68091410129014,261.2822668545158,250.44591530173275,260.0148010253906,45994000
2022-07-28,260.99201791065275,268.8193560723427,259.1730512079758,267.435791015625,33459300
2022-07-29,268.68402502999385,272.8444066540802,267.6487572516535,271.62530517578125,32152800
2022-08-01,268.80005306751355,272.147709327751,266.8843268988861,268.98388671875,21539600
2022-08-02,267.0391735890701,268.8678255810628,263.53670799309106,265.8974914550781,22754200
2022-08-03,267.7744965070368,274.29566079302055,267.6293429063653,273.2991027832031,23518900
2022-08-04,272.65085351031576,274.58591997817257,271.07379914150016,274.4407958984375,18098700
2022-08-05,270.0869188049732,274.4408187197017,269.6321769661417,273.724853515625,16774600
2022-08-08,274.8277823787597,276.63709419104765,270.25136942756865,271.2189025878906,18739200
2022-08-09,270.5610006852255,273.8892877589125,268.5968799256363,273.1346130371094,23405200
2022-08-10,278.81406317438757,280.400802313646,277.6239866748656,279.77191162109375,24687800
2022-08-11,281.4069925671231,281.7552902911237,277.20790268722305,277.7013244628906,20065900
2022-08-12,279.1139854304459,282.4326171875,277.62397604955174,282.4326171875,22619700
2022-08-15,281.55214749764076,284.62889583747915,280.6910288186994,283.94195556640625,18085700
2022-08-16,282.51007032188716,284.4935315241321,280.9910653118464,283.2066955566406,18102900
2022-08-17,280.9280583220521,284.42828191151625,280.6662805490986,282.46002197265625,18253400
2022-08-18,281.36441282325103,283.0321034033775,280.2881560238518,281.34503173828125,17186200
2022-08-19,280.1136602196925,280.45302156557796,276.87524340040335,277.4472961425781,20570000
2022-08-22,273.5010941968334,273.86954199957296,268.7889154719794,269.30279541015625,25061100
2022-08-23,268.0325927734375,270.3789763942887,267.0242141584032,268.0325927734375,17527400
2022-08-24,267.0339265183886,268.79858174374715,266.74303270034477,267.4023742675781,18137000
2022-08-25,268.89556299786517,270.5341674761129,266.17102576018783,270.3693542480469,16583400
2022-08-26,270.5922729736932,271.8139618186625,259.8298830917029,259.9365234375,27549300
2022-08-29,257.76474402166747,259.26759223501574,255.82556976472725,257.1636047363281,20338500
2022-08-30,258.5596808701505,258.9280989361752,252.73245572753953,254.97219848632812,22767100
2022-08-31,257.3186614112336,258.986322342565,253.38211168370708,253.5178680419922,24791800
2022-09-01,250.9969258611679,252.9555101006961,247.64216387595837,252.4803924560547,23263400
2022-09-02,253.74089939007345,256.68842221316766,246.7307755662362,248.2724151611328,22855400
2022-09-06,248.40814439377215,249.98854598700117,244.27769525029933,245.5478515625,21328200
2022-09-07,246.95377791469627,250.95816170983366,245.51879346007277,250.2406768798828,24126700
2022-09-08,249.6783301329259,252.5095072886724,247.04103780727314,250.6575927734375,20319900
2022-09-09,252.57740555573184,257.1635625736853,252.37380057718096,256.4169616699219,22084700
2022-09-12,257.69683877692836,259.31606213090066,257.09569955467623,258.5403747558594,18747700
2022-09-13,250.96787929490384,252.48043254990552,243.93837399962155,244.3262176513672,33353300
2022-09-14,245.81932005500875,246.49802780038792,242.26093856628162,244.54916381835938,23913000
2022-09-15,242.1737066610615,243.75412313348235,236.5985823888046,237.91722106933594,31530900
2022-09-16,236.83129478142976,237.83967345913706,234.69820652512584,237.2967071533203,39791800
2022-09-19,235.09571807800603,237.68451311918642,233.5249921595804,237.0833740234375,26826900
2022-09-20,234.70786105738728,236.10405348666853,232.35175766820703,235.0762939453125,26660300
2022-09-21,236.84097880590735,240.12787756364517,231.634287475008,231.68276977539062,28625600
2022-09-22,230.63561584371612,236.44344631490495,230.3447516288207,233.65103149414062,31061200
2022-09-23,232.25482322354088,233.79647753038185,228.04681992346752,230.68409729003906,34176000
2022-09-26,229.84057996737735,234.10675645335732,229.69513305404854,230.22840881347656,27694200
2022-09-27,232.68144911431068,234.44610429031408,227.36811729613822,229.22003173828125,27018700
2022-09-28,229.60786226959718,234.95998588678188,227.5911198226186,233.73831176757812,29029700
2022-09-29,231.6246418655507,232.65240173626495,227.28089617254702,230.27691650390625,27484200
2022-09-30,231.0428450141116,233.224415436406,225.65194447106404,225.8167724609375,35694800
2022-10-03,228.2504653081486,234.26190138278793,227.52327510247312,233.41836547851562,28880400
2022-10-04,237.63603337433412,242.74576012730563,237.529378230904,241.31077575683594,34888400
2022-10-05,238.50868236825332,242.95908260476142,236.67616375353109,241.6210479736328,20347100
2022-10-06,240.38966069294162,242.72636855289312,238.59593389672287,239.28433227539062,20239900
2022-10-07,233.57346497384196,233.98070446797666,226.07856280672056,227.11602783203125,37769600
2022-10-10,225.96225028205052,227.426321306338,219.83445342266862,222.27781677246094,29743600
2022-10-11,220.69735939369207,222.0935668585732,217.29411479408543,218.55458068847656,30474000
2022-10-12,218.54488548684702,220.93007581576018,217.1486927519345,218.88424682617188,21903900
2022-10-13,213.163673728378,228.91945995498912,212.46557001660585,227.11602783203125,42551800
2022-10-14,228.37650806401442,230.02481774633813,221.39548484935546,221.60879516601562,30198600
2022-10-17,228.64795366917255,231.6924554615013,227.98862698827506,230.30593872070312,28142300
2022-10-18,235.84230688122926,236.5113093692739,228.21164843552518,231.2464599609375,26329600
2022-10-19,229.83086912144609,232.32271452181564,227.16450518293112,229.28790283203125,19985700
2022-10-20,228.59949308712024,233.97099766347205,227.72685605551754,228.96792602539062,21811000
2022-10-21,227.60083683054654,235.60961938988035,227.3681306457899,234.75637817382812,26299700
2022-10-24,236.34648327507583,240.30239936572295,233.96130792884753,239.7303466796875,24911200
2022-10-25,239.74003228091627,243.40506928448784,238.35353022692632,243.03663635253906,34775500
2022-10-26,224.13940416091688,231.05256356203466,223.06316209926047,224.28485107421875,82543200
2022-10-27,224.01331083114488,226.58272453377796,218.91328997470956,219.85379028320312,40424600
2022-10-28,219.35935977716164,229.40428130297192,219.17513588708474,228.69647216796875,40647700
2022-10-31,226.65060686599685,227.77533111378162,224.11998470584146,225.0701904296875,28357300
2022-11-01,227.46513499365747,228.57046367359217,220.41623277619496,221.23068237304688,30592300
2022-11-02,222.48141610977814,224.26545245124476,213.34789451187777,213.4060821533203,38407000
2022-11-03,213.3963618064245,213.70663669340686,207.4721856849331,207.73397827148438,36633900
2022-11-04,210.9336199205367,214.85074424296624,206.93891208084915,214.65682983398438,36789100
2022-11-07,215.23862721909845,221.46337409255833,214.55021392738465,220.93978881835938,33498000
2022-11-08,221.7445195376861,224.6047979139628,218.97150043107274,221.9093475341797,28192500
2022-11-09,220.45498033143147,221.67666935840754,217.50744250984388,217.6819610595703,27852900
2022-11-10,228.2698262443954,235.92957127818485,227.85291099807793,235.5902099609375,46268000
2022-11-11,235.5998964435155,240.4478303320997,234.57212203157073,239.59458923339844,34620200
2022-11-14,234.63035598513406,236.49196119049105,231.93490539453896,234.2037353515625,31123300
2022-11-15,238.18874022491158,239.48798322283633,232.7299608122821,234.6109619140625,31390100
2022-11-16,236.06936750623152,237.05141937467573,233.76497579414,235.03871154785156,24093300
2022-11-17,231.19807311445172,236.51666066871482,231.0522311596021,234.9901123046875,23123500
2022-11-18,236.76946659991202,236.99311072037338,232.4134803048627,234.54286193847656,27613500
2022-11-21,234.74705121223045,237.8973712159803,234.51370406585946,235.3498992919922,26394700
2022-11-22,236.84726378647278,238.5196542333606,234.04699418411522,238.24740600585938,19665700
2022-11-23,238.3251919634337,241.40744246425524,237.50844728562427,240.72682189941406,19508500
2022-11-25,240.46427230471662,241.81579547416155,239.900325357093,240.63929748535156,9200800
2022-11-28,239.26835904634282,239.82257338781716,234.13451381597585,235.06793212890625,24778200
2022-11-29,234.71787945747192,236.069402727706,231.61619326885713,233.67750549316406,17956300
2022-11-30,233.910875092645,248.26230347666475,233.2205218203915,248.0775604248047,47594200
2022-12-01,246.84270566954237,249.03042418074372,243.97436658880594,247.6400146484375,26041500
2022-12-02,242.9048189819058,248.9720820268652,242.77841272299736,247.96087646484375,21528500
2022-12-05,245.03415685713742,246.79406707607905,241.19349897491784,243.27426147460938,23435300
2022-12-06,243.8771473447241,244.88835294425144,237.03201078829815,238.3349151611328,22463700
2022-12-07,238.0529099537657,239.34609626164672,235.50543841413992,237.6056365966797,20481500
2022-12-08,238.06266840254827,241.854722806182,236.3319411296729,240.5518035888672,22611800
2022-12-09,237.92653108598594,241.43660437225947,237.40148518904434,238.62660217285156,20609700
2022-12-12,240.60042165743343,245.54952361837397,240.3281734246865,245.52035522460938,30665100
2022-12-13,254.44624097086364,256.61452370043395,246.0648533202343,249.80828857421875,42196900
2022-12-14,250.01248566170938,255.32134114124744,247.27053790250687,250.09999084472656,35410900
2022-12-15,246.69686389132764,247.16357301987648,240.49346176051932,242.1172332763672,35560400
2022-12-16,241.6699621291789,242.92424748334844,236.7694646066407,237.91680908203125,86102000
2022-12-19,238.08210589515767,238.42242358687312,232.1023480969562,233.79417419433594,29696400
2022-12-20,232.77322117622552,236.18607121939564,231.82035247090366,235.10679626464844,25150800
2022-12-21,234.99985605475112,238.82106381583225,233.4635897668888,237.66400146484375,23690600
2022-12-22,234.58175331390822,235.29155709825014,227.39631414751827,231.59674072265625,28651700
2022-12-23,229.57430859844388,232.25790450291396,227.46437751544144,232.1217803955078,21207000
2022-12-27,232.09262880735398,232.31625810648032,229.30207698528272,230.4008026123047,16688600
2022-12-28,230.33271426152407,233.08437961165026,227.6880046259404,228.0380401611328,17457100
2022-12-29,229.12702186965714,235.22346762933782,229.12702186965714,234.33865356445312,19770700
2022-12-30,231.61617551843796,233.31773420922855,230.10907771074054,233.18161010742188,21938500
2023-01-03,236.3513594820361,238.94745003778394,230.82857855768225,232.9482421875,25740000
2023-01-04,225.8503455985308,226.42401047503648,219.7052947992431,222.7583770751953,50623400
2023-01-05,220.91093644040888,221.25125412142148,215.62151720752513,216.1562957763672,39585600
2023-01-06,216.82721193090404,219.51080795719037,213.2782522890228,218.7037811279297,43613600
2023-01-09,220.18172344662707,224.8391416447206,220.14283719895346,220.8331756591797,27369800
2023-01-10,221.4554347527597,224.90717117777552,221.03734458217542,222.51527404785156,27033900
2023-01-11,224.88774240099133,229.41875426303784,224.71273203443783,229.24374389648438,28669300
2023-01-12,228.74784480479596,233.25940599267489,227.09490487805533,231.9078826904297,27269500
2023-01-13,230.43967280124468,232.74406478160432,228.41724688827324,232.60794067382812,21333300
2023-01-17,231.38282055332843,234.24144161412062,230.52717483814848,233.6969451904297,29831300
2023-01-18,234.88316097298835,235.6707371669467,229.00062672780834,229.2825927734375,30028700
2023-01-19,227.30882179875937,229.00066284863416,224.2946258083473,225.51002502441406,28623000
2023-01-20,228.3588944678233,234.07613627577243,228.0185768034781,233.57052612304688,35389800
2023-01-23,234.42620586269453,238.3835379806386,233.01633090813738,235.865234375,31934000
2023-01-24,235.78740702896604,237.1972669078359,233.78443184205133,235.3401336669922,40234400
2023-01-25,227.98946035242412,236.56532501803784,224.50855494302937,233.9497833251953,66526600
2023-01-26,236.90558287687787,241.43659421049372,235.30126202491022,241.1351776123047,33454500
2023-01-27,242.0977983186481,242.91454300523202,239.9975849790759,241.290771484375,26498900
2023-01-30,237.74181653285473,238.80165597851493,235.4957610418544,235.9916534423828,25867400
2023-01-31,236.71111179006792,241.0865482920522,236.22495217873632,240.95042419433594,26541100
2023-02-01,241.13520609235906,248.1164521150048,238.67523924937854,245.75372314453125,31259900
2023-02-02,251.65563166439156,257.36313992217566,250.12908358575305,257.275634765625,39940400
2023-02-03,252.35577763425286,256.8867894598402,249.98331599728726,251.19871520996094,29077300
2023-02-06,250.31389683270552,251.15007723406973,247.72752379068612,249.6624298095703,22518000
2023-02-07,253.31837383415902,261.3302762498554,252.88081823202182,260.1537780761719,50841400
2023-02-08,265.63758534134274,269.0990389029527,258.84105477373936,259.3466796875,54686000
2023-02-09,266.221081910891,266.39612198189866,255.5255668211164,256.3228759765625,42375100
2023-02-10,254.29068170390744,256.7798168982394,253.4447686061317,255.81723022460938,25818500
2023-02-13,260.2315944105398,266.9989295409681,259.7551376978075,263.8097229003906,44630900
2023-02-14,265.1223596801926,267.35868256455376,261.82618247447147,264.6361999511719,37047900
2023-02-15,261.54614998360546,263.89531203662176,259.46016095211655,262.5209045410156,28922400
2023-02-16,257.35473852825965,260.00607263961115,255.28826321666222,255.53195190429688,29603600
2023-02-17,252.8416369479222,253.5239473924271,249.53720422274546,251.54519653320312,30000100
2023-02-21,248.0555325957833,249.04004420591113,245.23849255398656,246.29122924804688,28397400
2023-02-22,247.6754527582978,247.91914146734575,244.02012212257884,245.16058349609375,22491100
2023-02-23,249.10829119149065,250.3559759296498,244.15653587973247,248.33824157714844,29219100
2023-02-24,243.64969909955178,244.66343747539474,241.83665470499022,242.92837524414062,24990900
2023-02-27,246.08655835575647,246.43747061453573,243.09405452761465,243.84461975097656,21190000
2023-02-28,242.78218154124548,245.141086337107,242.45075361028725,243.1233367919922,22491000
2023-03-01,244.42949575369053,244.59520227636006,239.58496345634046,240.0528564453125,27565300
2023-03-02,240.32576623774196,245.05331745079246,239.4094944705545,244.77064514160156,24808200
2023-03-03,245.82339261513917,249.16679413004076,245.04358587267618,248.84512329101562,30760100
2023-03-06,249.956359426143,253.55320692008516,249.517722752789,250.38525390625,24109800
2023-03-07,249.82963402877948,251.1845574289097,246.99310897042966,247.73391723632812,21473200
2023-03-08,247.62670114600144,248.11407854265232,244.47824732823858,247.2952880859375,17340200
2023-03-09,249.36174508099094,253.00731800229747,245.22877995450497,245.95010375976562,26653400
2023-03-10,244.74139919259653,246.40822131411622,241.34925717678098,242.3142547607422,28333900
2023-03-13,241.1543148292338,251.39899658512076,239.52647621107045,247.5097198486328,33339700
2023-03-14,250.2683263878219,254.479274792945,249.40079510161547,254.2063446044922,33620300
2023-03-15,253.41673923474747,259.7526448252449,252.66615907277222,258.7388916015625,46028000
2023-03-16,258.514689849532,269.57816182335324,256.6334203873444,269.2272644042969,54768800
2023-03-17,271.23531632980917,276.1773012168658,269.34428938591367,272.3757629394531,69527400
2023-03-20,269.9875366889346,270.47491398328793,263.0375317119125,265.3574523925781,43466600
2023-03-21,267.94058331388436,268.0575491212291,262.7158825243108,266.86834716796875,34558700
2023-03-22,266.497948625342,273.9450893595406,265.30874661401754,265.4159851074219,34873300
2023-03-23,270.92332074814243,273.9645506194871,268.25250241830935,270.650390625,36610900
2023-03-24,270.24101876130743,273.5454519039974,268.33050762928787,273.4869689941406,28172000
2023-03-27,273.4187255560144,274.35448184903447,268.56443586925224,269.4027404785156,26840200
2023-03-28,268.8275985161655,269.1687685997756,265.18199582572424,268.28173828125,21878600
2023-03-29,271.9175487241211,274.0425364680911,271.3814455656998,273.4284362792969,25087000
2023-03-30,277.0545067536676,277.2786812703255,274.3739316415299,276.8790283203125,25053400
2023-03-31,276.5671528059377,281.96727225154604,275.8555711889492,281.0217590332031,32766000
2023-04-03,279.286723502298,280.992544334595,276.78162637356223,279.97882080078125,24883300
2023-04-04,279.9787787723989,283.117489822551,278.45816395278734,279.9300231933594,25824300
2023-04-05,278.6336629350254,279.90083226436434,275.77763853693574,277.1617736816406,22064800
2023-04-06,276.06028813189846,284.70635812116194,274.91008465074276,284.2384948730469,29770300
2023-04-10,281.90875009189506,282.28891863830444,277.5223546944505,282.084228515625,23103000
2023-04-11,278.5360849095031,278.76028914263696,274.52985838680974,275.6897888183594,27276600
2023-04-12,277.60042049037634,279.7643772791171,274.84184782081707,276.3332214355469,27403400
2023-04-13,276.4306715348985,282.58137108364906,276.02129123451107,282.52288818359375,24222700
2023-04-14,279.75459555412215,281.197243201843,276.5281599154827,278.91632080078125,20987900
2023-04-17,282.61057160840295,284.2384247499491,278.93575776704006,281.50909423828125,23836200
2023-04-18,284.2092540026853,284.3944597878288,279.7643746535523,281.09002685546875,20161800
2023-04-19,278.7700813374877,281.7528282776957,277.3567049001675,281.1679992675781,17150300
2023-04-20,278.0487492496202,281.7333204424285,277.88302787911294,278.88702392578125,23244400
2023-04-21,277.81486288712955,279.0430336532182,275.9140792116014,278.5459289550781,21676400
2023-04-24,274.9685754009273,277.75638957147896,271.6836565150722,274.6566467285156,26611000
2023-04-25,272.45369257019934,274.49092630001803,268.41819388016194,268.4669494628906,45772200
2023-04-26,289.20977066358734,292.00731227294943,285.33999278918486,287.913330078125,64599200
2023-04-27,288.49811850361414,297.49511411918564,287.7962940057379,297.1344299316406,46462600
2023-04-28,296.335220680939,301.1309977099639,295.65288041191343,299.503173828125,36469600
2023-05-01,299.2204771506516,300.8093322076719,297.4464163049507,297.8460693359375,21294100
2023-05-02,299.9905085390908,301.3746435203023,296.237697087883,297.6998291015625,26404400
2023-05-03,298.8792887083803,300.819041090019,296.4131604465873,296.71533203125,22360800
2023-05-04,298.5088623937183,299.9905085390908,295.74056268414336,297.6998291015625,22519900
2023-05-05,298.00202238980415,304.09423955747224,296.58861610804354,302.80755615234375,28197100
2023-05-08,302.30067989163814,302.36891985995953,298.3626625741606,300.8580322265625,21318600
2023-05-09,300.22444953048654,302.2129574604757,298.5771116971217,299.24969482421875,21340800
2023-05-10,300.82875139238996,305.09818117929905,299.90275239684433,304.42559814453125,30078000
2023-05-11,302.2714311285641,303.2656701896078,298.5283767405059,302.2811584472656,31680200
2023-05-12,302.71008236022425,302.80756378679547,298.8598188614768,301.16998291015625,19774700
2023-05-15,301.2966551101867,302.07644689728147,299.82476613385916,301.6475524902344,16336500
2023-05-16,302.0082405576207,305.790293615096,302.0082405576207,303.8700256347656,26730300
2023-05-17,305.0716298231173,307.16214962437107,303.55743916918806,306.7420959472656,24315000
2023-05-18,307.2598287418547,311.665592368816,306.4685537852504,311.1575927734375,27276000
2023-05-19,309.4187276052405,311.38227715164794,309.05728471229986,310.98175048828125,27546700
2023-05-22,311.2357215634577,315.1334851097125,310.659362704621,313.7560729980469,24115700
2023-05-23,312.6326330108963,315.2604571188561,307.96312199673974,307.972900390625,30797200
2023-05-24,307.45521463229585,309.1842914063532,305.38419212471825,306.5955505371094,23384900
2023-05-25,315.7684901108892,319.3438949651791,312.6033903237595,318.3865661621094,43301700
2023-05-26,316.53043497879963,325.69362591247574,316.3936865085404,325.1954345703125,36630600
2023-05-30,327.4813593124993,327.9795506793169,322.88020682779495,323.55426025390625,29503100
2023-05-31,324.6093167826368,328.1749431768424,319.76394285514135,320.7994689941406,45950600
2023-06-01,318.3963251868189,325.82066191290807,317.2143019258067,324.8926086425781,26773900
2023-06-02,326.52404833423975,329.6989268894717,324.86333070355175,327.6474609375,25873800
2023-06-05,327.4715679849584,330.73436207197636,326.92451447409195,328.1749267578125,21307100
2023-06-06,327.5790489490728,327.61813272213266,324.49211655757586,325.9671936035156,20396200
2023-06-07,323.9841067025186,326.75845825838536,315.045609330463,315.9052734375,40717100
2023-06-08,316.45232513607897,319.0899281933469,315.8759662068324,317.7418212890625,23277700
2023-06-09,317.47800789711727,322.3624353785323,316.9114274266321,319.2364196777344,22529000
2023-06-12,320.98497863319494,324.4236341819199,317.6440473951295,324.1794128417969,24260300
2023-06-13,326.7388815445772,329.19087359317086,322.75320197847674,326.56304931640625,22951300
2023-06-14,326.61194558065387,331.2033200737011,325.1173117243528,329.5426025390625,26003800
2023-06-15,329.6793438273172,341.75363483053593,329.40581706772855,340.0538635253906,38899100
2023-06-16,343.1994581968657,343.3459850753044,334.04604484014123,334.417236328125,46552000
2023-06-20,331.4670609717045,334.1730234363889,328.0967936208768,330.2361755371094,26375400
2023-06-21,328.59499110748806,329.923570971666,324.3943951235906,325.8499450683594,25117800
2023-06-22,326.3969713207667,332.2582841920234,325.6350018399905,331.8577575683594,23556800
2023-06-23,326.6314665032556,330.14826075055646,325.7425268104143,327.2762145996094,23146900
2023-06-26,326.00625756335666,328.340998601614,320.8971352379601,321.0046081542969,21520600
2023-06-27,324.18919728458985,328.38004429209786,321.68837287006505,326.8365783691406,24354100
2023-06-28,326.9245702882871,330.16783795083114,326.09421148504384,328.0870666503906,20259500
2023-06-29,326.97337394490575,328.3410078355039,324.93168659890875,327.3055114746094,16997000
2023-06-30,329.94315115449086,334.8080527610433,329.4058759346282,332.6686706542969,26832800
2023-07-03,331.3498259032752,333.02029191600536,328.7903904255227,330.17755126953125,12508700
2023-07-05,327.3445947298887,333.7529619318794,326.99293022093957,330.3338623046875,18172400
2023-07-06,329.50353744833353,335.06201951292167,327.7451550984621,333.38177490234375,28161200
2023-07-07,331.47685037654594,333.8897591570252,329.210468483103,329.4253845214844,21214800
2023-07-10,326.8659348779879,327.48137758941004,320.0179571321777,324.1599426269531,32791400
2023-07-11,323.40771358997307,325.1660955778508,319.44156081618985,324.7851257324219,26698200
2023-07-12,328.8196854554752,333.75294560855826,327.91118903960694,329.40582275390625,29995300
2023-07-13,331.71130293570513,335.7946779702035,331.18377631501846,334.7396545410156,20567200
2023-07-14,339.55569712467894,343.30693463785855,336.3515132189097,337.260009765625,28352700
2023-07-17,337.68975478361295,338.9694723365567,334.2902125016096,337.7386169433594,20363900
2023-07-18,337.83625376752536,358.30201415620235,334.2608795546249,351.1805114746094,64738600
2023-07-19,353.388368189592,354.0819486228708,344.293565577068,346.8725280761719,39732900
2023-07-20,345.3974402048797,349.6957307761419,337.3869665581141,338.852294921875,33778400
2023-07-21,341.0795312759444,342.2029435229438,331.97495219760316,335.8238830566406,69405400
2023-07-24,337.85585009967554,338.9011247209187,334.3976671440658,337.1329345703125,26678100
2023-07-25,339.0867675369492,343.75630961701245,337.09394225294653,342.8673400878906,41637700
2023-07-26,333.5477989926325,336.70314999869004,325.41032580255074,329.9626159667969,58383700
2023-07-27,332.61000460063315,333.4403334728924,321.4441800463063,323.0755920410156,39635300
2023-07-28,325.95742277677743,332.1508737419497,325.46897998950345,330.54876708984375,28484900
2023-07-31,329.13228102338303,329.89425053304086,325.6545411607463,328.1553955078125,25446000
2023-08-01,327.44229185029457,330.7148646247149,325.98674182307207,328.5657043457031,18311900
2023-08-02,325.9183364890345,325.9183364890345,318.8163593371292,319.9300231933594,27761300
2023-08-03,318.4647184532504,322.25503950417715,318.4158860961526,319.1094665527344,18253700
2023-08-04,324.20878906184083,327.393445572908,319.67602568873457,320.20355224609375,23741500
2023-08-07,320.77999504238284,323.45665267514045,319.9496361249232,322.4797668457031,17741500
2023-08-08,319.40245810571645,321.15109140709956,315.53400007450387,318.51348876953125,22327600
2023-08-09,318.92387671073834,319.54906805843905,313.62914308212316,314.7818908691406,22373300
2023-08-10,318.4842099187915,320.6724537793776,313.75608752866935,315.46563720703125,20113700
2023-08-11,312.8573627235517,314.9576606059445,311.83161505156005,313.59002685546875,24355500
2023-08-14,313.9612471638397,316.5695147707091,312.68149972344554,316.54998779296875,18836100
2023-08-15,315.53404351386234,317.5757308061961,313.482577825794,314.4203796386719,16966300
2023-08-16,314.0483137596947,317.5921510091484,313.06936012593593,313.65673828125,20698900
2023-08-17,313.7938817302348,315.09587723168505,309.5549947446499,310.2109069824219,21257200
2023-08-18,307.8711670676138,311.679311641093,304.9930405423695,309.8193054199219,24755000
2023-08-21,311.23880256380994,315.9769357985516,310.3675491383052,315.1056823730469,24040000
2023-08-22,318.6494284839002,319.2172084832267,314.6944471815671,315.67340087890625,16084600
2023-08-23,317.00491418385315,322.2716918616051,316.65247518341954,320.11798095703125,21166400
2023-08-24,325.8447374700637,325.9720062281622,313.2260102293042,313.2358093261719,23281400
2023-08-25,314.70426538436715,318.5123799630537,312.09044570865603,316.1824951171875,21684100
2023-08-28,318.8061007178544,319.285778523708,314.94902032407407,316.8873596191406,14808500
2023-08-29,315.10563277299525,322.05621026150664,315.10563277299525,321.4981994628906,19284600
2023-08-30,321.75273907140877,322.86873080054954,319.57946057224274,321.8702087402344,15222100
2023-08-31,322.27160382501023,323.9456064626788,319.9025224771531,320.8619079589844,26411000
2023-09-01,324.3372334886783,325.0029150101556,319.9025732532159,321.7430114746094,14942000
2023-09-05,322.07580143984785,327.8026871669536,321.74296073160247,326.530029296875,18553900
2023-09-06,326.3636529709045,327.4209100280818,323.23098856949474,325.8741760253906,17535800
2023-09-07,324.31766657043397,326.0699726529211,322.10522105530004,322.9667053222656,18381000
2023-09-08,323.14290399792515,329.0851616119029,322.5261582327596,327.23492431640625,19530100
2023-09-11,330.1423266808703,331.2975147186897,328.3704229251338,330.8276062011719,16583300
2023-09-12,328.75228709732,329.7018735211136,324.50363099894156,324.7875061035156,17565500
2023-09-13,324.3371825636095,329.76059500536803,324.2001445661415,328.9872131347656,16544400
2023-09-14,332.01216654665086,333.68616913545833,329.4864789543326,331.5716552734375,20267000
2023-09-15,329.82917548465673,330.29905425690873,322.7121612017879,323.2701721191406,37679800
2023-09-18,320.90106058890035,323.4463465779978,319.4913646526402,322.1345520019531,16834200
2023-09-19,319.30533775178856,322.4575698240528,317.6802710436974,321.7331237792969,16505900
2023-09-20,322.5749952793276,322.65329841855345,313.76441328948476,314.0189208984375,21436500
2023-09-21,312.540838460042,318.50266425545,308.3704851953978,312.8051452636719,35560400
2023-09-22,314.5574539286877,314.68472270748657,309.49624944861836,310.3381652832031,21447900
2023-09-25,309.92703743147536,310.98432446171176,308.3705041858595,310.8570556640625,17836000
2023-09-26,308.4977104446982,309.2319257820145,303.49524107796117,305.5706481933594,26297600
2023-09-27,305.7272625333357,307.6851701509051,303.1722074325514,306.20697021484375,19410100
2023-09-28,304.4448112128742,308.8403337798226,302.93724397750015,307.0390625,19683600
2023-09-29,311.06258297495117,312.746384776468,308.35089159051364,309.10467529296875,24147300
2023-10-02,309.6235591310726,315.11550641477425,308.5467037935523,315.0273742675781,20570000
2023-10-03,314.0777619824239,314.6260036436558,304.6602303826851,306.79437255859375,21033500
2023-10-04,307.4208957324774,313.3044183025866,307.391528310135,312.24713134765625,20720100
2023-10-05,312.3743955953389,313.2456789043345,308.2725763744339,312.6387023925781,16965600
2023-10-06,309.8878196065806,322.2618102249638,309.6430811517103,320.3724365234375,25673600
2023-10-09,317.9152372482106,323.34841872912307,316.37827265710837,322.8785400390625,19891200
2023-10-10,323.99458765130214,324.1316555430621,320.7738506985827,321.47869873046875,20557100
2023-10-11,324.2393029495446,325.8154342155564,322.21289114367397,325.4238586425781,20063200
2023-10-12,323.6128199146543,326.608416662478,321.8017491013521,324.1903991699219,19313100
2023-10-13,325.3846793916084,326.8041445225291,319.49135820401887,320.8325500488281,21072400
2023-10-16,324.08259754489984,329.06549796997166,323.64208632259823,325.63916015625,22158000
2023-10-17,322.6533636519186,326.44190989346447,320.5192516418675,325.0713806152344,18338500
2023-10-18,325.49239077773996,328.5271540118079,321.3905713182834,323.1624755859375,23153600
2023-10-19,325.15947278983907,329.7899346500429,323.94557973464435,324.3469543457031,25052100
2023-10-20,324.73856573197526,324.934368448125,318.6005359720502,319.79486083984375,25027700
2023-10-23,318.620120705819,325.7273354388913,317.56286365993043,322.38909912109375,24374700
2023-10-24,324.3273615041399,324.8560048878325,320.7052505981055,323.5735778808594,31153600
2023-10-25,337.75860796598914,338.91379608217926,330.5143562790692,333.50018310546875,55053800
2023-10-26,333.3729254857893,334.4399815109655,320.05914822735156,320.9891662597656,37828500
2023-10-27,323.47578218507374,329.63341157441255,321.48850664252905,322.86883544921875,29856500
2023-10-30,326.39299310170355,332.3058824741977,324.84622935304117,330.2109069824219,22828100
2023-10-31,331.71846460217154,331.8653016809535,327.6460136572754,330.9940185546875,20265300
2023-11-01,332.6387311841403,340.1081537078223,332.5016633074158,338.78656005859375,28158800
2023-11-02,339.93194035995595,341.48847346531505,337.5139230484177,340.9892272949219,24348100
2023-11-03,342.27161121053757,346.9314407134558,340.01999961550734,345.3748779296875,23637700
2023-11-06,346.0112331411466,350.01515060483416,345.9133317859224,349.0263977050781,23828300
2023-11-07,351.83600759444016,354.83160398439014,350.1032700356418,352.9422302246094,25833900
2023-11-08,354.0680317747925,356.2119431597548,352.9618091115113,355.5560607910156,26767800
2023-11-09,354.67497835793193,357.1125938314782,352.77580544293505,353.098876953125,24847300
2023-11-10,353.8819973228906,362.3108050217642,353.47085345970584,361.8898620605469,28042100
2023-11-13,360.4704576936469,360.71519620357213,358.19927715146747,358.9628601074219,19986500
2023-11-14,363.20168005612413,364.1218990717547,359.61870535436486,362.47723388671875,27683900
2023-11-15,364.203659277244,366.0184055463694,360.11312341587404,362.6243591308594,26860100
2023-11-16,363.88979560921166,369.17708096054344,363.1246629725075,369.0005187988281,27182300
2023-11-17,366.4892814424939,367.23480603716206,360.0052770614011,362.80096435546875,40157000
2023-11-20,364.1448542442713,371.64904556813445,363.9290460653395,370.2463073730469,52465100
2023-11-21,368.5100775469122,369.049583062371,364.0467785330769,365.9596252441406,28423100
2023-11-22,370.7956031427492,372.5514954656195,367.8233538705503,370.6484680175781,23345300
2023-11-24,370.1383806452385,370.766197129462,367.99014782412655,370.2364807128906,10176600
2023-11-27,369.5989038114079,373.38535117738047,369.0299712724483,371.3940124511719,22179200
2023-11-28,371.1389381343408,375.70030662709087,370.9525569972749,375.4060363769531,20453100
2023-11-29,376.44590975621105,376.97559631702785,370.246355747745,371.6294860839844,28963400
2023-11-30,371.2763156204023,372.84582706432604,368.3138848477526,371.6883239746094,30554400
2023-12-01,369.57924804408185,370.95255911244834,364.23310896058763,367.37213134765625,33040500
2023-12-04,362.0652461744231,362.47722453595185,355.9834013927852,362.1044921875,32063300
2023-12-05,359.46578625799856,365.9693989437116,358.65158858882313,365.4200744628906,23065000
2023-12-06,366.42064545969674,367.0484320232483,361.0156519151652,361.7709655761719,21182100
2023-12-07,361.211844686289,364.37047528705625,359.33824414976533,363.8800048828125,23118900
2023-12-08,362.1633422956095,367.3230703614092,361.2118285564288,367.09747314453125,20154400
2023-12-11,361.4570668899954,364.51759731266617,359.12242306000167,364.2232971191406,27708800
2023-12-12,363.78190900979564,367.28387492110465,363.3993277208236,367.24462890625,24838300
2023-12-13,368.8533485777596,370.4424978188213,363.70340938140794,367.23480224609375,30955500
2023-12-14,366.19500581642444,366.63644114858533,357.18997650221536,358.9556579589844,43277500
2023-12-15,359.8581597688427,365.30236955673547,359.2990162951195,363.6642150878906,78502300
2023-12-18,362.4085541038235,365.89088161939304,361.65321060475327,365.54754638671875,21802900
2023-12-19,364.4096204886958,366.1459045410156,362.79107445668245,366.1459045410156,20603700
2023-12-20,367.852799906723,368.8631677330293,363.46799333439736,363.5562744140625,26316700
2023-12-21,365.45932148482285,367.27406804850153,362.9873613143247,366.420654296875,17708000
2023-12-22,366.55792471126443,368.02933580590116,365.606411005962,367.4407653808594,17107500
2023-12-26,367.8528339374102,369.75586165985493,366.3814226016606,367.5193176269531,12673100
2023-12-27,366.56778944423564,367.91167362196546,365.7045567045712,366.9405517578125,14905400
2023-12-28,368.215691956048,369.2849136866252,367.028762135636,368.1274108886719,14327000
2023-12-29,368.8337398258849,369.9716347431921,366.361779793351,368.87298583984375,18730800
2024-01-02,366.73448635273246,368.7356138207432,359.779620180644,363.8014831542969,25258600
2024-01-03,361.9769897820248,366.1459883616317,361.4865193608946,363.53668212890625,23083500
2024-01-04,363.6053166389914,365.9889954484458,360.1720240549271,360.9273376464844,20901500
2024-01-05,361.9377769668043,364.9688808551194,359.51485166672865,360.74102783203125,21004600
2024-01-08,362.26145091951054,368.0490259949179,361.9769996213989,367.5487365722656,23134000
2024-01-09,364.91979160608497,368.8239167777909,364.1154129764403,368.62774658203125,20830000
2024-01-10,369.1966857666869,376.84804200266086,369.1476507008414,375.4747009277344,25514200
2024-01-11,378.64313944413783,383.2339350900792,373.1302570741052,377.29925537109375,27850800
2024-01-12,378.1428865038529,381.272090274914,377.31889976513236,381.06610107421875,21661200
2024-01-16,386.1571295021332,386.5200727807335,380.2322391394401,382.83172607421875,27202300
2024-01-17,380.58537452394654,382.6747530191384,377.475779406989,382.0469665527344,22234100
2024-01-18,384.2541423864291,386.4808672893111,382.68463107425833,386.3631591796875,23392100
2024-01-19,388.21711414753673,391.0716552734375,386.0001785110236,391.0716552734375,29331100
2024-01-22,392.39587065468334,392.9844410357977,386.0884294177151,388.9527893066406,27016900
2024-01-23,388.2072839775827,391.7681035262422,386.42196470997874,391.2972412109375,20525900
2024-01-24,393.88696340305137,397.89900754206303,392.8177415608544,394.88751220703125,24867000
2024-01-25,396.6139674673759,399.25270045475327,394.858075159448,397.1534729003906,21021200
2024-01-26,396.66300059602537,398.4287118822507,394.75997317345707,396.23138427734375,17803300
2024-01-29,398.3207945584323,402.16609543170915,396.62375630100183,401.9110412597656,24510200
2024-01-30,404.4026783420674,405.17760004808207,398.70341448382425,400.8026123046875,33477600
2024-01-31,399.20363992935813,407.4043201802484,389.639467600293,390.0024108886719,47871100
2024-02-01,394.1714429462631,400.2238610760148,394.1420159186215,396.08428955078125,30657700
2024-02-02,396.11373185699847,404.78524558913676,395.86849663854684,403.38250732421875,28256700
2024-02-05,402.08760781050484,403.32360273614995,396.290244380319,397.9186096191406,25352300
2024-02-06,398.1442695260025,400.1944322717671,395.23087405866585,397.7616882324219,18382600
2024-02-07,399.67453429921477,406.4037740259386,399.6352882839393,406.1585388183594,22340500
2024-02-08,406.15849214322577,407.63972220628386,404.6674730294275,406.21734619140625,21225300
2024-02-09,407.3356632361391,412.79951062359436,407.17870911735395,412.5346374511719,22032800
2024-02-12,412.54443290280494,412.72099505038886,406.84516963028506,407.345458984375,21202900
2024-02-13,397.2221636270064,402.2543946406928,395.70171738557195,398.57586669921875,27824900
2024-02-14,401.03275815392834,402.77222335184723,397.59311635632974,402.4282531738281,20401200
2024-02-15,401.10153638347543,402.07445398469247,397.31792461353893,399.54876708984375,21825500
2024-02-16,400.92465682975353,401.2489827226472,396.48261574205486,397.0919189453125,22296500
2024-02-20,396.28606324841394,397.5145068330212,391.1462744848481,395.8438415527344,24307900
2024-02-21,393.269037314301,395.3524728813638,390.3698983938528,395.2443542480469,18518900
2024-02-22,403.1161508977741,405.7106076981084,401.52409308986324,404.55096435546875,27009900
2024-02-23,408.5017108463529,408.6884066709004,401.9172415297094,403.26361083984375,16295900
2024-02-26,404.3642838981377,405.05222425854834,400.3349831970826,400.51190185546875,16193500
2024-02-27,400.9541264549498,401.27845233828214,396.88553712565647,400.45294189453125,14835800
2024-02-28,401.14074888534077,402.2414291933376,398.33008524108385,400.6886901855469,13183100
2024-02-29,401.59296996753153,407.05708472019194,398.91987548490425,406.5067443847656,31947300
2024-03-01,404.17756158377745,408.6982397267373,403.7943028017663,408.3346252441406,17823400
2024-03-04,406.3101300793095,410.1527047870807,405.2094495475142,407.7646179199219,17596000
2024-03-05,406.821192843755,407.1062001502952,393.7309209213856,395.70623779296875,26919200
2024-03-06,396.02065166450416,398.17288679705825,391.51964845962806,395.15582275390625,22344100
2024-03-07,399.11635103541613,402.71323699020854,395.30325783772497,402.08428955078125,18718500
2024-03-08,400.9246137706761,403.34221201538827,397.357209279769,399.2146301269531,18002200
2024-03-11,396.7971025481086,398.68397503984977,394.34021545583295,397.5439758300781,16120800
2024-03-12,400.5904429995282,408.40335441215586,399.77476984156164,408.11834716796875,22457000
2024-03-13,410.88979275530687,410.96839994406946,404.3544792559954,407.9415283203125,17115900
2024-03-14,412.99286375239626,420.4421618629372,410.7816654727546,417.8869934082031,34157300
2024-03-15,412.0592402980969,415.31215606424155,405.6713345351322,409.2387390136719,45079900
2024-03-18,407.10616562272253,413.4744273628243,406.6442696787311,410.12322998046875,20106000
2024-03-19,410.62442124737834,414.39822603826195,408.38374152289526,414.1427001953125,19837900
2024-03-20,414.7225113763612,418.61421185332546,413.4056235884817,417.8968200683594,17860100
2024-03-21,422.41751294459345,423.39046066082557,419.7935742345306,421.9654541015625,21296200
2024-03-22,422.2897491598315,422.446963535343,418.7223444405752,421.3462829589844,17648500
2024-03-25,417.9066492539799,420.03924040543956,414.3392444656493,415.56768798828125,18060500
2024-03-26,418.2702405050307,418.64369211377476,414.08372560652526,414.3785400390625,16725600
2024-03-27,417.12045509904823,417.13029224439015,411.7841036640323,414.162353515625,16705000
2024-03-28,413.70042062857715,414.5947310272611,411.89215553357553,413.4645690917969,21871200
2024-04-01,416.6389267777452,420.51098325002465,414.9387501061958,417.24822998046875,16316000
2024-04-02,412.8650995128624,415.0959720756304,410.6342569413904,414.17218017578125,17912000
2024-04-03,412.49169510873463,415.960818454912,411.86271762245,413.19927978515625,16502300
2024-04-04,417.66095627375125,421.27751676074166,410.3689323931849,410.673583984375,19370900
2024-04-05,412.76686502075876,419.15477140454254,411.1060069616712,418.18182373046875,16554800
2024-04-08,417.8378979159273,419.91149627913853,416.00012113110665,417.26788330078125,14272400
2024-04-09,419.08592477391875,420.3634939121141,414.3490398303801,418.9286804199219,12496900
2024-04-10,414.90923013212864,416.7174952724338,412.4621804028437,415.9607849121094,16216600
2024-04-11,418.4766034449177,421.9653705491401,415.07625067131136,420.5502014160156,17966400
2024-04-12,416.73718451939897,417.84770230483133,412.53099493709567,414.624267578125,19253800
2024-04-15,419.2432392766727,419.45944655068297,406.30034426550657,406.5067443847656,20273500
2024-04-16,407.4206432860486,411.18458077665684,406.59513289625886,407.4304504394531,16765600
2024-04-17,410.054408065017,411.6563030616971,403.2537321874578,404.7377014160156,15855500
2024-04-18,403.5485840383649,404.786864609064,396.983789567324,397.2982482910156,21029900
2024-04-19,397.06245162548737,398.4874581931933,390.9103965002531,392.23712158203125,30565800
2024-04-22,393.18055056464544,395.90280071692837,388.9252352238132,394.0453796386719,20286900
2024-04-23,397.26876128202184,401.1604915950337,396.10911790196513,400.5413513183594,15734500
2024-04-24,402.4970536697523,405.3568737379943,399.76499652417516,402.00567626953125,15065300
2024-04-25,387.2348968478242,392.99385593125254,381.3383676792714,392.15850830078125,40586500
2024-04-26,405.0620796331898,405.8777529623426,398.76261744709456,399.3129577636719,29694700
2024-04-29,398.2614054374624,399.3129603314087,392.3059134087563,395.3131408691406,19582100
2024-04-30,394.5662389705951,395.2246979226767,382.45872189410846,382.6159362792969,28781400
2024-05-01,385.8393454420747,394.7922572147303,383.57902141142335,388.1291809082031,23562500
2024-05-02,390.80226783236736,393.0331103770738,387.84416635932274,390.9791564941406,17709400
2024-05-03,395.3426538326227,400.1286655648071,394.92988356397973,399.6471252441406,17446700
2024-05-06,401.7108501382599,406.7916755135943,399.36205183771864,406.4084167480469,16996600
2024-05-07,407.50911609687097,407.5189532422579,402.03516456718575,402.2808532714844,20018200
2024-05-08,401.13105042212936,405.1210326153664,399.6962067828019,403.4601745605469,11792300
2024-05-09,403.48962134136315,405.60253803694064,402.04497067197207,405.2094421386719,14689700
2024-05-10,405.81873052839654,408.2166544093559,404.69837576819543,407.5876770019531,13402300
2024-05-13,410.8013229086305,411.13545592488975,403.7353138522874,406.5852966308594,15440200
2024-05-14,404.9145973369448,410.29026696650755,404.4527014093116,409.3763122558594,15109300
2024-05-15,411.43396907005973,417.25252925056685,410.81371203905996,416.5338134765625,22239500
2024-05-16,415.2736305334928,418.8376448328751,413.8460838814957,414.4761657714844,17530100
2024-05-17,416.0021869426872,416.3763121358098,411.5619590644,413.7082214355469,15352200
2024-05-20,413.7082502471213,420.1667475860199,413.49165301735496,418.7588806152344,16272100
2024-05-21,420.22581467067795,426.27082729608003,418.2764696581723,422.4016418457031,21453300
2024-05-22,423.43539455106486,425.71950537683756,420.5212017999642,423.8587341308594,18073700
2024-05-23,426.2708180980622,426.89107515061806,418.83764844643395,420.3931884765625,17211700
2024-05-24,420.58022514023406,424.39034103334086,417.84324041258554,423.5042724609375,11855300
2024-05-28,422.98250841239616,424.1540984130066,419.99939161518114,423.6618347167969,15718000
2024-05-29,419.1034664398289,424.27223522977,419.1034664398289,422.5296325683594,15517100
2024-05-30,417.7349403773821,417.7349403773821,407.8305976923989,408.25396728515625,28394500
2024-05-31,410.3017776619535,410.3017776619535,398.2511723788605,408.70684814453125,47995300
2024-06-03,409.10064418608687,409.98671278257075,402.59293289369214,407.1217346191406,17484700
2024-06-04,406.0486602967713,409.9966250957063,403.3412097338974,409.6323547363281,14348900
2024-06-05,411.3454112041521,417.5183874951578,409.8587651411263,417.4494934082031,16988000
2024-06-06,417.449510532203,418.7293842506858,414.0725584079514,417.95159912109375,14861300
2024-06-07,419.60557647742206,419.6843254469309,416.45507688003147,417.29193115234375,13621700
2024-06-10,418.12879037210877,421.45646767892094,417.33132559781046,421.2497253417969,13982900
2024-06-11,418.8967715885156,426.1231998343133,418.67031944713443,425.9853515625,14551100
2024-06-12,428.58444890305617,436.5394165910894,426.54647009815636,434.2356262207031,22366200
2024-06-13,434.0289338170149,436.52964196122593,432.57182236972,434.74761962890625,15960600
2024-06-14,431.4986893853765,436.2835084137765,429.9628289677156,435.7223205566406,13582000
2024-06-17,435.7419888452348,443.96279884211964,433.90092737019853,441.43255615234375,20790000
2024-06-18,442.7518432687409,443.1752129183503,438.00644366410285,439.4339904785156,17112500
2024-06-20,439.3945559147101,439.6210080275433,434.4423844149745,438.8038635253906,19877400
2024-06-21,440.45787995794916,443.6083496603445,439.60134591371855,442.82073974609375,34187100
2024-06-24,442.84045705555275,445.74482519591487,439.5029244573709,440.7434387207031,15913700
2024-06-25,441.3143898379412,444.4353547941903,439.83759879553867,443.9726257324219,16413400
2024-06-26,442.05279974277113,446.5816317625772,441.25533495755695,445.1639099121094,16507000
2024-06-27,445.18358463488477,449.1118693221635,444.7799248025884,445.8432312011719,14806300
2024-06-28,446.05981801420484,448.33407381119525,439.5028621939787,440.0345153808594,28362300
2024-07-01,441.71806471797646,450.2932899171113,438.7644825324962,449.6632080078125,17662800
2024-07-02,446.18782328625804,452.4789376582484,446.09918938158694,452.1737365722656,13979800
2024-07-03,451.1005881786126,453.88678735468443,450.79538710423196,453.6406555175781,9932800
2024-07-05,452.49864781422883,461.1034381760004,451.86856586852235,460.3256530761719,16000300
2024-07-08,459.33123257528905,460.46346308739743,457.2735739768986,459.0260314941406,12962300
2024-07-09,459.77431483044427,460.09919566591896,450.9135678636905,452.42974853515625,17207200
2024-07-10,454.0837473649462,459.24266153927346,451.76024698147666,459.0359191894531,18196100
2024-07-11,455.8165594696292,457.5886969775325,444.56338714463874,447.6646728515625,23111200
2024-07-12,447.3003093014831,449.29889867197954,443.67725577045155,446.5323791503906,16324300
2024-07-15,446.28627396172595,450.185024234339,444.44521246679955,446.9360656738281,14429400
2024-07-16,447.19204922721934,447.27079820143007,439.7490242805094,442.56475830078125,17175700
2024-07-17,435.74198947896895,437.9670310742686,432.38474735385836,436.6575927734375,21778000
2024-07-18,437.46494130393756,437.7701424222079,427.67873564964367,433.5563659667969,20794800
2024-07-19,426.39883667006126,434.3144456334854,425.31585048613374,430.3467712402344,20940400
2024-07-22,434.95437784378936,437.7208974938516,432.1189340633458,436.0865783691406,15808800
2024-07-23,437.0316974699668,441.45224583194545,436.24408758502966,437.9670104980469,13107100
2024-07-24,433.6351033912307,434.64916540683873,420.9740654607642,422.2637939453125,26805800
2024-07-25,422.1653487650477,423.14987619224735,411.05005574464656,411.92626953125,29943800
2024-07-26,411.72938578526725,422.28352110182095,410.8137524352177,418.6899719238281,23583800
2024-07-29,424.90231413559286,425.46350195400487,418.1287909882396,420.12738037109375,15125800
2024-07-30,421.1020622928212,422.4114705197089,410.90234276735913,416.3763427734375,32687600
2024-07-31,413.9937725831716,415.2539664560443,405.8320320070505,411.8770446777344,42891400
2024-08-01,414.27930323794226,420.8460843318748,406.69843005351635,410.6562194824219,30296400
2024-08-02,406.10766494731143,408.57883813707474,398.08377329176966,402.1695556640625,29437900
2024-08-05,383.1485558976655,394.83489176821496,379.6140759587015,389.0360107421875,40709200
2024-08-06,393.8109209877184,399.39320401269043,392.3341300340145,393.42694091796875,24946500
2024-08-07,402.3173055349637,403.7349973998657,391.32012086399686,392.2652587890625,20650900
2024-08-08,396.2131882314223,399.58025493530266,393.75186986205176,396.4593200683594,20203000
2024-08-09,397.7786538479972,401.7364436734394,396.0360509489269,399.73785400390625,19276700
2024-08-12,400.76175687200634,402.4354656198074,397.9853821448799,400.515625,16762900
2024-08-13,403.2525628062739,408.5296451452922,403.23288307516907,407.60418701171875,19414300
2024-08-14,408.38197108714223,411.2568044389076,406.0683556338293,410.41009521484375,18267000
2024-08-15,414.0495635460023,415.34161674551206,411.9388929382302,415.2627258300781,20752100
2024-08-16,414.83859034033384,415.5684441235936,411.5837759699612,412.7377624511719,22775600
2024-08-19,413.22102581055816,415.97281647426513,410.7552711189502,415.7558288574219,15234000
2024-08-20,415.92353667507666,420.0265262237166,415.86436096713305,418.9810485839844,16387600
2024-08-21,418.27087232284174,420.5590998224222,415.9432144212139,418.330078125,16067300
2024-08-22,418.54707521874735,420.94381179948715,408.9306313403218,409.8577575683594,19361900
2024-08-23,411.2681797994915,413.51694694228206,406.4451490290269,411.0807800292969,18493800
2024-08-26,410.6665125068156,411.5640508373135,405.7054152115458,407.8259582519531,13152800
2024-08-27,407.2046168469379,408.68406980179446,404.6303831532702,408.17120361328125,13492900
2024-08-28,409.19692623598894,409.315277644923,401.73061382710534,404.9755554199219,14882700
2024-08-29,409.2561363555491,416.26872882049446,404.975589475056,407.4610595703125,17045200
2024-08-30,409.9071119024553,411.7712070065085,406.48464280287084,411.426025390625,24308300
2024-09-03,412.18542969380115,414.1284456363182,401.45446023053216,403.8314514160156,20313600
2024-09-04,400.3498254636215,405.6068015782242,398.830912042889,403.2988586425781,15135800
2024-09-05,402.0363656944642,407.44131080829675,400.56678553175374,402.79583740234375,14195500
2024-09-06,403.45661559720963,405.0248318616353,395.30975302270036,396.19744873046875,19609500
2024-09-09,401.6616132591262,403.0523026786457,396.64133973593033,400.1624450683594,15295100
2024-09-10,402.6084339185776,410.62704280907684,402.1152829853601,408.5262451171875,19594300
2024-09-11,409.8084532189213,418.1821469994098,403.9695325309428,417.24517822265625,19266900
2024-09-12,417.51145302107784,421.5158363092752,414.0002206806835,421.1509094238281,17395700
2024-09-13,419.9969653323754,425.9147773030141,419.63203841011375,424.6917724609375,15874600
2024-09-16,424.7016342113202,427.5914917589124,422.3542307072933,425.4314880371094,13834700
2024-09-17,434.1997005769437,435.79750485485505,426.3487157034463,429.18927001953125,18874200
2024-09-18,429.04136013434226,430.05724996700025,424.5142376703877,424.90875244140625,18898000
2024-09-19,435.18603209956774,435.4523227974912,430.9153276838819,432.6808166503906,21706600
2024-09-20,431.23091793236443,433.22323693457605,428.27201223229315,429.3076171875,55167100
2024-09-23,428.3311884542686,430.48131937501944,424.4944897103184,427.5717468261719,15128900
2024-09-24,427.0687217553129,427.4139334394583,420.2632446802758,423.29119873046875,17015800
2024-09-25,423.94215074360574,427.1870925626301,422.69943076362244,426.19091796875,13396400
2024-09-26,429.1301061037402,429.3372210826113,423.251754987828,425.4018859863281,14492000
2024-09-27,425.60900874647825,425.9345052473445,421.61449786891575,422.1569519042969,14896100
2024-09-30,422.3443332995087,424.52408219664926,419.54323948144145,424.40570068359375,16807300
2024-10-01,422.58108089859957,422.61066875300435,413.07311568923785,414.9273681640625,19092900
2024-10-02,416.7914034366954,417.02813633754084,411.00181665833355,411.41607666015625,16582300
2024-10-03,411.9092940444477,413.8029769595959,408.6150490966078,410.834228515625,13686400
2024-10-04,412.5109097932594,414.00023534021534,409.28571331626097,410.36077880859375,19169700
2024-10-07,410.3015550074602,411.3963355742429,403.3974423030078,403.9300537109375,20919800
2024-10-08,405.27145839926953,409.966265233936,402.57887338489604,409.0292663574219,19229300
2024-10-09,410.16348810998284,414.6215919010832,408.62485957486433,411.7415771484375,14974300
2024-10-10,409.54216908706456,411.63312440285347,407.49064417755886,410.143798828125,13848400
2024-10-11,410.4396908978323,411.41612015597997,407.589263932771,410.6172180175781,14144900
2024-10-14,412.0473312101826,418.2314633461143,411.80075573680847,413.3985900878906,16653100
2024-10-15,416.3969398711013,416.69284850861214,409.57174739931537,413.0040588378906,18900200
2024-10-16,409.4829836231505,410.65665522282575,404.85722518493617,410.4199523925781,15508900
2024-10-17,416.57450753710987,416.7126042679644,409.8972536844407,411.01177978515625,14820000
2024-10-18,411.42598973201757,413.9015870376485,410.55803924257515,412.4320068359375,17145300
2024-10-21,410.41992101582053,413.22101465794185,408.08239044719204,413.0434875488281,14206100
2024-10-22,412.7574384780567,424.6818238542566,412.3136207193651,421.6539001464844,25482200
2024-10-23,424.9580432083023,425.17503084101816,416.74216121867397,418.7838134765625,19654400
2024-10-24,419.5038054447286,420.1449258075998,416.61394788419994,418.91204833984375,13581600
2024-10-25,420.9142122484759,426.5952907757042,420.72681247783265,422.28515625,16899100
2024-10-28,425.7470479380857,426.02321124416125,420.46045452237,420.7464904785156,14882400
2024-10-29,422.1372070838931,427.23640107681365,419.96733089551304,426.0331115722656,17644100
2024-10-30,431.4479095602445,432.4933871760131,426.1810609771617,426.60516357421875,29749100
2024-10-31,409.6703426075015,410.4594021869807,400.7344498042727,400.7837829589844,53971000
2024-11-01,403.40736208449033,409.80845197934053,401.9180365381017,404.74871826171875,24230400
2024-11-04,404.18650910637746,404.7980415718176,400.01447130701087,402.8648681640625,19672300
2024-11-05,402.77615238186627,409.21670338911827,402.4901163672762,405.8238220214844,17626000
2024-11-06,406.77066424480597,414.69066771455005,404.8966664565658,414.4243469238281,26681800
2024-11-07,415.5092700597973,421.0029789570154,414.12845339700306,419.6024169921875,19901800
2024-11-08,419.49390152577604,420.65773046119216,416.0023846199846,416.7519836425781,16891400
2024-11-11,416.7322894657105,418.99092936118404,410.301611581567,412.2840881347656,24503300
2024-11-12,412.5207686609151,418.6259798148705,411.485163708279,417.23529052734375,19401200
2024-11-13,415.8643474786666,423.4489813965326,412.4813090867046,419.3755798339844,21502200
2024-11-14,419.1782640703695,422.30485401323415,414.24675508130633,421.0423889160156,30246900
2024-11-15,414.0692593490907,417.00841966551917,407.97392100075103,409.3152770996094,28247600
2024-11-18,409.1870572477352,412.66870168958155,406.45501186857297,410.06488037109375,24727000
2024-11-19,407.4511618868994,412.2150169012381,405.912533336808,412.06707763671875,18133500
2024-11-20,411.1596854793811,411.57394553855335,404.9558378403451,409.798583984375,19191700
2024-11-21,414.5818162626976,414.85853235917494,405.47980199521203,408.029541015625,20780200
2024-11-22,406.547145598137,412.50644943843054,406.2407824115055,412.11114501953125,24814600
2024-11-25,413.47502162484585,416.14334939960656,409.986407674439,413.8802185058594,27691100
2024-11-26,414.67083643959046,424.0100592534212,413.9395216510503,422.97235107421875,23458900
2024-11-27,420.12605489536344,422.22122564388053,417.07228524559736,418.0309143066406,18332400
2024-11-29,415.1649061905191,419.89875718802,412.9017454606376,418.4953918457031,16271900
2024-12-02,416.62759418862754,427.92358362660957,416.37063273208213,425.9272766113281,20207200
2024-12-03,424.8006430250728,427.3998142862311,422.72525694948587,426.14471435546875,18302000
2024-12-04,427.95320145991604,434.5153692878957,427.5578970490266,432.291748046875,26009400
2024-12-05,432.78587611481566,439.4468472719849,431.05639296725934,437.4307556152344,21697800
2024-12-06,437.1145294101148,440.8699968788184,436.5907442566123,438.3696594238281,18821000
2024-12-09,437.4110061952819,443.0738089240489,435.3356203613735,440.7908935546875,19144400
2024-12-10,439.1800467406791,444.34871163189086,436.42274787532307,438.1324462890625,18469500
2024-12-11,438.8440482605507,445.07020661100427,438.8440482605507,443.72613525390625,19200200
2024-12-12,443.84472286141465,450.8120883738138,443.84472286141465,444.2894592285156,20834800
2024-12-13,443.18251083945466,446.13744655491615,440.3560256752725,442.0262145996094,20177800
2024-12-16,442.02626356510217,446.8787030896928,440.0596036741231,446.2956237792969,23598800
2024-12-17,445.72242348242105,449.95224407864544,444.2993034538041,449.1319580078125,22733500
2024-12-18,446.02876338491484,447.34315728839636,431.89639748062007,432.2620849609375,24444500
2024-12-19,436.4425256398133,437.98423408144293,431.2046739034814,431.9063415527344,22963700
2024-12-20,428.03227991601136,438.5376604876813,423.6048219518138,431.48138427734375,64263700
2024-12-23,431.61967744219925,432.5190122773264,427.7555144226145,430.14715576171875,19152500
2024-12-24,429.55422661934296,434.44620567192754,429.0996280307953,434.1793518066406,7164500
2024-12-26,433.9322618472237,435.7704710980457,431.51100346947777,432.9736328125,8194200
2024-12-27,429.5047736371233,430.11749995724284,421.35149629533174,425.48248291015625,18117700
2024-12-30,421.0648946073582,422.53741628176584,416.95366258935724,419.84930419921875,13158700
2024-12-31,421.1044871129431,421.72710593306806,415.72826227096317,416.55841064453125,13246500
2025-01-02,420.54116958363784,421.0748471756245,409.98638702094667,413.6726379394531,16896500
2025-01-03,416.1433125624827,419.0587393010629,414.62138898974536,418.38671875,16662900
2025-01-06,422.9821587186512,429.22807073060386,420.4917138753096,422.83392333984375,20573600
2025-01-07,423.9704889084133,425.6011386030249,415.8666120215368,417.418212890625,18139100
2025-01-08,418.49544017357744,421.96429936103294,416.5979667184096,419.5825500488281,15054600
2025-01-10,419.65166984768115,419.7307186624862,410.1543211903234,414.03826904296875,20201100
2025-01-13,410.3717995418403,413.593589604229,407.45640284839305,412.2989501953125,17604800
2025-01-14,412.9116788431012,414.8190446806072,405.90480416806594,410.7967834472656,16935900
2025-01-15,414.2161660512409,423.1304056035061,413.3662329233126,421.3119812011719,19637800
2025-01-16,423.6740181923037,424.45473467375496,419.41455019124714,419.602294921875,15300000
2025-01-17,429.0007970548674,429.386239236107,423.1502190446997,424.0001220703125,26197500
2025-01-21,425.1564304696716,425.84820570918225,420.61035394801814,423.4763488769531,26085700
2025-01-22,432.430120920086,442.0262741390286,430.888412499157,440.9688415527344,27803800
2025-01-23,436.81809723637986,441.5124093673138,436.32395911733414,441.4728698730469,18389300
2025-01-24,439.94105276246916,441.4135747027248,436.225124464603,438.85394287109375,15549500
2025-01-27,419.0389699284215,430.0977821935737,418.53493945291683,429.46527099609375,35647800
2025-01-28,429.50483681704293,443.1232814648123,426.3225862891417,441.9571228027344,23491700
2025-01-29,441.4530954449331,441.6408703345489,435.23682974085557,437.1441955566406,23581400
2025-01-30,413.86037732807745,417.9024230144378,408.31616280623206,410.12469482421875,54586300
2025-01-31,414.06796458574274,415.7579084081136,410.0456732964256,410.19390869140625,34161900
2025-02-03,406.77449861931177,410.5398286087579,403.8689641166184,406.10247802734375,25679100
2025-02-04,407.85171705562664,409.067307667959,404.9362901326214,407.53546142578125,20532100
2025-02-05,407.5157200553288,408.978349611442,405.5885692928633,408.4447021484375,16316700
2025-02-06,409.14633744300244,413.2971094519946,409.14633744300244,410.94500732421875,16309800
2025-02-07,411.59727657785896,413.7418190108213,403.31551731813784,404.9461669921875,22886800
2025-02-10,408.85972888435845,410.5892121947109,406.10246006462063,407.38720703125,20817900
2025-02-11,404.83747842325164,407.65404147500567,404.50143797348676,406.6163635253906,18140600
2025-02-12,402.4359748745921,405.93448134480275,399.6292738631672,404.2445373535156,19121700
2025-02-13,402.2283921851393,406.1814967766394,401.5958809737979,405.7268981933594,23891700
2025-02-14,403.0091510093491,404.1160155029715,401.1215398904841,403.6416320800781,22758500
2025-02-18,403.2166759889158,405.78620005413757,401.7342617389566,404.83746337890625,21423100
2025-02-19,403.09808061190597,410.61884763156144,402.8707662400353,409.90728759765625,24114200
2025-02-20,411.24414537664296,415.2249706128277,408.520936591177,412.0759582519531,23508700
2025-02-21,413.27415103230015,413.9772255480723,403.9162337604133,404.23309326171875,27524800
2025-02-24,404.5301585448998,405.38176561032634,395.42968840762455,400.0640869140625,26443700
2025-02-25,397.192427276834,398.004445961788,392.8352988072402,394.0235900878906,29387400
2025-02-26,394.13247941305536,399.6680163656564,390.409100766333,395.8357238769531,19619000
2025-02-27,397.36068340902,401.7871363921192,388.34936280983527,388.7058410644531,21127400
2025-02-28,388.83460333794534,393.7561854578909,382.80393739721217,393.1224060058594,32845700
2025-03-03,394.93461038215554,394.93461038215554,382.39794340981075,384.7052307128906,23007700
2025-03-04,379.6648014174362,388.75535997703025,377.2881889484286,384.82403564453125,29342900
2025-03-05,385.54695570418704,397.7568509049982,385.02212029604283,397.1131591796875,23433100
2025-03-06,390.438848896208,398.23217304119834,388.8544303529959,393.0234375,23304600
2025-03-07,388.497925986767,390.9537458547577,381.7839796807534,389.478271484375,22034100
2025-03-10,382.08104715568106,382.6355890788174,373.5450301742595,376.4563903808594,32840100
2025-03-11,375.30770541349494,382.23950999896846,373.2380702422645,376.74359130859375,30380200
2025-03-12,379.21921226907705,381.4670864515663,375.2581813231993,379.53607177734375,24253600
2025-03-13,379.4271716632625,381.5661320778761,373.7728082450696,375.0799255371094,20473000
2025-03-14,376.0801044136148,386.42831046600287,375.8127456880931,384.7745666503906,19952800
2025-03-17,382.9326924641042,388.88412112316473,381.813696346666,384.9132080078125,22474300
2025-03-18,383.29909421372145,383.59615946585757,377.38725393405446,379.7836608886719,19486900
2025-03-19,381.77411012943475,385.8836741890137,380.2590168181109,384.04180908203125,19185500
2025-03-20,381.98202996781214,387.97310772514027,379.5460042678497,383.0713195800781,18470500
2025-03-21,379.4865916093534,387.92357710345186,379.07067004050685,387.4482727050781,39675900
2025-03-24,391.54795482220453,391.54795482220453,386.01241696850974,389.25054931640625,21004500
2025-03-25,390.082331804945,392.49853282327706,388.8148031404558,391.31024169921875,15775000
2025-03-26,391.1518020411883,391.4587795188397,384.784452111458,386.1708068847656,16108400
2025-03-27,386.3292739557081,388.41870337339975,383.62585932715103,386.7748718261719,13766800
2025-03-28,384.2992410074857,385.339029849346,373.2578723723651,375.1096496582031,21632000
2025-03-31,368.91066922952973,373.39653609737746,363.66228447346174,371.73291015625,35184700
2025-04-01,371.00006183577835,379.120187514209,369.59391274714585,378.46661376953125,19689500
2025-04-02,374.2877562933966,381.3284750168948,372.95090216784337,378.4171447753906,16092600
2025-04-03,371.13872318254886,373.80251903809335,365.7517184220645,369.4750671386719,30198000
2025-04-04,360.5825339787073,370.94062085342546,355.97784180916346,356.3343200683594,49209900
2025-04-07,347.4616768226877,367.38565979064595,341.43101018463227,354.3736572265625,50425000
2025-04-08,364.6723484414274,370.00982228854286,346.8377957272636,351.1058044433594,35868900
2025-04-09,350.0957251156184,389.39905670107095,349.66000929830324,386.68572998046875,50199700
2025-04-10,378.3379012524662,380.15997201946135,364.21681503291546,377.63482666015625,38024400
2025-04-11,376.9317086118959,386.25000705363004,375.1987576222842,384.6656188964844,23839200
2025-04-14,389.3891275283392,390.80518876293,380.4668961292061,384.0318298339844,19251200
2025-04-15,384.7250528209778,388.07212889209285,380.41742551182244,381.9721374511719,17199900
2025-04-16,376.9614172312142,377.8922316795949,364.41483869971677,367.9896545410156,21967800
2025-04-17,370.10883089247193,370.6732850580017,363.31567729138493,364.1969909667969,21120200
2025-04-21,359.2853342749941,360.9291658129438,352.20499720618693,355.6213684082031,20807300
2025-04-22,359.83987920585236,364.18709517298703,356.3541524572501,363.2463684082031,19485000
2025-04-23,372.3963282706759,376.68416126561135,369.38593623911186,370.74261474609375,20545500
2025-04-24,372.03979970687254,384.66558435456824,371.5347586504801,383.5267639160156,22232300
2025-04-25,383.2297752805051,388.33950924401097,380.8531625631297,388.03253173828125,18973200
2025-04-28,388.1414067328739,388.9138065441973,382.87325863987553,387.3492126464844,16579400
2025-04-29,387.48784509297593,391.2508426713115,386.5768248872523,390.201171875,14974000
2025-04-30,386.4976013857663,392.7956566127169,380.6947052715702,391.4093017578125,36461100
2025-05-01,426.9100091091665,432.7327295827746,420.76051687113977,421.2556457519531,58938100
2025-05-02,427.533877248033,435.1588741169636,425.80092616148227,431.0393981933594,30757400
2025-05-05,428.6528467821077,435.21826018394785,427.9002412578344,431.92071533203125,20136100
2025-05-06,427.9894209087166,433.46554517602334,426.9694566129341,429.0885925292969,15104200
2025-05-07,429.61342097536215,433.8517229596541,426.9100064238295,429.1282043457031,23295300
2025-05-08,433.66356271096413,439.3476626606329,431.41568853142036,433.9012451171875,23491300
2025-05-09,435.7134270593174,436.4462081525218,431.63356980482325,434.455810546875,15324200
2025-05-12,441.59557651706575,444.99215360101994,435.495584693897,444.88323974609375,22821900
2025-05-13,443.41763796979524,446.2794975271711,441.021200788799,444.764404296875,23618800
2025-05-14,443.7741186799948,449.4779827199474,443.7741186799948,448.52734375,19902800
2025-05-15,447.1979616790238,452.57502540604634,446.860659567107,449.5392761230469,21992300
2025-05-16,448.46778736985397,450.75947970899136,445.1741192074842,450.6701965332031,23849800
2025-05-19,447.3070896149787,455.9480603525366,447.2277066057748,455.2337646484375,21336500
2025-05-20,451.9797648957129,454.70797307292094,450.71983965496236,454.5393371582031,15441800
2025-05-21,450.967885651573,454.1524403651085,448.22974686474834,448.9837341308594,19216900
2025-05-22,451.3448676580097,456.6028569421555,450.30316997101943,451.25555419921875,18025600
2025-05-23,446.4142434023006,450.0948358464348,445.3527151156796,446.6126403808594,16883500
2025-05-27,452.86273735527834,457.29731705224054,452.5055743512772,457.03936767578125,20974300
2025-05-28,457.56517641086623,458.8548627693229,453.3091629867606,453.7357482910156,17086300
2025-05-29,457.89257129241645,458.0612374989779,451.702028016876,455.0453186035156,13974800
2025-05-30,456.07706236471586,458.0215223462663,451.9301930198663,456.71197509765625,34770500
2025-06-02,453.51752207653715,458.44810948050275,453.2695031394806,458.3092346191406,16626500
2025-06-03,457.81315604121755,460.46201137480375,457.20797414521616,459.30126953125,15743800
2025-06-04,460.3231275179124,461.9997378828715,459.35088242690273,460.19415283203125,14162700
2025-06-05,461.2755516588244,465.9283895442318,460.35292843866904,463.9739990234375,20131700
2025-06-06,466.3648774509946,469.58912358157227,465.0652606634985,466.652587890625,15285600
2025-06-09,465.9779957450024,469.67841894667356,464.90653697170796,469.0038146972656,16469900
2025-06-10,467.4562040620332,469.05343158625357,463.2597124799446,467.1883544921875,15375900
2025-06-11,466.29544434484353,471.7022694228479,465.9383115986028,468.8748474121094,16399200
2025-06-12,471.255819627256,476.61305298608835,469.76770597774697,475.0753173828125,18950600
2025-06-13,472.6348110082228,475.3828499324856,469.0137405811006,471.1962890625,16814500
2025-06-16,471.44428961660435,476.8808754060361,471.23596219473825,475.3431701660156,15626100
2025-06-17,471.63279762120845,474.9463269378011,470.3232503868908,474.25189208984375,15414100
2025-06-18,474.21220825159133,477.1884355000323,470.70025162122124,476.4344482421875,17526500
2025-06-20,478.40865522200505,479.628888904269,473.09111395434456,473.6169128417969,37576200
2025-06-23,474.42055534258094,483.8849668620545,468.76574150164737,482.1488342285156,24864000
2025-06-24,485.075445589935,487.952459183197,482.9424585265478,486.2262268066406,22305600
2025-06-25,488.1409520653471,490.64097201284227,485.5119574284625,488.3691101074219,17495100
2025-06-26,489.0735074056833,494.09340820956044,488.9048412091741,493.5080871582031,21578900
2025-06-27,493.60726767719865,495.3434002058453,489.12309627390664,492.0100402832031,34539200
2025-06-30,493.1013206195562,496.79184348109624,491.404849352638,493.4683837890625,28369000
2025-07-01,492.5358056229024,494.1032718491211,487.0893199212463,488.15081787109375,19945400
2025-07-02,486.107196925814,489.5893925672679,484.82744098086494,487.198486328125,16319600
2025-07-03,489.89694493303733,496.16687121115365,489.52988173373706,494.8870849609375,13984800
2025-07-07,493.4386073251964,494.79774616477766,491.3056506650491,493.7759094238281,13981600
2025-07-08,493.2997134401056,494.25212791462184,490.1945116420166,492.68463134765625,11846600
2025-07-09,496.33549554664154,502.76415743455226,495.77993553758444,499.52008056640625,18659500
2025-07-10,499.06366987607214,500.4426696344743,493.8056807647675,497.5061340332031,16492100
2025-07-11,494.51996982276876,501.0279839194423,493.85526578992295,499.33154296875,16459500
2025-07-14,497.5457914873048,499.9763890495242,497.0596840851599,499.0339050292969,12058800
2025-07-15,499.03393728805895,504.2720960834484,498.80577924001653,501.811767578125,14927200
2025-07-16,501.1768265275145,502.70463167926073,497.9129190668174,501.61334228515625,15154400
2025-07-17,501.6728265840105,509.30189104591364,501.6133044647972,507.6451416015625,17503100
2025-07-18,510.4030974050004,510.5618634291492,503.40897568442307,506.0082092285156,21209700
2025-07-21,502.69469811942383,508.03210080948105,501.54388660874696,506.0181579589844,14066800
2025-07-22,506.92092641726225,507.1491147296819,501.2660827636719,501.2660827636719,13868600
2025-07-23,502.7343595827018,502.77405108780124,496.7323137246232,501.861328125,16396600
2025-07-24,504.73836945889843,509.59953458867506,503.28001689239056,506.8316650390625,16107000
2025-07-25,508.4090573683804,514.1829458042694,506.3157919577708,509.6392822265625,19125700
2025-07-28,510.0063088656235,510.91900158393673,506.07766717141,508.4388122558594,14308000
2025-07-29,511.4448055642593,513.5182098314434,507.50623361872493,508.50823974609375,16469200
2025-07-30,511.08764202727673,511.86149016920456,505.4030674134904,509.1729431152344,26380400
2025-07-31,550.8301860551579,551.0484742016899,527.6851029610986,529.2723999023438,51617300
2025-08-01,530.7605061500977,531.5541546097426,516.7325410439772,519.956787109375,28977600
2025-08-04,524.0837934579807,533.9846885103634,523.944888342453,531.3953857421875,25349000
2025-08-05,532.9232605080902,533.0423047576313,523.0620248277625,523.5679931640625,19171600
2025-08-06,526.6930052823053,527.4866537198485,519.8774501718309,520.7802124023438,21355700
2025-08-07,522.6254396329194,523.9052559727172,513.4487398823029,516.7127075195312,16079100
2025-08-08,518.4588193359411,520.5024931820143,515.2940949258492,517.9032592773438,15531000
2025-08-11,518.1611446296885,523.4092640243366,515.6015722772428,517.6353759765625,20194400
2025-08-12,519.5995961800784,526.7722834009899,518.5579289090128,525.0460815429688,18667000
2025-08-13,527.8933740196283,528.478725311786,515.2543395813665,516.4547729492188,19619200
2025-08-14,518.4190436500928,521.7821945996749,516.0182375574066,518.3396606445312,20269100
2025-08-15,518.6274679925785,521.9310366989816,514.9667059909838,516.0480346679688,25213300
2025-08-18,517.4567900842618,518.6770238166106,509.9467697824549,513.0023193359375,23760600
2025-08-19,510.91900524319027,511.0777107186651,504.5201046206217,505.7304382324219,21481000
2025-08-20,505.829663283555,506.9507137373093,500.4426991689255,501.7125549316406,27723000
2025-08-21,500.5200933584279,504.43529989468334,499.55619671725805,501.0666198730469,18443300
2025-08-22,501.07655468445085,507.51578439064156,499.248138173549,504.0378112792969,24324200
2025-08-25,503.44159720621536,504.9917771303553,500.9473838488724,501.0865173339844,21638600
2025-08-26,501.1858695359189,501.801993130018,495.3727099158942,498.8804931640625,30835700
2025-08-27,498.8407434548062,504.09746017877256,496.75395340313815,503.5509033203125,17277900
2025-08-28,503.89867767213724,507.87350408410515,502.3186878124423,506.4326477050781,18015600
2025-08-29,505.458793364042,506.39287997665497,501.3150235761296,503.5011901855469,20961600
2025-09-02,497.32034095368414,502.81553721257154,493.68337117589067,501.9410705566406,18128000
2025-09-03,500.6194673133705,504.5942937991858,499.1587173668126,502.1696472167969,16345100
2025-09-04,501.1262461318779,504.95202275876863,499.983489561643,504.7731628417969,15509500
2025-09-05,505.86622472604114,508.74796779288187,489.27131242222254,491.884765625,31994800
2025-09-08,494.97517595073856,498.04575600626316,491.91457299081776,495.06463623046875,16771000
2025-09-09,498.27429847652155,499.0891451753406,494.5677922273047,495.2733154296875,14410500
2025-09-10,499.81456783685906,500.06299449245154,493.5939546766565,497.2209777832031,21611800
2025-09-11,499.0891812108548,500.0034047018473,494.7466878610638,497.85699462890625,18881600
2025-09-12,503.4614629424367,509.32432605160386,500.67909648146514,506.6910095214844,23624900
2025-09-15,505.58800862213144,512.2259313574772,503.80926524972944,512.1166381835938,17143800
2025-09-16,513.6270820344445,513.9748550906477,505.3991924428879,505.83642578125,19711900
2025-09-17,507.4064717390096,508.07226852063866,502.74598524416496,506.81024169921875,15816600
2025-09-18,508.270998935228,509.84107240669834,504.4651158521554,505.2501525878906,18913700
2025-09-19,507.34685812925306,516.0318444319288,507.09843147001845,514.6704711914062,52474100
2025-09-22,512.3452424901319,514.48167541423,509.3143886623668,511.21240234375,20009300
2025-09-23,510.5664850795932,511.35155218118825,504.1173383670773,506.0252685546875,19799600
2025-09-24,507.16798604562155,509.2547456727144,503.72976965544393,506.9394226074219,13533700
2025-09-25,505.1010467430239,506.8003068435259,501.8615838862597,503.83905029296875,15786500
2025-09-26,506.849997214163,510.70558375978015,503.4316440082871,508.2411804199219,16213100
2025-09-29,508.28089264453985,513.5971983462931,505.6773863749633,511.3613586425781,17617800
2025-09-30,510.0099885223437,514.8990082310244,506.45253207823936,514.6903686523438,19728200
2025-10-01,511.56013673304216,517.2342231556227,508.4697238165545,516.4392700195312,22632300
2025-10-02,514.3823296081488,518.3173691617891,507.4661094259624,512.4942626953125,21222900
2025-10-03,513.8456285403139,517.2143082734997,511.75886906280147,514.0940551757812,15112300
2025-10-06,515.3461902238155,527.6880704621805,514.9387971845453,525.2435302734375,21388600
2025-10-07,524.9652461341774,526.4657528279373,518.1583800775612,520.682373046875,14615200
2025-10-08,519.9868090400763,523.6336952116123,519.7980023635643,521.546875,13363400
2025-10-09,519.0527457511332,521.0302122328587,514.1438325922749,519.1123657226562,18343600
2025-10-10,516.3697201998212,520.2849266906686,506.42270727517143,507.74432373046875,24133800
2025-10-13,513.159982800976,513.159982800976,508.45977013619586,510.8148498535156,14284200
2025-10-14,507.01894463812107,512.0371813139038,502.8155546768959,510.3379211425781,14684300
2025-10-15,511.71919177145384,513.93513816427,506.7903850161382,510.19879150390625,14694700
2025-10-16,509.3541552294708,513.597241245564,504.93214864922606,508.3902282714844,15559600
2025-10-17,505.8364332653001,512.235876086287,504.1173098719632,510.3478698730469,19867800
2025-10-20,511.37132460679527,515.4356111738924,510.19875812962454,513.53759765625,14665600
2025-10-21,514.2431942660954,515.4257076122852,509.81124074780416,514.4021606445312,15586200
2025-10-22,517.8703063443006,521.9245862885218,514.4519526367303,517.2640991210938,18962700
2025-10-23,519.1720024577996,520.6526156742948,515.3461954332505,517.283935546875,14023500
2025-10-24,519.499850577073,522.0437370421222,517.4329845218087,520.314697265625,15532400
2025-10-27,528.4333612309177,531.2157277722118,525.6807743511338,528.1749877929688,18734700
2025-10-28,546.5386557673307,550.2352153811122,537.366762825241,538.6585693359375,29986700
2025-10-29,541.510525937623,542.8321728172806,533.3521721804118,538.141845703125,36023000
2025-10-30,527.1414993194383,531.6032326010347,518.834126044735,522.4512329101562,41023100
2025-10-31,525.5515477587454,525.9887810857076,511.85824179468614,514.5512084960938,34006400
2025-11-03,516.5386570612455,521.6562706261378,511.35153740299523,513.7761840820312,22374700
2025-11-04,508.53933673798264,512.3054631947169,504.64399323613884,511.0931701660156,20958700
2025-11-05,510.06960470137113,511.5900049686576,503.39189488693165,503.96826171875,23024300
2025-11-06,502.47768369906356,502.51744045426454,492.6896676102462,493.9715576171875,27406500
2025-11-07,493.8225155697467,496.2372153715257,490.1457889557352,493.6933288574219,24019800
2025-11-10,496.8930687697553,503.66020845333964,495.66085193460816,502.8155517578125,26101500
2025-11-11,501.6230817360039,506.39289163210333,499.18851875070465,505.4786682128906,17980000
2025-11-12,506.15442128351987,508.449911619763,495.97887455805096,507.9232482910156,26574900
2025-11-13,507.098398329558,510.26832472026865,498.1351759673349,500.1225891113281,25273100
2025-11-14,495.09443251402297,508.38028442839277,494.30939583697693,506.9692077636719,28505700
2025-11-17,505.2501533046029,508.8970396915909,501.73242330739504,504.2961730957031,19092800
2025-11-18,492.2524466910109,499.8145698875434,483.71651040889276,490.6824035644531,33815100
2025-11-19,487.0156083775533,492.0735713081103,479.79134202204426,484.0543518066406,23245300
2025-11-20,490.525525238351,491.38172816347884,473.39183555424523,476.308837890625,26802500
2025-11-21,476.3785437287191,476.796695003642,466.19388806310616,470.0268249511719,31769200
2025-11-24,472.8940649877621,474.7856351712577,465.94500021095376,471.89849853515625,34421000
2025-11-25,471.9681767111092,477.0256407210385,462.82888433135173,474.8752136230469,28019800
2025-11-26,484.1539406114854,486.14507360501653,479.06661039650686,483.3475341796875,25709100
2025-11-28,485.4382224868377,490.44592067381114,484.49242217644115,489.82867431640625,14386700
2025-12-01,486.27447583839387,487.68816317334665,482.5012705124726,484.5820007324219,23964000
2025-12-02,484.56211884124775,491.312058367048,484.16389832530854,487.82757568359375,19562700
2025-12-03,474.2082166599713,482.09308589504883,473.0931871020635,475.6119689941406,34615100
2025-12-04,477.6329924690825,479.1860737742951,474.377470578239,478.70819091796875,22318200
2025-12-05,480.3807061976695,481.2568095233099,476.7568601661199,481.01788330078125,22608700
2025-12-08,482.74025101921535,490.11737199051475,482.2325023858298,488.8430480957031,21965900
2025-12-09,486.93155551686203,489.93815525049575,486.33420957194573,489.8385925292969,14696100
2025-12-10,481.88404333185355,482.10306917330496,472.9737111601482,476.43829345703125,35756200
2025-12-11,474.51683677020293,483.8751552220924,473.750231167373,481.3265075683594,24669200
2025-12-12,477.69270598810584,480.31105063829824,474.22812377070755,476.4084167480469,21248100
2025-12-15,477.97146396596463,478.588710310573,470.42505317808707,472.7148742675781,23727700
2025-12-16,469.8177748762136,475.7712732838117,468.79234263095657,474.2779235839844,20705600
2025-12-17,474.79560024235434,477.8718969329872,472.8940646732686,474.00909423828125,24527200
2025-12-18,476.06992080908344,487.4293375934554,475.7712630284666,481.8342590332031,28573500
2025-12-19,485.1992432324443,485.68709144559693,480.35083955461556,483.7656555175781,70836100
2025-12-22,483.9647726311972,486.5632169440421,480.5499868948874,482.7701110839844,16963000
2025-12-23,482.8298239351052,485.66716398872717,482.59086732909867,484.6915283203125,14683600
2025-12-24,483.5267014178325,486.99128356758627,482.680463867149,485.8563232421875,5855900
2025-12-26,484.5521325365998,485.9558848600665,483.8054577080926,485.5476989746094,8842200
2025-12-29,482.71034015280554,486.1848877649252,482.0333622504328,484.9404296875,10893400
2025-12-30,483.77557941756965,487.5089534635432,483.3474931520442,485.3187255859375,13944500
2025-12-31,485.6771523949816,485.97584057107747,481.15727202744546,481.4758605957031,15601600
2026-01-02,482.24244872265706,482.5112407273309,468.07552715971417,470.84320068359375,25571600
2026-01-05,471.95825856508776,473.9593569778809,467.4184776979013,470.7536315917969,25250300
2026-01-06,471.69937935780575,476.617480129593,467.6673473241013,476.3885192871094,23037700
2026-01-07,477.63296458601815,487.5288974221053,475.83099176167434,481.3265075683594,25564200
2026-01-08,479.10639276886474,480.5201105081445,473.7502403609407,475.9902648925781,18162600
2026-01-09,471.9582322108041,477.6927047258898,470.106493184136,477.15509033203125,18491000
2026-01-12,474.5566738594685,478.85749783991434,473.57104241242143,475.06439208984375,23519900
2026-01-13,472.57548334410274,473.6706125344443,463.88420753037366,468.5832824707031,28545800
2026-01-14,464.3919198839424,466.1242261748137,455.1431293963808,457.34332275390625,28184300
2026-01-15,462.062293141988,462.19172164087615,453.8787357567712,454.6353759765625,23225800
2026-01-16,455.8001683410004,461.1364202404358,454.45617795729186,457.8211669921875,34246700
2026-01-20,449.2195254560932,454.77477325819245,447.2881239806389,452.5048828125,26130000
2026-01-21,450.5934019351739,450.6829992738946,436.7351029497524,442.1410217285156,37980500
2026-01-22,445.6354487179439,450.8323067932568,442.7284117030413,449.1398620605469,25349400
2026-01-23,449.8665935761158,469.01134678020316,448.5325382185013,463.8841857910156,38000200
2026-01-26,463.2470406576191,472.1474075016215,459.9517180089597,468.19500732421875,29291200
2026-01-27,471.5998386603028,480.72916597612596,471.0622242712429,478.4493103027344,29213900
2026-01-28,481.06767161592717,481.59532063648624,475.8807787479093,479.49468994140625,36875400
2026-01-29,438.0392806211351,440.5381621786467,419.1533835040837,431.57806396484375,128855300
2026-01-30,437.2229597325442,437.65104604221966,424.5593524472701,428.38232421875,58566800
2026-02-02,428.33251789753194,428.8303011436502,420.37795134689077,421.49298095703125,42219900
2026-02-03,420.1390072256922,420.178808008447,406.7486263222299,409.3868713378906,61424100
2026-02-04,409.1778088233149,417.9387813848693,407.4256021580933,412.3536682128906,45012400
2026-02-05,405.6335909812077,406.4897635323938,390.5806313349955,391.9246520996094,66289200
2026-02-06,397.4002746193236,400.0086538663787,391.17798428483076,399.3615417480469,53515300
2026-02-09,403.0550898097971,413.05058563481117,399.0927243377603,411.76629638671875,45480500
2026-02-10,417.75959730190846,421.80159473973595,410.8702943432265,411.437744140625,44857900
2026-02-11,414.3348470778888,414.61360447479314,399.23212070980424,402.57720947265625,42491000
2026-02-12,403.20440420967,404.3990960787573,396.24540458526855,400.05841064453125,40802400
2026-02-13,402.65686886295305,403.7420326637702,396.2852191820681,399.5407409667969,34091600
2026-02-17,397.45004705087115,398.7442713079252,392.78083787972264,395.1004943847656,32078800
2026-02-18,396.3648852083561,400.77523739702553,394.5629123207548,397.828369140625,23223400
2026-02-19,399.82403795970674,403.55594539020564,395.8127368785549,397.5988464355469,28234000
2026-02-20,395.2539159508346,399.2552593187824,394.3059873534157,396.37152099609375,34015200
2026-02-23,394.14630950985264,394.50551684604494,382.27203437696886,383.6390686035156,43238300
2026-02-24,383.30981969967445,388.5185091169527,380.88504821898124,388.1593017578125,33884700
2026-02-25,389.68597856263057,400.60233728073825,389.31678308531696,399.7342224121094,43625500
2026-02-26,403.8353349281015,406.6093255926281,397.8782360341113,400.851806640625,34405900
2026-02-27,390.03523926255787,395.9624042352165,389.0374004516944,391.8912048339844,51367200
2026-03-02,392.01092411942045,400.32293811697235,389.78576315389057,397.6886291503906,35474900
2026-03-03,392.2903484387299,405.82103971635513,391.82136299902305,403.0570068359375,38199200
2026-03-04,400.4027502952161,410.14166638677375,399.44483360720756,404.32427978515625,35808000
2026-03-05,403.54596943015656,410.72040218284053,403.525993165685,409.79241943359375,39001300
2026-03-06,408.31564337314285,412.1572983375802,407.6271321747383,408.0761413574219,31123900
2026-03-09,404.044890641513,409.3234358422322,402.62794618065146,408.5251770019531,30131900
