time,open,high,low,close,volume
2013-01-02,24.05413923539541,24.08160676680185,23.85500618131862,24.067873001098633,30443000
2013-01-03,24.0198012248243,24.061002513518613,23.765733159827946,23.868732452392578,25374800
2013-01-04,23.751996280581935,24.06099935662839,23.655862572355726,23.99233055114746,31420300
2013-01-07,23.97173453634818,24.012935825338023,23.669599608765033,23.875600814819336,28135100
2013-01-08,23.813797030267633,23.889331406999652,23.642128944766537,23.834396362304688,20132600
2013-01-09,23.930530071073765,24.136533869232764,23.80006326909389,23.834396362304688,24589300
2013-01-10,24.054126420503433,24.308197021484375,23.957992731244296,24.308197021484375,37523100
2013-01-11,23.985462710645272,24.157130778932487,23.710792753606995,24.102195739746094,44149200
2013-01-14,24.026669588334634,24.074736449099056,23.70393270653284,23.875600814819336,23145600
2013-01-15,23.77945607921449,24.17085897526343,23.758854134538172,24.109058380126953,24837500
2013-01-16,24.012935050839314,24.232670012803034,23.971733763178356,24.095335006713867,16799200
2013-01-17,24.163994188604647,24.184596136180947,23.985460566105246,24.054126739501953,22912100
2013-01-18,24.02667493096396,24.088475568467135,23.690204211347112,23.9854736328125,31399000
2013-01-22,23.896203983070617,24.067872118896478,23.83440334939539,24.061006546020508,20931100
2013-01-23,24.05413325062034,24.115933871184584,23.94426577177805,23.99920082092285,18180200
2013-01-24,24.07473590562386,24.3494033010133,23.951134660892027,24.143402099609375,22090700
2013-01-25,24.22580099726072,24.246402950113684,23.999200471456366,24.129667282104492,19431600
2013-01-28,24.17085897526343,24.205192057128976,23.930522163312137,24.109058380126953,22067900
2013-01-29,24.10220314310982,24.260140119560056,24.067870042795803,24.21893882751465,16846900
2013-01-30,24.198180859744983,24.23275903988794,24.018370101967946,24.184349060058594,27810800
2013-01-31,24.108278426448425,24.198183816321745,24.05986844070426,24.08753204345703,16751600
2013-02-01,24.24660532632986,24.378003544638744,24.170531701675596,24.295015335083008,21009300
2013-02-04,24.156698297941517,24.205108303496715,23.942309246091753,24.03912925720215,22241600
2013-02-05,24.17743964685339,24.274259637770516,24.10136604309082,24.10136604309082,17534100
2013-02-06,24.087529100399898,24.19126364082877,24.004538302281556,24.184349060058594,24087000
2013-02-07,24.163604939649154,24.170522159967557,23.89389138645613,23.9699649810791,27095000
2013-02-08,23.990719056855156,24.14978087926609,23.983804472466602,24.122119903564453,18425800
2013-02-11,24.170512878496456,24.47480450199386,24.149763863655444,24.384899139404297,24198900
2013-02-12,24.433319355893452,24.58546389593943,24.357245766797273,24.55780029296875,19559000
2013-02-13,24.516318985996715,24.56472899474986,24.170531701675596,24.295015335083008,21344300
2013-02-14,24.218932186147658,24.39182576031649,24.14285859140992,24.350330352783203,22296200
2013-02-15,24.37108306253061,24.45407125200523,24.21893585003799,24.31575584411621,21105000
2013-02-19,24.3226720483943,24.391831076021585,24.260432880750468,24.301925659179688,25413400
2013-02-20,24.26734689108359,24.426408693647527,24.24660050235915,24.274261474609375,27539300
2013-02-21,24.23968417730598,24.67537682366506,24.218937787814134,24.523229598999023,38030800
2013-02-22,24.59930220892745,24.77911303768691,24.47481860075462,24.77219581604004,20521000
2013-02-25,24.78602223055012,24.862095823238178,24.046037964096932,24.05986976623535,27023500
2013-02-26,24.260432130603533,24.274261297554233,23.87314950230719,24.032211303710938,29601900
2013-02-27,24.080626269070773,24.357257151786715,23.928479019762246,24.295015335083008,32171300
2013-02-28,24.253519788704608,24.460991630619624,24.218941588076706,24.26043701171875,22097000
2013-03-01,24.163600740030645,24.59237862826669,24.101358958715483,24.474809646606445,20624800
2013-03-04,24.460977231095637,24.813681529056407,24.433316269765147,24.792932510375977,16880500
2013-03-05,24.88976187837717,25.09723365458993,24.765278285020155,24.813688278198242,23312000
2013-03-06,24.95891703887744,24.993495226866504,24.765277075621402,24.93125343322754,18491700
2013-03-07,24.98658493110701,25.22863492670201,24.952006737185883,25.1871395111084,21509700
2013-03-08,25.20788778001897,25.3254541634452,25.055740565564307,25.24246597290039,24042200
2013-03-11,25.29778490363262,25.685064758053983,25.263204083934014,25.678150177001953,18989900
2013-03-12,25.650492257665487,25.712734053503908,25.33236869588988,25.35311508178711,22688600
2013-03-13,25.40844520108541,25.491433392312683,25.263212568753897,25.42919158935547,15812000
2013-03-14,25.553680704329345,25.609005297692484,25.44994346432051,25.56751251220703,21874700
2013-03-15,25.837219723552565,26.418142318725586,25.795724310273442,26.418142318725586,56046200
2013-03-18,26.07235876631011,26.210674191757505,26.017031540872225,26.11385154724121,29754300
2013-03-19,26.22449471391067,26.231411933883496,25.816468432493007,25.927120208740234,23724800
2013-03-20,26.037778335312336,26.169176527231713,25.83030389586994,25.892545700073242,19049900
2013-03-21,25.698899932559485,25.851047117142542,25.657404526360516,25.685068130493164,24008300
2013-03-22,25.774976308083556,25.851049908589662,25.657407296897727,25.726566314697266,15646600
2013-03-25,25.83029852406874,25.86487934888226,25.546753172365037,25.733478546142578,20304500
2013-03-26,25.88562836642263,25.899460170125746,25.636661176060162,25.79572296142578,18635500
2013-03-27,25.650490708816427,25.698900698417987,25.449933530097642,25.574417114257812,14840800
2013-03-28,25.608996035352288,25.61591325586309,25.470683282896022,25.581335067749023,16967500
2013-04-01,25.60208631863241,25.650496318821695,25.415360901553544,25.539844512939453,10903800
2013-04-02,25.608995027790158,25.657405016874534,25.429186873783408,25.505260467529297,17094700
2013-04-03,25.498346530902616,25.55367374735054,25.277042941404684,25.360031127929688,26277200
2013-04-04,25.429180571022517,25.9201975604037,25.415348772120048,25.87870216369629,24102400
2013-04-05,25.45685260833028,25.726566180979663,25.32545179426752,25.691987991333008,24520900
2013-04-08,25.664326916288584,25.664326916288584,25.325454292767414,25.60208511352539,20087000
2013-04-09,25.691989954337178,26.03777715351724,25.574420934779535,25.89946174621582,21250100
2013-04-10,25.968616774058667,26.176088555097916,25.726566802537352,25.98244857788086,23566000
2013-04-11,25.99629098296836,26.217594658077253,25.691999089230613,25.940963745117188,30560000
2013-04-12,25.539838590290255,25.87870851303182,25.311617809624416,25.733478546142578,36662500
2013-04-15,25.60207768264433,25.878705784965295,25.270122376971422,25.290868759155273,23092300
2013-04-16,25.48450907679732,25.740393438918304,25.415352709716476,25.629741668701172,20352400
2013-04-17,25.456852017425426,25.505262009436404,25.069569443190904,25.283958435058594,31790200
2013-04-18,25.304704296108014,25.33928248423515,25.028073514797622,25.08340072631836,19322200
2013-04-19,25.18022323674169,25.401526828752985,25.09723504927418,25.373863220214844,18107000
2013-04-22,25.45685653461914,25.491434729598893,25.173311114749662,25.40152931213379,14432000
2013-04-23,25.48450761164512,25.685064758053983,25.38768764803978,25.678150177001953,19883100
2013-04-24,25.72657475684666,25.899468400860215,25.685079332550252,25.823394775390625,16740700
2013-04-25,25.91328692015618,26.141505041382914,25.816466951263244,26.030853271484375,14861200
2013-04-26,25.97553667853095,26.196840286254886,25.90637765227528,26.196840286254883,17814600
2013-04-29,26.245250285560303,26.26599667436345,26.113849454748085,26.196840286254883,16016500
2013-04-30,26.252165127596076,26.30749234914537,25.961705128903652,26.2659969329834,20585300
2013-05-01,26.210678022491173,26.252170809486515,25.788817100387238,25.906383514404297,17639200
2013-05-02,25.940948207343286,26.037770815589287,25.851045456905773,25.87179183959961,13205400
2013-05-03,26.100013732910156,26.224494672614124,26.003191120468166,26.100013732910156,15878400
2013-05-06,26.18300495706372,26.272910360022273,26.1000167748733,26.210668563842773,14228700
2013-05-07,26.293660402229523,26.667111231235754,26.21758679208228,26.556459426879883,23273300
2013-05-08,26.584337918073558,26.953757605290928,26.521606022232888,26.8004150390625,18741300
2013-05-09,26.793432576445362,26.842223735931547,26.33339974491936,26.410072326660156,27766600
2013-05-10,26.514633506367808,26.598275136848986,26.361288301386075,26.507661819458008,16390500
2013-05-13,26.514636594697546,26.688891562866292,26.36826305957655,26.62615966796875,12774700
2013-05-14,26.667975327956853,27.0373976154752,26.633124871113083,27.0164852142334,21730600
2013-05-15,26.97467051921101,27.448644261419442,26.91193862218578,27.392881393432617,25696800
2013-05-16,27.378934763058016,27.699565866891678,27.24650196857235,27.364994049072266,22959500
2013-05-17,27.476520422965283,27.818061309597965,27.41379119082666,27.797151565551758,24390400
2013-05-20,27.811085823956702,28.08292306911993,27.776232713412476,28.020191192626953,18939000
2013-05-21,28.110807187336544,28.438404654704016,27.999281477179967,28.35476303100586,23049200
2013-05-22,28.38264317474116,28.647508747624794,27.87381911030366,27.950489044189453,30388300
2013-05-23,27.46258784412076,28.18748659115297,27.46258784412076,27.887767791748047,24730000
2013-05-24,27.54622903879114,28.089903754773292,27.53228832057107,28.048084259033203,17121900
2013-05-28,28.438406954512327,28.563870729665428,28.166569661320437,28.243242263793945,20993200
2013-05-29,28.131719527409007,28.508110857201583,28.027165493937897,28.40355682373047,22848100
2013-05-30,28.431450403433036,28.98906594941879,28.368718488327097,28.752079010009766,22022700
2013-05-31,28.759035949667528,28.821767838398603,28.26415252685547,28.26415252685547,26904700
2013-06-03,28.459310027466298,28.549920656215452,27.873813488315143,28.389606475830078,23638000
2013-06-04,28.438408490371597,28.696305082594627,28.173540210863827,28.187480926513672,18708700
2013-06-05,28.04808269523658,28.264157168300326,27.643809866154772,27.755332946777344,21099300
2013-06-06,27.671695357136148,28.410534877464222,27.601991759704955,28.38265609741211,24721900
2013-06-07,28.73813828899504,28.842692367145155,28.445391124447763,28.752079010009766,23459300
2013-06-10,28.926320699109123,29.05875349931574,28.696302896786687,28.766006469726562,16340600
2013-06-11,28.424458104326128,28.7172077155361,28.292025339087527,28.340816497802734,18368500
2013-06-12,28.43143942977498,28.542962495927668,27.964434762253344,28.068988800048828,18320100
2013-06-13,28.0829322391443,28.570846697974755,28.020200342167243,28.535993576049805,17377700
2013-06-14,28.46628315404532,28.61962833081741,27.950487433305838,27.9923095703125,19475700
2013-06-17,28.292036151441046,28.37567778992972,28.11778118688645,28.30597686767578,15494200
2013-06-18,28.382649788208013,28.556904754670157,28.319917893924853,28.466291427612305,15784400
2013-06-19,28.424458104326128,28.70326700462908,28.312935075988694,28.340816497802734,20898800
2013-06-20,28.08292022890884,28.340816735555403,27.866843196415434,27.94351577758789,29302200
2013-06-21,28.32688255519264,28.71721457709719,27.9853443625806,28.549928665161133,38847800
2013-06-24,28.215371711204433,28.229312431475623,27.46259142900375,27.741397857666016,31047900
2013-06-25,27.99231481006585,28.25021138925057,27.804119146686894,28.08989715576172,22263000
2013-06-26,28.38961472850598,28.786915782110093,28.38961472850598,28.591751098632812,19405900
2013-06-27,28.84267019263739,29.093597660145818,28.682356012600028,28.9681339263916,18800400
2013-06-28,28.96814284287305,29.009962327717542,28.61266126817827,28.766006469726562,20249300
2013-07-01,28.968149406854074,29.246955785030856,28.76601298790488,28.828744888305664,16177100
2013-07-02,28.717212774796153,28.982081010855293,28.58477732730698,28.73115348815918,15558700
2013-07-03,28.56386758672204,28.786913682692095,28.43143479815207,28.73115348815918,8074400
2013-07-05,28.89845053944626,29.323633193969727,28.877540788869847,29.323633193969727,14933800
2013-07-08,29.52577038503051,29.95095305019712,29.4769791931839,29.853370666503906,22830100
2013-07-09,29.936990254614248,30.02760354076379,29.43513532691658,29.76273536682129,22540600
2013-07-10,29.658202497794637,29.679114907291517,29.093617960867807,29.323633193969727,25414800
2013-07-11,29.602432948058123,29.637283407676602,28.884500717103204,29.19816017150879,32231700
2013-07-12,29.693034899371465,30.00669426174966,29.41422864530551,29.713947296142578,35799500
2013-07-15,29.95791794643991,30.222786279138905,29.950948916675276,30.2158145904541,21926700
2013-07-16,30.215805389761403,30.285508960783904,29.867295511406972,29.985790252685547,21829100
2013-07-17,30.11125899178071,30.585232717290538,30.090346587562472,30.327333450317383,23959200
2013-07-18,30.473708148212996,31.080114662377476,30.438855029200134,30.95465087890625,23443500
2013-07-19,30.96160866153302,31.198595426576322,30.759475002843292,30.982521057128906,18904400
2013-07-22,31.00343434434701,31.21253971182187,30.85706085300651,31.107988357543945,18409400
2013-07-23,31.12194405913512,31.219526433693975,31.017389995581897,31.066181182861328,13431500
2013-07-24,31.142845315605786,31.177695774313026,30.843126584668326,30.88494873046875,17947800
2013-07-25,30.822218319003547,30.822218319003547,30.26460031727441,30.424917221069336,29467400
2013-07-26,30.355214883328504,30.4597689276603,30.11125899178071,30.327333450317383,18503800
2013-07-29,30.25763169738731,30.32036359048303,30.118227195072407,30.146108627319336,12402400
2013-07-30,30.313387317475943,30.417938675036257,30.104279284517137,30.1530704498291,18579200
2013-07-31,30.180959494222638,30.703724390747002,30.180959494222638,30.320363998413086,25488500
2013-08-01,30.801296957383926,31.184659886805257,30.752505795261012,30.850088119506836,19822300
2013-08-02,30.836172438422143,31.05224698203907,30.703736908932186,31.010427474975586,13506500
2013-08-05,30.996468488946597,31.052228685149306,30.822213555069307,30.905855178833008,14162200
2013-08-06,30.857082454192057,30.89193293001475,30.647976940335017,30.689796447753906,13788000
2013-08-07,30.416086431383665,30.53539143788143,30.36696052551269,30.366960525512695,18578700
2013-08-08,30.53538765548981,30.577496716946523,30.170453164841305,30.331867218017578,18704100
2013-08-09,30.324842280282667,30.44414992783013,30.177464607277223,30.338878631591797,10716100
2013-08-12,30.212563525210513,30.479248928544873,30.072202645710266,30.317834854125977,11087600
2013-08-13,30.352918399732722,30.43011700204305,30.219577063026154,30.40204429626465,12733900
2013-08-14,30.49328617678731,30.549428923934116,30.247653961181644,30.24765396118164,13772000
2013-08-15,30.107276543017964,30.261671007022105,30.044114319556435,30.170438766479492,17748800
2013-08-16,29.95289588617352,30.303796725817385,29.92482317648338,30.00202178955078,16238000
2013-08-19,30.1493906174709,30.163426968180765,29.79848988120473,29.81954574584961,15873700
2013-08-20,29.805511206576696,29.945869367885336,29.58795177309179,29.889726638793945,15113700
2013-08-21,29.79147951407309,29.945874051090264,29.566903208265614,29.728317260742188,14586200
2013-08-22,29.763406525817295,29.91780373853888,29.601992474863238,29.812532424926758,14037600
2013-08-23,29.95289427861609,30.058165595723768,29.72129845184352,30.009037017822266,12161600
2013-08-26,29.966922358164403,30.058157295988316,29.73532659534065,29.74936294555664,10107000
2013-08-27,29.398472969453568,29.412509324801125,28.801942591568178,28.8510684967041,19230000
2013-08-28,28.83703737552278,29.18092145105316,28.759838745679538,28.949325561523438,13927000
2013-08-29,28.81598417726063,29.237064205472727,28.794928301836958,28.949325561523438,10512600
2013-08-30,29.033535641286587,29.068625190929186,28.71772434018116,28.830015182495117,15031800
2013-09-03,29.230029602753874,29.37038774209145,28.81596666652426,29.04755973815918,15949300
2013-09-04,29.026517405678902,29.30021962774805,28.949318793882806,29.12476921081543,12465000
2013-09-05,29.159859385270998,29.475670677967123,29.124769836562752,29.349346160888672,11331000
2013-09-06,29.482681315673645,29.489700830235435,28.914223785546763,29.075637817382812,14548700
2013-09-09,29.138794913532802,29.279155731201172,28.69665927488341,29.279155731201172,27418600
2013-09-10,29.55987572250212,29.798488317729934,29.405481227114723,29.791471481323242,18702300
2013-09-11,29.81955367222425,29.847623703945157,29.65112009609447,29.826570510864258,14707900
2013-09-12,29.840606294880477,29.938858096927667,29.524795018899642,29.65813636779785,14499500
2013-09-13,29.559873369902245,29.749360063722364,29.524783836341438,29.608999252319336,9986500
2013-09-16,30.01605958372509,30.226599562175032,29.973950517170675,30.10027503967285,19286200
2013-09-17,30.15641507852428,30.212557813413724,29.875693372595272,30.07219696044922,16850300
2013-09-18,30.03710308860071,30.75294092613361,30.00201354970561,30.395023345947266,23921600
2013-09-19,30.75996039425179,30.75996039425179,29.994996667976604,30.149391174316406,15953300
2013-09-20,30.149395563437725,30.247647357364702,29.826567475631784,30.07219696044922,32062300
2013-09-23,29.77040839955179,29.840590132402312,29.517762192768025,29.693212509155273,16474300
2013-09-24,29.52480276215027,29.6862168617265,29.26513683475907,29.286190032958984,22392800
2013-09-25,29.356361563520007,29.447593841945807,28.97738806538634,29.34232521057129,19188200
2013-09-26,29.419518273972677,29.616024518977067,29.06160067866237,29.201961517333984,20495000
2013-09-27,29.17388517421594,29.31424599537509,29.131776124720197,29.18792152404785,20034100
2013-09-30,28.815978250080587,29.15284273879266,28.703690087176565,28.998445510864258,20358800
2013-10-01,29.033537752034423,29.173898637970126,28.83703411802118,29.117755889892578,12771100
2013-10-02,28.914213445288812,28.95631980895996,28.77385265301296,28.95631980895996,17782400
2013-10-03,28.928261950203197,28.928261950203197,28.521215749245776,28.77386474609375,19049600
2013-10-04,28.773876934169316,28.984416961669922,28.71773149901625,28.984416961669922,12329500
2013-10-07,28.626488835598234,28.703687442449436,28.50718116760254,28.50718116760254,15290200
2013-10-08,28.45805244989545,28.612449648307443,28.21943981469531,28.240495681762695,19256200
2013-10-09,28.373832918717515,28.45804834335324,28.121183967650257,28.32470703125,17031000
2013-10-10,28.745794304424994,29.103714637202927,28.3738402948596,29.082658767700195,26580700
2013-10-11,28.38085311958725,29.131780548075167,28.282601333005342,29.075637817382812,46034600
2013-10-14,28.872119151768942,29.40548989942059,28.844046443542897,29.30021858215332,17183700
2013-10-15,29.37741019661517,29.46162562408133,29.068615833972302,29.152833938598633,17256600
2013-10-16,29.41250312876382,29.9178011061856,29.300214986799034,29.623043060302734,25931800
2013-10-17,29.503732195802684,30.009027395275993,29.475659496620846,29.952884674072266,18826200
2013-10-18,29.9809573732541,30.135351864434305,29.74234478452839,29.952884674072266,17581300
2013-10-21,29.92481057989362,30.079207741036278,29.840595163433907,29.91077423095703,16457100
2013-10-22,30.002015575407658,30.21255550015388,29.875691085127848,30.135356903076172,18654300
2013-10-23,30.11430833492994,30.156417397205175,29.966930632707836,30.009037017822266,13612900
2013-10-24,30.128335329306694,30.163424865054683,29.861650038734027,29.959901809692383,13956600
2013-10-25,29.924830185213395,30.12835336239287,29.87570427033029,30.079227447509766,19831600
2013-10-28,30.05816078186035,30.170448919450372,29.875690885051334,30.05816078186035,12704500
2013-10-29,30.18448071315908,30.21957292916196,29.94586810100461,30.149391174316406,13105700
2013-10-30,30.254673477800733,30.45819662517541,30.19151121403484,30.24765396118164,16039700
2013-10-31,30.205533914248253,30.338875220954602,29.952884973406775,29.959901809692383,18760200
2013-11-01,29.980971211298414,30.205547554088866,29.88271939597274,29.945878982543945,15538700
2013-11-04,30.002014207022278,30.065176449281367,29.84761701990889,29.9669246673584,11921600
2013-11-05,29.945853748507194,30.051124991740846,29.826548838190714,29.917783737182617,16603700
2013-11-06,30.122771872129746,30.136907706049314,29.87540151887392,29.99555206298828,14751500
2013-11-07,30.080353821424385,30.108622780681397,29.47959327697754,29.47959327697754,22432500
2013-11-08,29.486674164436742,30.363074258006865,29.47960489973524,30.18638038635254,23461300
2013-11-11,30.17224360930911,30.292396840265656,29.995549743181694,30.214651107788086,11764400
2013-11-12,30.16516892131371,30.214642974821555,29.73403557263077,29.882457733154297,13376800
2013-11-13,29.797655512584015,30.242924840577384,29.543215896587803,30.22171974182129,24062300
2013-11-14,30.30651676597801,30.476141278593484,30.094484777142153,30.454938888549805,17831300
2013-11-15,30.377211181884938,30.84368291195435,30.363075348108943,30.773006439208984,23401200
2013-11-18,30.80126739401647,30.900215499899474,30.64577597269537,30.681114196777344,13116600
2013-11-19,30.75886822721205,30.97090032518882,30.652850830156464,30.787139892578125,14700500
2013-11-20,30.907297446125167,31.14760126404797,30.73060354165649,30.829551696777344,15790600
2013-11-21,30.96383339117215,31.373761749600607,30.949697558656084,31.1546630859375,16441600
2013-11-22,31.098118552809133,31.366693967955534,31.048644488984042,31.352558135986328,11035100
2013-11-25,31.4373779296875,31.607005257640946,31.380837284459627,31.4373779296875,12363900
2013-11-26,31.47269795023891,31.62818935283676,31.303073416617032,31.317209243774414,13429900
2013-11-27,31.43737216609452,31.43737216609452,31.147594335074146,31.288949966430664,13655800
2013-11-29,31.373751636610027,31.458563908233735,31.069838075813777,31.112245559692383,9770200
2013-12-02,31.17586391892655,31.437370066987693,31.161728087121322,31.225337982177734,16740500
2013-12-03,31.1475894168291,31.2960115930569,30.79420174230539,30.907285690307617,22404100
2013-12-04,30.674050761070767,31.1475889435936,30.631643270163995,30.92142105102539,18009600
2013-12-05,30.82954318457363,31.062780368219048,30.53976536909962,30.568037033081055,19048900
2013-12-06,30.864870923444727,31.232394341854697,30.695246389491423,31.175853729248047,16909700
2013-12-09,31.197071418338655,31.437375206041427,31.197071418338655,31.324291229248047,14011200
2013-12-10,31.253599430698877,31.409088137467183,31.133446247693044,31.175853729248047,14352400
2013-12-11,31.147593213931554,31.218269678998638,30.730595599313386,30.758867263793945,18230100
2013-12-12,30.794200237355014,30.942622406329242,30.723523784357916,30.744726181030273,13744200
2013-12-13,30.758863514079817,30.977964842892753,30.73766111637127,30.907285690307617,14097300
2013-12-16,31.076915899791455,31.197066426349654,30.956762677099015,31.083982467651367,13254200
2013-12-17,30.92848485321317,30.970892340328863,30.737657901526827,30.808334350585938,13376100
2013-12-18,31.08397227652869,31.84729076958289,30.85780443328301,31.755409240722656,28008400
2013-12-19,31.536311944507894,31.9462428972282,31.451499666616478,31.81902313232422,17713600
2013-12-20,31.875570901304624,31.946250062177576,31.66353881095438,31.776622772216797,29401400
2013-12-23,31.889700129272185,32.17947788850391,31.875564300025058,31.953310012817383,13037300
2013-12-24,31.98156874657736,32.12999084948964,31.93209471227327,32.08051681518555,4355300
2013-12-26,32.15828229060755,32.25723042012024,32.10880822585121,32.186553955078125,7309800
2013-12-27,32.22189313249955,32.25016479779919,32.08053750213578,32.15828323364258,6843900
2013-12-30,32.20775729984974,32.236028965149366,32.03813270032073,32.15828323364258,11321400
2013-12-31,32.172409166978674,32.19361156136232,31.910903083757372,32.08759689331055,13243500
2014-01-02,31.910904672784582,32.01691934611543,31.741277420868048,31.81902313232422,17333100
2014-01-03,31.797830008532852,32.144148483647406,31.79076074390264,32.04520034790039,14693800
2014-01-06,32.17949517472189,32.377394194355546,32.059344605779316,32.101749420166016,18438900
2014-01-07,32.370305370915496,32.370305370915496,31.960377134741577,32.08759689331055,16897000
2014-01-08,32.08759930774274,32.47632517878271,32.05225838626602,32.45512008666992,20850700
2014-01-09,32.49045809257684,32.65301607147408,32.37030490183238,32.6247444152832,14229900
2014-01-10,32.55406851001618,32.55406851001618,32.25015494126545,32.46925354003906,15386700
2014-01-13,32.48338824748717,32.58940560823351,32.12293407398988,32.200679779052734,20950900
2014-01-14,32.14414377311741,32.398583339828576,31.74834859199625,32.22188949584961,28487500
2014-01-15,32.4692652263572,33.03468777851021,32.34204542173623,32.79438400268555,27394500
2014-01-16,32.72370165782171,32.83678561804389,32.56114363351071,32.78731155395508,12892600
2014-01-17,32.85092145008845,32.90746477826668,32.61061769759952,32.78731155395508,15168200
2014-01-21,32.87212546722856,33.10536266323642,32.68129846557502,32.86505889892578,15533900
2014-01-22,33.03466808074082,33.09827794512229,32.86504087701259,32.985191345214844,11817300
2014-01-23,32.79438558052763,32.829723817703794,32.51167429084899,32.7590446472168,19825200
2014-01-24,32.53992958868893,32.62474185447086,32.144134521484375,32.144134521484375,20115400
2014-01-27,32.17947769165039,32.42685065776122,31.967445646508065,32.17947769165039,21323600
2014-01-28,32.36324410676693,32.681293555294076,32.264295988588266,32.483394622802734,16117300
2014-01-29,32.25016115795843,32.660089473999896,32.15121303671166,32.22188949584961,20428800
2014-01-30,32.405645290737475,32.65301825474741,32.34910467070879,32.547000885009766,12623600
2014-01-31,32.094674415773895,32.30670652039385,31.967454613775022,32.04520034790039,27251200
2014-02-03,32.023986265435305,32.24308485863413,31.3242776096623,31.402023315429688,29540200
2014-02-04,31.500980268430723,31.6776741235133,31.26067651767305,31.642335891723633,20744800
2014-02-05,31.734822089726133,31.756170229080595,31.428858330754274,31.4715518951416,21998800
2014-02-06,31.571176661496246,31.870026270307704,31.500023414519525,31.8629093170166,21043100
2014-02-07,32.05501744473274,32.304059168678855,31.905594038958046,32.282711029052734,16773000
2014-02-10,32.296952491657436,32.46060713780409,32.17599142402306,32.38945388793945,12501500
2014-02-11,32.40369183771956,32.7950402222255,32.346767054499686,32.70965576171875,13561100
2014-02-12,32.70253262099127,32.90888084964809,32.59580274412648,32.723880767822266,12175700
2014-02-13,32.41792320163424,32.780809196412065,32.33253602636163,32.71677017211914,14597400
2014-02-14,32.752334190832535,32.93021999932382,32.59579652509918,32.823490142822266,11165300
2014-02-18,32.937336951683804,32.9657993324797,32.78079657162843,32.823490142822266,12120400
2014-02-19,32.76657502936517,32.90888426092563,32.3609954837277,32.39657211303711,16187900
2014-02-20,32.29694845336433,32.624257704732074,32.19733283028042,32.46772003173828,13388500
2014-02-21,32.46061562649063,32.773696522141925,32.36099996490093,32.44638442993164,15411100
2014-02-24,32.538883867096956,33.03696485900969,32.517538430721125,32.787925720214844,14106700
2014-02-25,32.873310180041216,32.91600105279288,32.69542430538117,32.787925720214844,13751600
2014-02-26,32.98003350914394,33.03695828057515,32.595802159273234,32.766571044921875,13910700
2014-02-27,32.69541779495536,32.78791919136983,32.45349294501769,32.766571044921875,13799700
2014-02-28,32.80215628919351,33.19350740981059,32.73811726166737,33.029850006103516,16347300
2014-03-03,32.80926039627187,32.90176178076824,32.702527820751264,32.83772277832031,16067600
2014-03-04,33.24330283581278,33.30022488663789,33.03695463363708,33.25753402709961,14881900
2014-03-05,33.31444812894526,33.606180694911,33.221946764813225,33.50656509399414,13643700
2014-03-06,33.648886875070055,33.79831033247093,33.56349971570735,33.68446350097656,14726300
2014-03-07,33.9833123988683,34.49562452765012,33.86946556073042,34.118507385253906,20491600
2014-03-10,34.08293261750078,34.353317176383996,33.85523892879762,34.26081848144531,11810200
2014-03-11,34.396011365160966,34.410242560245294,33.95485517483865,34.01889419555664,13373600
2014-03-12,33.94061313315728,34.2465769438843,33.84099751372467,34.23945999145508,13497400
2014-03-13,34.31774661871587,34.36755445228762,33.96909178371367,34.040245056152344,14813900
2014-03-14,33.86233836903556,34.203878752815214,33.634644779849125,33.72714614868164,15347300
2014-03-17,33.94061439445551,34.275037884361055,33.85522996238624,34.246578216552734,11085700
2014-03-18,34.2750480556805,34.47428207539552,34.23947142462091,34.43870544433594,9757400
2014-03-19,34.424473755329615,34.44581919079464,33.784083548149695,34.01889419555664,28293000
2014-03-20,33.940619250520044,35.12178113470832,33.940619250520044,34.88697052001953,25208400
2014-03-21,35.427735555288926,35.55581354473219,34.89407817071594,34.95100021362305,30999100
2014-03-24,35.20717019927254,35.21428715391846,34.7375516225889,34.85139846801758,19677600
2014-03-25,35.04350640496721,35.057737596231036,34.80158158212652,34.837158203125,14659400
2014-03-26,35.00082117898303,35.00793813347346,34.48139478841835,34.509857177734375,17399800
2014-03-27,35.2285040075937,35.427737957080005,34.61657911182879,34.936771392822266,29075100
2014-03-28,34.96523930654118,35.29966554505092,34.90120029734405,35.07197189331055,15008000
2014-03-31,35.39928419209907,35.51313102766155,35.19293595441622,35.39216995239258,17901800
2014-04-01,35.49178721023954,35.52736383903721,35.2213999455963,35.413516998291016,16397000
2014-04-02,35.41350809636304,35.49177828863671,35.22850533020307,35.40639114379883,13036800
2014-04-03,35.441976082333966,35.49889814023807,35.26409024060952,35.456207275390625,9598900
2014-04-04,35.612750086241014,35.92583094981741,35.264095306396484,35.264095306396484,18702400
2014-04-07,35.27832047952106,35.34235677506028,34.616584949057774,34.62369918823242,19653700
2014-04-08,34.62370325845392,34.865628133668615,34.46716283498477,34.744667053222656,19086900
2014-04-09,34.915425964575235,34.936771392822266,34.58811673128475,34.936771392822266,15928100
2014-04-10,35.02217475353805,35.02217475353805,33.9477424621582,33.9477424621582,24910800
2014-04-11,33.76273308626145,34.773123357920326,33.24330675746635,34.21100616455078,36426700
2014-04-14,34.41735713439089,34.6379365888526,33.75562148532872,34.232357025146484,24321400
2014-04-15,34.346193870074565,34.780235697820785,34.18253924416277,34.70907974243164,21749600
2014-04-16,34.90831155428022,35.02927259951229,34.60234775074711,34.929656982421875,17866000
2014-04-17,34.87986162292164,35.07197868773147,34.72332118915296,34.81582260131836,19399900
2014-04-21,34.92254054933041,35.100426344188065,34.837153413487016,34.95100021362305,12478000
2014-04-22,34.89408174602839,35.21427675244432,34.794466124992795,35.029273986816406,14203800
2014-04-23,35.0079294668775,35.34235295842066,35.0079294668775,35.285430908203125,13309900
2014-04-24,35.39217241449935,35.39217241449935,34.98659015062525,35.09332275390625,12617100
2014-04-25,35.0577397399725,35.18581775485657,34.865622717646374,34.90119934082031,16274500
2014-04-28,35.05774382309781,35.100437404472416,34.53120051010169,34.822933197021484,18411700
2014-04-29,35.057741141297406,35.22851002508723,34.958125506699595,35.200050354003906,14745800
2014-04-30,35.18582973387525,35.3992922599146,35.12890494595901,35.321022033691406,14982800
2014-05-01,35.39217801858671,35.46333128915874,35.18582973387525,35.321022033691406,11851000
2014-05-02,35.41351257075797,35.58428145336568,35.22139554208247,35.2783203125,13369700
2014-05-05,35.064861289305256,35.321017372477606,34.936783247719084,35.264095306396484,9127000
2014-05-06,35.143119406804466,35.17158178720801,34.915425792220105,34.929656982421875,16213000
2014-05-07,35.11598317238848,35.42414405974919,35.022817553606295,35.395477294921875,15504500
2014-05-08,35.36682394016707,35.4671576551063,35.25932763202491,35.35249328613281,12901800
2014-05-09,35.30947998875784,35.34531207814367,35.05148457107876,35.173316955566406,15174600
2014-05-12,35.388318417221065,35.725143396954465,35.35248632156606,35.66064453125,16450500
2014-05-13,35.67498597745538,35.80398373801287,35.57465499342496,35.69648742675781,9707100
2014-05-14,35.732313954904654,35.732313954904654,35.25215509134951,35.323822021484375,13262500
2014-05-15,35.187650980867055,35.29514999315331,34.87232473667467,35.13748550415039,17370900
2014-05-16,35.12314874985042,35.20914904495224,34.922486862239225,35.173316955566406,13923400
2014-05-19,35.0013374778837,35.502995194138265,34.98700408784047,35.4671630859375,10533800
2014-05-20,35.373988309228295,35.445652507177236,35.02282717812508,35.08732604980469,15095400
2014-05-21,35.245002373736575,35.69649462675393,35.230668982581996,35.596160888671875,12933500
2014-05-22,35.60331802082604,35.861313514773386,35.5459844738093,35.82548141479492,12159000
2014-05-23,35.768151961850855,35.997480708539115,35.667820976901524,35.94731521606445,13167200
2014-05-27,36.04763960449999,36.334301852309906,35.97597540945441,36.226802825927734,13322200
2014-05-28,36.21247097874054,36.33430339607097,36.0619745224623,36.147972106933594,12458400
2014-05-29,36.26980421915855,36.26980421915855,35.94014453661346,36.02614212036133,13026600
2014-05-30,36.061976194175244,36.42030266886603,36.061976194175244,36.39163589477539,15489200
2014-06-02,36.506293403682456,36.671123223037604,36.456127925348866,36.613792419433594,11828300
2014-06-03,36.463295984432825,36.66395789776718,36.37013035303608,36.613792419433594,9293500
2014-06-04,36.51346591216727,36.599463494959416,36.42030026941769,36.577964782714844,10129200
2014-06-05,36.628133586079635,37.065292333423145,36.56363470968774,37.00079345703125,11862900
2014-06-06,37.02228872223678,37.280284203769575,36.98645662398253,37.251617431640625,13152400
2014-06-09,37.194287045886085,37.67444318236604,37.17995365965795,37.63144302368164,11049600
2014-06-10,37.552611049326785,37.717440879472086,37.402111870660455,37.68877410888672,12331700
2014-06-11,37.51679112808462,37.62429019359223,37.308963793285926,37.43796157836914,11735400
2014-06-12,37.35195984141917,37.46662423124352,37.01513473408092,37.05813217163086,13420600
2014-06-13,37.18712591447353,37.32329174210391,37.079629598454936,37.19429397583008,11111900
2014-06-16,37.179948799270974,37.1871141245414,36.506293403682456,36.613792419433594,16310500
2014-06-17,36.570797176685936,37.086788147471204,36.534965077895606,37.02228927612305,15470800
2014-06-18,37.04378654980122,37.36628089401587,36.92912219783754,37.29461669921875,18077100
2014-06-19,37.26595149526672,37.40928262470361,37.2157860100359,37.2802848815918,16335000
2014-06-20,37.53828245818091,37.91810764859786,37.45945019591005,37.90377426147461,29836500
2014-06-23,37.76760362153257,38.01843101142594,37.645771222289,37.968265533447266,13122500
2014-06-24,37.93243364519047,37.97543379818234,37.566939179293485,37.61710739135742,11226300
2014-06-25,37.47376989622307,37.80342947821177,37.31610542926627,37.69593048095703,12815300
2014-06-26,37.71027590097466,37.738942673902194,37.26595185585354,37.53111267089844,12545900
2014-06-27,37.43078318045125,37.91094207763672,37.37345236614176,37.91094207763672,16864500
2014-06-30,37.79626455023533,37.810595198460604,37.55260252320929,37.667266845703125,12914600
2014-07-01,37.789105786079936,37.946770293464546,37.71027353238764,37.78194046020508,12482600
2014-07-02,37.81059774443667,37.86793127645069,37.660101323619784,37.73893356323242,14436000
2014-07-03,37.90378414174072,38.039949987998526,37.86078670297701,37.98261642456055,8741500
2014-07-07,37.910925914198046,37.96825670406439,37.58843167803467,37.624263763427734,13551800
2014-07-08,37.48096150747594,37.58846058012499,37.3376303218822,37.44512939453125,17282100
2014-07-09,37.48094330394731,37.48094330394731,37.20144913138088,37.4021110534668,16116300
2014-07-10,37.108289811729996,37.23728756468733,36.92912656971304,37.129791259765625,20059900
2014-07-11,36.64246380628307,37.02945429737076,36.42030042151057,36.90045928955078,29998900
2014-07-14,36.843125683687745,37.151286651099475,36.64962907155848,36.771461486816406,21252400
2014-07-15,36.91478947609644,37.02228850403949,36.6926288279411,36.80012512207031,19293100
2014-07-16,36.96496147596531,37.0222922919372,36.58513354316831,36.6711311340332,21599400
2014-07-17,36.60663527547089,36.63529931677233,36.26980750239816,36.31997299194336,24398000
2014-07-18,36.52780119148202,36.807295400402914,36.39880344370099,36.749961853027344,15487400
2014-07-21,36.54929287617044,36.656791889919866,36.441793862421015,36.58512496948242,15236900
2014-07-22,36.6926288279411,36.89329076403337,36.58512979999805,36.80012512207031,11920800
2014-07-23,36.85745749825901,36.99362056003424,36.74279314786572,36.78579330444336,9109000
2014-07-24,36.87179503092798,37.02229149515613,36.850293583313906,36.97212600708008,9939600
2014-07-25,36.90046809596263,37.101130082475514,36.90046809596263,36.97929763793945,10040200
2014-07-28,36.771470323543056,37.05812991373081,36.67113659647208,36.97929763793945,13468000
2014-07-29,37.01513446508019,37.373461022404044,36.893302014006444,36.936302185058594,14511800
2014-07-30,37.07245136476741,37.48094326794343,37.04378459483591,37.33761215209961,11439600
2014-07-31,37.16562834480536,37.17996173414632,36.47047399774845,36.47764205932617,19638900
2014-08-01,36.190979888551745,36.62813869689308,35.99748323237699,36.08348083496094,18813700
2014-08-04,36.226796735563,36.570789734815314,36.2052980274264,36.5421257019043,13380100
2014-08-05,36.35580635474674,36.49913750148122,36.01897856999285,36.11931228637695,12766000
2014-08-06,35.98940406174367,36.458487038616354,35.9605395770053,36.126522064208984,15271500
2014-08-07,36.328571438469226,36.37908770597785,35.79453878532498,35.86670684814453,14109100
2014-08-08,35.88837550354103,36.11209249114792,35.700743943529666,36.08322525024414,14563200
2014-08-11,36.14096324600276,36.26364490237464,35.92446167110577,36.00384521484375,14666400
2014-08-12,35.982199672502674,36.278082067101266,35.902816121012194,35.92446517944336,15219900
2014-08-13,36.097653079058894,36.16981841680827,35.96775326876508,36.07600402832031,12283100
2014-08-14,36.16261785579603,36.436851207296066,36.12653517208262,36.35746765136719,11904300
2014-08-15,36.444055081767935,36.530654045794904,35.989405702996365,36.234771728515625,13297200
2014-08-18,36.42239722882229,36.61002873103483,36.37188094926773,36.58116149902344,9913700
2014-08-19,36.63890369790587,36.869836096887774,36.62447007885308,36.703853607177734,8718400
2014-08-20,36.6533380948053,36.76158611060139,36.5450873260778,36.69663619995117,8402900
2014-08-21,36.80489962117803,37.09356660173276,36.73273425250552,37.014183044433594,10102200
2014-08-22,37.05026160843316,37.230677762982815,36.89871269931515,36.93479537963867,9210400
2014-08-25,37.15128390878001,37.34613363199434,37.100767619753846,37.129634857177734,8665600
2014-08-26,37.21623032479149,37.302829276006925,37.14406499093379,37.209014892578125,7025200
2014-08-27,37.273971803495236,37.310054477209334,36.99973852799129,37.050254821777344,8315800
2014-08-28,36.95642599277581,37.00694227060314,36.80487715929385,36.91312789916992,7718000
2014-08-29,36.999732015632965,37.144065438016646,36.93478211320686,37.122413635253906,8860700
2014-09-02,37.31726104868633,37.31726104868633,36.9780806928044,37.21622848510742,9990300
2014-09-03,37.34614239750804,37.54820760103943,37.0935608930938,37.20180892944336,7735500
2014-09-04,37.15849677146128,37.46880989405471,37.09354687302757,37.21622848510742,8306200
2014-09-05,37.079133201596306,37.273983001708984,36.92036608603805,37.273983001708984,12102500
2014-09-08,37.15127747387689,37.331693547129746,37.05024491332422,37.14406204223633,7746900
2014-09-09,36.970873930742,37.0646910914505,36.8048914174465,36.85540771484375,10745000
2014-09-10,36.86262530739708,37.2523220591869,36.8481916865261,37.18015670776367,11381400
2014-09-11,37.09355566772164,37.33170351648831,37.03582118745605,37.23067092895508,8981900
2014-09-12,37.28840297230388,37.54820262983768,37.18015495028583,37.310054779052734,12523700
2014-09-15,37.33170839260662,37.6420243822375,37.28119209224177,37.48325729370117,10414800
2014-09-16,37.36778678795668,37.872952486635434,37.36778678795668,37.75027084350586,10524600
2014-09-17,37.80800094941461,38.13996594321281,37.649233885888755,37.89459991455078,16919100
2014-09-18,37.981212786228575,38.522461294903394,37.981212786228575,38.42142868041992,16388300
2014-09-19,38.681204937945196,38.825538346886276,38.40697448918103,38.50800704956055,22553800
2014-09-22,38.43584899384565,38.60904968033703,38.11831761369823,38.17605209350586,13445700
2014-09-23,38.139961203613524,38.27707919704875,37.59149748866599,37.59871292114258,20596500
2014-09-24,37.6853226901247,37.73583898706065,37.439956639465045,37.6203727722168,18245200
2014-09-25,37.598716519441744,37.64923281040575,37.10076904296875,37.10076904296875,16684900
2014-09-26,37.129641469676166,37.468821934552764,37.05747336326387,37.4327392578125,10753400
2014-09-29,37.288399938114665,37.46881604639569,37.0791193447365,37.302833557128906,9995300
2014-09-30,37.38222295978978,37.65645625829297,37.317273040484594,37.4327392578125,16669900
2014-10-01,37.4110860910597,37.49768505630588,36.94922127250475,36.99251937866211,16527000
2014-10-02,36.941988620648964,37.17292093949922,36.72548991584315,37.09354019165039,15434400
2014-10-03,37.36778054085613,37.670881010564045,37.223449867875445,37.59871292114258,14018800
2014-10-06,37.71419268003257,37.858526157872426,37.51934565082069,37.54821014404297,10872300
2014-10-07,37.41108894775187,37.41108894775187,36.84819150127189,36.86262512207031,11889700
2014-10-08,36.98530463813044,37.66366825897446,36.86983843132866,37.634803771972656,15267200
2014-10-09,37.56984960383592,37.678097611929616,36.826533400856064,36.891483306884766,18735700
2014-10-10,36.81209328729022,37.33891062819827,36.523429230375214,36.54507827758789,20211500
2014-10-13,36.52345200585906,36.7904671820681,36.19148689457946,36.227569580078125,19298900
2014-10-14,35.72238633483775,35.98218594865101,34.7914386363173,35.23887252807617,45851500
2014-10-15,34.733706995274794,35.01515565988658,33.51409244471558,34.531639099121094,38470600
2014-10-16,34.048125715449636,35.130622286938035,33.95430857509992,34.733707427978516,28973400
2014-10-17,34.99352478277468,35.38322165380851,34.93579028162446,35.137855529785156,28314000
2014-10-20,35.13061910560755,35.53475211342128,35.0801028237472,35.491451263427734,15018500
2014-10-21,35.81620207341312,36.50178374907413,35.77290122182692,36.40796661376953,17660200
2014-10-22,36.458493977287695,36.58117563133527,36.184260673097114,36.205909729003906,20078200
2014-10-23,36.631701601770054,36.79046872815515,36.43685454130251,36.5162353515625,14394500
2014-10-24,36.50179511869472,36.985309057156606,36.480143309692,36.94922637939453,10888600
2014-10-27,37.028602600097656,37.06468527072465,36.81210107047308,37.028602600097656,11654500
2014-10-28,37.20902209168027,37.37500459401164,37.021387782657634,37.3677864074707,13267200
2014-10-29,37.41108692376787,37.72140287181624,37.29562071655905,37.649234771728516,16546900
2014-10-30,37.533763355422195,37.973979069601896,37.46881345082304,37.85851287841797,14107600
2014-10-31,38.27709252061112,38.370906940117436,38.089458175734315,38.313175201416016,21126300
2014-11-03,38.40698406717886,38.681214584331094,38.31316691503127,38.51523208618164,14349500
2014-11-04,38.52244535083201,38.601828873050735,38.18326221150878,38.44306182861328,14931500
2014-11-05,38.81353826903917,38.9007099536424,38.595607671962156,38.88618087768555,14496900
2014-11-06,38.90074017867227,39.31480946618281,38.84988975888256,39.27122497558594,15328100
2014-11-07,39.37291090395349,39.40923222274204,38.966104928560306,39.111392974853516,13312700
2014-11-10,38.9951478475647,39.22034436983942,38.95156061937472,39.1041145324707,11837300
2014-11-11,39.140446527337275,39.30026086540752,38.88619178349229,38.922515869140625,12520500
2014-11-12,38.71910932600905,38.9878903635178,38.65372985514059,38.893455505371094,10687900
2014-11-13,38.91524379175634,38.98788640929217,38.58834647056862,38.78448486328125,13494400
2014-11-14,38.78449028844052,39.00242094267031,38.668260421442056,38.75543212890625,9488400
2014-11-17,38.573808245905305,38.85712103784543,38.406728048281686,38.820796966552734,9657900
2014-11-18,38.57381943435165,38.86439546215018,38.52296904515766,38.69731521606445,12580400
2014-11-19,38.69004611125474,38.79901280550766,38.44305733926785,38.762691497802734,12490600
2014-11-20,38.61740904632534,38.90798509200552,38.559295499872434,38.84986877441406,10245900
2014-11-21,39.22761406890941,39.292993536536464,39.00968343386537,39.08959197998047,14587500
2014-11-24,39.27119943732097,39.489130062004044,39.17676181720763,39.300254821777344,11028000
2014-11-25,39.39470151609759,39.43102283338801,39.08233319935,39.14044952392578,14390400
2014-11-26,39.36563935640639,39.532719615887174,39.20582502232919,39.4310188293457,11792500
2014-11-28,39.46007552749817,39.7651806469633,39.423754215240976,39.5763053894043,11054300
2014-12-01,39.53272029122029,39.656216084943594,39.00968726990945,39.096858978271484,13858500
2014-12-02,39.04601323690071,39.54725408363415,39.04601323690071,39.3874397277832,12925300
2014-12-03,39.35111199546992,39.67074621986212,39.3002615999782,39.510929107666016,14781300
2014-12-04,39.46009563710145,39.692555479379585,39.351128873659874,39.59085464477539,12310000
2014-12-05,39.874144554213814,40.2083050605542,39.84508639597417,39.97584533691406,14261400
2014-12-08,39.91775394759865,40.063042048299344,39.65623592056541,39.78699493408203,18939300
2014-12-09,39.43829329833178,39.8814206252338,39.263947075678495,39.830570220947266,12895800
2014-12-10,39.75791123453842,40.019429093673274,39.38016352369233,39.41648483276367,23309500
2014-12-11,39.656219349198466,40.08481754303776,39.496402228097374,39.53998947143555,17007700
2014-12-12,39.13317853339086,39.670743381592665,38.98062735783008,39.00968551635742,18792900
2014-12-15,39.2348805304596,39.525456582442246,38.617409883919734,38.63920211791992,24852800
2014-12-16,38.37041631042747,39.060532269909054,38.30503684539999,38.3340950012207,24243300
2014-12-17,38.53024136331822,39.11865389909514,38.457595958745316,39.075069427490234,19782600
2014-12-18,39.53998528211752,40.106605529785156,39.48913488918009,40.106605529785156,21404700
2014-12-19,39.88141705960672,40.2591620944944,39.55451965332031,39.55451965332031,36186100
2014-12-22,39.56178537517517,39.93227005004883,39.474613651556304,39.93227005004883,17395500
2014-12-23,40.01216871083384,40.41897183442188,39.99763963197163,40.29547882080078,13205700
2014-12-24,40.41172117129369,40.49162974416531,40.186524536031804,40.201053619384766,4297000
2014-12-26,40.25189307486839,40.346330705400845,40.142926364935676,40.15745544433594,5826000
2014-12-29,40.01217219078912,40.644171935000266,40.01217219078912,40.469825744628906,11385600
2014-12-30,40.33180831187592,40.498888595968346,40.24463659216226,40.25916290283203,8749400
2014-12-31,40.317269354508966,40.44076236292593,39.82329177856445,39.82329177856445,10090800
2015-01-02,40.033965166289775,40.0920787167299,39.36564132382648,39.73612594604492,11700900
2015-01-05,39.32931925484658,39.48913636498758,38.57382371562927,38.64646911621094,15000500
2015-01-06,38.75543207791672,38.84260655640484,37.66577603706277,37.84012222290039,20211200
2015-01-07,38.2323993228104,38.23966247716452,37.85465156020757,38.0653190612793,15714700
2015-01-08,38.50116844687055,38.929766470615185,38.472110296177206,38.90797424316406,16721600
2015-01-09,38.89345914287587,38.92978045872451,38.2614566083267,38.26872253417969,14550800
2015-01-12,38.19607552216168,38.2759812994096,37.56407306009047,37.81106185913086,16967500
2015-01-13,37.99268035476049,38.15976064572412,37.229921540834624,37.6657829284668,25080900
2015-01-14,37.048298682236094,37.578597526915836,36.62696375923299,37.22990798950195,37590100
2015-01-15,37.20085092470489,37.44057654746256,36.65602298695185,36.84489822387695,32144700
2015-01-16,36.706872161379884,37.556805157216914,36.69234308431604,37.51321792602539,23174900
2015-01-20,37.7602130469565,37.99267277681289,37.5568114761168,37.774742126464844,17691000
2015-01-21,37.767475817882676,38.2832456272275,37.56407149289305,37.847381591796875,17928300
2015-01-22,38.13069653850354,39.09685674305429,38.123430613391236,39.0605354309082,21488700
2015-01-23,39.03147077693229,39.213080078576944,38.67551809754606,38.69004440307617,17779700
2015-01-26,38.43580138706741,38.93704217803356,38.42127230703581,38.922515869140625,13429400
2015-01-27,38.45033484200164,38.74817408869108,38.18881691395453,38.479393005371094,14351600
2015-01-28,38.7263645035943,38.76268580596587,37.883697541340155,37.890960693359375,18775100
2015-01-29,37.949101957896524,38.42855066955233,37.70211305970174,38.326847076416016,16700000
2015-01-30,37.920037222933104,38.33410636716462,37.702106531938476,37.71663284301758,21754800
2015-02-02,37.91277731690906,38.435813275267,37.767492013933655,38.3631706237793,17714500
2015-02-03,38.50843743048337,38.8861851332876,38.47938204652781,38.82807159423828,20258900
2015-02-04,38.776885986328125,39.1205628516528,38.681828683096725,38.776885986328125,14435600
2015-02-05,38.93045620196783,39.36919049163007,38.915831353725146,39.24488067626953,13281900
2015-02-06,39.573933138602776,40.27591191344404,39.36187981071779,39.81523895263672,19317000
2015-02-09,39.683618350317516,39.81523919707051,39.544686474035856,39.63974380493164,9739200
2015-02-10,39.939541526595114,40.00535194222999,39.647052959976776,39.90298080444336,12342500
2015-02-11,39.5300513879128,39.67629425584853,39.23756007323354,39.413055419921875,18296800
2015-02-12,39.62511341865204,40.144285703578305,39.464245686861865,40.11503601074219,20159500
2015-02-13,40.20278289946728,40.62689508370388,40.0784758871661,40.45871353149414,18809000
2015-02-17,40.44408906451357,40.55377123120817,40.18084740139966,40.48796081542969,11908600
2015-02-18,40.2832114128476,40.36364666116963,39.77866684074186,39.86641311645508,13231600
2015-02-19,39.78599068714491,40.08579311604797,39.581248381378344,39.89567565917969,10784600
2015-02-20,39.78597393860393,40.17352250834722,39.50810750531826,40.09309005737305,15049100
2015-02-23,39.98342908915435,40.29785642299405,39.68362660681942,40.29054260253906,13715000
2015-02-24,40.35633998387273,40.612270618302055,40.23203297040467,40.48796081542969,11957800
2015-02-25,40.50258528199842,40.64151993034007,40.392903116333436,40.45871353149414,10516900
2015-02-26,40.378276783681784,40.47333409921225,40.18815657381249,40.327091217041016,13579100
2015-02-27,40.085767193805516,40.42213013273628,40.0638313293457,40.0638313293457,12937000
2015-03-02,40.06384911671724,40.626893132854576,40.012663550650586,40.61957931518555,12988500
2015-03-03,40.546451568603516,40.64151165768694,40.319770675990334,40.546451568603516,11759600
2015-03-04,40.34170890288729,40.363647564359354,39.97609615826339,40.08578109741211,16653300
2015-03-05,40.173531902830135,40.22471746969402,39.96147860699584,40.10041046142578,9576100
2015-03-06,40.20278005477873,40.57570664410308,39.85910315665708,39.9176025390625,17298400
2015-03-09,40.056528536591514,40.22471005233252,39.94684639471017,39.97609329223633,11937900
2015-03-10,39.60318370385689,39.61049473350101,38.967018127441406,38.967018127441406,18723200
2015-03-11,39.39112602511397,39.47887511380338,39.19369475966963,39.26681900024414,16612900
2015-03-12,39.866419260402985,40.68539113521637,39.63242729617058,40.64883041381836,26266900
2015-03-13,40.575707440917164,40.692703418621456,40.232030536046494,40.46602249145508,17591400
2015-03-16,40.58301628039976,40.81700822318849,40.458709281157496,40.751197814941406,15505200
2015-03-17,40.58302534082045,40.93401333336386,40.40752994984644,40.88282775878906,13107700
2015-03-18,40.71463806120161,41.15337226697069,40.57570621356901,41.07293701171875,20000500
2015-03-19,40.91206923713994,40.934005110578504,40.392899776797556,40.590328216552734,14841100
2015-03-20,40.60495233086449,41.102185908815336,40.59764130298463,40.95594024658203,26487200
2015-03-23,40.970568082015326,41.1606882936159,40.75120096735668,40.78776168823242,16477400
2015-03-24,40.729269734919384,40.85357675794591,40.47333908081055,40.47333908081055,13927400
2015-03-25,40.407526848875435,40.480651085088134,39.881046295166016,39.881046295166016,15413700
2015-03-26,39.74211404497902,40.03460542871318,39.464250298776584,39.85179901123047,15038600
2015-03-27,39.88103734799739,39.924909090478145,39.456925241324996,39.57392120361328,13600300
2015-03-30,39.77135835553633,40.23203124624334,39.77135835553633,40.049224853515625,11706700
2015-03-31,39.82984919107891,39.990716885355944,39.62510417837532,39.778663635253906,13306200
2015-04-01,39.793282913960496,39.793282913960496,39.32529912796369,39.44229507446289,15436900
2015-04-02,39.44961197373963,39.83716055379786,39.35455188809009,39.7567253112793,13498900
2015-04-06,39.354549943077664,39.756723346390324,39.16443257057833,39.54467010498047,10786100
2015-04-07,39.69092231849576,39.7713575760241,39.4715552094029,39.50080490112305,10853700
2015-04-08,39.47155831949149,39.74942483391863,39.36187615100493,39.486183166503906,9828700
2015-04-09,39.53004570421623,39.69822720968401,39.288739985890594,39.62510299682617,10279400
2015-04-10,39.7274905152724,39.837172688058104,39.530059256972784,39.720176696777344,9531500
2015-04-13,39.72748512505304,40.019973668867905,39.690921616347616,39.9176025390625,14931600
2015-04-14,39.43498562220278,39.82984800342464,39.17174403472154,39.62510299682617,29289600
2015-04-15,39.75673112036548,40.15159357438664,39.62511030235843,40.07847213745117,16899900
2015-04-16,39.873727093104634,40.26858954712579,39.73479524716564,40.07847213745117,15643200
2015-04-17,39.78598872819333,39.89567369482753,39.47156146587352,39.52274703979492,17569700
2015-04-20,39.73480294730813,39.9761059674801,39.61049313314322,39.749427795410156,13327200
2015-04-21,39.88835684946302,40.10772397668212,39.62511518103837,39.69092559814453,10954200
2015-04-22,39.71285447807889,40.15158862441162,39.60316954679387,39.97609329223633,13563800
2015-04-23,39.78598393984645,40.30515343536848,39.78598393984645,40.11503601074219,14657800
2015-04-24,40.041914813477774,40.15891080428528,39.932232641135734,39.998043060302734,15268100
2015-04-27,40.06385188419208,40.58302139839012,40.005352496415455,40.195472717285156,19852400
2015-04-28,40.15159910025959,40.53183676134314,40.1223494056983,40.5172119140625,13028300
2015-04-29,40.3417158746703,40.773139099460444,40.275908247092964,40.55377197265625,18144500
2015-04-30,40.69271904540743,40.69271904540743,40.05655055727303,40.29054260253906,16577800
2015-05-01,40.40751642902955,40.64151113516579,40.188149355768225,40.35633087158203,12069400
2015-05-04,40.414834745858116,40.780447505141,40.407520928606225,40.751197814941406,9981800
2015-05-05,40.751196067817666,41.09487293941841,40.6561359734465,40.7438850402832,17068100
2015-05-06,40.80646463712176,40.93161391064241,40.08500845013833,40.43101119995117,15670700
2015-05-07,40.46045431268484,40.629775384839306,40.20279242208108,40.35002899169922,14723100
2015-05-08,40.61505816299349,41.26289749145508,40.55616521039032,41.26289749145508,17477500
2015-05-11,41.16719401929031,41.196641900269995,40.81382787244756,40.865360260009766,12922100
2015-05-12,40.718118290474195,40.9610562389833,40.4899014711926,40.835906982421875,11705900
2015-05-13,40.8359087218469,41.100933992094035,40.762289031053776,40.931610107421875,11448100
2015-05-14,41.18927118461225,41.321783808063536,41.01995012315869,41.25552749633789,11025400
2015-05-15,41.255528943256145,41.255528943256145,40.71075449348296,40.87271499633789,13323200
2015-05-18,40.916892505880455,41.21136286953331,40.89480519258587,41.04204177856445,10637300
2015-05-19,41.15246358474001,41.74140702968272,41.1451002120073,41.52055358886719,17194100
2015-05-20,41.46167008482946,41.498478534451806,41.17456024614857,41.28498840332031,13292000
2015-05-21,41.15983113855961,41.3586001115379,41.1009381882166,41.23344802856445,13466700
2015-05-22,41.255533540879696,41.39540674910339,41.21872509748443,41.2260856628418,8568800
2015-05-26,41.203989636184886,41.22607413438549,40.82853631695395,40.975772857666016,15859100
2015-05-27,41.16719026874214,41.454302869679864,41.012593120140146,41.277618408203125,12526100
2015-05-28,41.307063202287324,41.4469364012972,41.14510269205187,41.380680084228516,10348700
2015-05-29,41.41013676398871,41.41749733042605,40.99051426944466,41.1966438293457,17291500
2015-06-01,41.40276405665085,41.586809054966096,41.07884306230159,41.25552749633789,15746200
2015-06-02,41.23344853195374,41.557369591859995,41.0346823648532,41.35860061645508,13148700
2015-06-03,41.48374568896623,42.10950043145436,41.48374568896623,41.8960075378418,16197700
2015-06-04,41.61625326632092,41.88127850778453,41.174546402750735,41.32914352416992,17627100
2015-06-05,41.991717148929816,42.12422980286291,41.52056229419191,41.6751594543457,16890300
2015-06-08,41.918093879402846,41.918093879402846,41.31442642211914,41.31442642211914,14248400
2015-06-09,41.395407563463436,41.91073420604768,41.226086473870836,41.74141311645508,14669900
2015-06-10,41.947549761828164,42.381896216004975,41.89601736966352,42.11687088012695,18622400
2015-06-11,42.153663635253906,42.381880435799324,42.01379045264435,42.153663635253906,13943300
2015-06-12,42.05797418714758,42.175762902824005,41.770864368205324,42.028526306152344,13439000
2015-06-15,41.704609904289065,42.01380424364629,41.57945780861736,41.947547912597656,12920600
2015-06-16,41.85183696138301,42.138949555240394,41.76349613697529,42.12422561645508,10476100
2015-06-17,42.19048135792477,42.367163004315884,42.03588140695237,42.0874137878418,17497700
2015-06-18,42.175766313805454,42.58066488117046,42.10214660536336,42.47760009765625,18299900
2015-06-19,42.271451193134254,42.3818793084649,41.99906539916992,41.99906539916992,36241100
2015-06-22,42.38924893172006,42.72789108316157,42.35243768231221,42.63218688964844,15111200
2015-06-23,42.69845387794392,42.8898595045013,42.52176938486386,42.61747360229492,13354200
2015-06-24,42.45549981067704,42.80886868663432,42.359798431396484,42.359798431396484,16166600
2015-06-25,42.51439958184457,42.54384745901114,42.05796871897937,42.0874137878418,14053600
2015-06-26,42.21256932760497,42.38925379680729,42.175760882276585,42.28618621826172,16975900
2015-06-29,41.815019995583114,42.10212972261589,41.23343716947365,41.27024841308594,19289700
2015-06-30,41.62362830447401,41.87392967952928,41.218729764671096,41.402774810791016,17346700
2015-07-01,42.02852017468379,42.10950043145436,41.67515407920649,41.8960075378418,12165300
2015-07-02,41.84447564895632,42.06532911018408,41.608898249206156,41.77085876464844,10106800
2015-07-06,41.29970929356629,41.61626701340467,41.23345296131396,41.550010681152344,11682100
2015-07-07,41.461665747557866,41.57209389317781,40.548803935876734,41.410133361816406,15831800
2015-07-08,41.1082888522572,41.35122677740089,40.64449469368732,40.67394256591797,12906600
2015-07-09,41.27025978493076,41.33651611006448,40.81382607476317,40.85799789428711,13623200
2015-07-10,41.46903345973674,41.56473486709391,41.12302785501635,41.28498840332031,13269600
2015-07-13,41.63834612625096,41.785579894866714,41.53527855659415,41.77085876464844,15521800
2015-07-14,41.56472597113103,42.23464972077306,41.51319359102811,42.14630889892578,20066300
2015-07-15,42.26408655286447,42.81622145965592,42.15365844818483,42.53647232055664,17159400
2015-07-16,42.87513214725444,42.95610960284398,42.68372374017722,42.8235969543457,13194500
2015-07-17,42.676357482792646,42.73525042521274,42.32299140336019,42.65427017211914,12963900
2015-07-20,42.69107956285667,42.91193300185397,42.61009931328677,42.73524856567383,10084900
2015-07-21,42.71317637227214,42.97083832396487,42.51440737740718,42.661643981933594,12504300
2015-07-22,42.74998285299451,43.13279688381545,42.691089898878346,43.08126449584961,14871100
2015-07-23,43.23585273968373,43.265300614818635,42.74997403317357,42.8530387878418,13582200
2015-07-24,42.83094539416676,42.94873406195014,42.477579390816636,42.53647232055664,13157300
2015-07-27,42.31563000314083,42.580655277146754,42.21256524287277,42.396610260009766,15495300
2015-07-28,42.499670879305775,42.580651128284366,42.08004850578383,42.25673294067383,16730600
2015-07-29,42.4039696369839,42.79414697202928,42.27145700369363,42.66899490356445,13718400
2015-07-30,42.58801975012386,42.83832110873039,42.49231835440986,42.808876037597656,9864800
2015-07-31,42.867762686121175,42.882486623675135,42.54384448484592,42.60273742675781,12369800
2015-08-03,42.74997558616305,42.74997558616305,42.33035317931073,42.63218688964844,13085900
2015-08-04,42.5291171613421,42.81622690002623,42.48494535219696,42.56592559814453,12324700
2015-08-05,42.836395918348266,42.99200227903445,42.59186921443835,42.717838287353516,12032500
2015-08-06,42.71783039148516,42.940125555182156,42.53999256454574,42.628910064697266,12556600
2015-08-07,42.658562493942604,42.873449105787344,42.26584083043386,42.58446502685547,13596200
2015-08-10,42.82897500408414,42.96235266278415,42.740057507162895,42.93271255493164,12397500
2015-08-11,42.40662379902936,42.64373906694405,42.22137731930621,42.39180374145508,15425500
2015-08-12,42.16210236970508,42.19915110247875,41.64341163096228,42.028724670410156,21663200
2015-08-13,42.05094459857904,42.332519997040976,41.962027093088736,42.15468215942383,11868600
2015-08-14,42.15466979235533,42.510342536608086,42.102801027149866,42.48070526123047,9742500
2015-08-17,42.251012946787824,42.60668581088227,42.18432410810532,42.49553680419922,11462500
2015-08-18,42.53999688569466,42.76970351327542,42.436259320540984,42.63632583618164,10581500
2015-08-19,42.443666047677006,42.643732554420424,42.19914220163718,42.2806510925293,13744600
2015-08-20,41.83606466114612,41.924985007354586,41.57672071796388,41.584129333496094,20857700
2015-08-21,40.9987500053495,41.33219138929315,39.983597316844914,39.99100875854492,31954400
2015-08-24,36.45650447157734,39.45008799105246,35.38207442120808,37.97552490234375,40198100
2015-08-25,39.67980100559261,39.75390130394835,37.04930118666674,37.06412124633789,31041800
2015-08-26,38.20524621327738,38.83508329861013,37.47908013874672,38.75357437133789,30235800
2015-08-27,39.59826837643699,40.08731874615707,39.18331826069612,40.03544998168945,26452500
2015-08-28,39.82798487231024,39.961362536153075,39.30188565750594,39.67237854003906,18342200
2015-08-31,39.568642002634405,39.68719961502806,39.31670672296832,39.51677322387695,13842200
2015-09-01,38.61277853855878,38.768384910600005,37.442019373744785,37.782875061035156,28031700
2015-09-02,38.89434620504371,38.89434620504371,37.99034261709813,38.52385330200195,20919600
2015-09-03,38.820236300523625,39.27223798239404,38.69427010151623,38.849876403808594,15719000
2015-09-04,38.3830743468765,38.39789440611629,37.6124482262308,38.00517272949219,22303800
2015-09-08,39.012911343939145,39.25743523724805,38.51644928827779,39.22038650512695,19685400
2015-09-09,39.72425185244,39.790940691974704,38.54608423841793,38.67205047607422,16221500
2015-09-10,38.583147396189865,39.16852711475257,38.38308080275814,38.946231842041016,17996200
2015-09-11,38.783201734464086,39.02031699398174,38.553495090152744,38.99067687988281,12549400
2015-09-14,38.9980805327267,39.18332696889081,38.83506276437867,39.1018180847168,16225600
2015-09-15,39.30188977750501,39.85762915956259,39.13887198757772,39.620513916015625,14305500
2015-09-16,39.65755409859034,39.93171800987843,39.1981437665278,39.80575180053711,15218500
2015-09-17,39.79094073588033,39.946547086087456,38.553492895734585,38.68687057495117,25025800
2015-09-18,37.990342165662035,38.14594850469775,37.567980487344244,37.819915771484375,39561600
2015-09-21,38.17559008585239,38.346016486596426,37.92365479200542,38.197818756103516,16673300
2015-09-22,37.69394360712648,37.901421535364626,37.293813457842305,37.56056594848633,21761300
2015-09-23,37.70136622173642,37.745823570035704,37.4197907670802,37.62726593017578,12521200
2015-09-24,37.115983864643326,37.55316565895119,36.901097275131335,37.45683670043945,17064300
2015-09-25,38.05704042055283,38.434942026984885,37.84215380775951,38.145957946777344,18394800
2015-09-28,37.84215806479977,38.0125845203343,37.19750098053652,37.32346725463867,17647900
2015-09-29,37.39754669138559,37.76062807727395,37.049282531070034,37.70875930786133,20816400
2015-09-30,38.25710337390818,38.32379221895933,37.5679862505919,38.049625396728516,20514800
2015-10-01,38.16817508176684,38.42752179257917,37.730993372272785,38.11630630493164,15556600
2015-10-02,37.25677099971641,38.005168358752485,36.68621150446856,37.98293685913086,21630300
2015-10-05,38.31636956836606,38.953617717634465,38.16076325097804,38.835060119628906,15240700
2015-10-06,38.66464633541826,38.93140172442498,38.471988409296955,38.553497314453125,14490700
2015-10-07,38.89434849228105,39.072183513282475,38.46457534269366,38.67205047607422,13863500
2015-10-08,38.701708818675996,38.968464302468504,38.36085584566913,38.93141555786133,15384100
2015-10-09,39.28707436100533,39.32412309219038,38.516448315153355,38.635005950927734,16983100
2015-10-12,38.620182164872126,38.84988879866363,38.34601818860512,38.664642333984375,10639000
2015-10-13,38.54608218320896,38.76096874654528,38.31637556447325,38.42752456665039,16002200
2015-10-14,38.30896814825218,38.45716588024459,37.597622426652556,38.160770416259766,26269100
2015-10-15,38.516442254603795,39.04995294495928,38.35342447107594,39.04254150390625,18262400
2015-10-16,39.38340471270456,39.4130420027159,38.90917132624074,39.1833381652832,15676300
2015-10-19,39.09442680609022,39.279673337789475,38.8647229158313,38.946231842041016,15515700
2015-10-20,38.99067965622091,39.48714170949949,38.96104236664852,39.33153533935547,13583300
2015-10-21,39.30189812694785,39.90950642094913,39.294486684029366,39.361175537109375,17666700
2015-10-22,39.568639196971375,40.34667364980204,39.568639196971375,40.05768966674805,18263200
2015-10-23,40.26517325503269,40.60602608501867,40.094746840039704,40.56897735595703,16924800
2015-10-26,40.57639953150117,40.61345109958205,40.13180898090842,40.2281379699707,12661400
2015-10-27,39.998412405558014,40.257759126746706,39.87985479281464,40.102149963378906,12443900
2015-10-28,40.19106217189857,41.12470283027143,40.13919057683285,41.08765411376953,16681600
2015-10-29,41.04320660159736,41.176584283400715,40.68753372566735,40.8209114074707,11334900
2015-10-30,40.80609095063061,40.80609095063061,40.03546498035779,40.116973876953125,18450500
2015-11-02,40.16884729899684,40.769046930526144,40.10956989339724,40.6430778503418,10992300
2015-11-03,40.51710416465131,40.86536839856608,40.34667776818822,40.70235061645508,10709100
2015-11-04,40.70607493381654,40.84782893201061,40.571780474026035,40.72099685668945,12823600
2015-11-05,40.54940673517521,41.09404710075753,40.54940673517521,40.929908752441406,12263900
2015-11-06,41.810290232588486,42.034113483233384,41.452172462343235,41.66853332519531,22376800
2015-11-09,41.84013005489052,41.944580705376275,41.13881366551457,41.3850212097168,17609700
2015-11-10,41.25818613889667,41.750598379979,41.20596081378694,41.713294982910156,13475900
2015-11-11,41.877440802750776,41.907281818079824,41.41486948930961,41.63123321533203,10808500
2015-11-12,41.42231563397701,41.593913500613034,41.16118621826172,41.16118621826172,17552200
2015-11-13,41.04928300367639,41.30295007689984,40.534489316575865,40.71354675292969,16550200
2015-11-16,40.646383348270646,41.23578643798828,40.58669850856275,41.23578643798828,11955400
2015-11-17,41.280564144327585,41.39993670434205,40.91498407837096,41.004512786865234,11331900
2015-11-18,41.07911579414365,41.60883126594413,41.011968562079794,41.53422164916992,16612600
2015-11-19,41.60883641996199,41.832659605877495,41.37755084841178,41.758052825927734,12167600
2015-11-20,41.974422567843085,41.974422567843085,41.57154188579769,41.646148681640625,16264100
2015-11-23,41.70582062392791,41.81027123703629,41.45215362949368,41.48199462890625,9638100
2015-11-24,41.138816401892804,41.392483503973956,40.95229655759981,41.24326705932617,14156500
2015-11-25,41.37755520135968,41.42232098167866,41.10896621157884,41.1984977722168,10034400
2015-11-27,41.288036867717786,41.38502799309518,41.01944781040639,41.325340270996094,4914000
2015-11-30,41.37754814195505,41.549146001468465,41.10895919799805,41.10895919799805,15998900
2015-12-01,41.4148628476832,41.608845069583445,41.23580540015494,41.56407928466797,15543400
2015-12-02,41.631226549875834,41.631226549875834,41.034363647847776,41.094051361083984,12779900
2015-12-03,41.131350120053796,41.1984973668383,40.31066123201356,40.437496185302734,15410100
2015-12-04,40.646388555050834,41.69090042136283,40.51955647563348,41.53422164916992,19647700
2015-12-07,41.370093968038454,41.45216313889818,41.049279670713915,41.34770965576172,17991600
2015-12-08,41.01944407447759,41.19104199078297,40.4971879379451,40.58671951293945,19949500
2015-12-09,40.37779998779297,40.989584620481814,40.07190767144855,40.37779998779297,18499600
2015-12-10,40.47479535665559,41.02689519996481,40.19874685803408,40.54194259643555,14075300
2015-12-11,39.87793008454344,40.24350726460076,39.534734367654444,39.77347946166992,17815700
2015-12-14,39.78093876290138,39.96745854436512,39.35567388884933,39.691410064697266,22055100
2015-12-15,40.161437324875045,41.12387715307452,40.14651540208809,40.967201232910156,19056700
2015-12-16,41.19104296486831,41.810290232588486,40.90007245442323,41.66853332519531,21086800
2015-12-17,41.862511523975535,41.95950263345521,41.3850212097168,41.3850212097168,18800500
2015-12-18,41.03435454316324,41.14626755761652,40.13159942626953,40.13159942626953,31468600
2015-12-21,40.51210103872893,40.69116130362991,39.952541624254586,40.303199768066406,12993400
2015-12-22,40.55686452150512,40.661315150925894,40.064452378474165,40.54194259643555,10318100
2015-12-23,40.73593224187872,41.079130913221825,40.63148158601788,41.064208984375,13033600
2015-12-24,41.01197940745554,41.101508125194066,40.81799719861101,40.90006637573242,4999400
2015-12-28,40.698625044483414,40.870222941106654,40.41511411498705,40.795616149902344,8288800
2015-12-29,41.11643029205692,41.29548772857723,41.026901573796756,41.25072479248047,7894900
2015-12-30,41.23579281101381,41.2656366585129,40.87767517922251,40.9522819519043,8016900
2015-12-31,40.66877586429131,40.99705253316479,40.45241505970303,40.55686569213867,10929800
2016-01-04,39.60935019641994,39.7436446982598,39.01994686568573,39.47505569458008,25985400
2016-01-05,39.48997645308381,39.74364352170893,39.20646553025183,39.46013259887695,14759600
2016-01-06,38.88564998727974,39.258689614910004,38.669289166264726,38.70659255981445,20026400
2016-01-07,38.05751162346862,38.191806152617104,37.41588568495251,37.6024055480957,30425600
2016-01-08,37.90081779724513,37.945583567930974,36.9010716871219,36.97568130493164,22981400
2016-01-11,37.4382600753579,37.550173110499436,37.035376564128455,37.37111282348633,19046400
2016-01-12,37.96052386200211,38.438014262796166,37.639709465330995,38.318641662597656,28961500
2016-01-13,38.594674489854086,38.64689980321261,36.93091830955751,37.102516174316406,22013500
2016-01-14,37.36365339942705,38.050045001978155,37.00553282428148,37.781455993652344,24569800
2016-01-15,36.25198232416357,37.03536478275113,35.908786633135236,36.423580169677734,41090400
2016-01-19,36.74440224222861,36.96076590295453,35.804343660483454,35.96847915649414,29918500
2016-01-20,35.274630124670445,35.99832799193359,34.97620009766237,35.71481704711914,40241100
2016-01-21,35.83419301731864,36.59519435419587,35.744664285352805,35.819271087646484,24272900
2016-01-22,36.58026685267803,36.7593271354026,36.22961152002849,36.57280731201172,18298700
2016-01-25,36.49074676802647,36.54297210324705,35.528303568560354,35.55814743041992,23440800
2016-01-26,35.62528391869493,36.22960913121902,35.55813667285892,36.00578308105469,18895100
2016-01-27,36.03562264802252,36.78170180365887,35.90879055767607,36.237064361572266,20441500
2016-01-28,36.632482483795705,36.856308489501096,36.25944293570791,36.49818801879883,21306600
2016-01-29,36.774238299130474,37.49047352825629,36.68470676094039,37.47555160522461,25358300
2016-02-01,37.39349555809456,37.43826134288012,36.9756929510299,37.25920104980469,17385400
2016-02-02,36.7518569419316,36.79662271462037,36.39373929861957,36.43104553222656,25593200
2016-02-03,36.42728489215078,36.472394244582404,34.968687977563526,35.7882080078125,47149700
2016-02-04,35.63784243812099,36.54758411184571,35.615284892064494,36.27691650390625,30851700
2016-02-05,36.35210631356461,36.58518187167983,35.788216332269855,35.983699798583984,23733700
2016-02-08,35.419804924896226,35.59273081776994,34.63035963374498,34.96117401123047,31172100
2016-02-09,34.29203088629944,35.156660496106205,34.104067553546734,34.923587799072266,29896200
2016-02-10,35.246884133309216,35.502514374574794,34.667956737852094,34.71306610107422,19885500
2016-02-11,33.780756097015164,34.23186675749142,33.45745907204026,33.95368194580078,32570900
2016-02-12,34.55516794570365,35.63031811306845,34.53261327038992,35.57017135620117,28533900
2016-02-16,36.12655139882263,36.3972190525162,35.765662149928794,36.269405364990234,20410600
2016-02-17,36.577666816492226,36.81073952063462,36.08144371761454,36.186702728271484,18060500
2016-02-18,36.15663113039467,36.19422322782581,35.698000084692545,35.885963439941406,17162800
2016-02-19,35.63784611695704,36.216770610476146,35.5927338882795,36.15662384033203,18234900
2016-02-22,36.15663165318986,37.09644844302314,36.15663165318986,36.98366928100586,17572800
2016-02-23,36.74307386999218,36.780665965365856,36.073924820824416,36.164146423339844,15224700
2016-02-24,35.59274505898797,35.84837536553786,35.0063002425885,35.795745849609375,18595700
2016-02-25,35.87092233977478,36.20925691806015,35.87092233977478,35.900997161865234,16646200
2016-02-26,36.18669471277108,36.494954404882606,35.96113933016865,36.14158248901367,20325600
2016-02-29,36.111512253648314,36.111512253648314,35.26943738001198,35.276954650878906,24018100
2016-03-01,35.44236517325183,36.63029479980469,35.44236517325183,36.63029479980469,24758500
2016-03-02,36.72052217955773,37.26937484741211,36.547596232268816,37.26937484741211,18667700
2016-03-03,37.31447596334716,37.4347723633453,36.89343712930744,37.419734954833984,14268100
2016-03-04,37.60017840487337,37.96107047568694,37.35206833279303,37.67536544799805,18685600
2016-03-07,37.41974256678278,37.712964922169974,37.17162957801332,37.64529800415039,14386100
2016-03-08,37.29944157812779,37.3370336684069,36.78066098076115,36.87840270996094,18098200
2016-03-09,37.1265120541161,37.21673363562144,36.47239770094837,36.682918548583984,17920100
2016-03-10,36.79570549607643,36.93855948205314,36.058889485568045,36.472408294677734,18542700
2016-03-11,36.93103672907547,37.69041023886111,36.750593526418584,37.64529800415039,18318400
2016-03-14,37.570115957524074,37.64530015157105,37.17163169841426,37.50244903564453,12803900
2016-03-15,37.06636106991312,37.58514159786614,36.99117689941467,37.57762145996094,12945600
2016-03-16,37.40470706991061,37.810708598810784,37.0513350501538,37.24681854248047,16629700
2016-03-17,37.164108283337356,37.54003492762109,36.72051472835884,37.38966369628906,16002800
2016-03-18,37.92347400114652,38.118957437348634,37.540030134892106,37.998661041259766,35812100
2016-03-21,37.96859894980258,38.156562310940224,37.72048593641613,38.096412658691406,13543200
2016-03-22,37.75055699965876,38.02874481144055,37.592668480383466,37.870853424072266,13907000
2016-03-23,37.728003734430665,37.840782891348006,37.36711444762552,37.41222381591797,13648100
2016-03-24,36.85584658675682,36.9009588141815,36.479919962495444,36.765625,20871100
2016-03-28,36.87087214142752,36.87087214142752,36.50246290613907,36.61524200439453,18478100
2016-03-29,36.555108758137415,36.57766630874573,35.968664067993394,36.12655258178711,24459500
2016-03-30,36.3896963054963,36.96110347990502,36.201733004059015,36.577659606933594,16794200
2016-03-31,36.540058458590494,36.72050445934513,36.29194843415623,36.359615325927734,16397600
2016-04-01,36.26189842077229,36.52504889899394,35.92356373054095,36.42730712890625,14321400
2016-04-04,36.40474368670365,36.59270705444109,36.23933787339819,36.46489334106445,12110200
2016-04-05,36.149094133086685,36.156611401233775,35.68294320140161,35.72053527832031,18297700
2016-04-06,35.630324502045816,36.186697160315774,35.50251082822673,36.149105072021484,17214400
2016-04-07,35.8709296734775,35.92355918884929,35.05140924656797,35.28448486328125,17593100
2016-04-08,35.60025419111038,35.82581248561644,35.31455198943033,35.38973617553711,12236500
2016-04-11,35.41979928166758,35.87090998528337,35.33709498344991,35.359649658203125,15113500
2016-04-12,35.4423700516189,35.96115075126844,35.29951893315669,35.916038513183594,18772600
2016-04-13,36.306987841455935,37.02876614808152,36.29195043488973,36.86335754394531,26311900
2016-04-14,36.31450921629093,37.06636242105096,36.216767496606266,36.682918548583984,30067900
2016-04-15,36.555101381803,36.79569417372867,36.13406542997923,36.27691650390625,24885200
2016-04-18,36.27692263201926,36.75059102592819,36.021292388904115,36.720516204833984,18225800
2016-04-19,36.848334501444576,37.53252099240743,36.82577981684912,37.50244903564453,18673400
2016-04-20,37.577627785232174,37.983629257685635,37.41221914058238,37.930999755859375,22647700
2016-04-21,38.00617559283866,38.17910147059214,37.54002744984702,37.6302490234375,20255400
2016-04-22,37.63024751584899,38.14902799641753,37.63024751584899,38.05880355834961,16365700
2016-04-25,37.82572118900079,38.04375635461779,37.682867299561664,37.97608947753906,11689100
2016-04-26,37.97610688590928,38.33699897449077,37.93099752590603,38.284366607666016,13333500
2016-04-27,38.24678076990148,38.652782284848925,38.134004483366994,38.291893005371094,15342700
2016-04-28,37.9761012207407,38.29188103411921,37.74302858057948,37.900917053222656,15506300
2016-04-29,37.93851064091958,37.93851064091958,37.35206608037331,37.57762145996094,17887000
2016-05-02,37.80317934984246,38.11895919670808,37.70544049532264,38.0362548828125,14780300
2016-05-03,37.487407618318684,37.6904083622701,37.24681478135986,37.59266662597656,16246400
2016-05-04,37.16840336269359,37.327501007597554,36.880510321874176,37.07748794555664,22402500
2016-05-05,37.100213837288166,37.26688630212395,36.94869105011826,37.09263610839844,15953600
2016-05-06,36.90323158759636,37.213851985960346,36.85777677665219,37.138092041015625,14189600
2016-05-09,37.13809328072803,37.28961606573212,36.97899565699927,37.03202819824219,13877000
2016-05-10,37.12294166586744,37.50932203198922,37.12294166586744,37.425987243652344,14234400
2016-05-11,37.3956742849749,37.66841466991476,37.18354415893555,37.18354415893555,17344300
2016-05-12,37.380528736492316,37.56235665726633,37.1608208418236,37.27446365356445,13589600
2016-05-13,37.19870810988748,37.44872118871887,36.52443461615285,36.54716491699219,25251700
2016-05-16,36.45624244186397,36.84262569076231,36.31987222343594,36.56988525390625,19655300
2016-05-17,36.47139260145861,36.49412000634379,36.02440200169179,36.07743453979492,21495600
2016-05-18,36.12288930169337,36.910805360938355,36.077431605563575,36.85777282714844,30028200
2016-05-19,36.6986835797659,37.09264173009252,36.48655337961203,36.653228759765625,13604100
2016-05-20,36.83504248505506,37.28203304787286,36.78958767904208,36.93353271484375,13222800
2016-05-23,36.94111139643619,37.03202679803511,36.630490999448114,36.89565658569336,10644000
2016-05-24,37.1608208418236,37.40325614281778,36.888080405690964,37.27446365356445,16597700
2016-05-25,37.56236042925341,38.50937432200316,37.509324992406945,38.259361267089844,22478600
2016-05-26,38.27451380234985,38.380578895834944,38.1836012779422,38.2972412109375,14983300
2016-05-27,38.335133294617634,38.532113864772754,38.251798473460575,38.5245361328125,13430500
2016-05-31,38.653311917613635,38.78210439489137,38.251779029563664,38.426029205322266,19725000
2016-06-01,38.07752729821368,38.668465838949054,38.009342193131005,38.638160705566406,16774300
2016-06-02,38.60785758564521,38.721500396728516,38.41845482721086,38.721500396728516,14206700
2016-06-03,38.009364483748605,38.11543251279156,37.585103927809925,38.02451705932617,25452600
2016-06-06,38.06238630126974,38.53967925563306,38.024503430874375,38.25178909301758,14528500
2016-06-07,38.433610117286335,38.433610117286335,38.08510971069336,38.08510971069336,15310100
2016-06-08,38.069960803985595,38.213905884017876,37.68358038386883,37.880558013916016,18168500
2016-06-09,37.61539098719174,37.638118394597804,37.00929981583232,37.229007720947266,19464400
2016-06-10,36.73657146501409,36.90324397786411,36.49413320166769,36.622928619384766,16815300
2016-06-13,36.463823251881784,36.751713390617155,36.3350278613469,36.34260559082031,16150100
2016-06-14,36.2592660534581,36.45624365884254,35.236489381105635,35.516807556152344,25311700
2016-06-15,35.81227068375921,36.031978557354066,35.41073779688731,35.4410400390625,20142000
2016-06-16,35.20618187940598,35.50164968840408,34.81979867528813,35.49407196044922,15619300
2016-06-17,35.494078830650324,35.60772165151839,35.244068670820354,35.3046760559082,25661300
2016-06-20,35.978966177548934,36.28958673180192,35.54712502645762,35.55470275878906,19490100
2016-06-21,35.827432502567746,35.86531248261187,35.433474351982994,35.78197479248047,11731600
2016-06-22,35.72136550272772,36.047138515885266,35.55469013132886,35.58499526977539,17072100
2016-06-23,36.09259051007914,36.29714584350586,35.90318774469035,36.29714584350586,16270000
2016-06-24,34.668285406009616,35.584997105948254,34.304632396058075,34.63040542602539,46744100
2016-06-27,34.24402655931293,34.34251682378494,33.713698145307845,34.10007858276367,35030100
2016-06-28,34.76676756046391,34.933442901604344,34.35008209766938,34.925865173339844,27525700
2016-06-29,35.327407373094005,35.60014783899866,34.96375438190683,35.58499526977539,20856400
2016-06-30,35.78954956570671,35.880462088313145,35.25164348931425,35.85773468017578,22538800
2016-07-01,35.66831879665232,35.81983864862383,35.501643491416544,35.630435943603516,19013600
2016-07-05,35.38043553936163,35.42589035134591,34.70616218773212,35.00920486450195,22213000
2016-07-06,34.76677749883023,35.35013846952368,34.62283241127887,35.34256362915039,19024100
2016-07-07,35.289534759267696,35.77440551536653,35.18346675257061,35.456207275390625,17946200
2016-07-08,35.948646097095164,36.30472133720883,35.948646097095164,36.206233978271484,19775700
2016-07-11,36.441094961650066,36.706260596748514,36.31987729390874,36.42594528198242,16008700
2016-07-12,36.68352952665416,36.84263006039445,36.532009612702815,36.630496978759766,15067900
2016-07-13,36.60019038912509,36.721408039943704,36.350177358654776,36.56988525390625,14389600
2016-07-14,37.16082563290361,37.23658848051774,36.8729325920842,37.07748794555664,17578400
2016-07-15,37.00931400545979,37.032044311637705,35.918354680833886,36.14563751220703,35121000
2016-07-18,36.22138978541991,36.615347926566855,36.19865948589219,36.57746505737305,24139200
2016-07-19,36.42594013676835,36.782015359805214,36.40320984036323,36.64564514160156,15982900
2016-07-20,36.812323932465425,36.88808388740549,36.668378862056485,36.827476501464844,16569900
2016-07-21,36.85777498001183,36.978992620048594,36.585034567415,36.59260940551758,15532000
2016-07-22,36.60776901245117,36.63807415080299,36.44109364157322,36.60776901245117,13588500
2016-07-25,36.54716083545265,36.562310514243876,36.25169007799771,36.45624542236328,12122200
2016-07-26,36.38806040743273,36.4941254996044,36.21381020028543,36.34260559082031,16130100
2016-07-27,36.32744976862796,36.532005095235945,36.198654389627336,36.36532974243164,17886800
2016-07-28,36.31988105825086,36.5320141663274,36.12290341152707,36.463829040527344,12562600
2016-07-29,36.3274530219305,36.4941254996044,36.3274530219305,36.34260559082031,13111700
2016-08-01,36.35018610579204,36.40321866015814,36.08502333396155,36.22139358520508,16026600
2016-08-02,36.10775256470232,36.23654798183466,35.90319717753279,36.138057708740234,17033100
2016-08-03,36.14569048490106,36.382434101434214,36.14569048490106,36.328975677490234,14913500
2016-08-04,36.35189100506734,36.65737025583908,36.32898108090257,36.535179138183594,14662600
2016-08-05,36.955194049741,37.19194050665678,36.756634666685464,37.176666259765625,19064700
2016-08-08,37.253048070041196,37.45924610783763,37.22250247846325,37.35232925415039,14871600
2016-08-09,37.43633598089115,37.53561716445682,37.275960701238276,37.36760330200195,10449800
2016-08-10,37.2835908570475,37.36759777585147,36.71845817043674,36.79482650756836,16782700
2016-08-11,36.83301006957648,37.03920807235462,36.596263567142636,36.84064865112305,14614100
2016-08-12,36.69554998724987,36.7184628219042,36.52753904162374,36.580997467041016,13227500
2016-08-15,36.695545882801156,36.917018142338264,36.680271632495284,36.86355972290039,11758900
2016-08-16,36.77955922922199,37.115584054867604,36.703190877614404,36.99339294433594,13957600
2016-08-17,36.93992663833436,37.16139888934093,36.89410680244697,37.12321472167969,13062900
2016-08-18,37.03922004884825,37.16141117371586,36.90939325323038,37.062129974365234,12189200
2016-08-19,36.99339225018537,37.21486454426386,36.81010704446001,37.153770446777344,12557700
2016-08-22,37.14612443771589,37.22249568588852,37.03920760353945,37.13848876953125,9212600
2016-08-23,37.14611990794647,37.23012681405955,36.955196180694884,36.9704704284668,15430200
2016-08-24,37.03920760353945,37.24540560370769,36.92465218791313,37.13848876953125,16315800
2016-08-25,37.13084833130513,37.18430674572009,36.88646617590385,36.94756317138672,13643200
2016-08-26,37.100298174118144,37.29885755843431,36.871187382561004,37.046836853027344,15527300
2016-08-29,37.230137885600186,37.99383302171506,37.18431512865762,37.848731994628906,21201400
2016-08-30,37.97856066246795,38.67352315444273,37.940376486412035,38.65824890136719,25055800
2016-08-31,38.719343170632406,38.88735411602901,38.36804411458007,38.795711517333984,24533600
2016-09-01,38.88734287189408,38.948439862201916,38.2687518679839,38.51313400268555,17017100
2016-09-02,38.528409961782515,38.68878519856755,38.32221198023105,38.60477828979492,12684000
2016-09-06,38.61243005088257,38.62006572098425,37.90219328752146,38.1771240234375,21832200
2016-09-07,38.024379934047616,38.20766512761118,37.917463085591265,38.00910568237305,12437300
2016-09-08,38.0396467016337,38.17711202639365,37.84872296316322,38.10837936401367,14169200
2016-09-09,37.79526361978243,38.077829930054094,37.207218170166016,37.207218170166016,32147200
2016-09-12,36.93993349353382,37.14613153308844,36.64209285193241,37.06976318359375,35588400
2016-09-13,36.50462114737717,36.55044389706903,35.52709246007314,35.86311721801758,59000500
2016-09-14,35.95476995276547,36.33661753724293,35.511825356403996,35.527099609375,44841700
2016-09-15,35.22161307808224,35.39726258095297,34.511376485063714,35.24452590942383,60827800
2016-09-16,34.90086200057173,35.030688751899085,34.55719866872692,34.694664001464844,51871400
2016-09-19,34.83976319206441,35.351440329172064,34.73284636399373,35.137603759765625,33562400
2016-09-20,36.00821251394793,36.04639667291606,35.22160485553456,35.55763244628906,51510400
2016-09-21,35.519462646260536,35.542375483395006,34.61830498599751,35.000152587890625,64530200
2016-09-22,35.00014079083914,35.22161011120714,34.64883890142416,34.916133880615234,36964400
2016-09-23,34.748127449915,35.06124232798801,34.694669025361,34.93141555786133,28710500
2016-09-26,34.64884426516651,34.74812543927879,34.09898579967537,34.274635314941406,30938000
2016-09-27,34.2059010764487,34.442644671145125,34.1066199068821,34.43500900268555,24359000
2016-09-28,34.64120387973333,34.732846459293214,34.33572473018029,34.60301971435547,28220300
2016-09-29,34.511380660915506,34.56483908507219,33.76295980945632,33.88515090942383,45266700
2016-09-30,33.85460859825571,34.16008492112755,33.67895614385367,33.81642150878906,54117700
2016-10-03,33.694220942559134,33.724769440254335,33.26655362788666,33.47275161743164,38197700
2016-10-04,33.31238186948367,33.67131952483839,33.258923441656265,33.41166305541992,44008300
2016-10-05,33.472745261931905,34.427363784164534,33.472745261931905,34.3586311340332,40459000
2016-10-06,34.50374221801758,34.6641174775953,34.23645011872137,34.50374221801758,29878200
2016-10-07,34.51902020970317,34.70994399082623,34.31282217649838,34.61830139160156,24893600
2016-10-10,34.90087797135148,35.068888966818484,34.70231554952699,34.862693786621094,21804900
2016-10-11,34.977230131828414,34.992504381295554,34.48083013383965,34.709938049316406,25442600
2016-10-12,34.7557615683986,35.000146672511356,34.610660552978516,34.610660552978516,21780500
2016-10-13,34.549569722364836,34.549569722364836,33.81642016736978,34.175357818603516,44174600
2016-10-14,34.49611650333867,34.76341161560223,33.8469766410506,34.14481735229492,45418600
2016-10-17,34.01498454201213,34.182995503187556,33.846970667570744,33.98443603515625,18861300
2016-10-18,34.175351085805396,34.36627483488811,33.9156946705223,34.32809066772461,23877600
2016-10-19,34.259373465060584,34.77104794518771,34.259373465060584,34.564849853515625,26977000
2016-10-20,34.343365119089476,34.58774728629044,34.106618620060004,34.31281661987305,27210600
2016-10-21,34.16771690762011,34.59538425972481,34.1066199068821,34.43500900268555,21490800
2016-10-24,34.709938799139636,34.88558830190846,34.58774771402805,34.763397216796875,19303800
2016-10-25,34.725210144020906,34.97722796142761,34.679387398462865,34.916133880615234,20402000
2016-10-26,34.71757448754638,35.25979724596453,34.70230023774041,35.24452590942383,25181900
2016-10-27,35.450724200454125,35.74856772867301,35.32853310423568,35.44308853149414,25661000
2016-10-28,35.56527469373299,35.61873310883316,35.03832621063195,35.30561828613281,20882000
2016-10-31,35.435447240731904,35.557638317564844,35.12996809201704,35.137603759765625,20115900
2016-11-01,35.22162325322442,35.34381437370657,34.824501383340895,35.122344970703125,20020200
2016-11-02,34.94522905548538,35.04533446955216,34.70651004397832,34.83742141723633,19566600
2016-11-03,34.906729423702714,35.26095538726395,34.84512337567221,34.9144287109375,14982700
2016-11-04,34.92983114020738,34.97603273990546,34.25988150674197,34.34458541870117,27391600
2016-11-07,34.82202545691951,35.18395073765412,34.81432323150955,34.960636138916016,25769400
2016-11-08,34.79120301556034,35.28403941539858,34.55248409921641,35.068424224853516,19462600
2016-11-09,35.6767858731121,37.4325170413636,35.422665342161004,36.955081939697266,67615000
2016-11-10,37.67892316932744,39.989096249298285,37.57111556226805,39.758079528808594,100988800
2016-11-11,39.34224656788987,40.03529964749163,39.065025336049175,39.8350830078125,46594900
2016-11-14,39.97370226974488,41.629327797150175,39.97370226974488,40.982479095458984,59154400
2016-11-15,40.335625918213324,40.497337341308594,39.68877728829507,40.497337341308594,39437900
2016-11-16,39.88128808339509,40.173907887731055,39.55016304490293,39.79658126831055,26996200
2016-11-17,39.57326481336489,40.73605358774716,39.24213976668943,40.42033004760742,29205900
2016-11-18,40.38953695301246,40.797666695054104,40.03531102831451,40.67445755004883,29673400
2016-11-21,40.69754826253325,40.79765658602528,40.058401899169525,40.135406494140625,23587200
2016-11-22,40.37413285891857,40.489642710141624,39.896697819769194,40.21242141723633,22816900
2016-11-23,40.38952761623926,40.52813823952005,40.00449875991198,40.16621017456055,19986800
2016-11-25,40.35102463685337,40.52043533325195,40.07380339497222,40.52043533325195,9635500
2016-11-28,40.135410571645245,40.41263184176434,39.57326874614255,39.719581604003906,26518500
2016-11-29,39.70417918224768,40.143111870656234,39.70417918224768,39.93519592285156,16267300
2016-11-30,40.41263662410992,40.936276210181866,40.27402597264748,40.751461029052734,26567200
2016-12-01,40.91317842952167,41.94505616782866,40.8592746097065,41.844947814941406,35623100
2016-12-02,41.76793111234126,41.791031903424454,41.051777213392185,41.25969314575195,21894700
2016-12-05,41.506114601303786,41.99124887697385,41.48301087088813,41.852638244628906,24793900
2016-12-06,41.929648099174585,42.792112018869204,41.75253515640482,42.776710510253906,30706700
2016-12-07,42.776702573630025,44.11660419918637,42.530284356579614,44.10890197753906,46617000
2016-12-08,44.116615295410156,44.67875717804254,43.66998032870799,44.116615295410156,39828600
2016-12-09,43.82398570576414,44.078106169053406,43.50056286616377,44.0010986328125,20331200
2016-12-12,43.50827337278333,43.97030695924905,42.776717746264346,42.95383071899414,27886200
2016-12-13,43.007729803571635,43.28495109993917,42.576499287033315,43.000030517578125,24355600
2016-12-14,42.15298015191128,42.830629140213304,41.606236688286536,42.12217712402344,54590600
2016-12-15,42.48409113541081,43.31575504223988,42.27617809624118,42.49949264526367,31345900
2016-12-16,42.73050770632946,42.8537168342093,42.29157206712413,42.61499786376953,33171800
2016-12-19,42.491783809726535,42.715101246099486,42.083654171728156,42.522586822509766,16801400
2016-12-20,42.71511056530268,43.36965857329641,42.468692284349444,43.20024490356445,19245300
2016-12-21,43.19254805868108,43.19254805868108,42.846021413524554,42.899925231933594,14058400
2016-12-22,42.93841675286977,43.14633268773172,42.738203040152925,42.93071746826172,14515500
2016-12-23,42.95381948754233,43.107831621939525,42.83061036753201,43.092430114746094,8313000
2016-12-27,43.046233566641966,43.200242781519414,43.00002903965625,43.08473587036133,8893900
2016-12-28,43.10783210919031,43.184839646027896,42.56109181656073,42.59959411621094,10609100
2016-12-29,42.49948807425131,42.70740402859627,41.95274775219824,42.2299690246582,15933500
2016-12-30,42.268471630581864,42.63039973195793,42.19146702658316,42.43788528442383,15095500
2017-01-03,42.86912091329058,43.39276050844897,42.70740946295752,43.12324142456055,22063800
2017-01-04,43.24644235567194,43.36195219113865,42.822911188189245,43.16173553466797,15036100
2017-01-05,42.73051358948836,42.98463116555499,41.952753475915394,42.49179458618164,18831600
2017-01-06,42.5533981668554,42.792117172838154,42.12216762383852,42.38398742675781,18715900
2017-01-09,42.10676877508876,42.20687713070493,41.7217398016059,41.7679443359375,21794100
2017-01-10,41.852630962658026,42.49178020476891,41.78332565854404,42.060546875,17978200
2017-01-11,42.0451532022354,42.19916534423828,41.367504477482385,42.19916534423828,21100600
2017-01-12,42.08366094027601,42.18376634161655,41.50611757661735,41.9681510925293,20566600
2017-01-13,42.437887717461635,43.27725087433397,42.08366181869946,42.59189987182617,37231600
2017-01-17,42.19915927115164,42.32236837951486,41.25969092145838,41.413700103759766,26974400
2017-01-18,41.4137088864358,41.806440022187324,41.074884500966085,41.791038513183594,21186700
2017-01-19,41.7679386694195,42.17606838592959,41.47531586676107,42.02975845336914,20906900
2017-01-20,42.16066335002047,42.43788462013617,42.060555016359295,42.407081604003906,24160800
2017-01-23,42.1298606411172,42.35317810339862,41.69863016227011,41.775634765625,17227400
2017-01-24,41.86035726205361,42.407097788139936,41.68324425800615,42.12217712402344,18523300
2017-01-25,42.645799876624494,43.7623842241259,42.56879233755084,43.600669860839844,32252100
2017-01-26,43.5929658547306,44.147408325867694,43.5775643485838,44.031898498535156,23769800
2017-01-27,43.91640393870185,43.97800998470634,43.438968832318864,43.577579498291016,17186200
2017-01-30,43.21564886911659,43.369661037848765,42.93072826636163,43.18484878540039,15961400
2017-01-31,43.10783169815699,43.41585596749598,42.969221070708166,43.37735366821289,22409100
2017-02-01,43.834760741731,44.24566221516037,43.237788946708896,43.34632873535156,21157700
2017-02-02,43.082749421138736,43.38511123634288,42.95095189450666,43.2223014831543,13044400
2017-02-03,44.09837217018875,44.41624005910191,43.7494920585796,44.400733947753906,19879800
2017-02-06,44.253433886938716,44.50927735104577,43.79601391657657,43.842529296875,13940200
2017-02-07,44.082871908353795,44.33871538582373,43.625451914100296,43.67972183227539,14937400
2017-02-08,43.578926401645944,43.578926401645944,42.772626382190325,43.1292610168457,18592200
2017-02-09,43.12925937547635,44.01308695807572,43.12925937547635,43.98207473754883,15907800
2017-02-10,44.20691260371294,44.22241871527545,43.92780851056437,44.08286666870117,12268100
2017-02-13,44.24568632067012,44.586811979036945,44.106134242818,44.253440856933594,15325300
2017-02-14,44.292186156854996,44.9666856129527,44.183646354435574,44.95117950439453,16382900
2017-02-15,45.04422820286558,45.74974011109157,44.881418445003156,45.39310836791992,25350400
2017-02-16,45.24578942999056,45.24578942999056,44.58679312819711,45.05971908569336,14694500
2017-02-17,44.64106924719672,45.04421626722543,44.540281013445544,45.03646469116211,15783200
2017-02-21,45.1605224609375,45.45513270594691,44.889172865197764,45.1605224609375,16916800
2017-02-22,44.96669591529333,45.42411587135189,44.96669591529333,45.24580001831055,12344200
2017-02-23,45.30006598778623,45.42411191638367,45.013210332433694,45.34658432006836,13841400
2017-02-24,44.734111018435634,44.89692076253192,44.439500797579115,44.819393157958984,16379100
2017-02-27,44.8193959450517,45.16052156686945,44.74186537816899,45.01321792602539,10101000
2017-02-28,44.95894699886953,45.21479047011837,44.7573704869875,44.87366485595703,15558900
2017-03-01,45.827260038217865,46.509514096177796,45.81175392809513,46.30793762207031,25912700
2017-03-02,46.346704792491316,46.35445932686123,45.408607242936654,45.517147064208984,17578600
2017-03-03,45.62568409897105,45.92804881367684,45.48613206371858,45.65669631958008,14740000
2017-03-06,45.38535105924457,45.64894904428159,45.106246962442036,45.43962097167969,13225500
2017-03-07,45.30006420769896,45.36984022463615,44.98219634331577,45.199275970458984,13099900
2017-03-08,45.70322333246754,45.842775394229896,45.09849674566773,45.12950897216797,14711300
2017-03-09,45.31557364447653,45.641193109095155,45.121751689587825,45.509395599365234,15721500
2017-03-10,45.726471066244414,45.881529207491575,45.369839411617576,45.62568283081055,15120200
2017-03-13,45.61018384400409,45.76523904192439,45.3698435552463,45.509395599365234,14063500
2017-03-14,45.34658310717486,45.59467495773398,45.16051274051144,45.555908203125,10885000
2017-03-15,45.66445364235428,45.98232152928967,45.24579751102816,45.517147064208984,17777300
2017-03-16,45.63344624835663,46.059854001682844,45.55591568389546,45.99007797241211,18468200
2017-03-17,46.02883562418141,46.05984784582112,45.369842180522895,45.48613357543945,20985700
2017-03-20,45.33108200695759,45.33108200695759,44.67208555311652,44.679840087890625,17663200
2017-03-21,44.91241989675015,44.9356775830107,43.12925865123158,43.29981994628906,31766400
2017-03-22,43.05172647436115,43.08273869319537,42.52453058413138,42.896671295166016,27740900
2017-03-23,42.81913820912928,43.4083585020898,42.62531628914002,42.83464431762695,19000000
2017-03-24,43.028482012913805,43.454889801724185,42.81140232933519,43.28432846069336,21127500
2017-03-27,42.3539740911939,43.09049810571814,42.05161231704427,42.94319152832031,16854800
2017-03-28,42.91217909581025,43.609939307729235,42.82689992100975,43.38510513305664,14878900
2017-03-29,43.36959491999784,43.485889263481134,43.06723317592687,43.1602668762207,10329100
2017-03-30,43.16802586832519,43.749491730821504,43.11375595775793,43.60218811035156,12106500
2017-03-31,43.431630988576345,43.555676941347635,43.12151462790373,43.15252685546875,11864600
2017-04-03,43.18352350590692,43.27655719755415,42.478011849482684,43.020713806152344,14550700
2017-04-04,42.873418411734356,42.896679058813824,42.62532653113571,42.79589080810547,11937400
2017-04-05,43.25331232290009,43.57118024119084,42.58656426075643,42.625328063964844,17411700
2017-04-06,42.602065326573914,43.14476737966489,42.415994952732795,42.92768478393555,10387500
2017-04-07,42.594319911193146,42.88117858883923,42.33847641956347,42.51679229736328,15848800
2017-04-10,42.633086566701934,42.834660136638064,42.11364209140414,42.28420639038086,14607700
2017-04-11,42.04385578424603,42.06711347115563,41.29958022825711,41.989585876464844,28086800
2017-04-12,41.826775016422296,41.88104492272862,41.12901485321516,41.183284759521484,25601300
2017-04-13,40.15990378180222,40.89642771605339,39.8110237121582,39.8110237121582,47982000
2017-04-17,40.03587548315324,40.904197293923666,39.74126518829765,40.87318801879883,31959100
2017-04-18,40.5940766593563,40.834414025878026,40.38474856247402,40.66385269165039,22257500
2017-04-19,40.99721888320828,41.19879240593633,40.353728602310184,40.43125915527344,17414600
2017-04-20,40.87318537866688,41.54768512826484,40.6483511429712,41.477909088134766,31552900
2017-04-21,41.39260599500267,41.74148601917841,41.05148050330172,41.09024429321289,26177300
2017-04-24,41.98183256257315,42.12913616938475,41.547670360803345,41.59418869018555,23856700
2017-04-25,42.12139345614853,42.71061096486237,42.09038123003499,42.29970932006836,27061300
2017-04-26,42.33072177556441,42.69510806610963,42.144654319852435,42.28420639038086,15915500
2017-04-27,42.2841955903808,42.369477718086856,41.79576346828398,42.2066650390625,13978000
2017-04-28,42.12139322860915,42.315215204538724,41.65621871188499,41.74150085449219,16501900
2017-05-01,41.94306770948588,42.447005949414844,41.84228242749063,42.222171783447266,13915800
2017-05-02,42.22218193348428,42.33847631142093,41.912068521468015,42.28420639038086,15634900
2017-05-03,42.167091452721806,42.85413249458227,42.12024970825254,42.82290267944336,15737100
2017-05-04,43.15080147008009,43.40843994975119,42.83850933532391,43.080535888671875,17054100
2017-05-05,43.13518406831263,43.24448541567801,42.846315796241534,43.025882720947266,13078800
2017-05-08,43.03370146695702,43.166426698354535,42.74483310907664,42.97124481201172,14242800
2017-05-09,43.04931568249182,43.22888265764886,42.5106147570207,42.690181732177734,14402900
2017-05-10,42.49500474799529,42.869753649557,42.44035405265751,42.72141647338867,15897200
2017-05-11,42.37789713747809,42.48719853517993,41.425411401619414,41.95630645751953,32200100
2017-05-12,41.61276774711385,41.628382651723015,41.01941626315796,41.3941650390625,29642300
2017-05-15,41.4253958282306,41.70645518312879,41.394166018273495,41.62838363647461,15245000
2017-05-16,41.690832015339225,41.722058838638084,41.339504193646356,41.58152770996094,12650100
2017-05-17,41.58154137967979,41.58154137967979,40.32457272610429,40.78520202636719,33173100
2017-05-18,40.83985386403566,41.34732491813068,40.55879150632698,40.89450454711914,19790100
2017-05-19,41.042838237929715,41.64399867952351,40.9023070708954,41.42539596557617,16895000
2017-05-22,41.58935480351168,41.628390583352996,40.98819426359034,41.3863639831543,13947000
2017-05-23,41.38636333591187,41.815765842168176,41.26144705542977,41.683040618896484,11751700
2017-05-24,41.76111804813699,41.8548045204279,41.22241413142597,41.44882583618164,11304400
2017-05-25,41.573741449816275,41.573741449816275,41.04284648506184,41.2067985534668,16643800
2017-05-26,41.089683954915856,41.230215125376766,40.88669316281068,40.91792297363281,14247700
2017-05-30,40.72274398803711,40.988191442221044,40.51975615989122,40.72274398803711,19379700
2017-05-31,40.777392226135625,40.793007131708656,39.68437564017182,39.92639923095703,30519700
2017-06-01,40.230887255388936,40.76178219540877,39.863947354374545,40.6602897644043,21001800
2017-06-02,40.340192859355284,40.78521032247619,40.23089147404956,40.44949722290039,19477300
2017-06-05,40.371417741866374,40.73836061473698,40.34018792752866,40.37922668457031,13663800
2017-06-06,40.06693939609097,40.62125526627822,40.004482738018865,40.44949722290039,14887500
2017-06-07,40.472897579056706,40.83984031076115,40.363596249162924,40.6680793762207,17022400
2017-06-08,40.668087559449596,41.4019701922924,40.50413553161851,41.035030364990234,22644200
2017-06-09,41.26924921158793,42.12024216312811,41.22240449727101,42.00313186645508,25750000
2017-06-12,42.14367652273195,42.61992084691373,42.11244670318965,42.229557037353516,22791400
2017-06-13,42.432537951736336,42.69798541785083,42.37788726561621,42.51061248779297,17966000
2017-06-14,42.229543923160016,42.65894338468029,41.82356532990346,42.573062896728516,16575000
2017-06-15,42.190523931279216,42.51062215631628,42.01095692486718,42.08122253417969,17232300
2017-06-16,42.10464367059485,42.346670321548906,41.88604087504906,42.07341384887695,23492700
2017-06-19,42.40131130037201,42.658949824884324,42.25297117033734,42.34666061401367,15367300
2017-06-20,42.206132099955184,42.23735893825274,41.714272913338114,41.737693786621094,13622200
2017-06-21,41.74549951950089,41.75330548391516,41.222410556574395,41.36294174194336,12653700
2017-06-22,41.22241610256568,41.292681704703575,40.769595649641005,40.98039245605469,15362200
2017-06-23,41.14433575574467,41.24583115456258,40.847658501328574,40.949153900146484,21868500
2017-06-26,41.16776228955826,41.71427215607397,41.058460911902955,41.30048751831055,12532800
2017-06-27,41.39417381201831,41.893838952455205,41.30829330758587,41.503475189208984,13496300
2017-06-28,41.85480257356954,42.487189954916985,41.784536978059926,42.416927337646484,20961700
2017-06-29,43.447495889837676,44.18918479140791,43.10397381004714,43.548988342285156,32552100
2017-06-30,43.74416300211539,43.759777910264454,43.06493087794666,43.26011276245117,16750700
2017-07-03,43.57241219751432,44.07207742822089,43.49433764381661,43.548988342285156,11825000
2017-07-05,43.69732850519096,43.736364292919966,43.20546924073432,43.548988342285156,14086900
2017-07-06,43.70513195513547,43.970579465945264,43.330383053681565,43.377227783203125,14481200
2017-07-07,43.548968986342615,43.58800773496001,43.135184459495946,43.51774215698242,11503500
2017-07-10,43.35379005109916,43.57239574064783,43.205452922458534,43.400634765625,10979000
2017-07-11,43.45529505623492,43.494330837855635,42.799483798993485,42.97124481201172,14842700
2017-07-12,42.88534670778668,43.127373219703934,42.62770529398077,43.07271957397461,11951500
2017-07-13,43.14299979981643,43.463097951682144,42.98685668436117,43.408447265625,14201800
2017-07-14,42.40132158102291,43.096168743114056,42.252981415021594,42.93221664428711,17949600
2017-07-17,42.8619402875017,42.924396937864714,42.502803379518106,42.713600158691406,14953600
2017-07-18,42.401308290276376,42.87754952641338,42.33884866559287,42.78386306762695,13603300
2017-07-19,42.783856610523245,43.10395469311871,42.69797612866425,42.893157958984375,12366200
2017-07-20,42.90877775008929,43.18203413060427,42.690175028268285,42.84632110595703,15123500
2017-07-21,42.49500209807377,42.64333926499202,42.23736056905648,42.29201126098633,17384500
2017-07-24,42.23736143092726,42.47938805601191,42.1905196815969,42.370086669921875,18489900
2017-07-25,42.940013644505285,43.26011180890748,42.86974804850289,42.98685836791992,20167800
2017-07-26,43.18983763328573,43.1976465747565,42.79166798719427,42.8697395324707,19686900
2017-07-27,42.83071047320069,42.90878203071421,42.46376760076135,42.713600158691406,17352600
2017-07-28,42.39349359910585,42.604290336468374,41.51907981978749,41.61276626586914,32590600
2017-07-31,41.70646334245055,42.331047750830066,41.69085141265632,42.11244201660156,20378100
2017-08-01,42.33884804987654,42.463764319188115,42.042170793421995,42.22174072265625,19350300
2017-08-02,42.103788118249895,42.43407414015764,42.03301211357352,42.16669845581055,19422100
2017-08-03,42.07232533651844,42.19814899323088,41.946501679806,41.99368667602539,19374700
2017-08-04,42.20600817809413,42.22960217419405,40.82194806841736,41.55329895019531,44664600
2017-08-07,41.46679746527486,41.639806115762376,41.23087848725624,41.3173828125,22673700
2017-08-08,41.14437390865095,41.91504416536479,41.06573524975318,41.45106887817383,24877800
2017-08-09,41.112915918374156,41.529709196725,41.00282059952118,41.513980865478516,14631600
2017-08-10,41.19942312551357,41.458936109445816,40.8298148150183,40.85340881347656,18373000
2017-08-11,40.75904919335487,41.05787856241197,40.68827318492067,40.845550537109375,14714500
2017-08-14,41.18369067664429,41.7498985850846,41.16009968041673,41.55329895019531,16313200
2017-08-15,41.8364061661846,41.96222982232867,41.54543952382754,41.56116485595703,11028100
2017-08-16,41.68698819170169,41.84426851064109,41.254469564522736,41.435340881347656,11224400
2017-08-17,41.2623355525109,41.38815920867014,40.72758426386595,40.73544692993164,16814300
2017-08-18,40.6017596198576,41.0028215766471,40.40515997440005,40.64107894897461,17130600
2017-08-21,40.6882569815154,40.82194327761216,40.42088138944989,40.75116729736328,13503100
2017-08-22,40.85341068138204,41.10505801070984,40.82981668184501,41.065738677978516,12984100
2017-08-23,40.759043470674705,41.27020079326654,40.7354494712605,40.91632080078125,10019500
2017-08-24,41.042141870853165,41.30951751495756,40.924183880728414,41.018550872802734,12345000
2017-08-25,41.105048448233326,41.340967389611016,40.70398354800637,40.711849212646484,15307800
2017-08-28,40.85340817816639,40.908455840591856,40.43661487710881,40.60176086425781,12425900
2017-08-29,40.271472002495976,40.499528318823835,40.208561673779144,40.436614990234375,10715500
2017-08-30,40.468069656737896,40.68826329605806,40.26360734866111,40.38943099975586,11427500
2017-08-31,40.10632929016752,40.29506627735933,40.00409663044393,40.161376953125,25231100
2017-09-01,40.15351678330445,40.49166844813643,40.05128411722499,40.082740783691406,16217700
2017-09-05,39.81536819227666,39.84682186129852,39.13119914324083,39.39857482910156,31251300
2017-09-06,39.51652969165882,39.53225802366011,38.97391573704092,39.225563049316406,26854000
2017-09-07,39.27275306849051,39.27275306849051,38.74586733823625,39.06829071044922,23367300
2017-09-08,39.01323791140666,39.30420457496229,38.87168591294764,38.989646911621094,18975700
2017-09-11,39.31993947387147,39.949057905478746,39.27275446654843,39.83896255493164,17987100
2017-09-12,39.988365142067764,40.680396707321606,39.980502476496966,40.55457305908203,17129500
2017-09-13,40.41302332221951,40.507390313667216,40.247880337217886,40.46807098388672,12617300
2017-09-14,40.53098840152461,40.672540402916844,40.16924573124351,40.334388732910156,13739400
2017-09-15,40.326518648625964,40.64107928389936,40.30292765093585,40.62535095214844,28494300
2017-09-18,40.633213626197794,41.55330153463897,40.58603163080815,41.45106887817383,20943400
2017-09-19,41.45893981642521,42.143105835435094,41.30952214569606,41.96223449707031,17047000
2017-09-20,41.985828315697304,42.55203636936129,41.89932397417941,42.2689323425293,21560400
2017-09-21,42.11164937298171,42.65426639059114,42.088058372171886,42.51271438598633,16210900
2017-09-22,42.40260786080651,42.748625138520225,42.268921548869756,42.6621208190918,18047800
2017-09-25,42.52056951608986,42.72503481977614,42.1116419085897,42.489112854003906,11595900
2017-09-26,42.54415793475864,42.68570990569568,42.276782322974455,42.3082389831543,12052500
2017-09-27,42.83513396208031,42.88231595954985,42.512710646590186,42.63066864013672,15840800
2017-09-28,42.693577480678925,42.725034142266054,42.26105888340915,42.6621208190918,14531700
2017-09-29,42.66211703795233,43.43278717929843,42.536293402627905,43.369876861572266,20872300
2017-10-02,43.37775537462695,43.62154006958008,43.141836347183414,43.62154006958008,11764400
2017-10-03,43.51144246546252,43.739495813561945,43.133968441293554,43.70804214477539,17405100
2017-10-04,43.49571176445225,43.52716543152735,43.17328842791771,43.2204704284668,14697800
2017-10-05,43.25193303708307,43.857460459587024,43.078924344975285,43.55862808227539,14560700
2017-10-06,43.629400473126424,43.786680816551325,43.42493812658518,43.70804214477539,11151200
2017-10-09,43.73949725130323,43.80241059069039,43.18901753115802,43.36202621459961,11377000
2017-10-10,43.54288382982336,43.81812510300702,43.36987820082994,43.73162078857422,12800500
2017-10-11,43.597934048946186,43.81026201507811,43.45638207152491,43.77094268798828,12843100
2017-10-12,43.794547166880925,43.810275502533464,43.299118093255736,43.417076110839844,15067500
2017-10-13,42.064467199433615,42.23747287112009,41.553306851575144,42.221744537353516,35310000
2017-10-16,42.19028100728824,42.441928288982496,42.00940671119028,42.3082389831543,22802400
2017-10-17,42.44980803520377,42.46553637162252,41.77350456856485,41.82855224609375,18614700
2017-10-18,42.00154113769531,42.52056399523414,41.93076515712765,42.00154113769531,21604000
2017-10-19,41.765637628104926,42.41048435594529,41.679133286587025,42.2689323425293,12669700
2017-10-20,42.630664556448934,43.30696778753938,42.49697824326111,43.18900680541992,28407700
2017-10-23,43.05532106502791,43.28337736689425,43.016001737089134,43.18114471435547,18102100
2017-10-24,43.2519321283974,43.69231651729544,43.2519321283974,43.582218170166016,18779400
2017-10-25,43.63725380443365,43.708029788973576,43.14968457765987,43.448516845703125,17096900
2017-10-26,43.60581559236622,44.17202070834987,43.60581559236622,43.739501953125,15979200
2017-10-27,43.43279771334389,44.0697817090938,43.3541590471454,43.936092376708984,17258600
2017-10-30,43.60580292543043,44.006864891076795,43.495707601522504,43.92036056518555,12249200
2017-10-31,43.99901517274354,44.447262266202785,43.95969583118761,44.14842987060547,14619200
2017-11-01,44.28996883388366,44.69889646514703,44.18773617609967,44.20346450805664,11678300
2017-11-02,44.187624931152584,44.757788807951904,43.831272508153006,44.726112365722656,15630000
2017-11-03,44.543988470204134,44.69444707709266,44.26682708361144,44.62317657470703,10049200
2017-11-06,44.42519538981009,44.68652152568089,44.34600729939398,44.488548278808594,10414900
2017-11-07,44.48062343969157,44.575652764178805,43.29278407108669,43.59370422363281,18679100
2017-11-08,43.39573974416054,43.54620136118269,42.80181994012322,42.968116760253906,24047100
2017-11-09,42.683026582568544,42.91267321732151,42.13661857301701,42.76221466064453,24438800
2017-11-10,42.77806363344567,42.86517235372449,42.59592859142282,42.61176681518555,13671700
2017-11-13,42.38211000649739,42.690947766085806,42.29500130080182,42.540489196777344,13447000
2017-11-14,42.38211858112383,42.841415002944224,42.223739358801055,42.79390335083008,20830100
2017-11-15,42.46921320843272,42.85723900245936,42.35834869585368,42.564239501953125,18238600
2017-11-16,42.72262566860053,43.44324813921554,42.65135518158006,43.23735427856445,26361800
2017-11-17,42.92851215810978,43.12648537745635,42.738459559202774,42.88100051879883,15814800
2017-11-20,42.8572587588936,42.92852926709619,42.64344723428582,42.80182647705078,16943100
2017-11-21,42.82556044203162,43.22150680845205,42.754289975242706,43.17399215698242,13757000
2017-11-22,43.12649355771761,43.25319632129921,42.78597931418602,42.80973815917969,11421700
2017-11-24,42.912688013827704,43.00771736528332,42.762229405271846,42.833499908447266,5386500
2017-11-27,42.778057997872615,43.12648981225325,42.65135524529494,42.722625732421875,11066800
2017-11-28,42.65927447838198,44.258898678916246,42.5404923425123,44.0054931640625,25685200
2017-11-29,44.219297034710884,45.33586583666715,44.10843251861801,44.88448715209961,29631800
2017-11-30,45.16166270268996,45.39923305028363,44.646933998179406,44.718204498291016,30984400
2017-12-01,44.79738646403219,45.28044167408401,43.90254653427772,44.50438690185547,31242400
2017-12-04,45.35171288175281,45.92187681356422,45.296280612919155,45.446739196777344,28720400
2017-12-05,46.452442268604514,47.046362005939635,45.48633186253981,46.365333557128906,39754900
2017-12-06,46.46829235798929,46.80088604583645,46.02483108669364,46.38118362426758,26758300
2017-12-07,46.2861447896964,47.51357829139094,46.15944203508597,47.00676727294922,32990600
2017-12-08,46.96718215942383,47.450234426407285,46.84047938072066,46.96718215942383,22017100
2017-12-11,46.690010572647324,46.95925431358237,46.42076683171228,46.61874008178711,15876600
2017-12-12,46.49203732295281,47.95704118601775,46.49203732295281,47.774906158447266,25040400
2017-12-13,47.759074760861694,47.90953336492125,47.0226139236682,47.0384521484375,18227000
2017-12-14,47.157227660820155,47.505662515002285,46.88798391933035,46.895904541015625,14731000
2017-12-15,47.07803568905979,48.028307817227365,46.99884458289393,47.41062927246094,36467500
2017-12-18,47.8620067833509,48.40841482904071,47.80657452086523,48.24211502075195,19970900
2017-12-19,48.463858231273136,48.51929050650029,47.735315009836704,47.798667907714844,17062700
2017-12-20,48.210437461852514,48.36089601556612,47.56108556775793,47.62443542480469,16544500
2017-12-21,48.052075221487904,49.192400237662255,48.052075221487904,48.788536071777344,22130700
2017-12-22,49.097368862884906,49.287424523133225,48.455934407983094,48.74101638793945,11653200
2017-12-26,48.701423968491966,48.875641411143164,48.14709821346461,48.408424377441406,11662800
2017-12-27,48.384666550315565,48.49553412032232,48.03623467850581,48.26588439941406,10010800
2017-12-28,48.32923734842719,48.5509694817057,48.234211017497884,48.54304885864258,10550900
2017-12-29,48.66973210156861,48.76476141518075,48.04413604736328,48.04413604736328,10711400
2018-01-02,48.337141647809126,48.59054712526611,48.067897950407136,48.37673568725586,13819300
2018-01-03,48.479695743796896,48.91523633739948,48.38466639837523,48.748939514160156,14203700
2018-01-04,49.081520219973186,49.92884535783628,49.02608796017516,49.35868453979492,18740500
2018-01-05,49.699205595576274,49.73880266403038,49.16863871161178,49.691287994384766,14217900
2018-01-08,49.6200125517827,49.675444817091616,49.04984865622591,49.1290397644043,15569400
2018-01-09,49.334941067909824,49.70713180320988,49.15280601171667,49.30326461791992,15766500
2018-01-10,49.47747242952803,50.20601553314978,49.38244611891022,49.984283447265625,18107500
2018-01-11,50.4039965816578,50.41983178518649,49.64377691648672,49.89718246459961,22075000
2018-01-12,50.047637226895034,50.2060164279688,49.13695908634486,49.53290557861328,25886100
2018-01-16,49.722962532250676,50.0080444975174,49.239907315641176,49.49331283569336,17907800
2018-01-17,49.770472596407856,50.71282717616263,49.485393661039474,50.586124420166016,23892900
2018-01-18,50.57821813854587,50.92665006111536,50.5703005356653,50.641571044921875,16305900
2018-01-19,50.799941109923,50.887049830032076,50.54653557187783,50.85537338256836,16524000
2018-01-22,50.68114707522408,51.275066767511866,50.657391254198735,51.25923156738281,12245200
2018-01-23,50.92663094052195,51.35425383550883,50.85536347885584,51.06917190551758,12937100
2018-01-24,51.433452456248446,51.9719399852681,51.31467332913464,51.8531608581543,20180300
2018-01-25,52.02737255336565,52.146157722817385,51.78980825612688,51.9877815246582,17568700
2018-01-26,52.17783435514596,52.296619525017405,51.671023269248195,52.209510803222656,16251900
2018-01-29,52.090725743018716,52.51042810800534,51.995702440253275,52.12240219116211,16105200
2018-01-30,51.81354831690394,52.209494733496,51.69476318359375,51.69476318359375,16158900
2018-01-31,51.68686157462905,52.34413431792356,51.59975888927123,52.090728759765625,18147900
2018-02-01,52.07478407359245,52.64834242186291,51.8278290093749,52.186309814453125,15717600
2018-02-02,52.04292627642382,52.202247050052364,50.84800224111593,51.039188385009766,18905300
2018-02-05,46.76136543771706,47.709337497864844,45.80542551485459,46.33119201660156,103394400
2018-02-06,45.335410440575814,46.60202983455615,44.50692918086007,45.630157470703125,83076900
2018-02-07,45.35930890326588,46.29931592187001,45.207952974078225,45.8372802734375,45551000
2018-02-08,45.66999942597859,45.75762463850161,44.09269697897936,44.132530212402344,43569700
2018-02-09,44.72202274544639,45.0406703680516,43.59082945901086,44.71405792236328,48904600
2018-02-12,44.89728237195373,45.50270925049461,44.514907021478045,45.00880813598633,24401300
2018-02-13,44.65829009834425,46.27541946267417,44.570661859890166,46.2037239074707,24234200
2018-02-14,46.084236327039434,47.478314385803706,46.04440613313026,47.43848419189453,23681800
2018-02-15,47.65356910528498,47.87662061392238,47.11983784137439,47.81289291381836,22397300
2018-02-16,47.53407512341947,48.13950498341802,47.53407512341947,47.75712966918945,18661900
2018-02-20,47.68543410784354,48.80866254303023,47.62170336938101,47.75712966918945,18517600
2018-02-21,47.685443427624065,48.18731245513217,47.58188247680664,47.58188247680664,19987800
2018-02-22,47.70136644760211,47.93238277573648,46.74542664951723,46.8489875793457,17948600
2018-02-23,47.056116119668026,47.19154244646992,46.482551514576656,47.13577651977539,21099200
2018-02-26,47.59781476436023,47.7969688010312,46.96052245478304,47.7730712890625,16478300
2018-02-27,47.82086567448597,48.179343543477124,47.167640686035156,47.167640686035156,17024400
2018-02-28,47.37476395407655,47.65357839422157,46.45865415557238,46.53034973144531,17869100
2018-03-01,46.40288600378887,46.95254999723004,45.45491397598042,45.65406799316406,28491000
2018-03-02,45.34337952462487,45.90101131103641,44.945071539880736,45.73372268676758,22428500
2018-03-05,45.25575386477457,46.17982825851925,45.080497380820816,45.877113342285156,20560900
2018-03-06,45.97271684043523,46.10017530164267,45.1203378113262,45.46288299560547,23975900
2018-03-07,44.929138264945124,45.19998779424371,44.61845550931116,45.08845901489258,24788700
2018-03-08,45.20796428335076,45.42305099790703,44.79372354111453,45.18406677246094,16828400
2018-03-09,45.53456878587888,46.41881300000319,45.40711035205863,46.38694763183594,19051500
2018-03-12,46.41881954821018,46.649838941739056,46.171867468350094,46.21966552734375,12414800
2018-03-13,46.514415518175106,46.53831302973254,45.74169689675787,45.85322570800781,13810600
2018-03-14,46.09220305519175,46.12406842507476,44.96897459703165,45.11236572265625,12212900
2018-03-15,45.223899934285164,45.502714375771404,44.80169434036329,45.271697998046875,13277700
2018-03-16,45.39913795375029,45.54252600887843,44.50692602704194,44.530826568603516,37095000
2018-03-19,44.514898499344994,44.60252673683728,43.789978133065986,44.196250915527344,17982200
2018-03-20,44.42727365040019,44.522866717297106,43.543029424769465,43.73421859741211,26874600
2018-03-21,43.829816331804956,44.27592242291169,43.44744098464881,43.6465950012207,18997300
2018-03-22,43.18454835863471,43.24031123001044,41.567419011041245,41.84623336791992,32656300
2018-03-23,41.99759380115983,42.0214913071968,40.57961534560888,40.611480712890625,30975800
2018-03-26,41.38420261820056,41.862171012021115,41.04165748838456,41.655052185058594,26718000
2018-03-27,41.74267636203205,42.06132091388693,40.3804607986807,40.70707321166992,23669300
2018-03-28,40.75486407173949,41.368258600373814,40.58757548361597,41.00978088378906,23342500
2018-03-29,41.47183408696108,42.02149808642819,41.200984499068056,41.750648498535156,17706800
2018-04-02,41.718779621942716,41.74268016867666,40.16537779358863,40.90623092651367,23359800
2018-04-03,41.200983995271564,41.57539148068583,40.67521751212571,41.48776626586914,16646400
2018-04-04,40.73097697502557,42.252513415120795,40.63538086695076,42.14895248413086,15952700
2018-04-05,42.49149180789872,42.98539281014327,42.26047246985668,42.42776107788086,16488800
2018-04-06,41.9418343342551,42.156917983753765,41.39216733997272,41.60725402832031,22943800
2018-04-09,41.822345861407555,42.48353869272128,41.551496261893995,41.623191833496094,17032000
2018-04-10,42.212692218220006,42.26845510705541,41.5196339618094,41.91794204711914,14594700
2018-04-11,41.67895832764919,41.79845197028408,41.20098983480878,41.36827850341797,14673200
2018-04-12,41.55149316736578,42.43573747165488,41.447932229686664,41.981666564941406,19967800
2018-04-13,41.432008047406335,41.6630274793164,40.476071019508964,40.539798736572266,32054900
2018-04-16,40.300805234449854,40.898267259250645,40.07775371762257,40.46809387207031,31879100
2018-04-17,40.58758507310339,40.75487370075161,40.22114244906002,40.28487014770508,25507100
2018-04-18,40.452155399725456,40.60351436921851,40.03791475712897,40.141475677490234,21055700
2018-04-19,40.23707765437559,41.113357182904224,40.22114800664985,41.057594299316406,23678400
2018-04-20,41.36827112057318,42.077258908590814,41.280642870126236,41.870140075683594,31149300
2018-04-23,41.86217508495916,42.09319448128376,41.56742798138766,41.90997314453125,17723900
2018-04-24,42.180827703323544,42.81812004506152,41.56743287476025,41.83031463623047,23052100
2018-04-25,41.77454658534815,42.61099590932036,41.368273717322424,42.30828094482422,20978500
2018-04-26,42.21268501233479,42.30827808561311,41.63115263286504,41.77454376220703,17025800
2018-04-27,41.64706945375692,42.17283571478304,41.59130659568202,41.71080017089844,12304300
2018-04-30,41.870133696564935,42.26047379418691,41.39216232299805,41.39216232299805,17050500
2018-05-01,41.23284481383271,41.90200240769692,41.10538636923234,41.870140075683594,13903800
2018-05-02,41.726741196729336,42.11708128133287,41.47182435486828,41.575382232666016,16397200
2018-05-03,41.43092198709753,41.56736792021817,40.7808067923235,41.36671447753906,19216100
2018-05-04,41.06975594299052,42.45828082460635,40.989495769572784,42.064998626708984,16660500
2018-05-07,42.5144477881604,42.5305004292353,42.040905592499655,42.2656364440918,16259100
2018-05-08,42.31380217614386,43.1083881547553,42.2415668088402,42.6910285949707,20786200
2018-05-09,42.899705491291144,43.32508979845741,42.81944227936361,43.14851379394531,16286700
2018-05-10,43.44548304338117,43.92705006756579,43.04417616931782,43.86284255981445,20699000
2018-05-11,43.89494185631967,44.087570490187915,43.55784557421057,43.70231628417969,14424000
2018-05-14,43.9671704831184,43.99927576080483,43.60599682519337,43.72638702392578,12809100
2018-05-15,43.68626004470391,44.36848040424568,43.64612997562404,43.94309616088867,14991100
2018-05-16,43.90297256226171,44.40059222799324,43.79060712758638,44.17586135864258,16450200
2018-05-17,43.662186163912246,43.87888916690001,43.365216892785696,43.51771545410156,21622400
2018-05-18,43.46152229933029,43.67822525025757,43.09231776199569,43.100345611572266,21492700
2018-05-21,43.40534604645753,43.846782925185444,43.39731819568853,43.7745475769043,11491400
2018-05-22,43.846791589516066,44.66545801123206,43.69429301205033,44.35243606567383,17398200
2018-05-23,44.16783237610086,45.09083938598633,43.846788722635594,45.09083938598633,23566100
2018-05-24,44.84203197451232,44.86611247039426,43.69429400003279,43.8788948059082,24673400
2018-05-25,43.82270906413748,44.135730995195296,43.766526347167,44.06349563598633,17741900
2018-05-29,43.373239133218206,43.5498120410221,42.24957888266169,42.498390197753906,31604000
2018-05-30,43.06824822804184,43.69428589371186,42.84351738636093,43.52573776245117,16416200
2018-05-31,43.50968372423346,43.64612963210472,43.18061226160371,43.33311080932617,17515900
2018-06-01,43.79061326942598,44.159814909921046,43.56587930682686,43.89495086669922,14100200
2018-06-04,43.97520749028654,44.28019850663198,43.822708920385395,44.0073127746582,10593700
2018-06-05,43.83073871919069,44.08757488211508,43.573902556266304,43.74245071411133,11883900
2018-06-06,43.91902371446951,44.64940207680652,43.87086578907327,44.60927200317383,15848200
2018-06-07,44.761771874931476,44.93834789021729,44.34441233262871,44.64940643310547,17299600
2018-06-08,44.59322044224399,44.76176859262363,44.127703003982006,44.68953323364258,12965900
2018-06-11,44.7778115781899,45.03464767435008,44.54505290925481,44.553077697753906,13518400
2018-06-12,44.657431598973204,44.90624298062657,44.21599461877999,44.448753356933594,13608300
2018-06-13,44.4567756324145,44.890187797199324,44.25612219261358,44.27217483520508,14901100
2018-06-14,44.40861989838001,44.424669478929296,43.726396379354185,43.93507766723633,18189100
2018-06-15,43.78258423986455,44.44072734192556,43.64614135706769,44.127708435058594,35715800
2018-06-18,43.75047698178596,44.32835989874041,43.686269469751394,44.207969665527344,17856700
2018-06-19,43.8869229201685,44.32835989874041,43.82271234640526,44.207969665527344,16654800
2018-06-20,44.512947956876495,44.617288578493486,43.694281746239355,43.72638702392578,16545600
2018-06-21,43.541786897689846,43.95111847804704,43.244820729127646,43.638099670410156,21191600
2018-06-22,44.1116503905315,44.183885749559614,43.16456593293113,43.29298400878906,24015000
2018-06-25,43.16456553814792,43.4535069716177,42.618787955311305,43.30903625488281,21069600
2018-06-26,43.260881165324015,43.2929833875315,42.554580227376675,42.88365173339844,14409100
2018-06-27,42.73116528807535,43.292992567441935,42.586694541458506,42.763267517089844,19520900
2018-06-28,42.97996362780229,43.22877498052768,42.55457934056603,43.04417419433594,13837300
2018-06-29,44.64136934980591,45.84528979767781,44.47282122191858,44.49689865112305,43888500
2018-07-02,44.30427484789912,45.2513592159887,44.199934214335855,45.20320129394531,21204900
2018-07-03,45.29148896758526,45.45201231153693,44.488875309555006,44.59321594238281,12830400
2018-07-05,44.88215447786938,45.01057560295815,44.183881449703975,44.33638000488281,16788600
2018-07-06,44.38454335898553,45.05071429509281,44.167837261519146,44.85808563232422,12389100
2018-07-09,45.09886700043789,45.72490782809894,44.954396275726,45.56438446044922,16684000
2018-07-10,45.79714080281228,45.8131934449132,45.21925793409275,45.44398880004883,15581400
2018-07-11,45.26741219841946,45.54832575813962,44.93031286502709,45.00254821777344,15641400
2018-07-12,45.315575542519795,45.33162818632729,44.62532716744115,44.97045135498047,18236100
2018-07-13,43.93508140481107,44.777825294849926,43.04417958384219,44.432701110839844,34323400
2018-07-16,44.73768451336832,45.93357709226405,44.649396525316696,45.74095153808594,25538700
2018-07-17,45.70884323349305,45.773050726727206,45.29148381142379,45.39582443237305,21649000
2018-07-18,45.15505820918523,45.60452311075991,45.058745395179635,45.40386962890625,19913900
2018-07-19,45.15504545584841,45.6526681547447,44.962419882241306,45.21123123168945,22219400
2018-07-20,45.00254763471965,45.47608981620426,44.825971649910024,45.27543640136719,17250400
2018-07-23,45.25938154758227,46.62382531409846,45.18714619930412,46.55158996582031,24584100
2018-07-24,46.551602100979714,47.10540454099315,46.43120880188912,46.832515716552734,27245000
2018-07-25,46.63185016785675,46.95289684103364,46.431196762553185,46.73619079589844,15531100
2018-07-26,46.928829308370844,47.13750754673172,46.71212321753726,46.800411224365234,14165300
2018-07-27,46.85658991680005,47.27394941937272,46.680013918323205,47.05724334716797,17662900
2018-07-30,47.217758736842676,47.57090761248184,46.79237145426221,46.94486999511719,22699900
2018-07-31,47.04118496767446,47.121445105340875,45.90949988090121,45.98173522949219,21633800
2018-08-01,46.519491588214656,46.776327739814846,45.91753128382763,46.27068328857422,19192700
2018-08-02,45.81319328286667,46.91277323819895,45.81319328286667,46.78435516357422,13489100
2018-08-03,46.59976041642503,47.29803359640166,46.57567991937148,47.2177734375,13720400
2018-08-06,47.0171104524676,47.37828415607715,46.704088548022774,47.26591873168945,13360500
2018-08-07,47.30604865357108,47.48262464089577,47.11342308715158,47.20973587036133,13810900
2018-08-08,47.16158587113487,47.755521434455105,47.16158587113487,47.506710052490234,13778600
2018-08-09,47.41777047775392,47.619892256288026,47.21564869921982,47.24798583984375,15859500
2018-08-10,46.39099708572574,47.231821442220586,46.39099708572574,46.932682037353516,16170100
2018-08-13,46.61737763614859,46.98119753829944,46.53653013973031,46.57695388793945,19541100
2018-08-14,46.62546020637788,47.10246782749233,46.62546020637788,46.948856353759766,14860400
2018-08-15,46.633538408930775,47.09437583127868,46.60928478169152,46.88417053222656,17378400
2018-08-16,47.0054476238918,47.547135678254286,46.93268364895159,47.42586135864258,19992500
2018-08-17,47.30458257396766,47.73308286778472,47.30458257396766,47.587554931640625,13737600
2018-08-20,47.54712198572318,47.87051493800087,47.43393121408616,47.7249870300293,11403400
2018-08-21,47.700751487609026,48.12924877676117,47.652241138519706,47.66841125488281,17943500
2018-08-22,47.73308705150809,48.10499043908024,47.56330547250351,47.83818817138672,20829600
2018-08-23,47.70073868600922,47.74116242400117,47.353088987838134,47.39351272583008,19655600
2018-08-24,47.61989986890974,47.63606689973942,47.43394508889368,47.45011520385742,14366600
2018-08-27,47.59564163281659,48.08881932897529,47.50670754542613,47.781593322753906,19915200
2018-08-28,47.85435325720121,47.96754404877653,47.69265829464676,47.7573356628418,19330200
2018-08-29,47.74117523644963,47.84627945074265,47.55522352447541,47.66841125488281,14436600
2018-08-30,47.43394555352859,47.765428287331325,47.23991034033111,47.264163970947266,14800900
2018-08-31,47.11054908768786,47.328840999808115,46.94885103232464,47.280330657958984,16720200
2018-09-04,47.256077951900004,47.66032155613502,46.948851949123885,47.53904724121094,19003700
2018-09-05,47.603730235800754,47.86244590957135,47.54713637492182,47.66032409667969,22332300
2018-09-06,47.627976033229395,47.83009781287883,46.83565902709961,46.83565902709961,20756900
2018-09-07,46.827579997626025,46.948854318670925,46.36674251226998,46.407169342041016,21482400
2018-09-10,46.5850348701848,46.762903053591984,46.33440579443918,46.4556770324707,15623000
2018-09-11,46.40717658733271,46.53653444404726,46.34249611690814,46.39100646972656,22160300
2018-09-12,46.350564274400924,46.39907152378322,45.113576984885235,45.22676467895508,23868800
2018-09-13,45.28336760604923,45.47740589488636,44.45871335985986,44.466796875,26954800
2018-09-14,44.62040416836634,44.91954663089045,44.2242471966854,44.24850082397461,20997600
2018-09-17,44.264676452080174,44.272759967472524,43.60980067647346,43.90894317626953,21959500
2018-09-18,43.860431601148136,44.224251466279384,43.690650025464876,44.06255340576172,22055200
2018-09-19,44.054461942119474,44.83060879160807,43.88467731293544,44.644657135009766,17046200
2018-09-20,44.976133688914416,45.12166159893043,44.45870249069447,44.91145324707031,20308000
2018-09-21,45.0731624609382,45.12167280436825,44.40211658875876,44.45871353149414,36158500
2018-09-24,44.30509499913264,44.59615086525362,43.8523441710633,43.86851119995117,19604700
2018-09-25,43.90085502758517,44.216164547039405,43.82000753997833,43.844261169433594,15207400
2018-09-26,43.96552694769811,44.022120794860236,42.86598405860545,42.97917175292969,22025100
2018-09-27,43.076191809409266,43.33490743532923,42.65577814625595,42.704288482666016,19991000
2018-09-28,42.599192156016414,42.83365419905977,42.37281671260026,42.49409103393555,18588600
2018-10-01,42.63961404368714,42.68812129929167,42.170690011951635,42.24345397949219,17209000
2018-10-02,42.235365038598815,42.32429602382599,41.944309205831026,42.14643096923828,17509600
2018-10-03,42.44557064753923,42.78513373233552,42.308129327731216,42.56684494018555,18444900
2018-10-04,42.63152700664899,43.54511834879019,42.63152700664899,43.26214599609375,21417500
2018-10-05,43.41576342828241,43.54512125742791,42.833651655060706,43.00343322753906,14793000
2018-10-08,42.83364737618331,43.62596438606752,42.83364737618331,43.391502380371094,12858200
2018-10-09,43.1570452748156,43.63405282048598,42.83364917858243,43.278316497802734,15918300
2018-10-10,43.41575599309057,43.71489534348513,42.37280693939054,42.38897705078125,21875900
2018-10-11,42.348561038517445,42.72046441593663,41.240931337228986,41.58858108520508,33147900
2018-10-12,42.122189125813534,43.116631266764415,41.1277500689971,42.13027572631836,32067300
2018-10-15,42.453662998498196,43.650226810349224,42.453662998498196,43.043861389160156,34118900
2018-10-16,43.10044319557912,43.488516586521214,42.469821236681696,43.440006256103516,28227200
2018-10-17,43.3025757690143,44.47487974784518,43.00343328287161,44.03021240234375,23524200
2018-10-18,43.7957450185355,43.98169976681248,42.655778323302414,42.9306640625,22533300
2018-10-19,42.914497858116626,43.35916515778864,42.73662970459438,42.76088333129883,19521000
2018-10-22,42.90642382809255,42.98727133021192,41.68560927493681,41.75837326049805,17621500
2018-10-23,41.103488521869515,42.000909788783716,40.8043491276094,41.68560028076172,25529800
2018-10-24,41.4834764181602,41.6290043506328,40.44052726348449,40.57796859741211,31161500
2018-10-25,40.852842046746005,42.53449627816932,40.763907994335554,41.928131103515625,29366100
2018-10-26,41.4915647155168,41.98474242306576,41.06306746724891,41.43497085571289,30053800
2018-10-29,41.944314208914044,42.97109325959226,41.70985219520319,42.2272834777832,30541300
2018-10-30,42.40515835336831,42.77706176110382,41.936234251683715,42.59919357299805,24910900
2018-10-31,42.882174173115345,43.6825750044198,42.87408757167238,43.03578567504883,23667400
2018-11-01,43.19747376695621,43.625971020080456,42.97109832517496,43.30257797241211,17654800
2018-11-02,43.82808958224621,44.16765580387857,42.93875491192111,43.34299850463867,18285600
2018-11-05,43.440016708600794,43.900854163989145,41.36220485981223,43.3834228515625,18990000
2018-11-06,43.140871747533666,43.42384099624393,42.81747567689322,43.29448318481445,20696800
2018-11-07,43.51277602405899,43.80383187719119,42.680035287479065,43.31874084472656,20668500
2018-11-08,43.11497932670551,43.685496398192825,43.082377462881986,43.32688522338867,22429200
2018-11-09,43.269838609623676,43.51434639891189,42.976428018843734,43.229087829589844,18972200
2018-11-12,43.30243765623535,43.66920087081654,42.609662004451984,42.66671371459961,19003300
2018-11-13,42.886790612569406,43.46546310000967,42.886790612569406,42.984596252441406,28102000
2018-11-14,43.31059157134109,43.43284702668618,41.965797107972016,42.50371551513672,24788400
2018-11-15,42.0065468793904,43.123134448941535,41.79463784310211,43.049781799316406,23220100
2018-11-16,42.91123103461919,43.34319493599335,42.77267463984217,43.147586822509766,18872500
2018-11-19,43.17204347555386,43.587706477296166,42.8704808119066,43.45730209350586,20215500
2018-11-20,43.23723425709068,43.3920915650388,42.67486606313893,42.821571350097656,22999200
2018-11-21,42.886776364379024,43.359494139451044,42.601517782239256,42.7319221496582,16946300
2018-11-23,42.35700809084746,42.61781681404099,42.06359749998342,42.24290466308594,11139400
2018-11-26,42.65042894115628,43.34320169583024,42.65042894115628,43.09869384765625,20581700
2018-11-27,42.94383855543192,43.4573072376113,42.748233511135275,43.35135269165039,18044600
2018-11-28,43.31874458897006,44.304927839927025,42.85417882251644,44.296775817871094,23713300
2018-11-29,43.987069068334236,44.35382923870969,43.84036375654982,44.04412078857422,14978400
2018-11-30,44.076723877409975,44.459784994018946,43.90556560287654,44.23972702026367,18939000
2018-12-03,44.64724714488254,44.85915623384123,43.68551354812805,44.20713424682617,21261700
2018-12-04,43.970764771706826,44.00336664051929,41.98209430134113,42.202152252197266,33280500
2018-12-06,41.28117830360255,41.680540368227945,40.76770968285558,41.63978958129883,40310200
2018-12-07,41.47678653154287,41.933203464062764,40.79216268730604,40.96331787109375,28510500
2018-12-10,40.808462676050034,40.808462676050034,39.36586235534928,39.77337646484375,34524600
2018-12-11,40.27053290212215,40.4172381891968,38.75458034174073,38.92573547363281,32388600
2018-12-12,39.35771545254127,39.36586436714981,38.18407276740294,38.90945053100586,42820000
2018-12-13,39.09688916790147,39.21914148685652,38.24925940984051,38.33076095581055,35227100
2018-12-14,37.93955302582528,38.705681340640474,37.800999757281744,37.93140411376953,25913000
2018-12-17,37.670596293916994,38.55897696514151,37.58909162600156,37.98845672607422,29443300
2018-12-18,38.257418037971426,38.730135830102384,37.75210148462337,37.91510772705078,26740000
2018-12-19,37.809157105095395,38.656787165926794,36.92077625672294,37.22233581542969,34287600
2018-12-20,37.00227400442589,38.11886154098082,36.9452222907462,37.52389144897461,43969900
2018-12-21,37.157131126160266,37.92325641929769,36.619212705641345,36.77406692504883,55577900
2018-12-24,36.24430162001029,36.757767098892,35.53522491455078,35.53522491455078,18049900
2018-12-26,35.73083568865455,37.157135009765625,35.06251282691794,37.157135009765625,27770000
2018-12-27,36.44805228696104,37.10822296142578,35.73897570530519,37.10822296142578,27005300
2018-12-28,37.23046822493396,37.84173904328237,37.10821281763061,37.31196975708008,23635000
2018-12-31,37.47498337967772,37.882497339581676,37.140822056919866,37.556488037109375,16544500
2019-01-02,37.10822263851648,38.265563977609695,37.01042015224036,38.25741195678711,20295200
2019-01-03,38.02105623883961,38.59157333349326,37.79284629189318,37.95585250854492,22262000
2019-01-04,38.6486337012636,39.21100511924379,38.469329620954355,39.08060073852539,23343600
2019-01-07,38.94203386425173,39.30879705799464,38.74642890031207,38.82793045043945,21858000
2019-01-08,39.03984768963473,39.25175363011227,38.241117406310046,38.746437072753906,19702900
2019-01-09,38.721980813375716,39.10504498709262,38.37152161652532,38.95833969116211,18837700
2019-01-10,38.713841662981125,39.16210657620896,38.558987415600164,38.917598724365234,16208400
2019-01-11,38.71383657747298,39.19470330353554,38.45302782188843,39.01539611816406,20006900
2019-01-14,38.72197822203213,39.52070838379476,38.63232775526104,39.463653564453125,23827600
2019-01-15,38.79533475862699,39.325104245989486,38.314468074571685,38.852386474609375,27447600
2019-01-16,39.24360422452321,40.21348654340941,39.113199852999976,39.887474060058594,32026400
2019-01-17,39.6429735406757,40.22979487496343,39.44736850197047,40.12384033203125,25738800
2019-01-18,40.01788033537435,40.88181128099444,39.82227532332661,40.75955581665039,36380300
2019-01-22,40.56394212818755,40.83289973949597,40.449838710718225,40.63729476928711,33975200
2019-01-23,40.751406327145915,41.0122150789128,40.34389226387446,40.84920883178711,16806700
2019-01-24,40.58025698958001,41.02852190168266,40.46615353294508,40.735111236572266,17862100
2019-01-25,41.077403466050626,41.191506863659384,40.71878923461233,40.85734558105469,20183400
2019-01-28,40.56394358861816,40.6698980982622,40.09937788129009,40.60469436645508,19913100
2019-01-29,40.5720986711593,40.84105944214233,40.523198973951864,40.629150390625,11927600
2019-01-30,40.62100339811848,41.03666638946298,40.41724635922525,40.82476043701172,16885100
2019-01-31,40.528692858856445,40.64383069173059,40.018795397297794,40.22439956665039,24934700
2019-02-01,40.29841719310815,40.36421203319089,40.125710443796926,40.22439956665039,21123500
2019-02-04,40.175056974429886,40.421784509196506,40.05991913141663,40.3477668762207,17547800
2019-02-05,40.52047348022461,40.56159369009917,40.09281639553308,40.52047348022461,14784900
2019-02-06,40.37243218946985,40.734294374539154,40.35598348052073,40.479347229003906,12145700
2019-02-07,40.37241767550948,40.5451243514812,39.23748226419516,39.541778564453125,24189700
2019-02-08,39.426650743322774,39.508894285828376,38.70292639289562,39.18815231323242,20641200
2019-02-11,39.36908183220403,39.4430994518239,38.96609945437283,39.18815231323242,15995900
2019-02-12,39.48421325041595,40.67671775653439,39.48421325041595,40.33952713012695,22033000
2019-02-13,40.49579394989478,40.88232761077647,40.20794626332214,40.31486129760742,13770900
2019-02-14,39.99411086876746,40.224386459480144,39.50065914075075,39.90364456176758,16456500
2019-02-15,40.37243218946985,40.643828043954215,39.87898347007801,40.479347229003906,19346200
2019-02-19,40.32307992489753,40.808305784591994,40.150373213125754,40.61092758178711,15121700
2019-02-20,40.65204614176545,41.022134178704604,40.54513112281195,40.96456527709961,16742600
2019-02-21,40.92344150540275,41.030356523210365,40.60269958924971,40.75896072387695,16938800
2019-02-22,40.791861284632795,40.915225027059684,40.25729238774695,40.31486129760742,15848200
2019-02-25,40.51224529116996,41.30999049467885,40.50402250456308,40.84121322631836,16564100
2019-02-26,40.70140140506111,41.235970345411054,40.5780376526039,40.78364181518555,16997800
2019-02-27,40.783639202850885,41.14550137639864,40.5944837618643,41.03858947753906,17455000
2019-02-28,41.104374968945436,41.22773869487805,40.898770850571,41.030357360839844,17786600
2019-03-01,41.30998029537183,41.811654860839404,41.01390985429129,41.1454963684082,19051400
2019-03-04,41.35932749123938,41.86100206976571,40.86587569750378,41.2112922668457,16697000
2019-03-05,41.145495165166345,41.16194387110869,40.56980614353382,41.030357360839844,14235400
2019-03-06,41.096153494268286,41.30175761919495,40.85765195640856,40.9727897644043,14211000
2019-03-07,40.88232606417713,40.99746387954235,40.53691261808147,40.8576545715332,19047300
2019-03-08,40.512242676582126,41.03859196630407,40.43822505281424,40.95634841918945,17400000
2019-03-11,41.12082801012091,41.20306841123307,40.81653476128167,40.92344665527344,19471500
2019-03-12,40.939896822118705,41.16194967776013,40.74251859750653,40.832984924316406,18299300
2019-03-13,41.01391062455823,41.18662047661212,40.80008371157869,41.055030822753906,21647300
2019-03-14,41.17839290756511,41.77053377716261,41.063255102314464,41.408668518066406,20160700
2019-03-15,41.30176164409684,41.77876162903049,41.1208289926029,41.66362380981445,46117300
2019-03-18,41.811659359532335,42.82323138388349,41.803436574070915,42.543609619140625,23843300
2019-03-19,43.111084638077266,43.111084638077266,42.22287617721312,42.28044509887695,19911900
2019-03-20,42.09950919895077,42.412028419343585,41.392233481408056,41.44980239868164,20632400
2019-03-21,41.104380640321104,41.235967168745596,40.43822207545756,41.00569152832031,24132800
2019-03-22,40.504016032782864,40.68494868193192,39.47599532129091,39.7309455871582,27975800
2019-03-25,39.82139710425344,40.207933782420994,39.352620048176306,39.541778564453125,17227600
2019-03-26,39.90365442692842,40.331311442029,39.81318809756305,40.306636810302734,16989600
2019-03-27,40.24906605626304,40.4546702000395,39.84608369133252,40.109256744384766,16912000
2019-03-28,40.07635843166664,40.47934392485001,39.763839261683835,40.37242889404297,15881600
2019-03-29,40.95634234098995,40.95634234098995,39.31150929004842,39.739166259765625,53590800
2019-04-01,39.82964308247326,40.21617995529942,39.615812972593346,40.14216232299805,42015500
2019-04-02,39.94477501420748,40.19972529602774,39.44310037364497,39.648704528808594,35393600
2019-04-03,39.86253136145243,40.19149610056775,39.541789407475186,40.18327331542969,30366300
2019-04-04,40.257291466904704,40.85765518262429,40.19972255836106,40.4382209777832,19260100
2019-04-05,40.51223312354674,40.63559684649347,39.96943838966677,40.11747360229492,23734900
2019-04-08,40.00234093544245,40.38065179970991,39.95299794974594,40.19972229003906,18875200
2019-04-09,40.0352388177458,40.05168752559323,39.492444007861415,39.59113311767578,22903500
2019-04-10,39.541792895354355,39.63225608893322,38.982549338531705,39.30329132080078,30977800
2019-04-11,39.45132815415845,39.68982660105164,38.96610219963622,39.26217269897461,33662700
2019-04-12,39.270397408730155,40.15038302638391,37.88051431572345,38.234153747558594,70271400
2019-04-15,37.72424420913238,38.702921858018655,37.55153749601244,38.464420318603516,34954000
2019-04-16,38.554891153655895,39.36908183220403,38.54666523077015,39.18815231323242,25217100
2019-04-17,39.44309426222054,39.44309426222054,38.587780356319705,39.10590362548828,25144000
2019-04-18,39.015443753420605,39.36908315490014,38.75227068310148,39.130584716796875,22416800
2019-04-22,38.99075336845646,39.0647709547035,38.735803207545786,38.86738967895508,15972600
2019-04-23,38.81806471404795,39.01544294405751,38.61246056104692,38.94142532348633,16434300
2019-04-24,38.702918815271325,39.22103891389754,38.67824418871549,39.04833221435547,17831800
2019-04-25,38.79338773431909,39.44309757142262,38.57956080853918,39.0730094909668,23042800
2019-04-26,39.08124535496752,39.45955631688165,38.98255622083145,39.44310760498047,13035500
2019-04-29,39.45131571597353,40.12569691306115,39.44308979510171,39.69804000854492,16918700
2019-04-30,39.76384814106376,39.93655804086335,39.56646988025121,39.813194274902344,18525100
2019-05-01,39.7391634816321,40.17504320573317,39.467767678580245,39.66514587402344,17542100
2019-05-02,39.763829846406395,39.87897077238872,39.35262166542073,39.72270965576172,16883000
2019-05-03,39.903647876187364,40.10925199562118,39.76383544359202,40.010562896728516,16571300
2019-05-06,39.467769670663,40.07635613081192,39.37730335265627,39.82963180541992,19279900
2019-05-07,39.51712748928375,39.60759384125424,38.57957281844628,38.793399810791016,23919100
2019-05-08,38.702929656275494,38.90853382397023,38.49732548858075,38.65358352661133,19814400
2019-05-09,38.19687885300529,38.886084926669824,38.014197114424626,38.81135177612305,23246900
2019-05-10,38.53732914031596,39.334480633838055,38.28821969454012,39.15180206298828,19983400
2019-05-13,38.429380608569055,39.018943537805654,38.41277288981325,38.47090148925781,23304700
2019-05-14,38.51241509132024,38.96911622175956,38.180267086856304,38.603755950927734,21267600
2019-05-15,38.21347688331589,38.48749625411507,37.773383534785076,38.06401062011719,20123300
2019-05-16,38.18858280262174,38.63697861139773,37.997595589736896,38.11384963989258,20764100
2019-05-17,37.731875783342375,38.387866481279666,37.70696578668105,37.94777297973633,22273500
2019-05-20,37.88134183948554,38.12214903089424,37.615624651585854,37.74018096923828,18854000
2019-05-21,37.88133856002121,38.49581148359229,37.79830313384063,38.47090148925781,18416300
2019-05-22,38.25500104905065,38.454290489518186,38.163660187486286,38.279911041259766,13155000
2019-05-23,38.05571570401197,38.08062569682841,37.42463510014365,37.83151626586914,17643700
2019-05-24,37.99760042818947,38.48751718677589,37.85643952928121,38.338050842285156,13425500
2019-05-28,38.255009671582535,38.40447599372278,37.84813159166659,37.8564338684082,19984600
2019-05-29,37.690353978208925,37.93116114514453,37.474459972831134,37.76508712768555,16058800
2019-05-30,37.93946195011816,38.07232052541625,37.26686679849581,37.40802764892578,13775900
2019-05-31,36.97624238555346,37.250265022590405,36.71883063662655,36.8433837890625,17540500
2019-06-03,36.735428152713084,37.45784637248332,36.70221272091728,36.96792984008789,20172500
2019-06-04,37.49937257940453,37.997591498894415,37.37481626573274,37.9311637878418,21082000
2019-06-05,38.088941163446144,38.113854332489176,37.61563213042041,38.08063888549805,13705400
2019-06-06,37.98099945549211,38.35466218437229,37.740192192471795,38.130462646484375,16020500
2019-06-07,38.113840241005285,38.32973423142834,37.8232099386841,37.88964080810547,14979900
2019-06-10,38.2466976380937,38.869472765608215,38.2466976380937,38.42107391357422,15242700
2019-06-11,38.06402053904584,38.57884715333232,38.00589510683278,38.41277313232422,15078300
2019-06-12,38.20518091710363,38.421078091976376,37.18382997701676,37.291778564453125,22470400
2019-06-13,37.449543336111795,37.889639916678746,37.300077051028396,37.60731506347656,15629400
2019-06-14,37.62393210845623,38.02250791163057,37.23365858202351,37.8564338684082,16147500
2019-06-17,37.84812072303628,38.21348097912793,37.48275729934664,37.59070587158203,13420400
2019-06-18,37.57410047615036,38.520718191275236,37.41633191282895,38.279911041259766,18611100
2019-06-19,38.59544510715588,38.819644503652334,37.88963465594673,37.90624237060547,17787600
2019-06-20,38.07233343995058,38.188587504419516,37.56581212753309,38.08063888549805,19205200
2019-06-21,38.06402825832721,38.9359130859375,38.02251053655513,38.9359130859375,39186200
2019-06-24,38.653575614214915,38.769826464535264,38.387858479883235,38.42107391357422,21854400
2019-06-25,38.3048309634101,38.63697586602867,37.72357342432916,38.313133239746094,20814000
2019-06-26,38.37125013650103,38.42937556071212,38.014192149148336,38.030799865722656,17106800
2019-06-27,38.37955767807801,38.636969380066084,38.28821681572164,38.43768310546875,13391600
2019-06-28,38.86947917253213,39.60850527218196,38.86117372894133,39.292964935302734,31030900
2019-07-01,39.75796474880902,39.95725101436203,39.35938905010494,39.60019302368164,15089100
2019-07-02,39.45902302768607,39.69152467275275,38.96080114420375,39.21821594238281,12107200
2019-07-03,39.27636562800397,39.683246925936814,39.01064839296186,39.57529830932617,10438400
2019-07-05,39.94064923905679,40.01538239165571,39.58359119526177,39.666629791259766,10801600
2019-07-08,39.35938553491579,39.84930204807639,39.284652400108314,39.46733093261719,13189300
2019-07-09,39.27635690576695,39.76627354300323,39.20162375203266,39.716453552246094,12595000
2019-07-10,39.583590079613906,39.69984411073453,39.06046119376416,39.15180206298828,12784900
2019-07-11,39.201619079698325,39.50885710154191,39.077065950052045,39.14349365234375,19751400
2019-07-12,39.126893836772574,39.376003313972454,38.96081979610637,39.3261833190918,12792600
2019-07-15,39.35939706014128,39.40091477661426,38.56224233290596,38.786441802978516,21338400
2019-07-16,38.79473836161504,39.002330064033615,37.54918814710358,37.61561584472656,37548300
2019-07-17,37.532591277934465,37.98929252172504,37.482768114619546,37.5408935546875,24502100
2019-07-18,37.54919774095103,38.213490724898215,37.524284576328824,38.04741668701172,19409100
2019-07-19,38.16365345299917,38.53731910818863,38.08061804855602,38.221778869628906,21847900
2019-07-22,38.10553854610684,38.65358060233881,38.00589539977335,38.595455169677734,17972100
2019-07-23,38.76152625513563,39.51715999007635,38.744918537405276,39.19331741333008,21150200
2019-07-24,39.27635797541727,40.247889000421786,39.25975025551306,40.23128128051758,29357200
2019-07-25,40.28940053344532,40.47208225675797,39.86591165987475,39.932342529296875,20562000
2019-07-26,39.98216796714588,40.945393455647,39.91573709392589,40.93708801269531,21641500
2019-07-29,41.00351622062028,41.16128478286495,40.00707536027943,40.090110778808594,19148600
2019-07-30,39.865913099207255,40.34752741711146,39.766269959074705,40.31431198120117,14207000
2019-07-31,40.07351039324562,40.6713756523524,39.94895724266421,40.19806671142578,23422800
2019-08-01,40.198062401905275,40.38904641306759,38.98572746099753,39.07706832885742,22668600
2019-08-02,39.118589184578475,39.53377267723144,38.504116221708664,39.392608642578125,20159000
2019-08-05,38.61206586942193,38.861175338285555,38.07232604721847,38.313133239746094,27113500
2019-08-06,38.70339907447939,39.05215162823136,38.04740850802425,38.9691162109375,19446100
2019-08-07,38.254998437137615,38.3214293019572,37.55749019452187,38.03910446166992,27830000
2019-08-08,38.36659114169734,39.16432132229516,38.249031511490024,38.962791442871094,20671300
2019-08-09,38.64369924839407,39.18111653841407,38.41697572855569,38.87881851196289,19786100
2019-08-12,38.21544903888268,38.55133650298895,38.06430320362114,38.14827346801758,17364400
2019-08-13,38.29942740238635,38.97959495942055,38.00552503290851,38.593326568603516,16649100
2019-08-14,37.80399532403977,37.87117090390556,36.89710097139645,36.92229461669922,28786700
2019-08-15,37.19938587725153,37.367329572160344,36.3932599856007,36.426849365234375,27900000
2019-08-16,36.72914657177236,37.400918133449466,36.636777381430605,37.274959564208984,21196600
2019-08-19,37.896362566801095,38.181865973632206,37.72841882103094,37.997127532958984,15378100
2019-08-20,37.820776402258524,37.820776402258524,37.47649327084794,37.51847839355469,13345800
2019-08-21,37.75360772459859,38.02231642558602,37.627652322844696,37.78719711303711,13513700
2019-08-22,38.064304311314864,38.48416205203569,37.83758074693438,38.30781936645508,14703900
2019-08-23,37.95513969590557,38.33301229617852,37.02305501631907,37.3001594543457,21152500
2019-08-26,37.543681234216805,37.78719951095886,37.35894599260265,37.77040481567383,15973100
2019-08-27,37.98032972800211,38.06430319564121,37.308558003190655,37.577266693115234,15038200
2019-08-28,37.48490027347205,38.4421754530658,37.35894486751842,38.18186569213867,14740000
2019-08-29,38.6269160719502,39.038378109107846,38.44217762221484,38.786460876464844,16196600
2019-08-30,39.08035841979394,39.38265649901872,38.97119451268271,39.10554885864258,15250600
2019-09-03,38.887222549710394,38.91241298745912,38.19025720823437,38.702484130859375,17224200
2019-09-04,39.08035375707675,39.21470808700667,38.8620259689032,39.0467643737793,17123100
2019-09-05,39.72693394664949,40.449086449366945,39.718534999411716,39.98724365234375,19243400
2019-09-06,39.953656734250146,40.113201492959156,39.550590559046775,39.59257888793945,18846100
2019-09-09,39.73533711514089,40.84376131640859,39.37425919468515,40.65062713623047,27651400
2019-09-10,40.36512108956371,41.087276883079916,40.36512108956371,40.566654205322266,25822400
2019-09-11,40.549864795319415,41.129267373317894,40.1300070191076,41.020103454589844,19190000
2019-09-12,40.74299368824514,41.21323548960839,40.49107969593848,40.85215759277344,24305900
2019-09-13,41.15445101071502,41.448353327428315,40.86055189726182,41.07887649536133,25142400
2019-09-16,40.69260483847999,41.146051893434894,40.64222396788044,41.12925720214844,17759700
2019-09-17,40.894138172071784,41.02849249989678,40.56664969820211,40.94451904296875,18346100
2019-09-18,40.83535109516303,41.32238424573358,40.667407414419664,41.08726501464844,20511700
2019-09-19,41.13765911667111,41.40636779011669,41.03689096168397,41.07048034667969,16887500
2019-09-20,41.20484280813254,41.3979770050498,40.818574414298006,40.83536911010742,30229400
2019-09-23,40.575055095028674,41.22163645252618,40.56665934896846,41.11247253417969,20603400
2019-09-24,41.1292620233327,41.33079513913415,40.7010085567374,40.85215759277344,21629300
2019-09-25,40.91933928575897,41.599510049702815,40.85216370594638,41.36438751220703,21313100
2019-09-26,41.355992384499636,41.45675735735597,40.99491442823198,41.03689956665039,19984000
2019-09-27,42.32165288953243,43.169763942882106,42.19569431177549,42.58196258544922,59467400
2019-09-30,42.63236282178327,42.69953840633363,42.0361654946323,42.355255126953125,26897100
2019-10-01,42.53159329920982,42.64075401284894,41.14606137961252,41.19644546508789,27249300
2019-10-02,40.91093670013525,41.17964538098506,40.61703437821442,40.70100784301758,23515900
2019-10-03,40.55825495681431,40.73459442975998,39.735334213140995,40.70940399169922,20212200
2019-10-04,40.860541165096215,41.355973257118976,40.751377293088694,41.322383880615234,15779500
2019-10-07,41.10406705233337,41.389570399666454,40.93612334156217,40.986507415771484,15691900
2019-10-08,40.51626353750872,40.600233786852534,39.92006643869247,40.15518569946289,19734000
2019-10-09,40.44909587419263,40.65902475841391,40.3735245510031,40.43230438232422,13467800
2019-10-10,40.58344890721164,41.204836541350716,40.440695616173066,40.85215759277344,18267800
2019-10-11,41.532312678874725,41.91858089888996,41.27200301911888,41.322383880615234,23024600
2019-10-14,41.22163841322776,41.523936537944124,41.12926918586878,41.37278747558594,16870500
2019-10-15,41.38117867330707,43.03541922768787,40.96132092474426,42.07814407348633,38478400
2019-10-16,42.019355845710535,42.2208857309111,41.52392367330781,41.641483306884766,23728400
2019-10-17,41.96898089075876,42.128525684809446,41.54912313490492,41.658287048339844,20560100
2019-10-18,41.43155356106775,42.170503931449964,41.41475887046138,41.960575103759766,21199500
2019-10-21,42.220886960293164,42.40562536315601,42.136916706224525,42.37203598022461,19409100
2019-10-22,42.355240600444795,42.84227703525571,42.17890114781042,42.50638961791992,18526900
2019-10-23,42.59035750037361,42.80028630792157,42.46439893454107,42.76669692993164,14173700
2019-10-24,42.53998073418232,42.99342780508963,42.53998073418232,42.909454345703125,16695400
2019-10-25,42.892667951052694,43.438481087216445,42.82548917556528,43.30412673950195,17433300
2019-10-28,43.61482243647029,43.70719165509248,43.30412859468148,43.371307373046875,23914800
2019-10-29,43.24534507473356,43.96750086423132,43.24534507473356,43.807952880859375,21063000
2019-10-30,43.564439955308046,43.900324225012554,43.34611213690278,43.69039535522461,16155900
2019-10-31,43.47207091602172,43.690395532050246,42.951448213753416,43.35451126098633,18814700
2019-11-01,43.77436771200036,43.90872205711787,43.58962928624119,43.81635284423828,16359300
2019-11-04,44.152231022568905,44.33696620621433,43.86672769883371,44.26979064941406,17559900
2019-11-05,44.28659730308828,44.924779679758664,44.28659730308828,44.7568359375,25965300
2019-11-06,44.748439469893654,45.210282351208384,44.647671304207954,45.176692962646484,22051100
2019-11-07,45.592092348088045,46.11770081071073,45.592092348088045,45.77859878540039,23452500
2019-11-08,45.63446747137825,45.973566150899636,45.40557416489567,45.86335754394531,14722100
2019-11-11,45.60056225018121,45.89727403554986,45.54969598672548,45.82097625732422,10659400
2019-11-12,45.56667011762382,45.9820700216197,45.45646145184251,45.96511459350586,15187600
2019-11-13,45.61753197850228,45.69382978065743,45.10887888616224,45.176700592041016,16846800
2019-11-14,45.11735523536693,45.405590998473585,45.01562268327042,45.346248626708984,16491400
2019-11-15,45.5920876984099,45.72772784791755,45.295375881960744,45.60904312133789,15225300
2019-11-18,45.642958622059574,45.871852004056564,45.48188693869128,45.77859878540039,14374600
2019-11-19,45.863373742794046,46.05835951393392,45.66839120557083,45.80403137207031,14434100
2019-11-20,45.54970923965856,45.65991789225383,45.14278871536474,45.38863754272461,14994700
2019-11-21,45.64295570487202,45.719253493994586,45.21907981728366,45.40558624267578,16186100
2019-11-22,45.69381359162208,46.075299233322944,45.61751581649875,46.01595687866211,13823400
2019-11-25,46.22789955023599,46.22789955023599,45.812503024777634,45.95661926269531,15561000
2019-11-26,45.871848073592375,45.880324168236406,45.54970150054188,45.617523193359375,18078900
2019-11-27,45.90576181636405,46.11769976891621,45.787073846444976,46.06683349609375,16352900
2019-11-29,45.83794114680721,46.41441264938504,45.83794114680721,46.16856384277344,10508600
2019-12-02,46.04139451051533,46.151599899551535,45.397101428242834,45.456443786621094,20252700
2019-12-03,44.939317405516505,44.97322825057051,44.2272058289633,44.57478713989258,25560700
2019-12-04,44.59174021670821,45.33776265317513,44.540877182030265,45.13430404663086,18867400
2019-12-05,45.27841954396107,45.38014884555681,45.01561534476288,45.125823974609375,13499700
2019-12-06,45.65991029355503,46.12617311459335,45.51579081277369,46.092262268066406,18325700
2019-12-09,45.92270757619494,46.24485412446087,45.702293559328396,45.71076965332031,15070800
2019-12-10,45.34623747332646,45.668380773980715,45.252984273799626,45.515785217285156,15959100
2019-12-11,45.55818798307796,45.76164662564682,44.9901925352465,45.07496643066406,16834200
2019-12-12,45.24451034870234,46.24485768030218,45.015616986327835,46.08378601074219,19119500
2019-12-13,45.82098472659393,46.13465199109082,45.29537950939871,45.60057067871094,19179300
2019-12-16,45.9820700216197,46.25335040360659,45.96511459350586,45.96511459350586,19793500
2019-12-17,45.871850967815746,46.210949751549286,45.77012165608733,46.06683349609375,16723400
2019-12-18,46.168557329370664,46.168557329370664,45.464925092028466,45.49883270263672,18857000
2019-12-19,45.558177061596766,45.63447484274872,45.286893546677305,45.46492385864258,18133300
2019-12-20,45.82098472603843,45.82098472603843,44.99018833954106,45.21060562133789,66318000
2019-12-23,45.21907883284735,45.77859486292647,45.142781045385824,45.617523193359375,17637700
2019-12-24,45.736208084946824,45.81250587268039,45.558180991540596,45.625999450683594,4635500
2019-12-26,45.820980789907075,46.10921651016983,45.73620690967766,45.905757904052734,12517100
2019-12-27,46.02444010759432,46.04987162348614,45.6683827155286,45.71076965332031,9892000
2019-12-30,45.922713352895684,45.99901114408483,45.35472120042263,45.43949508666992,10900500
2019-12-31,45.38014976268443,45.625998544265876,45.3208073993946,45.60904312133789,12566000
2020-01-02,45.65142426057611,45.812499140965386,45.36318857526017,45.566650390625,16803100
2020-01-03,45.02410616369302,45.45645823125335,44.84607903198682,45.28690719604492,15608800
2020-01-06,44.71041808557843,45.10038302170305,44.693462666540555,45.01560592651367,13200300
2020-01-07,44.97322747667765,44.97322747667765,44.481533167520304,44.64260482788086,13278600
2020-01-08,44.79519944042895,45.2105991915584,44.761288596680416,44.77824401855469,16585600
2020-01-09,45.100386739292425,45.100386739292425,44.49000453927759,44.701942443847656,20817400
2020-01-10,44.75281824977858,44.846071465104444,44.490014027852645,44.5069694519043,13777600
2020-01-13,44.50696850235763,44.50696850235763,43.93897636136932,44.17634582519531,25197600
2020-01-14,42.5825760631457,43.01493132805347,41.75177961820374,41.794166564941406,56668300
2020-01-15,41.39571113413278,41.40418722699567,40.67512035199403,40.963356018066406,47148000
2020-01-16,41.08204917323499,41.81111619822376,40.556443991884414,41.751773834228516,37020200
2020-01-17,41.853500246591715,41.89588718452805,41.14138869394655,41.69242858886719,29669200
2020-01-21,41.616135773104766,42.28586046773241,41.37028697625414,41.48897171020508,30858300
2020-01-22,41.56526929842134,41.6161355701164,40.93793478376447,41.16682815551758,20367700
2020-01-23,41.022709700708845,41.07357597368276,40.6751315868451,40.87859344482422,17297900
2020-01-24,40.853154140561,40.870109562996895,39.99692632800334,40.32754898071289,21239600
2020-01-27,39.7510729724352,40.20038029649933,39.62391216969491,39.929100036621094,18156200
2020-01-28,40.27668950388704,40.514062224093465,40.08170696387525,40.15800476074219,16673300
2020-01-29,40.200387755043906,40.607311454275305,40.064747599938904,40.07322692871094,16166300
2020-01-30,39.98844601243299,40.649694535440716,39.8782406201951,40.61578369140625,14760200
2020-01-31,40.200381245369385,40.22581599365042,39.63238919844139,39.793460845947266,23080400
2020-02-03,40.04780036440964,40.45472088006345,39.869770011253706,39.946067810058594,15471100
2020-02-04,40.43775585153261,40.55644056950783,40.05626694810083,40.06474304199219,14973300
2020-02-05,40.607313091246,41.031188997276054,40.50558054537889,40.954891204833984,20141800
2020-02-06,41.503229843361474,41.55463882059545,40.997719673363825,41.10910415649414,18259200
2020-02-07,40.89490665444604,41.12624215879969,40.68070747653562,40.98915481567383,13174600
2020-02-10,40.843498511293326,41.006291981626916,40.629299328997675,40.92918014526367,18124800
2020-02-11,41.19478379446728,41.41754948154275,41.074829520051495,41.117671966552734,13686100
2020-02-12,41.314746312086086,41.54608186028727,40.92061726602813,40.94632339477539,16668100
2020-02-13,40.80066272644021,41.28047011137259,40.740687211876214,41.229061126708984,12530000
2020-02-14,41.246201537020795,41.400425237854535,40.91205127468794,41.31474685668945,15526400
2020-02-18,41.100543808535704,41.22906136831722,39.86675431674239,40.26088333129883,22423800
2020-02-19,40.48365644442835,40.56933483323862,40.25232087253538,40.3465690612793,15602500
2020-02-20,40.269453243649,40.6207398326972,39.99527850431483,40.56076431274414,15965500
2020-02-21,40.680712941771716,40.99772685251064,40.35512923244984,40.86920928955078,21729100
2020-02-24,39.90959676852341,40.22661067139665,39.6354187838201,39.746803283691406,23075900
2020-02-25,39.66112633065947,39.986706775140696,38.521584969713544,38.65867233276367,31110100
2020-02-26,38.9671117142596,39.11276884607408,37.810437530340515,37.81900405883789,27372600
2020-02-27,37.11643277842057,37.973229478325784,36.353884238452125,36.38815689086914,41180000
2020-02-28,35.39428550951529,35.87408974128939,34.05768100295632,35.00015640258789,71703000
2020-03-02,35.11152657628316,36.22536157557727,33.80919526674457,36.20822525024414,44231200
2020-03-03,36.03687643028572,36.75658590988298,34.297576614680366,34.725975036621094,45091000
2020-03-04,35.137240042911365,35.497096446758114,34.23760393592576,35.47139358520508,33881500
2020-03-05,34.27187434603441,34.28044087651584,33.04665457669003,33.32939910888672,45037900
2020-03-06,31.7014755133771,32.28409748698842,31.12742333643582,31.778587341308594,56766500
2020-03-09,28.89118765517939,29.542351751566077,27.605992521314402,27.828758239746094,53277200
2020-03-10,29.67087728363145,30.05643653869629,27.657402626479858,30.05643653869629,40078700
2020-03-11,29.17392930786455,29.362425642791077,27.426063116055747,27.700241088867188,44769500
2020-03-12,25.541110943919865,26.44074852194925,23.23632883742363,23.304872512817383,68447600
2020-03-13,25.832425955891583,27.21186947436797,23.793250072857713,26.466455459594727,78365700
2020-03-16,22.568030804069767,25.044173358037096,22.533758143151676,22.70511817932129,57466700
2020-03-17,23.673294901390395,26.235118775439073,22.18246866320063,25.38688850402832,58112800
2020-03-18,23.73326406672949,24.75285074069508,23.047825875718623,24.09311866760254,51904100
2020-03-19,23.698999969586072,24.94135601536953,22.525189238415454,24.23878288269043,53123500
2020-03-20,24.57293570988629,24.63291123228253,22.430943428818246,22.70511817932129,73915800
2020-03-23,22.499485974913835,23.022132587924858,21.51416990245545,21.63412094116211,47064100
2020-03-24,23.099245368350587,24.992767508853163,22.55946400000536,24.778568267822266,48630300
2020-03-25,24.847102268586166,25.960937233838834,23.793242805956503,24.82139778137207,53341100
2020-03-26,25.12984880842246,26.89484966963016,24.915649619249333,26.475019454956055,45494700
2020-03-27,25.72104212957072,26.809174533987974,24.915652623586812,25.943809509277344,38942800
2020-03-30,26.012351773181788,26.11516647561392,24.75285941181146,25.635360717773438,41232800
2020-03-31,25.198393760803235,25.489704803580977,24.127397760652773,24.590068817138672,36920300
2020-04-01,23.150652099578267,23.450531334546863,22.448078919155492,22.765092849731445,48497400
2020-04-02,22.679414247339377,23.587620173717582,22.602302392567445,23.322011947631836,33113500
2020-04-03,23.133517533428048,23.44196495682111,22.19960873189726,22.473783493041992,32735800
2020-04-06,23.484800707217488,24.70145225707678,23.47623254291162,24.530092239379883,36056100
2020-04-07,26.346502740098195,26.372207233526186,24.598636408041482,24.65004539489746,39229900
2020-04-08,25.138420003293437,26.11516790075222,24.57293420642674,25.943809509277344,42213700
2020-04-09,26.663520243695345,29.053982744604955,26.64638391348701,28.44565773010254,62462000
2020-04-13,28.46279396985583,28.47993030000971,26.91199040934808,26.929126739501953,36068900
2020-04-14,27.511745673617693,27.84589590148829,25.326912860820954,25.85812759399414,64267100
2020-04-15,24.650042895770444,24.941353921578866,24.178803702628525,24.367300033569336,41883900
2020-04-16,24.230215309387415,24.230215309387415,22.842203704615788,23.03926658630371,52962100
2020-04-17,24.11882840379726,24.65861127633691,23.818949211743025,24.31589126586914,46985000
2020-04-20,23.416255826533437,24.752858339732743,23.064969279052917,23.716135025024414,45441600
2020-04-21,23.047836800935347,23.347716049514315,22.705118360078142,22.996429443359375,41918700
2020-04-22,23.561910865895026,23.630454541227405,22.87647411257122,22.9621524810791,28043300
2020-04-23,23.090672486128376,23.313438197427434,22.636569631720157,22.730817794799805,38331500
2020-04-24,22.962153681003027,23.381985552839232,22.59373242822037,23.064970016479492,35135900
2020-04-27,23.450532469190325,24.487255960168167,23.270604265819276,24.34160041809082,39606100
2020-04-28,25.361186701621186,25.635361427982993,24.495821700160313,24.73572540283203,35188000
2020-04-29,25.78957937499872,26.09802505633852,25.40402023056158,25.703899383544922,38515200
2020-04-30,25.121283433433028,25.369755304877266,24.504390288449528,24.88994789123535,29506100
2020-05-01,24.418709721173144,24.444414214458497,23.373418174056166,23.63902473449707,35197600
2020-05-04,23.09923972540401,23.519071573368493,22.790794004933325,23.433391571044922,34343900
2020-05-05,23.579050700705295,23.818952782949413,22.490918263008307,22.550893783569336,56753400
2020-05-06,22.670843839581888,22.833635698466914,21.76263963724229,21.942567825317383,57732900
2020-05-07,22.370924151970463,22.81676926216087,21.977530917268613,22.056209564208984,52387000
2020-05-08,22.414634805074165,22.53702474341765,22.056210582428168,22.23105239868164,53725300
2020-05-11,21.951306737143277,22.056210492535705,21.505461608187634,21.662818908691406,51444200
2020-05-12,21.820176967065358,22.09118197801711,20.9809401609853,21.01590919494629,53560500
2020-05-13,20.93723035025398,20.93723035025398,19.23252831032705,19.695858001708984,90209900
2020-05-14,19.346170913131623,21.49671774725086,19.250009422430338,21.033388137817383,87965500
2020-05-15,20.709937531721582,20.832325819975527,20.176671417331626,20.421449661254883,51616700
2020-05-18,21.461752106120656,22.370926954708505,21.27816968520307,22.21356964111328,55684400
2020-05-19,21.85514655206329,21.9862770978926,20.91100428771077,20.937231063842773,48234300
2020-05-20,21.409299120778954,21.627850563417468,21.295653104269604,21.43552589416504,45297100
2020-05-21,21.32187586165356,21.724011338869428,21.260681731241686,21.38306999206543,28376500
2020-05-22,21.365592648909193,21.409302276914445,20.911005181026663,21.12955665588379,30415300
2020-05-26,21.89885783282495,23.17519935495865,21.890117240869223,22.956647872924805,57720300
2020-05-27,24.30291931651951,24.705054830784142,23.46368259226921,24.434051513671875,61963000
2020-05-28,24.757511953523643,24.801223250972082,23.708465825993702,23.79588508605957,51490200
2020-05-29,23.166453137768727,23.664750164889018,22.808028901860613,23.140226364135742,51336900
2020-06-01,23.26261545220742,24.11933668375503,23.05280627309873,23.682233810424805,34201700
2020-06-02,24.110598677195952,24.469022963128168,23.743432132165946,23.9532413482666,39058000
2020-06-03,24.81869909527157,25.51806465024949,24.774989477579524,25.203350067138672,50814000
2020-06-04,25.771588753885926,26.444727676746435,25.037255686659076,26.418500900268555,61839200
2020-06-05,29.626832357693647,29.626832357693647,27.502512116703105,27.68609619140625,107651200
2020-06-08,28.76137704864435,29.2247051343494,28.21062636716313,29.128541946411133,69051300
2020-06-09,28.359237873182764,28.91873244408251,27.54622779605088,28.525339126586914,51480400
2020-06-10,28.23684964358949,28.263078088033485,25.920204363358256,25.97265625,82090000
2020-06-11,23.778401478717782,24.853674350540075,23.341298522619407,23.41997718811035,75621300
2020-06-12,24.47776295345135,24.67882989181789,23.90952950408643,24.451536178588867,51301200
2020-06-15,23.481168045981793,24.818701837137827,23.218905308610747,24.661344528198242,48311400
2020-06-16,25.727877314226856,25.92020199259946,24.27669579968426,24.932350158691406,52985600
2020-06-17,24.914867563303478,24.958577190308027,23.909531135460274,23.996952056884766,38660800
2020-06-18,23.690979917305828,24.416570738231826,23.542364849529882,24.08437156677246,33670200
2020-06-19,24.4777584839177,24.521468099958707,23.61229508046898,24.128076553344727,71903000
2020-06-22,23.83959043390308,24.154303359911957,23.50739132586332,23.909526824951172,32808300
2020-06-23,24.285440714494737,24.731285927480734,23.7696590955942,23.80462646484375,47279100
2020-06-24,23.568588492653284,23.629784301683877,22.720609433641552,22.834257125854492,57380900
2020-06-25,22.69438168944209,23.961980762040387,22.633187550439384,23.927013397216797,45102200
2020-06-26,22.816774779648217,23.079035887925308,22.07369941630917,22.15237808227539,81172300
2020-06-29,22.370927431351202,22.641930773086365,22.082439572751756,22.467090606689453,43769200
2020-06-30,22.038729666174348,22.615707087063335,22.003762297662675,22.379671096801758,46610000
2020-07-01,22.493317696157135,22.694384655563802,21.79395363412722,21.933826446533203,37509300
2020-07-02,22.510802375047966,22.877968927085174,21.942568862170624,22.15237808227539,37013300
2020-07-06,22.571990386382115,22.74683218931379,21.837657481933082,22.28350257873535,46983100
2020-07-07,22.029983658343784,22.047466504593608,21.278166244906505,21.38306999206543,36920500
2020-07-08,21.365588533943427,21.66281861589649,21.042131679789172,21.461750030517578,38413400
2020-07-09,21.418043081005823,21.662821316486834,20.72741966701404,21.01590919494629,38118900
2020-07-10,21.138293461550514,22.318471454790814,21.112066691064285,22.26601791381836,56483300
2020-07-13,22.571993892117842,22.76432023869657,21.802693508048733,22.21356964111328,51038800
2020-07-14,20.9110017605795,21.321877865833663,20.39522023089068,21.19948959350586,118952600
2020-07-15,21.837666309800394,22.335963481952582,21.715277998721803,22.161123275756836,61714300
2020-07-16,21.77646966082586,22.80803292870341,21.697790993451097,22.257282257080078,48676800
2020-07-17,22.283505971386845,22.41463650984265,21.732757042906353,21.81143569946289,39184100
2020-07-20,21.610367141519745,21.750239938494094,21.330621547571052,21.479236602783203,38682200
2020-07-21,21.63659473196147,22.974130279297697,21.60162569769187,22.904193878173828,58395200
2020-07-22,22.843000168514536,23.035326539850228,22.571996797668906,22.956647872924805,41030500
2020-07-23,22.869222627479054,23.175194978022688,22.467088776844403,23.035322189331055,50791000
2020-07-24,23.140230317473804,23.472429503917915,22.904195984113016,22.956647872924805,39357000
2020-07-27,22.74683218931379,22.74683218931379,22.073693415666344,22.28350257873535,34761000
2020-07-28,22.143633888082714,22.46709078294831,22.143633888082714,22.3184757232666,30505200
2020-07-29,22.248539495899973,22.571994725868628,21.855146197380986,22.53702735900879,31442100
2020-07-30,22.02124725233612,22.064956880696386,21.418044709954945,21.549175262451172,51019200
2020-07-31,21.41804207126738,21.55791486568652,21.05087556906333,21.208232879638672,45537900
2020-08-03,21.19949179643809,21.418043258257036,20.89351941640849,21.234460830688477,27863700
2020-08-04,21.155782607083115,21.23446126835281,21.007167543286503,21.17326545715332,28106900
2020-08-05,21.33061981201172,21.63659215577848,21.278167934267888,21.33061981201172,32935400
2020-08-06,21.242842836373928,21.50618318525808,21.17261863171968,21.2779541015625,44670300
2020-08-07,21.181395104735007,22.13820093561644,21.06728140049757,22.00653076171875,46272400
2020-08-10,22.138202043239176,22.366431137409954,21.26039860763335,21.681745529174805,50602600
2020-08-11,22.1996458243731,22.945777275288172,22.120643394983546,22.22597885131836,55000100
2020-08-12,22.80532974628267,22.945778142890838,21.69929736728562,22.111865997314453,42868500
2020-08-13,21.90119479419284,22.146978666737883,21.664187482001207,21.9626407623291,27387800
2020-08-14,21.76075099555656,22.375212481281856,21.629079122500684,22.20842933654785,26743400
2020-08-17,21.97142192826999,22.067979173533246,21.45351773591539,21.47985076904297,36661700
2020-08-18,21.43595865243569,21.462293356631783,21.07605939980781,21.102394104003906,29680700
2020-08-19,21.07605922554887,21.409623771222712,20.92683258489232,21.128726959228516,33667800
2020-08-20,20.839053490749976,21.014614848680427,20.716161544764976,20.84783172607422,36022100
2020-08-21,20.75126838684082,20.988275667224983,20.64593293396575,20.75126838684082,27198000
2020-08-24,20.891719310946225,21.51496056754787,20.72493787792465,21.497404098510742,36906700
2020-08-25,21.716854941658156,21.8485251109008,21.33062099417298,21.602741241455078,35077300
2020-08-26,21.51496109074689,21.57640705959403,21.102394104003906,21.102394104003906,28348200
2020-08-27,21.058503623324608,21.751969121481505,21.040947153282808,21.585186004638672,36706600
2020-08-28,21.725631825636974,21.743188293585167,21.374510838057823,21.672964096069336,25797300
2020-08-31,21.497406944575573,21.514963415937018,21.14628588873296,21.19895362854004,27615500
2020-09-01,21.084836786203955,21.365733589218916,20.83905124642736,21.111169815063477,30508800
2020-09-02,21.076057570731447,21.64662938458001,21.005833373246652,21.567626953125,40334000
2020-09-03,21.769524660298547,22.26109579258479,21.330622939935452,21.523740768432617,42349300
2020-09-04,21.94508197982627,22.111865071670476,21.286729520431482,21.760744094848633,48745000
2020-09-08,21.31306528875566,21.55007091355493,20.839050690603184,21.040945053100586,49082900
2020-09-09,21.076064599851264,21.128732346960952,20.80394595312748,20.926837921142578,49427900
2020-09-10,21.09361401368579,21.655407592898673,20.944387384922752,21.02338981628418,54211700
2020-09-11,20.997055460240897,21.348176453032156,20.812715892602384,21.30428695678711,34861100
2020-09-14,21.400845520328904,21.918749644904228,21.269175349091142,21.778301239013672,49787100
2020-09-15,21.909976416255773,21.98020230952337,21.558855321305032,21.839752197265625,41954800
2020-09-16,21.830969867901242,22.82288690839177,21.725632730103705,22.568323135375977,51768200
2020-09-17,22.146976692975525,22.32253802138468,21.85730167309426,22.041641235351562,51531300
2020-09-18,21.892413155603638,22.296201840159707,21.8573002225413,22.059194564819336,115153200
2020-09-21,21.462293356631783,21.52373932547892,20.821495615410146,21.102394104003906,56188400
2020-09-22,21.0497248714143,21.383291096909034,20.654714350836336,20.76004981994629,39839500
2020-09-23,20.874162658866528,21.181392468294653,20.04024887084961,20.04024887084961,45697700
2020-09-24,20.15436717853888,20.821498026946312,19.803246119976357,20.47037696838379,43329100
2020-09-25,20.29481196725412,20.81271434673075,20.19825307355461,20.75126838684082,30229900
2020-09-28,21.058499767057416,21.304285279802567,20.856605421379342,20.909273147583008,41103500
2020-09-29,20.821498151784493,20.821498151784493,20.250926218914792,20.417709350585938,38416300
2020-09-30,20.50548916465278,20.953169125871305,20.40893024921039,20.63715934753418,43071500
2020-10-01,20.68982376624719,20.900496359911454,20.329924542786124,20.681045532226562,38879800
2020-10-02,20.321147248214242,21.14628286725308,20.25970128150613,21.058502197265625,26238600
2020-10-05,21.2603956826658,21.593961879899787,21.2603956826658,21.462291717529297,22607500
2020-10-06,21.664190130634143,21.945086976043132,21.102396439816165,21.22528839111328,30991300
2020-10-07,21.435958458940075,21.883638380570122,21.4096237549817,21.778301239013672,34647300
2020-10-08,21.839751775401705,22.234764046014508,21.65541383196734,22.20842933654785,26483400
2020-10-09,22.28743179067041,22.39276895425963,21.95386717547981,22.20842933654785,28211300
2020-10-12,22.12063945918005,22.594652276901996,22.076748298285782,22.54198455810547,25855600
2020-10-13,22.31375866555552,22.383982858532782,21.681740928760135,21.71685218811035,29939600
2020-10-14,21.304285746596328,21.444734135734656,20.39136954292033,20.408926010131836,75388100
2020-10-15,20.242148985883485,20.26848369459213,19.970030359670258,20.145591735839844,60328600
2020-10-16,20.198257631062255,20.391373787758912,19.847136585124147,20.066587448120117,43141200
2020-10-19,20.092916297741706,20.110472764953485,19.759351792102255,19.785686492919922,37423600
2020-10-20,19.952475136071236,20.303596236110558,19.91736386320604,20.0226993560791,34751200
2020-10-21,20.031473394992894,20.145588775014637,19.83835724901079,19.926137924194336,29528300
2020-10-22,19.89102194733043,20.470371971095247,19.847132453578524,20.408926010131836,32238300
2020-10-23,20.698604948421657,20.707383183692592,20.29481617162175,20.435264587402344,24558300
2020-10-26,20.16314357062965,20.207034745359984,19.83835724901079,19.926137924194336,34034100
2020-10-27,19.847136802980742,19.847136802980742,19.153671264648438,19.153671264648438,49636500
2020-10-28,18.635760750039257,18.855211540805456,18.258305122037125,18.59187126159668,54835900
2020-10-29,18.477762157344372,18.767437232080088,18.223200024650428,18.556764602661133,46184000
2020-10-30,18.521650715106897,18.837658777399042,18.293421646948854,18.828882217407227,34592400
2020-11-02,19.048332553952655,19.294116409954015,18.600652663594104,19.223892211914062,38401200
2020-11-03,19.58379263628827,19.75057574470782,19.30289582691453,19.390676498413086,38427000
2020-11-04,19.092221377804893,19.80324156721527,18.58309554136784,19.206335067749023,47203200
2020-11-05,19.30333794030516,19.90298508769275,19.276884007426656,19.69134521484375,38319700
2020-11-06,19.84125827555138,19.902986365516583,19.259248167359015,19.32097625732422,29502900
2020-11-09,21.190462164201566,21.931202528026418,20.54672235333093,21.358009338378906,102118900
2020-11-10,21.48147002770809,21.490288566772666,21.040553166265575,21.331558227539062,49029100
2020-11-11,21.366830701833003,21.640200366941695,21.17282788830546,21.331558227539062,38309200
2020-11-12,21.084643667476886,21.296283553992826,20.776001535571186,20.9964599609375,34505900
2020-11-13,21.084645257076122,21.322740778093507,20.925914909731198,21.225738525390625,30056100
2020-11-16,22.037025849406373,22.072300007771705,21.50792524767754,21.957660675048828,36954800
2020-11-17,21.631380352816954,22.178116281823307,21.622561814353727,22.08111572265625,29490400
2020-11-18,22.17811431794362,22.88358219485444,22.0987491607666,22.0987491607666,44318300
2020-11-19,22.213389534930283,23.1216770942771,22.019385060534525,23.068767547607422,44560000
2020-11-20,22.962944160734082,23.130491307521353,22.451479138023938,22.4691162109375,38469100
2020-11-23,22.883584068234768,23.31568235825918,22.813037442964745,23.192224502563477,40691400
2020-11-24,24.215151349874436,25.335080494975777,24.109332253214088,25.22926139831543,80523400
2020-11-25,24.982350975065096,25.29981167479191,24.691345894303666,25.211627960205078,38875500
2020-11-27,25.211626095704066,25.246898569751583,24.85007440640426,25.096986770629883,20281400
2020-11-30,25.07053297030976,25.18517061403565,24.05642452702008,24.118152618408203,48211000
2020-12-01,24.823618326150598,25.290990792799775,24.726617762856847,24.744253158569336,41924200
2020-12-02,24.682525355611183,25.5643590661309,24.559069174367007,25.458539962768555,35508000
2020-12-03,25.52026872946353,26.005276610312283,25.387994005774267,25.714271545410156,41264600
2020-12-04,26.01409075623309,26.42855193565584,25.872997517197092,26.058181762695312,47168800
2020-12-07,25.943545815366832,26.12873007284722,25.634903704268662,25.87299919128418,31713000
2020-12-08,25.599632653313442,25.837726471572694,25.044076486125192,25.520267486572266,32209500
2020-12-09,25.784814558167312,25.784814558167312,25.2292601238539,25.617265701293945,35276000
2020-12-10,25.3262615130935,26.067001904601348,25.16753287088255,26.005273818969727,31730200
2020-12-11,25.590816792833557,25.91709435072636,25.282174632312245,25.643726348876953,29779100
2020-12-14,26.049364055237856,26.26100390687187,25.14107488692336,25.255712509155273,28378000
2020-12-15,25.687816450478447,26.252191195379616,25.484995091231095,26.216917037963867,38866200
2020-12-16,26.137549488181627,26.375644983186742,25.996456235281762,26.1463680267334,35204800
2020-12-17,26.2786435265605,26.366827232749824,25.961184539028956,25.987638473510742,42870500
2020-12-18,25.98764156708186,26.11991798309419,25.396812851834678,25.581998825073242,53716400
2020-12-21,26.075818838065832,26.358005316137838,25.432080724718563,26.058181762695312,52731600
2020-12-22,26.14636854853263,26.208096637662692,25.52908597526777,25.53790283203125,25655900
2020-12-23,25.820087343049163,26.887105147469605,25.811268805579072,26.763648986816406,38383700
2020-12-24,26.710741052922874,26.790104531006197,26.15518493259062,26.313915252685547,14443700
2020-12-28,26.525556650373932,26.878289780971144,26.37564485962459,26.393281936645508,21658500
2020-12-29,26.587284825094823,26.604921902173533,26.2345516933419,26.26100730895996,19584400
2020-12-30,26.278643395315157,26.490284961898237,26.146368677673948,26.23455238342285,18519300
2020-12-31,26.234552166806168,26.666650471247262,26.1640055391824,26.613740921020508,21081200
2021-01-04,26.73719418167018,26.843014952542234,25.925907211531403,26.190458297729492,31421600
2021-01-05,26.534373191949456,27.292750627132357,26.296277715978437,26.922380447387695,37360000
2021-01-06,28.130489376702048,29.100506599753288,28.033488831771713,28.827136993408203,73507500
2021-01-07,29.611976485610164,30.15871242339967,29.382697845811375,29.479700088500977,50634100
2021-01-08,29.638428742094515,29.673702894517785,28.80950297978931,29.268056869506836,32324700
2021-01-11,28.78305063873287,29.59433936967927,28.500864131602434,29.312152862548828,33739300
2021-01-12,29.982346965050787,30.44090091054066,29.682523360843128,29.92943572998047,59146400
2021-01-13,29.823615852925325,30.211621474959426,29.65606865875964,29.805978775024414,35734800
2021-01-14,30.044073450486696,30.952361071745703,29.991162218246235,30.643720626831055,55856900
2021-01-15,29.171057895279667,29.54142640265724,28.059945645290313,28.253950119018555,91993100
2021-01-19,28.58022838544208,29.13578452535498,28.46558906934898,28.774232864379883,43806800
2021-01-20,28.906499793073202,28.950594157292734,28.48322013520168,28.624313354492188,29949800
2021-01-21,28.50086210042309,28.59786433607269,28.148128991648377,28.21867561340332,28240600
2021-01-22,27.636663042132565,28.271584261967124,27.469114200013557,28.130489349365234,24476100
2021-01-25,28.112854606835985,28.527315795966388,27.88357934950538,28.430316925048828,28515500
2021-01-26,28.65077546982474,28.686046257640243,27.65430254859713,27.671937942504883,28026500
2021-01-27,27.26629853452765,27.363300781404277,26.384464819545467,26.604923248291016,45074900
2021-01-28,26.922380121090036,27.380932309816753,26.728375654740184,27.169292449951172,28770200
2021-01-29,27.1340248455661,27.50439508722218,26.29628211168837,26.349191665649414,39500800
2021-02-01,26.578464586069995,26.64901120790702,26.17282193099814,26.446189880371094,23713400
2021-02-02,26.860651942563898,27.504391779866268,26.790105318444155,27.116384506225586,25302900
2021-02-03,27.089931831031368,28.015858265286994,26.9929312635686,27.954130172729492,28507800
2021-02-04,28.192974379530828,29.05990401507627,28.131049267368425,28.891826629638672,30825400
2021-02-05,29.192604947226314,29.36068236692422,28.759137510166948,28.80337142944336,24908100
2021-02-08,28.997978355035997,29.696832238562955,27.219885310740626,29.54644775390625,29223800
2021-02-09,29.378371161297313,29.55529668999825,29.1129845555328,29.4226016998291,23539800
2021-02-10,29.617217697260017,29.80298796864863,29.2722148005173,29.369524002075195,22687000
2021-02-11,29.369525465316247,29.493372319078922,28.635285725760845,28.94490623474121,22393200
2021-02-12,28.882986252137883,29.741069573208186,28.882986252137883,29.661453247070312,34473100
2021-02-16,30.13915235903914,30.899929865831723,30.077228922400135,30.77608299255371,36468200
2021-02-17,30.377999644775077,33.12918185260015,30.103764887469623,32.368404388427734,80157700
2021-02-18,32.235715528185985,33.049571822031496,32.00571464326259,32.69572067260742,43334700
2021-02-19,32.846098217336895,33.48302536071381,32.75763377063622,33.465335845947266,39023000
2021-02-22,33.323797377592214,33.5449534633195,32.81956177209992,32.96110153198242,34690000
2021-02-23,33.253031609419985,33.41226427271922,32.37725196127415,32.854949951171875,36792500
2021-02-24,32.94341374289222,33.9164992213087,32.85494927921621,33.87226867675781,42764300
2021-02-25,34.21726829479069,34.21726829479069,32.99648581231284,33.22649002075195,37233100
2021-02-26,32.81956727295996,33.09380208007272,31.784558238074805,31.99686622619629,39468000
2021-03-01,32.82841524575954,33.10264667694547,32.50110513051766,32.81072235107422,28066100
2021-03-02,32.86379808500756,33.12918473231486,32.72225831480538,32.854949951171875,19701200
2021-03-03,33.04071549446331,34.19957451562912,33.04071549446331,33.341487884521484,35365100
2021-03-04,33.27956893054922,33.615727146899005,32.164943673122615,32.872642517089844,42932500
2021-03-05,33.500717966050345,33.721874019066796,32.14724400145325,33.11148452758789,34558300
2021-03-08,33.730721484703174,34.39418963064776,33.412256234718015,34.20841598510742,38255200
2021-03-09,33.76610674081422,34.32342097537746,33.15571720981796,33.7307243347168,35854100
2021-03-10,34.217264598211024,35.11958169433901,33.86341356556625,35.013427734375,38437200
2021-03-11,34.694964121550825,35.02227414876158,34.15534278979269,34.39419174194336,30598700
2021-03-12,34.94265828750352,35.4026633078828,34.871886726872674,35.35843276977539,28754000
2021-03-15,35.44689315498551,35.58843289891428,34.65072998627767,35.11958312988281,25892200
2021-03-16,34.82765611643933,34.93381345716515,34.252652373089646,34.80996322631836,24668300
2021-03-17,35.1018875435556,35.774200431926964,34.686113101328516,35.24342727661133,33537000
2021-03-18,35.51766860878231,36.747295901725785,35.51766860878231,36.10152053833008,57420600
2021-03-19,35.331882811429445,35.44688488108241,34.6949557997064,35.05765151977539,60291800
2021-03-22,34.74803964782831,34.77458067018179,34.16418777465758,34.47380828857422,32206000
2021-03-23,34.05803811245515,34.544580839146825,33.65995647258955,33.82803726196289,32494400
2021-03-24,33.934200888998845,34.518053001940345,33.71304473448198,33.72188949584961,24201700
2021-03-25,33.58918701762744,34.81881430106909,33.421106234561236,34.7657356262207,28773000
2021-03-26,35.29649958039861,35.588423750835986,34.6507210792378,35.17264938354492,29156100
2021-03-29,34.12880169402502,34.809959327229826,33.52725699558646,34.00495147705078,38426900
2021-03-30,34.09342283454039,35.45574512648148,34.03149940077707,34.84535217285156,36134200
2021-03-31,34.73919281878812,35.0576580714518,34.42957232333242,34.5622673034668,25832800
2021-04-01,34.46495166040047,35.075344405458374,34.4295658890345,35.05765151977539,22706900
2021-04-05,35.41150369841208,35.67689364347376,34.78342136085588,34.92496109008789,21293400
2021-04-06,34.87188865131893,35.296511289389834,34.73034889681994,35.25227737426758,20969600
2021-04-07,35.24343414840204,35.46459023533363,35.057663845277276,35.376129150390625,19393200
2021-04-08,35.269970711241136,35.56189835678333,34.792276142877334,35.4115104675293,20845000
2021-04-09,35.68574220757108,36.083823793062535,35.60612589047279,35.8272819519043,28363600
2021-04-12,35.79190442692259,36.172293210280365,35.73882911966535,36.066139221191406,21093000
2021-04-13,35.827282083386464,35.83612684106376,35.1195833591232,35.19919967651367,29333200
2021-04-14,35.11959113869903,37.313459357180434,34.55343203387472,37.145381927490234,64926900
2021-04-15,37.24268113723377,37.38422088818739,36.29613341999878,37.36653137207031,44146300
2021-04-16,37.7469168418339,39.03847087016082,37.66730389530935,38.78192901611328,57060200
2021-04-19,38.57846897987633,39.27732303599187,38.37500578149601,38.817317962646484,39124200
2021-04-20,38.39269343382168,38.39269343382168,37.46383528051776,37.63191604614258,29734000
2021-04-21,37.36652410872745,38.3573021728144,36.950749694743756,38.25114822387695,27258000
2021-04-22,38.268851728765895,38.498855972562026,37.755771309160046,37.77346420288086,24638300
2021-04-23,37.78230230702127,39.08270108255034,37.71153411917842,38.79962158203125,28024200
2021-04-26,39.038468932535324,39.52501159306609,38.91462207799008,39.04731369018555,24606600
2021-04-27,39.26847287474166,40.002712677330116,39.10039546943087,39.88771057128906,29130200
2021-04-28,39.940791538780715,40.40079324021314,39.74617309808489,39.878868103027344,20795100
2021-04-29,40.356552271670616,41.037713263571284,40.26809120761008,40.90502166748047,26880700
2021-04-30,40.515785931340055,40.71040432677943,39.68424043418037,39.852317810058594,34176500
2021-05-03,40.206185580036944,40.38311116102504,39.87002731361703,40.232723236083984,16522700
2021-05-04,40.03809630904315,40.55118004815899,39.51616781130334,40.46271896362305,26137600
2021-05-05,40.630799863419185,40.86964886166731,40.223873440288756,40.639644622802734,19620200
2021-05-06,40.87900690943693,41.39320648879699,40.51551989201397,41.34001541137695,34271500
2021-05-07,40.719436209297434,41.33115741282665,40.38254465367427,41.26023483276367,25140400
2021-05-10,41.52618997786793,41.978331035070966,41.304551475292186,41.31341552734375,28193100
2021-05-11,40.79921441801921,41.56165137917403,40.34706999596924,40.53324890136719,31478500
2021-05-12,41.517327527196564,41.809888603274736,40.32047753796233,40.46232604980469,33392900
2021-05-13,40.329348105245636,41.48186777623932,40.16976809428422,41.136112213134766,23553400
2021-05-14,41.31341978575049,41.765564271493766,41.198170187524994,41.6325798034668,17078500
2021-05-17,41.59712013272485,42.536868772673074,41.490734579012,42.465946197509766,25212800
2021-05-18,42.46593942801106,42.66984644926244,41.51732688561174,41.543922424316406,24126000
2021-05-19,40.728294347275074,41.06518585396045,40.22295877821476,40.93220138549805,28911100
2021-05-20,40.84354275490139,40.941064236597086,40.1343002270261,40.5421142578125,26107000
2021-05-21,40.75489223655352,41.047453325041516,40.58644479651503,40.67510223388672,27312700
2021-05-24,40.78148063542097,41.233621650066695,40.56870620492396,40.99425506591797,25707400
2021-05-25,41.12724408709059,41.68577411607103,40.816951505398954,40.86127853393555,29415300
2021-05-26,40.87901070859298,41.31342033026029,40.42686621689045,41.136112213134766,26170600
2021-05-27,41.659175448613766,42.00493097995825,41.056318436344064,41.455265045166016,42572900
2021-05-28,41.535057028749115,41.56165595069456,41.02972147694604,41.41980743408203,15760100
2021-06-01,41.809886449716856,42.03152494942527,41.48186241709024,41.89854049682617,17878600
2021-06-02,42.00493117204812,42.075853736320816,41.29568861964486,41.499595642089844,18492600
2021-06-03,41.39321523086055,41.668048256003466,41.09178666139074,41.189308166503906,20206400
2021-06-04,41.72123724279661,41.75669683659303,41.23362978132141,41.6325798034668,18190300
2021-06-07,41.756700343895474,41.82762630131666,41.4730032780823,41.765567779541016,16644300
2021-06-08,41.437537671612695,41.676904288354336,41.047451726241995,41.32228469848633,21271700
2021-06-09,40.994264090093985,41.0829181495214,40.45346553455423,40.71056365966797,22617500
2021-06-10,41.19816939979234,41.35774940559923,39.90379786581026,39.97472381591797,21640000
2021-06-11,40.05451047027693,40.50665152764065,40.05451047027693,40.49778747558594,19389300
2021-06-14,40.43573385178859,40.67510386941396,39.753086775287116,40.02791976928711,25452300
2021-06-15,40.072243256901416,40.53325176321744,39.89493177263598,40.3027458190918,23865400
2021-06-16,39.85060221740083,40.74602025229543,39.292072261096635,40.400264739990234,38287700
2021-06-17,40.59531211021096,40.74602468039043,37.82039689455424,37.93564987182617,48910400
2021-06-18,36.95157901979467,37.510109108099975,36.76540345100485,37.01363754272461,61292200
2021-06-21,37.50123363558189,38.39665507213905,37.43917512595141,38.37005615234375,26444700
2021-06-22,38.48531768577174,38.89313180609705,37.997713552170964,38.60057067871094,26455200
2021-06-23,38.5650978188713,39.28320775437447,38.5650978188713,38.9729118347168,18778500
2021-06-24,39.23889175496925,40.2672946057267,39.19456471644121,40.05452346801758,27951000
2021-06-25,40.400271437379175,41.357751521199134,40.08997884462397,41.11838150024414,49074700
2021-06-28,40.78149341187883,40.84355193564638,39.97472922096475,40.59531784057617,27127500
2021-06-29,40.81694802167209,41.118376524703685,39.54030806439231,39.70875549316406,39534000
2021-06-30,39.55803425574764,40.240681167766965,39.40732171537267,40.15202713012695,18168100
2021-07-01,40.320481370020616,40.462329895344254,39.86834025240639,40.2584228515625,18658000
2021-07-02,40.160900140636926,40.258421632957926,39.75308606541776,39.956993103027344,13218500
2021-07-06,39.65555744735206,39.73534743746483,38.387785038857324,38.55623245239258,25486900
2021-07-07,38.37005533135021,38.981779744526236,38.228206829239184,38.476444244384766,21884000
2021-07-08,37.74947261891985,38.07749666653807,37.208674113805735,37.51896667480469,29148700
2021-07-09,38.2814085567098,39.105904188684846,37.9888440631993,38.928592681884766,25055900
2021-07-12,38.37005808446112,39.23001659255103,38.08636105988337,39.15022659301758,17618900
2021-07-13,38.8222085604505,39.12363711853194,38.13069399665437,38.32573699951172,25387800
2021-07-14,38.65375872084814,40.01018883966166,37.68741458373015,39.850608825683594,49618000
2021-07-15,39.53144477215214,40.24068732764442,39.33640180116603,39.89493179321289,33388100
2021-07-16,40.25842959468884,40.36481516101683,39.105909710649826,39.256622314453125,27838200
2021-07-19,37.86473199692108,38.38779915062666,37.49238082747108,38.166160583496094,43362200
2021-07-20,38.12181177361558,40.027903715070046,38.00655883759098,39.75307083129883,34556200
2021-07-21,40.152038254001624,40.91447536389936,40.08111229869221,40.60417938232422,29654600
2021-07-22,40.63963009523111,40.73715156338243,39.71761324608093,39.9215202331543,23309500
2021-07-23,39.983589477614096,40.347076531703834,39.380732405181995,39.53144836425781,23946500
2021-07-26,39.42506806062746,40.10771522997168,39.42506806062746,39.903804779052734,22976700
2021-07-27,39.53145029913871,40.23182890020563,39.24775323727743,40.0190544128418,22124500
2021-07-28,40.231830619487454,40.81695625732328,39.87720758603839,40.34708023071289,23252800
2021-07-29,40.68397476311438,41.41094899134928,40.49779917874751,41.22477340698242,24487400
2021-07-30,41.01199909818587,41.53506625347802,40.542126416663415,40.728302001953125,25794000
2021-08-02,40.816956391727686,41.499603535106665,40.40027483334335,40.59531784057617,23960700
2021-08-03,40.763745918357316,41.614836808981444,39.992445010100106,41.51731872558594,24050300
2021-08-04,41.02085621143758,41.64144472149492,40.81694918620673,40.91447067260742,22178000
2021-08-05,41.00351339222525,41.849406327104234,40.96789606100482,41.84050369262695,28092600
2021-08-06,42.29461684193911,43.62133368582541,42.250096871963,43.42544174194336,33583900
2021-08-09,43.327487075685056,43.932968056497934,42.99803528798417,43.31858444213867,29795200
2021-08-10,43.38981966828482,44.24461522642727,43.35420233753165,44.191192626953125,28708100
2021-08-11,44.19120158373425,45.17065460137512,43.78160899036676,45.10832595825195,29203900
2021-08-12,45.197356634908125,45.633660443924846,45.019276774890464,45.544620513916016,21729900
2021-08-13,45.598044642029734,45.776127904673615,44.68092042489895,44.85009765625,15843300
2021-08-16,44.45831539846247,44.50283536315972,43.57680515217229,43.99530029296875,22615500
2021-08-17,43.52338888471632,43.95968935753756,42.766535788138285,43.37201690673828,16887000
2021-08-18,43.06037239731394,43.612427495658594,42.65078324036972,42.713111877441406,16319300
2021-08-19,42.16105761825262,42.69530749967089,41.69804580967563,42.072017669677734,20259400
2021-08-20,41.965160073499746,42.25009192396504,41.706939522560695,42.2233772277832,15357400
2021-08-23,42.5172124891312,42.73091306213897,42.25008932036302,42.392555236816406,15551900
2021-08-24,42.51721141531578,43.06926640304802,42.481594087938134,43.06036376953125,15109100
2021-08-25,43.291872240941025,44.18228509968238,43.158312350123126,43.888450622558594,21357400
2021-08-26,44.10214905846812,44.404889574900366,43.53228535616167,43.67475128173828,21627600
2021-08-27,43.826112084737424,44.38706961331544,43.73706878100341,44.35145568847656,16873300
2021-08-30,44.306937145896626,44.351460500922094,43.05145529858358,43.104881286621094,16054100
2021-08-31,43.104889871889206,43.621331002480176,40.25556781216521,40.691871643066406,73514300
2021-09-01,40.69186328491231,40.932275134600786,38.52816003437109,38.68843460083008,84960500
2021-09-02,38.89323632814513,39.961732503531564,38.76857906373692,39.68570327758789,37629000
2021-09-03,39.61446785057254,39.62337048424289,39.017889494998435,39.329532623291016,21687500
2021-09-07,39.46309574886952,40.03295940786823,39.40076712345749,39.454193115234375,19733500
2021-09-08,39.28501794744471,39.658993148369674,38.84871750913068,39.01789474487305,21252400
2021-09-09,39.04460199280214,39.81926361549267,38.964464700684346,39.498714447021484,19776900
2021-09-10,40.06856730888049,40.2911704605965,39.34733187452501,39.47199249267578,23367400
2021-09-13,39.67680361938646,40.78981984460499,39.67680361938646,40.745296478271484,28027200
2021-09-14,40.97680203613066,41.79598027314684,40.745292780169976,41.00351333618164,36053200
2021-09-15,40.84323232307557,41.751453745272435,40.82542366028875,41.52885055541992,31535600
2021-09-16,41.7603599022983,42.0898116732209,40.96788969081724,41.20830154418945,24102400
2021-09-17,40.72748994946705,41.57337953717497,40.72748994946705,41.37749099731445,34912100
2021-09-20,40.0952934104382,40.84324041234461,39.92611617543949,40.789817810058594,30603100
2021-09-21,40.941182631150184,41.27954046683148,40.71857941758587,40.8254280090332,23049100
2021-09-22,41.395291548442884,42.46378416483991,41.37748288528224,41.92063522338867,29430700
2021-09-23,42.25899653071498,42.89118889115178,41.99187333301761,42.561737060546875,21852800
2021-09-24,42.54392565846147,43.2473526379296,42.499405694484295,42.668582916259766,20384700
2021-09-27,43.07817212781814,43.5768011209489,41.10145462889186,42.3480339050293,48927500
2021-09-28,41.858310393038906,41.87611905925813,40.13091052964309,40.887760162353516,49349100
2021-09-29,41.35967245394477,41.9829620513001,40.8966574215281,41.8761100769043,21730200
2021-09-30,41.97406335357756,41.98296938466039,41.06584179250024,41.32406234741211,22947500
2021-10-01,41.448715284008586,42.12543091614925,41.39529268970899,41.867210388183594,18021700
2021-10-04,41.867210388183594,42.4637853355643,41.555563869263054,41.867210388183594,22315200
2021-10-05,42.29461541471789,43.14050840234342,42.16105211264065,42.70420455932617,20250500
2021-10-06,42.36584065144127,42.819949663443786,41.90282560973286,42.62405776977539,17425700
2021-10-07,42.97132183406348,43.26515969940286,42.33022690390962,42.52611541748047,19272300
2021-10-08,42.624067750998314,43.04256293214105,42.437081843249565,42.73982238769531,14295400
2021-10-11,42.91790217945602,43.14940803741784,42.04529795074511,42.09872055053711,15387900
2021-10-12,42.10762151376847,42.32131868052836,41.42200326015801,41.537757873535156,18995700
2021-10-13,41.466528451447346,41.466528451447346,40.26447239597405,41.00351333618164,24150300
2021-10-14,41.564472986039746,41.751458873284676,39.917210537472556,40.344608306884766,53257700
2021-10-15,40.70966933837503,43.39871607404372,40.700763309334164,43.07816696166992,60096600
2021-10-18,42.90899759397637,44.26242564634564,42.86447762709797,44.01311111450195,33842700
2021-10-19,44.200093652428535,44.83228596533526,43.87954448062922,44.82338333129883,26500300
2021-10-20,44.6898163075177,44.867899543255646,44.262418579739744,44.66310501098633,24227900
2021-10-21,44.47612199791718,45.05488830541104,44.30694138460764,44.81447982788086,20448300
2021-10-22,45.00147734099171,45.517915154963134,44.95695736685464,45.10832595825195,21517200
2021-10-25,45.313112393506145,45.51790695496825,44.983660568254564,45.07270050048828,19330300
2021-10-26,45.17064010891575,45.50009188781701,44.84118833001448,45.081600189208984,18196300
2021-10-27,44.75215237351738,45.402156801565184,44.47612653903855,44.56516647338867,21988300
2021-10-28,44.85900880892405,45.767230495105906,44.83229410865134,45.73161315917969,26785500
2021-10-29,45.63366131453305,45.98092180351044,45.42886675428114,45.553524017333984,19788500
2021-11-01,45.909691138288444,46.301471598246785,45.651470577639316,46.043251037597656,18699000
2021-11-02,45.89188511579943,46.052159721527026,45.606953238207254,45.678184509277344,21672500
2021-11-03,45.44666863605436,46.80899908842548,45.42885997304004,46.30146408081055,24225700
2021-11-04,46.07800462998569,46.212083603918714,44.612089972608416,45.24672317504883,32005700
2021-11-05,45.58639605104706,46.131645647417,45.05008687317827,45.085838317871094,23443200
2021-11-08,45.18415616457283,45.91711353005338,45.18415616457283,45.47018814086914,19509500
2021-11-09,45.13946878218101,45.19310106171682,43.9864003454398,44.59421920776367,28324800
2021-11-10,44.46014521500212,45.3808105498133,44.406512933546594,45.01433181762695,19827800
2021-11-11,45.06795326708901,45.5059416357506,44.88918584455287,45.21990966796875,16069700
2021-11-12,45.30035536301461,45.58638732442549,45.02326040862347,45.55063247680664,17124700
2021-11-15,45.75621866751739,46.21208445951385,45.56851082835179,45.65789794921875,20110200
2021-11-16,45.68471696026577,45.7472862462599,44.84449498873823,45.02326583862305,19244900
2021-11-17,45.06795793119319,45.30929806831741,44.27243122535987,44.54952621459961,17802700
2021-11-18,44.36181691417482,44.853434180592544,44.04003007513187,44.60315704345703,19198200
2021-11-19,43.7986917354216,44.013217440138966,42.69925559694979,43.63779830932617,30548400
2021-11-22,45.2556660620545,45.68471402838106,44.45119899408587,44.9964485168457,28549400
2021-11-23,45.327168593988524,46.24783714206809,45.318231587205354,45.94392776489258,28024400
2021-11-24,46.04224319285994,46.24783183273927,45.74727426610037,45.86347579956055,18901900
2021-11-26,43.88806669949091,43.88806669949091,42.62773738640324,43.289188385009766,29919300
2021-11-29,44.397566189613435,44.48695331263737,43.181932004418826,43.94170379638672,27677000
2021-11-30,43.00315948303665,43.36069773181174,42.29701658278365,42.708187103271484,40671700
2021-12-01,43.52159886711877,44.20092745705698,42.17188551543793,42.198699951171875,29365100
2021-12-02,42.66349842477499,44.15623103910194,42.46685015695738,43.71824264526367,29184900
2021-12-03,44.03109067269322,44.03109067269322,42.34171313853753,42.68137741088867,29221900
2021-12-06,43.78081730684071,44.60316191983022,43.539477151173266,43.62886428833008,31650100
2021-12-07,44.20985745255655,45.15734047884358,44.10259631686538,44.91600036621094,28370200
2021-12-08,44.853430426801644,44.969631977791174,44.08471824448163,44.165164947509766,19990300
2021-12-09,43.81656504272846,44.71935281782522,43.566287918893735,44.415443420410156,16927200
2021-12-10,44.95174643214576,45.22883792935804,44.317113339458416,44.871299743652344,20040900
2021-12-13,44.60315570053765,44.6567845655833,43.28919395059666,43.4053955078125,19598900
2021-12-14,43.450086037229234,44.236675661635005,43.44114562014812,43.70036315917969,17602900
2021-12-15,43.81656967270436,44.04003238824665,43.02104295093709,43.745059967041016,20284300
2021-12-16,44.44226168227711,45.42549617215559,44.0757830004384,44.960693359375,32781100
2021-12-17,44.42438047941303,44.45119490929119,42.788632061448865,42.86014175415039,74833400
2021-12-20,42.06461860237685,42.16293932319407,41.34059824877299,41.87690734863281,29134900
2021-12-21,42.53835617426011,43.029973391462,42.31489349282562,42.73500442504883,21249400
2021-12-22,42.67244551645826,43.190877290285144,42.56518094827001,42.93165969848633,15688000
2021-12-23,43.26237456624368,43.736114338696645,43.101481169982335,43.226619720458984,16025600
2021-12-27,43.396460840250086,43.63780099424223,42.97635323272652,43.593109130859375,11900400
2021-12-28,43.405403992440434,43.968527644116755,43.2266331178795,43.2802619934082,14320500
2021-12-29,43.44115491215042,43.67355806918945,43.235569602320986,43.30707931518555,14390700
2021-12-30,43.342829244267904,43.71824496481604,42.9405956795589,42.994224548339844,13701300
2021-12-31,42.931654750667384,43.22662716453375,42.76182431859819,42.886962890625,12649300
2022-01-03,43.73612372820709,45.41656433338632,43.72718330995666,45.345054626464844,38978100
2022-01-04,46.10482339378473,47.50816880069757,46.051191121183656,47.15062713623047,43855100
2022-01-05,47.302583550554345,47.49923182121964,46.48024243644542,46.73945999145508,35072600
2022-01-06,47.50816597175485,47.972965334206904,47.070177629351804,47.93721389770508,29720800
2022-01-07,48.14279945655313,49.33161911963354,48.089167186803174,48.95620346069336,35149300
2022-01-10,49.60871505003215,50.10927268165775,48.696986904805115,49.47463607788086,34733500
2022-01-11,49.662346648414136,50.171841280058594,49.3673742775832,50.10927200317383,25073700
2022-01-12,50.42212212708816,50.690276677877335,49.841117758903195,50.413185119628906,34159400
2022-01-13,50.59195025156181,51.11038531469967,49.84111549755627,50.055641174316406,34037300
2022-01-14,50.81541445746638,52.620993405938286,50.40424392527765,51.896976470947266,56739600
2022-01-18,51.59307008546957,51.94167135743567,50.51150800888903,50.672401428222656,41689600
2022-01-19,51.04781855519051,51.55731322664787,49.58190382259249,49.671287536621094,34970200
2022-01-20,49.80535867668646,50.39529996180447,49.081338431863166,49.16178512573242,26972800
2022-01-21,48.714870702583816,49.16179612187357,47.49029600846557,47.97297286987305,38357600
2022-01-24,47.1327347466687,47.81206301150512,45.747267203863274,47.66010665893555,48451400
2022-01-25,47.07911807938699,48.02660111626516,46.078006178948776,47.90146255493164,40858700
2022-01-26,48.18749259215072,49.09028032679588,47.758444652042826,48.3930778503418,39687100
2022-01-27,48.80425200948431,49.61765609598338,47.57967737591323,48.05341720581055,34209200
2022-01-28,47.919346730088066,48.46459631822848,47.16851184654185,48.43777847290039,35519700
2022-01-31,48.10704978845562,48.31263506330558,47.4009068380339,48.08917236328125,34657500
2022-02-01,48.911511073215095,49.885808466193545,48.25900047568197,49.698097229003906,35870200
2022-02-02,49.403131153640615,50.100333644578356,49.12603619479023,49.993072509765625,29037100
2022-02-03,50.13673464540439,50.54077420092146,49.140104883488924,49.53516387939453,25227400
2022-02-04,50.31630544573276,51.21416955393607,49.80452317806325,50.57668685913086,33622100
2022-02-07,50.64850411445784,51.97734231880312,50.19957214981096,51.47454071044922,37480100
2022-02-08,52.076121228806514,52.956027693731926,51.89654771196705,52.74951934814453,39099600
2022-02-09,52.70461950433935,53.31516732173821,52.38138790394237,53.02785110473633,25883100
2022-02-10,53.46781487201083,54.141213052829805,52.79441669119185,53.018882751464844,36092000
2022-02-11,52.54300849763114,54.087335873714586,51.9953108386676,52.35445785522461,38650500
2022-02-14,52.53402693603427,52.65973078698655,51.33986946516524,51.941436767578125,32680500
2022-02-15,53.0817263447545,53.261299855561326,52.15692738795715,52.41730880737305,18224600
2022-02-16,51.99530443383616,52.86623361540316,51.67207284376679,52.201812744140625,22057200
2022-02-17,51.31293366218046,51.654119547322,50.0648997109913,50.415069580078125,24946500
2022-02-18,50.415070898254044,50.9268531644273,49.71473456684873,49.94818115234375,22137900
2022-02-22,49.894303968119274,50.388128500543885,49.113163219553805,49.6339225769043,26887800
2022-02-23,50.14570556124121,50.298344229987414,48.26916956951357,48.43976593017578,21860700
2022-02-24,46.47344068738216,47.434158350588696,45.50374931598974,47.326412200927734,40917600
2022-02-25,47.73942547881877,48.87971312785777,47.66759814250378,48.58341979980469,27493500
2022-02-28,47.25458882768438,47.94594459987331,46.877484122363256,47.91900634765625,31094800
2022-03-01,47.08398916324931,47.33539342424384,44.9021792656168,45.15358352661133,54135500
2022-03-02,46.07838412649739,47.425180241087325,45.7910678960579,46.8864631652832,34894300
2022-03-03,47.003191521796445,47.19174561496792,45.73720308234353,46.00656509399414,24159700
2022-03-04,44.929127325947405,44.947085021730786,43.2590992939756,43.80679702758789,35871600
2022-03-07,43.618236920668664,43.618236920668664,41.09523772289464,41.13115310668945,56332500
2022-03-08,41.912302497221226,43.27705653675027,41.61600565751732,41.71477127075195,60018100
2022-03-09,43.8067911740631,44.66873990600915,43.41172876977797,44.138999938964844,34560200
2022-03-10,43.33092015919298,44.507123368656806,42.9627960134951,44.00431823730469,26178800
2022-03-11,44.59691211877825,44.89320894183276,43.48356245506561,43.51947784423828,23707100
2022-03-14,44.587932136437,45.23439539993892,44.26470050468604,44.76750564575195,28166600
2022-03-15,45.03685876320081,45.458855945412346,44.29163341331767,44.991966247558594,25080600
2022-03-16,45.8359560684401,46.88645871924713,45.54863986524555,46.32978057861328,34672800
2022-03-17,45.8090292126411,46.231026457956496,45.09971571415605,46.2220458984375,29930300
2022-03-18,45.6563886598536,46.27591708829838,44.92912092222506,46.16817092895508,60963400
2022-03-21,46.383664545881615,46.5093649861693,45.440907818643886,45.91677474975586,23411500
2022-03-22,47.05705949516824,48.66423712965806,46.9582938916405,47.93696594238281,28625600
2022-03-23,47.37130790051453,47.63168930873891,45.88085364751521,45.89881134033203,27988700
2022-03-24,46.428546233195306,46.527311820389464,45.71025572416415,46.08736038208008,19677800
2022-03-25,46.21305492005231,47.21866150489869,46.15918185431667,47.19172668457031,19130900
2022-03-28,46.715872671735525,46.78770345091562,45.59354243514699,46.51834487915039,24115400
2022-03-29,47.64066460890266,47.85615004875893,46.257953240354304,46.32978057861328,20915000
2022-03-30,46.26693150221047,46.40161247421652,44.70465003735312,44.991966247558594,30913800
2022-03-31,44.66872801491369,45.27927572711379,43.48354796772028,43.51048278808594,31238500
2022-04-01,44.21981378935948,44.41734501804829,42.94484821348144,43.73496627807617,29989900
2022-04-04,43.50150565632368,43.69005624904106,42.74729986037525,43.51048278808594,23778300
2022-04-05,43.016668630970855,43.905555591570824,42.89096820575221,43.20521926879883,21757300
2022-04-06,42.81914092844927,43.16931083095107,42.55876292285356,42.998714447021484,26001200
2022-04-07,43.24113786370077,43.36683829824816,41.82251427013454,42.864036560058594,29486500
2022-04-08,43.09748160306842,43.89658019311249,43.03463138307035,43.75292205810547,23659800
2022-04-11,43.941463762234164,45.06379378356801,43.92350607088329,44.29163360595703,27041000
2022-04-12,44.60590130364387,44.80343255720834,43.09748891752407,43.47459030151367,25791900
2022-04-13,42.68445339411041,43.654144687908506,42.60364550087064,43.58231735229492,20645300
2022-04-14,41.202976896961445,42.9358546272502,40.430813337341064,41.61599349975586,65583200
2022-04-18,41.49928096655389,42.720376724950015,41.43643075179054,42.35224914550781,26120900
2022-04-19,42.549780880130704,43.26807150430475,42.49591122399257,42.94484329223633,19753300
2022-04-20,43.52844882403586,44.32754728219456,43.384790712738564,43.681087493896484,25893000
2022-04-21,44.13001270314778,44.43528657063435,42.7383208976455,42.89993667602539,19027600
2022-04-22,42.819144313476706,43.02565267738207,41.53519817804225,41.60702896118164,21676800
2022-04-25,41.08625906432883,41.27481312543104,39.9818866496658,41.149112701416016,30045500
2022-04-26,40.54755011209017,41.301756232468904,40.008832922568374,40.026790618896484,21527400
2022-04-27,39.87415191264775,40.574484944042155,39.63172814983883,40.026790618896484,19520900
2022-04-28,40.43979488747475,40.682218575519634,39.784354586499745,40.556514739990234,17431000
2022-04-29,40.439797211792474,40.76302881443038,39.06606290058137,39.17380905151367,27149400
2022-05-02,39.38929793505608,39.54193661630257,38.25799065233649,39.20972442626953,25009300
2022-05-03,39.41623412496113,40.08065162009758,39.200745240678195,39.64967727661133,21545300
2022-05-04,39.784348168547936,41.41846009094528,39.66762490978277,41.28377914428711,29468000
2022-05-05,40.624755562354665,40.67892314287362,39.22545911507864,40.40808868408203,29978600
2022-05-06,40.27268107759952,40.516430061628874,39.28865893191229,40.21851348876953,27035300
2022-05-09,39.6949122228667,40.20949232805111,39.0268589852952,39.685882568359375,27132700
2022-05-10,40.07407505880272,40.36296201454731,38.08797465520555,38.89144515991211,25276100
2022-05-11,38.91852445312943,40.182403933192916,38.358806446869934,38.431026458740234,25291600
2022-05-12,38.12408931980682,38.28658867539527,36.94145588609186,37.74492645263672,30171700
2022-05-13,38.322691392314724,38.99074108028953,38.16921828423168,38.49421691894531,21253200
2022-05-16,38.27755850354076,38.52130406789943,37.64561701317113,38.10602951049805,16837400
2022-05-17,38.810195884183614,39.5594953570992,38.78311036419096,39.46018981933594,23340500
2022-05-18,39.0810266421661,39.09908250740489,37.817143625884576,38.01575469970703,27351300
2022-05-19,37.645623187409434,38.19631509871015,37.52826176931142,37.91645431518555,25211900
2022-05-20,38.37686713170303,38.62964583719646,36.77896243453648,37.61853790283203,35410400
2022-05-23,38.57547177262077,40.01088030671145,38.57547177262077,39.55949401855469,27979100
2022-05-24,39.44213112044162,39.51435457682794,38.494220640096856,39.081024169921875,23996000
2022-05-25,38.90047513155503,40.13727274564924,38.84630753068937,39.83032989501953,22343900
2022-05-26,40.471295767366136,41.310871085043146,40.39907230909489,41.16642761230469,23502500
2022-05-27,41.2567047470534,41.57267375072229,41.03101161763167,41.42823028564453,19482600
2022-05-31,40.93171181498462,41.771290649373526,40.624768978285395,41.31990432739258,40727400
2022-06-01,41.49142821264196,41.59073375047193,40.08310514902908,40.76921081542969,20417900
2022-06-02,40.73310264906836,41.01296342164235,40.182410759315545,40.92268753051758,14633300
2022-06-03,40.47129466858921,40.92268093911746,40.27268360753951,40.46226501464844,12572400
2022-06-06,40.93170430898674,41.42822848335302,40.588649802924856,40.73309326171875,11867200
2022-06-07,40.40810484120109,41.112269894294066,40.290746868856075,41.049076080322266,13281600
2022-06-08,40.51643411043642,40.68795965983301,39.92963055945197,40.290740966796875,12364400
2022-06-09,40.24559608068874,40.29073401286531,38.494215384288744,38.521297454833984,20142400
2022-06-10,37.04075959312552,37.41089623053808,36.12896075982288,36.183128356933594,27619300
2022-06-13,35.1900746547775,35.822016147735944,35.00049324003118,35.19910430908203,27553800
2022-06-14,35.000490599303205,35.478958927221626,33.411609054383014,33.790775299072266,36817600
2022-06-15,34.30535448803103,34.90118419138678,33.70049857508364,34.458824157714844,31358100
2022-06-16,33.72757886375132,34.06160370183415,32.98730573945772,33.989383697509766,37991500
2022-06-17,34.15188929571656,35.181049514273504,33.85397268307945,34.73868942260742,59114300
2022-06-21,35.98451548717681,36.0567355025927,35.09076912025207,35.19910430908203,24884700
2022-06-22,34.657437785791195,35.27132339781606,34.585217772272735,34.84701919555664,18631700
2022-06-23,34.35952755906593,34.63035865947452,33.53800460300413,34.215084075927734,23143800
2022-06-24,34.919250595743364,37.10395901962965,34.76577743592557,36.79701614379883,39407700
2022-06-27,36.86923019365965,37.0046474504267,36.020625256823934,36.32756805419922,16996800
2022-06-28,36.98659823448162,37.51923425966738,36.18313109088714,36.273406982421875,18136600
2022-06-29,36.354652088447544,36.58937144318988,35.70465473100095,35.849098205566406,15778700
2022-06-30,35.271315481523764,35.8490892352119,34.55812449765107,35.36159133911133,20425700
2022-07-01,34.95535665054829,36.18312795429462,34.72063384281808,36.03868103027344,15333900
2022-07-05,35.20812732223272,36.21923155286255,34.76576728419255,36.201175689697266,19144500
2022-07-06,35.7588285620507,36.137991457487914,35.13591317125431,35.659523010253906,17014100
2022-07-07,36.300480312176184,36.55325894639822,35.867149938400274,36.21923065185547,21060400
2022-07-08,36.381738741024456,36.74284919477242,35.98451999694531,36.273406982421875,14437500
2022-07-11,35.812986679503645,36.11992949517515,35.42479763749367,35.921321868896484,13111600
2022-07-12,35.280359043935,36.53521255570424,35.21716178614238,35.74979782104492,15127300
2022-07-13,35.28035762765053,35.52410321821697,34.67549814744033,35.27132797241211,14116800
2022-07-14,34.38660424988534,34.982433954979285,33.79077454479139,34.97340774536133,24355300
2022-07-15,35.569238798875304,37.744920442480066,35.415765679121904,37.13103485107422,40328300
2022-07-18,37.85326069986654,38.62964579571076,37.031737656455604,37.18520736694336,17991300
2022-07-19,37.8081219262661,38.88242020762302,37.69076051011304,38.72895050048828,25724200
2022-07-20,38.4039412640172,38.846297840761665,38.241441945759014,38.56644058227539,19111200
2022-07-21,38.34977743174271,39.153244448578924,38.16922223335386,39.07199478149414,17809000
2022-07-22,38.97269058227539,39.29768926172297,38.53936015761331,38.97269058227539,15965400
2022-07-25,39.29769288717726,39.64074746311017,39.008805910750944,39.27061080932617,20297900
2022-07-26,38.91853194240928,39.43311210979748,38.64770081912148,38.72895050048828,15446700
2022-07-27,38.801166229584666,39.69491262564988,38.53936134708227,39.46018981933594,19498400
2022-07-28,39.31574196904768,39.56852061265256,38.55741292584067,39.10810470581055,14527300
2022-07-29,39.099086641078486,40.03796762612741,39.099086641078486,39.604637145996094,17512700
2022-08-01,39.21642998747867,39.8664271871849,38.96365482928324,39.30670928955078,13668300
2022-08-02,39.261583584417956,39.30672152760598,38.69283585759674,38.71089172363281,17764000
2022-08-03,39.17130577118502,40.23657780193687,39.04491814784234,39.6226921081543,17359500
2022-08-04,39.5408784898972,39.63177567413622,38.75915022242253,38.8773193359375,15062800
2022-08-05,38.70461407815673,40.26806717707921,38.65916201761678,39.77721405029297,16021000
2022-08-08,39.968105498234905,40.16808001014009,39.20455731117326,39.25909423828125,12879700
2022-08-09,39.28636398222687,39.804485565941576,39.07729768243894,39.449981689453125,10489500
2022-08-10,40.03173478199018,40.63166526106609,40.03173478199018,40.29534149169922,14037600
2022-08-11,40.90435302059953,41.45883480523512,40.80436404730394,41.13159942626953,14038800
2022-08-12,41.377031968729824,41.77698445248314,41.077065005285725,41.75880432128906,10706000
2022-08-15,41.27704621249806,41.649730262390456,40.82255329958022,41.58610153198242,11070300
2022-08-16,41.43157661338764,42.104224199058024,41.22250681695692,41.867889404296875,12234100
2022-08-17,41.55883278372648,42.09513455601668,41.40430339128402,41.94060516357422,13151700
2022-08-18,41.94060516357422,41.99514556105492,41.59518958120789,41.94060516357422,7885900
2022-08-19,41.72245247517948,41.831529807776334,40.94072407863927,41.22250747680664,13142900
2022-08-22,40.540755634132665,40.668016528517406,40.104442970185154,40.36804962158203,12391400
2022-08-23,40.413500587971846,40.867993406462325,40.24988289591487,40.33169174194336,10475100
2022-08-24,40.29534217057476,40.63166594560784,40.01355532432747,40.577125549316406,11706700
2022-08-25,40.713479021780884,41.37703830825648,40.38624354516147,41.25886917114258,11783200
2022-08-26,41.43157691136476,41.5588343761903,39.94083719732115,39.968109130859375,13405200
2022-08-29,39.813579681443976,40.28625274126549,39.61360515161992,39.92265701293945,12504900
2022-08-30,40.23170839378966,40.39532610872983,39.586329333473145,40.12263107299805,14365000
2022-08-31,40.24989120439829,40.53167805833134,39.640872366308265,39.73176956176758,22609100
2022-09-01,39.68631887491161,39.759039401455574,38.9045905520918,39.722679138183594,13173000
2022-09-02,40.26806213063945,40.722554939038325,39.240907412756606,39.43179702758789,13025900
2022-09-06,39.73177044343138,39.88629984014817,38.50464093997147,38.97731399536133,14708700
2022-09-07,38.66824919440043,39.91355852571373,38.40464253180343,39.84992980957031,19475800
2022-09-08,39.64996223409519,41.140698489385834,39.39544730294973,41.11343002319336,18500300
2022-09-09,41.36794853786715,41.64064709343814,41.13161371954596,41.2043342590332,12875500
2022-09-12,41.522469091223094,41.940601701542775,41.14069327538372,41.3861198425293,12127900
2022-09-13,40.3135169173658,40.47713463095082,39.122747795448184,39.2863655090332,21124900
2022-09-14,39.31363195944292,39.64086736985995,38.404646249398,39.34090042114258,15067800
2022-09-15,39.449983549360006,40.62257254975724,39.40453148715012,40.12263107299805,13173200
2022-09-16,39.722679399355044,40.04991483594329,39.38635563064182,39.940834045410156,21238800
2022-09-19,39.47725798516334,40.54986162648646,39.45907785103003,40.2862548828125,11324100
2022-09-20,39.89538486627148,40.25898056105289,39.168196944214195,39.45907211303711,19503900
2022-09-21,39.686310451655565,39.82265967623315,38.39555258700829,38.422821044921875,19207100
2022-09-22,38.62280225306725,38.64097891487874,37.66836453522383,37.741085052490234,15499000
2022-09-23,37.104804598615246,37.25024220563187,36.08674134949887,36.732120513916016,23316200
2022-09-26,36.48669560354794,36.85029137179955,35.759507534550956,36.368526458740234,21420000
2022-09-27,36.55031739437129,36.895732961793556,35.82312946361829,36.38669967651367,17541400
2022-09-28,36.26852637794191,37.32294952218634,36.26852637794191,37.095703125,16033500
2022-09-29,36.50487137099306,36.98663275890458,36.150367446491686,36.813926696777344,14811300
2022-09-30,36.94117475889213,37.39566756540903,36.52304220909778,36.55940246582031,21182200
2022-10-03,37.53202469323262,37.995605927741465,36.941182533412,37.795631408691406,16827600
2022-10-04,38.32283500312435,39.62268476469954,38.32283500312435,39.57723617553711,18601300
2022-10-05,38.93186651931003,39.577245655518226,38.68643991803946,39.36817932128906,15873400
2022-10-06,38.96821589661628,39.21364245114075,38.3682854747249,38.39555740356445,15634800
2022-10-07,38.20466968175761,38.286478537355805,37.62291936083946,37.986515045166016,17186700
2022-10-10,38.122864648571884,38.27739404353155,37.40476847466,37.67746353149414,10973700
2022-10-11,37.468398040662244,37.55929523913069,36.41397458790129,36.56850051879883,19135900
2022-10-12,36.57758261203496,37.468388097142274,36.32306428235792,36.82300567626953,16469900
2022-10-13,36.132175138885856,38.78641124569234,36.132175138885856,38.52280807495117,23808700
2022-10-14,39.813575387842356,40.84073026221234,39.204556596206174,39.24091339111328,33954200
2022-10-17,40.595301769950105,41.07706308783575,39.895382355424466,39.95901107788086,24507000
2022-10-18,41.00434896656481,41.177055015940375,39.83175648171051,40.604393005371094,24810400
2022-10-19,40.1589928597293,40.46804816995492,39.359084386056125,39.649959564208984,17876800
2022-10-20,39.7044992988629,40.386238636456696,39.540881580439944,39.67723083496094,17572700
2022-10-21,39.668140623199335,40.79528456550864,39.6045118932107,40.74983596801758,18632800
2022-10-24,40.85891609659864,41.38612610514841,40.749838761641094,41.08616256713867,16154300
2022-10-25,40.70438275203391,41.449750825829106,40.331698715136305,41.240684509277344,16362200
2022-10-26,41.50428534055055,42.00422676298444,41.33157931243852,41.540645599365234,15010800
2022-10-27,41.83152486935386,42.25874928388888,41.404300454818845,41.495201110839844,14655500
2022-10-28,41.7315363119473,42.258749719790934,41.33158382384578,42.13148880004883,14990400
2022-10-31,41.9405983949506,42.286013921571715,41.795160825979366,41.80425262451172,14000000
2022-11-01,42.34055992482278,42.77687268959375,42.04968128080317,42.676883697509766,22409100
2022-11-02,42.613243103027344,43.222261750667016,42.25873929708728,42.613243103027344,29246700
2022-11-03,42.26562153113983,42.26562153113983,41.54289687413685,41.661827087402344,17140100
2022-11-04,42.38454399022556,42.91514943954516,41.991162463563995,42.75962829589844,27082500
2022-11-07,43.11641510010899,43.747653515841094,42.823666545870495,43.0615234375,17713300
2022-11-08,43.226193677628494,43.427459611499984,42.74132955312493,43.16215515136719,14842700
2022-11-09,42.81451798799076,42.99748671453087,42.03690526249303,42.05520248413086,18318700
2022-11-10,43.015786921435186,44.01296288595202,42.93345116327,43.8665885925293,23091900
2022-11-11,44.00380216616594,44.24166251810798,43.299378444233064,43.500640869140625,18076600
2022-11-14,43.180446528410506,43.51893633424889,42.87854766845703,42.87854766845703,13929900
2022-11-15,43.345118510829764,43.464045193574734,42.30220150929685,42.732173919677734,19076000
2022-11-16,42.69558296583815,42.86025445212551,42.110085898966545,42.274757385253906,14713300
2022-11-17,41.82648673391323,42.23816195008602,41.59777672944491,42.07349395751953,11350900
2022-11-18,42.741331709406126,42.78707301763784,42.05520161641611,42.54006576538086,10515300
2022-11-21,42.43029429267976,43.07983007120346,42.43029429267976,42.85111999511719,11656800
2022-11-22,43.11642268185078,43.36342997226876,42.91515670673124,43.09812545776367,11684900
2022-11-23,43.107265991033984,43.45490621793213,42.988339286699954,43.29938507080078,10878500
2022-11-25,43.32683900167857,43.58299317978073,43.01579314690927,43.4000244140625,4913300
2022-11-28,43.10726023988654,43.68361042261699,42.924291540148886,42.979183197021484,12492600
2022-11-29,43.16215291840102,43.592128849486336,43.034075872504395,43.51893997192383,13344900
2022-11-30,43.290238285373,43.8665885925293,42.21072656269097,43.8665885925293,26417000
2022-12-01,43.84827927607542,44.07698926458412,42.50346342689626,42.87854766845703,15980300
2022-12-02,42.439442211823476,42.558372431490234,41.058034853560855,42.02776336669922,29820400
2022-12-05,41.808195997537155,41.97286750547526,39.90532679018056,39.94192123413086,32574600
2022-12-06,39.960209858998994,40.11573097757131,39.027072678052555,39.70405578613281,25961400
2022-12-07,39.420469629519566,39.64917971010628,38.82582202405856,38.8349723815918,24114900
2022-12-08,39.07281079756983,39.23748225667541,38.52390826044271,38.95388412475586,17161400
2022-12-09,38.72518183564466,39.264934126664336,38.71603148063604,38.88070297241211,16023700
2022-12-12,38.972192078102054,39.27409102661496,38.52392232343794,39.210052490234375,18428900
2022-12-13,40.14318668623507,40.32615541387035,38.52391920489586,38.99048614501953,31496000
2022-12-14,38.96303592232181,39.54853296669364,38.37753887794997,38.58795166015625,22044400
2022-12-15,37.892680400142964,38.1579849026445,37.517596047924364,37.84693908691406,16766600
2022-12-16,37.53588434453165,37.92011896192181,37.3712128641984,37.68225860595703,29836200
2022-12-19,37.81949074706446,38.340949336920914,37.60907793798537,38.25861358642578,17454200
2022-12-20,37.77374832247199,38.93559566074484,37.48099977155073,37.49014663696289,25415400
2022-12-21,37.83778826397186,38.09394238314163,37.435256374032924,37.61822509765625,20170800
2022-12-22,37.24313851291637,37.270586088180416,36.611900119249924,37.215694427490234,17382700
2022-12-23,37.22484217211613,37.508443857625224,37.00528250384419,37.49014663696289,10167500
2022-12-27,37.51758492954668,37.636515100567536,37.15165104232187,37.5450325012207,10297400
2022-12-28,37.45355359537907,37.856085485318005,37.380368199832624,37.61822509765625,11889400
2022-12-29,37.64566559533963,37.87437558440041,37.56332985968425,37.81033706665039,11597100
2022-12-30,37.60907880040939,37.90182736669671,37.4992989605112,37.77375030517578,10021500
2023-01-03,38.066487753533636,38.551351770490015,37.920113513140926,38.23115921020508,15944300
2023-01-04,38.661146089940615,39.39302105645351,38.63370200013985,39.01793670654297,18943600
2023-01-05,38.9539034397395,38.99964475887436,38.35925582146947,38.807525634765625,12380700
2023-01-06,38.963039600409225,39.33812389798252,38.51476642046164,39.155155181884766,15247000
2023-01-09,39.447900231993806,39.4570505863978,38.5696546604458,38.780067443847656,21225600
2023-01-10,39.03622268959029,39.228341749567726,38.44157875965741,38.75262451171875,18348800
2023-01-11,38.770926307180886,39.182605070238466,38.44158329673482,39.10026931762695,18272100
2023-01-12,39.383864371306174,39.84128440695395,39.15515435348228,39.18260192871094,20940400
2023-01-13,37.856095888407594,40.58231980108009,37.01444092438357,40.45424270629883,41649700
2023-01-17,40.10659306236156,40.591457234141295,39.50279869171269,40.36274719238281,25473900
2023-01-18,40.21637361902253,40.81102113408387,39.61257923765734,39.685768127441406,20278000
2023-01-19,39.255790657793646,39.52109513859048,38.89900355802325,39.29238510131836,18565300
2023-01-20,39.4113166513535,40.19807627512511,39.11856458294007,40.179779052734375,23237200
2023-01-23,40.19807182421241,41.332475057963386,40.13403329785464,41.195247650146484,19692000
2023-01-24,41.085464079876964,41.350768516272254,40.59144964448663,40.66463851928711,13697200
2023-01-25,40.298706722072865,41.552036713486984,40.28040950083143,41.478851318359375,17285300
2023-01-26,41.65266732761237,41.991160666661,41.31417747840166,41.9088249206543,16724600
2023-01-27,41.90882657438547,42.42113480100928,41.90882657438547,42.19242477416992,18161800
2023-01-30,42.00030975902239,42.67729298318056,41.908827142980684,42.34794998168945,19427400
2023-01-31,42.37538639170538,42.88769802230637,42.13752953918482,42.87854766845703,22840400
2023-02-01,42.68644036837938,43.729357559235645,42.51262199984938,43.29938507080078,21874600
2023-02-02,43.56637765384717,43.796546598980385,42.74697677110882,43.483516693115234,19058000
2023-02-03,43.27175820496613,44.2292617826181,43.22572512206152,43.80575180053711,17346900
2023-02-06,43.51113010125437,43.971467930778054,43.40985872892226,43.8978157043457,15948900
2023-02-07,43.676865145392576,44.56992192730538,43.59400417065737,44.3121337890625,21764800
2023-02-08,43.91623266226186,44.75404742918788,43.83337170675933,44.422603607177734,18070500
2023-02-09,44.62516043660091,44.77246843496645,43.72289850759951,43.79655075073242,17362100
2023-02-10,43.64923632185671,43.92543833908889,43.253345476054214,43.741302490234375,18929000
2023-02-13,43.58479895662011,44.33054772923699,43.391457852937954,44.3121337890625,16451700
2023-02-14,44.12799367312577,44.96580855427466,43.962271739527125,44.65277862548828,16844400
2023-02-15,44.11878502260076,44.43181495191736,43.91623872393683,44.16482162475586,12854000
2023-02-16,43.824166099304534,44.01751068395955,43.44668916674861,43.47431182861328,12631700
2023-02-17,43.35462862280084,43.79655263692991,43.29018159024659,43.722900390625,13463800
2023-02-21,43.336207232780936,43.336207232780936,42.323465313526235,42.57204818725586,13652700
2023-02-22,42.305048419301436,42.56283648717571,42.06567077447617,42.360286712646484,13402900
2023-02-23,42.461571829903846,42.7561878390541,42.15775060701134,42.581260681152344,14783600
2023-02-24,42.20377950565517,43.05079956975922,42.07488545347408,42.921905517578125,16040300
2023-02-27,43.21652185835315,43.667654556853925,43.013975565562596,43.0692138671875,15468200
2023-02-28,42.967939312399864,43.29938317322919,42.84825398317783,43.06000900268555,18627200
2023-03-01,42.81142422555026,43.19810637145719,42.58125527810107,42.97714614868164,13382200
2023-03-02,42.77459610308944,42.92190408811901,41.78026808216475,42.16695022583008,19115000
2023-03-03,42.36950028327602,43.253348198897825,42.26822538442571,43.13365936279297,14947200
2023-03-06,43.16128698546178,43.43748905182642,42.8206343752489,42.93111801147461,14236000
2023-03-07,42.5260157412124,42.59967149414395,40.62021703535365,40.924041748046875,24056800
2023-03-08,40.74910505240587,41.02531057286957,40.14145922916409,40.362422943115234,14852000
2023-03-09,39.9941561962894,40.07701716024157,37.591195265875555,37.86739730834961,33599800
2023-03-10,37.36102516279723,38.99982694156321,36.578448635738646,38.07915115356445,55435400
2023-03-13,36.642894093671615,37.33340090515575,35.17901951284128,35.363155364990234,78806900
2023-03-14,38.20804777706745,38.30011395723257,36.24700723307343,36.98354721069336,52855100
2023-03-15,35.26188234023383,35.88794216347344,35.05933605302062,35.768253326416016,47324600
2023-03-16,35.56571258702755,36.88227946372955,35.12378855676464,36.18256378173828,40388800
2023-03-17,35.68539682940885,35.68539682940885,34.55296587828805,34.76472091674805,47403800
2023-03-20,35.09616330182401,35.39998802577773,34.47931215260848,34.50693130493164,34283700
2023-03-21,35.538080962287104,35.86952477946041,35.3171207589043,35.4276008605957,34664700
2023-03-22,35.63936065574706,35.63936065574706,34.23993296800864,34.249141693115234,22994400
2023-03-23,34.51613590143907,34.654235158634464,33.61387056301912,33.70594024658203,30239900
2023-03-24,33.144327909401625,33.58625186007505,32.45382107795576,33.356082916259766,35694800
2023-03-27,34.083421590893344,34.70027274634763,34.028179773588576,34.49772644042969,27454600
2023-03-28,34.396446249081045,34.60820124807998,33.94531359062299,34.2307243347168,15270000
2023-03-29,34.61740864385814,34.99488558103283,34.34120660652778,34.95806121826172,20789100
2023-03-30,35.26188366612882,35.44601953496413,34.221518992493934,34.41486358642578,22340400
2023-03-31,34.737098722812895,34.939648529741696,34.35041655914836,34.41486358642578,30287900
2023-04-03,34.543754164345366,35.13298607563581,34.43327405900321,34.72789001464844,21541000
2023-04-04,34.7094843545101,34.80155054556421,33.50339758394087,33.89008331298828,21942700
2023-04-05,33.604663082291985,34.0742061444196,33.392908092540395,33.96372604370117,15486900
2023-04-06,34.16628096653137,35.07774808088061,34.12024787697528,34.89361572265625,23484900
2023-04-10,34.709475637943754,35.63935657763017,34.62661468196384,35.565704345703125,27005800
2023-04-11,35.69460514099905,36.40352600697132,35.639363322524645,36.24700927734375,25116100
2023-04-12,36.293038583243764,36.68892946075389,35.80508152998223,36.08128356933594,20252900
2023-04-13,36.20097004490012,36.53241387533327,35.943181959940674,36.513999938964844,22397800
2023-04-14,36.59686894089606,37.296581116203015,36.0168421101429,36.4955940246582,40963100
2023-04-17,36.67052313923164,38.0239143371582,36.421940222363524,38.0239143371582,31445100
2023-04-18,37.94104497091001,38.72362142764148,37.876597952509655,38.54869079589844,27892300
2023-04-19,38.64076419063182,39.04586027555823,38.47504226677569,38.889347076416016,23310500
2023-04-20,38.54869503731606,38.71441696346497,38.16201288436824,38.364559173583984,19265500
2023-04-21,37.94104723032725,38.11597787248755,37.02037147023914,37.96866989135742,23975300
2023-04-24,37.86739802176558,38.3001132753574,37.784537056252326,38.16201400756836,17327800
2023-04-25,37.47150349279334,37.8029473226539,37.18609274772469,37.33340072631836,20728000
2023-04-26,37.04800176032368,37.24134286685183,36.12732581064675,36.329872131347656,26915600
2023-04-27,36.3943111086197,36.62448004507614,36.20097004490012,36.513999938964844,21695800
2023-04-28,36.13652489620185,36.75337599206177,35.86952807317318,36.59686279296875,20193000
2023-05-01,37.278165881615585,37.91343093961196,37.00196032308714,37.18609619140625,26564300
2023-05-02,36.8362335400106,36.8362335400106,35.28029285749763,35.7590446472168,36239500
2023-05-03,35.93397983777913,36.52321186143004,35.54729763929567,35.58412551879883,25202700
2023-05-04,34.96244402469399,35.3335966479707,33.77476129352648,34.07168197631836,53247000
2023-05-05,34.75830856589744,35.51916823256134,34.6376869760028,35.20368957519531,27039700
2023-05-08,35.65834692105896,35.9831027605839,35.398542249439,35.61195373535156,22735400
2023-05-09,35.20368527523435,35.88103569869645,35.04594773560503,35.760414123535156,18999100
2023-05-10,36.37282236423489,36.40065757467552,35.166581537628886,35.51917266845703,17941600
2023-05-11,35.03666576079509,35.70473893978022,34.71190993188458,35.56555938720703,18536200
2023-05-12,35.68618733198258,35.751138509365404,34.4985046146125,34.78614807128906,17658600
2023-05-15,34.8882083557188,36.2800252349029,34.75830601332669,35.97382736206055,24405800
2023-05-16,35.89032419955936,35.97383336783506,35.55628752645654,35.621238708496094,21821200
2023-05-17,36.17796435911621,37.681125710655756,36.08517443644486,37.54194259643555,29241600
2023-05-18,37.41203416959443,37.41203416959443,36.71612579063683,37.309967041015625,27213900
2023-05-19,37.421314329407565,37.54193589799791,36.76251838449467,37.142948150634766,19774900
2023-05-22,37.30069330167706,38.25640643198809,37.207903385411235,38.024436950683594,27519400
2023-05-23,38.05227768398757,39.08222289694105,38.02444247485063,38.23785400390625,26116600
2023-05-24,37.940928894435054,38.31208149109856,37.746075373994785,37.92237091064453,21193700
2023-05-25,37.690402331529924,38.31208241499713,37.59761594991324,37.95021057128906,17691800
2023-05-26,37.95021458274354,38.52549799663806,37.82030867934573,38.256412506103516,17399400
2023-05-30,38.26568719340136,38.432701963533084,37.43059564487584,38.024436950683594,14752600
2023-05-31,37.384200845415535,37.5512191479228,36.46560018162558,36.938819885253906,27221100
2023-06-01,37.309967364533826,37.60688799229785,36.81819323846962,37.1707878112793,17079400
2023-06-02,37.69039919044135,38.55332591794043,37.46771047729058,38.26568603515625,16906100
2023-06-05,38.1914577734422,38.1914577734422,37.523384490661584,37.53266525268555,18443900
2023-06-06,37.486272434456296,38.618281182069104,37.35636654184295,38.284244537353516,18825100
2023-06-07,38.46054050254305,39.10077499327356,38.0337175087227,39.035823822021484,17781800
2023-06-08,38.69251334922037,39.342028657828486,38.562610995413486,39.31418991088867,17157300
2023-06-09,39.2770794607778,39.40698182113272,38.99871321479,39.09150314331055,11098900
2023-06-12,39.07293407204832,39.676052508236126,38.42341891497674,38.81312942504883,19433400
2023-06-13,38.67395471895653,40.214232033309585,38.53477160530154,39.573997497558594,18864000
2023-06-14,39.6667814943677,39.88947375490627,38.96159582521346,39.04510498046875,14826100
2023-06-15,38.80385759865054,39.36058298169936,38.61828129110971,39.30491256713867,14188200
2023-06-16,39.50904243558445,39.65750275707935,39.026545505832686,39.13788986206055,36422100
2023-06-20,39.08222026099975,39.10077824569734,38.35847655566183,38.86880874633789,16679600
2023-06-21,38.83169475604634,38.933761907298255,38.53477406489922,38.646121978759766,11686500
2023-06-22,38.55332918544007,38.6275611224972,37.96876506962268,38.098670959472656,11504400
2023-06-23,37.60689370286954,37.80175077033168,37.39348219048113,37.68112564086914,18952000
2023-06-26,37.838866512190755,38.247135127781334,37.54194581334702,37.66257095336914,13618500
2023-06-27,37.69039487677535,38.09866337011421,37.430590227976346,37.95948028564453,11749600
2023-06-28,37.96876567386616,37.98732365842577,37.467714249050985,37.69040298461914,13959600
2023-06-29,38.488381078759446,39.44409433733529,38.38631392695545,39.388423919677734,23956300
2023-06-30,39.85236466721302,40.102892176222916,39.54616319856515,39.601837158203125,20062200
2023-07-03,39.787411892852234,40.45548168391951,39.65750953179954,40.2699089050293,9249100
2023-07-05,40.11216199011251,40.47403381197869,39.68533899712027,40.34413146972656,15722200
2023-07-06,40.10288184016745,40.186390988313896,39.19356197122455,39.79668045043945,14978600
2023-07-07,39.51832256492978,40.29774019502203,39.51832256492978,39.685340881347656,13506500
2023-07-10,39.62966355629392,39.88947177059359,39.23067578320789,39.267791748046875,16675800
2023-07-11,39.29562210284072,39.83379290787647,39.035817460173966,39.65749740600586,15401100
2023-07-12,40.186392300660096,40.687443666328235,39.90802610469942,40.13999557495117,13998300
2023-07-13,40.334859774170575,40.60394171731362,40.17711866584301,40.55754852294922,18034800
2023-07-14,41.52253898395419,42.04215191922892,40.17711522516275,40.418365478515625,30897600
2023-07-17,40.418371082104095,41.8751394077154,40.40909031899501,41.513267517089844,25173900
2023-07-18,41.54109290974473,42.40401961710192,41.38335183033599,42.31122970581055,24183200
2023-07-19,42.617435684201,43.21127702199861,42.25556384020393,42.92363357543945,18932700
2023-07-20,43.02569539593265,43.83295168297828,42.877235079850664,43.73088455200195,18927200
2023-07-21,43.77727574266007,43.8051109445407,42.63598645110578,42.645263671875,16215400
2023-07-24,42.65454792820257,43.45252348353067,42.64526716709972,43.07209014892578,12053200
2023-07-25,43.04425895755743,43.276228452728205,42.153496945599315,42.19989013671875,13537400
2023-07-26,43.12776843481847,43.45252785419191,42.784454570519564,43.09065246582031,19520900
2023-07-27,43.2020033927079,43.768006031413044,42.292683326131765,42.46897888183594,19509600
2023-07-28,42.72878103038347,42.89579935291731,42.28340001681781,42.81229019165039,12616400
2023-07-31,42.99786318882692,43.31334182492999,42.55248220954731,42.83084487915039,11696600
2023-08-01,42.69166223314003,42.830845339223316,42.06998571566776,42.413299560546875,12699200
2023-08-02,41.847293853759766,41.912245026666426,41.3462424541332,41.847293853759766,13911700
2023-08-03,41.80988989228407,42.445782052165434,41.62286215692061,42.221351623535156,12145400
2023-08-04,42.17459111493416,42.73567430906019,41.80988900074374,41.9408073425293,10840800
2023-08-07,42.24939934359227,42.51123600057159,42.00626224731983,42.137184143066406,10860300
2023-08-08,41.12724291711333,41.660269660080964,40.566163261544496,41.594810485839844,14520000
2023-08-09,41.35167320914398,41.37972611922796,40.74383399743891,40.88410568237305,11973800
2023-08-10,41.14594523956859,41.510647365249035,40.7905928954857,40.83734893798828,11982200
2023-08-11,40.687728447363924,41.005674538244655,40.56616344736355,40.89345932006836,7316000
2023-08-14,40.70642806911536,41.0617803911737,40.46329452281681,40.902809143066406,10677000
2023-08-15,40.332372217534406,40.45393719509678,39.76193931560224,39.958316802978516,13835900
2023-08-16,39.892857638316116,39.95831680077126,39.406587026323045,39.48139953613281,10076700
2023-08-17,39.715187072753906,39.9770237475901,39.51880599936961,39.715187072753906,12686000
2023-08-18,39.36918868145234,40.01443422280512,39.32243263705545,39.74324417114258,10797300
2023-08-21,39.88350817229096,40.08923544137426,39.38788420904035,39.73388671875,12600400
2023-08-22,39.70583037834219,39.808695796861016,38.742642490860185,38.808101654052734,13634500
2023-08-23,38.86421274293587,38.9390216896152,38.54626669322042,38.91096878051758,11927400
2023-08-24,38.7613483926736,39.44399654857939,38.70523900566844,38.742645263671875,10363300
2023-08-25,38.939023519935944,39.088644987584544,38.125457012550214,38.55561828613281,12534700
2023-08-28,38.72394513043264,39.34113416620796,38.61172991499823,39.16345977783203,10314500
2023-08-29,39.15410055186069,39.62166804112141,38.948373282320624,39.27566909790039,14404800
2023-08-30,39.33178306369814,39.397242234441286,38.78005321939357,38.84551239013672,12536300
2023-08-31,38.976430782041405,39.00448369317983,38.44340406686784,38.61172866821289,21534900
2023-09-01,38.85486386342671,39.26632560288123,38.817457602156765,38.94837951660156,12890300
2023-09-05,38.94837782052088,39.5375103572092,38.63043174808677,38.84551239013672,14337200
2023-09-06,38.53691586693477,38.71459381553108,37.96648289624455,38.3592414855957,18775400
2023-09-07,38.08805402066997,38.35924406881115,37.685945623014426,37.80751419067383,13801000
2023-09-08,37.8262182113004,38.452757060785835,37.714002990114174,38.34054183959961,13921200
2023-09-11,38.695895450695346,39.01384156036568,38.53692061223134,38.649139404296875,15053800
2023-09-12,38.72394734881899,40.182759502067086,38.593028995436,39.7806510925293,18393900
2023-09-13,39.93962562224517,40.098600469523774,39.3878956827333,39.509464263916016,15274200
2023-09-14,40.033134122784276,40.575510615074506,39.930268693059254,40.257564544677734,20764500
2023-09-15,39.902210816532204,40.50070024420798,39.84610499665365,40.1640510559082,47371800
2023-09-18,40.20146068206438,40.77189011307705,39.99572981258798,40.612918853759766,15849700
2023-09-19,40.72513095185365,40.90280889543571,40.1172953061586,40.41653823852539,15318100
2023-09-20,40.584868922006564,40.884111899262656,40.042488796193844,40.0892448425293,16788100
2023-09-21,39.97702521486066,40.36978024153018,39.54686392833958,39.57491683959961,14990500
2023-09-22,39.58426899756701,39.64037481839951,38.480809335937096,38.55561828613281,16780300
2023-09-25,38.22832370054815,38.920321673512,38.12545826928824,38.86421585083008,10624000
2023-09-26,38.38729654220003,38.63043367473556,37.74205458386948,38.01324462890625,15219400
2023-09-27,37.99454078072773,38.52756751173111,37.83556595595517,38.20962142944336,11815500
2023-09-28,38.19091899985511,38.52756821872059,38.078703782652426,38.256378173828125,12454600
2023-09-29,38.52756751173111,38.705241899646445,37.94778473835605,38.20962142944336,13124500
2023-10-02,38.06000024732842,38.116106071704635,36.88172799382435,37.04070281982422,15102000
2023-10-03,36.825623166416776,36.909785472517,35.97465032351789,36.16167449951172,19252900
2023-10-04,36.01205012077676,36.5731333053851,35.899834910757974,36.44221496582031,14343500
2023-10-05,36.24583490568856,36.86302392898604,36.09621343238182,36.75080871582031,11820600
2023-10-06,36.36740544077516,37.302540591496076,36.24583687234934,37.11551284790039,13976800
2023-10-09,36.57313659969218,37.218378574491545,36.563783250448076,37.1248664855957,12096600
2023-10-10,37.33059170402028,37.76075656372051,37.14356753670238,37.23707962036133,14429700
2023-10-11,37.414755810750485,37.60178355434616,36.70405466579589,37.11551284790039,14835900
2023-10-12,37.11550617465307,37.41474908370026,36.76950722992792,37.16226577758789,14878100
2023-10-13,38.181569917041955,38.93902710609743,37.844920692013964,38.30313491821289,28077900
2023-10-16,38.78005490814424,39.43464664408114,38.71459573455055,38.94837951660156,18419000
2023-10-17,38.742653410992574,39.621679255384024,38.742653410992574,39.25697708129883,16982300
2023-10-18,38.99513357110344,39.219563992764,38.667834152567366,38.836158752441406,16053200
2023-10-19,38.789397500061334,39.48139893626033,38.49015459988251,38.50885772705078,16120300
2023-10-20,38.38729843355111,38.42470469690073,37.34929781277349,37.657894134521484,17498900
2023-10-23,37.64854033772633,37.76075912644186,36.86302665300552,36.91913604736328,13785800
2023-10-24,37.050055176665694,37.246436277404285,36.69470637339283,36.73210906982422,15097800
2023-10-25,36.53572779305968,36.66664613530035,36.07751359521734,36.498321533203125,13849000
2023-10-26,36.488973603967395,37.38670248254782,36.45156734221218,37.07810974121094,15480300
2023-10-27,36.82562067212032,36.8536735831678,36.11491600935471,36.24583435058594,13582800
2023-10-30,36.563779207979636,37.02199695432706,36.18037397828369,36.87237548828125,14141900
2023-10-31,37.06875431571059,37.227729135636444,36.6947024208836,37.19032287597656,11919200
2023-11-01,37.36799868621013,37.386701816754666,36.73210651672545,37.04070281982422,19850300
2023-11-02,37.49356553833947,38.248342150279164,37.16334829626294,38.220035552978516,19998500
2023-11-03,38.84273280186937,39.493730656039716,38.748387060221745,39.267295837402344,16147500
2023-11-06,39.42768726557812,39.42768726557812,38.82386589126837,39.00312423706055,15148600
2023-11-07,38.85216297025914,38.87103283521191,38.43703673847426,38.72007751464844,13796900
2023-11-08,38.748379998858994,38.861595588016016,38.14455872460998,38.66346740722656,19418700
2023-11-09,38.96538295279349,39.04086242111206,37.99360819207635,38.11626052856445,14006500
2023-11-10,38.33326259073996,38.635173297315845,38.0785247572429,38.57856369018555,14706600
2023-11-13,38.43703666280046,38.73894730333301,38.23890488071575,38.46533966064453,12159700
2023-11-14,39.1540785892873,39.98433475747141,39.11633885458366,39.7012939453125,20183800
2023-11-15,39.69185744470434,40.5975894885442,39.69185744470434,40.418331146240234,17268100
2023-11-16,40.399462177892765,40.53154765400999,39.61638245560098,40.1258544921875,16931200
2023-11-17,40.408895000912025,40.55985033030335,40.040938011402915,40.53154373168945,13893800
2023-11-20,40.43719751603258,40.52211011273914,40.10698026259201,40.37115478515625,10369100
2023-11-21,40.22963044620116,40.31454303838079,39.767331354713335,40.191890716552734,16078400
2023-11-22,40.248505434519814,40.40889750641366,40.00320435869644,40.36172103881836,11862200
2023-11-24,40.380589331755935,40.673066863772,40.314546598568285,40.493804931640625,5287200
2023-11-27,40.2296373586631,40.597590788312196,40.11642174932322,40.588157653808594,15715000
2023-11-28,40.540982748005085,40.99384876168995,40.37115754299087,40.91836929321289,15332900
2023-11-29,41.220278440680254,41.64484143747429,41.1636724404804,41.30519104003906,16746000
2023-11-30,41.33350155201347,42.220363763336145,41.02215412520462,42.06940841674805,23247500
2023-12-01,41.99392505915933,42.68266258825452,41.871276325755765,42.47509765625,18116100
2023-12-04,42.18262327008783,42.767578376798454,42.00336492393674,42.5694465637207,13424000
2023-12-05,42.40906335638415,42.42793322659682,41.89958765782118,41.975067138671875,14531700
2023-12-06,42.26753790378361,42.69210095352001,41.91845432913789,41.9844970703125,18923800
2023-12-07,42.25809983046178,42.871354298138364,42.12601436354864,42.8336181640625,18787800
2023-12-08,42.795878193737245,43.72048005606379,42.56944339524182,43.49404525756836,20238400
2023-12-11,43.30535062374269,43.6072612669491,42.994003248465525,43.399696350097656,21116900
2023-12-12,43.343097102017964,44.11674375980711,43.220448348288684,43.8431396484375,19787100
2023-12-13,43.871434593794234,45.079077233064325,43.72991239741648,45.06020736694336,26549100
2023-12-14,45.70176848074283,47.692494370964944,45.70176848074283,47.654754638671875,41115400
2023-12-15,47.26793265278212,47.900060589001654,47.098107451950554,47.466064453125,44099200
2023-12-18,47.560409890673334,47.626452624022654,46.73015375834884,46.852806091308594,20531700
2023-12-19,46.86223914701271,47.47549721173124,46.522592347092804,47.25849914550781,20556400
2023-12-20,47.01320613122772,47.71137331621032,46.50373044549902,46.5509033203125,20481500
2023-12-21,46.81506681325981,47.01319861429258,46.3527676753212,46.65467834472656,11127700
2023-12-22,46.852802642395524,47.04149769481444,46.31502408238982,46.39993667602539,10450400
2023-12-26,46.38107257597215,46.8622416003431,46.258420236795544,46.83393859863281,8856600
2023-12-27,46.61693781110634,46.76789314321787,46.37163674607223,46.54146194458008,12536700
2023-12-28,46.362199059718996,46.84337164528032,46.31502619422801,46.682979583740234,9872600
2023-12-29,46.56032802326208,46.77732968641097,46.428242558082054,46.437679290771484,11733600
2024-01-02,46.27728741409064,46.94715147539437,46.0602893491215,46.54146194458008,14916000
2024-01-03,46.315026843708544,46.315026843708544,45.5885531879713,45.92820358276367,21653600
2024-01-04,46.06029323167234,47.04150477263586,46.01312036123471,46.49428939819336,15917500
2024-01-05,46.60750803357882,47.61702256459197,46.50372556045535,47.09811019897461,15074800
2024-01-08,46.58863816582371,47.16415653564713,46.37164008522885,47.09811019897461,15119700
2024-01-09,46.645237920447585,46.66410778567449,46.277284546169916,46.503719329833984,13625200
2024-01-10,46.23011212162759,46.343327715005316,45.862158743855886,46.30559158325195,11849800
2024-01-11,46.12633819539793,46.30560015039218,45.607429397431424,46.267860412597656,21049200
2024-01-12,45.239466860189715,46.022546467230015,44.343168062518544,44.720558166503906,30454100
2024-01-16,44.12617460500135,44.39978227891459,43.60726585730809,44.17334747314453,25209900
2024-01-17,43.626140246652035,44.399786881385445,43.59783364358456,44.031829833984375,17445600
2024-01-18,43.91861325786688,43.98465599847999,43.512920080352394,43.8148307800293,17901300
2024-01-19,43.99408946590677,45.45646998371372,43.758221524355356,45.39986038208008,25606900
2024-01-22,45.50364132833517,46.164072262373715,45.43759859483722,45.78668212890625,19372200
2024-01-23,45.89990111743235,46.43767971576356,45.66403318486396,46.34333038330078,16422100
2024-01-24,46.57919794671735,47.25849873882958,46.46598234771832,46.69241714477539,17776000
2024-01-25,46.87167633111401,47.11697739992796,46.70185112998932,47.06037139892578,17979600
2024-01-26,47.02263219108873,47.64532340248559,46.95658945647536,47.47549819946289,19211100
2024-01-29,47.32454490848498,47.80571393847044,47.16415643150958,47.50380325317383,16725200
2024-01-30,47.76797239951827,48.37179370181897,47.75853566719922,48.29631423950195,14736800
2024-01-31,48.12649013636208,48.53218325784056,47.32454062593751,47.34341049194336,20394400
2024-02-01,47.333909256557995,47.47642548814751,45.49071938267226,46.298301696777344,27566100
2024-02-02,46.07977943507251,47.0963845883322,45.66173738001097,46.706844329833984,19329000
2024-02-05,46.184293075366455,46.47882131891667,45.832757611610475,46.26980209350586,14202700
2024-02-06,46.09878270205305,46.66884038999864,45.61423040539475,45.8802604675293,13926600
2024-02-07,46.03228158573353,46.17479421255706,45.08218290955467,46.06078338623047,15839600
2024-02-08,45.775748474790184,46.079779721147595,45.66173766349074,45.93726348876953,10839200
2024-02-09,45.813751150759465,45.86125535122465,45.10117727076717,45.66173553466797,16594000
2024-02-12,45.60473184673463,46.830359884956856,45.49072103193256,46.47882080078125,14101900
2024-02-13,45.98477166681961,46.27929990028636,45.21519052991238,45.83275604248047,13660100
2024-02-14,46.17478678857725,46.28880122091143,45.566724313481245,46.108280181884766,12683400
2024-02-15,46.29830291912478,49.83267076220979,46.19379149644497,49.44313049316406,46473600
2024-02-16,49.34812002333479,49.7091585064722,48.75905990562321,49.319618225097656,24359700
2024-02-20,48.9300764965797,49.633151035122964,48.711554259768015,49.18660354614258,19839100
2024-02-21,49.063091221382564,50.05119463718291,48.57854252913081,50.03219223022461,18562500
2024-02-22,50.19370614959969,51.21981065833226,50.11769652892562,50.706756591796875,20467900
2024-02-23,50.85877560577341,51.324325502651675,50.754264182535124,51.17230987548828,20863500
2024-02-26,51.06779456167804,51.83737565425298,51.00128795638198,51.4288330078125,18099900
2024-02-27,51.57135067465229,52.15091139859599,51.53334948527746,52.07490539550781,19548200
2024-02-28,52.008397548006755,52.654461244091145,51.84687890573183,51.98939514160156,20045200
2024-02-29,52.29342552167889,52.9204904252194,52.1984134912404,52.81597900390625,28335600
2024-03-01,52.635465011306046,52.967998078656336,52.16041570118357,52.31243133544922,17761000
2024-03-04,52.13190281640306,53.73757157437488,51.99888960850109,53.02499771118164,19483500
2024-03-05,52.92999039881525,54.25062682957327,52.663963959335476,53.775577545166016,21786100
2024-03-06,53.98459857570319,54.526154451779014,53.462045105285604,54.260128021240234,25418600
2024-03-07,54.20312096236892,54.8016840571654,54.032102935284215,54.155616760253906,18116300
2024-03-08,54.35513922921122,54.66867350223903,54.04160858052188,54.22212600708008,17872500
2024-03-11,53.946598949353806,54.48815487748018,53.69957490073106,54.24113082885742,16622000
2024-03-12,54.3931438316326,55.21022919222901,54.25062759456542,54.73517990112305,23622800
2024-03-13,54.74467196692879,55.52375241014783,54.74467196692879,54.9346923828125,17444900
2024-03-14,54.98220567821364,55.22923334703777,54.269631718998646,54.50715637207031,24851100
2024-03-15,54.0226053396362,55.39074597743554,54.0226053396362,54.640167236328125,40782800
2024-03-18,54.72567694335592,54.944202806912855,54.2601306672109,54.8871955871582,16376500
2024-03-19,54.773181457348635,55.04870727530964,54.079606344157206,54.16511535644531,14504800
2024-03-20,53.7945835796266,54.640170783007804,53.47154989946919,54.440650939941406,22841600
2024-03-21,54.71617938497504,55.2197304911565,54.58316615876399,54.96320343017578,18141700
2024-03-22,54.925196306700485,55.12471612446366,54.269626013566906,54.27912902832031,13736600
2024-03-25,54.23163415375663,54.469158822704046,53.55706133944847,53.89909744262695,15028200
2024-03-26,54.288633691189744,54.298136706866075,53.76608018348664,53.85158920288086,11445900
2024-03-27,53.566559079922996,54.76368169880109,53.566559079922996,54.73517990112305,13762800
2024-03-28,54.78268203742824,55.18172531155015,54.687673632528806,55.067710876464844,14619000
2024-04-01,54.99170695324088,54.99170695324088,54.402643222745795,54.73517990112305,11039500
2024-04-02,54.49766219634945,55.105724786513306,54.33614353214654,54.4881591796875,14632900
2024-04-03,54.34563563424137,55.06770890895781,54.01309898029788,54.27912902832031,13226500
2024-04-04,54.849192012921065,55.10571907110373,53.71857597812064,53.85158920288086,12361900
2024-04-05,53.8040834505534,54.744679012507504,53.747076231150125,54.53565979003906,11081000
2024-04-08,54.516656330023324,55.086714015685764,54.450149720840656,54.90619659423828,15308800
2024-04-09,54.82069494012269,55.096224429070155,54.03211129058455,54.70668411254883,10643800
2024-04-10,53.956101121615305,54.44064981971149,53.60456202515446,54.09861373901367,16475200
2024-04-11,54.13662109441299,54.1556235024924,52.85398935593156,53.86109161376953,18995600
2024-04-12,53.177016010964394,54.15561633941469,52.5784529208193,53.65206527709961,27876700
2024-04-15,54.73517580955268,55.0867112438783,53.90859111963203,54.127113342285156,19407500
2024-04-16,54.060604472157536,54.11760806086494,52.88248077291798,53.595054626464844,25620000
2024-04-17,54.04161221270583,54.754186200019795,53.82308995818352,54.32664108276367,18867700
2024-04-18,54.754185854491375,56.17933382012585,54.36464555552483,55.80879592895508,24468500
2024-04-19,56.05581594385473,57.81349685846057,55.92280272320414,57.33844757080078,34334300
2024-04-22,57.38595170083727,58.42155922617009,57.328944485230046,58.05101776123047,21753400
2024-04-23,58.11753195644555,58.67809029793235,57.77549949115314,57.899009704589844,21731200
2024-04-24,57.57596969604492,57.90850635746345,57.05341622734527,57.57596969604492,19731600
2024-04-25,57.585474663440664,57.918007711795404,56.62587308217971,56.93940734863281,24002500
2024-04-26,56.79688870370597,57.414454195115255,56.416851468047994,56.92040252685547,18785900
2024-04-29,56.8728946638025,57.29093668341301,56.397845431561365,56.815887451171875,15338400
2024-04-30,56.625878300356824,56.99641981967613,56.34084942916706,56.3598518371582,18007700
2024-05-01,56.60687294000648,57.14842881964963,56.369348304221305,56.54986572265625,16365400
2024-05-02,57.1199243260214,57.1484297473284,56.3598462040383,56.844398498535156,15329500
2024-05-03,57.03441113911683,57.252933356682476,56.16982165903615,56.94890213012695,17298500
2024-05-06,57.452461950130974,57.84200222063686,56.85389883348198,57.186431884765625,16240100
2024-05-07,57.27194353887429,57.5854778225276,57.06292430744402,57.2529411315918,16268200
2024-05-08,57.148425546137,58.364550451908144,57.1009177222306,58.174530029296875,18718400
2024-05-09,58.04075886985445,58.64275948993783,57.792311045067024,58.556758880615234,14224300
2024-05-10,58.728760851854354,59.21609885931913,58.728760851854354,59.139652252197266,14428200
2024-05-13,59.20653275399458,59.40719960126468,58.48986231788052,58.53763961791992,15203500
2024-05-14,58.82431911075669,59.2352105110996,58.30831544820864,59.139652252197266,14499600
2024-05-15,59.43587845238401,59.77032325159977,59.120541660116366,59.56965637207031,17489600
2024-05-16,59.67476735372081,59.70343300870186,58.26053793358318,58.34653854370117,21104100
2024-05-17,58.680987152525546,58.89121168985982,58.184095111210496,58.36565399169922,15795800
2024-05-20,58.27009261039703,59.044098110405685,57.89742451063634,58.00253677368164,15029000
2024-05-21,58.11720150066066,58.95809593757402,58.0789781978067,58.728759765625,18422100
2024-05-22,58.57586936064581,58.719204921708396,57.82097554337569,58.222312927246094,10340500
2024-05-23,58.05031220049865,58.078977854882474,56.72208341815141,57.027862548828125,13056100
2024-05-24,57.37186581643673,57.70631060636077,57.2094186004916,57.53430938720703,9913000
2024-05-28,57.304976377657596,57.505643249928404,56.559636552519905,56.83675003051758,11276300
2024-05-29,56.25385693625765,56.3207458931061,55.82385389567848,56.139190673828125,12835000
2024-05-30,56.2060787149489,56.750748009083665,55.99585419960752,56.5787467956543,13580800
2024-05-31,56.63608980727529,57.32409475888903,56.34942229249464,57.2572021484375,25386600
2024-06-03,57.52475520209535,57.52475520209535,55.99585588613836,56.702972412109375,13206500
2024-06-04,56.2060816718672,56.83675160589526,55.74741296031725,56.09141540527344,12520700
2024-06-05,56.2443088209068,56.30164013553567,55.546749879912845,56.07230758666992,11199100
2024-06-06,56.16785441265951,56.378078924256684,54.94473793465694,55.16451644897461,18587400
2024-06-07,55.01162764742198,56.07230057757246,55.01162764742198,55.76652145385742,14466700
2024-06-10,55.32697093957018,55.54674948281834,54.82052124452649,55.35563659667969,12787500
2024-06-11,55.18362931012206,55.18362931012206,53.99873246218369,54.591182708740234,19197800
2024-06-12,55.690076832453705,55.852524048119875,54.61984986135971,54.75362777709961,16929800
2024-06-13,54.8969653670514,55.059408943537356,54.1707371616996,54.7249641418457,15963700
2024-06-14,54.457402412778684,55.04984898822595,54.10384235187305,54.84918212890625,15375400
2024-06-17,54.667625492077576,55.66140947164938,54.53384758043804,55.65185546875,18361100
2024-06-18,55.6231901856781,56.42586135864258,55.32696868713911,56.42586135864258,15547400
2024-06-20,56.12963812973322,56.5691951847839,55.98630256408959,56.33985900878906,11985500
2024-06-21,55.709190728459106,55.862080301917956,54.77274163537677,55.5180778503418,62732600
2024-06-24,55.89074214905462,56.817633469768744,55.680517646644965,56.387630462646484,16198300
2024-06-25,56.15829953129031,56.37807804216934,54.6389579602791,54.6580696105957,26726900
2024-06-26,54.67718725135533,55.23141059055923,54.304519142288484,54.47651672363281,30425700
2024-06-27,53.90317905701028,54.916074713449525,53.826736096336916,54.86829376220703,13832200
2024-06-28,55.50851953711002,56.808082633200286,55.50851953711002,56.75074768066406,31074500
2024-07-01,56.96096999167283,57.916530625936296,56.922746691460404,57.89741897583008,14470200
2024-07-02,57.801867501973106,58.46120306307251,57.46741907475695,58.260536193847656,9543700
2024-07-03,58.289200463725315,58.42297837336494,57.486529360712936,57.96430969238281,6698800
2024-07-05,57.81141821066893,57.96430776591496,56.483189515998845,56.970523834228516,11436300
2024-07-08,57.30497142623213,57.725416785876966,56.0531857044261,56.387630462646484,12480000
2024-07-09,56.454527245118314,57.7349750687682,56.3016340355395,57.21897506713867,12233800
2024-07-10,56.89408840208527,57.324091472189465,56.74119882662323,57.06608963012695,12097200
2024-07-11,56.760305791777775,58.0120879483804,56.64563588576975,57.48653030395508,16852800
2024-07-12,53.7025101979716,54.390511399281905,53.12917161084256,54.027400970458984,53042800
2024-07-15,54.51473490874209,55.65185442673632,54.5051809060216,55.16451644897461,27277300
2024-07-16,55.46074629225022,57.926091108973466,54.97340827295641,57.56298065185547,25577300
2024-07-17,57.48653077876202,58.289201901574295,57.22852895587506,58.20320129394531,17371100
2024-07-18,57.92608531192355,58.11719817006626,56.368524084220724,56.60741424560547,17739000
2024-07-19,56.66475120389847,57.11386591855814,56.48319597539826,56.597862243652344,12362800
2024-07-22,56.62652615852768,56.75075007166925,55.93852492497975,56.51185989379883,13638600
2024-07-23,56.56919188532999,57.24763908009905,56.416302325309154,57.01830291748047,10927800
2024-07-24,57.11386354497843,57.534308941220196,56.731637806449704,56.798526763916016,10777100
2024-07-25,56.91319246239532,58.03119665034847,56.808080209816914,57.04697036743164,14119600
2024-07-26,57.19029905657015,57.76363758968616,56.922743261553926,57.706302642822266,12538900
2024-07-29,58.04075253397726,58.12675313391182,56.71252023606039,56.941856384277344,8986200
2024-07-30,57.773199919423675,58.031201749739985,57.228530603814185,57.343196868896484,11503900
2024-07-31,57.161641113344025,57.44830859596883,56.56919449656279,56.702972412109375,11535800
2024-08-01,56.62652681712613,56.702973424617696,54.00829247851267,54.352294921875,17752700
2024-08-02,52.72783627882162,53.10050434428907,50.45360094049326,50.893157958984375,27642600
2024-08-05,49.02026209863508,50.07138103253205,47.921369505002666,49.8038215637207,28594000
2024-08-06,49.956714554089025,50.60649615193812,49.736936020283444,50.03316116333008,18723500
2024-08-07,50.78805324136245,51.11294402886877,49.832492530482064,49.966270446777344,18407500
2024-08-08,50.61605290838663,50.950497704983,50.310273767162826,50.415382385253906,16176000
2024-08-09,50.3576068717114,50.86792546939182,50.13614938227413,50.80052185058594,11669000
2024-08-12,50.944955947790596,51.48415922458683,49.76063780990088,50.12652587890625,18090100
2024-08-13,50.4153796493314,50.993094517727606,49.885807074464616,50.906436920166016,12268600
2024-08-14,51.06049580020942,51.782641241123656,50.762011368698715,51.66709899902344,13217200
2024-08-15,52.47590068309435,53.12101549724902,52.4085007375266,52.54330062866211,16549400
2024-08-16,52.745505337540635,53.371366230506055,52.58182078976248,53.275081634521484,19173900
2024-08-19,53.29432869462609,54.3631044671669,53.20767110028436,54.353477478027344,12792900
2024-08-20,53.94907886846096,54.61345504090184,53.84316361354883,54.06462478637695,12533500
2024-08-21,54.34384857260516,54.353479235077465,53.14990353754706,53.400245666503906,13691700
2024-08-22,53.6313373892784,54.276452243079504,53.59282208286651,53.88167953491211,15683000
2024-08-23,54.324592856073615,55.26819946881374,54.22830826604952,54.59419631958008,17074400
2024-08-26,54.902314183733814,55.02748709549432,54.44014151687409,54.61345672607422,9478800
2024-08-27,54.60382789348427,54.80602775332299,54.074255257849636,54.17053985595703,7638500
2024-08-28,53.977967112066516,55.22968517030399,53.94907879611539,54.95045471191406,11905200
2024-08-29,55.18154299348313,55.624457993457646,54.411251565500976,55.220054626464844,9283300
2024-08-30,55.31633988773762,56.40437334861256,55.24893994240233,56.298458099365234,20377300
2024-09-03,56.44288647196648,56.76063222811029,55.74962934832647,56.202171325683594,15933600
2024-09-04,56.31772119964502,56.808778516454225,55.57631805621003,55.96146011352539,10985800
2024-09-05,56.44289372965263,56.500666694477026,54.440145365027654,54.748260498046875,18301000
2024-09-06,54.574943214667854,54.67122781271529,51.69598818757718,51.994476318359375,21853800
2024-09-09,52.697360933355775,53.03436435187632,52.408503483925124,52.56256103515625,17134800
2024-09-10,53.920194554507354,54.016479147003125,51.39750076629614,51.94633102416992,24650000
2024-09-11,51.724866266924856,51.85966614671759,50.48277536365534,51.734493255615234,17322000
2024-09-12,51.73449903278402,52.321844580059214,48.35485997978739,49.654720306396484,42594200
2024-09-13,49.933952251319404,51.07012807472324,49.828036995625894,50.81978225708008,24762000
2024-09-16,50.84867149288759,51.92707437641026,50.84867149288759,51.792274475097656,18066200
2024-09-17,51.965588909242875,53.024734123511344,51.965588909242875,52.485530853271484,15885200
2024-09-18,52.43738868576252,53.14027650030876,52.090758273543166,52.244815826416016,20109000
2024-09-19,52.966958437905205,53.929819009692785,52.620331717399814,53.72761917114258,21399000
2024-09-20,53.2943371684218,54.19942855834961,52.841795146479896,54.19942855834961,45276000
2024-09-23,54.17053904919342,54.42088487737941,52.86105163853398,53.06325149536133,14759300
2024-09-24,53.072870449007546,53.14027039107697,51.7922678766671,52.14852523803711,16365600
2024-09-25,52.26406849818159,52.312214463195595,51.42638086384227,51.618953704833984,10555700
2024-09-26,52.0329904568958,54.988972361358776,51.33972961287101,54.295711517333984,34463400
2024-09-27,54.51716690353083,54.51716690353083,53.72762149436619,53.823909759521484,13530400
2024-09-30,53.5928259683243,54.420886751105044,53.419510749927305,54.39200210571289,16284200
2024-10-01,53.920189287222534,53.94907392754527,53.149901603437925,53.33284378051758,11069400
2024-10-02,53.27507361559902,53.73724621819853,52.88029728162676,53.246185302734375,9007200
2024-10-03,53.03436810595827,53.159537349991325,52.38924953931021,52.938079833984375,8135300
2024-10-04,53.91056734525311,55.00822785653732,53.900936682229634,54.844539642333984,14582800
2024-10-07,55.1045093202509,55.489655012845944,54.690478986268765,55.037109375,11177800
2024-10-08,56.115512239951585,56.115512239951585,55.143024690853345,55.17190933227539,12073000
2024-10-09,55.191169370285905,55.58594206988096,54.95045421997133,55.40299987792969,12415300
2024-10-10,55.57631707748245,56.22143194046137,55.220055997636756,55.605201721191406,12744000
2024-10-11,57.73311987287292,59.42775656164864,57.69460456789582,58.72486877441406,37049200
2024-10-14,58.99447215520578,60.99722038667461,58.67672637933063,59.851417541503906,30758800
2024-10-15,60.57355612237656,61.449759062485754,59.9188106646003,60.6890983581543,24693400
2024-10-16,60.89130136929958,61.70010435924168,60.77575546143541,61.51715850830078,17412600
2024-10-17,62.094879336710754,62.31634051160488,61.141649379652456,61.98896408081055,15073500
2024-10-18,62.017857274070636,62.37411100897511,61.45939634049038,61.96971130371094,19234000
2024-10-21,62.085248652208584,62.28744847692089,61.546041773599754,61.64232635498047,15603400
2024-10-22,61.642323967422655,62.78813027578854,61.62306999030934,62.402984619140625,26164900
2024-10-23,62.3644732365651,62.63408035538484,61.48827397504019,62.16227340698242,18380900
2024-10-24,62.21042408262712,63.134769379017804,61.94082428943526,62.999969482421875,18393300
2024-10-25,63.40436801151013,63.500652600738405,61.8637925457279,62.133392333984375,14855500
2024-10-28,62.58593708755512,63.30808251548845,62.40299122841153,63.173282623291016,16158900
2024-10-29,63.057740158847444,63.54880113359011,62.81702500303839,62.87480163574219,13205500
2024-10-30,62.71110576257122,63.933942790175045,62.71110576257122,62.980712890625,16021700
2024-10-31,62.682230167536076,63.30809109241133,62.22968446268713,62.508914947509766,12963200
2024-11-01,62.79777385810064,63.14440428579924,62.22005892728427,62.277828216552734,13313900
2024-11-04,62.16227791596915,62.248939189815104,60.708360027719486,61.33422088623047,12607400
2024-11-05,61.62308313991919,62.104513476949805,61.25719505532977,61.69048309326172,13447200
2024-11-06,70.57768713349581,71.51165577413194,67.35209814542608,69.77851104736328,63689100
2024-11-07,68.97933475895623,69.00821940241113,67.14989809769537,67.2269287109375,18681200
2024-11-08,67.7983033487812,67.91450767826574,67.16883614003929,67.82735443115234,14270900
2024-11-11,68.77638047486869,70.93593505929815,68.77638047486869,70.26773071289062,17117800
2024-11-12,70.48077899808031,71.05214393245352,69.83194698837181,70.30646514892578,17848200
2024-11-13,70.45173492984826,71.62350860358883,70.36458169078671,70.47109985351562,18823000
2024-11-14,70.54857622194159,71.14899230898644,70.21932079213703,70.50016021728516,13654800
2024-11-15,70.69382922142405,72.05928892129724,70.58730368221246,71.99149322509766,18837000
2024-11-18,72.14644072097113,72.34011948567891,71.39108319489097,71.7493896484375,18439600
2024-11-19,71.29425240086861,71.81719399462037,70.8197268099405,71.1102523803711,15412900
2024-11-20,71.34266165271035,71.44918719256316,70.1418370260812,71.25550842285156,14415400
2024-11-21,71.60412805893276,73.6377844654725,71.60412805893276,72.46601104736328,20068200
2024-11-22,72.21423809030377,73.67653732899053,72.19487316675121,73.5603256225586,14997400
2024-11-25,73.79272878155321,74.86766286642815,73.56999895185605,74.47061920166016,28636600
2024-11-26,75.05166535334553,75.66176010221072,73.94768015728214,74.90640258789062,19139100
2024-11-27,74.92577717182543,75.33250701675053,74.0154707098176,74.77082824707031,19793900
2024-11-29,75.23566467827406,75.57460620240057,73.73462842923671,73.76367950439453,9785000
2024-12-02,74.51904273690134,74.51904273690134,72.43697004801014,72.90180206298828,18274500
2024-12-03,73.41506181463281,73.45379904957088,71.68160934010767,71.79782104492188,15047900
2024-12-04,71.71066007430693,71.90433883973886,70.4129887031249,70.7519302368164,14301100
2024-12-05,71.08118900333508,72.25296246149965,70.79066348316795,71.33297729492188,17766700
2024-12-06,71.65254876428988,72.35949027856167,71.40076785312118,71.9818115234375,14798100
2024-12-09,71.96244171458316,72.19486510148181,70.13215002589175,70.32583618164062,15517500
2024-12-10,71.17803135792204,71.17803135792204,69.62857909175037,69.77384185791016,12277100
2024-12-11,70.29678097486102,70.61635760537872,69.19279569522877,69.33805847167969,11867400
2024-12-12,69.60920727331276,69.78352111625945,68.55364544929263,68.5633316040039,12446700
2024-12-13,68.61175011817315,68.80543627764871,67.80796918018554,68.21470642089844,16794500
2024-12-16,68.24375562418405,70.006258990981,67.61428855281986,69.7060546875,24602500
2024-12-17,68.8054366984562,69.27995486242325,68.15659729570926,68.57301330566406,15595900
2024-12-18,68.37932274890112,69.24120569728015,66.44250580631984,66.5877685546875,21201200
2024-12-19,67.20756210255112,68.45681015350863,66.50062053385548,66.67493438720703,16444600
2024-12-20,66.98482257282568,68.79574935476003,66.59745764656942,68.11785888671875,50113400
2024-12-23,67.51745153672675,68.45680909930151,67.42061215043867,68.3115463256836,11817000
2024-12-24,68.43743498881555,69.328369140625,68.31154452878967,69.328369140625,4442700
2024-12-26,69.17341963675108,69.57046328086727,68.86352921145168,69.49299621582031,6964300
2024-12-27,68.93133659722591,69.47364314456436,68.39870881796664,68.8635482788086,7219500
2024-12-30,68.18565368652344,68.56333245285525,67.56586537963982,68.18565368652344,8443800
2024-12-31,68.30186602750598,68.67954483827602,67.84671274571333,68.02102661132812,7031500
2025-01-02,68.25344988925461,68.96038411791275,67.55619442817597,67.97261047363281,8303300
2025-01-03,68.12755654146025,69.16375364578994,67.53682659158912,69.0572280883789,9152800
2025-01-06,69.65763144210693,70.93593050863902,69.27026652138208,69.75447082519531,15565600
2025-01-07,70.66477775671055,70.81971929302154,69.2509020666552,69.328369140625,13522000
2025-01-08,69.25090358346188,69.8028962100832,68.81511526452617,69.30900573730469,16544700
2025-01-10,68.66017682288648,68.68922790111873,67.14945425946313,67.74987030029297,14466600
2025-01-13,67.69176223984786,68.37933145540559,67.36249947573259,68.3018569946289,10439800
2025-01-14,69.20247658851714,69.20247658851714,68.06944031742321,68.94100952148438,21909800
2025-01-15,72.97927871671578,74.39315450292756,71.32330076050121,73.5506362915039,33482900
2025-01-16,73.45379690117716,74.02516186433716,72.33044667431751,73.5506362915039,22897900
2025-01-17,73.5796876406159,74.80956329437802,73.1148482682918,74.64493560791016,20673700
2025-01-21,75.2356605899372,75.81670422663294,74.88703293024562,75.3906021118164,21057700
2025-01-22,75.11945940283347,75.35187541231045,74.43189014136742,75.09040832519531,11669500
2025-01-23,75.25503997543909,75.8264049563529,74.5965217570347,74.98388671875,12981800
2025-01-24,74.56746700647008,75.19693411471853,74.56746700647008,74.87735748291016,10393200
2025-01-27,74.9548264186086,75.5746073257585,74.4609359684709,75.47776794433594,10637100
2025-01-28,75.40998370878111,75.68113694674838,74.73209322549133,75.41966247558594,11562000
2025-01-29,75.2937794784773,76.48492547866695,75.15820284604888,75.89419555664062,9175400
2025-01-30,76.64954028745188,76.73669351289578,75.61334340640477,76.32996368408203,11276000
2025-01-31,76.204074744187,76.78511842381285,75.83607474933935,76.31060028076172,14980600
2025-02-03,74.7902073064332,76.02976926285515,74.58683497724554,75.67145538330078,12395200
2025-02-04,77.31774097149652,77.32742712647774,75.96197480898375,76.95943450927734,14665200
2025-02-05,77.14343177588215,77.8116286784572,76.67859240209971,77.52111053466797,17931000
2025-02-06,77.95688998435328,78.92529855558747,77.38553247374321,78.84782409667969,16988900
2025-02-07,79.09113747369348,79.12033940666915,76.96958325994588,78.5072250366211,17951400
2025-02-10,78.30284775909274,78.40989922744689,76.15209926507998,76.97930908203125,18357400
2025-02-11,76.65815166974676,77.82598379920215,75.72389042109148,77.50482940673828,16682800
2025-02-12,77.07662745814605,77.58269030069022,76.71655199214028,77.12528991699219,13440500
2025-02-13,77.30045182266481,77.524288702224,76.50243663116507,76.73600006103516,10093400
2025-02-14,77.10582396529466,78.18605771218489,76.77493560308059,77.8357162475586,17521300
2025-02-18,77.84543710707935,78.7796982690867,77.35884228781421,78.6142578125,15318300
2025-02-19,78.16659864799419,78.48775304016505,77.82598372819861,78.19579315185547,13917400
2025-02-20,77.96222802505332,78.12766849328673,75.92825767641627,76.52190399169922,14807100
2025-02-21,76.79440412879771,77.31992004208657,75.2567625940462,75.42220306396484,18205400
2025-02-24,75.8796039012421,76.41485379406038,74.36143030909437,75.14971160888672,12989700
2025-02-25,75.78229284150707,75.94773332650948,72.92111243684639,73.9624252319336,15683000
2025-02-26,74.30303498922599,75.68496263481126,74.22517802824552,74.40035247802734,13466800
2025-02-27,74.92587132786383,75.83093802657672,74.33222502952268,74.5657958984375,13744400
2025-02-28,74.97453325108022,76.31753232601834,74.53659344360078,76.22021484375,24698800
2025-03-03,76.7457446357704,76.86253007925879,74.27384176829696,74.96480560302734,18013400
2025-03-04,73.44662822758966,73.62180267149137,69.42734999385819,71.33480834960938,28858200
2025-03-05,71.24721824423008,72.6291458595073,70.4978654295609,72.1717529296875,20422000
2025-03-06,71.81167576095399,71.90899325534453,69.70958224284385,70.70223999023438,19460400
2025-03-07,70.3129586898102,70.3129586898102,66.27421978528739,69.14513397216797,21256900
2025-03-10,67.68534846567178,67.68534846567178,63.763387629981,64.98960876464844,27582900
2025-03-11,65.03827150941461,66.1866356890719,64.02615329811933,65.47620391845703,24310700
2025-03-12,66.9554582194399,67.62695410255091,65.88494354737423,67.08197021484375,18462300
2025-03-13,67.76321079664666,67.85080174951545,66.47860041175264,66.62458038330078,17471500
2025-03-14,67.5977596894595,69.16459579359007,67.39339073129229,68.95049285888672,15762300
2025-03-17,68.58068988841552,69.64146326053836,68.2011464410643,68.94076538085938,11185000
2025-03-18,69.10621185994661,69.56361226770935,68.502831492814,69.20352935791016,11102100
2025-03-19,69.23271796283606,71.85060075652524,68.93103151741262,70.80928802490234,14453200
2025-03-20,69.91393725734416,71.40292358130596,69.85554825733101,70.5757064819336,12388300
2025-03-21,70.03072268221784,70.82873785673623,69.24244148265079,70.5757064819336,32647100
2025-03-24,71.66569520310718,72.53183351812815,71.37373529754667,72.28853607177734,10688900
2025-03-25,72.4734325226521,72.65834092725365,71.85059175697572,72.24959564208984,9499100
2025-03-26,72.39558455366743,73.35904032248749,71.15963684415875,71.50025177001953,10848100
2025-03-27,71.59757115205483,71.59757115205483,70.28376644623735,70.34215545654297,10457600
2025-03-28,70.33241867990593,70.60491804179749,68.07461879817194,68.79478454589844,13555200
2025-03-31,68.02595988580006,70.13777970226003,67.69507153480353,69.86528778076172,14855300
2025-04-01,68.94076244399994,69.70958328340451,68.2303380419805,69.39816284179688,10661000
2025-04-02,68.66826585395614,70.52706182603427,68.33738490543773,70.32269287109375,8854100
2025-04-03,65.96279749405709,66.87759819932559,63.656342628426515,63.909366607666016,25880300
2025-04-04,61.06765426331208,61.86566952800605,58.1091566558288,59.34510803222656,31050800
2025-04-07,59.062883976187656,62.60529774774782,56.85374282119371,60.503204345703125,41305800
2025-04-08,62.955644630113014,63.87043790737036,59.247790503590004,60.415618896484375,27374200
2025-04-09,59.014222179725444,65.38861761615252,57.83666354636366,64.55167388916016,42744800
2025-04-10,63.20866465563037,63.25732710796022,59.84143307759688,61.417999267578125,29026000
2025-04-11,59.890095873956014,61.914328548054876,58.05076790899325,60.83408737182617,33867000
2025-04-14,61.466660692745975,62.293874156980905,60.72703816156175,61.408267974853516,28057800
2025-04-15,61.73915100636262,63.666066097423034,61.60290504726096,62.809661865234375,20903300
2025-04-16,62.17709173021274,63.23787240492919,61.671032621259876,62.264678955078125,17351000
2025-04-17,62.65395469440752,63.94829886994964,62.35226824178067,62.9751091003418,18961800
2025-04-21,62.478777647608915,63.41304632155099,61.700230319121715,62.29387664794922,17859100
2025-04-22,62.97510837131922,64.62953541540953,62.97510837131922,64.45436096191406,17536600
2025-04-23,65.63192013211462,67.63668867220241,65.63192013211462,66.11851501464844,20678800
2025-04-24,65.88494247703609,67.97730190456114,65.6903074988308,67.69507598876953,18420900
2025-04-25,67.21821821594489,68.30819344911185,67.15009522792501,67.86052703857422,17775900
2025-04-28,67.93837480469762,68.66826712507417,66.82893907171317,67.56856536865234,16694100
2025-04-29,67.10142726793794,69.42735007160819,67.10142726793794,69.19378662109375,24563600
2025-04-30,67.80212314133695,69.49547852837209,67.47124221446563,69.106201171875,23953000
2025-05-01,68.86290563048806,70.52705913567807,68.54175124575448,69.88475036621094,19672500
2025-05-02,71.04285631286885,72.17176005930224,70.91634431018883,71.8214111328125,18347400
2025-05-05,71.38345373616575,72.8821665704405,71.0817673443111,71.87004852294922,16070400
2025-05-06,71.17909090381654,72.20094301338781,70.6146391209134,71.50997924804688,18095100
2025-05-07,71.62676311484834,72.30800038524481,71.0233902301768,71.21802520751953,14310300
2025-05-08,71.71435267226046,72.00630513265739,70.68276652261605,71.34453582763672,19957500
2025-05-09,71.56959644644452,71.66744783416438,70.48342887191468,70.8944091796875,11136900
2025-05-12,73.37987845886764,73.63429805746927,72.47963368299462,73.2722396850586,20425500
2025-05-13,73.82021967262276,74.93574197706417,73.36030991339848,74.35840606689453,13635100
2025-05-14,74.6030393456113,74.84767156438089,74.20184638893225,74.64218139648438,14067100
2025-05-15,74.42690501222293,74.87702740592115,73.7027957237156,73.96699523925781,15303900
2025-05-16,73.93763621827354,74.71067489206477,73.75172081663541,74.54432678222656,13864600
2025-05-19,73.97677280759932,74.76938618027417,73.81042471003845,74.42689514160156,12720500
2025-05-20,73.85935632389004,74.2409819545876,73.45815593667444,73.89849090576172,10655600
2025-05-21,73.33095579328706,73.516871201703,71.52067141412272,71.6185302734375,17711300
2025-05-22,71.56959965948526,72.30349629870524,70.92377449907468,71.8142318725586,9717000
2025-05-23,70.35621857478871,71.61852155738117,70.35621857478871,71.26625061035156,9260900
2025-05-27,72.02950604047277,72.49919568684554,71.48153229784376,72.4013442993164,11014100
2025-05-28,72.60683679203959,72.76340498959635,71.75552148096799,72.14693450927734,8711100
2025-05-29,72.81232775645388,73.46794022618302,71.75551491637647,72.9101791381836,14016600
2025-05-30,72.60683655488512,73.19395982822272,72.14693427362505,73.17438507080078,17042000
2025-06-02,72.66554692224464,73.14502391843736,71.69679808643367,73.11566925048828,11237500
2025-06-03,73.11567890507388,74.20184655610456,72.77319529114142,74.02571105957031,13193500
2025-06-04,76.03168399158044,77.10807163297277,73.7614974975586,73.7614974975586,29578000
2025-06-05,73.98656363860636,74.1333444526619,72.58726714703049,73.29180908203125,20138400
2025-06-06,74.51496560107896,75.11186873418706,74.20183670056174,74.69110107421875,10988000
2025-06-09,74.90638507561547,75.05315842794903,74.29969451216752,74.81831359863281,13453200
2025-06-10,74.52476391329618,74.71067932596796,73.51687288459475,73.83000183105469,14892900
2025-06-11,73.9180778791384,74.09421338900064,72.9689036018575,73.32117462158203,16442400
2025-06-12,72.73405025493899,72.91996565739584,71.59895322039908,72.4209213256836,14522500
2025-06-13,71.35432449456061,72.20564731202622,70.38558298888108,70.80635070800781,21168300
2025-06-16,71.82401605227463,72.13714497243785,71.36410631768875,71.57938385009766,16231500
2025-06-17,71.21732335047925,71.63809102412779,70.74763371722355,70.9433364868164,14156800
2025-06-18,71.0901170885527,73.52665165108218,71.01183299471204,73.13523864746094,23498300
2025-06-20,73.62450632924026,74.15291278793026,73.45815822157371,73.78107452392578,27677500
2025-06-23,73.51687483539787,75.3760812705312,73.2135332601607,75.35651397705078,17375700
2025-06-24,76.05125858629317,77.05914204328683,76.05125858629317,76.4328842163086,16342300
2025-06-25,76.59923761443352,77.60712114111038,76.31546335046717,77.37227630615234,13954500
2025-06-26,77.73433235763203,78.3801575009484,77.48970015103382,78.2431640625,18214800
2025-06-27,78.28230180080583,78.42908260979874,77.2646309815255,77.79303741455078,21324200
2025-06-30,78.75199781820271,79.3586808708798,78.19423672413207,78.39972686767578,21685800
2025-07-01,78.33123425856863,79.75988542587939,78.19424082235955,79.74031066894531,20967100
2025-07-02,80.16107398622977,80.63077107447235,79.50546151074238,80.59162902832031,15195100
2025-07-03,80.86562116237108,82.1474915287707,80.72862772469092,81.80500793457031,11237300
2025-07-07,81.18853756726725,81.79522065901992,79.75009900423147,80.57205963134766,18156000
2025-07-08,80.53291964058744,80.65033831338684,79.29018393919289,79.8381576538086,18303400
2025-07-09,80.66012468135266,80.74818868484954,79.7109506050053,80.03386688232422,16135400
2025-07-10,79.85773246052884,80.96346726839182,79.85773246052884,80.59162902832031,14348100
2025-07-11,79.99473132794714,80.90476343250305,79.68160240302373,80.77755737304688,12583100
2025-07-14,80.4350704458888,81.72672826077401,80.35679380982215,81.63866424560547,20194200
2025-07-15,79.01619732249468,79.33911360484021,76.05125637597034,77.16677856445312,53938000
2025-07-16,77.19613323995205,78.36058485274694,76.53073338486666,78.1942367553711,30567500
2025-07-17,77.75390293930069,78.91835468096592,77.40163194964704,77.99853515625,21837600
2025-07-18,78.13552305992913,79.03576776272666,77.18634893097818,78.90856170654297,21236000
2025-07-21,79.01619939633888,79.71095393788575,78.44865090924465,78.55628967285156,14506600
2025-07-22,78.5562969097994,80.81669622261803,78.5562969097994,80.6112060546875,22437000
2025-07-23,81.21788776786514,82.12791982099583,80.83626214547957,81.9028549194336,19379200
2025-07-24,82.03985173183952,83.0086006275999,81.33531726071698,82.0692138671875,19031200
2025-07-25,82.31384921897228,82.64654544315624,81.44295914321708,82.50955200195312,14072400
2025-07-28,82.50955328857437,82.68568878223677,80.93412122458928,81.28639221191406,10627100
2025-07-29,81.83435837207227,81.90285508736956,80.43506193192866,80.87540435791016,12478200
2025-07-30,81.20811272148416,81.30596412005549,79.56418384250291,80.02409362792969,15579100
2025-07-31,79.60331511257407,80.17086359922835,78.60521903740803,78.89877319335938,14813900
2025-08-01,77.48969930642843,77.64626003484194,75.73813183040674,76.10997009277344,16071300
2025-08-04,76.8340805181106,76.8438678967828,75.25865596868317,75.91426849365234,13892100
2025-08-05,76.65794820786707,76.667735586945,74.52476243501121,76.2861099243164,15765100
2025-08-06,76.23718805183748,77.1276454438482,75.89469697394283,75.9436264038086,14157000
2025-08-07,76.59923135478998,76.61880611102676,75.13143819147975,75.39564514160156,13105600
2025-08-08,75.89762866947956,76.95080515594587,75.1495757649658,76.62599182128906,14123000
2025-08-11,76.78348892195187,76.86222541379644,76.01575368301818,76.37008666992188,14408100
2025-08-12,76.99017045637638,78.30909841412503,76.92127134678412,78.23036193847656,14365200
2025-08-13,78.42721679279943,78.4665887865489,75.88777951675813,76.66535949707031,14415100
2025-08-14,77.04923028666434,78.32879385424509,76.48819249368145,78.16146850585938,16051500
2025-08-15,78.28942615043152,78.39769726636685,75.7992055028004,75.88778686523438,15380400
2025-08-18,75.77951330077272,76.37992310267205,75.70077681763348,76.22244262695312,11660900
2025-08-19,75.94684968579973,76.54725200611334,75.81888881456109,76.31102752685547,10118500
2025-08-20,76.25196804683404,77.2460902800282,75.38579916664892,76.93112182617188,12101900
2025-08-21,76.65551734525397,76.84253244484964,75.86809997060325,76.60630798339844,9102700
2025-08-22,77.10827804069825,78.06302819798947,76.90158071429083,77.85633087158203,11282600
2025-08-25,77.63979084722794,79.23432277922689,77.62995348100858,78.92919921875,12017000
2025-08-26,78.56502334737517,80.34656307417664,78.52565134945063,80.22845458984375,14936600
2025-08-27,79.98237905576825,81.90171687230468,79.96268930360675,81.202880859375,15567700
2025-08-28,81.57690656181111,81.82297590684372,80.63200117801875,80.6910629272461,13963200
2025-08-29,80.68121921326875,81.50800861995938,80.51389385850143,80.8879165649414,12041200
2025-09-02,80.42531016788912,80.53358128899188,79.17528110075867,80.49420928955078,13326000
2025-09-03,80.4449907048974,80.72058715996606,78.7618698367678,79.24417114257812,11174000
2025-09-04,79.48039752379863,80.83869758922785,78.95873171988973,80.54341888427734,10822300
2025-09-05,80.35640778636115,80.73043050171682,77.46262977508286,77.71854400634766,20661400
2025-09-08,77.74807069242397,78.53549562601484,77.32483110477101,77.89571380615234,17107000
2025-09-09,78.0630428136103,80.17924085081256,77.7579192045629,79.49024963378906,17157300
2025-09-10,79.39180837526821,79.96268348593475,78.6536004211639,79.03746795654297,16460200
2025-09-11,78.93903996497393,80.11033240705729,78.52564528286457,79.9725341796875,17785800
2025-09-12,79.8248968953864,80.35640760089079,79.51977329960158,80.17923736572266,10498300
2025-09-15,80.32687260161887,80.53356993746907,79.85441618436131,80.13002014160156,9563200
2025-09-16,80.27765401269174,80.32687088136205,78.8209278171044,80.1103286743164,10705900
2025-09-17,79.94300549008466,81.41942147669955,79.27369660910831,81.18319702148438,14746100
2025-09-18,81.27177846417581,82.20683891960199,80.65168645252434,82.1871566772461,13021100
2025-09-19,82.5119723656384,83.59467595285581,81.62612124539135,83.30923461914062,36482400
2025-09-22,82.56118641778043,83.93917629317419,82.42338818118512,83.8210678100586,14545000
2025-09-23,83.8112227249333,85.29748371244807,82.35448885812401,83.04348754882812,14818500
2025-09-24,83.31907780000532,84.02775868178324,82.34464534228073,82.78756713867188,9478700
2025-09-25,82.37417069179337,83.32892088649422,82.24620983511802,82.9942626953125,8514900
2025-09-26,83.35845529987985,84.29351582487934,83.2304944320054,83.67342376708984,8502600
2025-09-29,83.3682858983618,83.85058719136931,82.71866677286434,83.31907653808594,9833700
2025-09-30,83.32892549425831,83.78169218194279,81.36037076026996,82.50212860107422,11429000
2025-10-01,81.79345283255026,82.28559154695722,79.50008462114798,79.59851837158203,16961900
2025-10-02,79.43117404783938,79.77567710580091,78.78155494340398,79.23432159423828,11420000
2025-10-03,79.74615269715424,80.40562427103958,79.17527750478885,79.40165710449219,10124900
2025-10-06,79.2933876992841,80.1792388919875,78.31895514203079,79.42134857177734,12837700
2025-10-07,79.59851385534687,80.08080766545802,79.27370052000161,79.86426544189453,10371300
2025-10-08,79.9823836506286,80.05128276827165,78.28942532061042,78.4764404296875,11277400
2025-10-09,78.65360851496217,79.48039790410819,78.17130719518659,78.63391876220703,8432200
2025-10-10,78.35832229718181,79.17527431937006,76.39961242675781,76.39961242675781,16004300
2025-10-13,77.50199847313816,77.98429979411019,77.04923178137211,77.67916870117188,14229300
2025-10-14,81.22256491108035,84.70690768669124,79.12605682559801,83.2304916381836,36260600
2025-10-15,83.83090532269404,86.09474637258288,83.8210679553778,85.10062408447266,22909400
2025-10-16,85.62227770939768,86.05536211169758,81.69501350039528,82.67929077148438,22715600
2025-10-17,83.12222193675886,83.2009659296136,81.0158689392578,81.97061920166016,18799000
2025-10-20,82.30526683859941,84.78564221921889,81.78359358506322,84.66752624511719,15777200
2025-10-21,84.76596299220276,85.9372478619063,83.32891904868093,83.4273452758789,20101100
2025-10-22,83.81121653485187,83.82106141084013,81.83281698985681,82.5611801147461,18955000
2025-10-23,82.98442932947927,84.13603965208586,82.43323636101182,83.13207244873047,14157800
2025-10-24,83.46672726099413,85.51401856390191,83.4273552635135,85.0514144897461,14011400
2025-10-27,85.53371191196486,85.96678888357069,84.95298431152106,85.64198303222656,11682000
2025-10-28,85.69118714247871,85.92741912279898,84.43131328519941,85.53370666503906,13201000
2025-10-29,85.45495714356942,85.86835181822684,84.3230367167731,84.6478500366211,16444400
2025-10-30,84.72659698502025,85.88804457066331,84.52973700727718,84.63800811767578,14830000
2025-10-31,84.13603648574735,85.97663044022916,83.67342490057577,85.60260772705078,14776700
2025-11-03,85.76993357845913,86.50814164174133,84.50021480848086,85.92742156982422,12769300
2025-11-04,85.63213270260869,87.10854878368814,84.52973932533743,85.76008605957031,16737700
2025-11-05,86.00615583884736,86.91169674697052,84.55927438004474,85.58291625976562,15609400
2025-11-06,85.53370447601294,85.96678140996883,84.17539690697582,84.68722534179688,16800200
2025-11-07,84.21228586558895,85.18194489229253,83.15357220643676,85.13247680664062,15612100
2025-11-10,85.37984712350305,86.08235741029104,84.54870319548118,85.19184875488281,13138200
2025-11-11,85.20174104942295,86.14171774676538,85.14237632506261,85.28089904785156,13851500
2025-11-12,85.39963441155327,87.70506032024056,85.03354185407844,85.35016632080078,16775200
2025-11-13,85.25121716564946,85.973513145841,83.57904029681117,83.80661010742188,15708000
2025-11-14,83.5592461475668,84.44975475327098,82.08496429135344,84.15292358398438,15397300
2025-11-17,83.79672410078747,84.15292755989844,81.66939998357547,82.54011535644531,14457100
2025-11-18,82.54011006360318,83.86598008725605,82.05528054437256,82.97547149658203,14233900
2025-11-19,83.09420663545308,83.92534293556785,82.72810657054241,83.27230834960938,10959600
2025-11-20,84.1628155178289,85.13248215436553,81.45171815894612,81.53087615966797,12135800
2025-11-21,81.89696546340942,82.74789506520943,80.19511380873153,82.23338317871094,16169500
2025-11-24,82.21358905968866,84.1924936855924,81.54076873384656,83.76703643798828,27574500
2025-11-25,83.6384050465906,84.63775402314182,82.72811070603024,84.202392578125,12966400
2025-11-26,84.51901664468836,85.4787866174742,84.23207456166521,84.65753936767578,9304300
2025-11-28,84.73669681287184,85.60741214438143,84.41017573270993,84.9444808959961,6545000
2025-12-01,84.9246942296688,85.64699019410614,84.27165207658312,84.49922943115234,9794000
2025-12-02,84.78617077320072,85.87456680330779,84.38049170303132,85.4095230102539,9484000
2025-12-03,85.35015824603653,88.44714125407054,85.35015824603653,88.40756225585938,14439300
2025-12-04,88.45703756482666,89.67405967241582,88.37787956869609,89.25849151611328,13433000
2025-12-05,89.04081577640345,90.14900513738606,88.6054618712037,88.88250732421875,11210900
2025-12-08,88.88250708945948,90.05995026166352,88.20967918437614,89.11007690429688,13267300
2025-12-09,89.28817457858291,89.29807121540745,87.84357510800486,87.9524154663086,17101700
2025-12-10,88.00189496141134,89.91153831051585,87.25980569438507,89.73343658447266,22729100
2025-12-11,89.58501530440672,92.43463531120143,89.26839085920732,91.61338806152344,15505100
2025-12-12,92.1378043976086,92.4346355695439,91.14835205997977,91.78160095214844,12532800
2025-12-15,92.59294810565002,93.26577597204223,91.51444117251279,91.92012023925781,13885200
2025-12-16,92.09822519484601,92.18727228155328,90.46562733157937,91.21761322021484,12981100
2025-12-17,91.78160069563113,92.34558822454639,91.49465861265006,91.61338806152344,14819000
2025-12-18,92.04874508787557,92.89967465894298,90.32710022151862,90.51509857177734,11844100
2025-12-19,90.64372644214845,92.14769062716263,90.63382980538094,92.02896118164062,37783900
2025-12-22,92.21695786594573,93.39440860192028,92.0685460495813,93.28556823730469,9512300
2025-12-23,93.24598678729747,93.68134823432398,93.03820270092271,93.47356414794922,8642100
2025-12-24,93.65166950512395,94.83900934444986,93.47356777433279,94.29481506347656,5506800
2025-12-26,94.3541774906932,94.46301785401918,93.72092858529976,94.25523376464844,5169400
2025-12-29,94.35417704456542,94.60154013296898,93.37462132818561,93.52303314208984,8624200
2025-12-30,93.73082229672275,93.87923410669595,92.99862213921813,93.31524658203125,6417800
2025-12-31,93.50324818208385,93.68134990914947,92.13780664052899,92.21695709228516,7919300
2026-01-02,92.3159008911439,94.34427353903334,91.83106383794514,94.19585418701172,9242600
2026-01-05,94.08701656354128,96.7288599692398,93.97818375441588,95.36341094970703,14384000
2026-01-06,94.39375816542012,95.53162990742665,94.06723706964978,95.3733139038086,12329200
2026-01-07,94.70047635163192,94.87857806312124,92.66220708041556,93.29545593261719,14589500
2026-01-08,93.26577422320099,95.1457350689503,93.19651286541179,94.59163665771484,12406000
2026-01-09,94.79942740894113,95.55141330999658,94.25523314481235,94.93795013427734,10261300
2026-01-12,93.82976320113951,94.5322734266247,92.89967562566129,93.95838928222656,15958100
2026-01-13,94.28491412925243,94.74006129854972,92.07843209549932,92.57315826416016,21998600
2026-01-14,89.79280282669708,89.8422784649034,87.1311735283552,88.30862426757812,33803900
2026-01-15,88.39767192570537,88.96166702876054,87.42801282157967,88.02168273925781,21738600
2026-01-16,88.02167620222444,88.74397970685388,87.1509608908894,87.44779205322266,26981600
2026-01-20,86.3396110407761,87.70505251660178,85.36994445144686,85.74594116210938,19353500
2026-01-21,85.58762858102924,86.63644566012425,85.12258476703883,85.21163940429688,17606700
2026-01-22,85.51836272141776,88.06125483434015,85.51836272141776,87.11138153076172,19668900
2026-01-23,86.57707552916423,86.7848596045636,85.12257945244676,86.04277038574219,15227500
2026-01-26,86.18130020091546,87.3587509407467,86.18130020091546,87.12128448486328,13047400
2026-01-27,87.22022399380214,88.1305183214289,86.5572927475254,87.7743148803711,15105000
2026-01-28,87.68526699817815,88.12062088413307,85.92403553386752,87.10148620605469,16395700
2026-01-29,87.75453090745413,89.6839599609375,87.60611154589641,89.6839599609375,21497000
2026-01-30,89.2584922798211,90.08963614845956,88.80334512155896,89.53553771972656,18306900
2026-02-02,89.2090231474404,91.82117662009328,88.9517634352925,91.29676055908203,13835200
2026-02-03,91.73212429835677,93.79018694954144,90.93067032942095,91.33634185791016,18099000
2026-02-04,91.67275563849587,92.9194676302531,91.55401864678313,92.15758514404297,12382800
2026-02-05,91.87064898294207,92.07843307010826,89.95111656148778,91.03951263427734,12641300
2026-02-06,92.22274797277483,94.11194863982624,92.03382563026247,93.4358139038086,13205700
2026-02-09,93.2170622807285,94.54944118296955,88.49406445850491,94.07217407226562,20544800
2026-02-10,93.77387823715846,94.46990353381884,89.23980266838706,91.38752746582031,20148400
2026-02-11,92.12331475622464,92.55087064188663,87.9969047129332,88.44434356689453,15461700
2026-02-12,88.80229789192731,89.45854963769573,85.34208486194922,85.79946899414062,16858200
2026-02-13,85.19293697552165,86.95287175519661,84.60628699161407,86.48554992675781,12425000
2026-02-17,87.33071598433709,88.33496899109318,86.81366777208405,86.90316009521484,12361900
2026-02-18,87.32077310146762,88.89179316374123,87.15174131383698,88.05656433105469,8250900
2026-02-19,87.34065112054601,87.65883929479293,86.10770228943365,87.07218933105469,10427300
2026-02-20,86.86338379534273,88.20570791120146,85.65031793540311,88.19576263427734,14255000
2026-02-23,87.66878364517419,88.09633955426678,83.30373981296177,84.66595458984375,20607000
2026-02-24,83.92021686875192,84.70572690381086,82.00118794412036,84.08924865722656,18817700
2026-02-25,84.70572516622696,86.42588643440466,84.48697458044161,86.26679992675781,16620700
2026-02-26,86.39606013971662,87.81793139341235,85.09350945896901,85.80941772460938,18768400
2026-02-27,84.18867304292914,84.3378218523216,79.99266134228353,80.98697662353516,29145000
2026-03-02,78.7000631584245,82.59777759341458,78.49125784076692,82.11056518554688,21834300
2026-03-03,80.53954315336479,83.01538624473334,79.39607898645171,82.06084442138672,19018600
2026-03-04,82.21993956615302,83.56226378527838,81.56368778709998,83.45288848876953,18061200
2026-03-05,83.17448080708297,83.32362962725828,80.72846594868979,81.64323425292969,20939200
2026-03-06,79.80375071077027,80.11198603631851,77.49693944280449,79.96283721923828,16798900
2026-03-09,78.97846941315268,79.33642354992882,76.4230792392934,78.38188171386719,24959500
